QUEST_UNUSED_20150317_000001	Ah ha, vous êtes en route pour voir le Maître Pardonneur. Je vous souhaite bonne chance.	아하, 파드너 마스터에게로 가는 길이로군. 무운을 빕지요.				
QUEST_UNUSED_20150317_000002	Notez le long chemin Hashipusho.	먼 길 조심하십쇼.				
QUEST_UNUSED_20150317_000003	Alors. Korezo. Le Pardonneur ne vous permet pas d'introduire. Le son tombe que l'argent était Comme cette donation fut achetée {nl} les indulgences mènent à notre salut. {nl} la richesse aussi, qu'il soit noté que c'est une grande bénédiction de la déesse.	그래. 이거야. 파드너로 입문을 허락하지.{nl}면죄부를 산 은화 한 닢이 헌금함에 떨어지는 소리가 우릴 구원으로 이끌지.{nl}재물 또한 여신의 커다란 축복이라는 것을 명심하게.				
QUEST_UNUSED_20150317_000004	Pardonneur soit revu à votre maître Te. {nl} s'il avait le pot de feu cherché pendant très longtemps.	어서 파드너 마스터께 돌아가 보게.{nl}그 불항아리를 아주 오랫동안 찾고 계셨거든.				
QUEST_UNUSED_20150317_000005	Sculpture de Hibou Gardien de la Porte	문지기 부엉이 조각상				
QUEST_UNUSED_20150317_000006	Ou Tesla nous a créés en coupant l'arbre. Aussi, nous hibou, disons toujours vouloir rendre la{nl}pareille. {nl}	테슬라님은 나무를 깎아서 우릴 만드셨어요.{nl}그래서 우리 부엉이들은 항상 은혜를 갚고 싶어 한답니다.{nl}				문지기 부엉이 조각상
QUEST_UNUSED_20150317_000007	Alors moi ce qui est. Vous pouvez demander. Voudriez-vous que Tesla électrolyse la sculpture{nl}de marbre récoltée de la cathédrale ?	그래서 말인데요. 부탁드릴 것이 있어요.{nl}대성당에서 대리석 조각을 모아서 테슬라님께 전해 주실 수 있을까요?				문지기 부엉이 조각상
QUEST_UNUSED_20150317_000008	Si du marbre de la cathédrale, mais cela plaît-il à Tesla ?	대성당의 대리석이라면 테슬라님께서 좋아하시겠지요?				문지기 부엉이 조각상
QUEST_UNUSED_20150317_000009	Si c'était un don de l'effigie de hibou le bébé, mais la preuve de ma vie. {nl}	부엉이 조각상들의 선물인가?{nl}그 귀여운 녀석들은 내 삶에 대한 증거이지. {nl}				조각가 테슬라
QUEST_UNUSED_20150317_000010	Quoi qu'il en soit .. Ce qui semblait un visiteur heureux vient quelque chose aujourd'hui, je vais{nl}Hé dessiner.	어쨌든.. 오늘 어쩐지 반가운 손님이 오실 것 같더라니, 고맙네그려.				조각가 테슬라
QUEST_UNUSED_20150317_000011	Quand je vous ai vu la première fois dans votre Klaipeda, on pensait savoir si le bras délicat{nl}l'épée Ya peut trembler. Mais, maintenant je suis devenu un héros parmi les héros que bien des{nl}gens louent. {nl}	자네를 클라페다에서 처음 봤을 땐 그 가녀린 팔로 검이나 휘두를 수 있을까 싶었었지.{nl}허나 지금은 많은 이들이 칭송하는 용사 중의 용사가 되었구나.{nl}				소드맨 마스터
QUEST_UNUSED_20150317_000012	Cependant, je veux m'assurer directement de votre courage. la banshee couvre l'aura maléfique{nl}de la forêt sombre. Vous n'êtes pas un défi convenable pour les plus durs.	하지만 난 자네의 용기를 직접 확인하고 싶어.{nl}이 어두운 숲을 사악한 기운으로 뒤덮는 밴시.. 자네에겐 적당한 도전이 아닌가 싶군.				소드맨 마스터
QUEST_UNUSED_20150317_000013	Isolement. Simplement chasser. Dans , Itogetone attendant sur la Klaipeda.	별거 아닐세. 그저 사냥일 뿐이지.{nl}그럼, 클라페다에서 기다리고 있겠네.				소드맨 마스터
QUEST_UNUSED_20150317_000014	J'ai été. J'attendais. on vous donnerait une récompense digne de votre contenant si ce degré.	왔군. 기다리고 있었네.{nl}이 정도면 자네의 용기에 걸맞은 보상일 거야.				소드맨 마스터
QUEST_UNUSED_20150317_000015	Héhé, je suis vraiment enthousiaste. Je me suis souvenu du temps où vous étiez encore sorcier{nl}de convergence. Alors aussi vous étiez vraiment enthousiaste. {nl}	후후, 정말 열심이네. {nl}네가 아직 수습 위저드였을 때가 생각났어. 그때도 넌 참 열심이었지..{nl}				위저드 마스터
QUEST_UNUSED_20150317_000016	Maintenant je veux savoir combien vous avez grandi. Si la banshee et consorts souillent la forêt,{nl}n'êtes-vous pas à la hauteur du défi ?	지금의 네가 얼마나 성장했는지 알고 싶어.{nl}이 숲을 더럽히는 밴시들이라면 네게 적당한 도전이 아닐까?				위저드 마스터
QUEST_UNUSED_20150317_000017	Plutôt qu'une épreuve, cela est considéré comme une bonne chose. Dans , et plus tard aussi{nl}rencontré à la Klaipeda.	시험보다는 좋은 일을 한다고 생각하는 거야.{nl}그럼, 나중에 클라페다에서 또 만나.				위저드 마스터
QUEST_UNUSED_20150317_000018	Oui, brillamment Hatchiu~otone. et est quelle sorte de silhouette lors de la prochaine rencontre,{nl}encore plus impatient ?	그래, 멋지게 해치웠네.{nl}다음에 만날 땐 어떤 모습일지 더욱 궁금해지는걸?				위저드 마스터
QUEST_UNUSED_20150317_000019	La plaque quand je vous ai vu la première fois, je me demande ne pas mourir aussitôt{nl}l'analyseur trop se lever. J'ai pensé. maintenant je crois qu'elle est devenue plus célèbre que moi. {nl}	널 처음 보았을 땐 너무 어설퍼서 금방 죽지 않을까.. 싶었는데.{nl}지금은 나보다도 더 유명해진 것 같아.{nl}				아처 마스터
QUEST_UNUSED_20150317_000020	Vous allez vraiment essayer au pari décrit qui répond à sa réputation. il s'agit d'exterminer{nl}toutes les vilaines banshee qui couvrent cette forêt. Qu'en est-il ?	네가 정말 그 명성에 걸맞는지 나와 내기를 해 볼까.{nl}이 숲을 뒤덮고 있는 역겨운 밴시들을 모두 처치하는 거지. 어때?				아처 마스터
QUEST_UNUSED_20150317_000021	Ce qui est donc important que je parie en fait. Que je me sois rencontré, ce n'est pas plus{nl}important. Dans , attendant sur la Klaipeda.	사실 내기가 뭐 그리 중요하겠어. 날 만난 게 더 중요하지.{nl}그럼, 클라페다에서 기다리겠어.				아처 마스터
QUEST_UNUSED_20150317_000022	J'ai été. Vous devez vraiment m'impressionner. Acceptez-vous maintenant d'attendre une{nl}apparence plus mûre ?	왔군. 넌 정말 날 감탄하게 하는구나.{nl}다음엔 더 성장한 모습을 기대해도 되겠지?				아처 마스터
QUEST_UNUSED_20150317_000023	Je pense que c'est supposé être empli de la grâce de la déesse plus que lorsque vous êtes venu{nl}pour la première fois à la Klaipeda. Je veux savoir combien votre foi est profonde. {nl}	처음 클라페다에 왔을 때보다 더 여신의 은총이 충만해지신 것 같아요.{nl}당신의 신앙심이 얼마나 깊은지 알고 싶어요.{nl}				클레릭 마스터
QUEST_UNUSED_20150317_000024	Bien sûr, ce n'est pas la même chose Que de nouveau selon une norme abstraite. et je chasse la{nl}banshee qui apporte l'aura maléfique dans cette forêt au nom de la déesse.	물론 추상적인 기준으로 재보자는 건 아니에요.{nl}이 숲에 사악한 기운을 가져오는 밴시들을 여신의 이름으로 물리치는 거예요.				클레릭 마스터
QUEST_UNUSED_20150317_000025	La Déesse moins notre ennemi et nous n'avons pas de différences. Dans , je vous verrai sur la{nl}Klaipeda.	여신의 적은 우리의 적이나 다름없습니다.{nl}그럼, 클라페다에서 뵙겠습니다.				클레릭 마스터
QUEST_UNUSED_20150317_000026	J'étais Mashi Oh. Vous avez montré une grande foi. et je m'ai donné aussi ma grande inspiration.{nl}Voici mon petit château. Je vous en prie, écrivez la chose correcte.	오셨군요. 당신은 굉장한 신앙심을 보여 주셨습니다.{nl}그리고 제게 큰 영감도 주셨죠.{nl}이건 저의 작은 성의랍니다. 부디 옳은 일에 써 주세요.				클레릭 마스터
QUEST_UNUSED_20150317_000027	Auparavant calme ici, il n'y a pas de temps temporairement ou calme maintenant les monstres.	예전엔 고요했던 이곳이 이제 몬스터들로 잠시도 조용할 때가 없습니다.				약한 부엉이 조각상
QUEST_UNUSED_20150317_000028	Si vous ne laissez que mon monstre, c'est pour trouver et attaquer l'âme qui se rassemble ici.	저 몬스터를 그냥 두면 이곳에 모여드는 영혼을 공격하고 더럽힐 것입니다.				약한 부엉이 조각상
QUEST_UNUSED_20150317_000029	Les gens vont mieux maintenant, l'humeur de Denis a un peu baissé.	녀석들이 조금이라도 줄어드니 기분이 나아졌습니다.				약한 부엉이 조각상
QUEST_UNUSED_20150317_000030	Les gens ont décidé de laisser enterrer ici les restes de la famille. maintenant cela a été laissé sur{nl}la terre pour découvrir tous les monstres.	사람들은 가족의 유골함을 이곳에 묻어두곤 했습니다.{nl}지금은 몬스터들이 전부 파헤치기 때문에 땅 위에 방치되어 있습니다.				약한 부엉이 조각상
QUEST_UNUSED_20150317_000031	Voici le temps où l'on entendait peu à peu les tristes pleurs de la famille endeuillée... le meilleur{nl}des temps.	이곳에 유족들의 슬픈 울음소리가 잠깐씩 들리던 그 시절이.. 가장 좋은 시절이었습니다.				약한 부엉이 조각상
QUEST_UNUSED_20150317_000032	Bien que les reliques que vous n'avez pas encore rencontrées soient nombreuses, même à{nl}regarder je crois que c'était bien.	아직 거두지 못한 유물함이 많겠지만, 이나마 지켜내서 다행이라 생각합니다.				약한 부엉이 조각상
QUEST_UNUSED_20150317_000033	L'effigie de l'autre hibou est revenue, l'âme doit être l'Inde. qu'un problème soit survenu aux{nl}abords de la barrière est clair.	다른 부엉이 조각상들이 인도해야 할 영혼들이 돌아오고 있습니다.{nl}관문 부근에 문제가 생긴 것이 분명합니다.				약한 부엉이 조각상
QUEST_UNUSED_20150317_000034	Qu'est-ce qui se pourrait, mais je sens que nous ne sommes que dans quelque chose	뭔지 모르지만, 우리가 뭔가에 기만당하고 있는 느낌이 듭니다				약한 부엉이 조각상
QUEST_UNUSED_20150317_000035	C'était encore un démon. Ici les gens avaient souillé la tranquillité.	역시 마족이었군요.{nl}이곳의 고요를 녀석이 더럽히고 있었습니다.				약한 부엉이 조각상
QUEST_UNUSED_20150317_000036	L'âme qui a fui vers le nord connaît peut-être les informations sur cette personne.	북쪽으로 달아난 영혼들이 녀석에 대한 정보를 알고 있을지 모릅니다.				약한 부엉이 조각상
QUEST_UNUSED_20150317_000037	Esprit Perdu	길 잃은 영혼				
QUEST_UNUSED_20150317_000038	Moi vous êtes vivant. Cependant, vous n'êtes jamais en sécurité.	당신은 살아 있군요..{nl}하지만 당신도 결코 안전하지 않습니다.				길 잃은 영혼
QUEST_UNUSED_20150317_000039	Le démon ne sait pas ce qu'il flaire, mais ... ma barrière, vous devez toujours l'ouvrir.	마족이 무슨 꿍꿍인지는 모르겠습니다만… 저 관문은 꼭 열려야합니다.				약한 부엉이 조각상
QUEST_UNUSED_20150317_000040	Je suis allé chercher une effigie du hibou tout au plus profond. ou nous m'aiderez-vous à{nl}pouvoir m'échapper d'ici ?	모두 더 깊은 곳으로 부엉이 조각상을 찾아갔어요.{nl}우리가 이곳에서 탈출할 수 있게 좀 도와주시겠습니까?				길 잃은 영혼
QUEST_UNUSED_20150317_000041	Le monstre que nous poursuivrons tente d'absorber l'âme. le faire serait imprégné de forces{nl}maléfiques se faire prendre pris en elles.	몬스터는 영혼을 흡수하려고 쫓아 다닙니다.{nl}그들에게 사로잡히면 사악한 힘에 물들어 버리죠.				길 잃은 영혼
QUEST_UNUSED_20150317_000042	Merci beaucoup ! Je peux partir en visant cette brèche.	정말 고맙습니다!{nl}이 틈을 노려서 떠날 수 있겠군요..				길 잃은 영혼
QUEST_UNUSED_20150317_000043	Regretter bien des âmes	미련 많은 영혼				
QUEST_UNUSED_20150317_000044	Je sais. L'âme est allée au nord avant ne pourra pas y arriver. Cependant, la longueur peut aller à{nl}l'effigie de l'autre hibou en haut. pour Sakmori en haut de la colline, je ne Oui peux aller.	저는 알고 있어요.{nl}앞서 북쪽으로 갔던 영혼들은 그곳에 도달할 수 없을 거예요.{nl}하지만 이 위쪽에 다른 부엉이 조각상으로 갈 수 있는 길이 있어요.{nl}언덕 위의 사크몰리들 때문에 저는 갈 수 없지만..				미련 많은 영혼
QUEST_UNUSED_20150317_000045	Monstre pourquoi nous pourchasser. C'est douloureux. Mort aussi ..	몬스터들은 왜 우리를 쫓아 다니는 것일까요..{nl}괴롭습니다.. 죽어서도..				미련 많은 영혼
QUEST_UNUSED_20150317_000046	Le mot est-il vrai ? Nante longueur bouchée de .	그 말이 사실인가요?{nl}길이 막혀있다니..				미련 많은 영혼
QUEST_UNUSED_20150317_000047	Ce n'est pas du gingembre. une fois je vous fais savoir que l'âme est là où l'opposé. Il y a une{nl}effigie de hibou en allant vers le nord. Et essayez d'y aller.	어쩔 수 없네요.{nl}일단 그 영혼들이 어디로 향했는지 알려드릴게요.{nl}북쪽으로 나아가면 부엉이 조각상이 하나 있습니다. 그곳으로 가보세요.				미련 많은 영혼
QUEST_UNUSED_20150317_000048	Je veux partir avant que cela ne rassemble à nouveau des gens.	다시 녀석들이 몰려오기 전에 떠나고 싶어요..				미련 많은 영혼
QUEST_UNUSED_20150317_000049	Sculpture de Hibou Sacrée	신성한 부엉이 조각상				
QUEST_UNUSED_20150317_000050	J'ai été attaqué à la suite du de scan tout le vinaigre a muté depuis l'autre jour. aussi mon corps{nl}qui était fait de bois si vous laissez cela, vous serez brisé bientôt !	저는 얼마전부터 변이된 데스모두스에게 계속 공격당하고 있습니다.{nl}나무로 만들어진 제 몸도 이대로라면 곧 부서지겠죠!				신성한 부엉이 조각상
QUEST_UNUSED_20150317_000051	Oui, ne pas vouloir créer pour m'errer déposés restes obtenus et âme de nouveau ...	제게 맡겨진 유골함이나 영혼들을 또 다시 방황하게 만들고 싶진 않습니다…				신성한 부엉이 조각상
QUEST_UNUSED_20150317_000052	Ce sont des gens sans scrupules bien que petits.	작지만 악랄한 녀석들이죠.				신성한 부엉이 조각상
QUEST_UNUSED_20150317_000053	triste, mais notre effigie ne vous permet pas d'accomplir la mission donnée maintenant comme{nl}le sculpteur. pour pouvoir me protéger. {nl}	슬프지만, 우리 조각상들은 지금 조각가님께서 부여한 임무를 수행 할 수 없습니다.{nl}저 자신을 보호할 수만 있다면..{nl}				신성한 부엉이 조각상
QUEST_UNUSED_20150317_000054	Âme responsable trop nombreuse.	책임져야할 영혼들이 너무 많습니다.				신성한 부엉이 조각상
QUEST_UNUSED_20150317_000055	C'est formidable !	훌륭하군요!				신성한 부엉이 조각상
QUEST_UNUSED_20150317_000056	Avancez vers le sud, je vous prie. il y aura une statue fissurée comme moi.	남쪽으로 가세요.{nl}저처럼 부서져 가는 조각상이 있을 겁니다.				신성한 부엉이 조각상
QUEST_UNUSED_20150317_000057	Sculpture de Hibou Lugubre	우울한 부엉이 조각상				
QUEST_UNUSED_20150317_000058	Il est étrange que des vivants viennent ici. Ne regardez pas l'âme de , il semble que quelques{nl}années aient passé.	살아있는 사람이 이곳에 오다니 신기하군요.{nl}영혼들을 보지 못한지 몇 년은 지난 것 같습니다.				우울한 부엉이 조각상
QUEST_UNUSED_20150317_000059	Grâce à vous, ces dernières années, vous pourrez tenir bon.	당신 덕분에 여기서 몇 년은 버틸 수 있을 것 같습니다.				신성한 부엉이 조각상
QUEST_UNUSED_20150317_000060	le monstre que vous avez vu est déraisonnable de hollow vendor qui nous a acculés. afin{nl}d'empêcher les monstres, il vous faudra effacer le hibou vide. ne parce que le troupeau de{nl}hollow vendor utilise le piège. vous devez vous assurer de l'effigie de la vallée au fond du hibou{nl}vide.	당신이 목격한 몬스터들은 저희를 궁지로 몰아넣은 할로우벤터 무리입니다.{nl}몬스터들을 막기 위해서는 텅 빈 부엉이들을 제거해야 합니다.{nl}할로우벤터 무리가 덫으로 이용하고 있으니 말입니다.{nl}계곡 깊은 곳의 텅 빈 부엉이 조각상들을 확인해야합니다.				우울한 부엉이 조각상
QUEST_UNUSED_20150317_000061	L'âme trouvera le le hibou. fera mordre dans le hibou vide. l'âme des gens sait très bien le fait de{nl}se perdre pour nous trouver	영혼은 부엉이들을을 찾아갑니다.{nl}하지만 텅빈 부엉이에게 먹혀버리지요.{nl}녀석은 영혼들이 우릴 찾아 헤맨다는 사실을 너무 잘 알고 있습니다				우울한 부엉이 조각상
QUEST_UNUSED_20150317_000062	Pour cela, utiliser un grand nombre d'effigies.	그렇게 많은 조각상을 이용하고 있을 줄이야..				우울한 부엉이 조각상
QUEST_UNUSED_20150317_000063	L'âme dont on a parlé, c'était l'endroit où l'âme a trouvé notre hibou. Le maintenant, il serait{nl}rempli de pièges de hollow vendor déraisonnable installé. les pièges d'un troupeau de hollow{nl}vendor seront la menace pour quiconque.	당신이 만난 영혼들이 말한 곳은 영혼들이 우리 부엉이들을 찾아 왔던 곳이었습니다.{nl}지금은 할로우벤터 무리가 설치한 함정으로 가득하죠.{nl}할로우벤터 무리의 함정은 누구에게나 위협이 됩니다.				우울한 부엉이 조각상
QUEST_UNUSED_20150317_000064	Si l'âme vous avez perdu le chemin, nous chercherons une autre âme. piège lumineux, je suis{nl}tenté ainsi l'âme.	영혼은 길을 잃으면 또 다른 영혼을 찾아갑니다.{nl}밝게 빛나는 함정은 그런식으로 영혼들을 유혹하지요.				우울한 부엉이 조각상
QUEST_UNUSED_20150317_000065	J'ai eu bien des pièges.	많은 함정이 있었군요..				우울한 부엉이 조각상
QUEST_UNUSED_20150317_000066	Hollow Venter devrait être dans les environs de Yorusu~euru. C'est étrange.	열쇠을 가진 할로우벤터가 주변에 있을 텐데..{nl}이상하군요.				우울한 부엉이 조각상
QUEST_UNUSED_20150317_000067	Les hollow vendor périphériques doivent vaincre un essaim de fourmis, semble-t-il. Si vous ne{nl}sortez pas, il faudra traîner.	주변 할로우벤터 무리를 처치해야 나타날 것 같습니다.{nl}나오지 않는다면 끌어내야겠지요.				우울한 부엉이 조각상
QUEST_UNUSED_20150317_000068	Ou le monstre apparaîtra-t-il où ?	저 몬스터들은 어디서 나타난 것일까요?				우울한 부엉이 조각상
QUEST_UNUSED_20150317_000069	Si cela ne sort pas. Il y a une idée.	이래도 나오지 않았다면..{nl}짚이는 곳이 있습니다..				우울한 부엉이 조각상
QUEST_UNUSED_20150317_000070	Même ce Nante ne fait pas sortir une clé de hollow Venter, ce sera à l'endroit qu'on m'a toujours{nl}indiqué .	이래도 열쇠를 가진 할로우벤터가 나오지 않는다니..{nl}반드시 제가 알려드린 곳에 있을 겁니다.				우울한 부엉이 조각상
QUEST_UNUSED_20150317_000071	Vous représenterez clairement la silhouette et vous arriverez.	당신이 도착하면 분명히 모습을 드러낼 겁니다.				우울한 부엉이 조각상
QUEST_UNUSED_20150317_000072	C'est la clé .. barrière.	이건.. 관문 열쇠입니다.				우울한 부엉이 조각상
QUEST_UNUSED_20150317_000073	J'ouvre la porte d'entrée avec une clé. il y aura une âme d'assistant qui mènera l'âme de l'autre{nl}côté de la barrière. l'âme pourrait être capable de vous aider.	열쇠로 관문을 여십시오.{nl}관문의 건너편에 영혼들을 인도해주는 길잡이 영혼이 있을 겁니다.{nl}그 영혼이 당신을 도와줄 겁니다.				우울한 부엉이 조각상
QUEST_UNUSED_20150317_000074	Parfois dans l'âme, il y a ceux qui servent et sont partis plutôt que de recevoir l'Inde. L'âme est de{nl}cette catégorie.	가끔 영혼들 중엔 인도받기보단 남아서 봉사하는 분들이 있습니다. 그 영혼은 그런 부류입니다.				우울한 부엉이 조각상
QUEST_UNUSED_20150317_000075	Esprit Guide	길잡이 영혼				
QUEST_UNUSED_20150317_000076	Bonjour ! Oh, moi vous êtes à plier vivant.	안녕하세요!{nl}아.. 살아계신 분이군요.				길잡이 영혼
QUEST_UNUSED_20150317_000077	J'ai déjà passé le moment de recevoir l'Inde. Cependant, je n'ai pas été acquis absolument. avant{nl}que vous ne veniez, je suis là où vous deviez renoncer sans une âme si ce n'est l'assistance.{nl}Maintenant allez et ouvrez la barrière, je vous prie. Dites bien et vers l'effigie de hibou ici{nl}maintenant et la sécurité de !	저는 이미 인도받을 시기가 지났습니다. 하지만 절대로 타락하지 않았죠.{nl}당신이 오기 전까진 제가 안내해야 할 영혼이 없어서 포기하고 있던 참입니다.{nl}이제 가서 저 관문을 열어주세요.{nl}그리고 건너편의 부엉이 조각상에게 이제 여긴 안전하다고 꼭 전해주세요!				길잡이 영혼
QUEST_UNUSED_20150317_000078	Moi ? À mon histoire, c'est souvent trop de circonstances ...	저요? 제 이야기를 하려면 사연이 너무 많은데…				길잡이 영혼
QUEST_UNUSED_20150317_000079	En me débarrassant du démon, on pensait sa charge perdue. Moi ce ne l'était pas. Merci d'avoir{nl}ouvert la porte.	마족을 처치하면 그 부하들이 사라질 줄 알았는데..{nl}아니었군요. 문을 열어 주셔서 감사합니다.				약한 부엉이 조각상
QUEST_UNUSED_20150317_000080	Écoutez le conseil dans l'âme de l'assistant, je vous prie. se perdre et avoir besoin d'aide pour{nl}l'âme.	길잡이 영혼에게 조언을 들으세요.{nl}헤매는 영혼에게 도움이 필요합니다..				약한 부엉이 조각상
QUEST_UNUSED_20150317_000081	Je suis embêté. La force est, faisons-le aussi si le démon ?	곤란하네요. 그 힘이 또 마족이면 어떡하죠?				약한 부엉이 조각상
QUEST_UNUSED_20150317_000082	Oh, mais moi vous dites l'âme. Elle s'est perdue à l'endroit d'une haute colline.	아, 그 영혼을 말씀하시는군요.{nl}그건 언덕 높은 곳에서 헤매고 있습니다.				길잡이 영혼
QUEST_UNUSED_20150317_000083	Si c'est visible, j'indiquerai la direction de la machine. Il y a beaucoup de slime sombre sur la{nl}route dans le visible. ce sera clairement une menace majeure pour vous.	가시겠다면 방향을 알려드리겠습니다.{nl}하지만 가시는 길에 다크슬라임이 많이 있습니다. {nl}분명 당신에게 큰 위협이 될 것입니다.				길잡이 영혼
QUEST_UNUSED_20150317_000084	Une chose est sûre, ce n'est jamais que ce n'est pas jusqu'au groupe. Cependant, cela me paraît{nl}très confus.	확실한 것은 그게 결코 마족이 아니라는 것입니다.{nl}그런데  매우 혼란스러워 보입니다.				길잡이 영혼
QUEST_UNUSED_20150317_000085	Esprit Inconnu	이름 모를 영혼				
QUEST_UNUSED_20150317_000086	Nous, hibou, vous attendions. bienvenue.	우리 부엉이들은 당신을 기다리고 있었습니다.{nl}환영합니다.				약한 부엉이 조각상
QUEST_UNUSED_20150317_000087	Ainsi il y a par là ou noir. le sculpteur semble regarder cette forêt, quelle triste conviction.	저기 검은 지그리들이 돌아다니고 있습니다.{nl}조각가님께서 이 숲을 보면 얼마나 슬퍼하실지..				약한 부엉이 조각상
QUEST_UNUSED_20150317_000088	C'est aussi une poitrine douloureuse de ne voir que les restes éparpillés devant.	저 앞에 흩어져 있는 유골함만 봐도 가슴이 아픕니다.				약한 부엉이 조각상
QUEST_UNUSED_20150317_000089	Les Puragiga rouge nous menacent. Veuillez faire en sorte de marcher par là .	붉은 푸라기가 우리를 위협하고 있습니다.{nl}저기 돌아다니는 것 좀 보세요.				길 잃은 영혼
QUEST_UNUSED_20150317_000090	Et entre lesquels il y a un Sakmori noir .. vous ne pourrez pas passer. c'est plein de Sakmori noirs{nl}au sommet de la colline.	검은 사크몰리들이 저기 있는 동안에는.. 지나갈 수 없습니다.{nl}언덕 위에 검은 사크몰리가 가득해요.				미련 많은 영혼
QUEST_UNUSED_20150317_000091	Comment protéger, je réfléchissais. Et mais l'oreille Pêcheur a avalé l'âme, le DP se fera sentir. Si{nl}Pêcheur a visité avalé le DP.	저를 보호할 방법이 생각났습니다.{nl}피셔맨들이 집어삼킨 영혼들에서 미미하게나마 신성력이 느껴집니다.{nl}피셔맨들이 삼킨 신성력을 찾아온다면..				신성한 부엉이 조각상
QUEST_UNUSED_20150317_000092	J'attends l'effigie de hibou	부엉이 조각상의 기다림				
QUEST_UNUSED_20150317_000093	La Forêt Silencieuse (1)	고요의 숲(1)				
QUEST_UNUSED_20150317_000094	Je vais me débarrasser des Zigri noir	검은 지그리를 처치하겠다고 제안한다				
QUEST_UNUSED_20150317_000095	La Forêt Silencieuse (2)	고요의 숲(2)				
QUEST_UNUSED_20150317_000096	Les restes de l'Avis / âme dont j'ai parlé à l'effigie de hibou faible.	Notice/영혼의 유골함을 약한부엉이 조각상에게 전달했습니다.				
QUEST_UNUSED_20150317_000097	La Forêt Silencieuse (3)	고요의 숲(3)				
QUEST_UNUSED_20150317_000098	Nous proposons de vérifier la barrière	관문을 확인하겠다고 제안한다				
QUEST_UNUSED_20150317_000099	La Forêt Silencieuse (4)	고요의 숲(4)				
QUEST_UNUSED_20150317_000100	Proposer d'essayer de trouver l'âme	영혼을 찾아보겠다고 제안한다				
QUEST_UNUSED_20150317_000101	Poison Spirituel (1)	독 안에 든 영혼(1)				
QUEST_UNUSED_20150317_000102	Je vais me débarrasser des Puragi	붉은 푸라기를 처치하겠다고 제안한다				
QUEST_UNUSED_20150317_000103	Poison Spirituel (2)	독 안에 든 영혼(2)				
QUEST_UNUSED_20150317_000104	Je vais me débarrasser des Sakamoli noir	검은 사카몰리를 처치하겠다고 제안한다				
QUEST_UNUSED_20150317_000105	Poison Spirituel (3)	독 안에 든 영혼(3)				
QUEST_UNUSED_20150317_000106	Proposer d'essayer de vérifier l'effigie de hibou	부엉이 조각상을 확인해보겠다고 제안한다				
QUEST_UNUSED_20150317_000107	Poison Spirituel (4)	독 안에 든 영혼(4)				
QUEST_UNUSED_20150317_000108	Vérification /MAKING/2,5/TRACK_BEFORE/None	확인 중/MAKING/2.5/TRACK_BEFORE/None				
QUEST_UNUSED_20150317_000109	Demande de secours de l'effigie de hibou	부엉이 조각상의 구원요청				
QUEST_UNUSED_20150317_000110	Je vais me débarrasser des Desmodus	데스모두스를 처치하겠다고 제안한다				
QUEST_UNUSED_20150317_000111	Démon imbibé dans les bois (1)	숲에 스며든 마족(1)				
QUEST_UNUSED_20150317_000112	Nous proposons d'apporter notre aide	도움을 주겠다고 제안한다				
QUEST_UNUSED_20150317_000113	Démon imbibé dans les bois (2)	숲에 스며든 마족(2)				
QUEST_UNUSED_20150317_000114	Nous proposons de rendre visite à l'effigie de hibou	부엉이 조각상을 찾아가겠다고 제안한다				
QUEST_UNUSED_20150317_000115	Chasseur d'Âmes (1)	영혼 사냥꾼(1)				
QUEST_UNUSED_20150317_000116	Nous proposons de vérifier l'effigie de hibou	부엉이 조각상을 확인하겠다고 제안한다				
QUEST_UNUSED_20150317_000117	Chasseur d'Âmes (2)	영혼 사냥꾼(2)				
QUEST_UNUSED_20150317_000118	Nous proposons que vous vouliez retirer le piège	함정을 제거하겠다고 제안한다				
QUEST_UNUSED_20150317_000119	Chasseur d'Âmes (3)	영혼 사냥꾼(3)				
QUEST_UNUSED_20150317_000120	Je vais me débarrasser des Hallowventer	할로우벤터 무리를 처치하겠다고 제안한다				
QUEST_UNUSED_20150317_000121	Chasseur d'Âmes (4)	영혼 사냥꾼(4)				
QUEST_UNUSED_20150317_000122	Je vais me débarrasser du Hallowventer	할로우벤터를 처치하겠다고 제안한다				
QUEST_UNUSED_20150317_000123	Ouvrir la Barrière (1)	관문 열기(1)				
QUEST_UNUSED_20150317_000124	Ouvrir la Barrière (2)	관문 열기(2)				
QUEST_UNUSED_20150317_000125	Je veux bien parler de l'âme dans l'effigie de hibou	부엉이 조각상에게 영혼의 이야기를 전해준다				
QUEST_UNUSED_20150317_000126	L'Âme Errante (1)	헤매는 영혼(1)				
QUEST_UNUSED_20150317_000127	L'Âme Errante (2)	헤매는 영혼(2)				
QUEST_UNUSED_20150317_000128	Je vais me débarrasser des Slime sombre	다크 슬라임을 처치하겠다고 제안한다				
QUEST_UNUSED_20150317_000129	L'Âme Errante (3)	헤매는 영혼(3)				
QUEST_UNUSED_20150317_000130	Attaque de Biteregina	비테레지나의 습격				
QUEST_UNUSED_20150317_000131	Attaque du Loup-garou	웨어울프의 습격				
QUEST_UNUSED_20150317_000132	Avis /! / Vainquez le Loup-garou, je vous prie !	Notice/!/웨어울프를 처치하세요!				
QUEST_UNUSED_20150317_000133	Ma occupait la tour du monarque sorcier	마법사의 탑을 점령한 마군주				
QUEST_UNUSED_20150317_000134	Grâce de la Richesse [Avancement Pardonneur] (4)	재물에도 은혜를[파드너 전직](4)				
QUEST_UNUSED_20150317_000135	Derrière les portes closes du secret	밀실의 비밀				
QUEST_UNUSED_20150317_000136	Je prends le pari	내기에 응하겠다고 한다				
QUEST_UNUSED_20150317_000137	J'accepte l'épreuve	시험을 받아 들인다				
QUEST_UNUSED_20150317_000138	Le positif de la curiosité	호기심의 긍정				
QUEST_UNUSED_20150317_000139	Je vais le faire	해주겠다고 한다				
QUEST_UNUSED_20150317_000140	J'interagis avec l'effigie de hibou faible	약한 부엉이 조각상과 대화한다				
QUEST_UNUSED_20150317_000141	Entrer dans Pic de la Prise Supérieure	자루머리 고개 진입				
QUEST_UNUSED_20150317_000142	Se Rendre au Pic de la Prise Supérieure	자루머리 고개로 이동한다				
QUEST_UNUSED_20150317_000143	Vaincre les Zigri Noir	검은 지그리 처치				
QUEST_UNUSED_20150317_000144	Je vais vaincre les Zigri noir	검은 지그리를 처치한다				
QUEST_UNUSED_20150317_000145	Les restes récupérés	유골함을 회수				
QUEST_UNUSED_20150317_000146	Récolter les boîtes d'urnes éparpillées à l'entrée du Pic de la prise supérieure	자루머리 고개입구에 흩어져 있는 유골함을 모아온다				
QUEST_UNUSED_20150317_000147	Examiner l'âme de la barrière	영혼의 관문 확인				
QUEST_UNUSED_20150317_000148	Revenir pour s'assurer de l'âme de la barrière	영혼의 관문을 확인하고 돌아온다				
QUEST_UNUSED_20150317_000149	Âmes perdues et conversation	길 잃은 영혼과 대화				
QUEST_UNUSED_20150317_000150	Parler aux âmes perdues pour monter le long du nord de la route	북쪽길을 따라 올라가 길 잃은 영혼과 대화한다				
QUEST_UNUSED_20150317_000151	Je vais parler aux âmes perdues	길 잃은 영혼과 대화한다				
QUEST_UNUSED_20150317_000152	Traitement de la machine en plastique rouge	붉은 푸라기 처치				
QUEST_UNUSED_20150317_000153	Je fais le traitement de la machine en plastique rouge	붉은 푸라기를 처치한다				
QUEST_UNUSED_20150317_000154	Regretter bien des âmes et conversation	미련 많은 영혼과 대화				
QUEST_UNUSED_20150317_000155	Je vais parler pour regretter bien des âmes	미련 많은 영혼과 대화한다				
QUEST_UNUSED_20150317_000156	Vaincre les Sakmoli Noir	검은 사크몰리 처치				
QUEST_UNUSED_20150317_000157	Je vais vaincre les Sakmoli noir	검은 사크몰리를 처치한다				
QUEST_UNUSED_20150317_000158	Vaincre les Sakmoli Noir	검은 사카몰리 처치				
QUEST_UNUSED_20150317_000159	Examiner la Sculpture de Hibou	부엉이 조각상 확인				
QUEST_UNUSED_20150317_000160	Je vais examiner la Sculpture de hibou	부엉이 조각상을 확인한다				
QUEST_UNUSED_20150317_000161	Vaincre les monstres qui déferlent	몰려드는 몬스터 처치				
QUEST_UNUSED_20150317_000162	Je vais vaincre les monstres qui déferlent	몰려드는 몬스터를 처치한다				
QUEST_UNUSED_20150317_000163	Parler Avec la Sculpture de Hibou Sacrée	신성한 부엉이 조각상과 대화				
QUEST_UNUSED_20150317_000164	Je vais parler à la Sculpture de hibou sacrée	신성한 부엉이 조각상과 대화한다				
QUEST_UNUSED_20150317_000165	Vaincre les Desmodus	데스모두스 처치				
QUEST_UNUSED_20150317_000166	Je vais vaincre les Desmodus	데스모두스를 처치한다				
QUEST_UNUSED_20150317_000167	Pêcheur, et récupération partielle de DP	피셔맨에게 신성력조각 회수				
QUEST_UNUSED_20150317_000168	Pêcheur, il a regagné une partie de DP	피셔맨에게 신성력조각을 되찾아온다				
QUEST_UNUSED_20150317_000169	Vaincre les Pêcheurs Rouges	붉은 피셔맨 처치				
QUEST_UNUSED_20150317_000170	Conversation avec l'effigie de hibou lugubre	우울한 부엉이 조각상과 대화				
QUEST_UNUSED_20150317_000171	J'interagis avec l'effigie de hibou lugubre	우울한 부엉이 조각상과 대화한다				
QUEST_UNUSED_20150317_000172	Examiner l'effigie de hibou vide	텅빈 부엉이 조각상 확인				
QUEST_UNUSED_20150317_000173	J'examine l'effigie de hibou vide	텅빈 부엉이 조각상을 확인한다				
QUEST_UNUSED_20150317_000174	Les pièges effacent l'âme	영혼의 함정 제거				
QUEST_UNUSED_20150317_000175	Vous voulez effacer en cherchant les pièges de l'âme	영혼의 함정을 찾아서 제거한다				
QUEST_UNUSED_20150317_000176	Traitement de charge de Necroventer	네크로벤터의 부하 처치				
QUEST_UNUSED_20150317_000177	Je vais exterminer la charge de Necroventer	네크로벤터의 부하들을 처치한다				
QUEST_UNUSED_20150317_000178	Traitement de charge de l'âme du Chasseur	영혼 사냥꾼의 부하 처치				
QUEST_UNUSED_20150317_000179	Traitement du key keeper Hello vendor	열쇠 지기 헬로우벤터 처치				
QUEST_UNUSED_20150317_000180	J'obtiens la clé en vainquant le key keeper Hello Venter	열쇠 지기 헬로우벤터 처치하고 열쇠를 획득한다				
QUEST_UNUSED_20150317_000181	Gardien des clés	열쇠 지기				
QUEST_UNUSED_20150317_000182	Chargement du vendeur creux	할로우벤터의 부하				
QUEST_UNUSED_20150317_000183	Âme et conversation de l'Assistant	길잡이 영혼과 대화				
QUEST_UNUSED_20150317_000184	Je parle à l'âme de l'Assistant	길잡이 영혼과 대화한다				
QUEST_UNUSED_20150317_000185	J'ai battu le monstre pour intervenir	방해하는 몬스터를 처치				
QUEST_UNUSED_20150317_000186	J'ai vaincu le monstre qui gêne	방해하는 몬스터를 처치한다				
QUEST_UNUSED_20150317_000187	Extermination des restes de Necroventer	네크로벤터의 잔당 처치				
QUEST_UNUSED_20150317_000188	Extermination des slimes noirs	검은 슬라임 처치				
QUEST_UNUSED_20150317_000189	Je vais vaincre le slime noir	검은 슬라임을 처치한다				
QUEST_UNUSED_20150317_000190	Examiner le lieu suspect	의심스런 장소 확인				
QUEST_UNUSED_20150317_000191	Je confirme le lieu suspecté	의심스런 장소를 확인한다				
QUEST_UNUSED_20150317_000192	Pendant la limite de temps, la défense de la région	제한 시간동안 지역방어				
QUEST_UNUSED_20150317_000193	Je survis entre les attaques bondissantes des monstres pendant la limite de temps	제한 시간동안 덤벼드는 몬스터의 공격에서 살아 남는다				
QUEST_UNUSED_20150317_000194	Âme, une conversation avec un nom inconnu	이름 모를 영혼과 대화				
QUEST_UNUSED_20150317_000195	Je vais parler à l'âme au nom inconnu	이름 모를 영혼과 대화한다				
QUEST_UNUSED_20150317_000196	Extermination de monstres pour bloquer la route	길을 가로막는 몬스터 처치				
QUEST_UNUSED_20150317_000197	Vainquez Biteregina, je vous prie	비테레지나를 처치하세요				
QUEST_UNUSED_20150317_000198	Vaincre Biteregina	비테레지나 처치				
QUEST_UNUSED_20150317_000199	Le Werewolf est apparu	웨어울프가 나타났습니다				
QUEST_UNUSED_20150317_000200	Extermination du Loup-garou apparu soudainement	갑자기 나타난 웨어울프 처치				
QUEST_UNUSED_20150317_000201	Extermination des Loup-garou	웨어울프 처치				
QUEST_UNUSED_20150317_000202	Traitement de Hamin	하밍 처치				
QUEST_UNUSED_20150317_000203	Recherche du monarque Ma qui occupait la tour du sorcier	마법사의 탑을 점령한 마군주 찾기				
QUEST_UNUSED_20150317_000204	Cherchez, je vous prie, entre le monarque Helgasercle qui occupait la tour du sorcier.	마법사의 탑을 점령한 마군주 헬가세르클을 찾아보세요.				
QUEST_UNUSED_20150317_000205	Rencontrer le Marchand d'Objets de Fedimian	페디미안의 도구상인 만나기				
QUEST_UNUSED_20150317_000206	Le Maître Épéiste apparu soudainement et conversation	갑자기 나타난 소드맨 마스터와 대화				
QUEST_UNUSED_20150317_000207	D'une manière ou d'une autre, le maître Épéiste a remarqué devant vous. Essayez de partager la conversation, je vous prie.	어떤 이유인지 당신의 앞에 소드맨 마스터가 나타났습니다. 대화를 나누어 보세요.				
QUEST_UNUSED_20150317_000208	Apparition de quête cachée	히든 퀘스트 발생				
QUEST_UNUSED_20150317_000209	Une quête cachée est apparue. Vainquez la Banshee derrière les portes closes de Katyn.	숨겨진 퀘스트가 발생하였습니다. 카틴의 밀실에서 밴시를 사냥하세요.				
QUEST_UNUSED_20150317_000210	L'épreuve du maître Épéiste a été achevée avec succès. Allez trouver un Klaipeda du maître Épéiste, je vous prie.	소드맨 마스터의 시험을 무사히 마쳤습니다. 클라페다에 있는 소드맨 마스터를 찾아 가세요.				
QUEST_UNUSED_20150317_000211	Traitement de la Banshee	밴시 처치				
QUEST_UNUSED_20150317_000212	Le Maître Mage apparu soudainement et conversation	갑자기 나타난 위저드 마스터와 대화				
QUEST_UNUSED_20150317_000213	D'une manière ou d'une autre, le Maître Mage a remarqué devant vous. Et essayez la conversation {nl}	어떤 이유인지 당신의 앞에 위저드 마스터가 나타났습니다. 대화를 나누어 보세요.{nl}				
QUEST_UNUSED_20150317_000214	Trouver le Maître Mage	위저드 마스터 찾아가기				
QUEST_UNUSED_20150317_000215	L'épreuve du maître Mage a été achevée avec succès. Allez trouver un Klaipeda du maître Mage, je vous prie.	위저드 마스터의 시험을 무사히 마쳤습니다. 클라페다에 있는 위저드 마스터를 찾아 가세요.				
QUEST_UNUSED_20150317_000216	Le Maître Archer et conversation apparus soudainement	갑자기 나타난 아처 마스터와 대화				
QUEST_UNUSED_20150317_000217	D'une manière ou d'une autre, j'ai remarqué le maître de l'arc devant vous. Essayez de partager la conversation, je vous prie.	어떤 이유인지 당신의 앞에 아처 마스터가 나타났습니다. 대화를 나누어 보세요.				
QUEST_UNUSED_20150317_000218	Une quête cachée est apparue. Vainquez la Banshee derrière les portes closes de Katyn	숨겨진 퀘스트가 발생하였습니다. 카틴의 밀실에서 밴시를 사냥하세요				
QUEST_UNUSED_20150317_000219	L'épreuve du maître Archer a été achevée avec succès. Allez trouver un Klaipeda du maître Archer, je vous prie.	아처 마스터의 시험을 무사히 마쳤습니다. 클라페다에 있는 아처 마스터를 찾아 가세요.				
QUEST_UNUSED_20150317_000220	Le maître Clerc et conversation apparus soudainement	갑자기 나타난 클레릭 마스터와 대화				
QUEST_UNUSED_20150317_000221	D'une manière ou d'une autre, le maître Clerc a remarqué devant vous. Essayez de partager la conversation, je vous prie.	어떤 이유인지 당신의 앞에 클레릭 마스터가 나타났습니다. 대화를 나누어 보세요.				
QUEST_UNUSED_20150317_000222	L'épreuve du maître Clerc a été achevée avec succès. Allez trouver un Klaipeda du maître Clerc, je vous prie.	클레릭 마스터의 시험을 무사히 마쳤습니다. 클라페다에 있는 클레릭 마스터를 찾아 가세요.				
QUEST_UNUSED_20150317_000223	Le hibou gardien est apte à vous examiner. Essayez de parler au hibou gardien, je vous prie.	문지기 부엉이는 당신을 알아보고 반가워 합니다. 문지기 부엉이와 대화해 보세요.				
QUEST_UNUSED_20150317_000224	Disponible auprès de la cathédrale de sculpture de marbre	대성당에서 대리석 조각 구하기				
QUEST_UNUSED_20150317_000225	Paroles de l'effigie de hibou du hibou gardien, et vous voulez rendre la pareille au sculpteur Tesla. Obtenez une sculpture de marbre de la cathédrale des monstres, je vous prie.	문지기 부엉이의 말로는 부엉이 조각상들은 조각가 테슬라에게 은혜를 갚고 싶어 한다고 합니다. 대성당의 몬스터에게서 대리석 조각을 구하세요.				
QUEST_UNUSED_20150317_000226	Sculpture de marbre transférée au sculpteur Tesla	조각가 테슬라에게 대리석 조각 전달				
QUEST_UNUSED_20150317_000227	Vous avez récolté assez de morceaux de marbre. Livrez-les au sculpteur Tesla à Vallon du pavage en losanges.	대리석 조각을 충분히 구한 것 같습니다. 마름포석골에 있는 조각가 테슬라에게 대리석 조각을 가져다 주세요.				
QUEST_UNUSED_20150323_000228	Entrer dans Pic de Kule	쿨레 고개 진입				
QUEST_UNUSED_20150323_000229	Se Rendre à Pic de Kule	쿨레 고개로 이동한다				
QUEST_UNUSED_20150323_000230	Récolter les boîtes de restes éparpillées sur Pic de Kule	쿨레 고개입구에 흩어져 있는 유골함을 모아온다				
QUEST_UNUSED_20150323_000231	Il semble que vous ayez récolté assez de morceaux de marbre. Apportez les morceaux de marbre au sculpteur Tesla à la Vallée de Vieta.	대리석 조각을 충분히 구한 것 같습니다. 비에타 계곡에 있는 조각가 테슬라에게 대리석 조각을 가져다 주세요.				
QUEST_UNUSED_20150714_000232	Débarrassez-nous des monstres des environs, je vous prie. J'ai entendu dire que les monstres{nl}sont devenus violents à Rodoma, 1er site historique.	그래도 혹시 모르니 이 주변의 몬스터 퇴치를 부탁드리겠습니다.{nl}로도마 제1 유적지의 몬스터가 난폭하게 변했다는 보고도 있었거든요.	QUEST_LV_0100_20150317_000139	Vainquez tous les monstres à proximité pour empêcher qu'il n'arrive quoi que ce soit, je vous{nl}prie. Des rapports signalaient que les monstres du 1st Chantier des architectes étaient devenus{nl}violents.	그래도 혹시 모르니 이 주변의 몬스터 처치를 부탁드리겠습니다.{nl}로도마 제1 유적지의 몬스터가 난폭하게 변했다는 보고도 있었거든요.	용병 글렌
QUEST_UNUSED_20150714_000233	Quoi qu'il en soit, bien. J'ai besoin des essences des esprits que possèdent les esprits morts qui{nl}errent autour de la tombe du soldat inconnu. Vous pouvez employer tous les moyens pour les{nl}obtenir.	어쨌든, 좋습니다. {nl}무명용사의 무덤에서 방황하는 망령이 가지고 있는 영혼의 정수가 필요합니다.{nl}무슨 수를 써도 상관없으니 그들에게 영혼의 정수를 받아 주시지요.	QUEST_LV_0100_20150317_001604	Quoi qu'il en soit, c'est bien. J'ai besoin de l'Essence d'esprit de l'esprit qui erre autour de la{nl}tombe du guerrier inconnu. Vous pouvez faire n'importe quoi, apportez-nous simplement{nl}l'Essence.	어쨌든, 좋습니다. {nl}무명용사의 무덤에서 방황하는 망령이 가지고 있는 영혼의 정수가 필요합니다.{nl}무슨 수를 써도 상관없으니 그들에게 영혼의 정수를 받아 주시지요. 	무덤지기 부엉이 조각상
QUEST_UNUSED_20150714_000234	Mais ce que je veux, c'est l'esprit pur. Je veux que vous placiez les deux pierres d'âme dans la{nl}boîte sacrée et que vous les purifiiez.	하지만 제가 원하는 것은 순수한 영혼입니다.{nl}가져오신 두 개의 영혼석을 성물함에 넣고 정화했으면 합니다.	QUEST_LV_0200_20150317_000699	Mais ce que je veux, c'est une âme pure. Je voudrais que vous placiez les deux pierres d'âme{nl}dans la boîte sacrée et que vous la purifiiez.	하지만 제가 원하는 것은 순수한 영혼입니다.{nl}가져오신 두 개의 영혼석을 성물함에 넣고 정화했으면 합니다. 	무덤지기 부엉이 조각상
QUEST_UNUSED_20150714_000235	La plaque d'or que vous m'avez trouvée il y a peu.. je crois qu'il y en a d'autres morceaux. Ce{nl}sont toutes les plaques d'or que j'ai trouvées, je n'en ai donc pas d'autres.{nl}	조금 전에 찾아 주셨던 금속판.. 아무래도 다음 부분이 남아있는 것 같아요.{nl}제가 찾은 금속판은 그게 전부인데 큰일이네요.{nl}				알뤼다
QUEST_UNUSED_20150714_000236	Ah, il y a un autre endroit que nous n'avons pas encore fouillé. La Grand-route de Folsas.{nl}Pouvez-vous y aller pour moi ?	아, 아직 한 군데 찾지 않은 곳이 있기는 해요. 폴사스 가도요.{nl}그곳에 한 번 가 봐 주실래요?				알뤼다
QUEST_UNUSED_20150714_000237	Tout se passe-t-il bien ? Peut-être n'ai-je pas assez réfléchi.	잘 되어 가시나요?{nl}제 생각이 좀 짧았나봐요.				알뤼다
QUEST_UNUSED_20150714_000238	Ce sont des matériaux de recherche. Dites au Maître Cryomancien que vous les remettez de la{nl}part de Gitis.	연구 자료입니다. 크리오맨서 마스터에게 기티스 대신해서 연구 자료를 준다고 말씀하시면 됩니다.	QUEST_LV_0200_20150323_003824	Voici les documents de recherche. Dites au Maître Cryomancien que vous remettrez les{nl}documents de recherche au nom de Gytis.	연구 자료입니다. 크리오맨서 마스터에게 기티스 대신해서 연구 자료를 준다고 말씀하시면 됩니다. 	파이로맨서 마스터
QUEST_UNUSED_20150714_000239	Il y a un monstre gigantesque qui contrôle ces gobelins des bois.	저 우드 고블린들을 통솔하는 거대한 녀석이 있습니다.				수도사 제프리
QUEST_UNUSED_20150714_000240	Vous pourriez rencontrer le Gobelin des bois géant au Marécage de Laukyme. Si c'est le cas,{nl}vainquez-le, je vous prie.	이곳 라우키에 저습지에서 자이언트 우드 고블린을 마주치실지도 모르겠군요.{nl}그렇게 된다면 힘드시더라도 꼭 없애 주시기 바랍니다.				수도사 제프리
QUEST_UNUSED_20150714_000241	C'est très puissant. Soyez prudent.	덩치에 걸맞게 강력한 녀석입니다. 부디 조심하십시오.				수도사 제프리
QUEST_UNUSED_20150714_000242	Si vous l'affrontez, j'espère que vous serez accompagné.	녀석을 상대하시게 된다면 다른 사람들과 함께 하시기를 권합니다.				수도사 제프리
QUEST_UNUSED_20150714_000243	Je ne m'attendais pas à ce que vous le vainquiez.. Vous êtes bien plus fort que je ne le pensais. Je{nl}suis surpris. Si je suis avec vous, reprendre le contrôle du monastère ne sera pas si difficile.	그 녀석을 쓰러뜨리실 줄이야...{nl}계시자님은 제 생각 이상으로 강력한 분이시로군요. 감탄했습니다.{nl}계시자님과 함께라면 수도원 수복도 손쉬운 일이 아닐까 싶군요.				수도사 제프리
QUEST_UNUSED_20150714_000244	Placer les prospectus	유인물 배치 중				
QUEST_UNUSED_20150714_000245	Allumer	불 붙이는 중				
QUEST_UNUSED_20150714_000246	Avis/Restes d'âme livrés à la Sculpture de chouette faible	Notice/영혼의 유골함을 약한 부엉이 조각상에게 전달했습니다	QUEST_UNUSED_20150317_000096	Les restes de l'Avis / âme dont j'ai parlé à l'effigie de hibou faible.	Notice/영혼의 유골함을 약한부엉이 조각상에게 전달했습니다.	
QUEST_UNUSED_20150714_000247	Installer la clé	열쇠 설치 중				
QUEST_UNUSED_20150714_000248	Poser l'appât	미끼를 놓는 중				
QUEST_UNUSED_20150714_000249	Utiliser l'herbicide	제초제 사용 중				
QUEST_UNUSED_20150714_000250	Avis/Détruisez la caisse de fournitures et poursuivez le Vubbe en fuite !#10	Notice/보급품 상자를 파괴하고 도망간 부베를 추적하세요!#10	QUEST_LV_0200_20150317_001781	Annonce /Poursuivez les Vubbe qui ont détruit la caisse de ravitaillement et se sont enfuis ! # 10	Notice/보급품 상자를 파괴하고 도망간 부베를 추적하십시오!#10	
QUEST_UNUSED_20150714_000251	Avis/Poursuivez les Vubbe en fuite !#8	Notice/도망간 부베족을 추적하세요!#8	QUEST_LV_0200_20150317_001784	Annonce / Retrouvons les Vubbe qui se sont enfuis ! # 8	Notice/도망간 부베족을 추적하자!#8	
QUEST_UNUSED_20150714_000252	Avis/Se rendre dans la région suivante#5	Notice/다음 지역으로 이동하세요#5				
QUEST_UNUSED_20150714_000253	Avis/!/Vainquez le Lepus qui bloque le chemin !#8	Notice/!/길을 막고있는 레푸스를 처치하세요!#8	QUEST_LV_0100_20150317_003522	Avis/!/Vainquez les Lepus qui bloquent le passage !#8	Notice/!/길을 막고있는 레푸스 처치!#8	
QUEST_UNUSED_20150714_000254	Avis/!/Vous avez vaincu le le Lepus qui bloquait le chemin !#8	Notice/길을 막고있는 레푸스를 처치했습니다!#8	QUEST_LV_0100_20150317_003523	Avis/!/Les Lepus qui bloquaient le passage sont vaincus !#8	Notice/길을 막고있는 레푸스 처치 완료!#8	
QUEST_UNUSED_20150714_000255	Brûlure	태우는 중				
QUEST_UNUSED_20150714_000256	Je ne peux pas le lire si je ne peux pas le voir.	보이지 않으면 읽을 수 없어				
QUEST_UNUSED_20150714_000257	Se Débarrasser des Coques Aveugles (1)	불발탄 처리(1)				
QUEST_UNUSED_20150714_000258	Que dois-je faire ?	어떻게 처리하는지 대해 묻는다.				
QUEST_UNUSED_20150714_000259	Faites-le vous-même.	알아서 처리하라고 한다.	QUEST_LV_0100_20150317_002557	Partir simplement	그냥 간다	
QUEST_UNUSED_20150714_000260	Se Débarrasser des Coques Aveugles (2)	불발탄 처리(2)				
QUEST_UNUSED_20150714_000261	Je m'occupe des obus aveugles.	불발탄 처리하겠다고 한다.				
QUEST_UNUSED_20150714_000262	Jusqu'au dernier	마지막 한 마리까지				
QUEST_UNUSED_20150714_000263	Je ferai de mon mieux	노력해 보겠다고 한다.				
QUEST_UNUSED_20150714_000264	Il est trop fort pour moi	아무래도 그런 녀석은 벅차다며 거절한다.				
QUEST_UNUSED_20150714_000265	Se Débarrasser des Coques Aveugles (3)	불발탄 처리				
QUEST_UNUSED_20150714_000266	Vous avez trouvé un obus non explosé en parcourant la zone de l'avant-poste. Demandez au Maître Sapeur ce que vous pouvez faire pour vous débarrasser des obus non explosés.	전초구역을 돌아다니가 불발탄을 발견했습니다. 불발탄을 처리할 방법에 대해서 새퍼 마스터에게 물어보세요.				
QUEST_UNUSED_20150714_000267	Le Maître Sapeur essaie d'expliquer comment se débarrasser des obus non explosés. Parlez avec le Maître Sapeur.	새퍼 마스터가 불발탄 처리 방법에 대해서 설명하려고 합니다. 새퍼 마스터와 대화하세요.				
QUEST_UNUSED_20150714_000268	Désamorcer les Obus Aveugles	불발탄 해제하기				
QUEST_UNUSED_20150714_000269	Récupérer les obus aveugles à l'aide des outils de déminage comme le Maître Sapeur l'a indiqué.	새퍼 마스터가 알려준대로 폭탄 제거 도구를 사용해서 불발탄을 회수하세요.				
QUEST_UNUSED_20150714_000270	Livrer les obus aveugles au Maître Sapeur.	회수한 불발탄을 새퍼 마스터에게 전달하세요.				
QUEST_UNUSED_20150714_000271	Il semble que Jeffrey ait encore des affaires à régler. Parlez-lui.	제프리는 아직 신경쓸 것이 남은 것 같습니다. 그와 대화해 보세요.				
QUEST_UNUSED_20150714_000272	Vaincre Gobelin des Bois Géant	자이언트 우드 고블린 처치				
QUEST_UNUSED_20150714_000273	Jeffrey vous a demandé de vaincre le gobelin des bois géant qui commande les autres gobelins des bois.	제프리는 우드 고블린들을 통솔하는 자이언트 우드 고블린을 처치해 줄 것을 부탁했습니다.				
QUEST_UNUSED_20150714_000274	Vous avez réussi à vaincre le gobelin des bois géant. Dites-le à Jeffrey.	자이언트 우드 고블린을 처치하는 데에 성공했습니다. 제프리에게 그 사실을 알려 주세요.				
QUEST_UNUSED_20150717_000275	Kupole Meile	큐폴 메일레				
QUEST_UNUSED_20150717_000276	Svitrigaila	쉬트리가일라				
QUEST_UNUSED_20150717_000277	Éviter le Gel Pétrifiant	석화 서리를 피해				
QUEST_UNUSED_20150717_000278	Qu'y a-t-il dans la boîte... ?	상자에 든 것은..?				
QUEST_UNUSED_20150717_000279	Le sceau que possède le monstre	몬스터가 품은 부대 인장				
QUEST_UNUSED_20150717_000280	Je vais vous le chercher.	모아보겠다고 한다.				
QUEST_UNUSED_20150717_000281	Cela ne m'intéresse pas vraiment.	별로 관심 없다고 한다.				
QUEST_UNUSED_20150717_000282	Regarder le Détecteur de Pétrification	석화 탐지기 살펴 보기				
QUEST_UNUSED_20150717_000283	Jetez un œil au détecteur de pétrification à l'entrée de la Forteresse côtière.	연안 요새 입구의 석화 탐지기를 살펴 보세요.				
QUEST_UNUSED_20150717_000284	Éviter le Gel Pétrifiant	석화 서리 피하기				
QUEST_UNUSED_20150717_000285	En allant jeter un œil au détecteur, quelque chose est soudain apparu derrière ! On dirait le Gel pétrifiant ! Évitez le Gel pétrifiant et fuyez vers un endroit sûr !	탐지기를 살펴 보려 하자 공교롭게도 갑자기 뒤쪽에서 뭔가가 다가옵니다! 아마도 석화서리 인 듯 합니다! 석화 서리를 피해 안전한 곳으로 달리세요!				
QUEST_UNUSED_20150717_000286	Ouvrir le Coffre au Trésor	보물상자 열어보기				
QUEST_UNUSED_20150717_000287	Le coffre au trésor de la Forteresse côtière a l'air suspect. Approchez-vous et ouvrez-le.	연안요새 한 구석에 있는 보물상자가 수상합니다. 다가가 열어 보세요.				
QUEST_UNUSED_20150717_000288	Éviter le Gel pétrifiant et vaincre les monstres	석화서리를 피해 몬스터 처치하기				
QUEST_UNUSED_20150717_000289	En ouvrant le coffre, un Gel pétrifiant diffus est apparu et les monstres alentour se sont mis à attaquer ! Évitez le gel et vainquez tous les monstres.	상자를 열자 미약한 석화서리가 나오면서 주변에서 몬스터들까지 달려 듭니다! 석화서리를 피해서 몬스터들을 모두 처치하세요.				
QUEST_UNUSED_20150717_000290	Parler à Wilhelmina Carriot	빌헬미나 캐리어트와 대화하세요				
QUEST_UNUSED_20150717_000291	Obtenir les Sceaux et Parchemins de l'Armée de Ruklys	루클리스의 부대 인장, 양피지 문서 구하기				
QUEST_UNUSED_20150717_000292	Récolter toute information utile à la Forteresse de la Terre.	대지의 요새에서 정보가 될 만한 물건들을 구하세요.				
QUEST_UNUSED_20150729_000293	C'était juste. Je m'appelle Kupole Meile. Je suis venue guider les âmes pétrifiées de cet endroit.{nl}Mais je crains qu'un gel pétrifiant comme celui de tout à l'heure n'apparaisse soudain, je n'ai{nl}donc pas pu beaucoup me déplacer.	큰 일 날 뻔 했군요. 저는 큐폴 메일레 라고 합니다.{nl}이 곳에서 미쳐 안식에 들지 못한 석화된 영혼들을 인도하려고 왔어요.{nl}하지만 아까처럼 그런 석화서리가 언제 어디서 불어올 지 모르니 함부로 움직이기 어렵군요.				큐폴 메일레
QUEST_UNUSED_20150729_000294	{nl}Il y a des détecteurs de pétrification, mais il semble que certains ne fonctionnent pas...{nl}Voulez-vous inspecter les détecteurs pour moi ?	{nl}석화탐지기가 있기는 한데, 어떤 건 고장 난 거 같기도 해요..{nl}탐지기를 좀 점검 해 주시겠어요?				큐폴 메일레
QUEST_UNUSED_20150729_000295	Il y a longtemps, les démons et les déesses gardaient leurs pouvoirs pour eux. Ils s'abstenaient{nl}d'intervenir dans les domaines des autres. Puis un jour les démons ont jeté cette malédiction de{nl}pétrification.	오래 전에는 마족과 여신들 사이에 미묘한 힘의 견제가 있어왔죠.{nl}서로의 영역을 침범하지 않는 한에서 그것이 지켜졌어요.{nl}그러나 어느 날 마족이 이런 지경의 석화 저주를 내렸지요.				큐폴 메일레
QUEST_UNUSED_20150729_000296	Des détecteurs de pétrification ont été installés dans toute la zone. Le premier que vous avez vu{nl}tout à l'heure semble fonctionner, mais vous devriez jeter un œil aux autres.	석화 탐지기는 여러 곳에 설치 되어 있어요. {nl}아까 보셨던 첫 번째 탐지기는 작동을 잘 하는 것 같으니, 나머지를 점검 해 주세요.				큐폴 메일레
QUEST_UNUSED_20150729_000297	Si seulement tous les détecteurs fonctionnaient...	탐지기가 작동을 잘 해 주었으면..				큐폴 메일레
QUEST_UNUSED_20150729_000298	Oh, je vois. Deux d'entre eux ne fonctionnent donc pas.	아, 그렇군요.{nl}두 개가 고장이 나 있다구요.				큐폴 메일레
QUEST_UNUSED_20150729_000299	Les problèmes de détecteurs se signalent de préférence à l'armée royale. Ce sont eux qui les ont{nl}installés. L'officier de l'armée royale Retia devrait pouvoir aider, je crois.	탐지기 작동의 문제는 왕국군에게 물어 보는 게 좋을 것 같아요.{nl}그들이 탐지기를 설치 했으니까요.{nl}왕국군 장교인 레티아를 찾아가면 뭔가 도움이 되겠죠?				큐폴 메일레
QUEST_UNUSED_20150729_000300	Après que les démons ont jeté la malédiction de pétrification sur cette terre... les déesses ont{nl}bien essayé de nous sauver. Mais les démons étaient furieux qu'elles interfèrent avec leur œuvre{nl}et sont partis pour une autre région...	마족은 이 일대에 석화 저주를 내렸고.. 여신들은 인간들을 구원하려고 했죠.{nl}하지만 서로의 일에 관여하지 않겠다는 암묵적인 룰을 잊었느냐며 마족들은 분개했고 다른 지역에...				큐폴 메일레
QUEST_UNUSED_20150729_000301	{nl}Le désastre qu'ils ont causé était inimaginable... C'était si terrible que cela a forcé les déesses à{nl}renoncer à sauver cette terre pétrifiée...	{nl}아, 생각하기도 싫은 재앙을 내렸어요..{nl}여신들이 석화된 이 곳의 구원을 포기해야 할 만큼 엄청난 재앙이었죠..				큐폴 메일레
QUEST_UNUSED_20150729_000302	Retia est à la Place de Verkti. Hm ? Vous le saviez déjà ?	레티아는 베르크티 광장에 있어요.{nl}음? 이미 알고 계시려나?				큐폴 메일레
QUEST_UNUSED_20150729_000303	Les détecteurs de pétrification de la Forteresse côtière ne fonctionnent pas. J'en suis conscient. Ils{nl}ont été brisés.	연안 요새 지역의 석화 탐지기가 고장났다구요?{nl}그건 이미 알고 있습니다. 그럴만도 합니다.				왕국군 레티아
QUEST_UNUSED_20150729_000304	N'y a-t-il pourtant pas quelqu'un là-bas ? J'ai envoyé du renfort pour réparer les détecteurs{nl}cassés. Cela fait un moment qu'ils sont partis, aussi... Je me demande ce qui s'est passé...	그런데 아직 도착하지 않았나요? 제가 지원병력을 그 쪽에 파견했는데요.{nl}고장난 탐지기를 수리하러 보낸 지가 좀 됐는데.. 어찌 된 일일까요..				왕국군 레티아
QUEST_UNUSED_20150729_000305	{nl}Allez-vous les chercher ?	{nl}한 번, 그들을 찾아 봐 주시겠습니까?				왕국군 레티아
QUEST_UNUSED_20150729_000306	Vu qu'on n'a aucune nouvelle d'eux, cependant... Il a pu leur arriver quelque chose.{nl}Je sais que ce n'est pas facile, mais si vous trouvez leurs corps... voulez-vous les fouiller ?{nl}Ils devraient porter des pièces utiles. Sinon, essayez les monstres alentour...	하지만 어쨌든 아직 소식이 없는 것을 보면.. 어떤 변을 당했을 수도 있겠습니다.{nl}혹시 그들의 시신들이라도 발견한다면.. 번거롭더라도 시신을 뒤져봐 주시겠습니까?{nl}쓸 만한 부품들이 나올 겁니다. 아니면 그 주변의 몬스터들이라도..				
QUEST_UNUSED_20150729_000307	Le gel pétrifiant à l'entrée de la Forteresse côtière est signalé assez souvent, vous devriez donc{nl}vous méfier des attaques de monstres et du gel pétrifiant.	연안요새의 입구 쪽에 석화서리가 자주 보고되고 있으니, 그쪽에서 몬스터의 습격을 받았거나 석화서리에 당했는지도 모르지요.				왕국군 레티아
QUEST_UNUSED_20150729_000308	Les forces de renfort ont toutes disparu... Quel dommage...{nl}Leurs esprits devront aussi être guidés...	지원 병력이 모두 당했군요.. 안타깝네요.. {nl}나중에 그들의 영혼도 인도해 주어야겠어요.				
QUEST_UNUSED_20150729_000309	Bien. Quoi qu'il en soit, prenez ces pièces et réparez le détecteur cassé, je vous prie. Nous{nl}devrions le faire, mais comprenez que nous ne pouvons pas quitter cet endroit.	네. 어쨌든 그 부품들을 들고 가서 고장난 탐지기들을 수리 해 주세요.{nl}저희가 할 일입니다만, 자리를 비울 수 없는 것을 이해해 주십시오.				왕국군 레티아
QUEST_UNUSED_20150729_000310	Voilà les pièces.{nl}Vous devriez maintenant aller réparer les détecteurs.{nl}Prenez garde au gel pétrifiant.	그것이 그 부품들이군요.{nl}이제 수리하러 가셔야겠네요.{nl}석화 서리를 조심하세요.				
QUEST_UNUSED_20150729_000311	Après que tous les détecteurs soient revenus à la normale, je veux guider les esprits vers leur lieu{nl}de repos.	석화 탐지기가 전부 정상으로 돌아오면 차분하게 영혼들을 안식으로 인도할 생각이예요.				큐폴 메일레
QUEST_UNUSED_20150729_000312	Rendez-moi ce service, je vous prie.	그럼, 꼭 부탁 드리겠습니다.				큐폴 메일레
QUEST_UNUSED_20150729_000313	Oh, ils fonctionnent tous maintenant. Merci. Je peux enfin commencer à guider les esprits.	오, 모두 정상 작동 하게 되었군요.{nl}정말 감사합니다.{nl}이제 안심하고 영혼들을 인도해야겠어요.				큐폴 메일레
QUEST_UNUSED_20150729_000314	Je m'inquiète qu'il y ait tant d'esprits... Mais je compte tout de même les guider un par un. Que{nl}votre chemin soit béni par les déesses.	영혼들이 너무 많아 걱정이지만..{nl}차분히 한 분 씩 인도할 예정입니다.{nl}계시자님의 앞길에 여신의 은총이 가득하시길.				큐폴 메일레
QUEST_UNUSED_20150729_000315	Qui êtes-vous ? Restez en arrière. Ou... peut-être si vous pouvez m'aider...	누구인가. 저리 가라.{nl}아.. 혹시 나를 도와줄 수 있다면..				쉬트리가일라
QUEST_UNUSED_20150729_000316	Prêtre Juta	사제 유타				
QUEST_UNUSED_20150729_000317	Ouah. Je n'aurais jamais cru rencontrer quelqu'un dans ce cimetière. Je suis un Bokor au service{nl}de la Déesse Zemyna. Après sa disparition, j'ai suivi sa trace jusqu'ici.{nl}	우와. 이런 묘지에서 사람을 만날 줄은 몰랐어요.{nl}저는 제미나 여신님을 모시는 보코르에요. 사라진 제미나 여신님의 자취를 쫓아 이 곳까지 왔죠.{nl}				사제 유타
QUEST_UNUSED_20150729_000318	J'ai entendu dire que la Déesse Zemyna se cachait et qu'elle avait béni l'Ordre de l'Arbre de{nl}Vérité, mais maintenant que je suis ici je ne vois que des cadavres. Je ne peux pas non plus les{nl}contrôler avec mon pouvoir. Je devrai peut-être m'en débarrasser, ils gênent mes prières...	모습을 감춘 제미나 여신께서 진리의 나무 교단을 축복했다고 하시기에 여기까지 달려왔는데{nl}막상 와보니까 시체들만 돌아다니고 있네요.{nl}심지어 이 시체들 제 힘으로 제어도 안되요. 의식에 방해가 되니 처치를 해야할 것 같은데..				사제 유타
QUEST_UNUSED_20150729_000319	Vraiment ? Merci pour vos paroles. Les prières étaient difficiles à faire seul.{nl}	아, 정말요? 말 만으로도 감사하네요.{nl}사실 혼자서는 의식 준비도 좀 벅찼거든요.{nl}				사제 유타
QUEST_UNUSED_20150729_000320	Occupez-vous donc des corps alentour, je vous prie. Pendant ce temps, je me préparerai et{nl}prierai la déesse.	그럼 근처의 시체들을 처치해주세요.{nl}저는 그 동안 의식을 준비하고 여신님께 기도를 올릴게요.				사제 유타
QUEST_UNUSED_20150729_000321	Je pensais trouver quelque chose ici, mais ces cadavres ne répondent pas à mes pouvoirs de{nl}Bokor... Je n'ai jamais rien vu de tel. Je dois trouver la déesse...	여기 오면 뭐라도 있을 까 했는데 보코르의 힘이 통하지 않는 시체라니..{nl}이런 건 처음 봐요. 어서 여신님을 찾아야 할텐데요..				사제 유타
QUEST_UNUSED_20150729_000322	Oh, vous voilà de retour. Grâce à vous, j'ai pu prier convenablement. Enfin... il n'y a pas plus de{nl}réponse qu'avant mais...	아, 돌아오셨군요. 덕분에 무사히 여신님께 기도를 올릴 수 있었어요.{nl}뭐.. 여느때 처럼 대답은 없으셨지만요..				사제 유타
QUEST_UNUSED_20150729_000323	Je vais les examiner.	점검해 보겠다고 한다	QUEST_LV_0200_20150323_004339	Je vais enquêter	조사해 보겠다고 한다	
QUEST_UNUSED_20150729_000324	Signal	신호				
QUEST_UNUSED_20150729_000325	Couper la Queue (1)	꼬리자르기(1)				
QUEST_UNUSED_20150729_000326	Couper la Queue (2)	꼬리자르기(2)				
QUEST_UNUSED_20150729_000327	Couper la Queue (3)	꼬리자르기(3)				
QUEST_UNUSED_20150729_000328	Une Impasse (1)	막다른 곳에 다다라(1)				
QUEST_UNUSED_20150729_000329	Une Impasse (2)	막다른 곳에 다다라(2)				
QUEST_UNUSED_20150729_000330	Une Impasse (3)	막다른 곳에 다다라(3)				
QUEST_UNUSED_20150729_000331	Abri des Archives	기록물 대피소				
QUEST_UNUSED_20150729_000332	Élégant Seigneur Démon	고상한 마군주				
QUEST_UNUSED_20150729_000333	Le Voyage pour Me Trouver (1)	나를 찾는 여정(1)				
QUEST_UNUSED_20150729_000334	Le Voyage pour Me Trouver (2)	나를 찾는 여정(2)				
QUEST_UNUSED_20150729_000335	Le Voyage pour Me Trouver (3)	나를 찾는 여정(3)				
QUEST_UNUSED_20150729_000336	Le Voyage pour Me Trouver (4)	나를 찾는 여정(4)				
QUEST_UNUSED_20150729_000337	Le Voyage pour Me Trouver (5)	나를 찾는 여정(5)				
QUEST_UNUSED_20150729_000338	Le Voyage pour Me Trouver (6)	나를 찾는 여정(6)				
QUEST_UNUSED_20150729_000339	Un Marché sans Fin (1)	끝없는 거래(1)				
QUEST_UNUSED_20150729_000340	Un Marché sans Fin (2)	끝없는 거래(2)				
QUEST_UNUSED_20150729_000341	Un Marché sans Fin (3)	끝없는 거래(3)				
QUEST_UNUSED_20150729_000342	Un Marché sans Fin (4)	끝없는 거래(4)				
QUEST_UNUSED_20150729_000343	La Tragédie de la Famille Legwyn (1)	르귄가의 비극(1)				
QUEST_UNUSED_20150729_000344	La Tragédie de la Famille Legwyn (2)	르귄가의 비극(2)				
QUEST_UNUSED_20150729_000345	La Tragédie de la Famille Legwyn (3)	르귄가의 비극(3)				
QUEST_UNUSED_20150729_000346	Progression	진행				
QUEST_UNUSED_20150730_000347	Réparation/HAMMERING/5/TRACK_AFTER/None	수리 중/HAMMERING/5/TRACK_AFTER/None	QUEST_LV_0300_20150717_000020	Réparation/MAKING/3/TRACK_AFTER/None	수리 중/MAKING/3/TRACK_AFTER/None	
QUEST_UNUSED_20150730_000348	Avis/Le détecteur s'est activé !#5	Notice/탐지기가 작동하기 시작합니다!#5				
QUEST_UNUSED_20150730_000349	Réparation/HAMMERING/3/TRACK_BEFORE/None	수리 중/HAMMERING/3/TRACK_BEFORE/None				
QUEST_UNUSED_20150803_000350	Parler Avec Membre Irmantas	단원 이르만타스와 대화				
QUEST_UNUSED_20150803_000351	Aller rencontrer Membre Grazina	단원 그라지나와 찾기				
QUEST_UNUSED_20150803_000352	Vous entendez quelqu'un appeler quelqu'un	주변에서 누군가 부르는 소리가 들립니다.				
QUEST_UNUSED_20150803_000353	Parler Avec Membre Grazina	단원 그라지나와 대화				
QUEST_UNUSED_20150803_000354	Remettre les marchandises au membre Irmantas	이르만타스에게 물품 전달				
QUEST_UNUSED_20150803_000355	Aller rencontrer Membre Alina	단원 알리나 찾아가기				
QUEST_UNUSED_20150803_000356	Parler Avec Membre Alina	단원 알리나와 대화				
QUEST_UNUSED_20150803_000357	Parler Avec Membre Allin	단원 알린와 대화	ETC_20150317_001874	Démarrer	시작	
QUEST_UNUSED_20150804_000358	Pour approcher du Mausolée royal, vous devez passer toutes les épreuves du grand roi Zachariel. {nl}Pour obtenir le prochain jeton de l'épreuve suivante, parlez avec l'historien Rexipher.	왕릉에 접근하기 위해서는 자카리엘 대왕의 모든 시련을 통과해야합니다. 다음 시련에 대한 증표를 얻기 위해 사학자 렉시퍼와 대화해 봅시다.	QUEST_LV_0100_20150317_005238	Vous devez résoudre tous les dilemmes du Grand Roi Zachariel afin d'approcher le Mausolée royal. Parlez à rexipher pour obtenir des indices sur le prochain dilemme. 	왕릉에 접근하기 위해서는 자카리엘 대왕의 모든 난제를 풀어야 합니다. 다음 난제에 대한 단서를 얻기 위해 사학자 렉시퍼와 대화해 봅시다.	
QUEST_UNUSED_20150908_000359	S'en débarrasser	소각 중	QUEST_LV_0100_20150317_002476	Incinération/FIRE/2/TRACK_BEFORE/None	소각 중/FIRE/2/TRACK_BEFORE/None	
QUEST_UNUSED_20150908_000360	Il ne reste aucune trace de l'entrepôt	보관소의 흔적조차 남아 있지 않습니다				
QUEST_UNUSED_20150908_000361	Vainquez le monstre qui bloque le chemin !	길을 막고있는 몬스터 처치!				
QUEST_UNUSED_20150908_000362	La défaite du monstre qui bloque le chemin est achevée !	길을 막고있는 몬스터 처치 완료!				
QUEST_UNUSED_20150908_000363	Vous avez remis la boîte des esprits à la sculpture de hibou.	영혼의 유골함을 약한 부엉이 조각상에게 전달했습니다				
QUEST_UNUSED_20150908_000364	Vaincre le Loup-garou !	웨어울프를 처치하세요!				
QUEST_UNUSED_20150908_000365	Vainquez la Muscharia apparue soudainement !	갑자기 나타난 머슈카리아를 처치하세요!				
QUEST_UNUSED_20150908_000366	Prier pour les morts	시신의 명복을 비는 중	QUEST_LV_0100_20150317_003491	Prière pour l'âme/WORSHIP/2/TRACK_BEFORE/SSN_HATE_AROUND	시신의 명복을 비는 중/WORSHIP/2/TRACK_BEFORE/SSN_HATE_AROUND	
QUEST_UNUSED_20150908_000367	Prier pour les morts	명복을 비는 중	QUEST_LV_0100_20150317_003492	Prière pour l'âme du défunt/WORSHIP/4/TRACK_AFTER/SSN_HATE_AROUND/F_pc_warp_circle/1/BOT	명복을 비는 중/WORSHIP/4/TRACK_AFTER/SSN_HATE_AROUND/F_pc_warp_circle/1/BOT	
QUEST_UNUSED_20150908_000368	Vous avez prié pour le soldat mort !	죽은 병사의 명복을 빌어 주었습니다!				
QUEST_UNUSED_20150908_000369	L'examiner	헤쳐보는 중				
QUEST_UNUSED_20150908_000370	Le déterrer	파 헤치는 중	QUEST_LV_0200_20150317_001625	Fouille/SITGROPE_LOOP/4/TRACK_BEFORE/None	파 헤치는 중/SITGROPE_LOOP/4/TRACK_BEFORE/None	
QUEST_UNUSED_20150908_000371	Détruisez le coffre au trésor et vainquez le Vubbe en fuite !	보급품 상자를 파괴하고 도망간 부베를 추적하세요!				
QUEST_UNUSED_20150908_000372	Poursuivez les Vubbe en fuite !	도망간 부베족을 추적하세요!				
QUEST_UNUSED_20150908_000373	Se rendre dans une autre région	다음 지역으로 이동하세요				
QUEST_UNUSED_20150908_000374	Les monstres sont apparus près de la sculpture de hibou brisée !	부서진 부엉이 조각상 주변에 몬스터가 나타났습니다!				
QUEST_UNUSED_20150908_000375	Alors que vous tentiez de l'allumer, les monstres sont soudain apparus !{nl}Vainquez-les d'abord puis rallumez le feu !	불을 붙이려 하자 갑자기 몬스터들이 몰려들었습니다!{nl}일단 이들을 물리치고 다시 불을 붙여 봅시다!				
QUEST_UNUSED_20150908_000376	Vous avez bien brûlé la sculpture de hibou !	부엉이 조각상을 잘 태워 주었습니다!				
QUEST_UNUSED_20150908_000377	L'allumer	불 불이는 중	QUEST_LV_0200_20150323_004293	Allumage du feu/FIRE/3/TRACK_BEFORE/SSN_HATE_AROUND	불 불이는 중/FIRE/3/TRACK_BEFORE/SSN_HATE_AROUND	
QUEST_UNUSED_20150908_000378	Vaincre tous les monstres en protégeant le feu autour du tas de sculptures	조각상 더미의 불을 지키면서 몬스터를 모두 처치하세요!				
QUEST_UNUSED_20150908_000379	Vainquez le Lepus qui bloque le chemin !	길을 막고있는 레푸스를 처치하세요!				
QUEST_UNUSED_20150908_000380	Vous avez vaincu le Lepus qui bloquait le chemin !	길을 막고있는 레푸스를 처치했습니다!				
QUEST_UNUSED_20150908_000381	Les Siaulamb arrivent pour vous arrêter !	샤울렘들이 저지하기 위해 달려듭니다!				
QUEST_UNUSED_20150918_000382	Le Maître Archer vous a-t-il envoyé ici ? Klaipeda se stabilise, mais Fedimian est encore ainsi.	아처 마스터가 보내서 왔나.{nl}클라페다는 점점 안정을 찾아가고 있지만 페디미안은 아직 이 모양이다.	QUEST_JOBSTEP_20150317_000205	Est-ce le Maître Archer qui t'a envoyé ? Klaipeda se stabilise mais Fedimian est encore en{nl}danger. 	아처 마스터가 보내서 왔나.{nl}클라페다는 점점 안정을 찾아가고 있지만 페디미안은 아직 이 모양일세.	로델레로 마스터
QUEST_UNUSED_20150918_000383	Je veux que vous vous débarrassiez des monstres boss à la Tour du mage. Nous n'avons pas assez{nl}de bras pour reconstruire Fedimian et les monstres sortent aussi de la tour.	자네에겐 마법사의 탑에서 대장급 몬스터를 맡기지.{nl}페디미안을 재건하는 것도 일손이 부족한데 탑에서 몬스터까지 쏟아져 나오고 있거든.	QUEST_JOBSTEP_20150317_000207	Je veux que tu vainques le monstre boss de la Tour du mage. Les monstres déferlent de la tour et{nl}nous avons déjà assez de mal à reconstruire Fedimian.	자네는 마법사의 탑에서 대장급 몬스터를 쓰러뜨려 주게.{nl}페디미안을 재건하는 것도 일손이 부족한데 탑에서 몬스터까지 쏟아져 나오고 있거든.	로델레로 마스터
QUEST_UNUSED_20150918_000384	D'après le rapport de l'éclaireur qui a réussi à s'infiltrer dans la tour, il s'agissait de Minotaurus{nl}au 3e étage de la Tour du mage. Si nous pouvions vaincre ce monstre, ce serait un avertissement{nl}suffisant.	잠입에 성공한 정찰병의 보고로는 마법사의 탑 3층의 미노타우로스라고 했어.{nl}그 몬스터를 처치하면 충분한 경고가 되겠지.	QUEST_JOBSTEP_20150317_000208	D'après l'éclaireur qui a réussi à entrer, il y avait un Minotaure au 3e étage de la Tour du mage.{nl}Le vaincre suffira comme avertissement. 	잠입에 성공한 정찰병의 보고로는 마법사의 탑 3층의 미노타우로스라고 했네.{nl}그 몬스터를 처치하면 충분한 경고가 되겠지.	로델레로 마스터
QUEST_UNUSED_20150918_000385	Bien joué. La force des monstres s'en est trouvée un peu réduite. Transmettez ma gratitude au{nl}Maître Archer, je vous prie.	수고했어. 덕분에 몬스터의 기세가 좀 수그러들었다는군. {nl}아처 마스터에게도 고맙다고 전해 줘.	QUEST_JOBSTEP_20150317_000209	Bien joué. Grâce à toi, les monstres ont été repoussés. Transmets aussi ma gratitude au Maître{nl}Archer. 	수고했네. 덕분에 몬스터의 기세가 좀 수그러들었어. {nl}아처 마스터에게도 고맙다고 전해 주게.	로델레로 마스터
QUEST_UNUSED_20150918_000386	Merci. En tant que Maître Clerc, je vous aiderai à accomplir une plus grande mission.	감사합니다. {nl}클레릭 마스터로서 당신이 더 높은 사명을 이루는 것을 기꺼이 도와드리겠습니다.	QUEST_JOBSTEP_20150317_000646	Merci. En tant que Maître Clerc, je t'aiderai à accomplir une mission supérieure.	감사합니다. {nl}클레릭 마스터로써 당신이 더 높은 사명을 이루는 것을 기꺼이 도와드리겠습니다.	클레릭 마스터
QUEST_UNUSED_20150918_000387	Il y a des nids de monstres à droite de ce carrefour. Certains de nos collègues sont peut-être{nl}encore en vie.	이 사거리의 오른쪽에 몬스터들의 둥지가 있어요. {nl}배가 불러 먹어치우지 못한 동료들이 아직 남아 있을지도 몰라요.	QUEST_LV_0200_20150317_000850	Il y a un nid de monstres au bout de cette route. Mes camarades y sont peut-être encore en vie.	이 사거리의 끝에 몬스터들의 둥지가 있어요. {nl}배가 불러 먹어치우지 못한 동료들이 아직 남아 있을지도 몰라요.{nl}{nl}	약해진 부엉이 조각상
QUEST_UNUSED_20150918_000388	Bien sûr, je devrais d'abord vous rendre la pareille en tant que Maître Écuyer.	물론 그 전에, 스콰이어 마스터로서 당신께 보답하는 것이 먼저이겠지요.	QUEST_JOBSTEP_20150730_003068	Bien sûr, je dois d'abord te rendre la pareille en tant que Maître Écuyer.	물론 그 전에, 스콰이어 마스터로써 당신께 보답하는 것이 먼저이겠지요.	스콰이어 마스터
QUEST_UNUSED_20150918_000389	La collection des collectionneurs	수집상의 컬렉션				
QUEST_UNUSED_20150918_000390	Vainquez les monstres qui bloquent le chemin !	길을 막고있는 몬스터를 처치하세요!				
QUEST_UNUSED_20150918_000391	Vous avez vaincu tous les monstres qui bloquaient le chemin !	길을 막고있는 몬스터를 모두 처치했습니다!				
QUEST_UNUSED_20150918_000392	Parler avec le collectionneur	수집상과 대화				
QUEST_UNUSED_20150918_000393	Collections obtenues	수집품 획득				
QUEST_UNUSED_20151001_000394	Vous êtes donc le Révélateur qui a rêvé le rêve des déesses. Je suis Uska, le commandant des{nl}chevaliers en charge de Siauliai et de Klaipeda.	여신의 꿈을 꾼 계시자이십니까.{nl}저는 샤울레이와 클라페다를 담당하고 있는 기사단장, 우스카입니다.{nl}				기사단장 우스카
QUEST_UNUSED_20151001_000395	Le royaume a perdu tout espoir. Sans la volonté de se relever.. en appelant au nom des déesses.{nl}	지금의 왕국은 모든 희망을 잃었습니다. {nl}다시 일어설 의지조차 꺾인 채로.. 여신의 이름만 부르짖고 있습니다.{nl}				기사단장 우스카
QUEST_UNUSED_20151001_000396	À vrai dire, je ne peux pas voir d'un bon œil les Révélateurs que vous êtes. Puisque j'ai la charge{nl}d'une cité..{nl}	솔직히 저는 계시자 여러분들을 희망적으로만 바라볼 수는 없습니다.{nl}한 도시를 짊어지고 있는 책임자이기에.. {nl}				기사단장 우스카
QUEST_UNUSED_20151001_000397	Nous ne devrions pas revivre cette dépression.	다시 절망을 겪을 순 없는 것 아니겠습니까.				기사단장 우스카
QUEST_UNUSED_20151001_000398	Quoi qu'il en soit, l'évêque a lui aussi rêvé de la révélation. Il m'a dit que quand le Révélateur{nl}viendrait, il devrait aller à la Mine de cristal.{nl}	자.. 어쨌든, 주교님께서도 계시의 꿈을 꾸셨습니다.{nl}계시자가 오거든 수정광산으로 보내라고 하셨다는군요.{nl}	QUEST_LV_0100_20150317_000304	L'évêque a lui aussi rêvé d'une révélation. Il m'a dit d'envoyer les Révélateurs à la Mine de{nl}cristal.{nl}	주교님께서도 계시의 꿈을 꾸셨습니다.{nl}계시자가 오거든 수정광산으로 보내라고 하셨다는군요.{nl}	기사단장 우스카
QUEST_UNUSED_20151001_000399	Mais, puisque le village minier combat les Vubbe, nous restreignons l'entrée. Le chevalier Aras,{nl}dans la forêt est, en est responsable, allez donc le voir.	하지만 현재 광산 마을은 부베와 교전중인지라 출입을 제한하고 있습니다.{nl}동쪽 숲에 있는 기사 아라스가 담당이니 그를 만나보십시오.	QUEST_LV_0100_20150317_000307	Mais le Village des mineurs est en guerre contre les Vubbes et son entrée est réservée au{nl}personnel autorisé uniquement. Chevalier Aras est celui qui dirige les troupes dans les Bois de{nl}Siauliai est. Vous devriez lui parler.	하지만 현재 광산 마을은 부베와 교전중인지라 허가된 인원 외의 출입을 제한하고 있습니다.{nl}동쪽 숲에 있는 기사 아라스가 담당이니 그를 만나보십시오.	기사단장 우스카
QUEST_UNUSED_20151001_000400	Si le nombre de monstres a augmenté dans cette forêt, c'est à cause des combattants Vubbe.{nl}Découvrez combien de Vubbe se trouvent ici, je vous prie.{nl}	이 숲의 몬스터가 불어난 게 부베 투사의 짓이였군요.{nl}부베 투사가 얼마나 있는지 알아봐 주세요.{nl}	QUEST_LV_0100_20150317_000341	Ainsi les Combattants Vubbe sont la cause du nombre croissant de monstres. Découvrez{nl}combien il y a de Combattants Vubbe, je vous prie.{nl}	몬스터가 불어난 게 부베 투사의 짓이였군요.{nl}부베 투사가 얼마나 있는지 알아봐 주세요.{nl}	기사 아라스
QUEST_UNUSED_20151001_000401	Hé. Vous êtes ce fameux Révélateur, pas vrai ? On dirait que la Forteresse de la Terre vous{nl}intéresse.{nl}	어라. 너는 그 유명한 계시자 맞지?{nl}너도 대지의 요새에 관심이 있나보네.{nl}	QUEST_LV_0200_20150317_000372	J'ai entendu parler de vous par Wilhelmina. On dit que vous êtes bon ? Mais pouvez-vous entrer{nl}dans la forteresse de la contrée sans notre aide ? Il vous faudra un éclaireur, aussi bon{nl}soyez-vous. Je vous emmènerai si vous nous aidez, Wilhelmina et moi.	빌헬미나에게 네 활약은 많이 들었어, 꽤 실력이 좋다며? 하지만 대지의 요새로 우리도움 없이 들어갈 수 있을까?{nl}아무리 실력이 좋아도 길잡이들이 필요할거야, 빌헬미나와 내 계획을 도와준다면 함께 데려가 줄게	도굴꾼 아만다
QUEST_UNUSED_20151001_000402	Voilà, l'endroit est plein de soldats de l'armée royale, vous ne pouvez pas simplement entrer.{nl}Alors. De quel côté êtes-vous ? Si vous voulez entrer dans la Forteresse de la Terre, vous feriez{nl}mieux de me le dire.{nl}	하지만 거긴 나라면 모를까, 왕국군이 많아서 그냥은 못들어가.{nl}자. 넌 누구 편이지?{nl}대지의 요새에 들어가고 싶거든 솔직하게 대답하는 게 좋을 거야.	QUEST_LV_0200_20150317_000373	Wilhelmina a demandé les archives de l'époque de Ruklys en échange de son aide. Pouvez-vous{nl}les rassembler dans la zone de rassemblement devant ? Je causerais une grande agitation si nous{nl}y allions nous-mêmes, alors je voudrais que vous le fassiez.	빌헬미나가 우리일을 도와주는 대가로 루클리스 시대의 기록들을 찾아와 달라고 했는 데, 이 앞 집결지에서 그걸 좀 모아와 줄 수 있겠어?{nl}우리가 나선다면 큰 소란이 일어날거야, 네가 좀 해줘	도굴꾼 아만다
QUEST_UNUSED_20151001_000403	Prenez garde de ne pas être repéré par les soldats du royaume. Même si vous êtes pris, riez{nl}simplement et faites comme si de rien n'était.	왕국군 눈에 띄지 않게 조심해줘.{nl}들키더라도 적당히 웃으면서 넘어가라고.	QUEST_LV_0200_20150317_000374	Nous comptons entrer dans la salle des trésors de la forteresse de la contrée à l'insu de l'armée{nl}royale. Mais un Gargouille nous barre la route et nous ne pouvons pas le vaincre nous-mêmes{nl}sans faire d'histoires. Voilà pourquoi nous avons besoin de votre aide et de celle de Wilhelmina.	우린 왕국군 몰래 대지의 요새 안에 있는 보물이 가득한 방에 들어갈 생각이야.{nl}하지만 내가 들어가려고하면 가고일이 막아서는 데 우리힘으론 소란피우지 않고 녀석을 제압할 방법이 없어{nl}그래서 너와 빌헬미나의 도움이 필요해	도굴꾼 아만다
QUEST_UNUSED_20151001_000404	Vous avez vu la Gargouille Sculpture au lieu de rassemblement, n'est-ce pas ? C'est la Gargouille.{nl}	집결지에서 가고일 석상을 봤지?{nl}그게 그 가고일이야.{nl}	QUEST_LV_0200_20150317_000375	Avez-vous vu la statue de Gargouille dans la zone de rassemblement ? Elle bouge chaque fois{nl}que je tente d'en approcher, alors je ne peux pas entrer dans la forteresse de la contrée.{nl}Wilhelmina dit qu'elle a un outil pour la maîtriser, alors vous n'avez qu'à lui remettre ce que{nl}vous avez trouvé et le prendre.	집결지에서 가고일 석상을 봤지? 그녀석은 내가 다가 가기만 해도 살아서 움직이는 턱에 대지의 요새로 들어갈 수가 없어.{nl}빌헬미나에게 녀석을 제압할 도구가 있다고 하니 이제 네가 찾아준걸 넘겨주고 넌 그걸 받아오기만 하면돼	도굴꾼 아만다
QUEST_UNUSED_20151001_000405	Étrangement, chaque fois que j'essayais d'entrer dans la forteresse, elle bouge soudain et bloque{nl}le chemin. Sans faire de dégâts, il sera impossible de les soumettre avec notre force.	이상하게 내가 요새로 들어가려고 하면 갑자기 살아 움직이면서 막아서더라고.{nl}소란 피우지 않고서 우리 힘으로 제압하는 건 무리야.				도굴꾼 아만다
QUEST_UNUSED_20151001_000406	Les Poata dans la forêt est de Siauliai menacent les villageois. Si vous pouviez les éliminer au{nl}nom des déesses, je vous enseignerai ma magie.	샤울레이 동쪽 숲에 있는 포아타가 주민들을 위협하고 있대.{nl}여신의 이름으로 그 몬스터를 없애 준다면 내 마법을 전수해 주겠어.	QUEST_JOBSTEP_20150714_002755	Les Poata de la forêt est de Siauliai menacent les villageois. Si tu peux vaincre ce monstre au nom{nl}des déesses, je t'enseignerai ma magie.{nl}{nl}	샤울레이 동쪽 숲에 있는 포아타가 주민들을 위협하고 있대.{nl}여신의 이름으로 그 몬스터를 없애 준다면 나의 마법을 전수해 주겠어.{nl}{nl}	파이로맨서 마스터
QUEST_UNUSED_20151001_000407	Quand je vous ai vu la première fois, vous aviez l'air bien gauche.. mais. Maintenant, vous êtes{nl}devenu plus célèbre que moi.{nl}	널 처음 보았을 땐 너무 어설프지 않나.. 싶었는데.{nl}지금은 나보다도 더 유명해진 것 같아.{nl}	QUEST_UNUSED_20150317_000019	La plaque quand je vous ai vu la première fois, je me demande ne pas mourir aussitôt{nl}l'analyseur trop se lever. J'ai pensé. maintenant je crois qu'elle est devenue plus célèbre que moi. {nl}	널 처음 보았을 땐 너무 어설퍼서 금방 죽지 않을까.. 싶었는데.{nl}지금은 나보다도 더 유명해진 것 같아.{nl}	아처 마스터
QUEST_UNUSED_20151001_000408	Bien joué. Quand vous aurez acquis de l'expérience et appris l'escrime auprès de moi, vous{nl}deviendrez un bon chevalier.	수고했다.{nl}앞으로도 실전 경험을 쌓고 내 밑에서 검을 배운다면 좋은 검사가 될 수 있을 것이다.	QUEST_JOBSTEP_20150317_000657	Bien joué. Tu deviendras un bon épéiste si tu acquiers plus d'expérience et apprends auprès de{nl}moi.	수고했다.{nl}앞으로도 실전 경험을 쌓고 나의 밑에서 검을 배운다면 좋은 검사가 될 수 있을 것이다.	하이랜더 마스터
QUEST_UNUSED_20151001_000409	Vous êtes venu ici apprendre l'enseignement du Roublard auprès de moi ? C'est bien. Il y a une{nl}tâche qui me permettra de vérifier vos talents de Roublard et de résoudre mon problème.{nl}	나에게 로그의 가르침을 받으러 온거야?{nl}마침 잘 됐어.{nl}너의 로그로서의 실력을 검증하면서 내 문제도 해결할 수 있는 일석이조의 일이 있거든.{nl}				로그 마스터
QUEST_UNUSED_20151001_000410	Le Maître Éclaireur et moi étions autrefois de très bons amis, mais notre relation est un peu{nl}gênée maintenant. Je veux rétablir cette relation en lui offrant un cadeau, mais si j'y vais, je serai{nl}repéré. Pouvez-vous y aller discrètement et lui laisser un cadeau ?	스카우트 마스터와 나는 한때는 둘도 없는 친구였지만 지금은 조금 어색해져서 말이야.{nl}뭔가 선물이라도 주면서 관계를 회복해보고 싶은데.. 내가 직접가는 건 역시 너무 눈에 띄거든.{nl}니가 대신해서 몰래 선물 좀 전해주고 오지 않겠어?				로그 마스터
QUEST_UNUSED_20151001_000411	Bien. Mais cela comprend aussi votre épreuve. Offrez-lui un cadeau, mais vous devez le déposer{nl}discrètement pour que le Maître Éclaireur ne vous remarque pas. Un conseil : faites-le dans son{nl}dos.	좋아. 하지만 이건 너의 시험도 겸하는 거니까.{nl}선물을 전해주되 스카우트 마스터가 눈치채지 못하게 몰래 넣어두고 와야해.{nl}조언을 해주자면 이런 일은 상대의 뒤를 잡는게 기본이야.				로그 마스터
QUEST_UNUSED_20151001_000412	Vous voilà donc. Il sera surpris quand il le vérifiera plus tard.{nl}	잘 전해주고 왔나보네.{nl}나중에 확인하면 깜짝 놀라겠지?{nl}				로그 마스터
QUEST_UNUSED_20151001_000413	Il est temps d'achever mon travail avec vous. Je vois que vous êtes au-dessus de la moyenne{nl}puisque vous avez pu le placer en secret sans que le Maître Éclaireur le remarque. Vous{nl}apprendrez vite.	이제 너와의 일을 마무리지을 차례군.{nl}스카우트 마스터 몰래 물건을 넣어두고 올 정도면 너도 보통은 아니니까 금방 배울 수 있을거야.				로그 마스터
QUEST_UNUSED_20151001_000414	Vous êtes donc venu ici apprendre les techniques de l'Empenneur. Souvenez-vous, cela vous{nl}coûtera cher aussi.{nl}	플레쳐의 기술을 배우러 왔군.{nl}자네 수준에서 가르침을 받을만한 일이라면 그 대가도 쉽지 않다는 걸 각오해두게.{nl}				플레쳐 마스터
QUEST_UNUSED_20151001_000415	Je cherche les flèches qui ont été créées par le premier Maître Empenneur il y a bien longtemps.{nl}Ces flèches devaient être offertes à Lydia Schaffen, je suis donc sûr que le savoir-faire mis dans{nl}ces flèches n'a rien d'ordinaire. J'ai récemment découvert où se trouvent ces flèches, il faudrait{nl}donc que quelqu'un capable d'en reconnaître la véritable valeur s'y rende.	나는 예전부터 초대 플레쳐 마스터가 만든 화살을 찾아왔소.{nl}리디아 샤펜에게 선물해줄 정도의 화살이니 거기에 담긴 기술은 보통이 아니겠지.{nl}최근에 남아있는 화살의 소재에 대한 정보를 얻게 되었는데 이 일을 시키려면 그 화살의 가치를 알아볼 수 있는 사람이어야겠지.				플레쳐 마스터
QUEST_UNUSED_20151001_000416	D'après les informations que j'ai obtenues, on dirait que je pourrais la trouver au 36_1 de la{nl}région de la vallée. Elle a servi à chasser un monstre violent, vous feriez donc mieux d'être{nl}prudent.	내가 얻은 정보에 의하면 협곡지대 36_1에서 찾을 수 있을 것 같소.{nl}무언가 흉폭한 몬스터를 상대하는데 사용했었다고 하니 주의하는게 좋겠지.				플레쳐 마스터
QUEST_UNUSED_20151001_000417	Je vois qu'elle est magnifique rien qu'à son apparence. Je veux étudier cette flèche{nl}immédiatement, mais ma promesse envers vous passe d'abord. Je vais vous montrer mon talent,{nl}soyez donc attentif.	오 겉으로만 봐도 굉장함을 알 수 있겠군.{nl}당장이라도 이 화살을 연구해보고 싶지만 자네와의 약속이 먼저겠지.{nl}자, 내가 가진 기술을 보여줄테니 눈 크게 뜨고 잘 보도록 하게.				플레쳐 마스터
QUEST_UNUSED_20151001_000418	En tant que Maître Fauconnier, je cherche les moyens de rendre les Fauconniers plus forts par{nl}des méthodes variées. L'une des idées qui me sont venues était d'utiliser les monstres aériens au{nl}lieu des aigles.{nl}	응사 마스터로서 다양한 시도를 통해 응사들이 더욱 강해지는 방법을 찾고 있다.{nl}그 중 하나로 매를 대신해서 날아다니는 몬스터들을 써먹을 순 없을까 하는 생각을 했지.{nl}				응사 마스터
QUEST_UNUSED_20151001_000419	Bien sûr, je suis satisfait de mon partenaire, Rith, mais je crois que ces tentatives aideraient le{nl}Fauconnier.	물론 내 파트너 리쓰에게 만족하고 있지만 이런 시도는 응사들에게 도움이 될 수 있다고 생각한다.				응사 마스터
QUEST_UNUSED_20151001_000420	Comme quand on apprivoise un aigle, que diriez-vous de le nourrir ? Je n'attends pas{nl}grand-chose alors vous feriez mieux d'y aller et d'essayer d'abord. J'ai mis assez de nourriture,{nl}essayez donc au moins sur trois espèces de monstres différentes.	매를 길들일 때 처럼 먹이라도 줘보면 되지 않을까?{nl}큰 기대는 하고 있지 않으니 일단 가서 시도라도 해보는게 좋겠군.{nl}먹이는 넉넉히 넣어두었으니 적어도 세 종류의 몬스터에게는 시도해보도록.				응사 마스터
QUEST_UNUSED_20151001_000421	Avons-nous échoué. C'est bien fâcheux, mais je m'y attendais. Quels que soient les résultats, je{nl}paierai vos efforts. Bien. Je vous enseignerai moi-même.	역시 실패했나. 아쉽지만 예상했던 바다.{nl}결과야 어찌되었든 그대의 노력에는 보답해야겠지.{nl}좋다, 내가 직접 지도해주도록 하지.				응사 마스터
QUEST_UNUSED_20151001_000422	Vous voulez apprendre des techniques plus avancées ? Si vous voulez apprendre les techniques{nl}avancées du Schwaze Reiter, vous devez posséder des talents solides. Le plus important, c'est de{nl}tirer sur les ennemis avec précision.	더 고급기술을 배우고 싶다고?{nl}슈바르츠라이터의 고급 기술을 배우려면 그럴만한 실력이 뒷바침 되어야겠지.{nl}첫째도 둘째도 중요한건 확실하게 적을 쏘아 맞추는 일이다.				슈바르츠라이터 마스터
QUEST_UNUSED_20151001_000423	J'aime votre assurance. Mais je devrais vérifier si vous êtes vraiment assez compétent. Je vous{nl}reconnaîtrai si vous réussissez à toucher les ennemis 200 fois consécutivement sans la moindre{nl}erreur.	자신감은 마음에 드는군.{nl}하지만 입만 산건 아닌 지 확인해보겠다.{nl}일반 몬스터에게 가서 실수없이 연속으로 200번 명중시키고 온다면 인정하도록 하지.				슈바르츠라이터 마스터
QUEST_UNUSED_20151001_000424	Vous ne bluffiez donc pas. Il me serait agréable de vous enseigner si vos talents sont de cet ordre.	과연 허세는 아니었군.{nl}그 정도 실력이라면 나도 가르치는 보람이 있지.				슈바르츠라이터 마스터
QUEST_UNUSED_20151001_000425	Vous êtes venu ici apprendre les techniques du Moine ? C'est bien. Je peux vous faire confiance.{nl}J'ai quelque chose à vous demander.{nl}	몽크의 기술을 배우러 왔소?{nl}그럼 마침 잘 됐군. 당신이라면 믿고 맡길 수 있지.{nl}부탁하고 싶은 일이 있소.{nl}				몽크 마스터
QUEST_UNUSED_20151001_000426	Je regrette encore ce que j'ai fait par le passé. J'aide des gens en conséquence, mais si cela venait{nl}à se savoir, j'aurais des ennuis. Vous devez leur envoyer un cadeau ; si vous le faites bien, je vous{nl}enseignerai quelques techniques.	난 과거에 한 실수를 지금도 후회하고 있소.{nl}그에 대한 속죄겸 어떤 이들을 돕고 있는데 이게 알려지면 곤란한 일이라서 말이오.{nl}그들에게 물건을 하나 전하면 되는데, 잘 해낸다면 실력으로 인정하고 기술을 전수하리다.				몽크 마스터
QUEST_UNUSED_20151001_000427	Beaucoup de gens me blâment. Mais je n'accomplis pas cette tâche pour ces gens-là. J'assume{nl}simplement la responsabilité de mon erreur.	그 일로 나를 원망하는 사람들도 많지.{nl}하지만 그런 사람들을 신경써서 하는 일은 아니오.{nl}다만 나 스스로의 실수에 대한 책임을 지는 것이지.				몽크 마스터
QUEST_UNUSED_20151001_000428	L'avez-vous bien réussi ? Alors, il ne vous reste qu'à apprendre de moi.	잘 전해주었소?{nl}그럼 이제 나아게 한 수 배우는 일만 남았군.				몽크 마스터
QUEST_UNUSED_20151001_000429	Vous êtes venu ici pour être reconnu par moi ? Mais j'ai une affaire à régler pour l'instant, c'est{nl}donc un peu difficile en ce moment. Le livre des transactions a été déchiré à cause des monstres.{nl}{nl}À cause de cela, je ne peux pas me concentrer sur d'autres travaux. Si vous êtes pressé, je vous{nl}dirai l'emplacement, alors rapportez-moi le livre préliminaire, je vous prie. C'est un secret, mais{nl}je vous le dis en raison de notre relation et parce que je vous fais confiance.	나에게 새로이 인정받기 위해 왔는가?{nl}하지만 지금은 내가 조금 곤란한 일이 있어서 힘들겠군.{nl}몬스터들 때문에 거래 장부가 찢어져버려서 말이네.{nl}{nl}이거 때문에 지금 다른 업무를 보는 일도 정신이 없네.{nl}정 급하다면 내가 장소를 알려줄테니 대신 예비 장부를 가져와주게.{nl}이런건 비밀이긴 하지만 자네와 그동안의 인연도 있고 믿을만한 사람이라고 생각하고 있으니 말이네.				파드너 마스터
QUEST_UNUSED_20151001_000430	Le livre préliminaire se trouve au 35_3 du monastère. Afin d'empêcher que d'autres le trouvent,{nl}je l'ai caché à l'intérieur d'un livre et il y a aussi de faux livres, alors cherchez bien.	예비 장부는 수도원 35_3에 있네.{nl}다른 자들이 찾아내지 못하도록 책속에 숨겨두기도 했고 가짜 장부도 여럿 놓아두었으니 잘 찾아오게.				파드너 마스터
QUEST_UNUSED_20151001_000431	Vous l'avez bien trouvé. Maintenant que nous avons réglé l'urgence, je vais vous reconnaître par{nl}ceci.	제대로 찾아왔군.{nl}급한 일은 처리했으니 자네는 이걸로 인정해주겠네.				파드너 마스터
QUEST_UNUSED_20151001_000432	Afin de bien maîtriser les capacités du Druide, vous devriez bien connaître les plantes que vous{nl}contrôlez. Je mène justement des recherches sur le phénomène par lequel les plantes trop{nl}développées se sont changées en monstres, vous pourrez donc en apprendre quelque chose. Si{nl}vous m'aidez là-dedans, je le reconnaîtrai comme votre entraînement.	드루이드의 능력을 잘 다루기 위해서는 자신이 다루는 식물에 대해서 잘 아는 것도 중요합니다.{nl}마침 제가 신수의 날 이후로 과성장한 식물들이 몬스터가 되어 날뛰는 문제를 조사하는 중이니 당신도 배울 점이 있겠지요.{nl}이 일을 돕는다면 그 부분을 수행으로 인정해드리겠습니다.				드루이드 마스터
QUEST_UNUSED_20151001_000433	Vainquez les plantes qui se sont changées en monstres et obtenez-en des échantillons. Vous{nl}pourrez obtenir davantage d'échantillons à mesure que les monstres seront plus forts.	몬스터가 된 식물들을 처치하고 표본을 구해와 주세요.{nl}강한 몬스터일수록 더 많은 표본을 얻을 수 있습니다.				드루이드 마스터
QUEST_UNUSED_20151001_000434	Il semble que vous soyez assez compétent. Comme je vous l'ai promis, je vais vous aider.	실력도 충분하신 것 같군요.{nl}수행으로 인정해드리기로 했으니 약속대로 당신을 돕도록 하죠.				드루이드 마스터
QUEST_UNUSED_20151001_000435	Il semble que vous ayez affaire à moi, mais il y a plus important à faire pour l'instant. Le pouvoir{nl}démoniaque né d'un lieu lointain se renforce et commence à influencer le pouvoir de l'Oracle.{nl}En conséquence, ce que nous voyons par la Clairvoyance devient flou.{nl}	저에게 용무가 있으신 거 같은데 지금은 더 중요한 일이 있습니다.{nl}먼 곳에서 발생한 마기가 점점 짙어지더니 오라클의 힘에 영향을 주기 시작했습니다.{nl}결국에는 클레어보이언스로 보는 영상이 흐려지고 있습니다.{nl}				오라클 마스터
QUEST_UNUSED_20151001_000436	Nous devons d'abord nous débarrasser de cette énergie démoniaque. Pourquoi{nl}n'essaieriez-vous pas d'abord ? Résoudre ce problème confirmerait peut-être votre compétence{nl}et pourrait aussi vous servir d'épreuve.	그 마기를 처리하는 게 지금 가장 우선시되어야 할 일입니다.{nl}당신이 한번 나서보지 않겠습니까?{nl}어쩌면 이 일을 해결하는 게 당신의 능력을 증명하면서 동시에 시험이 될 수도 있다는 생각이 듭니다.				오라클 마스터
QUEST_UNUSED_20151001_000437	Le problème survient dans la Région du canyon 36_1. Vous n'avez qu'à placer le Romuva de{nl}purification là où l'énergie démoniaque est forte.	문제가 되고 있는 곳은 협곡지대 36_1입니다.{nl}제가 드린 정화의 로무바를 마기가 강한 곳에 세우면 됩니다.				오라클 마스터
QUEST_UNUSED_20151001_000438	Il semble que vous vous en soyez bien sorti. J'ai bien fait de vous confier cette tâche. Bien, alors{nl}je vous aiderai désormais.	잘 해내신 모양입니다.{nl}당신에게 맡기길 잘 했다는 생각이 듭니다.{nl}그럼 이제 제가 당신을 돕도록 하겠습니다.				오라클 마스터
QUEST_UNUSED_20151001_000439	Bien. Prenez cet objet et rendez-vous à la Forêt de Mochia. Quand vous trouverez quelqu'un,{nl}parlez naturellement et vous devrez lui donner les mots de passe.	좋소, 이 물건을 가지고 모치아 숲으로 가시오.{nl}그곳에서 접견인으로 보이는 사람을 발견하거든 일단 자연스럽게 대화를 하다가 그의 질문에 맞게 암구호를 말해야 하오.				몽크 마스터
QUEST_UNUSED_20151001_000440	Démon Svitrigaila	마족 쉬트리가일라				
QUEST_UNUSED_20151001_000441	Enfin... vous êtes venu. Quelqu'un d'autre que mademoiselle Giltine...{nl}	드디어.. 올 것이 왔군.{nl}날 길티네님의 곁으로 보내줄 이가..{nl}	QUEST_UNUSED_20150729_000315	Qui êtes-vous ? Restez en arrière. Ou... peut-être si vous pouvez m'aider...	누구인가. 저리 가라.{nl}아.. 혹시 나를 도와줄 수 있다면..	마족 쉬트리가일라
QUEST_UNUSED_20151001_000442	J'ai une requête pour vous. Menez-moi à la mort.	네게 부탁이 있다.{nl}날 죽음으로 이끌어 다오.				마족 쉬트리가일라
QUEST_UNUSED_20151001_000443	Écrits sur le Pilier	기둥에 적힌 글귀				
QUEST_UNUSED_20151001_000444	[Antécédents de Cleros]	[클레로스의 배경]				기둥에 적힌 글귀
QUEST_UNUSED_20151001_000445	{nl}Cleros naquit fils aîné d'une famille noble, mais vit ses droits de succession volés par les enfants{nl}de sa belle-mère, qui le chassèrent de leurs terres. On peut dire que ce fut son premier malheur{nl}consigné.	{nl}클레로스는 어느 영주 가문의 장자로 태어났으나 계모의 자식에게 계승권을 빼앗기고 영지밖으로 쫓겨남으로 그의 인생의 첫 실패라 할 일을 기록하였습니다. 				기둥에 적힌 글귀
QUEST_UNUSED_20151001_000446	{nl}Il est parti chercher du travail près de la frontière sur le conseil d'une connaissance. Le travail{nl}s'est révélé être une escroquerie ; il fut emprisonné et forcé de travailler jusqu'à l'épuisement.	{nl}방황하던 그는 지인의 권유로 변방으로 일자리를 찾아 떠났으나 그것은 사기였고, 강제로 잡힌 채로 죽도록 일만 하는 고생을 하였습니다. 				기둥에 적힌 글귀
QUEST_UNUSED_20151001_000447	{nl}Avec l'aide de Ruklys, il échappa à sa vie de quasi-esclavage, après quoi il se mit aux arts{nl}martiaux et connut une période de paix. Ruklys fut cependant persécuté, et bientôt Cleros{nl}retomba dans la misère.	{nl}그 후에 루클리스의 구원을 받아 반노예의 강제된 삶에서는 벗어나 잠시 무예도 익히며 평화로운 시기를 보냈으나 루클리스가 토벌당함으로 그의 잠시의 안식은 다시 재난으로 변했습니다.				기둥에 적힌 글귀
QUEST_UNUSED_20151001_000448	[La mort de Cleros]	[클레로스의 최후]				기둥에 적힌 글귀
QUEST_UNUSED_20151001_000449	{nl}{nl}Après une longue série de malheurs vécus en fuyard sans aucun exploit à raconter, il fut enfin{nl}arrêté et emmené à Kalejimas.	{nl}{nl}기나긴 도주 생활은 고난으로 점철되어 정말 일생에 성공한 일이라고는 없는 삶을 살다가 결국에 그 마저 붙잡혀 칼레이마스로 수용되었습니다.				기둥에 적힌 글귀
QUEST_UNUSED_20151001_000450	{nl}J'aimerais pouvoir dire qu'il y avait de l'espoir pour lui dans cette prison infâme, mais sa vie{nl}là-bas ne fut qu'épreuves jusqu'à la fin.	{nl}그 악명높은 감옥에서 뭔가 희망이 있었다면 좋았겠지만, 그는 최후까지 그곳에서 고생을 하다가 죽었습니다.				기둥에 적힌 글귀
QUEST_UNUSED_20151001_000451	[Après la mort de Cleros]	[클레로스의 죽음, 그 이후]				기둥에 적힌 글귀
QUEST_UNUSED_20151001_000452	{nl}{nl}On pourrait penser que, si sa vie fut jalonnée de malheurs, elle ne fut certainement pas{nl}particulièrement pénible. Mais, à ce qu'on dit, même dans la mort son esprit est tourmenté par{nl}les démons, incapable d'échapper à sa triste condition.	{nl}{nl}여기서 끝난다면 그의 일생은 고난과 실패로 가득찬  삶이기는 해도 유일한 고역의 삶은 아니겠지만 일설에 의하면 그는 지금도 죽은 영혼의 상태로 마족에게 고문당하는 신세를 면치 못하고 있다고 합니다. 				기둥에 적힌 글귀
QUEST_UNUSED_20151001_000453	{nl}Certains croient que le fait qu'il souffre encore aux mains des démons signifie qu'il doit y avoir{nl}un secret sur sa vie que nous ignorons.	{nl}어떤 사람들은 그가 마족에게 이런 일을 당하고 있다는 사실 자체가 실은 그의 인생에 우리가 모르는 비밀한 사연이 있을 것이라 말하기도 합니다.				기둥에 적힌 글귀
QUEST_UNUSED_20151001_000454	Écrits sur le Pilier	기둥에 새겨진 글귀				
QUEST_UNUSED_20151001_000455	[Rumpelstiltskin et la Lune]	[럼펠스틸스킨과 달]				기둥에 새겨진 글귀
QUEST_UNUSED_20151001_000456	{nl}{nl}Ce n'est peut-être pas absolument vrai, mais c'est une histoire racontée par les légendes. Ce que{nl}nous savons, c'est que Rumpelstiltskin a fait un pari avec Lydia Schaffen et a chevauché sa flèche{nl}vers la lune pendant des siècles et des siècles.	{nl}{nl}이것은 확실한 이야기는 아니지만 전설로 전해내려오는 이야기 가운데 하나입니다. 우리가 아는대로 럼펠스틸스킨은 리디아 샤펜과의 내기로 인해 달을 향해 긴 세월을 날아갔습니다. 				기둥에 새겨진 글귀
QUEST_UNUSED_20151001_000457	{nl}Son voyage vers la lune prit très longtemps et fut très difficile. Mais quand il atteignit enfin la{nl}lune, Rumpelstiltskin comprit son problème. La flèche qu'il avait chevauchée jusqu'à la lune ne{nl}pouvait plus guère être appelée une flèche, vu son état après le voyage.	{nl}달에 도착하기까지 매우 긴 세월을 보내며 고생하여 비행을 했습니다. 그러나 마침내 달에 도착했을 때 럼펠스틸스킨은 중대한 문제를 발견했습니다. 자신이 타고 온 리디아 샤펜의 화살은 더 이상 화살이라고 부르기 어려울 정도의 상태가 되었습니다. 				기둥에 새겨진 글귀
QUEST_UNUSED_20151001_000458	Il fut surpris par le fait que la flèche qu'il chevauchait (il ne faisait qu'être assis dessus, elle volait{nl}par sa propre magie) était soudain complètement usée.	방금전까지 자신이 타고(실은 자세만 탄 것이지 실제로는 그의 마력으로 날게한) 온 화살이 갑자기 부식을 심하게 받은 상태로 변한 사실은 그를 놀라게 만들었습니다.				기둥에 새겨진 글귀
QUEST_UNUSED_20151001_000459	[Rumpelstiltskin et la Flèche de Lydia Schaffen]	[럼펠스틸스킨과 리디아 샤펜의 화살]				기둥에 새겨진 글귀
QUEST_UNUSED_20151001_000460	{nl}{nl}Bien sûr, la flèche aurait pu s'user au cours d'un si long voyage, mais cela est arrivé d'un coup{nl}après que Rumpelstiltskin s'est posé sur la lune, ce qui semblait très étrange.	{nl}{nl}물론 긴 시간이 흘렀으니 그럴 수도 있는 일이지만, 화살에서 몸을 떼고 막 달 표면에 화살을 박으려하자 그런 일이 일어났으니 럼펠스틸스킨으로서는 황당한 일이었습니다. 				기둥에 새겨진 글귀
QUEST_UNUSED_20151001_000461	{nl}Il s'avère que ce qui est arrivé à la flèche était la faute de Rumpelstiltskin. Sa magie a bel et bien{nl}fait voler la flèche jusqu'à la lune et l'a protégée, mais ce qu'il ignorait, c'est que la flèche de Lydia{nl}Schaffen était faite d'un matériau utilisé contre les démons. Ainsi, alors que sa magie avait gardé{nl}la flèche intacte tout le long du trajet jusqu'à la lune, dès qu'il lâcha la flèche, qui ne tenait{nl}ensemble que par la magie, elle s'effrita aussitôt en un amas de rouille et tomba au sol.	{nl}화살이 그렇게 된 것은 럼펠스틸스킨의 탓입니다. 럼펠스틸스킨의 마력은 화살을 달까지 날게하고 또한 보존도 하였지만, 리디아 샤펜의 화살은 애초에 마족에 저항하는 상극의 성질을 지니고 있었습니다. 럼펠스틸스킨은 그것을 모르고 자신이 타는 동안에 그의 마력을 끊임없이 불어넣어 화살을 날게하고 한편으로 지켰지만, 한순간 화살과 접촉이 끊기자 마력도 끊겼고, 그러자 그간 마력으로 유지되던 화살은 마치 전체가 녹으로 된 물질이 형체만 유지하다가 녹가루 먼지로 화하는 것처럼 스러지고 만 것입니다.				기둥에 새겨진 글귀
QUEST_UNUSED_20151001_000462	[Où se Trouve Rumpelstiltskin]	[럼펠스틸스킨은 어디에]				기둥에 새겨진 글귀
QUEST_UNUSED_20151001_000463	{nl}{nl}Rumpelstiltskin réfléchit longuement et finit par comprendre, mais il était trop tard. Bien sûr,{nl}aucun humain, déesse ni démon ne peut confirmer cette histoire, car elle n'existe que dans les{nl}légendes. Pour autant que nous sachions, Rumpelstiltskin pourrait bien être encore en route{nl}vers la lune.	{nl}{nl}럼펠스틸스킨은 곰곰히 생각해보고 그 이치를 알았지만 이미 때는 늦은 후였습니다. 물론 이 이야기는 인간도 여신도 마족에게도 확인할 길이 없는 전해지는 이야기에 불과하고 어쩌면 럼펠스틸스킨은 지금도 달을 향해 날고 있을지도 모릅니다.				기둥에 새겨진 글귀
QUEST_UNUSED_20151001_000464	{nl}Ou bien il pourrait errer dans notre monde, à la recherche d'autres flèches que Lydia Schaffen{nl}aurait pu laisser.	{nl}어쩌면 리디아 샤펜이 남긴 다른 화살이 아직 세상에 존재하는지 찾기 위해 숨어서 이 세상을 헤매고 있을지도 모릅니다.				기둥에 새겨진 글귀
QUEST_UNUSED_20151001_000465	Leopoldas	레오폴다스				
QUEST_UNUSED_20151001_000466	Un Révélateur ! Ravi de vous rencontrer. Je m'appelle Leopoldas, je m'occupe des nouveaux{nl}membres des Marchands Kedorlaomer. Je suis vraiment heureux de vous rencontrer ici.	계시자님이시로구먼!{nl}반갑네 반가워. 난 케도라오머 상단에서 신입 단원 관리를 맡고 있는 레오폴다스라고 하네. 이렇게 만나다니 정말 반갑네.				레오폴다스
QUEST_UNUSED_20151001_000467	{nl}Puisque nous avons été présentés, pourrions-nous... discuter un peu ?	{nl}이렇게 만난 것도  인연인데, 잠시 이야기나 .. 어떤가?				레오폴다스
QUEST_UNUSED_20151001_000468	Nos marchands ? Puisque cela vous intéresse, dois-je vous en parler ?	우리 상단?{nl}뭐 궁금하다니까 알려줘 볼까?				레오폴다스
QUEST_UNUSED_20151001_000469	{nl}Pour vous dire la vérité, le monde a besoin de nos marchands. Je ne sais pas si vous le savez,{nl}mais nous avons maintenu la Mine de cristal en vie en lui achetant des minerais, nous avons{nl}fourni les matériaux pour bâtir la Tour astrale, la Grande cathédrale, la Tour de terre et bien plus{nl}encore.	{nl}실은 우리 상단이야말로 이 세상에서 없어서는 안 될 존재지.{nl}아는 지 모르겠는데, {nl}수정광산이 그리 오랜 세월 존재하도록 채굴 광물들의 매입을 했다든지{nl}별의 탑, 대성당, 대지의 요새 같은 대형 공사의 자재를 공급했다든지 하는 일 말이야.				레오폴다스
QUEST_UNUSED_20151001_000470	{nl}C'est exact. C'est nous qui avons fait tout cela. Surpris ?	{nl}그래 맞아. 그런 일을 해 온 장본인들이 바로 우리들이라네.{nl}놀랬지?				레오폴다스
QUEST_UNUSED_20151001_000471	Ce serait formidable si vous pouviez donner un coup de main à nos marchands ici à Manahas, si{nl}vous avez le temps. Là-bas se trouvent nos nouveaux venus, et si vous allez au sud vous pouvez{nl}aider Jurathena Margellius. Vous serez fier de vous dire assistant des Marchands Kedorlaomer !	시간이 난다면 이 곳 마나하스에서 우리 상단의 일들을 좀 도와준다면 좋겠네.{nl}저쪽에 내 담당인 신입단원들도 있고, 저 아래로 내려가면 유라테나 마르젤리유스의 일도 도울 수 있지.{nl}그렇게 되면 자네도 당당히 케도라오머 상단의 조력자! 쯤이 되는 것이 아니겠나.				레오폴다스
QUEST_UNUSED_20151001_000472	Même dans notre groupe, pourtant, nous avons connu des moments difficiles. C'est d'ailleurs un{nl}peu difficile en ce moment. C'est pourquoi nous nous concentrons là-dessus ici en ce moment.	우리 상단이라고 해도 어려웠던 시절이 없으란 법은 없었지.{nl}지금이 살짝 그런 때라고 해도 되려나?{nl}여튼 그래서 이렇게 이 존에 주력하고 있는 것이고.				레오폴다스
QUEST_UNUSED_20151001_000473	À la prochaine.	다음에 또 보세나.				레오폴다스
QUEST_UNUSED_20151001_000474	Ah, je crois savoir quel objet sacré s'y trouve. Au lieu d'utiliser un outil, creusez d'abord avec la{nl}main. Et prenez garde de ne pas casser l'objet et apportez-le-moi.	아, 그 위치라면 어떤 성물인지 알 것 같네요.{nl}도구를 사용하는 것 보다 일단 손으로 한 번 파 보세요.{nl}그리고 나오는 건 깨지지 않게 조심해서 가져다 주세요.				메리사
QUEST_UNUSED_20151001_000475	Cela ne devrait pas être si difficile.	별로 어렵지 않을 거예요.				메리사
QUEST_UNUSED_20151001_000476	Prenez garde de ne pas le casser.	깨지지 않게 조심하세요.				메리사
QUEST_UNUSED_20151001_000477	Voici la fiole qui contient l'encre secrète servant à écrire des enregistrements ou documents{nl}importants. Elle sert à cacher des registres et autres. Merci.	이건 중요한 기록이나 문서를 남기기 위해 사용하던 비밀잉크가 담긴 병이예요. {nl}기록을 숨겨야 할 필요가 있을 때 이 잉크를 사용했을 거라고 알려져 있어요.{nl}감사합니다.				메리사
QUEST_UNUSED_20151001_000478	Antanas	안타나스				
QUEST_UNUSED_20151001_000479	Salutations. Je suis Antanas, de l'ordre Rud. En ces temps où les déesses ont disparu, plutôt que{nl}de combattre d'autres ordres, nous, à l'ordre Rud, préférons attendre les déesses en silence tout{nl}en faisant notre travail.	안녕하시오.{nl}난 러드 종단의 안타나스라고 하오.{nl}여신이 사라진 지금, 다른 종파로 갈려 싸우기 보다는 묵묵히 이 곳 저 곳에서 여신을 기다리면서 자기 할 일을 하고 있는 종단이 바로 러드 종단이라오.				안타나스
QUEST_UNUSED_20151001_000480	{nl}Nous construisons un sanctuaire ici. Nous devons chercher des matériaux pour cela, mais nous{nl}manquons plutôt de bras. Voudriez-vous aider ?	{nl}난 여기서 성소를 만들고 있소.{nl}아닌게 아니라 성소를 만들 재료들을 구해야 하는데 영 일손이 딸리네.{nl}좀 구해주시겠소?				안타나스
QUEST_UNUSED_20151001_000481	Je suis ici à bâtir le sanctuaire, mais il y en a d'autres dehors qui rassemblent des matériaux pour{nl}faire des écritures, cherchent des archives des anciens sages du Ordre de Rud ou accomplissent{nl}d'autres tâches.	여기서 나는 성소를 만들고 있지만, 다른 곳에는 여신 경전을 만들기 위해 재료를 공수하고 있다든지, 러드종단 선현들의 기록을 찾아 정리하는 등의 일을 하는 종단원들이 있지.				안타나스
QUEST_UNUSED_20151001_000482	Il nous faut deux choses. Écoutez bien. Obtenez de la poudre de chaux sur les monstres, puis des{nl}pierres plates pour la construction.	재료가 한 두가지여야지.{nl}잘 들으시오.{nl}몬스터에게서 횟가루도 얻어야 하고, 깔린 돌들에게서 석재용 돌도 구해야 하오.				안타나스
QUEST_UNUSED_20151001_000483	{nl}Vous serez occupé.	{nl}많이 바쁠 거요.				안타나스
QUEST_UNUSED_20151001_000484	Bonne chance !	힘을 내시오!				안타나스
QUEST_UNUSED_20151001_000485	Ouah, vous avez été formidable.	이야, 잘 해 주었소.				안타나스
QUEST_UNUSED_20151001_000486	Cela.. cela vient-il des monstres de la Forteresse de la Terre ? L'armée de Ruklys l'avait autrefois.{nl}	그건.. 대지의 요새의 몬스터에게서 나온 건가요?{nl}이건 과거 루클리스 부대 병사들이 가지고 있던 것입니다.{nl}				빌헬미나 캐리어트
QUEST_UNUSED_20151001_000487	L'objet que vous avez apporté nous aidera dans nos recherches. Pouvez-vous nous en rapporter{nl}davantage ?	가져오신 물건은 저희 기사단의 연구에 도움이 될 것 같습니다.{nl}더 구해주실 수 있나요?				빌헬미나 캐리어트
QUEST_UNUSED_20151001_000488	Je ne m'attendais pas à ce que les monstres de la Forteresse de la Terre aient ceci.. C'est très{nl}intéressant.	대지의 요새에 있는 몬스터들이 이런 걸 가지고 있다니..{nl}상당히 흥미롭군요.				빌헬미나 캐리어트
QUEST_UNUSED_20151001_000489	Cela suffit. Merci d'avoir aidé nos recherches.	이만하면 충분합니다. {nl}저희들의 연구에 도움을 주셔서 감사합니다.				빌헬미나 캐리어트
QUEST_UNUSED_20151001_000490	Que se passe-t-il ? Vous me donnez ceci ?{nl}	무슨 일이시지요?{nl}이걸 제게 주신다는 건가요?{nl}				빌헬미나 캐리어트
QUEST_UNUSED_20151001_000491	C'est surprenant. Cela raconte tout de la vie des soldats d'autrefois. Je devrais l'envoyer au{nl}quartier général. Merci.	놀랍군요. 과거 병사들의 생활상이 적혀있어요. {nl}얼른 이 자료를 기사단 본부에 보내야겠습니다. 감사합니다.				빌헬미나 캐리어트
QUEST_UNUSED_20151001_000492	Non ! Ne me l'enlevez pas, je vous en prie..	안돼!{nl}제발 그 반지만은 빼앗지 말아줘..				원한 서린 영혼
QUEST_UNUSED_20151001_000493	C'est une bombe.. Est-ce un obus non explosé ? Puis-je y jeter un œil ?	그건 폭탄인데.. 불발탄인가?{nl}내가 좀 볼 수 있을까?				새퍼 마스터
QUEST_UNUSED_20151001_000494	C'est très ancien ! On ne voit ce genre de bombes que dans les livres.	이건 완전 구형이잖아!{nl}책에나 볼 수 있는 폭탄이야.				새퍼 마스터
QUEST_UNUSED_20151001_000495	Esprit de Soldat	병사 영혼				
QUEST_UNUSED_20151001_000496	Je n'ai pas pu envoyer l'ordre de retraite. J'aurais dû souffler dans le cor...	부대원들에게 퇴각 명령을 내리지 못했습니다.{nl}나팔을 불어야 하는데..				루클리스 부대원의 영혼
QUEST_UNUSED_20151001_000497	S'ils ne battent pas en retraite, nous serons anéantis. Le cor...	퇴각시키지 않으면 전멸당하고 말 겁니다.{nl}나팔을..				병사 영혼
QUEST_UNUSED_20151001_000498	Merci. À qui appartenez-vous ? Je devrais retourner voir Ruklys maintenant.	감사합니다. 당신은 어디 소속이십니까?{nl}저도 이제 루클리스님께 돌아가야겠습니다..				루클리스 부대원의 영혼
QUEST_UNUSED_20151001_000499	Attendez ! Écoutez ce qu'il dit. Il dit que si je veux récupérer le trésor de notre famille, je dois lui{nl}donner le cristal béni.{nl}	잠시만요! 이 사람 말하는 것 좀 들어보세요.{nl}남의 집안 가보를 되돌려받고 싶으면 축복 받은 수정을 내놓으래요.{nl}				스콰이어 윌리야
QUEST_UNUSED_20151001_000500	Il nous a d'abord donné de faux cristaux et a pris une vie. Et le voilà qui demande d'appeler un{nl}mort et de l'interroger.{nl}	애초에 엉터리 수정을 줘서 사람 목숨까지 잃게 해 놓선 말이에요. {nl}하, 참. 그러더니 이젠 한술 더 떠서 죽은 사람까지 불러다 물어보래요.{nl}				스콰이어 윌리야
QUEST_UNUSED_20151001_000501	Alors je lui ai demandé comment l'invoquer et il m'a dit d'utiliser sur lui le parchemin des{nl}morts. Je lui ai donc demandé combien cela coûterait et il a répondu que je pouvais le payer en{nl}lui donnant de la Peinture bleue.	그럼 어떻게 불러내냐니까 자기한테 망자 스크롤을 사라잖아요?{nl}그래서 얼마면 되냐고 물어보니까 몬스터를 잡아서 파란 도료를 대금으로 내래요.{nl}				스콰이어 윌리야
QUEST_UNUSED_20151001_000502	Je suis sûr que cet homme tentera de s'enfuir pendant que je cherche de la Peinture bleue !{nl}Pouvez-vous m'aider ?	분명 이 늙은 사기꾼이 제가 파란 도료를 구하러 간 사이에 도망치려는 게 분명해요!{nl}저를 도와주실 수 있나요?				스콰이어 윌리야
QUEST_UNUSED_20151001_000503	Désolé. J'étais sans doute trop bouleversé. Je vais vous raconter posément. Je suis un ami du{nl}Maître Écuyer, Justina Legwyn.{nl}	흥분했더니 말에 두서가 없었네요. 차근차근 말씀드릴게요. {nl}저는 스콰이어 마스터인 유스티나 르귄의 친구 윌리야에요.{nl}				스콰이어 윌리야
QUEST_UNUSED_20151001_000504	Le mort dont parle le Pardonneur est le père de mon ami, Gailus Legwyn. Il est ridicule que{nl}Gailus Legwyn, porté disparu, soit décédé, et regardez son attitude.{nl}	저 파드너가 말하는 죽은 사람은 제 친구의 아버지인 가일류스 르귄님이죠.{nl}실종된 가일류스 르귄님이 돌아가셨다는 것도 황당한데 저 태도좀 보세요.{nl}				스콰이어 윌리야
QUEST_UNUSED_20151001_000505	Ce vieil homme ne veut que satisfaire sa cupidité. Pauvre Justina...{nl}	저 늙은이가 르귄가의 가보를 유족에게 돌려주겠다면서 자기 사리사욕을 채우려 하잖아요.{nl}불쌍한 유스티나..{nl}				스콰이어 윌리야
QUEST_UNUSED_20151001_000506	Vous pouvez trouver de la Peinture bleue sur les monstres des Carrefours d'Apgaudin. Je compte{nl}sur vous.	파란 도료는 압가우딘 삼거리의 몬스터에게서 구하실 수 있을 거에요.{nl}꼭 부탁드릴게요.				스콰이어 윌리야
QUEST_UNUSED_20151001_000507	Connaît-elle la valeur du Parchemin des morts ? Peu importe... cela m'est égal désormais.{nl}	저 당돌한 여자애는 그 망자 스크롤이 얼만 줄 알고 저러는 건지.{nl}아깝지만 이젠 상관 없어.{nl}				파드너 에리카스
QUEST_UNUSED_20151001_000508	Je subis cette honte à cause de lui. Je n'en peux plus. Trouvez Gailus Legwyn avec ceci et{nl}demandez-le-lui vous-même !{nl}	불쌍한 사람 도와줬다가 이런 치욕을 당해야 하다니, 참을 수 없단 말이다.{nl}이걸로 가일류스를 찾아서 직접 물어보라고!{nl}				파드너 에리카스
QUEST_UNUSED_20151001_000509	Chercher le sceau de la Tombe de Mires J'ai entendu dire qu'il est mort près de là.	미레스 무덤가의 봉인을 찾아봐.{nl}그 친구, 그 근처에서 죽었다고 들었으니까.				파드너 에리카스
QUEST_UNUSED_20151001_000510	Il ne veut pas reculer tant qu'il n'aura pas récupéré le cristal béni. Il est si tenace.	이 사기꾼은 축복 받은 수정을 돌려받을 때까지 물러날 생각은 없는 것 같아요.{nl}정말 독하네요.				스콰이어 윌리야
QUEST_UNUSED_20151001_000511	Oh, ma déesse ! Je ne m'attendais pas à rencontrer un humain ici..{nl}	세상에, 여신이시여!{nl}이런 곳에서 사람을 만나게 될 줄이야..{nl}				단원 이르만타스
QUEST_UNUSED_20151001_000512	Aidez-moi, je vous en prie. Je suis poursuivi par les poursuivants et les démons de la tour des{nl}étoiles.{nl}	제발 도와주십시오.{nl}전 별의 탑에서부터 추격자들과 마족들에게 쫓기고 있습니다.{nl}				단원 이르만타스
QUEST_UNUSED_20151001_000513	Pouvez-vous rester près de moi jusqu'à ce que je prévienne mes autres collègues par une fusée{nl}de détresse ? Je dois faire savoir aux deux autres collègues venus ici que je suis encore en vie.	제가 신호탄으로 동료들에게 알리는 동안 잠시만 곁에 있어주실 수 있습니까?{nl}이 곳에 함께 온 두 명의 동료에게 제가 아직 살아있다는 걸 알려야 합니다.				단원 이르만타스
QUEST_UNUSED_20151001_000514	Des poursuivants sont venus ici.. J'aurais pu être en danger sans vous.	추격자들이 여기까지..{nl}당신이 아니었다면 큰일날 뻔 했습니다.				단원 이르만타스
QUEST_UNUSED_20151001_000515	Vous.. C'est comme si les déesses étaient à vos côtés. Bien. Je suis sûr que vous valez mieux que{nl}cette Giltine.{nl}	너는.. 마치 여신들이 네 곁에 있는 것 같구나.{nl}그래. 그 가증스러운 길티네보단 낫겠지.{nl}				마군주 하우벅
QUEST_UNUSED_20151001_000516	Je suis le seigneur démon Hauberk. Peut-être m'avez-vous déjà rencontré, moi et mon autre{nl}fragment. Mais ce fragment est un fragment différent. Je ne sais pas qui vous êtes..{nl}	나는 마군주 하우벅이다.{nl}어쩌면 이미 너는 나의 다른 조각을 만났을 수도 있을 것이다.{nl}하지만 그 조각은 나와는 다른 조각일 뿐, 나는 네가 누군지 모른다..{nl}				마군주 하우벅
QUEST_UNUSED_20151001_000517	Je fuyais les démons grâce à un humain appelé Agatas. Mais Agatas est en train de mourir à{nl}cause de l'aiguille paralysante du démon.{nl}	나는 이 아가타스라는 인간을 통해 마족에게서 도망치고 있었다.{nl}하지만 아가타스가 마족의 마비독에 당해 이렇게 죽어가고 있구나.{nl}				마군주 하우벅
QUEST_UNUSED_20151001_000518	Je sais que vous ne me faites pas confiance. Mais, je vous en prie, sauvez ce pèlerin. Si vous{nl}pouvez trouver des Herbes bleux foncé, vous pouvez le sauver.	네가 나를 믿을 수 없다는 건 안다.{nl}하지만 이 선하디 선한 순례자만은 살려다오.{nl}네가 검푸른 허브를 구해온다면 그를 살릴 수 있다.				마군주 하우벅
QUEST_UNUSED_20151001_000519	(Semble inconscient)	(정신을 잃은 것 같다)				순례자 아가타스
QUEST_UNUSED_20151001_000520	Vous pouvez sauver Agatas avec ceci. Je n'ai rien pour payer votre bonté.{nl}	이것이라면 아가타스를 살릴 수 있다.{nl}너의 선의에 보답할 만한 게 없구나.{nl}				마군주 하우벅
QUEST_UNUSED_20151001_000521	Je n'ai l'air à vos yeux que d'un démon à éliminer, n'est-ce pas ? Mais quand Agatas se réveillera,{nl}il vous expliquera tout.	네 눈엔 나는 그저 없애야 할 마족으로만 보이겠지.{nl}하지만 아가타스가 깨어나면 모든 것을 설명해 줄 것이다.				마군주 하우벅
QUEST_UNUSED_20151001_000522	Les Chevaliers de Kaliss ? Bien. Nous ne pouvons pas encore vous faire entièrement confiance{nl}mais, si vous m'aidez pour le plan, je peux vous emmener avec moi.{nl}	칼리스 기사단이라고? 좋아.{nl}우리가 널 완전히 믿진 못하겠지만 내 계획을 도와준다면 함께 데려가 줄 용의는 있어.{nl}				도굴꾼 아만다
QUEST_UNUSED_20151001_000523	Vous savez que la Forteresse de la Terre fut le dernier champ de bataille de Ruklys, n'est-ce pas ?{nl}Elle a été creusée dans le sol comme un tunnel.{nl}	대지의 요새가 루클리스 군의 마지막 저항지였다는 건 알고 있지?{nl}개미굴 처럼 땅 속을 파서 만든 곳이지.{nl}				도굴꾼 아만다
QUEST_UNUSED_20151001_000524	L'armée royale est partout dessus maintenant, à le protéger. N'est-ce pas étrange ?	지금은 왕국군들이 철통같이 지키고 있어.{nl}이상하지 않아?{nl}				도굴꾼 아만다
QUEST_UNUSED_20151001_000525	La révolte a eu lieu il y a 400 ans et nous manquons de bras à cause de Medzio Diena. Cette cité{nl}aussi.. je sais qu'elle a une valeur historique, mais je ne suis pas sûr que nous devions la protéger{nl}à ce point.{nl}	반란은 400년 전의 일이고 지금은 신수의 날이다 뭐다 해서 병력도 부족하잖아.{nl}이 도시도 그렇고 아무리 역사적으로 의미가 있어도 그렇게까지 지켜야 할 필요가 있냐는 거야.{nl}				도굴꾼 아만다
QUEST_UNUSED_20151001_000526	Peut-être que des marchés louches se sont conclus dans le dos du royaume. Sinon, pourquoi{nl}protégeraient-ils cela ?{nl}	뭔가 왕국의 뒤에서 시꺼먼 거래라도 오고간 게 아닐까 싶어.{nl}그런 게 아니라면 뭐하러 이런 돌덩이나 다름 없는 걸 지키겠어?{nl}				도굴꾼 아만다
QUEST_UNUSED_20151001_000527	Ils doivent se demander ce qui se passe puisque les Chevaliers de Kaliss sont ici. Ils ont dit qu'ils{nl}fermeraient les yeux sur moi si seulement je leur apportais ce qu'ils veulent.{nl}	칼리스 기사단은 거기에 주목해서 뭔가 있지 않을까 궁금한가봐.{nl}그들은은 계약한 것만 챙겨 오면 마음대로 움직여도 못본 척 해주겠다고 했어.{nl}	QUEST_UNUSED_20151001_000526	Peut-être que des marchés louches se sont conclus dans le dos du royaume. Sinon, pourquoi{nl}protégeraient-ils cela ?{nl}	뭔가 왕국의 뒤에서 시꺼먼 거래라도 오고간 게 아닐까 싶어.{nl}그런 게 아니라면 뭐하러 이런 돌덩이나 다름 없는 걸 지키겠어?{nl}	도굴꾼 아만다
QUEST_UNUSED_20151001_000528	Alors, bien sûr, j'entre dans la salle de la forteresse pleine de trésors sans que l'armée le sache.{nl}J'imagine qu'elle regorge de richesses, puisqu'il s'agit des fonds de l'armée.{nl}	아, 물론 난 왕국군 몰래 대지의 요새에 있는 보물이 가득한 방으로 들어갈 거야.{nl}분명 군자금이니 뭐니 엄청난 것을 잔뜩 쌓아 놓고 있을 거라고.{nl}				도굴꾼 아만다
QUEST_UNUSED_20151001_000529	D'abord, rassemblez les registres de l'ère de Ruklys dans l'aire de rassemblement. Nous en avons{nl}besoin pour passer la Gargouille qui monte la garde.	일단 집결지에 있는 루클리스 시대의 기록물들을 모아줘.{nl}저길 지키고 있는 가고일을 뚫을려면 그게 필요하거든.				도굴꾼 아만다
QUEST_UNUSED_20151001_000530	Bokor Juta	보코르 유타				
QUEST_UNUSED_20151001_000531	Je cherche la déesse Zemyna. Tout le monde sait que la déesse a disparu.{nl}	전 제미나 여신의 행방을 찾고 있어요.{nl}여신께서 행방불명되셨다는건 누구나 아는 이야기지요.{nl}	QUEST_UNUSED_20150729_000317	Ouah. Je n'aurais jamais cru rencontrer quelqu'un dans ce cimetière. Je suis un Bokor au service{nl}de la Déesse Zemyna. Après sa disparition, j'ai suivi sa trace jusqu'ici.{nl}	우와. 이런 묘지에서 사람을 만날 줄은 몰랐어요.{nl}저는 제미나 여신님을 모시는 보코르에요. 사라진 제미나 여신님의 자취를 쫓아 이 곳까지 왔죠.{nl}	보코르 유타
QUEST_UNUSED_20151001_000532	Je suis venu ici après avoir appris que les déesses avaient béni l'Ordre de l'Arbre de la vérité... Je{nl}ne vois que des morts.{nl}	여신께서 진리의 나무 교단을 축복했단 소문을 듣고 여기까지 왔는데.. {nl}망자들만 가득하네요.{nl}	QUEST_UNUSED_20150729_000318	J'ai entendu dire que la Déesse Zemyna se cachait et qu'elle avait béni l'Ordre de l'Arbre de{nl}Vérité, mais maintenant que je suis ici je ne vois que des cadavres. Je ne peux pas non plus les{nl}contrôler avec mon pouvoir. Je devrai peut-être m'en débarrasser, ils gênent mes prières...	모습을 감춘 제미나 여신께서 진리의 나무 교단을 축복했다고 하시기에 여기까지 달려왔는데{nl}막상 와보니까 시체들만 돌아다니고 있네요.{nl}심지어 이 시체들 제 힘으로 제어도 안되요. 의식에 방해가 되니 처치를 해야할 것 같은데..	보코르 유타
QUEST_UNUSED_20151001_000533	Si vous comptez rester dans cette salle, pouvez-vous m'aider ? Je ne peux rien faire avec mon{nl}pouvoir et ils me tombent dessus dès qu'ils entendent mes prières.{nl}	혹시 이 묘역에 계속 계실 거라면 절 좀 도와주시겠어요?{nl}이 망자들은 제 힘으로도 어떻게 안되고 기도 소리만 들으면 마구 달려들거든요.{nl}				보코르 유타
QUEST_UNUSED_20151001_000534	Je devrais prier les déesses pour vérifier si elle se trouve dans les parages.	여신께 기도를 올려야 이 근처에 계시는지라도 확인이 될 텐데 말예요.				보코르 유타
QUEST_UNUSED_20151001_000535	Vraiment ? Merci pour vos paroles. Les prières étaient difficiles à faire seul.{nl}	정말요? 말 만으로도 감사하네요.{nl}사실 혼자서는 기도마저도 힘들었거든요.{nl}	QUEST_UNUSED_20150729_000319	Vraiment ? Merci pour vos paroles. Les prières étaient difficiles à faire seul.{nl}	아, 정말요? 말 만으로도 감사하네요.{nl}사실 혼자서는 의식 준비도 좀 벅찼거든요.{nl}	보코르 유타
QUEST_UNUSED_20151001_000536	Alors je compte sur vous pour les morts de la salle des cercueils. Je prierai la déesse pendant ce{nl}temps.	그럼 입관실의 망자들을 부탁드릴게요.{nl}그 동안 전 여신이 어디 계시는지 기도를 올려 보겠어요.	QUEST_UNUSED_20150729_000320	Occupez-vous donc des corps alentour, je vous prie. Pendant ce temps, je me préparerai et{nl}prierai la déesse.	그럼 근처의 시체들을 처치해주세요.{nl}저는 그 동안 의식을 준비하고 여신님께 기도를 올릴게요.	보코르 유타
QUEST_UNUSED_20151001_000537	Je pensais pouvoir découvrir où se trouve la Déesse Zemyna ici, mais ce lieu est plein de morts..{nl}Je n'ai jamais vu cela. Nous devrions chercher Zemyna vite.	여기라면 제미나 여신의 행방을 찾을 수 있을까 했는데 망자들만 가득하다니..{nl}이런 건 처음 봐요. 어서 제미나님을 찾아야 할텐데요.	QUEST_UNUSED_20150729_000321	Je pensais trouver quelque chose ici, mais ces cadavres ne répondent pas à mes pouvoirs de{nl}Bokor... Je n'ai jamais rien vu de tel. Je dois trouver la déesse...	여기 오면 뭐라도 있을 까 했는데 보코르의 힘이 통하지 않는 시체라니..{nl}이런 건 처음 봐요. 어서 여신님을 찾아야 할텐데요..	보코르 유타
QUEST_UNUSED_20151001_000538	Ah, vous voilà de retour. Grâce à vous, les morts ne m'ont pas attaqué pendant ma prière.{nl}	아, 돌아오셨군요. {nl}덕분에 기도를 올리는 동안은 시체들이 덤벼들진 않았어요.{nl}	QUEST_UNUSED_20150729_000322	Oh, vous voilà de retour. Grâce à vous, j'ai pu prier convenablement. Enfin... il n'y a pas plus de{nl}réponse qu'avant mais...	아, 돌아오셨군요. 덕분에 무사히 여신님께 기도를 올릴 수 있었어요.{nl}뭐.. 여느때 처럼 대답은 없으셨지만요..	보코르 유타
QUEST_UNUSED_20151001_000539	Mais, même ici, la prière n'a pas atteint la déesse.	하지만 여기서도 여신께 기도는 닿지 않았나봐요.				보코르 유타
QUEST_UNUSED_20151001_000540	Poupée de Chaman [Avancement Bokor]	주술인형[보코르 전직]				
QUEST_UNUSED_20151001_000541	Le cadavre du mercenaire qui est tombé	쓰러져 있는 용병의 시신				
QUEST_UNUSED_20151001_000542	Lui demander ce que vous devez faire	어떻게 하면 되는 지 묻는다	QUEST_LV_0100_20150317_002398	Accepter	수락	
QUEST_UNUSED_20151001_000543	Refuser	알아서 하라며 거절한다	QUEST_LV_0200_20150317_001850	Refuser	거부	
QUEST_UNUSED_20151001_000544	Lydia Schaffen et la flèche de l'Empenneur [Avancement Empenneur]	리디아 샤펜과 플레쳐의 화살[플레쳐 전직]				
QUEST_UNUSED_20151001_000545	Je vais chercher la flèche	화살을 찾아보겠다고 한다	QUEST_LV_0100_20150317_002398	Accepter	수락	
QUEST_UNUSED_20151001_000546	Abandonner car vous n'avez pas assez confiance	자신없으니 그만둔다	QUEST_LV_0200_20150317_001850	Refuser	거부	
QUEST_UNUSED_20151001_000547	Comment puis-je apprivoiser le monstre ?	몬스터를 어떻게 길들이는 지 묻는다	QUEST_LV_0100_20150317_002398	Accepter	수락	
QUEST_UNUSED_20151001_000548	C'est absurde	말도 안되는 소리라고 한다				
QUEST_UNUSED_20151001_000549	Tir Parfait [Avancement Schwarzer Reiter]	일발필중[슈바르츠라이터 전직]				
QUEST_UNUSED_20151001_000550	J'ai confiance	자신있다고 한다				
QUEST_UNUSED_20151001_000551	Ce n'est pas vrai	그렇지 않다고 거절한다	QUEST_LV_0200_20150317_001850	Refuser	거부	
QUEST_UNUSED_20151001_000552	Je vais le transmettre	전해주겠다고 한다				
QUEST_UNUSED_20151001_000553	Je ne veux pas le faire	수상하니 거절해둔다	QUEST_LV_0200_20150323_004490	J'ai besoin d'un peu de temps pour me préparer	준비할 시간이 필요하다고 한다	
QUEST_UNUSED_20151001_000554	Je vais aller chercher le livre	장부를 가져오겠다고 한다	QUEST_LV_0100_20150317_002398	Accepter	수락	
QUEST_UNUSED_20151001_000555	Je reviendrai plus tard	다음에 다시오겠다고 한다	QUEST_LV_0200_20150317_001850	Refuser	거부	
QUEST_UNUSED_20151001_000556	Je vais le résoudre	해결하겠다고 한다				
QUEST_UNUSED_20151001_000557	J'ai besoin de temps pour réfléchir	생각할 시간을 달라고 한다				
QUEST_UNUSED_20151001_000558	Le Registre de Quelqu'un (1)	누군가의 기록(1)				
QUEST_UNUSED_20151001_000559	Gratter la poussière	먼지를 긁어 내느 중				
QUEST_UNUSED_20151001_000560	En voyant la poussière noire tomber du pilier, les monstres sont accourus !	기둥에서 검은 가루가 떨어지자 그것을 보고 몬스터들이 몰려듭니다!				
QUEST_UNUSED_20151001_000561	Brosser les poudres noires	검은 가루를 털어 내는 중				
QUEST_UNUSED_20151001_000562	Après avoir brossé la poussière noire, ce qui se trouve en dessous ressemble à un registre !	검은 가루를 털어냈더니 어떤 기록 같은 것이 보입니다!				
QUEST_UNUSED_20151001_000563	Le Registre de Quelqu'un (2)	누군가의 기록(2)				
QUEST_UNUSED_20151001_000564	Les étincelles de la mer ne brillent pas, probablement parce qu'il fait jour.{nl}Récoltez de l'huile de monstre sur les monstres alentour pour nourrir les étincelles de la mer !	낮이라서 그런지, 야광충이 빛을 내지 않습니다!{nl}주변 몬스터에게서 야광충의 먹이가 되는 몬스터 기름을 구해 오세요!				
QUEST_UNUSED_20151001_000565	Pour lire les mots, il vous faut récolter de l'huile de monstre !	몬스터 기름을 모아야 글귀를 읽을 수 있습니다!				
QUEST_UNUSED_20151001_000566	Le regarder de nouveau	다시 살펴 보는 중				
QUEST_UNUSED_20151001_000567	Les étincelles de la mer commencent à briller !	야광충이 빛을 내기 시작합니다!				
QUEST_UNUSED_20151001_000568	Le Registre de Quelqu'un (3)	누군가의 기록(3)				
QUEST_UNUSED_20151001_000569	Regarder le pilier	기둥 살펴 보는 중				
QUEST_UNUSED_20151001_000570	Tenez-vous près du pilier et énoncez les nombres !	기둥 가까이 서서 어딘가에서 얻은 숫자를 말해 봅시다!				
QUEST_UNUSED_20151001_000571	Lecture des écrits sur le pilier	기둥의 글귀 읽는 중				
QUEST_UNUSED_20151001_000572	Gravures sur le Pilier (1)	기둥에 새겨진 인물(1)				
QUEST_UNUSED_20151001_000573	Il fait trop sombre pour voir ! Récoltez de la mousse luisante dans les environs !	어두워서 보이지 않습니다! 주변에서 빛나는 이끼를 채취해 오세요!				
QUEST_UNUSED_20151001_000574	Lecture des écrits sur le pilier	기둥의 글귀를 읽는 중				
QUEST_UNUSED_20151001_000575	Grâce à la mousse luisante, vous pouvez lire ce que disent les écrits !	빛나는 이끼 덕분에 글귀를 읽을 수 있게 되었습니다!				
QUEST_UNUSED_20151001_000576	Gravures sur le Pilier (2)	기둥에 새겨진 인물(2)				
QUEST_UNUSED_20151001_000577	Le pilier s'est effondré sans même avoir été touché !{nl}Récoltez du liquide visqueux sur les monstres pour réparer le pilier !	건드리지도 않았는데 기둥이 무너져 버렸습니다!{nl}몬스터에게서 기둥을 수리 할 점성 있는 액체를 구해 오세요!				
QUEST_UNUSED_20151001_000578	Il vous faut du liquide visqueux	점성 있는 액체가 필요합니다				
QUEST_UNUSED_20151001_000579	Réparation du pilier	기둥 수리 중				
QUEST_UNUSED_20151001_000580	Gravures sur le Pilier (3)	기둥에 새겨진 인물(3)				
QUEST_UNUSED_20151001_000581	Insérer les pièces	조각들을 끼워 넣는 중				
QUEST_UNUSED_20151001_000582	Vous pouvez lire les lettres !	글귀를 읽을 수 있는 상태가 되었습니다!				
QUEST_UNUSED_20151001_000583	Récolter l'Objet Sacré (4)	성물 수집(4)				
QUEST_UNUSED_20151001_000584	Je vais aller le déterrer	발굴해 오겠다고 한다				
QUEST_UNUSED_20151001_000585	Excavation de l'Objet Sacré	성물 발굴 중				
QUEST_UNUSED_20151001_000586	Vous avez découvert l'objet sacré !	성물을 발견 했습니다!				
QUEST_UNUSED_20151001_000587	Je vais les récolter	모아보겠다고 한다				
QUEST_UNUSED_20151001_000588	Je n'y retournerai pas	다시 들어갈 일은 없다고 한다	QUEST_UNUSED_20150717_000281	Cela ne m'intéresse pas vraiment.	별로 관심 없다고 한다.	
QUEST_UNUSED_20151001_000589	L'histoire écrite au sujet de l'Armée de Ruklys	루클리스 부대와 관련된 이야기가 적혀있습니다				
QUEST_UNUSED_20151001_000590	Ordre de Retraite	퇴각명령				
QUEST_UNUSED_20151001_000591	Le Voyage Commence (1)	여정의 시작(1)				
QUEST_UNUSED_20151001_000592	Le Voyage Commence (2)	여정의 시작(2)				
QUEST_UNUSED_20151001_000593	Le Voyage Commence (3)	여정의 시작(3)				
QUEST_UNUSED_20151001_000594	Le Voyage Commence (4)	여정의 시작(4)				
QUEST_UNUSED_20151001_000595	Orsha (1)	오르샤(1)				
QUEST_UNUSED_20151001_000596	Orsha (2)	오르샤(2)				
QUEST_UNUSED_20151001_000597	Orsha (3)	오르샤(3)				
QUEST_UNUSED_20151001_000598	Un cœUr Reconnaissant	감사의 마음을 담아				
QUEST_UNUSED_20151001_000599	Quelque Chose à Donner	꼭 드리고 싶어요				
QUEST_UNUSED_20151001_000600	Perdu dans la Forêt (1)	숲 속에서 길을 잃다(1)				
QUEST_UNUSED_20151001_000601	Perdu dans la Forêt (2)	숲 속에서 길을 잃다(2)				
QUEST_UNUSED_20151001_000602	Un Objet sans Propriétaire	주인없는 물건				
QUEST_UNUSED_20151001_000603	Zone de Sécurité Peu Sûre	안전하지 않은 안전지대				
QUEST_UNUSED_20151001_000604	Le Colon sans Repos	쉴 수 없는 이주민				
QUEST_UNUSED_20151001_000605	L'Évêque Disparu (1)	사라진 주교(1)				
QUEST_UNUSED_20151001_000606	L'Évêque Disparu (2)	사라진 주교(2)				
QUEST_UNUSED_20151001_000607	L'Évêque Disparu (3)	사라진 주교(3)				
QUEST_UNUSED_20151001_000608	L'Évêque Disparu (4)	사라진 주교(5)				
QUEST_UNUSED_20151001_000609	L'Évêque Disparu (5)	지워진 흔적 찾기				
QUEST_UNUSED_20151001_000610	Les Lieux Calcinés (1)	불타버린 행방(1)				
QUEST_UNUSED_20151001_000611	Les Lieux Calcinés (2)	불타버린 행방(2)				
QUEST_UNUSED_20151001_000612	Chercher les Traces Effacées (5)	지워진 흔적 찾기(5)				
QUEST_UNUSED_20151001_000613	Chercher les Traces Effacées (6)	지워진 흔적 찾기(6)				
QUEST_UNUSED_20151001_000614	Agent Surmené	정보원의 격무				
QUEST_UNUSED_20151001_000615	Éliminer l'Odeur	냄새 없애기				
QUEST_UNUSED_20151001_000616	Se Détourner	발길 돌리기				
QUEST_UNUSED_20151001_000617	Colonie de Monstres (1)	몬스터 군락지(1)				
QUEST_UNUSED_20151001_000618	Colonie de Monstres (2)	몬스터 군락지(2)				
QUEST_UNUSED_20151001_000619	Opération de Recherche à Grande Échelle (1)	대규모 수색(1)				
QUEST_UNUSED_20151001_000620	Opération de Recherche à Grande Échelle (2)	대규모 수색(2)				
QUEST_UNUSED_20151001_000621	Opération de Recherche à Grande Échelle (3)	대규모 수색(3)				
QUEST_UNUSED_20151001_000622	Opération de Recherche à Grande Échelle (4)	대규모 수색(4)				
QUEST_UNUSED_20151001_000623	Opération de Recherche à Grande Échelle (5)	대규모 수색(5)				
QUEST_UNUSED_20151001_000624	Opération de Recherche à Grande Échelle (6)	대규모 수색(6)				
QUEST_UNUSED_20151001_000625	Activités de Soutien	보조 활동				
QUEST_UNUSED_20151001_000626	Le Lieu Suspect	수상한 장소				
QUEST_UNUSED_20151001_000627	Enquête Préliminaire (1)	사전 조사(1)				
QUEST_UNUSED_20151001_000628	Enquête Préliminaire (2)	사전 조사(2)				
QUEST_UNUSED_20151001_000629	Le Monstre Corrompu	오염된 몬스터				
QUEST_UNUSED_20151001_000630	Vie et Argent Précieux	돈 보다 귀한 목숨				
QUEST_UNUSED_20151001_000631	Récupérer le capital	밑천 회수				
QUEST_UNUSED_20151001_000632	La Trace Dangereuse (1)	위험한 단서(1)				
QUEST_UNUSED_20151001_000633	La Trace Dangereuse (2)	위험한 단서(2)				
QUEST_UNUSED_20151001_000634	La Trace Dangereuse (3)	위험한 단서(3)				
QUEST_UNUSED_20151001_000635	Où se Trouve Évêque Urbonas (1)	우르보나스의 행방(1)				
QUEST_UNUSED_20151001_000636	Où se Trouve Évêque Urbonas (2)	우르보나스의 행방(2)				
QUEST_UNUSED_20151001_000637	Où se Trouve Évêque Urbonas (3)	우르보나스의 행방(3)				
QUEST_UNUSED_20151001_000638	Où se Trouve Évêque Urbonas (4)	우르보나스의 행방(4)				
QUEST_UNUSED_20151001_000639	Où se Trouve Évêque Urbonas (5)	우르보나스의 행방(5)				
QUEST_UNUSED_20151001_000640	Où se Trouve Évêque Urbonas (6)	우르보나스의 행방(6)				
QUEST_UNUSED_20151001_000641	Où se Trouve Évêque Urbonas (7)	우르보나스의 행방(7)				
QUEST_UNUSED_20151001_000642	Accomplir la tâche correctement	일처리는 확실히				
QUEST_UNUSED_20151001_000643	Un Nouvel Ennemi	새로운 적				
QUEST_UNUSED_20151001_000644	Un Amas de Démons (1)	마족 꾸러미(1)				
QUEST_UNUSED_20151001_000645	Un Tas de Démons (2)	마족 꾸러미(2)				
QUEST_UNUSED_20151001_000646	Entre les Mains (5)	손아귀 속으로(5)				
QUEST_UNUSED_20151001_000647	Entre les Mains (6)	손아귀 속으로(6)				
QUEST_UNUSED_20151001_000648	Et Si de Nouveau (1)	만약에 또 만약에(1)				
QUEST_UNUSED_20151001_000649	Et Si de Nouveau (2)	만약에 또 만약에(2)				
QUEST_UNUSED_20151001_000650	Expulser	쫓아내기				
QUEST_UNUSED_20151001_000651	Recruter des Prisonniers	죄수 모집				
QUEST_UNUSED_20151001_000652	Un Endroit Plus Profond (1)	더 깊은 곳에서(1)				
QUEST_UNUSED_20151001_000653	Un Endroit Plus Profond (2)	더 깊은 곳에서(2)				
QUEST_UNUSED_20151001_000654	Un Endroit Plus Profond (3)	더 깊은 곳에서(3)				
QUEST_UNUSED_20151001_000655	Un Endroit Plus Profond (4)	더 깊은 곳에서(4)				
QUEST_UNUSED_20151001_000656	Lui dire d'attendre un peu	좀 더 기다려 달라고 한다				
QUEST_UNUSED_20151001_000657	Tout Est Intact (1)	모든 것이 제자리로(1)				
QUEST_UNUSED_20151001_000658	Tout Est Intact (2)	모든 것이 제자리로(2)				
QUEST_UNUSED_20151001_000659	Éliminer la rouille	녹 제거				
QUEST_UNUSED_20151001_000660	Précieux et de Valeur	소중하고 귀중한				
QUEST_UNUSED_20151001_000661	Changement de Pensée	발상의 전환				
QUEST_UNUSED_20151001_000662	Tout Est Intact (3)	모든 것이 제자리로(3)				
QUEST_UNUSED_20151001_000663	Nourrir les monstres aériens	비행형 몬스터에게 먹이주기	QUEST_JOBSTEP_20150717_002920	Choses à faire	할일	
QUEST_UNUSED_20151001_000664	Le Maître Fauconnier veut vérifier si des monstres peuvent servir à la place des aigles. Nourrissez trois sortes de monstres de type aérien et essayez de les apprivoiser.	응사 마스터는 몬스터들을 매 대신 쓸 수 있을 지 시험해보고자 합니다. 세 종류의 비행형 몬스터에게 먹이를 주고 길들이기를 시도해보세요.	QUEST_JOBSTEP_20150717_002920	Choses à faire	할일	
QUEST_UNUSED_20151001_000665	Faire un Rapport au Maître Fauconnier	응사 마스터에게 보고				
QUEST_UNUSED_20151001_000666	Vous n'avez pas réussi à apprivoiser les monstres. Retournez voir le Maître Fauconnier.	몬스터를 길들이는데 실패했습니다. 응사 마스터에게 돌아가세요.				
QUEST_UNUSED_20151001_000667	Aller rencontrer le Maître Schwarzer Reiter à la Forêt de la prière.	기원의 숲에 있는 슈바르츠라이터 마스터를 찾아가세요.				
QUEST_UNUSED_20151001_000668	Tirer 200 fois de suite sur des monstres normaux	일반 몬스터에게 연속 200회 명중				
QUEST_UNUSED_20151001_000669	Le Maître Schwarzer Reiter vous a dit qu'il jugerait votre aptitude à tirer sur les ennemis avec précision. Touchez des monstres ordinaires 200 fois avec précision.	슈바르츠라이터 마스터는 노린적을 확실하게 맞추는 실력을 보겠다고 합니다. 일반 몬스터를 상대로 공격을 200회 연속 확실하게 명중시키세요.	QUEST_JOBSTEP_20150717_002920	Choses à faire	할일	
QUEST_UNUSED_20151001_000670	Vous avez porté toutes vos attaques sur les ennemis sans la moindre erreur. Retournez voir le Maître Schwarzer Reiter.	실수 없이 적에게 연속으로 공격을 모두 명중시켰습니다. 슈바르츠라이터 마스터에게 돌아가세요.	QUEST_JOBSTEP_20150717_002944	Retourner voir le Maître Schwarzer Reiter.	슈바르츠 라이터 마스터에게 돌아가세요.	
QUEST_UNUSED_20151001_000671	Trouver l'agent de liaison caché et remettre l'objet	숨어있는 접선자를 찾아 물건 건내기	QUEST_JOBSTEP_20150717_002920	Choses à faire	할일	
QUEST_UNUSED_20151001_000672	Le Maître Moine vous a demandé de rencontrer la personne que Vail a envoyée et de lui remettre l'objet que le Maître Moine vous a donné. La personne que vous devez rencontrer est cachée, alors rendez-vous à l'endroit indiqué sur le mémo que le Maître Moine vous a donné et dites les mots de passe. Quand une personne apparaîtra après avoir entendu les mots de passe, donnez-lui l'objet.	몽크 마스터는 바일이 보낸 사람을 만나 자신이 준 물건을 건내주라고 합니다. 접선해야 할 사람은 숨어 있다고 하니 몽크 마스터가 건내 준 쪽지에 적힌 장소로가서 접선 암호를 말하고 나타난 접선인에게 물건을 건내주세요.	QUEST_JOBSTEP_20150717_002920	Choses à faire	할일	
QUEST_UNUSED_20151001_000673	Faire un Rapport au Maître Moine	몽크 마스터에게 보고				
QUEST_UNUSED_20151001_000674	Vous avez réussi à remettre l'objet à la personne. Retournez voir le Maître Moine.	무사히 접선자에게 물건을 전달했습니다. 몽크 마스터에게 돌아가세요.	QUEST_JOBSTEP_20150717_002945	Retourner voir le Maître Moine.	몽크 마스터에게 돌아가세요.	
QUEST_UNUSED_20151001_000675	Chercher le livre du Maître Pardonneur	파드너 마스터의 장부 수색	QUEST_JOBSTEP_20150717_002920	Choses à faire	할일	
QUEST_UNUSED_20151001_000676	Le Maître Pardonneur vous a dit que son livre est déchiré et donc inutilisable. Allez trouver le livre préliminaire que le Maître Pardonneur a caché au 35_3 du monastère.	파드너 마스터는 자신이 가진 장부가 찢어져서 쓸 수 없게 되었다고 합니다. 수도원 35_3에 파드너 마스터가 숨겨둔 예비장부를 찾아와 주세요.	QUEST_JOBSTEP_20150717_002920	Choses à faire	할일	
QUEST_UNUSED_20151001_000677	Vous avez trouvé le livre du Maître Pardonneur. Retournez voir le Maître Pardonneur.	파드너 마스터의 장부를 찾았습니다. 파드너 마스터에게 돌아가세요.	QUEST_JOBSTEP_20150717_002946	Retourner voir le Maître Pardonneur.	파드너 마스터에게 돌아가세요.	
QUEST_UNUSED_20151001_000678	Récolter les échantillons des monstres de type Plante	식문 몬스터의 샘플 수집	QUEST_JOBSTEP_20150717_002920	Choses à faire	할일	
QUEST_UNUSED_20151001_000679	Le Maître Druide fait des recherches sur les plantes qui ont poussé démesurément après Medzio Diena. Pour l'aider dans ses recherches, vainquez les monstres de type Plante et récoltez les échantillons. Vous obtenez plus d'échantillons à mesure que les monstres sont plus forts.	드루이드 마스터는 신수의 날 이후 과성장한 식물들에 대해 조사하고 있다고 합니다. 연구를 돕기 위해 식물형 몬스터를 처치하고 샘플을 모아오세요. 강한 몬스터일수록 더 많은 샘플을 얻을 수 있습니다.	QUEST_JOBSTEP_20150717_002920	Choses à faire	할일	
QUEST_UNUSED_20151001_000680	Les remettre au Maître Druide	드루이드 마스터에게 전달				
QUEST_UNUSED_20151001_000681	Vous avez récolté assez d'échantillons de monstres de type Plante. Retournez voir le Maître Druide.	식물형 몬스터의 샘플을 충분히 모았습니다. 드루이드 마스터에게 돌아가세요.				
QUEST_UNUSED_20151001_000682	Installer le Romuva de Purification en 36_1 de la Région du Canyon	협곡지대 36_1에 정화의 로무바 설치				
QUEST_UNUSED_20151001_000683	Le Maître Oracle vous a dit que l'énergie démoniaque se renforce ces derniers temps, si bien que ses capacités sont perturbées. Installez le Romuva de purification en 36_1 de la Région du canyon où l'énergie démoniaque est forte, d'où de nombreuses perturbations.	오라클 마스터는 최근 마기가 강해져서 자신의 능력이 방해받고 있다고 합니다. 특히 마기가 강해 방해가 심한 협곡지대 36_1에 가서 정화의 로무바를 설치하세요.	QUEST_JOBSTEP_20150717_002920	Choses à faire	할일	
QUEST_UNUSED_20151001_000684	Faire un Rapport au Maître Oracle	오라클 마스터에게 보고	QUEST_JOBSTEP_20150317_001932	Parler au Maître Oracle	오라클 마스터와 대화	
QUEST_UNUSED_20151001_000685	Vous avez installé tous les Romuva de purification. Retournez voir le Maître Oracle.	정화의 로무바를 모두 설치했습니다. 오라클 마스터에게 돌아가세요.	QUEST_JOBSTEP_20150717_002949	Retourner voir le Maître Oracle.	오라클 마스터에게 돌아가세요.	
QUEST_UNUSED_20151001_000686	Ouvrir le coffre au trésor	보물상자 열어 보기	QUEST_UNUSED_20150717_000286	Ouvrir le Coffre au Trésor	보물상자 열어보기	
QUEST_UNUSED_20151001_000687	Vaincre les monstres en évitant le Gel pétrifiant	석화서리를 피해 몬스터 처치				
QUEST_UNUSED_20151001_000688	En ouvrant la boîte, un léger Gel pétrifiant s'est échappé et les monstres alentour accourent ! Évitez le Gel pétrifiant et vainquez tous les monstres.	상자를 열자 미약한 석화서리가 나오면서 주변의 몬스터까지 달려 듭니다! 석화서리를 피해서 몬스터를 모두 처치하세요.				
QUEST_UNUSED_20151001_000689	Regarder le pilier	기둥 살펴 보기				
QUEST_UNUSED_20151001_000690	En entrant sur le Plateau de Galeed, vous voyez beaucoup de piliers. Il y en a un qui semble particulier, allez donc y jeter un œil.	갈르엣 평야에 들어서자마자 보이는 것은 엄청난 수의 기둥입니다. 인상 깊어 보이는 기둥이 있으니 다가가 살펴 보세요.				
QUEST_UNUSED_20151001_000691	Protéger le pilier	기둥 지키기				
QUEST_UNUSED_20151001_000692	Les monstres viennent attaquer le pilier ! Protégez-le.	몬스터들이 몰려와서 기둥을 공격합니다! 기둥을 지키세요.				
QUEST_UNUSED_20151001_000693	Brosser les poudres du pilier	기둥에서 가루 털어내기				
QUEST_UNUSED_20151001_000694	Cette poussière noire ressemble-t-elle à de la nourriture pour les monstres ? Est-ce pour cela qu'ils sont accourus ? Maintenant qu'ils sont partis, nous devrions dépoussiérer le reste du pilier.	몬스터들이 몰려 들었던 이유는 이 검은 가루가 먹이처럼 보였기 때문이었을까요? 몬스터들을 모두 물리쳤으니 기둥에 붙어 있던 검은 가루들을 모두 털어내 봅시다.				
QUEST_UNUSED_20151001_000695	Il devrait y avoir d'autres piliers portant des registres par ici. Regardez les autres. Nous pourrions utiliser la lumière des étincelles de la mer pour lire les écrits sur les piliers.	누군가의 기록이 담긴 기둥이 더 있을 것 같습니다. 기둥을 살펴 보세요. 기둥의 글귀는 야광충의 빛이 있다면 어두워도 읽을 수 있을 것입니다.				
QUEST_UNUSED_20151001_000696	Récolter de l'Huile de Monstre	몬스터 기름 구하기				
QUEST_UNUSED_20151001_000697	Pour faire briller les étincelles de la mer en plein jour, il vous faut de l'huile de monstre. Chassez des monstres pour en récolter.	야광충이 낮에 빛을 내려면 몬스터 기름이 있어야 할 것 같습니다. 몬스터를 사냥하여 몬스터 기름을 모으세요.				
QUEST_UNUSED_20151001_000698	Lire les écrits sur le pilier	기둥에 새겨진 글귀 읽기				
QUEST_UNUSED_20151001_000699	Vous avez récolté l'huile de monstre. Apportez-la au pilier et utilisez la lumière des étincelles de la mer pour lire les écrits dessus.	몬스터 기름을 모두 모았습니다. 기둥으로 가져 가서 야광충의 빛으로 기둥에 새겨진 글귀를 읽어 봅시다.				
QUEST_UNUSED_20151001_000700	Vaincre des monstres pour obtenir de l'huile de monstre	몬스터를 처치하여 몬스터 기름 획득				
QUEST_UNUSED_20151001_000701	Il semble que les registres de quelqu'un se trouvent sur d'autres piliers. Regardez les piliers.	다른 기둥에 누군가의 기록이 더 있을 것 같습니다. 기둥들을 살펴 보세요.				
QUEST_UNUSED_20151001_000702	Énoncer les nombres	숫자 말하기				
QUEST_UNUSED_20151001_000703	Les instructions semblent dire que, si vous prononcez les nombres obtenus au Plateau de Galeed, les écrits du pilier deviendront visibles. Tenez-vous près du pilier et saisissez les nombres dans la fenêtre de discussion.	갈르엣 평야의 어딘가에서 얻은 힌트 숫자를 말하면 기둥의 글귀를 읽을 수 있다고 씌여 있는 것 같습니다. 기둥 가까이에서 채팅창에 숫자를 입력하세요.				
QUEST_UNUSED_20151001_000704	Les écrits sur le pilier commencent à apparaître ! Lisez-les !	기둥에 뭔가 새겨져 있는 것이 보이기 시작했습니다! 읽어 보세요!				
QUEST_UNUSED_20151001_000705	Un pilier est apparu ! Allez y jeter un œil.	기둥이 나타난 듯 합니다! 다가가 살펴 보세요.				
QUEST_UNUSED_20151001_000706	Réparer le pilier	기둥 보수 하기				
QUEST_UNUSED_20151001_000707	Il semble que vous ayez besoin de mousse luisante pour lire les écrits du pilier d'invocation. Allez en récolter. Notez que si vous ne revenez pas dans les 5 minutes, vous devrez attendre qu'il réapparaisse, alors dépêchez-vous.	소환 기둥에 글귀를 읽으려면 빛나는 이끼가 필요할 것 같습니다. 주변에서 구해 보세요. 단, 5분 안에 돌아오지 않으면 기둥은 다음번 나타날 때 까지 기다려야 하니 서두르세요.				
QUEST_UNUSED_20151001_000708	Lire les écrits sur le pilier	기둥의 글귀 읽기				
QUEST_UNUSED_20151001_000709	Vous devriez pouvoir lire le pilier maintenant. Approchez-vous et regardez.	이제 기둥의 글귀를 읽을 수 있을 것 같습니다. 기둥으로 가서 읽어 보세요.				
QUEST_UNUSED_20151001_000710	Il semble qu'il y ait un autre registre sur l'autre pilier qui poursuit cette histoire. Regardez le pilier de près.	다른 기둥에는 이 이야기에 이어지는 다른 기록이 또 있을 것 같습니다. 기둥을 살펴 보세요.				
QUEST_UNUSED_20151001_000711	Obtenir du Liquide Collant	점성 있는 액체 구해 오기				
QUEST_UNUSED_20151001_000712	Le pilier s'est effondré sans même avoir été touché.{nl}Récoltez du liquide visqueux sur les monstres pour réparer le pilier.	건드리지도 않았는데 기둥이 무너져 버렸습니다. 기둥을 수리해야 할 것 같으니, 주변에 매우 흔한 몬스터의 점성 있는 액체를 구해 옵시다.				
QUEST_UNUSED_20151001_000713	Réparer le pilier	기둥 수리하기				
QUEST_UNUSED_20151001_000714	Vous avez récolté le liquide gluant. Retournez réparer le pilier.	점성 있는 액체를 모두 모았습니다. 이제 돌아가서 기둥을 수리해 보세요.				
QUEST_UNUSED_20151001_000715	Vaincre des monstres et récolter %s	몬스터를 처치하고 %s 구해 오기	QUEST_LV_0200_20150406_006444	Récolter %s sur les monstres	몬스터로부터 %s 수집	
QUEST_UNUSED_20151001_000716	Obtenir le liquide gluant	점성있는 액체 구하기				
QUEST_UNUSED_20151001_000717	La suite de l'histoire semble être écrite sur le pilier. Allez-y et regardez-le de près.	나머지 이야기가 저 기둥에 씌여 있을 것 같습니다. 다가가 살펴 보세요.				
QUEST_UNUSED_20151001_000718	Insérer les pièces dans les piliers	기둥에 조각들 끼워 넣기				
QUEST_UNUSED_20151001_000719	Il semble que les pièces s'ajusteraient bien. Essayez de les insérer. Mais si vous abandonnez une quête, la pièce disparaîtra. Quand vous irez aux piliers une fois les pièces disparues, vous pourrez obtenir les pièces.	가지고 있던 문양 조각을 끼워 넣으면 딱 맞을 것 같습니다. 조각을 끼워 넣어 보세요. 단, 퀘스트를 포기하면 문양 조각이 사라집니다. 문양 조각이 사라졌을 때에는 다시 기둥들로 가면 문양 조각을 얻을 수 있습니다.				
QUEST_UNUSED_20151001_000720	Il semble que les pièces s'ajusteraient bien. Essayez de les insérer.	가지고 있던 문양 조각을 끼워 넣으면 딱 맞을 것 같습니다. 조각을 끼워 넣어 보세요.				
QUEST_UNUSED_20151001_000721	Poursuivre la conversation avec Jurate au sujet de l'objet sacré.	유라테와 성물에 대한 대화를 계속 해 보세요.				
QUEST_UNUSED_20151001_000722	Déterrer l'objet sacré	성물 발굴해 오기				
QUEST_UNUSED_20151001_000723	Déterrer l'objet sacré en secret en vous rendant à l'endroit trouvé avec le bâton détecteur.	탐색봉으로 찾아 낸 곳으로 가서 조심스럽게 성물을 발굴해 보세요.				
QUEST_UNUSED_20151001_000724	Faire un Rapport à Jurate	유라테에게 보고				
QUEST_UNUSED_20151001_000725	Il semble que vous ayez trouvé un objet sacré. Apportez-le à Jurate.	성물을 찾은 것 같습니다. 유라테에게 가져다 주세요.				
QUEST_UNUSED_20151001_000726	Wilhelmina Carriot examine attentivement ce que vous avez. Parlez avec Wilhelmina Carriot.	빌헬미나 캐리어트가 당신이 가지고 있는 것을 뚫어지게 쳐다보고 있습니다. 빌헬미나 캐리어트와 대화해 보세요.	QUEST_UNUSED_20150717_000290	Parler à Wilhelmina Carriot	빌헬미나 캐리어트와 대화하세요	
QUEST_UNUSED_20151001_000727	Obtenir les Sceaux et Parchemins de l'Armée de Ruklys	루클리스의 부대 인장과 양피지 문서 수집	QUEST_UNUSED_20150717_000291	Obtenir les Sceaux et Parchemins de l'Armée de Ruklys	루클리스의 부대 인장, 양피지 문서 구하기	
QUEST_UNUSED_20151001_000728	Wilhelmina Carriot veut plus de documents. Obtenez à la Forteresse de la Terre des choses qui puissent servir d'information.	빌헬미나 캐리어트는 좀 더 많은 자료들을 원하고 있습니다. 대지의 요새에서 정보가 될 만한 것들을 구하세요.	QUEST_UNUSED_20150717_000292	Récolter toute information utile à la Forteresse de la Terre.	대지의 요새에서 정보가 될 만한 물건들을 구하세요.	
QUEST_UNUSED_20151001_000729	Les remettre à Wilhelmina Carriot	빌헬미나 캐리어트에게 전달				
QUEST_UNUSED_20151001_000730	Wilhelmina Carriot en sera satisfaite. Remettez-les à Wilhelmina Carriot.	이 정도면 빌헬미나 캐리어트가 만족할 것 같습니다. 빌헬미나 캐리어트에게 전해주세요.	QUEST_UNUSED_20150717_000290	Parler à Wilhelmina Carriot	빌헬미나 캐리어트와 대화하세요	
QUEST_UNUSED_20151001_000731	Parler Avec l'Esprit du Soldat de l'Armée de Ruklys	루클리스 부대 병사 영혼과 대화				
QUEST_UNUSED_20151001_000732	Parler Avec l'Esprit du Soldat de l'Armée de Ruklys	루클리스 부대 병사 영혼과 대화하세요				
QUEST_UNUSED_20151001_000733	Transmettre l'ordre de retraite aux esprits en soufflant dans le cor	나팔을 불어 영혼들에게 퇴각 명령 알리기				
QUEST_UNUSED_20151001_000734	Souffler dans le cor et transmettre l'ordre de retraite aux esprits des soldats de l'Armée de Ruklys.	나팔을 불어 루클리스 부대 병사 영혼들에게 퇴각 명령 알리세요.				
QUEST_UNUSED_20151001_000735	Parler Avec Prêtre Irma	사제 이르마와 대화				
QUEST_UNUSED_20151001_000736	Prêtre Irma attend de l'aide au 3F de Prison souterraine d'Ashaq.	아샤크 지하 감옥 3층의 사제 이르마가 누군가의 도움을 기다리고 있습니다				
QUEST_UNUSED_20151001_000737	Le Seigneur démon Marnox a attaqué quand vous êtes entré dans la cachette !	은거지에 들어가자 마군주 마르녹스가 급습했습니다!				
QUEST_UNUSED_20151001_000738	Vous avez vaincu le Seigneur démon Marnox. Parlez à Prêtre Irma.	마군주 마르녹스를 처치했습니다. 사제 이르마와 대화하세요.				
QUEST_UNUSED_20151001_000739	Vaincre le Seigneur Démon Marnox	마군주 마르녹스 처치				
QUEST_UNUSED_20151001_000740	Vous avez récolté les pierres !	돌을 채취했습니다!				
QUEST_UNUSED_20151001_000741	Vous n'avez rien obtenu	아무것도 얻지 못했습니다				
QUEST_UNUSED_20151016_000742	Vous êtes donc le fameux Révélateur, n'est-ce pas ? Hmm... j'ai quelque chose à vous proposer.{nl}Pourquoi ne pas travailler avec moi ?{nl}	어라, 너는 그 유명한 계시자 맞지?{nl}흠.. 제안할 게 있는데 말야. 너. 나와 같이 일해보지 않을래?{nl}	QUEST_UNUSED_20151001_000401	Hé. Vous êtes ce fameux Révélateur, pas vrai ? On dirait que la Forteresse de la Terre vous{nl}intéresse.{nl}	어라. 너는 그 유명한 계시자 맞지?{nl}너도 대지의 요새에 관심이 있나보네.{nl}	도굴꾼 아만다
QUEST_UNUSED_20151016_000743	Vous savez que la Forteresse de la Terre fut le dernier lieu où l'armée de Ruklys a résisté, n'est-ce{nl}pas ? Mais pas seulement. Ce que je vais vous dire maintenant est un secret... J'ai une question{nl}avant cela.{nl}	대지의 요새가 루클리스 군의 마지막 저항지였다는 건 알고 있지?{nl}하지만 그 뿐만이 아냐. 여기서부턴 비밀인데.. 그 전에 질문이 있어.{nl}	QUEST_UNUSED_20151001_000402	Voilà, l'endroit est plein de soldats de l'armée royale, vous ne pouvez pas simplement entrer.{nl}Alors. De quel côté êtes-vous ? Si vous voulez entrer dans la Forteresse de la Terre, vous feriez{nl}mieux de me le dire.{nl}	하지만 거긴 나라면 모를까, 왕국군이 많아서 그냥은 못들어가.{nl}자. 넌 누구 편이지?{nl}대지의 요새에 들어가고 싶거든 솔직하게 대답하는 게 좋을 거야.	도굴꾼 아만다
QUEST_UNUSED_20151016_000744	De quel côté êtes-vous ? L'armée royale ou les chevaliers de Kaliss ? Si vous ne voulez pas{nl}répondre, alors faites simplement ce qu'on vous dit.	자. 넌 누구 편이지?{nl}왕국군? 아니면 칼리스 기사단?{nl}대답하기 싫으면 그냥 볼 일 보시던가.				도굴꾼 아만다
QUEST_UNUSED_20151016_000745	[La Vie de Cleros]	[클레로스 전기]				기둥에 적힌 글귀
QUEST_UNUSED_20151016_000746	{nl}Cleros est le fils aîné d'un propriétaire terrien. Il a perdu le droit de succession au profit de{nl}l'enfant de sa belle-mère et a été chassé de la terre.{nl}	{nl}클레로스는 어느 영주 가문의 장자로 태어났다.{nl}그러나 계모의 자식에게 계승권을 빼앗기고 영지 밖으로 쫓겨나게 되었다.{nl}				기둥에 적힌 글귀
QUEST_UNUSED_20151016_000747	Sa vie pleine d'échecs a commencé ainsi. Il s'est mis à chercher un autre travail sur le conseil de{nl}son ami.	실패만으로 가득찬 그의 삶은 이렇게 시작되었다.{nl}방황하던 그는 지인의 권유로 일자리를 찾아 떠났다.{nl}				기둥에 적힌 글귀
QUEST_UNUSED_20151016_000748	Mais c'était le plan pour vendre Cleros. Il est devenu un esclave devant travailler jusqu'à la mort{nl}tout en étant enfermé.{nl}	하지만 그건 클레로스를 팔아치우려는 계획이었다.{nl}그는 감금당한 채로 죽도록 일만 해야하는 노예로 전락하게 되었다.{nl}				기둥에 적힌 글귀
QUEST_UNUSED_20151016_000749	Alors qu'il était enfermé, il a reçu le salut de Ruklys. Sa vie d'esclave était désormais terminée,{nl}mais les jours paisibles n'allaient pas durer longtemps.{nl}	그러던 도중 루클리스의 구원을 받아 노예의 삶에서 벗어날 수 있었다.{nl}하지만 평화로운 나날도 잠시 뿐이었다.{nl}				기둥에 적힌 글귀
QUEST_UNUSED_20151016_000750	Quand Ruklys a été vaincu, son repos s'est mué en désastre.	루클리스가 토벌되면서 그의 안식은 재난으로 변했던 것이다.				기둥에 적힌 글귀
QUEST_UNUSED_20151016_000751	{nl}Une longue fuite se poursuivit. Il n'a réussi rien de sa vie.{nl}	{nl}기나긴 도주 생활은 계속되었다.{nl}일생에 성공한 일이라곤 하나도 없었다.{nl}	QUEST_UNUSED_20151001_000449	{nl}{nl}Après une longue série de malheurs vécus en fuyard sans aucun exploit à raconter, il fut enfin{nl}arrêté et emmené à Kalejimas.	{nl}{nl}기나긴 도주 생활은 고난으로 점철되어 정말 일생에 성공한 일이라고는 없는 삶을 살다가 결국에 그 마저 붙잡혀 칼레이마스로 수용되었습니다.	기둥에 적힌 글귀
QUEST_UNUSED_20151016_000752	Et il a été pris et enfermé dans Kalejimas. Cela aurait été bien s'il y avait eu le moindre espoir{nl}dans cette prison..{nl}	그 마저 결국엔 붙잡혀 칼레이마스에 수감되었다.{nl}그 악명높은 감옥에서 무언가 희망이 있었다면 좋았으리라..{nl}	QUEST_UNUSED_20151001_000450	{nl}J'aimerais pouvoir dire qu'il y avait de l'espoir pour lui dans cette prison infâme, mais sa vie{nl}là-bas ne fut qu'épreuves jusqu'à la fin.	{nl}그 악명높은 감옥에서 뭔가 희망이 있었다면 좋았겠지만, 그는 최후까지 그곳에서 고생을 하다가 죽었습니다.	기둥에 적힌 글귀
QUEST_UNUSED_20151016_000753	Mais il y a connu l'agonie et est mort.	하지만 그는 그곳에서 고초를 겪다 끝내 생을 마감하고 말았다.				기둥에 적힌 글귀
QUEST_UNUSED_20151016_000754	{nl}Si l'histoire s'arrête ici, ce sera l'histoire d'une personne qui a raté sa vie.{nl}	{nl}여기서 이야기가 끝난다면 그저그런 인생 실패자의 이야기일 뿐이다.{nl}	QUEST_UNUSED_20151001_000452	{nl}{nl}On pourrait penser que, si sa vie fut jalonnée de malheurs, elle ne fut certainement pas{nl}particulièrement pénible. Mais, à ce qu'on dit, même dans la mort son esprit est tourmenté par{nl}les démons, incapable d'échapper à sa triste condition.	{nl}{nl}여기서 끝난다면 그의 일생은 고난과 실패로 가득찬  삶이기는 해도 유일한 고역의 삶은 아니겠지만 일설에 의하면 그는 지금도 죽은 영혼의 상태로 마족에게 고문당하는 신세를 면치 못하고 있다고 합니다. 	기둥에 적힌 글귀
QUEST_UNUSED_20151016_000755	Mais, d'après certaines informations, il est encore torturé par le démon. Son esprit.{nl}	하지만 일설에 의하면 그는 지금도 마족에게 고문당하는 신세라고 한다.{nl}영혼인 채로 말이다.{nl}	QUEST_UNUSED_20151001_000453	{nl}Certains croient que le fait qu'il souffre encore aux mains des démons signifie qu'il doit y avoir{nl}un secret sur sa vie que nous ignorons.	{nl}어떤 사람들은 그가 마족에게 이런 일을 당하고 있다는 사실 자체가 실은 그의 인생에 우리가 모르는 비밀한 사연이 있을 것이라 말하기도 합니다.	기둥에 적힌 글귀
QUEST_UNUSED_20151016_000756	Par conséquent, certains disent qu'il y a une histoire cachée derrière sa vie. Mais personne ne{nl}sait quelle est cette histoire.{nl}	때문에 그의 인생에 숨겨진 사연이 있을 것이라 말하는 사람들도 있다.{nl}그러나 어떤 사연인지 정확히 아는 사람은 아무도 없다.{nl}				기둥에 적힌 글귀
QUEST_UNUSED_20151016_000757	{nl}{nl}Cherchez le petit point qui poursuit le ciel nocturne. C'est Rumpelstiltskin qui vole vers la lune.{nl}	{nl}{nl}밤 하늘의 달을 쫓는 조그만 점을 찾아 보세요.{nl}그건 달을 향해 날아가는 럼펠스틸스킨이랍니다.{nl}	QUEST_UNUSED_20151001_000456	{nl}{nl}Ce n'est peut-être pas absolument vrai, mais c'est une histoire racontée par les légendes. Ce que{nl}nous savons, c'est que Rumpelstiltskin a fait un pari avec Lydia Schaffen et a chevauché sa flèche{nl}vers la lune pendant des siècles et des siècles.	{nl}{nl}이것은 확실한 이야기는 아니지만 전설로 전해내려오는 이야기 가운데 하나입니다. 우리가 아는대로 럼펠스틸스킨은 리디아 샤펜과의 내기로 인해 달을 향해 긴 세월을 날아갔습니다. 	기둥에 새겨진 글귀
QUEST_UNUSED_20151016_000758	Comme nous le savons, Rumpelstiltskin a fait un pari avec Lydia Schaffen et s'est envolé vers la{nl}lune. Cela lui a pris des siècles et des siècles.{nl}	우리가 잘 아는 대로 럼펠스틸스킨은 리디아 샤펜과의 내기로 달을 향해 날아갔습니다.{nl}아주 오랜 세월을 말이지요.{nl}	QUEST_UNUSED_20151001_000457	{nl}Son voyage vers la lune prit très longtemps et fut très difficile. Mais quand il atteignit enfin la{nl}lune, Rumpelstiltskin comprit son problème. La flèche qu'il avait chevauchée jusqu'à la lune ne{nl}pouvait plus guère être appelée une flèche, vu son état après le voyage.	{nl}달에 도착하기까지 매우 긴 세월을 보내며 고생하여 비행을 했습니다. 그러나 마침내 달에 도착했을 때 럼펠스틸스킨은 중대한 문제를 발견했습니다. 자신이 타고 온 리디아 샤펜의 화살은 더 이상 화살이라고 부르기 어려울 정도의 상태가 되었습니다. 	기둥에 새겨진 글귀
QUEST_UNUSED_20151016_000759	À mi-chemin environ, Rumpelstiltskin fut soudain surpris au-delà de toute croyance. La flèche{nl}qu'il chevauchait était presque entièrement détruite.	달을 향해 중간 쯤 날아왔을 때, 럼펠스틸스킨은 소스라치게 놀랐습니다.{nl}자신이 타고 날아온 리디아 샤펜의 화살이 부숴지기 직전이었던 것이지요.	QUEST_UNUSED_20151001_000458	Il fut surpris par le fait que la flèche qu'il chevauchait (il ne faisait qu'être assis dessus, elle volait{nl}par sa propre magie) était soudain complètement usée.	방금전까지 자신이 타고(실은 자세만 탄 것이지 실제로는 그의 마력으로 날게한) 온 화살이 갑자기 부식을 심하게 받은 상태로 변한 사실은 그를 놀라게 만들었습니다.	기둥에 새겨진 글귀
QUEST_UNUSED_20151016_000760	{nl}Rumpelstiltskin comprit qu'il avait été berné. Bien sûr, la flèche aurait pu se désintégrer à force{nl}de voler si longtemps.{nl}	{nl}럼펠스틸스킨은 자신이 속았다는 것을 알아챘습니다.{nl}물론 긴 시간이 흘렀으니 화살이 부숴질 만도 하겠지요.{nl}	QUEST_UNUSED_20151001_000460	{nl}{nl}Bien sûr, la flèche aurait pu s'user au cours d'un si long voyage, mais cela est arrivé d'un coup{nl}après que Rumpelstiltskin s'est posé sur la lune, ce qui semblait très étrange.	{nl}{nl}물론 긴 시간이 흘렀으니 그럴 수도 있는 일이지만, 화살에서 몸을 떼고 막 달 표면에 화살을 박으려하자 그런 일이 일어났으니 럼펠스틸스킨으로서는 황당한 일이었습니다. 	기둥에 새겨진 글귀
QUEST_UNUSED_20151016_000761	Cependant, c'était la propre magie de Rumpelstiltskin qui était en cause. Voyez-vous, la flèche{nl}de Lydia Schaffen avait été faite pour posséder un pouvoir contre les démons.{nl}	하지만 그런 것 쯤이야 럼펠스틸스킨의 마법으로 해결할 수 있었습니다.{nl}순전히 화살이 그렇게 된 건 리디아 샤펜의 화살은 마족에게 저항하는 힘이 있었기 때문이었지요.{nl}	QUEST_UNUSED_20151001_000461	{nl}Il s'avère que ce qui est arrivé à la flèche était la faute de Rumpelstiltskin. Sa magie a bel et bien{nl}fait voler la flèche jusqu'à la lune et l'a protégée, mais ce qu'il ignorait, c'est que la flèche de Lydia{nl}Schaffen était faite d'un matériau utilisé contre les démons. Ainsi, alors que sa magie avait gardé{nl}la flèche intacte tout le long du trajet jusqu'à la lune, dès qu'il lâcha la flèche, qui ne tenait{nl}ensemble que par la magie, elle s'effrita aussitôt en un amas de rouille et tomba au sol.	{nl}화살이 그렇게 된 것은 럼펠스틸스킨의 탓입니다. 럼펠스틸스킨의 마력은 화살을 달까지 날게하고 또한 보존도 하였지만, 리디아 샤펜의 화살은 애초에 마족에 저항하는 상극의 성질을 지니고 있었습니다. 럼펠스틸스킨은 그것을 모르고 자신이 타는 동안에 그의 마력을 끊임없이 불어넣어 화살을 날게하고 한편으로 지켰지만, 한순간 화살과 접촉이 끊기자 마력도 끊겼고, 그러자 그간 마력으로 유지되던 화살은 마치 전체가 녹으로 된 물질이 형체만 유지하다가 녹가루 먼지로 화하는 것처럼 스러지고 만 것입니다.	기둥에 새겨진 글귀
QUEST_UNUSED_20151016_000762	C'est exact. Rumpelstiltskin était un démon. Alors quand son pouvoir et celui de la flèche se sont{nl}heurtés, il a commencé à se désagréger.{nl}	그렇습니다. 럼펠스틸스킨은 마족이었던 것입니다.{nl}마족의 힘과 화살의 힘이 부딫히면서 천천히 바스라지기 시작한 것입니다.{nl}				기둥에 새겨진 글귀
QUEST_UNUSED_20151016_000763	Rumpelstiltskin, qui venait de s'en rendre compte, était furieux, mais cela ne servit à rien.	그걸 이제서야 깨달은 럼펠스킬스킨은 마구 화가 났지만 달리 어찌 할 도리가 없었습니다.				기둥에 새겨진 글귀
QUEST_UNUSED_20151016_000764	{nl}Rumpelstiltskin, incapable de revenir sur terre, vole encore vers la lune. Ou bien il pourrait tout{nl}aussi bien être déjà de retour, à chercher d'autres flèches de Lydia.{nl}	{nl}럼펠스틸스킨은 땅으로 돌아오지 못한 채 지금도 달을 향해 날아가고 있습니다.{nl}어쩌면 벌써 돌아와서 리디아 샤펜이 남긴 다른 화살을 찾고 있을지도 모르지요.{nl}	QUEST_UNUSED_20151001_000463	{nl}{nl}Rumpelstiltskin réfléchit longuement et finit par comprendre, mais il était trop tard. Bien sûr,{nl}aucun humain, déesse ni démon ne peut confirmer cette histoire, car elle n'existe que dans les{nl}légendes. Pour autant que nous sachions, Rumpelstiltskin pourrait bien être encore en route{nl}vers la lune.	{nl}{nl}럼펠스틸스킨은 곰곰히 생각해보고 그 이치를 알았지만 이미 때는 늦은 후였습니다. 물론 이 이야기는 인간도 여신도 마족에게도 확인할 길이 없는 전해지는 이야기에 불과하고 어쩌면 럼펠스틸스킨은 지금도 달을 향해 날고 있을지도 모릅니다.	기둥에 새겨진 글귀
QUEST_UNUSED_20151016_000765	Cette histoire ne peut être vérifiée ni par les humains, ni par les déesses, ni par les démons. Bien{nl}sûr, cela deviendrait évident si nous pouvions aller sur la lune.	이 이야기는 인간도, 여신도, 마족에게도 확인할 길은 없습니다.{nl}물론 달에 갈 수 있다면야 확실해지겠지만요.	QUEST_UNUSED_20151001_000464	{nl}Ou bien il pourrait errer dans notre monde, à la recherche d'autres flèches que Lydia Schaffen{nl}aurait pu laisser.	{nl}어쩌면 리디아 샤펜이 남긴 다른 화살이 아직 세상에 존재하는지 찾기 위해 숨어서 이 세상을 헤매고 있을지도 모릅니다.	기둥에 새겨진 글귀
QUEST_UNUSED_20151016_000766	Quoi, n'êtes-vous pas le Révélateur ? Cela fait tellement plaisir de vous voir.{nl}	아니, 자네는 계시자 아니신가.{nl}반갑네, 반가워.{nl}	QUEST_UNUSED_20151001_000466	Un Révélateur ! Ravi de vous rencontrer. Je m'appelle Leopoldas, je m'occupe des nouveaux{nl}membres des Marchands Kedorlaomer. Je suis vraiment heureux de vous rencontrer ici.	계시자님이시로구먼!{nl}반갑네 반가워. 난 케도라오머 상단에서 신입 단원 관리를 맡고 있는 레오폴다스라고 하네. 이렇게 만나다니 정말 반갑네.	레오폴다스
QUEST_UNUSED_20151016_000767	Bien sûr que je vous connais. Nous, de l'Alliance marchande de Kedora, savons tout.{nl}	아아, 자네에 대해선 물론 알고 있지.{nl}우리 케도라 상단은 뭐든 알고 있거든.{nl}	QUEST_UNUSED_20151001_000467	{nl}Puisque nous avons été présentés, pourrions-nous... discuter un peu ?	{nl}이렇게 만난 것도  인연인데, 잠시 이야기나 .. 어떤가?	레오폴다스
QUEST_UNUSED_20151016_000768	Nous sommes une alliance de renom ; nous avons travaillé sur la Tour astrale, la Grande{nl}cathédrale et d'autres constructions majeures. La volonté des déesses. Je dirais que nous étions{nl}une sorte de moteur de l'histoire.{nl}	우린 별의 탑, 대성당 같은 대형 공사의 자재를 공급해 온 유서깊은 상단이야.{nl}전부 여신의 뜻이지. 역사를 뒤에서 보좌해왔다고나 할까? {nl}				레오폴다스
QUEST_UNUSED_20151016_000769	Oh, au fait, c'est moi qui m'occupe des nouveaux membres. Après Medzio Diena, nous avons dû{nl}utiliser même les nouveaux venus pour aider à la reconstruction.{nl}	아, 난 상단의 신입 단원 관리를 맡고 있네.{nl}신수의 날에 막대한 피해를 입어서 신입들까지 동원해가며 피해를 복구하고 있지.{nl}				레오폴다스
QUEST_UNUSED_20151016_000770	Et si nous nous entraidions ? Il est l'assistant de notre Alliance marchande de Kedora.	어떤가. 같은 여신의 동지끼리 돕는 건?{nl}당당히 우리 케도라 상단의 조력자! 쯤이 되는 것 아니겠나.				레오폴다스
QUEST_UNUSED_20151016_000771	Merci beaucoup. Les nouveaux venus sont à mes côtés.{nl}	거 정말 고맙네.{nl}일단 옆쪽엔 내 담당인 신입단원들이 있지.{nl}	QUEST_UNUSED_20151001_000471	Ce serait formidable si vous pouviez donner un coup de main à nos marchands ici à Manahas, si{nl}vous avez le temps. Là-bas se trouvent nos nouveaux venus, et si vous allez au sud vous pouvez{nl}aider Jurathena Margellius. Vous serez fier de vous dire assistant des Marchands Kedorlaomer !	시간이 난다면 이 곳 마나하스에서 우리 상단의 일들을 좀 도와준다면 좋겠네.{nl}저쪽에 내 담당인 신입단원들도 있고, 저 아래로 내려가면 유라테나 마르젤리유스의 일도 도울 수 있지.{nl}그렇게 되면 자네도 당당히 케도라오머 상단의 조력자! 쯤이 되는 것이 아니겠나.	레오폴다스
QUEST_UNUSED_20151016_000772	J'allais être un peu sévère en vous enseignant, mais ce n'est pas vraiment mon genre. Je me{nl}demandais si vous pourriez nous donner un coup de main.{nl}	좀 엄격하게 일을 가르치려고 했는데 내 마음이 사실 안 그래. {nl}자네가 살짝 도와줬으면 좋겠어.{nl}				레오폴다스
QUEST_UNUSED_20151016_000773	Si vous allez au sud, vous pouvez aider Jurathena Margellius. Les monstres par ici sont coriaces,{nl}même pour un vétéran.	저 아래쪽으로 가면 유라테나 마르젤리유스의 일을 도울 수도 있네.{nl}아무리 베테랑이지만 이 동네 몬스터가 좀 거칠어야 말이지.				레오폴다스
QUEST_UNUSED_20151016_000774	Même dans notre groupe, pourtant, nous avons connu des moments difficiles. C'est d'ailleurs un{nl}peu difficile en ce moment.{nl}	우리 상단이라고 해도 어려웠던 시절이 없으란 법은 없었지.{nl}지금이 살짝 그런 때라고 해도 되려나?{nl}	QUEST_UNUSED_20151001_000472	Même dans notre groupe, pourtant, nous avons connu des moments difficiles. C'est d'ailleurs un{nl}peu difficile en ce moment. C'est pourquoi nous nous concentrons là-dessus ici en ce moment.	우리 상단이라고 해도 어려웠던 시절이 없으란 법은 없었지.{nl}지금이 살짝 그런 때라고 해도 되려나?{nl}여튼 그래서 이렇게 이 존에 주력하고 있는 것이고.	레오폴다스
QUEST_UNUSED_20151016_000775	C'est pourquoi nous sommes concentrés ici sur Manahas en ce moment.	그래서 이렇게 이 곳 마나하스에 주력하고 있는 것이고.				레오폴다스
QUEST_UNUSED_20151016_000776	Très bien, allez-y alors. Cela ne devrait pas être trop dur pour quelqu'un de votre renommée.	그럼 잘 부탁하겠네.{nl}자네 명성이야 익히 들어 알고 있으니 어려운 일은 아닐 게야.	QUEST_UNUSED_20151001_000473	À la prochaine.	다음에 또 보세나.	레오폴다스
QUEST_UNUSED_20151016_000777	Salutations. Je suis Antanas, de Nestospa. Avez-vous déjà vu Nestospa ? Enfin, peu importe si ce{nl}n'est pas le cas.	안녕하시오.{nl}난 네스토스파의 안타나스라고 하오.{nl}이전에 네스토스파를 본 적이 있소?{nl}뭐 없어도 별 상관은 없소.	QUEST_UNUSED_20151001_000479	Salutations. Je suis Antanas, de l'ordre Rud. En ces temps où les déesses ont disparu, plutôt que{nl}de combattre d'autres ordres, nous, à l'ordre Rud, préférons attendre les déesses en silence tout{nl}en faisant notre travail.	안녕하시오.{nl}난 러드 종단의 안타나스라고 하오.{nl}여신이 사라진 지금, 다른 종파로 갈려 싸우기 보다는 묵묵히 이 곳 저 곳에서 여신을 기다리면서 자기 할 일을 하고 있는 종단이 바로 러드 종단이라오.	안타나스
QUEST_UNUSED_20151016_000778	{nl}Les gens de Nestospa ici font simplement leur travail en silence. Moi, je suis ici à fabriquer des{nl}pierres tombales. Le problème est que je n'ai pas de matériaux. Voudriez-vous m'aider ?	{nl}이 곳에 있는 네스토스파 사람들은 조용히 자기 일만 한다오.{nl}난 지금 여기서 비석을 만들고 있소.{nl}그런데 영 재료들이 모이지 않네.{nl}좀 도와주시겠소?	QUEST_UNUSED_20151001_000480	{nl}Nous construisons un sanctuaire ici. Nous devons chercher des matériaux pour cela, mais nous{nl}manquons plutôt de bras. Voudriez-vous aider ?	{nl}난 여기서 성소를 만들고 있소.{nl}아닌게 아니라 성소를 만들 재료들을 구해야 하는데 영 일손이 딸리네.{nl}좀 구해주시겠소?	안타나스
QUEST_UNUSED_20151016_000779	Antanas vous a dit de venir ? Je suis Giedra, de Nestospa. Si vous avez déjà rencontré Antanas,{nl}vous savez probablement ce que nous faisons, je serai donc brève.	안타나스가 가 보라고 하셨다구요?{nl}저는 네스토스파의 기에드라라고 합니다.{nl}안타나스를 만나고 오셨으면 저희가 하는 일에 대한 이야기는 들으셨을 테니 길게 말 하지 않을게요.	QUEST_LV_0100_20151001_008363	Vous êtes le Révélateur. Je suis Giedra du Ordre de Rhud. Si vous êtes ici pour rencontrer{nl}Antanas, je suis sûr que vous avez déjà entendu parler de notre ordre, je n'en dirai donc pas{nl}grand-chose. 	계시자님이시로군요.{nl}러드 종단의 기에드라라고 합니다.{nl}안타나스를 만나고 오셨으면 저희 종단에 대한 이야기는 들으셨을 테니 길게 말 하지 않을게요.	기에드라
QUEST_UNUSED_20151016_000780	{nl}Je rassemble des matériaux pour faire les écritures des déesses. Le papier ordinaire jaunit et se{nl}désagrège trop vite... alors je cherche un matériau qui ne s'humidifie ni ne change de couleur.{nl}Les coques transparentes de monstres sont parfaites pour cela, puisqu'elles durent longtemps{nl}une fois gravées. Voulez-vous m'en rassembler ?	{nl}저는 여기서 여신의 경전을 만들기 위한 재료를 모으고 있어요.{nl}일반 종이들은 금방 누래지고 부스러져서.. 이번에는 잘 젖지도 않고 변색도 없는 재료를 구하고있죠.{nl}몬스터들의 투명한 껍질이 딱 좋아요. 잘 다듬어서 글을 새기면 오래 가죠.{nl}그것들을 좀 구해 주시겠어요?	QUEST_LV_0100_20151001_008364	{nl}Je récolte les matériaux nécessaires à la fabrication des Écritures de la Déesse. Le papier{nl}ordinaire jaunit et se dégrade vite... Je cherche donc des matériaux qui ne s'imbibent pas et ne se{nl}décolorent pas facilement. La coquille transparente des monstres est excellente pour cela. Si on{nl}la polit bien avant d'écrire dessus, elle durera longtemps. Pouvez-vous m'en rapporter ? {nl}	{nl}저는 여기서 여신의 경전을 만들기 위한 재료를 모으고 있어요.{nl}일반 종이들은 금방 누래지고 부스러져서.. 이번에는 잘 젖지도 않고 변색도 없는 재료를 구하고있죠.{nl}몬스터들의 투명한 껍질이 딱 좋아요. 잘 다듬어서 글을 새기면 오래 가죠.{nl}그것들을 좀 구해 주시겠어요?{nl}	기에드라
QUEST_UNUSED_20151016_000781	Vous êtes revenu plus vite que je ne le pensais. J'utiliserai ces coques pour faire les écritures.{nl}Merci.	생각보다 빨리 가져오셨네요.{nl}이 껍질은 이제 잘 다듬어서 경전이 될 거예요.{nl}감사합니다.	QUEST_LV_0100_20151001_008367	Vous les avez apportés plus tôt que je ne l'attendais. Ces coquillages seront maintenant polis et{nl}utilisés comme pages de l'écriture sainte. Merci.	생각보다 빨리 가져오셨네요.{nl}이 껍질은 이제 잘 다듬어서 경전의 페이지들이 될 거예요.{nl}감사합니다.	기에드라
QUEST_UNUSED_20151016_000782	Oh, mon enseigne... Sans elle, impossible de dire si je suis Nestospa ou Anastospa... J'ai tout{nl}perdu... Les monstres ont tout pris... Je suis fichu... J'allais au Plateau de Fasika après mon{nl}pèlerinage mais...	아 내 표식.. 그게 없으면 내가 네스토스인지 아나스토스인지 모르는데..{nl}다 잃어버렸어.. 몬스터들이 가져가 버렸어..{nl}난 끝났어..{nl}순례를 끝내고 파사카 협곡으로 가려고 했는데..	QUEST_LV_0100_20151001_008374	J'avais les registres de mes aînés... Mais tout a été volé... Je suis fichu...	선배들의 기록이 있었는데..{nl}다 도둑맞았어..{nl}난 끝났어..	케스타스
QUEST_UNUSED_20151016_000783	Ooooh ! Aidez-moi, je vous en prie ! Mon enseigne de Nestospa a disparu !	오오오오!{nl}제발 저를 도와 주세요!{nl}네스토스의 표식이 없어졌어요!	QUEST_LV_0100_20151001_008375	Oh oh oh ! Aidez-moi, je vous en prie ! Les registres de mes aînés ont tous disparu !	오오오오!{nl}제발 저를 도와 주세요!{nl}선배들의 기록들이 없어졌어요!	케스타스
QUEST_UNUSED_20151016_000784	{nl}Elle a disparu, disparu, disparu ! Aidez-moi à la retrouver, je vous en prie ! Les monstres ont dû{nl}la prendre !	{nl}그게 없어요 없어요 없어!{nl}찾아다 주세요!{nl}몬스터가 가져 간 게 분명해요!	QUEST_LV_0100_20151001_008376	{nl}C'est mon travail mais tout a disparu ! Tout ! Retrouvez-le, je vous prie ! Je suis sûr que les{nl}monstres l'ont pris !	{nl}제가 하는 일이 그건데, 그게 없어요 없어요 없어!{nl}찾아다 주세요!{nl}몬스터가 가져 간 게 분명해요!	케스타스
QUEST_UNUSED_20151016_000785	Comment cela a-t-il pu arriver... Je suis  fichu... Comment vais-je affronter mes mentors de{nl}Nestospa...	어쩌지 어째..{nl}난 끝났어.. 네스토스파 선생님들 얼굴을 어떻게 봐..	QUEST_LV_0100_20151001_008377	Que faire... Que dois-je faire... Je suis fichu... Tout ce dur labeur pour établir ces registres...	어쩌지 어째..{nl}난 끝났어.. 어떻게 모은 기록인데..	케스타스
QUEST_UNUSED_20151016_000786	C'est ça ! Ouah, vous les avez tous trouvés ! Merci ! Comment pourrais-je jamais vous rendre la{nl}pareille...	그거예요! 와 다 모으셨군요!{nl}감사합니다!{nl}이 은혜를 어찌 해야 할 지..				케스타스
QUEST_UNUSED_20151016_000787	C'est très surprenant. Ce que les soldats ont fait par le passé est écrit ici. Je vais transmettre ce{nl}document au quartier général. {nl}	놀랍군요. 과거 병사들의 생활상이 적혀있어요. {nl}얼른 이 자료를 기사단 본부에 보내야겠습니다. {nl}	QUEST_UNUSED_20151001_000491	C'est surprenant. Cela raconte tout de la vie des soldats d'autrefois. Je devrais l'envoyer au{nl}quartier général. Merci.	놀랍군요. 과거 병사들의 생활상이 적혀있어요. {nl}얼른 이 자료를 기사단 본부에 보내야겠습니다. 감사합니다.	빌헬미나 캐리어트
QUEST_UNUSED_20151016_000788	Je vais vous donner un exemplaire du livre en gage de ma reconnaissance. Il est écrit{nl}grossièrement, mais notre objectif est de découvrir la vérité du passé.	감사의 뜻으로 책 사본을 드리지요.{nl}조금 거친 언어로 쓰여 있지만 저희는 과거의 진상을 알리는 게 목적이니까요.				빌헬미나 캐리어트
QUEST_UNUSED_20151016_000789	Esprit du Soldat de l'Armée de Ruklys	루클리스 부대원의 영혼				
QUEST_UNUSED_20151016_000790	Si nous ne donnons pas l'ordre de retraite, ils seront tous anéantis. Soufflez dans le cor, je vous{nl}en prie..	퇴각시키지 않으면 전멸당하고 말 겁니다.{nl}반드시 나팔을..	QUEST_UNUSED_20151001_000497	S'ils ne battent pas en retraite, nous serons anéantis. Le cor...	퇴각시키지 않으면 전멸당하고 말 겁니다.{nl}나팔을..	루클리스 부대원의 영혼
QUEST_UNUSED_20151016_000791	Les Chevaliers de Kaliss ? Bien. On ne peut pas entrer dans la Forteresse de la Terre car il y a trop{nl}de gardes de l'armée royale. Mais, si vous m'aidez pour le plan, je peux vous emmener avec moi.{nl}	칼리스 기사단이라고? 좋아. {nl}대지의 요새는 나라면 모를까, 왕국군이 많아서 그냥은 못들어가.{nl}하지만 내 계획을 도와준다면 함께 데려가 줄 순 있어.{nl}	QUEST_UNUSED_20151001_000522	Les Chevaliers de Kaliss ? Bien. Nous ne pouvons pas encore vous faire entièrement confiance{nl}mais, si vous m'aidez pour le plan, je peux vous emmener avec moi.{nl}	칼리스 기사단이라고? 좋아.{nl}우리가 널 완전히 믿진 못하겠지만 내 계획을 도와준다면 함께 데려가 줄 용의는 있어.{nl}	도굴꾼 아만다
QUEST_UNUSED_20151016_000792	À propos du secret dont je vous ai parlé tout à l'heure...{nl}	자.. 아까 그 비밀 이야기 말인데..{nl}	QUEST_UNUSED_20151001_000523	Vous savez que la Forteresse de la Terre fut le dernier champ de bataille de Ruklys, n'est-ce pas ?{nl}Elle a été creusée dans le sol comme un tunnel.{nl}	대지의 요새가 루클리스 군의 마지막 저항지였다는 건 알고 있지?{nl}개미굴 처럼 땅 속을 파서 만든 곳이지.{nl}	도굴꾼 아만다
QUEST_UNUSED_20151016_000793	J'ai entendu dire que la Forteresse de la Terre servait à protéger le trésor reçu de Ruklys.{nl}	대지의 요새는 루클리스가 여신께 받은 보물을 지키기 위한 것이라는 이야기도 있어.{nl}	QUEST_UNUSED_20151001_000524	L'armée royale est partout dessus maintenant, à le protéger. N'est-ce pas étrange ?	지금은 왕국군들이 철통같이 지키고 있어.{nl}이상하지 않아?{nl}	도굴꾼 아만다
QUEST_UNUSED_20151016_000794	Réfléchissez-y. N'est-ce pas étrange ? Les gardes de l'armée royale protègent le trou creusé{nl}comme une fourmilière.{nl}	생각해 봐. 이상하지 않아?{nl}개미굴 처럼 땅 속을 파서 만든 엄청난 곳을 왕국군이 철통같이 지키고 있다고.{nl}	QUEST_UNUSED_20151001_000525	La révolte a eu lieu il y a 400 ans et nous manquons de bras à cause de Medzio Diena. Cette cité{nl}aussi.. je sais qu'elle a une valeur historique, mais je ne suis pas sûr que nous devions la protéger{nl}à ce point.{nl}	반란은 400년 전의 일이고 지금은 신수의 날이다 뭐다 해서 병력도 부족하잖아.{nl}이 도시도 그렇고 아무리 역사적으로 의미가 있어도 그렇게까지 지켜야 할 필요가 있냐는 거야.{nl}	도굴꾼 아만다
QUEST_UNUSED_20151016_000795	Les Chevaliers de Kaliss veulent savoir s'il y a quelque chose là-bas. Ils nous ont dit que si nous{nl}enquêtons sur la Forteresse de la Terre, ils ne diront rien quoi que nous fassions.{nl}	칼리스 기사단은 거기에 주목해서 뭔가 있지 않을까 궁금한가봐.{nl}그들은 대지의 요새만 조사해 주면 마음대로 움직여도 못본 척 해주겠다고 했어.{nl}	QUEST_UNUSED_20151001_000528	Alors, bien sûr, j'entre dans la salle de la forteresse pleine de trésors sans que l'armée le sache.{nl}J'imagine qu'elle regorge de richesses, puisqu'il s'agit des fonds de l'armée.{nl}	아, 물론 난 왕국군 몰래 대지의 요새에 있는 보물이 가득한 방으로 들어갈 거야.{nl}분명 군자금이니 뭐니 엄청난 것을 잔뜩 쌓아 놓고 있을 거라고.{nl}	도굴꾼 아만다
QUEST_UNUSED_20151016_000796	Ah, bien sûr, je vais aller chercher le trésor de Ruklys. Le trésor vient des déesses, ce doit donc{nl}être quelque chose d'extraordinaire.{nl}	아, 물론 난 루클리스의 보물을 찾으러 갈 거야.{nl}분명 여신께 받은 것이니 엄청난 물건일 거라고.{nl}	QUEST_UNUSED_20151001_000529	D'abord, rassemblez les registres de l'ère de Ruklys dans l'aire de rassemblement. Nous en avons{nl}besoin pour passer la Gargouille qui monte la garde.	일단 집결지에 있는 루클리스 시대의 기록물들을 모아줘.{nl}저길 지키고 있는 가고일을 뚫을려면 그게 필요하거든.	도굴꾼 아만다
QUEST_UNUSED_20151016_000797	Quoi qu'il en soit, vous serez avec moi, n'est-ce pas ? Rassemblez d'abord les registres de l'ère{nl}Ruklys au lieu de rassemblement. Pour briser la Gargouille, nous en avons besoin.	어쨌든 나와 함께 하는 거지?{nl}일단 집결지에 있는 루클리스 시대의 기록물들을 모아줘.{nl}저길 지키고 있는 가고일을 뚫을려면 그게 필요하거든.				도굴꾼 아만다
QUEST_UNUSED_20151016_000798	Hé, vous. Que faites-vous ici dans cette forêt reculée ? Enfin, peu importe. Qui que vous soyez,{nl}pouvez-vous me donner un coup de main ?	이봐요. 당신.{nl}누구길래 이렇게 인적 드문 숲을 찾아온거죠?{nl}아 됐어요. 누구라도 상관없어. 절 좀 도와주세요.{nl}				드루이드 레야
QUEST_UNUSED_20151016_000799	Je m'appelle Druide Leja et je vis dans cette forêt. J'en suis arrivée là en poursuivant les Ferret{nl}qui se sont enfuis avec la nourriture du village. Je n'ai pas pu retrouver la nourriture, mais j'ai{nl}été attaquée par des Ferret.{nl}	저는 이 숲에 사는 드루이드 레야라고 해요.{nl}페릿이 마을을 습격해서 식량을 훔쳐달아나는 걸 쫓다가 여기까지 왔죠.{nl}그런데 식량도 못찾고 오히려 페릿들에게 공격당해버렸네요.{nl}				드루이드 레야
QUEST_UNUSED_20151016_000800	Je veux soigner ma blessure avant de retourner au village.. Là-haut, il y a une herbe qui agit bien{nl}sur les blessures. Apportez-nous ces herbes, je vous prie.	마을로 돌아가기 전에 상처를 좀 추스려야할 것 같은데..{nl}저 위에 올라가면 상처에 잘 듣는 약초가 있어요. 그 약초를 좀 가져다주세요.				드루이드 레야
QUEST_UNUSED_20151016_000801	Quand nous récoltons les herbes, les Ferret peuvent nous attaquer. Ils pensent que tout dans{nl}cette forêt leur appartient.	약초를 채집하다보면 페릿들이 공격해올지도 몰라요.{nl}언젠가부터 이 숲에서 나는 모든 게 자기꺼라고 생각하는 것 같더라구요.				드루이드 레야
QUEST_UNUSED_20151016_000802	Révélateur, avez-vous déjà bu l'eau rouge ? Si vous l'aviez bue, je suis sûr que vous ne pourriez{nl}pas me parler maintenant. Même si vous avez vraiment soif, vous ne devriez pas boire l'eau{nl}rouge. Si vous la buvez, vous en souffrirez. Elle est si toxique. Les fruits qui ont poussé en{nl}absorbant cette eau sont devenus énormes et ne peuvent être comestibles.{nl}	계시자님 혹시 붉게 물든 물을 마셔보셨나요?{nl}아마 마셨으면 이 자리에 서서 저와 대화를 나누는 것 조차 불가능했을거에요.{nl}아무리 목이 마르셔도 붉게 물든 물은 마시면 안돼요. 마시면 죽을 만큼 괴롭거든요.{nl}얼마나 독한지 그 물을 먹고 자란 거대 과일도 먹을 수 없게 되버린답니다.{nl}하지만 페릿들은 어떻게 된 건지 거대 과일을 채집해서 과즙을 물 대신 마시더라고요.{nl}				마을 주민
QUEST_UNUSED_20151016_000803	Je me suis un jour perdu dans une forêt et j'avais alors vraiment très soif. J'ai trouvé un récipient{nl}contenant du jus de fruit que les Ferret avaient accumulé. Mourir de soif ou mourir des Ferret,{nl}mourir c'est pareil. Alors j'ai bu le jus à l'insu des Ferret et il ne m'est rien arrivé.{nl}	예전에 숲에서 길을 잃고 헤맸던 적이 있는데 너무 목이 말라죽겠는 거에요.{nl}그때 과즙통을 들고 돌아다니던 페릿 한마리를 만나게 됐죠.{nl}목이 말라 죽든, 과일을 먹고 죽든, 페릿한테 물려죽든 어차피 죽는 건 매 한가지잖아요.{nl}그래서 억지로 페릿이 가지고 있던 과즙을 뺏어 마셨는데 아무 일도 없었답니다.{nl}				마을 주민
QUEST_UNUSED_20151016_000804	L'eau que nous avions récoltée est presque épuisée, il nous en faut davantage. Pourriez-vous{nl}rapporter du jus de fruit des Ferret ? Merci.	이제 모아둔 식수도 바닥을 보이기 시작했는데 식수는 꼭 있어야하잖아요.{nl}페릿들로부터 거대과일 과즙을 모아주실 수 있을까요? 부탁드릴게요.				마을 주민
QUEST_UNUSED_20151016_000805	Le goût du jus de fruit était bien meilleur que ce que j'imaginais...	깜짝 놀랐던 건 죽을 각오로 마신 과즙이 상상 이상으로 맛이 좋았다는 거에요..				마을 주민
QUEST_UNUSED_20151016_000806	Ouah, merci. Avec une telle quantité, nous n'aurions plus à nous soucier de l'eau potable.	와 감사해요. 이 정도 양이면 한동안 식수 걱정은 없겠어요.				마을 주민
QUEST_UNUSED_20151016_000807	Ah.. je ne m'attendais pas à voir un humain ici..! Aidez-moi, je vous en prie ! On m'appelle{nl}Druide Benes. J'essaie de découvrir pourquoi les Ferret coopèrent avec les démons. Récemment,{nl}j'ai découvert que je pourrai parler aux Ferret grâce au sortilège des Druides.{nl}	아.. 이런 곳에서 사람을 만날 줄이야..! 저 좀 도와주세요!{nl}저는 드루이드 베네스라고 합니다. 페릿들이 마족 편에 동조하는 이유를 찾아보고 있죠.{nl}드루이드 주술을 사용하면 페릿으로 모습을 바꿀 수 있어요. 물론 페릿과 대화를 나눌 수도 있구요.{nl}				드루이드 베네스
QUEST_UNUSED_20151016_000808	Le problème, c'est que comme je les fréquente depuis si longtemps, ils connaissent déjà mon{nl}odeur. Même quand je me change en Ferret, ils me reconnaissent et refusent de me parler.{nl}Voudriez-vous vous changer en Ferret pour moi et essayer de découvrir ce qu'ils complotent ?{nl}	문제는 변신하는 과정에서 페릿과 너무 많이 접촉을 해서 놈들이 제 냄새를 기억한다는 겁니다.{nl}페릿으로 변신해도 제가 인간인 걸 알고 저와 대화를 하지 않더라고요.{nl}제 대신 페릿으로 변신해서 녀석들의 속셈을 알아봐주실 수 있으실까요?{nl}				드루이드 베네스
QUEST_UNUSED_20151016_000809	Pour vous changer en Furet, vous devez bien observer les comportements des Furets. Si nous{nl}faisons quelque chose de maladroit, nous serons démasqués par les Furets. Je vais vous donner{nl}un parchemin vierge, alors observez les comportements des Furets et consignez-les ici.	페릿으로 변신하기 위해서는 페릿들의 행동을 잘 관찰해야합니다.{nl}어색한 행동을 하면 페릿들에게 들킬테니까요.{nl}제가 빈 주문서를 드릴테니 여기에 페릿의 행동을 관찰하고 적어주세요.				드루이드 베네스
QUEST_UNUSED_20151016_000810	D'après ce que vous avez observé, je vais fabriquer un Parchemin de transformation en Furet.{nl}Alors écrivez de façon aussi détaillée que possible. Afin que même transformé, cela n'ait pas l'air{nl}maladroit.	관찰하신 내용을 토대로 페릿 변신 주문서를 만들어드릴 겁니다.{nl}그러니 최대한 상세하게 적어 주세요. 변신해도 어색하지 않도록 말이죠.				드루이드 베네스
QUEST_UNUSED_20151016_000811	Vous avez observé en détail. Vous n'aurez aucun problème si vous vous transformez{nl}maintenant. Veuillez patienter.	자세하게 관찰해오셨네요.{nl}이 정도면 변신해도 큰 문제 없겠어요.{nl}잠시만요.				드루이드 베네스
QUEST_UNUSED_20151016_000812	Le Registre de Quelqu'un	누군가의 기록				
QUEST_UNUSED_20151016_000813	Quelque Chose de Gravé sur le Pilier	무언가가 새겨진 기둥				
QUEST_UNUSED_20151016_000814	Le cristal qui émet la lumière mystérieuse n'est pas entièrement rempli !{nl}Vainquez les monstres alentour pour récolter de l'huile de monstre et faire briller la lumière du cristal !	신비한 빛을 내는 결정의 빛이 충분하지 않은 것 같습니다!{nl}주변 몬스터에게서 신비한 빛을 내는 결정이 충분한 빛을 내도록 몬스터 기름을 구해 오세요!	QUEST_UNUSED_20151001_000564	Les étincelles de la mer ne brillent pas, probablement parce qu'il fait jour.{nl}Récoltez de l'huile de monstre sur les monstres alentour pour nourrir les étincelles de la mer !	낮이라서 그런지, 야광충이 빛을 내지 않습니다!{nl}주변 몬스터에게서 야광충의 먹이가 되는 몬스터 기름을 구해 오세요!	
QUEST_UNUSED_20151016_000815	Le cristal qui émet le rayon mystérieux se met à briller vivement !	신비한 빛을 내는 결정이 아주 밝은 빛을 내기 시작합니다!				
QUEST_UNUSED_20151016_000816	3 nombres sont le secret du pilier	기둥의 비밀은 숫자 3개				
QUEST_UNUSED_20151016_000817	Gravures sur le Pilier	기둥에 새겨진 인물				
QUEST_UNUSED_20151016_000818	Qu'est-ce qui est écrit sur le pilier ?	기둥의 글귀는 무엇?				
QUEST_UNUSED_20151016_000819	Le pilier s'est effondré !{nl}Récoltez du liquide gluant sur les monstres pour le réparer !	기둥이 무너져 버렸습니다!{nl}몬스터로부터 이 기둥을 수리 할 만한 점성 있는 액체를 구해 오세요!				
QUEST_UNUSED_20151016_000820	Vous avez obtenu du fluide gluant !	점성 있는 액체를 구해 오세요!				
QUEST_UNUSED_20151016_000821	Réparation du pilier	기둥을 수리하는 중				
QUEST_UNUSED_20151016_000822	Chercher les fragments du pilier	기둥 조각 찾기				
QUEST_UNUSED_20151016_000823	Dites-moi ce que c'est, je vous prie	알려달라고 한다	QUEST_LV_0100_20150317_002398	Accepter	수락	
QUEST_UNUSED_20151016_000824	Je demanderai plus tard	나중에 물어 본다	QUEST_LV_0100_20150317_002379	Annuler	종료	
QUEST_UNUSED_20151016_000825	J'irai	가보겠다고 한다				
QUEST_UNUSED_20151016_000826	J'ai quelque chose à faire	볼일이 있다고 한다	QUEST_LV_0100_20150317_002379	Annuler	종료	
QUEST_UNUSED_20151016_000827	Veuillez patienter	기다려 달라고 한다				
QUEST_UNUSED_20151016_000828	J'irai le rencontrer	만나보겠다고 한다	QUEST_LV_0100_20150317_002398	Accepter	수락	
QUEST_UNUSED_20151016_000829	Je reviendrai bientôt	금방 다녀오겠다고 한다				
QUEST_UNUSED_20151016_000830	L'allumer	불 켜는 중				
QUEST_UNUSED_20151016_000831	Je vais jeter un œil alentour	들러보겠다고 한다	QUEST_LV_0100_20150317_002398	Accepter	수락	
QUEST_UNUSED_20151016_000832	Je n'en ai pas besoin	굳이 필요 없다고 한다	QUEST_LV_0100_20150317_002379	Annuler	종료	
QUEST_UNUSED_20151016_000833	Cela viendra si vous attendez	기다리면 올거라고 한다	QUEST_LV_0100_20150317_002379	Annuler	종료	
QUEST_UNUSED_20151016_000834	Il est probable qu'il y ait d'autres piliers portant les registres de quelqu'un. Regardez le pilier. Vous pourrez lire les écrits du pilier même dans l'obscurité si vous avez les cristaux qui émettent un rayon mystérieux.	누군가의 기록이 담긴 기둥이 더 있을 것 같습니다. 기둥을 살펴 보세요. 기둥의 글귀는 신비한 빛을 내는 결정이 있다면 어두워도 읽을 수 있을 것입니다.	QUEST_UNUSED_20151001_000695	Il devrait y avoir d'autres piliers portant des registres par ici. Regardez les autres. Nous pourrions utiliser la lumière des étincelles de la mer pour lire les écrits sur les piliers.	누군가의 기록이 담긴 기둥이 더 있을 것 같습니다. 기둥을 살펴 보세요. 기둥의 글귀는 야광충의 빛이 있다면 어두워도 읽을 수 있을 것입니다.	
QUEST_UNUSED_20151016_000835	Le cristal qui émet la lumière mystérieuse a besoin d'huile de monstre pour briller. Chassez des monstres et récoltez de l'huile de monstre.	신비한 빛을 내는 결정 충분한 빛을 내려면 몬스터 기름이 있어야 할 것 같습니다. 몬스터를 사냥하여 몬스터 기름을 모으세요.	QUEST_UNUSED_20151001_000697	Pour faire briller les étincelles de la mer en plein jour, il vous faut de l'huile de monstre. Chassez des monstres pour en récolter.	야광충이 낮에 빛을 내려면 몬스터 기름이 있어야 할 것 같습니다. 몬스터를 사냥하여 몬스터 기름을 모으세요.	
QUEST_UNUSED_20151016_000836	Vous avez obtenu l'huile de monstre. Retournez au pilier avec le cristal et utilisez sa lumière pour voir les écrits dessus.	몬스터 기름을 모두 모았습니다. 기둥으로 가져 가서 신비한 빛을 내는 결정의 빛으로 기둥에 새겨진 글귀를 읽어 봅시다.	QUEST_UNUSED_20151001_000699	Vous avez récolté l'huile de monstre. Apportez-la au pilier et utilisez la lumière des étincelles de la mer pour lire les écrits dessus.	몬스터 기름을 모두 모았습니다. 기둥으로 가져 가서 야광충의 빛으로 기둥에 새겨진 글귀를 읽어 봅시다.	
QUEST_UNUSED_20151016_000837	Les instructions semblent dire que, si vous prononcez les nombres obtenus au Plateau de Galeed, les écrits du pilier deviendront visibles. Tenez-vous près du pilier et saisissez les nombres dans la fenêtre de discussion. Obtenez des indices auprès des piliers colorés.	갈르엣 평야의 어딘가에서 얻은 힌트 숫자를 말하면 기둥의 글귀를 읽을 수 있다고 씌여 있는 것 같습니다. 기둥 가까이에서 채팅창에 숫자를 입력하세요. 특정 색상의 기둥에서 힌트를 얻을 수 있습니다.	QUEST_UNUSED_20151001_000703	Les instructions semblent dire que, si vous prononcez les nombres obtenus au Plateau de Galeed, les écrits du pilier deviendront visibles. Tenez-vous près du pilier et saisissez les nombres dans la fenêtre de discussion.	갈르엣 평야의 어딘가에서 얻은 힌트 숫자를 말하면 기둥의 글귀를 읽을 수 있다고 씌여 있는 것 같습니다. 기둥 가까이에서 채팅창에 숫자를 입력하세요.	
QUEST_UNUSED_20151016_000838	Obtenir %s auprès des monstres	몬스터로부터 %s 구해오기	QUEST_UNUSED_20151001_000715	Vaincre des monstres et récolter %s	몬스터를 처치하고 %s 구해 오기	
QUEST_UNUSED_20151016_000839	Les livres de l'ère Ruklys sont éparpillés alentour. Cherchez les livres qui sont lisibles.	루클리스 시대에 남겨진 책들이 흩어져 있습니다. 읽을 수 있을 만한 책을 찾아보세요.				
QUEST_UNUSED_20151016_000840	Si vous apportez ces livres à Wilhelmina Carriot, vous pourrez recevoir des récompenses.	이 책들을 빌헬미나 캐리어트에게 전해 주면 보상을 받을 수 있을 것 같습니다.	QUEST_UNUSED_20150717_000290	Parler à Wilhelmina Carriot	빌헬미나 캐리어트와 대화하세요	
QUEST_UNUSED_20151016_000841	Vous voyez l'esprit du soldat de l'Armée de Ruklys qui ne peut pas retourner auprès de la déesse. Parlez-lui.	여신의 품으로 돌아가지 못하고 떠도는 루클리스 부대 병사 영혼이 보입니다. 그와 대화하세요	QUEST_UNUSED_20151001_000732	Parler Avec l'Esprit du Soldat de l'Armée de Ruklys	루클리스 부대 병사 영혼과 대화하세요	
QUEST_UNUSED_20151016_000842	Il semble qu'il regrette de n'avoir pas pu souffler dans le cor pour ordonner la retraite. Soufflez dans le cor et informez les autres esprits.	루클리스 부대 병사의 영혼은 퇴각을 알리지 못한 게 한이 되는 것 같습니다. 나팔을 불어 루클리스 부대 병사 영혼들에게 퇴각 명령 알리세요.	QUEST_UNUSED_20151001_000734	Souffler dans le cor et transmettre l'ordre de retraite aux esprits des soldats de l'Armée de Ruklys.	나팔을 불어 루클리스 부대 병사 영혼들에게 퇴각 명령 알리세요.	
QUEST_UNUSED_20151016_000843	Vous avez soufflé dans le cor et envoyé l'ordre de retraite. Parlez-en à l'esprit du soldat de l'Armée de Ruklys.	나팔을 불어 퇴각 명령을 알렸스빈다. 루클리스 부대 병사 영혼에게 이 사실을 알리세요.	QUEST_UNUSED_20151001_000732	Parler Avec l'Esprit du Soldat de l'Armée de Ruklys	루클리스 부대 병사 영혼과 대화하세요	
QUEST_UNUSED_20151016_000844	Parler Avec Colon Browein	이주민 보웨인과 대화				
QUEST_UNUSED_20151016_000845	Parler Avec Colon Browein à l'Étang de Lemprasa	렘파라사 연못의 이주민 보웨인과 대화하세요				
QUEST_UNUSED_20151016_000846	Parler Avec Colon Brophen	이주민 브로펜과 대화				
QUEST_UNUSED_20151016_000847	Parler Avec Colon Brophen	이주민 브로펜과 대화하세요				
QUEST_UNUSED_20151016_000848	Utiliser un Point de Caractéristique	스탯포인트 사용				
QUEST_UNUSED_20151016_000849	Appuyez sur la touche F1 pour utiliser un point de statut	F1키를 누른 후 스탯포인트를 사용해 보세요				
QUEST_UNUSED_20151016_000850	Remettre l'Onguent de feuille d'herbe	풀 잎 연고 전달				
QUEST_UNUSED_20151016_000851	Colon Brophen vous a demandé de remettre l'Onguent de feuille d'herbe à Colon Layla	이주민 브로펜은 이주민 레일라에게 풀 잎 연고를 전해달라고 부탁했습니다				
QUEST_UNUSED_20151016_000852	Parler Avec le Maire Romanas	촌장 로마나스와 대화				
QUEST_UNUSED_20151016_000853	Maire Romanas vous attend	촌장 로마나스가 당신을 기다리고 있습니다				
QUEST_UNUSED_20151016_000854	Parler Avec Officier Lutas	관리관 류타스와 대화				
QUEST_UNUSED_20151016_000855	Parler avec l'officier Lutas à l'entrée de l'Étang de Lemprasa	렘파라사 연못의 오르샤 입구에서 관리관 류타스와 대화하세요				
QUEST_UNUSED_20151016_000856	Parler Avec Officier Lutas	관리관 류타스와 대화하세요				
QUEST_UNUSED_20151016_000857	Vaincre le monstre boss qui attaque	급습한 보스몬스터 처치	QUEST_UNUSED_20150729_000346	Progression	진행	
QUEST_UNUSED_20151016_000858	Vaincre le monstre boss qui attaque	급습한 보스몬스터를 처치하세요	QUEST_UNUSED_20150729_000346	Progression	진행	
QUEST_UNUSED_20151016_000859	Visiter Orsha	오르샤 방문				
QUEST_UNUSED_20151016_000860	Visiter Orsha	도시 오르샤에 방문하세요				
QUEST_UNUSED_20151016_000861	Parler Avec Inesa Hamondale	이네사 해먼데일과 대화				
QUEST_UNUSED_20151016_000862	Parler avec la seigneure d'Orsha, Inesa Hamondale	오르샤 영주 이네사 해먼데일과 대화하세요				
QUEST_UNUSED_20151016_000863	Parler Avec Colon Izna	이주민 이즈나와 대화				
QUEST_UNUSED_20151016_000864	Parler Avec Colon Izna	이주민 이즈나와 대화하세요				
QUEST_UNUSED_20151016_000865	Récolter des feuilles rouge clair	연붉은 잎사귀 수집	QUEST_UNUSED_20150729_000346	Progression	진행	
QUEST_UNUSED_20151016_000866	Colon Izna vous a demandé de vaincre les monstres alentour et de récolter des feuilles rouges.	이주민 이즈나는 주변 몬스터를 처치하여 연붉은 잎사귀를 수집해달라고 부탁했습니다	QUEST_UNUSED_20150729_000346	Progression	진행	
QUEST_UNUSED_20151016_000867	Obtenir des feuilles rouge clair	연붉은 잎사귀 획득	QUEST_JOBSTEP_20150323_002333	Vaincre %s	%s 처치	
QUEST_UNUSED_20151016_000868	Récolter du Mucus de Rampar	렘파르 점액 수집				
QUEST_UNUSED_20151016_000869	Colon Izna vous a demandé de récolter du Mucus de Rampas.	이주민 이즈나는 렘파를 점액을 수집해달라고 부탁했습니다	QUEST_UNUSED_20150729_000346	Progression	진행	
QUEST_UNUSED_20151016_000870	Guider le colon dans la forêt	숲 속의 이주민 인도				
QUEST_UNUSED_20151016_000871	Les habitants de la région nord sont isolés à cause d'un monstre gigantesque. Colon Izna vous a demandé d'allumer un feu pour les aider.	이주민 이즈나는 거대한 몬스터 때문에 길을 숲 속에 고립된 북쪽 지역 이주민들을 돕기 위해 모닥불을 켜달라고 했습니다	QUEST_UNUSED_20150729_000346	Progression	진행	
QUEST_UNUSED_20151016_000872	Allumer le Dernier Feu	마지막 모닥불 켜기	QUEST_UNUSED_20150729_000346	Progression	진행	
QUEST_UNUSED_20151016_000873	Colon Izna vous a demandé d'allumer un grand feu pour que les habitants le voient de loin.	이주민 이즈나는 거대한 모닥불을 켜서 먼 곳에 있는 이주민들이 볼 수 있도록 해 달라고 부탁했습니다	QUEST_UNUSED_20150729_000346	Progression	진행	
QUEST_UNUSED_20151016_000874	Parler Avec Colon Ivanayus	이주민 이바나유와 대화				
QUEST_UNUSED_20151016_000875	Parler Avec Colon Ivanayus	이주민 이바나유와 대화하세요				
QUEST_UNUSED_20151016_000876	Récolter des objets utiles	쓸만한 물건 수집				
QUEST_UNUSED_20151016_000877	Colon Ivanayus veut que vous récoltiez des objets utiles laissés par les autochtones et utilisables par les colons.	이주민 이바나유는 원주민들이 두고간 물품을 확인하여 이주민들이 쓸만한 물건을 수집해 달라고 부탁했습니다	QUEST_UNUSED_20150729_000346	Progression	진행	
QUEST_UNUSED_20151016_000878	Parler Avec Colon Dallanas	이주민 달라나스와 대화				
QUEST_UNUSED_20151016_000879	Parler Avec Colon Dallanas	이주민 달라나스와 대화하세요				
QUEST_UNUSED_20151016_000880	Vénérer la Statue de la Déesse Zemyna	제미나 여신상에 경배				
QUEST_UNUSED_20151016_000881	Colon Dallanas aimerait bénir vos explorations et vous a demandé de vénérer la statue de la Déesse Zemyna pour recevoir sa grâce.	잊두민 달라나스는 모험길을 축복해주며 제미나 여신상에 경배하여 여신의 가호를 받아보라고 조언해주었습니다				
QUEST_UNUSED_20151016_000882	Amener les Colons	이주민 데려오기	QUEST_UNUSED_20150729_000346	Progression	진행	
QUEST_UNUSED_20151016_000883	Colon Dallanas vous a demandé de ramener les colons éparpillés dans la zone.	이주민 달라나스는 주변에 흩어져 있는 이주민들을 데리고 와다라라고 부탁했습니다	QUEST_UNUSED_20150729_000346	Progression	진행	
QUEST_UNUSED_20151022_000884	Pouvez-vous remettre les registres à Wilhelmina ? Elle m'a dit qu'elle nous aiderait à briser la{nl}Gargouille, alors n'oubliez pas d'obtenir quelque chose d'elle à votre retour.	자. 방금 네가 모아 온 기록물들을 빌헬미나에게 전해 주겠어?{nl}우리가 가고일을 뚫고 들어갈 수 있도록 도와준댔으니까, 올 땐 잊지 말고 뭐라도 꼭 받아와.	QUEST_LV_0200_20151001_009136	Pouvez-vous remettre à Wilhelmina les archives que vous avez apportées ? Nous leur avons dit{nl}que nous aiderions à percer jusqu'à Gargouille, alors n'oubliez pas de recevoir quelque chose{nl}avant de venir ici. 	자. 방금 네가 모아 온 기록물들을 빌헬미나에게 전해 주겠어?{nl}우리가 가고일을 뚫고 갈 수 있도록 도와준댔으니까 올땐 잊지 말고 뭐라도 꼭 받아와.	도굴꾼 아만다
QUEST_UNUSED_20151022_000885	Mardas	마르다스				
QUEST_UNUSED_20151022_000886	Ah... un humain en ce lieu... Il y a des démons ici. Vous feriez mieux de fuir. Il y a peu, des{nl}démons sont apparus là-haut et contrôlent les monstres.	이..이런 곳에 사람이라니..{nl}이곳엔 마족이 있어요. 어서 도망치시는 게 좋을 거에요.{nl}조금 전에도 저 위에 마족이 나타나서 몬스터를 부리고 있었다구요.				마르다스
QUEST_UNUSED_20151022_000887	Êtes-vous fou ? Je ne sais pas à quel point vous êtes fort, mais je reste ici, alors si vous voulez y{nl}aller, allez-y seul, je vous prie. L'endroit où j'ai vu des démons est celui où se trouve la sculpture{nl}de hibou..	당신 제정신입니까?{nl}얼마나 강하길래 그렇게 위험한 행동을 하는지 모르겠지만 난 여기있을테니 가려거든 혼자가세요.{nl}조금 전 마족을 본 건 위쪽의 부엉이 조각상이 있는 곳이었으니..				마르다스
QUEST_UNUSED_20151022_000888	J'ai été poursuivi par des démons et j'ai fui jusqu'ici depuis le château. Je ne veux plus connaître{nl}d'ennuis.	난 마족에게 쫓겨 캐슬부터 여기까지 도망왔다구요.{nl}더는 험한 꼴을 당하고 싶지 않아요.				마르다스
QUEST_UNUSED_20151022_000889	Il n'y avait pas de démons, seulement d'autres monstres ? C'est une chance, j'imagine.{nl}	마족은 없고 다른 몬스터만 있었다구요?{nl}그나마 다행이군요.{nl}				마르다스
QUEST_UNUSED_20151022_000890	Vous êtes plus fort que vous n'en avez l'air. Je ne m'y attendais pas.	그렇다고 해도 당신도 보기보다 강한 모양이네요.{nl}다시 봤습니다.				마르다스
QUEST_UNUSED_20151022_000891	Revenez me voir quand vous aurez réparé le détecteur, je vous prie. J'ai quelque chose à vous{nl}dire.	계시자님께서 석화 탐지기를 고치시고 나면, 제게 꼭 다시 들러 주세요.{nl}꼭 드리고 싶은 이야기가 있거든요.	QUEST_LV_0300_20151001_000227	Revenez après avoir réparé le détecteur de pétrification, je vous prie. J'ai quelque chose à dire.	계시자님께서 석화 탐지기를 고치시고 나면, 제게 다시 들러 주세요.{nl}꼭 드리고 싶은 이야기가 있거든요.	큐폴 메일레
QUEST_UNUSED_20151022_000892	Je vais guider chacun et chacune d'entre vous avec sincérité. J'espère que la route devant vous{nl}sera pleine de bénédictions.	정성을 다해 한 분씩 전부 인도할 겁니다.{nl}계시자님의 앞길에 여신의 은총이 가득하길.	QUEST_LV_0300_20151001_000237	Nous ferons de notre mieux pour les guider tous. J'espère que les déesses vous béniront.	정성을 다해 한 분씩 인도할 예정입니다.{nl}계시자님의 앞길에 여신의 은총이 가득하길.	큐폴 메일레
QUEST_UNUSED_20151022_000893	Cela n'a plus d'importance. Je veux juste faire une pause...	움직이지도, 떠나지도 못하는 몸 따위 어찌 된들 무슨 상관인가.{nl}그저 쉬고 싶을 뿐..	QUEST_LV_0300_20151001_000242	Peu importe ce qui arrive à mon corps. Je veux juste me reposer...	움직이지도, 떠나지도 못하는 몸 따위 어찌 된 들 무슨 상관인가.{nl}그냥 좀 쉬고 싶을 뿐..	마족 쉬트리가일라
QUEST_UNUSED_20151022_000894	[Épreuve de Cleros]	[클레로스의 고난]				기둥에 적힌 글귀
QUEST_UNUSED_20151022_000895	Le soleil au rayon d'or, la lune au rayon d'argent et la terre au rayon de bronze. Quel est votre{nl}nombre.{nl}	금빛의 태양과 은빛의 달, 동빛의 땅.{nl}그대의 숫자는 무엇인가.{nl}				기둥에 적힌 글귀
QUEST_UNUSED_20151022_000896	Il semble que vous ne sachiez rien de nos marchands.{nl}	도무지 우리 상단에 대해 모르겠다는 표정이군.{nl}	QUEST_UNUSED_20151016_000768	Nous sommes une alliance de renom ; nous avons travaillé sur la Tour astrale, la Grande{nl}cathédrale et d'autres constructions majeures. La volonté des déesses. Je dirais que nous étions{nl}une sorte de moteur de l'histoire.{nl}	우린 별의 탑, 대성당 같은 대형 공사의 자재를 공급해 온 유서깊은 상단이야.{nl}전부 여신의 뜻이지. 역사를 뒤에서 보좌해왔다고나 할까? {nl}	레오폴다스
QUEST_UNUSED_20151022_000897	Hmm, avez-vous déjà vu la Grande cathédrale ou la Tour du mage ? Ou quelque chose comme la{nl}gigantesque Statue de la Déesse de Fedimian ?{nl}	흠. 혹시 대성당이라던가 마법사의 탑을 본 적이 있나?{nl}아니면 페디미안의 거대 여신상 같은 것 말이다.{nl}	QUEST_UNUSED_20151016_000769	Oh, au fait, c'est moi qui m'occupe des nouveaux membres. Après Medzio Diena, nous avons dû{nl}utiliser même les nouveaux venus pour aider à la reconstruction.{nl}	아, 난 상단의 신입 단원 관리를 맡고 있네.{nl}신수의 날에 막대한 피해를 입어서 신입들까지 동원해가며 피해를 복구하고 있지.{nl}	레오폴다스
QUEST_UNUSED_20151022_000898	Pensez-vous qu'une construction aussi vaste puisse être achevée par un seul individu ? Bien sûr{nl}que non. Il est difficile de fournir de tels matériaux même si le royaume passe en premier.	그렇게 큰 공사를 일개 개인이 할 수 있을 것 같나?{nl}물론 아니지. 왕국이 나서더라도 그런 엄청난 자재들을 대는 건 힘들껄?{nl}	QUEST_UNUSED_20151016_000770	Et si nous nous entraidions ? Il est l'assistant de notre Alliance marchande de Kedora.	어떤가. 같은 여신의 동지끼리 돕는 건?{nl}당당히 우리 케도라 상단의 조력자! 쯤이 되는 것 아니겠나.	레오폴다스
QUEST_UNUSED_20151022_000899	Nous sommes les marchands qui ont fourni les matériaux de la construction historique.{nl}Comprenez-vous maintenant ?{nl}	우리가 바로 그 역사적인 대공사의 자재를 공급해 온 유서 깊은 상단이시다. {nl}라는 말씀이지. 이제 좀 알 것 같나?{nl}				레오폴다스
QUEST_UNUSED_20151022_000900	Nous avons aidé à son achèvement. L'objectif de nos marchands est la volonté des déesses.{nl}	역사를 뒤에서 보좌해왔다고나 할 수 있지.{nl}우리 상단의 목표 자체가 전부 여신의 뜻이라는 거야.{nl}				레오폴다스
QUEST_UNUSED_20151022_000901	Ah, je suis en charge des nouveaux venus de l'Alliance marchande de Kedora. Nous avons subi{nl}de lourds dégâts lors de Medzio Diena, aussi même les nouveaux venus font de leur mieux pour{nl}restaurer les lieux.{nl}	아, 난 우리 케도라 상단의 신입 단원 관리를 맡고 있네.{nl}신수의 날에 막대한 피해를 입어서 신입들까지 동원해가며 피해를 복구하고 있지.{nl}				레오폴다스
QUEST_UNUSED_20151022_000902	Nous avons un problème. Nous devons installer un panneau d'affichage, mais nous sommes{nl}bien trop occupés.{nl}	정말 큰일이에요.{nl}알림판을 세워야 하는데 몸이 두세 개라도 모자랄 지경이에요.{nl}	QUEST_LV_0100_20151016_009586	Je suis un peu embêté. Je dois installer des panneaux d'affichage, mais je n'y arriverais pas{nl}même si j'étais deux.{nl}	정말 큰일이에요.{nl}알림판을 세워야 하는데 몸이 두세개라도 모자랄 지경이에요.{nl}	게르다
QUEST_UNUSED_20151022_000903	L'Alliance marchande de Kedora est dure avec les nouveaux venus. Surtout Leopoldas, il est{nl}vraiment effrayant... Il veut que je fasse cela seul.	저희 케도라 상단은 신입들에겐 정말 가차없거든요.{nl}특히 레오폴다스님은 어찌나 무서운지.. 꼭 혼자서 이걸 다 해내라 하시네요.	QUEST_LV_0100_20151016_009587	L'Alliance marchande de Kedora est vraiment dure avec les nouveaux venus, voyez-vous.{nl}Leopoldas est particulièrement brutal... Il m'a fait faire tout cela tout seul.	저희 케도라 상단은 신입을 정말 가차없이 굴리거든요.{nl}특히 레오폴다스님은 어찌나 무서운지.. 꼭 혼자서 이걸 다 해내라 하시네요.	게르다
QUEST_UNUSED_20151022_000904	Si c'est le cas, pouvez-vous poser ce panneau d'affichage sur la Route de Kluibe ? Edita, notre{nl}chef, exhume cet objet sacré.{nl}	그렇다면 크뤼베 가도쪽에 이 알림판을 세워 주시겠어요?{nl}에디타 조장님이 성물을 발굴하고 계시거든요. {nl}	QUEST_LV_0100_20151016_009589	Si c'est le cas, pourriez-vous installer ces panneaux d'affichage là en bas ? Jurate exhume des{nl}artéfacts sacrés là-bas, voyez-vous. {nl}	그렇다면 저 아래쪽에 이 알림판을 세워 주시겠어요?{nl}유라테 조장님이 성물을 발굴하고 계시거든요. {nl}	게르다
QUEST_UNUSED_20151022_000905	Je compte sur vous pour le faire en secret sans être repéré par Leopoldas. Je dois aller quelque{nl}part.	레오폴다스님께 들키지 않게 몰래 부탁드릴게요.{nl}저는 또 다른 곳에 가 봐야 해서요.	QUEST_LV_0100_20151016_009590	Je suis sûr que vous serez discret en aidant. Je dois moi aussi être ailleurs.	들키지 않게 몰래 부탁드릴게요.{nl}저는 또 다른 곳에 가 봐야 해서요.	게르다
QUEST_UNUSED_20151022_000906	Je compte sur vous pour le faire en secret sans être repéré par Leopoldas. C'est certain.	레오폴다스님께 들키지 않도록 잘 부탁드려요.{nl}꼭이요.				게르다
QUEST_UNUSED_20151022_000907	J'aide les Révélateurs qui viennent de commencer leur voyage depuis l'Alliance marchande de{nl}Kedora. Si cela ne vous dérange pas, pouvez-vous nous aider ?	전 케도라 상단에서 갓 모험을 시작하는 계시자들을 돕고 있어요.{nl}괜찮으시다면 저희 일을 도와주시겠어요?{nl}	QUEST_LV_0100_20151016_009592	Je m'appelle Serapinas, un nouveau venu de l'Alliance marchande de Kedora. Je fais la{nl}promotion de l'Alliance marchande en ce moment. Euh... Si vous avez le temps, cela vous{nl}dérangerait-il de m'aider dans un peu de promotion ?	저는 케도라 상단의 신입 세라피나스라고 합니다.{nl}상단을 홍보하는 실무를 진행하고 있습니다.{nl}저.. 시간이 되신다면 홍보일 중 하나를 좀 도와주시겠어요?	세라피나스
QUEST_UNUSED_20151022_000908	Ce n'est pas si difficile. Vous n'avez qu'à transmettre la bénédiction nécessaire à leurs voyages.	별로 어려운 일은 아니에요.{nl}모험에 필요한 좋은 축복을 그 분들께 내려드리면 되는 거예요.	QUEST_LV_0100_20151001_008326	{nl}Ce n'est rien de difficile. Il vous suffit d'aller près d'Orsha ou de Klaipeda et d'aider les{nl}Révélateurs qui viennent de commencer leurs aventures. Je vais vous donner un parchemin. Si{nl}vous l'utilisez sur eux, cela les aidera et fera aussi la promotion des marchands. 	{nl}별로 어렵지는 않습니다. 오르샤나 클라페다 근처에 가서 막 모험을  시작한 계시자들을 돕는 거지요. {nl}제가 드리는 스크롤을 그 분들께 사용하면 좋은 효과와 함께 상단 홍보가 됩니다.	세라피나스
QUEST_UNUSED_20151022_000909	Merci. Alors, je vais vous dire comment faire.{nl}	도와주신다니 감사합니다.{nl}그럼 방법을 알려드릴게요.{nl}	QUEST_LV_0100_20151001_008327	Vous devez l'utiliser près des champs d'Orsha ou de Klaipeda. Et ce doit être quelqu'un qui vient{nl}de commencer son aventure. Cela ne fonctionnera pas sur les gens qui ont déjà vu le matériel{nl}promotionnel. 	오르샤나 클라페다 주변의 필드에서 사용하셔야 합니다.{nl}이제 막 모험을 시작하신 분이어야 하구요.{nl}이미 홍보문구를 보신 분들은 해당이 안되는 점도 유의해 주세요.	세라피나스
QUEST_UNUSED_20151022_000910	Cherchez les Révélateurs qui ont commencé leur voyage autour d'Orsha ou de Klaipeda, je vous{nl}prie. Quand vous utiliserez ce parchemin sur eux, ils recevront une bénédiction utile pour leurs{nl}voyages.	오르샤나 클라페다 주변에서 이제 막 모험을 시작하신 계시자님을 찾아주세요.{nl}그 분에게 이 스크롤을 사용하면 모험에 필요한 축복이 내려질 거예요.{nl}				세라피나스
QUEST_UNUSED_20151022_000911	Ah, cela n'aura aucun effet sur ceux qui ont déjà été bénis, gardez-le à l'esprit.	참, 이미 축복이 내려진 분에겐 소용 없으니 꼭 알아두세요.				세라피나스
QUEST_UNUSED_20151022_000912	Nous ne pouvons pas nous en remettre à la seule déesse. Nous devrions le faire nous-mêmes{nl}afin d'alléger le fardeau des déesses.	여신께만 의지할 순 없는 일이지요.{nl}요즘같은 때에 저희라도 나서야 여신께서도 짐을 덜 수 있지 않겠습니까.	QUEST_LV_0100_20151001_008328	Merci de vous être proposé pour aider.	도와주신다고 나셔 주셔서 감사합니다.	세라피나스
QUEST_UNUSED_20151022_000913	Nous, l'Alliance marchande de Kedora, avons aidé les déesses en secret jusqu'à présent. Mais,{nl}puisque le monde a sombré dans le chaos, nous allons l'aider activement.	저희 케도라 상단은 여태껏 음지에서만 여신을 도와왔지요.{nl}세상이 이렇게 된 지금은 적극적으로 나설 생각인가봐요.	QUEST_LV_0100_20151001_008329	Oh, vous voilà déjà de retour. Les Revelators sont décidément différents. 	오 벌써 돌아오셨군요.{nl}역시 계시자님은 다르시네요.	세라피나스
QUEST_UNUSED_20151022_000914	Nous avons des ennuis... Il y a tant de choses à récupérer, mais je ne sais pas ce que les gens font.	이것 참 큰일이네..{nl}회수해야 할 건 산더미 같은데 회수조는 도대체 어디서 뭘 하고 있담?	QUEST_LV_0100_20151016_009594	Je suis Edita. Je dirige l'équipe de récupération de l'Alliance marchande. Je suis sûre que vous{nl}êtes curieux de savoir pourquoi nous récupérons des objets ici. Vous l'avez peut-être appris de{nl}Leopoldas, mais nous fournissons aux gens des objets et des matériaux dont ils ont grand besoin.	상단 물품 회수 조장 에디타라고 합니다.{nl}왜 여기서 상단의 물품을 찾고 있는지 궁금하실 거예요.{nl}레오폴다스에게 들어서 알고 계시겠지만, 저희는 세상에 꼭 필요한 여러가지 자재나 물품들을 조달하고 있어요.	메리사
QUEST_UNUSED_20151022_000915	Ah, c'est donc Leopoldas qui vous envoie ? Enfin, il semble qu'il ait cessé d'être si têtu.{nl}	아, 레오폴다스 아저씨께서 보내서 오셨다고요?{nl}드디어 아저씨께서도 고집을 굽히셨나 보네요.{nl}	QUEST_LV_0100_20151016_009597	Il y a de nombreux monstres à proximité qui menacent les membres de l'Alliance marchande.{nl}Pourriez-vous les éliminer pour nous ?	그 주변에 저희 상단원들을 위협하는 몬스터들이 많아요.{nl}그것들도 좀 정리해 주세요.	메리사
QUEST_UNUSED_20151022_000916	Il y a bien longtemps, j'envoyais les objets sacrés à Fedimian. Mais je n'avais pas réalisé que{nl}c'était le jour de Medzio Diena.{nl}	아주 예전에, 페디미안으로 보내야 할 성물들을 보내고 있던 중이였죠.{nl}하지만 꿈에도 몰랐어요. 하필 그 날이 신수의 날일 줄 누가 알았겠어요?{nl}				메리사
QUEST_UNUSED_20151022_000917	C'était un tel désordre. Ils se sont occupés des affaires urgentes dans d'autres régions et sont{nl}maintenant venus récupérer les objets sacrés.{nl}	여기저기 뒤집어지고 진짜 난리도 아니었어요.{nl}일단 다른 지역의 급한 것부터 처리하고 이제서야 성물 회수에 나선 거죠.{nl}				메리사
QUEST_UNUSED_20151022_000918	Bien, cessons de nous plaindre. Je veux que vous récupériez les objets sacrés sur le Chemin de{nl}Goanar. Je crois qu'ils sont enfouis profondément dans le sol.{nl}	자, 하소연은 이쯤 하고요, 당신에겐 고야나르 숲길의 성물 회수를 부탁드릴게요.{nl}아마 땅 속에 고이 묻혀 있을 거예요.{nl}				메리사
QUEST_UNUSED_20151022_000919	Ah, et il y a beaucoup de monstres alentour qui nous menacent, nous les marchands. Si cela{nl}vous convient, j'aimerais que vous les vainquiez aussi.	아, 그리고.. 그 주변에 저희 상단원들을 위협하는 몬스터들이 많아요.{nl}괜찮으시다면 몬스터 정리도 함께 부탁드릴게요.				메리사
QUEST_UNUSED_20151022_000920	Soyez prudent car il y a beaucoup de monstres par là. S'il n'y avait pas eu de monstres, notre{nl}tâche n'aurait pas été achevée si tard.	그 주변에 몬스터들이 많으니 조심하세요.{nl}몬스터만 없었어도 작업이 이리 늦진 않았을 거라고요.	QUEST_LV_0100_20151016_009598	Sois prudent.	조심하세요.	메리사
QUEST_UNUSED_20151022_000921	Leopoldas ne demande jamais d'aide à personne. Je ne vous savais pas si doué.	레오폴다스 아저씨는 원래 남에게 부탁하는 분이 아니세요.{nl}결국 부탁했다는 사람이 이렇게 실력 좋은 분일 줄은 몰랐는걸요?	QUEST_LV_0100_20151016_009599	Merci de l'avoir rapporté.	잘 가져 오셨네요.	메리사
QUEST_UNUSED_20151022_000922	En fait, nous avons reçu un rapport étrange. Les monstres de la Route de Kluibe ne creusent qu'à{nl}un seul endroit.	흠. 마침 이상한 보고가 들어와 있어요.{nl}크뤼베 가도의 몬스터들이 한 곳만 집요하게 파헤치고 있다네요.{nl}	QUEST_LV_0100_20151016_009600	L'équipe de fouilles vient de rapporter qu'il y a quelque chose d'enfoui là-bas. Pourriez-vous y{nl}jeter un œil ? Il faudra un moment avant que l'équipe de récupération n'arrive...	마침 발굴조가 저 쪽에 묻힌 것이 있다는 보고를 해 왔네요.{nl}가 봐 주시겠어요?{nl}아직 회수조가 그 쪽에 도착하려면 시간이 걸려서..	메리사
QUEST_UNUSED_20151022_000923	Je pense que ce qu'ils cherchent est un objet de nos marchands. Et il faudra un certain temps{nl}avant que le groupe de récupération n'arrive ici.	아마 그것도 저희 상단의 물건일 것 같은데 확인해 주시겠어요?{nl}회수조가 그 쪽까지 도착하려면 시간이 걸려서요.	QUEST_LV_0100_20151001_008337	{nl}Le chariot s'est renversé et les objets sacrés se sont éparpillés. Voilà pourquoi nous menons ces{nl}fouilles pour les retrouver. Mais les gens hésitent à fouiller cette zone à cause des monstres...{nl}Aidez-nous, je vous prie. 	{nl}수레는 모두 뒤집어지고, 성물들은 흩어졌어요.{nl}그래서 이렇게 다시 발굴하는 작업을 하는 중이예요.{nl}저쪽에는 몬스터들이 득시글 거려서 다들 발굴을 꺼리는 중인데.. 좀 도와주세요.	메리사
QUEST_UNUSED_20151022_000924	Est-ce l'objet sacré ? Cela fait si longtemps que je ne vois rien d'autre.	설마 그 성물인가?{nl}흠.. 하도 오래전이다 보니 짚히는 것이 없네요.				메리사
QUEST_UNUSED_20151022_000925	Ce sont les registres des marchands. Ils sont gravement déchirés.{nl}	그건, 상단의 기록이군요.{nl}형편없이 찢어져 있네요.{nl}	QUEST_LV_0100_20151016_009601	Ce sont des archives de l'Alliance marchande. Elles sont déchirées en morceaux. Très{nl}probablement par des monstres. Donnez-les-moi.	그건, 상단의 기록이군요.{nl}형편없이 찢어져 있네요.{nl}몬스터들이 그렇게 만들었겠죠.{nl}이리 주세요.	메리사
QUEST_UNUSED_20151022_000926	Je suis sûr que ce sont les monstres qui ont causé ce désordre. Donnez-le-moi.	분명 몬스터들이 이 난리를 쳐 놓은 것이겠죠.{nl}이리 주세요.	QUEST_LV_0100_20151001_008340	{nl}Puisque c'est le registre des marchands, si seulement je pouvais le recoller...	{nl}상단의 기록이니 어찌어찌 잘 붙이면..	메리사
QUEST_UNUSED_20151022_000927	Voyons voir. Il s'agit de..{nl}	어디보자.{nl}대충 내용이..{nl}	QUEST_LV_0100_20151016_009602	Ce sont les archives des matériaux de flèches que l'Alliance marchande fournissait autrefois à{nl}Lydia Schaffen et au premier Maître Empenneur. C'est trop difficile pour moi à restaurer, nous{nl}devrons donc essayer en ville.	이건, 과거에 상단이 리디아 샤펜과 그의 화살제조자인 초대 플레처 마스터에게 제공하던 화살 재료에 관한 기록서예요.{nl}제 힘으로는 복원이 힘드니, 잘 보관했다가 도시에 가서 복원해 봐야겠네요.	메리사
QUEST_UNUSED_20151022_000928	Voici le livre sur les matériaux de la flèche. Il y a longtemps, ils étaient fournis à Lydia Schaffen{nl}et au premier Maître Empenneur.{nl}	이건 화살 재료에 관한 장부에요.{nl}아주 옛날에 리디아 샤펜이랑 초대 플레처 마스터에게 발주했었네요.{nl}				메리사
QUEST_UNUSED_20151022_000929	Je pensais que c'était l'objet sacré perdu il y a longtemps, c'est un cadeau inattendu. On dit que la{nl}flèche de Lydia Schaffen recèle un pouvoir particulier.{nl}	예전에 잃어버린 성물일 줄 알았는데, 뜻밖의 수확이에요.{nl}리디아 샤펜의 화살은 특별한 힘이 깃들어 있다고 전해지거든요.{nl}				메리사
QUEST_UNUSED_20151022_000930	C'est difficile de le restaurer moi-même.. Je devrais le mettre en lieu sûr et le restaurer à mon{nl}retour au quartier général.	일단 제 힘으로는 복원이 힘드니.. {nl}잘 보관했다가 본부에 가서 복원해 봐야겠네요.				메리사
QUEST_UNUSED_20151022_000931	L'endroit restant devrait être quelque part du côté du Champ de Juikas.. mais je n'ai aucune idée{nl}d'où exactement. Si cela vous convient, pourriez-vous m'aider pour cela ?	이제 남은 지점은 율카스 벌판 어딘가일텐데.. 정확히 어딘지를 몰라요.{nl}괜찮다면 이것까지만 도와주시겠어요?	QUEST_LV_0100_20151016_009603	Il devrait y avoir quelque chose au nord d'ici également. Je n'arrive cependant pas à trouver{nl}exactement où. Je vais vous donner le détecteur, pourquoi ne pas essayer.	이 위쪽에도 무언가 있을 법 한데 말이죠.{nl}정확히 어딘지 알 수가 없어요.{nl}제가 탐지기를 드릴 테니 한 번 찾아 봐 주세요.	메리사
QUEST_UNUSED_20151022_000932	Je vais vous donner le détecteur, alors voyez comment il y réagit, je vous prie. Il ne réagira{nl}qu'aux marques apposées par les marchands, vous ne vous perdrez donc pas.	탐지기를 드릴 테니 이걸로 반응을 살펴 보세요.{nl}상단 표시에만 반응을 하니 허탕치실 일은 없을 거예요.	QUEST_LV_0100_20151016_009604	Essayez de creuser avec soin une fois que vous l'aurez localisé.	위치 파악 뒤에 그 곳을 조심히 파 보세요.	메리사
QUEST_UNUSED_20151022_000933	N'est-ce pas vraiment une bonne méthode ? Nous marquons tous les objets des marchands au{nl}cas où ils viendraient à se perdre.	정말 괜찮은 방법이죠?{nl}상단의 모든 물건은 잃어버릴 때를 대비해서 전부 표시를 넣어 놓죠.	QUEST_LV_0100_20151016_009605	Essayez d'utiliser le détecteur en montant lentement.	위쪽으로 살짝씩 움직이면서 탐지기를 써 보세요.	메리사
QUEST_UNUSED_20151022_000934	Ahah, vous avez trouvé l'objet le plus important ! C'est l'encre mystérieuse.{nl}	아아, 제일 중요한 걸 찾아오셨네요!{nl}이건 신비한 잉크예요.{nl}	QUEST_LV_0100_20151001_008345	Oh, vous l'avez trouvé. 	오, 찾아 오셨군요.	메리사
QUEST_UNUSED_20151022_000935	Voici l'encre secrète dont on se sert quand il faut cacher des registres. Elle est de ce fait très{nl}coûteuse.{nl}	기록을 숨겨야 할 필요가 있을 때 쓰는 비밀 잉크지요.{nl}그만큼 무척 비싸요.{nl}	QUEST_LV_0100_20151001_008346	{nl}Voyons voir...	{nl}어디보자..	메리사
QUEST_UNUSED_20151022_000936	Vous m'avez été d'une grande aide jusqu'ici. Nous nous occuperons du reste !{nl}	그 동안 정말 많은 도움이 되었어요.{nl}나머지 일들은 저희가 알아서 할게요!{nl}	QUEST_LV_0100_20151016_009606	{nl}Voici une Encre mystérieuse. C'est une Encre secrète utilisée pour rédiger des documents{nl}importants. Nous soupçonnons qu'elle a servi à dissimuler des archives.	{nl}이건 신비한 잉크이네요. {nl}중요한 기록이나 문서를 남기기 위해 사용하던 비밀잉크죠.{nl}기록을 숨겨야 할 필요가 있을 때 이 잉크를 사용했을 거라고 예상하고 있죠.	메리사
QUEST_UNUSED_20151022_000937	Leopoldas ? Ah, c'est notre frère. Que se passe-t-il ?{nl}	레오폴다스?{nl}아아, 우리 형님이지. 무슨 일이지?{nl}	QUEST_LV_0100_20151016_009608	Bonjour. Je suis Margellius, l'archiviste de l'Alliance marchande de Kedora.	안녕하세요.{nl}저는 케도라 상단 기록 조장 마르젤리유스라고 합니다.	마르젤리유스
QUEST_UNUSED_20151022_000938	Il vous a envoyé pour m'aider ? Je n'arrive pas à y croire.{nl}	날 도와주라고 자넬 보냈다고?{nl}이것 참, 해가 서쪽이 아니라 북쪽에서 떴다고 해도 못 믿겠군.{nl}	QUEST_LV_0100_20151016_009609	{nl}Vous venez à la demande de Leopoldas. Pourriez-vous alors récupérer les supports{nl}pédagogiques emportés par les monstres ?{nl}	{nl}레오폴다스의 말을 듣고 오셨군요.{nl}그러면 몬스터들이 훔쳐 간 신입 교육 자료들을 좀 되찾아와 주시겠어요?{nl}	마르젤리유스
QUEST_UNUSED_20151022_000939	Bon, quoi qu'il en soit, c'est bien. Ce satané monstre a tout emporté.{nl}	뭐, 어쨌든 마침 잘 됐어.{nl}망할 몬스터가 여길 전부 털어 가 버렸거든.{nl}				마르젤리유스
QUEST_UNUSED_20151022_000940	Le reste va bien, mais le problème, ce sont les supports pédagogiques pour les nouveaux venus.{nl}Sans eux, nous devons tout reprendre depuis le début.{nl}	다른 건 상관 없는데 문제는 신입 교육 자료야.{nl}그게 없으면 처음부터 전부 다시 작업을 해야 한다고.{nl}				마르젤리유스
QUEST_UNUSED_20151022_000941	Vous avez vu les nouveaux venus que Leopoldas encadre, n'est-ce pas ? Voici les documents{nl}pour former ces nouveaux venus.{nl}	레오폴다스가 관리하는 신입 단원들 봤지?{nl}그 신입 단원들을 교육하는 데 필요한 자료다.{nl}				마르젤리유스
QUEST_UNUSED_20151022_000942	Eh bien, nous, les marchands, soutenons la volonté des déesses, mais nous agissions en secret{nl}depuis les coulisses. Mais nous ne pouvons plus le supporter, le monde étant ce qu'il est.	원래 우리 상단은 여신의 뜻을 받들기는 해도 나서지 않고 뒤에서만 움직였거든.{nl}그런데 세상이 이 모양이니 가만히 있을 수가 있나.{nl}				마르젤리유스
QUEST_UNUSED_20151022_000943	C'est pourquoi nous avons décidé d'embaucher de nouvelles personnes et de participer plus{nl}activement. Mais, le monde étant ce qu'il est, nous ne pouvons pas ne rien faire.{nl}	그래서 신입들도 새로 모집하면서 적극적으로 나서기로 했어.{nl}마족의 표적이 되는 한이 있어도 말이야.{nl}				마르젤리유스
QUEST_UNUSED_20151022_000944	Quoi qu'il en soit, si vous comptez m'aider, rapportez-moi ces documents, je vous prie. Sans eux,{nl}cela deviendrait compliqué.	어쨌든 날 돕겠다면 그 자료들을 다시 찾아와 줘.{nl}그게 없으면 복잡해진단 말이다.				마르젤리유스
QUEST_UNUSED_20151022_000945	Ce ne sera pas terminé même si nous trouvons tous ces documents. Préparez-vous, car nous{nl}devons aussi créer le manuscrit.	그 자료를 다 찾는다고 끝난 게 아냐.{nl}필사본도 만들어야 하니까 준비해 두라고.	QUEST_LV_0100_20151016_009611	Si nous récupérons les informations que les monstres ont emportées, je compte en faire{nl}davantage de copies à donner aux nouveaux venus.	몬스터들이 훔쳐간 자료들을 되찾게 되면, 앞으로 신입들이 더 늘어날 것에 대비해서 필사본들을 더 만들 예정입니다.	마르젤리유스
QUEST_UNUSED_20151022_000946	Je comprends la bonne intention, mais je ne suis pas sûr que nous allions survivre. Si tel est le{nl}cas, nous ne faisons rien que nous n'ayons déjà fait, cela n'a donc pas d'importance.{nl}	좋은 뜻은 알겠는데 목숨이 남아날 지는 모르겠어.{nl}뭐, 그렇다고 해서 안하던 일을 하게 된 건 아니니까 상관 없어.{nl}	QUEST_LV_0100_20151001_008354	Merci de vous être proposé pour nous aider. Nous sommes vraiment dans une passe difficile. 	도와주신다고 나서 주셔서 감사합니다.{nl}이쪽 일손이 많이 부족하거든요.	마르젤리유스
QUEST_UNUSED_20151022_000947	Combattre des monstres n'a rien de rare.	평소에도 몬스터와의 전투 같은 건 흔히 있는 일이라고.				마르젤리유스
QUEST_UNUSED_20151022_000948	Bien. Notre frère nous envoie un bon assistant. Faisons le manuscrit maintenant.	좋아. 형님께서 좋은 도우미를 보내 주셨는데?{nl}이제 필사본을 만들어 보자고.	QUEST_20150317_000586	Merci.	감사합니다.	마르젤리유스
QUEST_UNUSED_20151022_000949	De toute façon, c'est moi qui écrirai, alors ne vous inquiétez pas. Ce dont j'ai besoin, c'est de{nl}l'encre.{nl}	어차피 글 쓰는 건 내가 할 거니까 걱정 안해도 돼.{nl}필요한 건 잉크지.{nl}	QUEST_LV_0100_20151016_009612	Maintenant je vais consigner davantage d'informations. L'encre fabriquée à partir des fluides des{nl}monstres dure longtemps et est résistante. Je vais vous donner des pièges, pourriez-vous m'en{nl}rapporter ?	이제 자료를 더 만들어야겠죠.{nl}몬스터의 체액으로 만든 잉크가 있으면 오래 가고 좋아요.{nl}제가 덫을 드릴 테니, 몬스터 체액을 구해 주세요.	마르젤리유스
QUEST_UNUSED_20151022_000950	S'il existe une encre faite du fluide corporel des monstres, elle durerait longtemps. Je vais vous{nl}donner le piège, je compte donc sur vous pour le fluide corporel des monstres.	몬스터의 체액으로 만든 잉크가 있으면 오래 가고 좋아.{nl}내가 덫을 줄 테니 그걸로 몬스터 체액을 부탁해.				마르젤리유스
QUEST_UNUSED_20151022_000951	Posez le piège sur le chemin qu'empruntent les monstres. Quand les monstres s'évanouiront{nl}après avoir marché sur le piège, récoltez le fluide corporel.{nl}	몬스터가 지나가는 길에 덫을 놓는 거다.{nl}덫을 밟고 기절 할 때 바로 채액을 뽑는 거지.{nl}	QUEST_LV_0100_20151016_009613	Posez le piège près des monstres. Les monstres s'évanouiront en marchant sur le piège... Vous{nl}pourrez alors extraire leurs fluides tant qu'ils sont encore vivants. Mais seuls les monstres de{nl}là-bas possèdent les fluides nécessaires. Utilisez donc le piège là-bas.	몬스터 가까이에 덫을 놓으세요.{nl}덫을 밟으면 몬스터는 기절 할 거고..{nl}아직 숨이 붙어 있을 그 때 체액을 뽑아내는 거죠.{nl}단, 저쪽 근처의 몬스터만 가지고 있어요.{nl}그 근처에서 덫을 사용하세요.	마르젤리유스
QUEST_UNUSED_20151022_000952	Ah, c'est une astuce qui ne marche qu'à Terrain vague de Droze, vous ne devriez donc poser le{nl}piège que là.	참, 이건 드로즈 공터에서만 먹히는 꼼수니까 거기에만 덫을 놓도록 해.				마르젤리유스
QUEST_UNUSED_20151022_000953	Vous les avez déjà tous obtenus ?{nl}	벌써 다 구해 온 건가?{nl}	QUEST_LV_0100_20151016_009614	On ne peut l'obtenir que des monstres de la place là-bas. Utilisez le piège près d'eux.	저 쪽 광장에 있는 몬스터에게서만 구할 수 있어요.{nl}그 근처에서 덫을 사용하세요.	마르젤리유스
QUEST_UNUSED_20151022_000954	Je le savais. Il nous en faut encore.	그럼 그렇지. 아직 모자라.				마르젤리유스
QUEST_UNUSED_20151022_000955	Cela suffit. Vous vous êtes bien débrouillé jusqu'ici.{nl}	이 정도는 충분한 양이군.{nl}그 동안 수고했어. {nl}	QUEST_LV_0100_20151001_008358	C'est amplement suffisant ! Merci beaucoup !	이정도면 충분한 양입니다!{nl}정말 감사합니다!	마르젤리유스
QUEST_UNUSED_20151022_000956	Si nous nous revoyons, je vous offrirai beaucoup de la part de nos marchands,. Je m'occupe du{nl}reste, alors rentrez.	나중에 또 만날 일이 있다면 우리 상단에서 아주 푸짐하게 대접하지.{nl}나머진 내가 알아서 할 테니 이만 가 봐.				마르젤리유스
QUEST_UNUSED_20151022_000957	Bonjour. Avez-vous déjà entendu parler de Nestospa ?{nl}	안녕하시오.{nl}혹시 네스토스파라고 들어 보셨소?{nl}				안타나스
QUEST_UNUSED_20151022_000958	Enfin, cela n'a pas vraiment d'importance même si nous n'en avons rien entendu. Ils ne se{nl}consacrent qu'à leur foi, en silence.{nl}	뭐, 들어본 적 없어도 별로 상관은 없네만.{nl}본디 조용하게 자기의 신앙에만 충실한 사람들이니까.{nl}	QUEST_UNUSED_20151016_000778	{nl}Les gens de Nestospa ici font simplement leur travail en silence. Moi, je suis ici à fabriquer des{nl}pierres tombales. Le problème est que je n'ai pas de matériaux. Voudriez-vous m'aider ?	{nl}이 곳에 있는 네스토스파 사람들은 조용히 자기 일만 한다오.{nl}난 지금 여기서 비석을 만들고 있소.{nl}그런데 영 재료들이 모이지 않네.{nl}좀 도와주시겠소?	안타나스
QUEST_UNUSED_20151022_000959	Je suis l'un de ces Nestospa. Les prières, c'est bien, mais je fabrique une pierre tombale pour voir{nl}si cela aidera les déesses.{nl}	나도 그 네스토스파의 일원이요.{nl}기도도 좋지만 여신께 힘이 되지 않을까 해서 비석을 만들고 있다오.{nl}				안타나스
QUEST_UNUSED_20151022_000960	J'essaie de me débarrasser de l'énergie maléfique et de n'envoyer que l'énergie sacrée à la déesse.{nl}Mais j'ai du mal à récolter les matériaux. {nl}	사악한 기운은 거르고 성스러운 기운만을 모아 여신께 보내려는 것이지.{nl}그런데 영 재료들이 모이질 않네. {nl}				안타나스
QUEST_UNUSED_20151022_000961	Pouvez-vous m'aider ?	조금 도와줄 수 있겠소?				안타나스
QUEST_UNUSED_20151022_000962	Il y a trop de matériaux. Écoutez bien.{nl}	이거 원 재료가 한두 가지여야지.{nl}잘 들으시오.{nl}	QUEST_UNUSED_20151001_000482	Il nous faut deux choses. Écoutez bien. Obtenez de la poudre de chaux sur les monstres, puis des{nl}pierres plates pour la construction.	재료가 한 두가지여야지.{nl}잘 들으시오.{nl}몬스터에게서 횟가루도 얻어야 하고, 깔린 돌들에게서 석재용 돌도 구해야 하오.	안타나스
QUEST_UNUSED_20151022_000963	Obtenez de la poudre de chaux sur les monstres, puis des pierres plates pour la construction.{nl}Vous serez occupé.	석재용 돌도 구해야 하고 몬스터에게 횟가루도 얻어야 하오. {nl}많이 바쁠 거요.	QUEST_UNUSED_20151001_000483	{nl}Vous serez occupé.	{nl}많이 바쁠 거요.	안타나스
QUEST_UNUSED_20151022_000964	Je ne peux pas rester sans rien faire même si je ne peux pas affronter les démons directement.{nl}Chacun accomplit sa propre tâche.	직접 나서서 마족을 상대하지 못한다고 해서 가만히 있을 순 없지 않겠소.{nl}각자 자기가 할 수 있는 일을 하는 것이지.				안타나스
QUEST_UNUSED_20151022_000965	Bienn. Bien joué. Maintenant tous les matériaux sont récoltés.. Il nous faut des outils spéciaux.	이야, 잘 해 주었소.{nl}이제 재료는 모였고.. 특별한 도구가 필요하지.	QUEST_UNUSED_20151001_000485	Ouah, vous avez été formidable.	이야, 잘 해 주었소.	안타나스
QUEST_UNUSED_20151022_000966	Bien. Puisque vous m'avez aidé jusqu'ici, pourquoi ne pas fabriquer vous-même une pierre{nl}tombale ? Votre nom parviendra à la déesse par le pouvoir sacré.{nl}	자. 여태껏 날 도왔으니 자네도 비석 하나 정돈 만들어 보는 게 어떻겠소.{nl}여신께 자네의 이름이 신성한 힘과 함께 닿을 거요.{nl}	QUEST_LV_0100_20151016_009615	Je peux maintenant fabriquer des pierres tombales. Essayez d'en faire une vous-même. Je vous{nl}redonnerai les matériaux et les outils.	이제 비석을 만들 수 있겠군.{nl}여기에 한 번 만들어 보시오.{nl}내가 재료와 도구를 다시 줄 테니.	안타나스
QUEST_UNUSED_20151022_000967	Faites simplement de votre mieux pour lui donner une forme. Alors ? Voulez-vous essayer ?	온 신심과 정성을 다해서 모양만 잡아보면 되오.{nl}어때, 한 번 해 보겠소?				안타나스
QUEST_UNUSED_20151022_000968	Faites-le beau. Je m'occupe du reste, alors ne vous inquiétez pas trop.	어디 한 번 잘 예쁘게 만들어 보시오.{nl}마무리는 내가 할 테니 너무 걱정 말고.	QUEST_LV_0100_20151001_008360	Vous pouvez le fabriquer ici. 	이 옆에 만들면 되오.	안타나스
QUEST_UNUSED_20151022_000969	C'est une bien belle forme, sobre mais massive. Laissez-moi les finitions.{nl}	담담하니 묵직한 모양이 인상깊군.{nl}마무리는 내게 맡기시오.{nl}	QUEST_LV_0100_20151016_009616	Beau travail. Je suis sûr que Giedra, là-bas, aura aussi besoin de votre aide.	수고했소.{nl}아마 저 위쪽에 기에르다도 당신의 도움이 필요 할 게요.	안타나스
QUEST_UNUSED_20151022_000970	Je ne sais pas combien de pierres tombales nous allons fabriquer.. Mais quand vous verrez ce{nl}genre de pierre tombale désormais, souvenez-vous qu'il existe des gens comme nous.{nl}	우리가 얼마나 많은 비석을 만들게 될런진 모르겠지만.. {nl}앞으로 이런 비석을 보면 우리 같은 사람도 있을 거라고 기억해 주면 좋겠소.{nl}				안타나스
QUEST_UNUSED_20151022_000971	Le royaume ne s'est pas encore effondré sous les démons. Si nous faisons de notre mieux, nous{nl}pourrions retrouver la paix.{nl}	왕국은 아직 마족에게 무너지지 않았소.{nl}정성을 다하면 언젠간 예전같은 평화를 찾을 수 있을 게요.{nl}				안타나스
QUEST_UNUSED_20151022_000972	Ah, là-haut, nous avons besoin de l'aide de Giedra près de la Colline de Baderam. Si cela vous{nl}convient, j'aimerais que vous m'aidiez.	참, 아마 저 위쪽, 바데람 언덕 근처의 기에드라도 도움이 필요하다오.{nl}괜찮다면 자네가 도와줬으면 좋겠군.				안타나스
QUEST_UNUSED_20151022_000973	Vous avez affaire à moi ?{nl}	저에게 무슨 일이시지요?{nl}	QUEST_UNUSED_20151016_000779	Antanas vous a dit de venir ? Je suis Giedra, de Nestospa. Si vous avez déjà rencontré Antanas,{nl}vous savez probablement ce que nous faisons, je serai donc brève.	안타나스가 가 보라고 하셨다구요?{nl}저는 네스토스파의 기에드라라고 합니다.{nl}안타나스를 만나고 오셨으면 저희가 하는 일에 대한 이야기는 들으셨을 테니 길게 말 하지 않을게요.	기에드라
QUEST_UNUSED_20151022_000974	Antanas vous a demandé de m'aider ? C'est bien. Je compile ici l'écriture des déesses.{nl}	아, 안타나스 아저씨께서 도와주라 하셨다고요?{nl}정말 잘 됐네요. 저는 여기서 여신의 경전을 만들고 있어요.{nl}	QUEST_UNUSED_20151016_000780	{nl}Je rassemble des matériaux pour faire les écritures des déesses. Le papier ordinaire jaunit et se{nl}désagrège trop vite... alors je cherche un matériau qui ne s'humidifie ni ne change de couleur.{nl}Les coques transparentes de monstres sont parfaites pour cela, puisqu'elles durent longtemps{nl}une fois gravées. Voulez-vous m'en rassembler ?	{nl}저는 여기서 여신의 경전을 만들기 위한 재료를 모으고 있어요.{nl}일반 종이들은 금방 누래지고 부스러져서.. 이번에는 잘 젖지도 않고 변색도 없는 재료를 구하고있죠.{nl}몬스터들의 투명한 껍질이 딱 좋아요. 잘 다듬어서 글을 새기면 오래 가죠.{nl}그것들을 좀 구해 주시겠어요?	기에드라
QUEST_UNUSED_20151022_000975	Nous devrions avoir quelque chose sur quoi compter quand nous affrontons des difficultés{nl}comme aujourd'hui.{nl}	이렇게 힘들고 어려운 때일 수록 마음에 기댈 곳이 있어야 어떻게든 버티지 않겠어요?{nl}				기에드라
QUEST_UNUSED_20151022_000976	L'écriture y a aidé. Nous devrions nous calmer en lisant les paroles des déesses.{nl}	그걸 경전이 도와주는 거죠.{nl}여신의 말씀을 읽으면서 마음을 차분하게 하는 거예요.{nl}				기에드라
QUEST_UNUSED_20151022_000977	Nous devrions d'abord récolter les matériaux pour compiler l'écriture. Les feuilles normales{nl}jaunissent et se cassent.. Nous essayons maintenant de la compiler avec de nouveaux matériaux.{nl}	일단 경전을 만들기 위한 재료를 모아야 해요.{nl}일반 종이들은 금방 누래지고 부스러져서.. 이번에는 새로운 재료로 해보려고요.{nl}				기에드라
QUEST_UNUSED_20151022_000978	Les coquilles transparentes de monstres conviennent bien. Quand nous y gravons des lettres,{nl}elles durent longtemps. Pourriez-vous m'en rapporter ?{nl}{nl}	몬스터들의 투명한 껍질이 딱 좋아요. {nl}잘 다듬어서 글을 새기면 오래 가죠.{nl}그것들을 좀 구해 주시겠어요?{nl}{nl}				기에드라
QUEST_UNUSED_20151022_000979	Ceux-là sont faciles à trouver. Bien, alors je compte sur vous.	흔한 재료라서 구하기는 쉬워요.{nl}그럼 잘 부탁드립니다.	QUEST_LV_0100_20151001_008365	C'est un matériau assez courant, il sera donc facile à récolter. 	흔한 재료라서 구하기는 쉬워요.	기에드라
QUEST_UNUSED_20151022_000980	Tout le monde a besoin de quelque chose sur quoi s'appuyer. Mais les déesses.. {nl}	누구나 마음에 기댈 곳은 필요해요.{nl}하지만 여신께서는.. {nl}				기에드라
QUEST_UNUSED_20151022_000981	Oui. Nous devrions être comme un grand arbre sur lequel on peut compter.	그렇죠. {nl}저희가 기댈 수 있는 큰 나무가 되어 드려야 할 텐데요.				기에드라
QUEST_UNUSED_20151022_000982	Vous les avez apportés plus tôt que prévu. Cette coquille deviendra l'écriture après polissage.{nl}Merci.{nl}	생각보다 빨리 가져오셨네요.{nl}이 껍질은 잘 다듬어서 경전이 될 거예요. 감사합니다.{nl}	QUEST_UNUSED_20151016_000781	Vous êtes revenu plus vite que je ne le pensais. J'utiliserai ces coques pour faire les écritures.{nl}Merci.	생각보다 빨리 가져오셨네요.{nl}이 껍질은 이제 잘 다듬어서 경전이 될 거예요.{nl}감사합니다.	기에드라
QUEST_UNUSED_20151022_000983	Pour faire l'écriture, les feuilles importent, mais la reliure aussi. Surtout les ficelles. Ce ne serait{nl}pas bon que l'écriture se dénoue.{nl}	경전을 만드려면 종이도 중요하지만 제본 작업도 중요해요.{nl}특히 끈이 중요하죠. 기껏 만든 경전이 다 풀어지면 무슨 소용이겠어요?{nl}	QUEST_LV_0100_20151016_009617	La reliure est aussi une partie importante de la fabrication d'une écriture sainte. Il faut les relier{nl}avec une ficelle solide. Une ficelle faite de cuir de monstre est idéale, mais elles sont trop courtes.{nl}Je vais vous donner une enclume, cela vous dérangerait-il de fabriquer de la ficelle de reliure à{nl}partir des lanières de cuir ?	경전을 만들려면 종이도 중요하지만 제본 작업도 중요해요.{nl}잘 끊어지지 않는 끈으로 잘 묶어 줘야 돼요.{nl}몬스터의 가죽으로 만든 끈이 좋기는 한데, 짤막짤막해서 문제예요.{nl}제가 모루를 드릴 테니 가죽끈으로 제본용 끈을 만들어다 주시겠어요?	기에드라
QUEST_UNUSED_20151022_000984	La ficelle faite de cuir de monstre est la meilleure, mais le problème est qu'elle est courte. Je vais{nl}vous donner un Moru, alors pouvez-vous faire une lanière de cuir pour la reliure ?{nl}	몬스터의 가죽으로 만든 끈이 참 좋은데, 짧은 게 문제예요.{nl}제가 무두질용 모루를 드릴 테니 가죽 끈으로 제본용 끈을 만들어 주시겠어요?{nl}				기에드라
QUEST_UNUSED_20151022_000985	Nous devrions d'abord obtenir des lanières de cuir sur les monstres. Ensuite, nous utiliserons ce{nl}Moru pour faire une corde pour la reliure.{nl}	일단 몬스터에게서 가죽 끈을 구해야겠죠.{nl}그 다음에 이 모루를 사용해서 제본용 질긴 끈 뭉치로 만드는 거예요.{nl}	QUEST_LV_0100_20151016_009618	Écoutez bien. Récoltez d'abord des lanières de cuir sur les monstres, puis servez-vous de cette{nl}enclume pour en fabriquer un Écheveau de fils solides pour la reliure. Reliez les courts{nl}morceaux en une longue ficelle pour la reliure.	잘 들으세요. 일단 몬스터에게서 가죽끈을 구한 다음에, 이 모루를 사용해서 가죽끈을 제본용 질긴 끈 뭉치로 만드는 거예요.{nl}짤막한 것들을 한 데 이어서 긴 제본용 끈을 만들어서 뭉쳐 주는 거죠.	기에드라
QUEST_UNUSED_20151022_000986	Nous relierons les courts pour faire une longue lanière pour la reliure.	짤막한 것들을 한데 이어서 긴 제본용 끈으로 뭉치는 거죠.				기에드라
QUEST_UNUSED_20151022_000987	J'ai appris la reliure à Orsha il y a longtemps. Mais la tâche est trop lourde pour mes seules{nl}forces.	제본은 예전에 오르샤에서 배웠죠.{nl}하지만 제 힘으론 그 작업은 무리더라고요.	QUEST_LV_0100_20151001_008370	Revenez me voir quand vous aurez fini la corde. 	뭉치가 완성되면 돌아오세요.	기에드라
QUEST_UNUSED_20151022_000988	Ah ! Que dois-je faire ? que dois-je faire.. Sans cela, je ne saurai pas si je suis un Nestos ou un{nl}Anastos.{nl}	아! 어떡하지? 어떡해야해..{nl}그게 없으면 내가 네스토스인지 아나스토스인지 어디 누구의 시정잡배인지 누가 어떻게 알아.{nl}	QUEST_UNUSED_20151016_000782	Oh, mon enseigne... Sans elle, impossible de dire si je suis Nestospa ou Anastospa... J'ai tout{nl}perdu... Les monstres ont tout pris... Je suis fichu... J'allais au Plateau de Fasika après mon{nl}pèlerinage mais...	아 내 표식.. 그게 없으면 내가 네스토스인지 아나스토스인지 모르는데..{nl}다 잃어버렸어.. 몬스터들이 가져가 버렸어..{nl}난 끝났어..{nl}순례를 끝내고 파사카 협곡으로 가려고 했는데..	케스타스
QUEST_UNUSED_20151022_000989	J'en ai fini. fini. Puisque le pèlerinage est terminé, j'essaie d'aller au Canyon de Pasaka, mais j'ai{nl}recommencé. Ahah.. je ne veux pas faire cela..	난 망했어. 망했다고.{nl}순례가 끝났으니 파사카 협곡으로 가려고 했는데 또 저질러 버렸어.{nl}아아.. 다 때려치고 싶다..				케스타스
QUEST_UNUSED_20151022_000990	Oui ? Ah, je ne savais pas que vous étiez là. Je suis désolé. Je suis maintenant. Ah.. trop désespéré.{nl}	네? 아, 거기 계신줄도 몰랐어요. 죄송해요.{nl}제가 지금. 아.. 정말 절망적이거든요.{nl}	QUEST_UNUSED_20151016_000783	Ooooh ! Aidez-moi, je vous en prie ! Mon enseigne de Nestospa a disparu !	오오오오!{nl}제발 저를 도와 주세요!{nl}네스토스의 표식이 없어졌어요!	케스타스
QUEST_UNUSED_20151022_000991	Mes bagages ont disparu. En fait, ce qu'il y a dedans, ce sont des boulettes de pomme de terre,{nl}des livres et cætera, mais aussi l'enseigne de Nestos.{nl}	제 짐이 사라졌어요.{nl}사실 안에 든 건 감자만두랑, 책이랑 뭐 별건 아닌데, 네스토스 표식말이에요.{nl}	QUEST_UNUSED_20151016_000784	{nl}Elle a disparu, disparu, disparu ! Aidez-moi à la retrouver, je vous en prie ! Les monstres ont dû{nl}la prendre !	{nl}그게 없어요 없어요 없어!{nl}찾아다 주세요!{nl}몬스터가 가져 간 게 분명해요!	케스타스
QUEST_UNUSED_20151022_000992	Ah.. vraiment. L'enseigne de Nestos est ce qu'il y a de plus important. C'est si important pour{nl}moi.. je suis sûr que les monstres l'ont prise.	아.. 그래요. 네스토스 표식이 제일 중요하단 말예요.{nl}제가 그걸 얼마나 아꼈는데.. 분명 몬스터가 가져갔겠죠?				케스타스
QUEST_UNUSED_20151022_000993	Que dois-je faire.. Comment pourrais-je regarder les gens de Nestospa en face..	어쩌지..{nl}네스토스파 선생님들 얼굴을 무슨 낯으로 본담..	QUEST_UNUSED_20151016_000785	Comment cela a-t-il pu arriver... Je suis  fichu... Comment vais-je affronter mes mentors de{nl}Nestospa...	어쩌지 어째..{nl}난 끝났어.. 네스토스파 선생님들 얼굴을 어떻게 봐..	케스타스
QUEST_UNUSED_20151022_000994	C'est ça ! Ouah, vous les avez tous récoltés !{nl}	그거예요!{nl}와, 다 모아 주셨군요!{nl}	QUEST_UNUSED_20151016_000786	C'est ça ! Ouah, vous les avez tous trouvés ! Merci ! Comment pourrais-je jamais vous rendre la{nl}pareille...	그거예요! 와 다 모으셨군요!{nl}감사합니다!{nl}이 은혜를 어찌 해야 할 지..	케스타스
QUEST_UNUSED_20151022_000995	Comment puis-je payer cela ?{nl}	이 은혜를 어떻게 갚죠?{nl}	QUEST_LV_0100_20151001_008378	{nl}C'est ça ! Ouah, vous les avez tous ! Merci ! Comment vous remercier assez...	{nl}그거예요! 와 다 모으셨군요!{nl}감사합니다!{nl}이 은혜를 어찌 해야 할 지..	케스타스
QUEST_UNUSED_20151022_000996	Je disais n'importe quoi, n'est-ce pas ? Je suis vraiment désolé. J'étais si désespéré que je voulais{nl}tout abandonner.{nl}	아깐 제가 너무 횡설수설했었죠.{nl}정말 미안해요. 진짜 다 그만두고 싶을 만큼 절망적이였거든요.{nl}	QUEST_LV_0100_20151016_009620	Tout est en ordre maintenant ! Je pars pour Plateau de Fasika ! Hahahahahahahahaha !!	아아 이제 됐어! 이제 파사카 협곡으로 가야지!{nl}하하하!!	케스타스
QUEST_UNUSED_20151022_000997	Cette enseigne est pour nous comme un objet sacré. C'est le symbole que nous avons acquis{nl}maintes connaissances variées et traversé maintes épreuves.{nl}	이 표식은 저희에겐 성물과도 같은 거에요.{nl}수 많은 지식을 쌓고 시련을 통과했다는 인정을 받았다는 증표거든요.{nl}				케스타스
QUEST_UNUSED_20151022_000998	Nous devrions rentrer. Nous ne le perdrons pas de nouveau, n'est-ce pas ?{nl}	이젠 가봐야겠어요.{nl}설마 또 잃어버리진 않겠죠.{nl}				케스타스
QUEST_UNUSED_20151022_000999	Ah... Antanas et Giedra les gardent bien, mais je ne comprends pas pourquoi je les perds si{nl}souvent. Je crois que je possède un pouvoir secret qui attire les monstres..{nl}	아, 정말이지..{nl}안타나스 아저씨나 기에드라는 잘 간수하고 있던데, 왜 저는 이렇게 잘 잃어버릴까요.{nl}뭔가 몬스터를 끌어당기는 힘이라도 있는 걸까..{nl}	QUEST_LV_0100_20151016_009621	Oh voyons... Le signe des Nestos a été créé après la rupture avec les Anastos.{nl}	아 정말이지..{nl}사실 네스토스파의 표식은 아나스토스파와 갈리기 시작하면서 만들어진 거예요.{nl}	케스타스
QUEST_UNUSED_20151022_001000	Quoi qu'il en soit, je vais maintenant au Canyon de Pasaka où se trouvent les maîtres ! Merci{nl}beaucoup !	어쨌든 이젠 선생님들이 계신 파사카 협곡으로 갈래요!{nl}정말 감사했습니다!	QUEST_LV_0100_20151016_009622	{nl}Antanas et Giedra ici semblent la garder, mais pourquoi est-ce que je la perds si souvent... Quoi{nl}qu'il en soit, je veux partir en pèlerinage au Plateau de Fasika où il y a davantage de Nestos{nl}maintenant ! Merci !	{nl}이 곳의 안타나스나 기에드라는 멀쩡하게 잘 들고 있던데, 왜 저는 이렇게 잘 잃어버릴까요..{nl}어쨌든 이제 네스토스파가 더 많이 모여있는 파사카 협곡으로 순례 갈래요!{nl}감사했습니다!	케스타스
QUEST_UNUSED_20151022_001001	Pour récolter le pouvoir sacré, nous devrions posséder certains outils nécessaires. Comme vous{nl}le voyez, je ne suis pas un prêtre qui s'entraîne depuis longtemps.{nl}	성스러운 힘을 모으려면 그 만한 장비가 따라줘야 한다오.{nl}보다시피 난 오랜 수행을 쌓은 성직자는 아니니 말이오.{nl}	QUEST_LV_0200_20151016_009683	Cependant... Nous ne pouvons pas dresser une pierre tombale avec ces seuls ingrédients. J'ai{nl}commandé quelques outils nécessaires au forgeron et au marchand d'équipement d'Orsha.	그런데..{nl}이 재료들만 가지고는 당연히 비석을 세울 수 없소.{nl}내가 오르샤의 대장장이와 장비상인에게 도구들을 주문해 두었소.	안타나스
QUEST_UNUSED_20151022_001002	J'ai commandé un marteau et un ciseau spéciaux. Puisque la date est arrivée, pouvez-vous aller{nl}me les chercher ?	내가 오르샤의 대장장이에게 특별한 망치와 정을 주문해 두었소.{nl}약속 날짜가 다 되었으니 그걸 좀 찾아와 줄 수 있겠소?	QUEST_LV_0200_20151016_009684	{nl}Allez me le chercher, je vous prie.	{nl}그걸 좀 찾아오시오.	안타나스
QUEST_UNUSED_20151022_001003	Les outils normaux ne marcheront pas. S'ils marchaient, je n'aurais pas demandé votre aide.	보통 도구론 절대 안 되오.{nl}그게 되었으면 자네 도움을 빌릴 필요는 없었겠지.	QUEST_LV_0200_20151001_009189	Soyez prudent en chemin.	먼 길 조심하시오.	안타나스
QUEST_UNUSED_20151022_001004	Antanas vous envoie ? Ses ordres sont bien trop difficiles..{nl}	안타나스씨가 보내서 온 건가?{nl}어휴, 그 아저씨 어찌나 주문이 까다로운지..{nl}	QUEST_LV_0200_20151016_009685	Ainsi Antanas vous envoie. Voici le marteau.	안타나스가 보내서 오신 분이군요.{nl}여기 주문해 두신 망치가 있습니다.	대장장이
QUEST_UNUSED_20151022_001005	D'autres forgerons auraient du mal à honorer ses commandes. Voici le marteau. Comptez-vous{nl}y graver le sort sacré ?	나니까 그 주문을 받은 거야.{nl}자. 여기 망치. 신성한 주문을 새길 건가 보지?	QUEST_LV_0200_20151001_009191	{nl}Hmm...	{nl}흠..	대장장이
QUEST_UNUSED_20151022_001006	Un burin ? Je ne vends pas de burins, alors j'ai demandé à quelqu'un d'autre de lui en préparer{nl}un.{nl}	정?{nl}아아. 그건 그 아저씨 주문에 도저히 맞출 수가 없는 부분이 있어서 따로 맡겼어.{nl}	QUEST_LV_0100_20151016_009623	Une pilule ? Vous devriez pouvoir en obtenir auprès du marchand d'équipement.	정?{nl}그건 장비상인에게 있을 겁니다.	대장장이
QUEST_UNUSED_20151022_001007	Allez rencontrer Jura. Elle travaille à la boutique d'équipement.	율라를 찾아가 봐.{nl}그 아이는 장비 상점에서 일하고 있어.				대장장이
QUEST_UNUSED_20151022_001008	À bientôt. Vous allez réparer votre équipement ici désormais, n'est-ce pas ?	나중에 또 봐.{nl}앞으로 수리는 꼭 여기서 하실거죠, 손님?	QUEST_LV_0100_20151016_009624	Prenez soin de vous sur la longue route à venir.	먼 길 조심하세요.	대장장이
QUEST_UNUSED_20151022_001009	Bienvenue ! La meilleure boutique d'équipement d'Orsha !{nl}	어서 오세요! {nl}오르샤 제일의 장비 상점입니다!{nl}	QUEST_LV_0100_20151016_009625	Oui. J'ai préparé la pilule que vous avez demandée. Adieu.	네. 주문해 두셨던 정은 준비해 두었습니다.{nl}그럼 안녕히 가세요.	장비 상인 율라
QUEST_UNUSED_20151022_001010	Un burin ? Parlez-vous du burin qu'Ilanai vous a donné ?{nl}	정이요?{nl}아, 일라나이 언니가 맡긴 것 말씀이신가요?{nl}	QUEST_LV_0100_20151001_008386	{nl}Eh bien, je viens d'acheter de vieux burins à d'autres Révélateurs... Si vous en avez besoin, vous{nl}pouvez en prendre un. 	{nl}마침 내구도가 다 떨어져서 다른 계시자들이 팔고 간 낡은 정들이 있으니..{nl}이거라도 한 개 가져가면 될 거예요.	장비상인
QUEST_UNUSED_20151022_001011	Bien. Prenez-le. Je suppose que votre foi religieuse en les déesses est forte.	자, 받으세요.{nl}이런 걸 주문하신 걸 보면 여신의 신앙이 돈독하신 모양이시네요.				장비 상인 율라
QUEST_UNUSED_20151022_001012	Jura a le burin. Elle travaille à la boutique d'équipement.	정은 내가 아니라 율라에게 맡겨 두었다구.{nl}장비 상점에서 점원으로 일하고 있어.	QUEST_LV_0100_20151016_009626	Avez-vous récupéré la pilule ?	정은 구하셨어요?	대장장이
QUEST_UNUSED_20151022_001013	Oh, vous l'avez bien fait selon la commande. Je peux donc me mettre au travail.	오, 주문대로 정말 잘 만들어 왔구먼.{nl}이제 일을 시작할 수 있겠어.	QUEST_LV_0100_20151001_008388	Oh, vous les avez tous. 	오, 모두 구해왔구먼.	안타나스
QUEST_UNUSED_20151022_001014	Avez-vous encore des choses à commander ? Vous pouvez simplement jeter un œil, alors passez{nl}souvent ici, je vous prie.	앗, 또 주문하실 것이 있으신가요?{nl}구경만 하셔도 좋으니까 자주 찾아 주세요.				장비 상인 율라
QUEST_UNUSED_20151022_001015	Avez-vous trouvé le burin ? J'accueille volontiers ce genre de commandes, alors continuez de{nl}visiter notre boutique.	정은 찾은 거야?{nl}앞으로도 이런 주문은 환영하니까 잘 부탁해.	QUEST_LV_0100_20151016_009627	Vas-y maintenant.	어서 가 보시오.	대장장이
QUEST_UNUSED_20151022_001016	Qu'en pensez-vous ? Pourquoi ne pas nous aider si vous jugez important d'éliminer les démons,{nl}même si nos objectifs diffèrent.	당신은 어떻게 생각하세요?{nl}뜻은 달라도 마족을 뿌리뽑는 게 중요하다 생각하시면 저희를 도와주시는 건 어떠신지요.				알비나스
QUEST_UNUSED_20151022_001017	Tout d'abord, il y a beaucoup de pierres tombales polluées. Je vais briser celles-ci, alors{nl}j'aimerais que vous brisiez la pierre tombale polluée à la Colline d'Usas.{nl}	우선 오염된 비석은 한 두개가 아니에요.{nl}저는 이걸 부숴버릴 테니, 당신은 우사스 언덕에 있는 오염된 비석을 파괴해 주세요.{nl}	QUEST_LV_0100_20151016_009637	Il y a plus d'une pierre tombale profanée. Je détruirai celle-ci, allez donc détruire les pierres{nl}tombales là-bas.{nl}	우선 오염된 비석은 한 두개가 아니에요.{nl}저는 이걸 부숴버릴 테니, 당신은 저쪽의 오염된 비석을 파괴해 주세요.{nl}	알비나스
QUEST_UNUSED_20151022_001018	Je crois que cette pierre tombale dégage elle aussi des énergies rouges. Comme la pierre tombale{nl}à côté. C'est la preuve de la pollution.	아마 그 비석도 붉은 기운을 뿜어 내고 있을 겁니다.{nl}옆에 있는 비석처럼요. 오염의 증거이지요.	QUEST_LV_0100_20151016_009638	Cette pierre tombale là-bas devrait aussi luire de rouge. Tout comme la pierre tombale à côté de{nl}vous. C'est la preuve qu'elle a été profanée.	아마 저 쪽의 비석도 붉은 기운을 뿜어 내고 있을 겁니다.{nl}옆의 비석처럼요. 오염의 증거이지요.	알비나스
QUEST_UNUSED_20151022_001019	Je ne comprends pas. Albinas ? Êtes-vous membre des Anastos ? Cela n'a aucun sens ?{nl}	기도 안 차는구먼.{nl}알비나스? 아나스토스 파의 일원이라고? {nl}그럴리가 없는데?{nl}	QUEST_LV_0100_20151016_009644	Je reste sans voix. Albinas ? Un membre de l'Anastos ? Ce n'est pas possible !{nl}	기도 안 차는구먼.{nl}알비나스? 아나스토스 파의 일원이라고? 그럴리가 없는데?{nl}	다미요나스
QUEST_UNUSED_20151022_001020	Je ne dis pas que je connais tout le monde d'Anastospa... Mais nous faisions partie du même{nl}ordre, donc je les connais bien.{nl}	내가 아나스토스파의 모든 사람을 아는 건 아니지만..{nl}같은 교단 사람인지라 그들과는 원래 잘 아는 사이란 말이오.{nl}	QUEST_LV_0100_20151016_009645	Amenez-le-moi ! Je dois voir par moi-même !	그 사람을 데려오시오! {nl}당장 확인 해 봐야겠소!	다미요나스
QUEST_UNUSED_20151022_001021	Pas question, amenez-le ici tout de suite ! Je devrai l'entendre moi-même !	안되겠어, 당장 그 사람을 데려오시오! {nl}내 직접 확인해야겠어!				다미요나스
QUEST_UNUSED_20151022_001022	Quand vous aurez assez de pierres, allez voir Eduinas au camp de Nestospa. Il s'en servira pour{nl}faire des pierres de construction.{nl}	적당한 석재를 구해서 네스토스파의 캠프에 있는 에뒤나스에게 찾아가시오.{nl}그가 복구용 석재로 다듬어 줄 거요.{nl}	QUEST_LV_0100_20151016_009648	Obtenez des blocs de pierre convenables et allez trouver Eduinas au Camp de Nestos là-bas.{nl}	적당한 석재를 구해서 저 쪽 네스토스 캠프에 있는 에뒤나스에게 찾아가시오.{nl}	다미요나스
QUEST_UNUSED_20151022_001023	Eduinas ne sera pas content s'il découvre que vous avez fait cette pierre tombale, cela dit.{nl}Gardez-le simplement à l'esprit si vous voulez en assumer la responsabilité.	하지만 당신이 비석을 이렇게 만들었다는 걸 알면 에뒤나스가 길길이 날뛰겠지.{nl}책임을 지려면 그 정도는 감수해야 할 게요.	QUEST_LV_0100_20151016_009649	Eduinas ne sera pas content s'il apprend ce que vous avez fait à la pierre tombale. Préparez-vous{nl}au moins à en assumer la responsabilité.	당신이 비석을 이렇게 만들었다는 걸 알면 에뒤나스가 길길이 날뛰겠지.{nl}책임을 지려면 그 정도는 감수하시오.	다미요나스
QUEST_UNUSED_20151022_001024	Pendant que je fignole les matériaux, je ne veux pas voir votre visage. Que diriez-vous d'aller{nl}vaincre les monstres qui mettent le désordre par ici.	자재를 다듬을 동안만이라도 당신 얼굴은 보고싶지 않네요.{nl}이 주변을 어지럽히는 몬스터나 정리해 주시던가요.	QUEST_LV_0100_20151016_009654	Je ne veux pas vous voir pendant que je prépare les matériaux. Allez nettoyer la zone des{nl}monstres ou quelque chose.	자재를 다듬을 동안 당신 얼굴은 보고싶지 않네요.{nl}이 주변을 어지럽히는 몬스터나 정리해 주시던가요.	에뒤나스
QUEST_UNUSED_20151022_001025	Puisque tout est fait, retournez voir Damijonas avec ceci. Ne recommencez jamais.	다 됐으니 이걸 가지고 다미요나스에게 돌아가 보세요.{nl}이젠 다시는, 절대로 그러지 마세요.	QUEST_LV_0100_20151016_009656	Tout est fait. Maintenant, ne refaites plus jamais cela.	다 됐네요. {nl}이젠 다시는, 절대로 그러지 마세요.	에뒤나스
QUEST_UNUSED_20151022_001026	Vous l'avez. Maintenant, je vais commencer la restauration. Heureusement, les dégâts n'étaient{nl}pas graves.	구해 왔군. 이제 복구를 시작하겠소.{nl}파손 정도가 심하지 않아서 이 정도로 끝난 게 다행이군.	QUEST_LV_0100_20151016_009657	Vous avez rassemblé les objets nécessaires. Voyons si nous pouvons le réparer. Heureusement, il{nl}n'a pas été trop gravement endommagé.	구해 왔군. 이제 수리해 보세나.{nl}파손 정도가 심하지 않아서 이 정도로 끝난 게 다행이군.	다미요나스
QUEST_UNUSED_20151022_001027	Nous et les Anastospa avons des opinions différentes, mais nous ne sommes pas hostiles les uns{nl}aux autres. Depuis que ce nom inconnu est apparu, il est manifeste que nous le suspectons.{nl}	우리와 아나스토스파와는 그저 의견이 좀 다를 뿐이지 서로를 적대시하던가 하는 일은 없소.{nl}그런데 알지도 못하는 이름이 튀어나오니 의심하는 것이 당연하지 않겠소?{nl}	QUEST_LV_0100_20151016_009658	Nous n'avons jamais eu de problème avec Anastos, juste quelques divergences d'opinion. Nous{nl}devons nous méfier puisque nous avons entendu un nom dont nous ne savons rien.{nl}	우리와 아나스토스파와는 그저 의견이 좀 다를 뿐이지 서로를 적대시하던가 하는 일은 없네.{nl}그런데 알지도 못하는 이름이 튀어나오니 의심하는 것이 당연하지 않겠나.{nl}	다미요나스
QUEST_UNUSED_20151022_001028	Et vous avez même brisé la pierre tombale. Quoi qu'il en soit, puisque vous avez assumé votre{nl}responsabilité, je vous pardonnerai.{nl}	게다가 힘들게 세운 비석을 부숴버렸으니 말이오.{nl}어쨌든 책임을 졌으니 일단 이 정도로 용서하겠소.{nl}	QUEST_LV_0100_20151016_009659	D'autant qu'ils ont détruit la pierre tombale que nous avions eu tant de mal à façonner. Nous{nl}leur pardonnerons puisqu'ils en ont assumé la responsabilité.{nl}	게다가 힘들게 세운 비석을 부숴버렸으니 말일세.{nl}어쨌든 책임을 졌으니 일단 이 정도로 용서하지.{nl}	다미요나스
QUEST_UNUSED_20151022_001029	Ne trouvez-vous pas injuste de laisser passer cela ? Puisqu'il y a un camp d'Anastospa là-haut,{nl}allez-y et renseignez-vous. C'est vraiment étrange.	자네도 이대로 넘어가기엔 억울하지 않소?{nl}저 위에 아나스토스파의 캠프가 있었으니 한 번 가서 물어나 보시오.{nl}정말 이상해..	QUEST_LV_0100_20151016_009661	N'êtes-vous pas abattu de partir ainsi ? Anastos a son camp là-haut, pourquoi n'iriez-vous pas{nl}leur demander. C'est étrange...	자네도 이대로 넘어가기엔 억울하지 않겠나.{nl}저 위에 아나스토스파의 캠프가 있었으니 한 번 가서 물어나 보게.{nl}정말 이상해..	다미요나스
QUEST_UNUSED_20151022_001030	Oui, je suis d'Anastos... oui, c'est exact. Qu'est-ce qui vous amène ici ?{nl}	예, 제가 아나스토스의.. 맞습니다.{nl}뭘 물어보러 오셨다고요?{nl}	QUEST_LV_0100_20151016_009662	Oui, d'Anastos... c'est exact. Vous êtes venu ici pour poser une question ? Oh là, je suis assez{nl}troublé en ce moment, il m'est donc un peu difficile de répondre à quoi que ce soit..{nl}	예, 제가 아나스토스의.. 맞습니다.{nl}뭘 물어보러 오셨다고요?{nl}아이고, 지금 제가 정신이 없어서 뭐든 물어보셔도 답해 드리기가 좀..{nl}	게다스
QUEST_UNUSED_20151022_001031	Désolé, je ne peux pas répondre à vos questions pour le moment car je suis bien trop occupé.. Si{nl}vous pouviez trouver mes documents de recherche, j'aurais peut-être un peu de temps libre...	아이고, 지금 제가 정신이 없어서 뭐든 물어보셔도 답해 드리기가 좀..{nl}제 연구 자료를 되찾아 주시면 여유가 생길지도..	QUEST_LV_0100_20151016_009663	Nous aurions peut-être un répit si vous parveniez à récupérer les matériaux de recherche que je{nl}cherche.	제가 찾고 있는 연구 자료를 되찾아 주시면 여유가 생길지도 모르겠습니다.	게다스
QUEST_UNUSED_20151022_001032	Au lieu d'une dévotion aveugle, une vie à éliminer les démons et à se préparer au chaos.. Je veux{nl}dire ce genre de choses.{nl}	여신만을 향한 맹목적인 신앙 보다는 마족 퇴치, 재앙에 대비하는 삶.. {nl}그런 것들 위주로 말이에요.{nl}	QUEST_LV_0100_20151016_009674	Se consacrer à vaincre les démons et à se préparer aux calamités.. Plus qu'une simple foi dévote{nl}envers les déesses.{nl}	여신만을 향한 맹목적인 신앙 보다는 마족 퇴치, 재앙에 대비하는 삶.. {nl}그런 것들 위주로 나야가야 한다고 말입니다.{nl}	게다스
QUEST_UNUSED_20151022_001033	C'est vraiment étrange. Je devrais envoyer un de mes collègues pour le découvrir.	이건 확실히 이상해요. {nl}동료를 보내서 알아 볼 필요가 있겠어요.	QUEST_LV_0100_20151016_009675	C'est vraiment étrange. Il faudra envoyer quelqu'un enquêter.{nl}	확실히 이상해요. {nl}이건 사람을 보내서 알아 볼 필요가 있겠어요.{nl}	게다스
QUEST_UNUSED_20151022_001034	Ah, au fait, je songe à lui donner une fusée pour parer à tout danger, mais Il n'y a pas de fusées{nl}convenables.{nl}	아 그런데, 혹시 모를 위험에 대비해서 신호탄을 들려 보낼 건데요.{nl}적당한 게 없네요.{nl}	QUEST_LV_0100_20151016_009677	Rapportez-moi de la poudre inflammable. Ce ne sera pas trop difficile à trouver puisqu'il y a{nl}toujours des monstres plus qu'en nombre suffisant.	불에 잘 타는 가루를 구해 주세요.{nl}몬스터들은 언제나 들끓으니까, 재료를 구하는 것은 어렵지 않을 거예요.	게다스
QUEST_UNUSED_20151022_001035	Pouvez-vous nous rapporter les poudres qui brûlent bien dans le feu ? Il y a tant de monstres{nl}alentour qu'il ne sera pas difficile d'obtenir les matériaux.	불에 잘 타는 가루를 구해 주실 수 있을까요?{nl}몬스터들은 언제나 들끓으니까, 재료를 구하는 것은 어렵지 않을 거예요.				게다스
QUEST_UNUSED_20151022_001036	Attendons les résultats de l'enquête. C'est un garçon compétent, il le découvrira bientôt.	이제 조사 결과를 기다려보죠.{nl}유능한 친구이니 금방 알아올 거예요.	QUEST_LV_0100_20151016_009679	Il nous faudra maintenant attendre les résultats. C'est quelqu'un de compétent, cela ne prendra{nl}donc pas trop longtemps.	이제 조사 결과를 기다려야겠습니다.{nl}유능한 친구이니 금방 알아올 거예요.	게다스
QUEST_UNUSED_20151022_001037	Puisque nous ne pouvons pas rester sans rien faire, et si nous le découvrions nous-mêmes aussi{nl}?{nl}	그 동안 가만히 있기 뭐하니 우리도 따로 알아보도록 할까요?{nl}	QUEST_LV_0100_20151016_009680	Et si nous menions nous-mêmes une petite enquête entre-temps.{nl}	그 동안 가만히 있기 뭐하니 우리도 따로 알아보지요.{nl}	게다스
QUEST_UNUSED_20151022_001038	Bien. Barte a peut-être vu quelque chose. Elle a rejoint notre camp récemment.{nl}	그렇지. 바르테라면 뭔가 본 게 있을 지도 몰라요.{nl}우리 캠프에 합류한 지 얼마 안되었거든요.{nl}	QUEST_LV_0100_20151016_009681	Bien sûr. Barte sait peut-être quelque chose. Il n'est pas ici depuis très longtemps et c'est un{nl}gaillard fort savant.{nl}	그렇지. 바르테라면 뭔가 알고 있을지도 몰라요.{nl}우리 캠프에 합류한 지 얼마 안 된데다가 무척 박식한 청년이거든요.{nl}	게다스
QUEST_UNUSED_20151022_001039	Et si vous l'interrogiez au sujet d'Albinas ?{nl}	그녀에게 알비나스라는 사람에 대해 물어보고 오시면 어떨까요?{nl}	QUEST_LV_0100_20151016_009682	Et si vous l'interrogiez sur la personne nommée Albinas ?{nl}	그에게 알비나스라는 사람에 대해 물어보면 어떨까요?{nl}	게다스
QUEST_UNUSED_20151022_001040	Albinas ? J'ai vu quelqu'un correspondant à votre description près du Champ funéraire de{nl}Majiva.{nl}	알비나스요?{nl}음.. 당신이 말한 인상착의와 비슷한 사람을 마지바 묘지에서 보긴 했어요.{nl}	QUEST_LV_0100_20151016_009685	Albinas ? Hum.. J'ai bien vu une personne ressemblant à votre description.{nl}	알비나스요?{nl}음.. 당신이 말한 인상착의와 비슷한 사람을 보긴 했어요.{nl}	바르테
QUEST_UNUSED_20151022_001041	Quand vous retournerez au Champ funéraire de Majiva, ce cuir y sera peut-être encore. Moi...{nl}même si les déesses me disaient d'y aller, je ne peux pas car j'ai trop peur.	마지바 묘지에 다시 가면 그 가죽이 남아 있을지도 몰라요.{nl}전.. 여신께서 가라 하셔도 무서워서 도저히 못가겠네요.				바르테
QUEST_UNUSED_20151022_001042	Que se passe-t-il ? Je ne vois personne qui utiliserait ce motif à part le serviteur de Baiga.{nl}	도대체 이게 무슨 일이죠?{nl}저런 문양을 쓰는 건 바이가의 하수인 말곤 생각할 수 없어요.{nl}	QUEST_LV_0100_20151016_009696	Que diable peut-il bien se passer. Nul autre n'utilise un tel insigne à moins de travailler pour{nl}Baiga.{nl}	도대체 이게 무슨 일일까요.{nl}저런 문양을 쓰는 건 바이가의 하수인 말곤 생각할 수 없어요.{nl}	바르테
QUEST_UNUSED_20151022_001043	Nous ferions mieux d'en informer vite les autres. Vous, prévenez Gedas !{nl}	이건 빨리 사람들에게 알려야 할 것 같아요.{nl}당신은 게다스에게 알려주세요!{nl}	QUEST_LV_0100_20151016_009697	Nous devons alerter les autres à ce sujet ! Allez le dire à Gedas !{nl}	이건 사람들에게 알려야 될 것 같아요!{nl}당신은 게다스에게 알려주세요!{nl}	바르테
QUEST_UNUSED_20151022_001044	Je vous en prie, sauvez Fabijus ! Ah, avant cela, nous ferions mieux de retourner à Nestospa !{nl}	제발, 파비유스를 구해 주세요!{nl}아, 그 전에 네스토스파에게 들르는 게 좋겠어요!{nl}	QUEST_LV_0100_20151016_009701	Nous devons prévenir tout le monde ! Je vous en prie, avertissez Gedas !{nl}	서둘러서 파비유스에게 가 주세요!{nl}아, 그 전에 네스토스파에게 들르는 게 좋겠어요!{nl}	게다스
QUEST_UNUSED_20151022_001045	Cette eau bénite, prenez-la, je vous prie. Vous aurez au moins une occasion de l'utiliser sur les{nl}démons.{nl}	여기 성수, 이걸 가져가세요.{nl}한 번 정도는 마족에게 크게 본때를 보일 수 있을 겁니다.	QUEST_LV_0100_20151016_009704	Il est dangereux d'y aller seul, prenez cette Eau bénite. Elle fait des dégâts terribles.	여기 성수, 이걸 가져가세요.{nl}한 번 정도는 크게 한 방을 먹일 수 있을 겁니다.	에뒤나스
QUEST_UNUSED_20151022_001046	Vous étiez donc sain et sauf. J'ai entendu parler d'Albinas par Fabijus.{nl}	무사하셨군요.{nl}알비나스라는 사람, 아니 그 마족의 정체는 파비유스에게 들었습니다.{nl}	QUEST_LV_0100_20151016_009705	Dieu merci, vous êtes sain et sauf. Fabijus m'a dit qui était vraiment Albinas.{nl}	무사하셨군요.{nl}알비나스라는 사람, 아니 마족의 정체는 파비유스에게 다 들었습니다.{nl}	게다스
QUEST_UNUSED_20151022_001047	Trouvez-vous que cela a du sens ? Vous avez brisé la pierre tombale qui fonctionnait bien et{nl}vous dites qu'il n'y a pas de pierre tombale ?{nl}	그걸 지금 말이라고 하는 게요?{nl}멀쩡한 비석을 맘대로 부수고 이제와서 뭐? 없다고?{nl}	QUEST_LV_0100_20151016_009707	Vous vous entendez parler en ce moment ? Vous avez du culot de revenir après avoir brisé la{nl}stèle.{nl}	그걸 지금 말이라고 하는 게요?{nl}멀쩡한 비석을 맘대로 부수고 이제와서 뭐?{nl}	다미요나스
QUEST_UNUSED_20151022_001048	Que voulez-vous que je dise ? J'ai mal à la tête à cause de la pierre tombale, alors ne me parlez{nl}pas.	뭘 더 말하라는 게요?{nl}비석 때문에 머리가 아프니 더 이상 말 걸지 마시오.	QUEST_LV_0100_20151016_009711	Que voulez-vous encore ? Je suis trop occupé à chercher comment restaurer la stèle. Laissez-moi{nl}tranquille.	뭘 더 말하라는 게요?{nl}비석 복구할 궁리 중이니 더 말 걸지 마시오.	다미요나스
QUEST_UNUSED_20151022_001049	C'est une chance que l'eau divine que je vous ai donnée ait été utile. Cela me donne la chair de{nl}poule de penser que les démons sont parmi les humains et les isolent.{nl}	아, 제가 드린 성수가 도움이 되었다니 정말 다행이에요.{nl}이젠 하다하다 마족이 사람 틈에 섞여서 이간질까지 하다니 정말 소름돋아요.{nl}	QUEST_LV_0100_20151016_009715	Je suis heureux d'apprendre que l'Eau bénite que je vous ai donnée a servi à quelque chose. Il est{nl}terrifiant de penser que des démons marchent parmi nous et nous divisent. Ils doivent être{nl}vraiment désespérés.{nl}	아, 제가 드린 성수가 도움이 되었다니 정말 다행이에요.{nl}이젠 하다하다 마족이 사람 속에 섞여서 이간질까지 하다니 정말 소름돋네요.{nl}	에뒤나스
QUEST_UNUSED_20151022_001050	Pouvez-vous en parler à Damijonas ? Je crois qu'ils doivent protéger la pierre tombale brisée{nl}près de Colline d'Usas.	다미요나스에게도 이 사실을 알려주시겠어요?{nl}아마 아직도 우사스 언덕에서 부서진 비석을 지키고 있을 겁니다.	QUEST_LV_0100_20151016_009716	Pourriez-vous en informer Damijonas également ? Il doit protéger la stèle qui a été détruite la{nl}dernière fois.	다미요나스에게도 이 사실을 알려주시겠어요?{nl}아마 저번에 부서진 비석을 지키고 있을 겁니다.	에뒤나스
QUEST_UNUSED_20151022_001051	J'ai pu déjouer la conspiration des démons grâce à vous. Je pensais que nous aurions pu être{nl}séparés.	당신 덕분에 마족의 음모를 막을 수 있었습니다.{nl}하마터면 저희들끼리 정말 영영 갈라설 뻔 했어요.	QUEST_LV_0100_20151016_009717	Le plan du démon a été déjoué grâce à vous. Nous aurions pu franchir le point de non-retour à{nl}jamais.	당신 덕분에 마족의 음모를 막을 수 있었습니다.{nl}하마터면 정말 영영 갈라설 뻔 했어요.	게다스
QUEST_UNUSED_20151022_001052	Oh. C'est vrai. Avez-vous découvert quelque chose sur Albinas ?{nl}	오, 그래. {nl}알비나스란 자에 대해 알아온 게 있소?{nl}	QUEST_LV_0100_20151016_009718	Oh, bien. Alors, avez-vous trouvé quelque chose sur Albinas ?{nl}	오, 그래. {nl}알비나스란 자에 대해 알아온 게 있나?{nl}	다미요나스
QUEST_UNUSED_20151022_001053	Je suis sûr qu'il y a des gens tombés dans leur isolement. Ils essaient de les briser de l'intérieur...{nl}	분명 우리 말고도 이런 이간질에 넘어간 사람들이 있을 게요.{nl}힘으로 눌러찍는 것 뿐만 아니라 속에서부터 점점 무너뜨리려는 게지..{nl}	QUEST_LV_0100_20151016_009720	Il doit y avoir quelqu'un d'autre que nous qui soit tombé dans un tel piège. Ces démons n'usent{nl}pas seulement de la force brute mais aussi de plans rusés pour nous diviser de l'intérieur..{nl}	분명 우리 말고도 이런 이간질에 넘어간 사람들이 있을게야.{nl}힘으로 눌러찍는 것 뿐만 아니라 속에서부터 점점 무너뜨리려는 게지..{nl}	다미요나스
QUEST_UNUSED_20151022_001054	Quoi qu'il en soit, merci. J'espère que les déesses vous béniront.	어쨌든 시작은 사고였지만, 정말 고마웠소.{nl}여신의 가호를 빌겠소.	QUEST_LV_0100_20151016_009721	Même si le premier coup fut un heureux hasard, merci pour tout ce que vous avez fait. Que les{nl}déesses soient avec vous.	어쨌든 시작은 사고였지만, 정말 고마웠네.{nl}여신의 가호를 빌겠네.	다미요나스
QUEST_UNUSED_20151022_001055	Albinas a disparu ! Que se passe-t-il ?	알비나스가 사라졌다! 무슨 일이지?	QUEST_LV_0100_20151016_009724	Albinas a disparu ! Que s'est-il passé ?	알비나스가 사라지고 없다! 어찌 된 일일까?	PC
QUEST_UNUSED_20151022_001056	Quoi, la révélation vous intéresse ? Mais il n'y a rien d'autre que ces écrits...{nl}	어라, 너 계시에 관심이 있는 거야?{nl}하지만 저 글귀 외엔 별다른 내용은 없는걸..{nl}	QUEST_LV_0200_20151016_009692	Quoi ? La révélation vous intéresse ? Mais il n'y a rien ici qui s'y rapporte...{nl}	어라, 너 계시에 관심이 있는 거야?{nl}하지만 여기엔 그거랑 관련있는 내용은 없는걸..{nl}	도굴꾼 아만다
QUEST_UNUSED_20151022_001057	D'abord, attirez leur attention comme Éminent vous le dit. En même temps, activons en secret{nl}avec moi le cercle magique au Champ de bataille de Paramiso.	우선 넌 에미넌트가 시키는 대로 해서 시선을 끌어.{nl}동시에 몰래 나랑 파라미조 격전지에서 마법진을 활성화 시키자.	QUEST_LV_0100_20151016_009772	Premièrement, vous devez suivre les ordres d'Éminent pour le distraire. Dans le même temps,{nl}vous et moi activerons secrètement le cercle magique.	우선 넌 에미넌트가 시키는 대로 해서 시선을 끌어.{nl}동시에 몰래 나랑 마법진을 활성화 시키자.	도굴꾼 아만다
QUEST_UNUSED_20151022_001058	En principe, vous devriez être punis conformément aux ordres du royaume. Mais, puisque vous{nl}nous avez sauvé la vie et que beaucoup de nos collègues ont échoué..{nl}	원칙적으론 당신들은 왕명에 의해 처벌 받아야 합니다.{nl}하지만 목숨을 구해주신데다가 많은 동료들이 낙오되었으니..{nl}	QUEST_LV_0200_20151001_009361	Si nous suivions les principes, vous devriez être châtiés selon les ordres du royaume. Mais{nl}puisque vous m'avez sauvé et que bien de nos camarades ont échoué...{nl}	원칙적으론 당신들은 왕명으로 처벌 받아야 합니다.{nl}하지만 목숨을 구해주신데다가 많은 동료들이 낙오되었으니..{nl}	왕국군 경비병 델루스
QUEST_UNUSED_20151022_001059	La sécurité de nos collègues passe avant votre punition. Si vous pouviez aider à reprendre notre{nl}quartier général, alors je ne demanderai pas pourquoi vous êtes entré ici.	당신들의 처벌보단 동료들의 안전이 우선입니다.{nl}주둔지를 다시 탈환하는 걸 도와 주신다면 여기에 들어온 이유도 묻지 않고 눈감아 드리죠.	QUEST_LV_0200_20151001_009362	La sécurité de nos camarades importe plus que votre châtiment. Si vous nous aidez à reprendre{nl}notre camp, alors nous oublierons le châtiment.	당신들의 처벌보단 동료들의 안전이 우선입니다.{nl}주둔지를 다시 탈환하는 걸 도와 주신다면 눈감아 드리죠.	왕국군 경비병 델루스
QUEST_UNUSED_20151022_001060	Je préparerai la magie avec les souvenirs des esprits, alors allez à la Route secondaire d'Ataka.{nl}Rapportez tout ce que vous pouvez.{nl}	난 영혼의 기억으로 마법을 준비할 테니 자네는 아타카 샛길 쪽으로 가 보게나.{nl}떼어낼 수 있는 건 닥치는 대로 가져오게.{nl}	QUEST_LV_0100_20151016_009805	Je fouillerai le Champ de bataille de Paramiso, prenez la Route secondaire d'Ataka. Prenez tout{nl}ce qui vous tombe sous la main.{nl}	난 파라미조 격전지 쪽을 찾아볼 테니 자네는 아타카 샛길 쪽으로 가 보게나.{nl}떼어낼 수 있는 건 닥치는 대로 가져오게.{nl}	프리미어 에미넌트
QUEST_UNUSED_20151022_001061	J'ai vu que les cercles magiques s'activaient. Vous allez bien, n'est-ce pas ? Et Eminent ?{nl}	마법진들이 작동되는걸 봤어. 너 괜찮은 거 맞지? {nl}에미넌트는 어떻게 됐어?{nl}	QUEST_LV_0100_20151001_008721	J'ai vu les cercles magiques s'activer. Allez-vous bien ? Et Eminent ? {nl}	마법진들이 작동되는걸 봤어. 너 괜찮아? {nl}에미넌트는 어떻게 됐어?{nl}	도굴꾼 아만다
QUEST_UNUSED_20151022_001062	L'espace que le tyran dont vous avez parlé a rejeté est probablement.. C'est la prison qui fut bâtie{nl}à l'ère de l'ère Kadumel. {nl}	네가 묻는 폭군이 벼려낸 참혹한 공간이라는 건 아마.. {nl}카듀멜 시대에 만들어진 감옥을 말하는 걸 거야. {nl}	QUEST_LV_0100_20151016_009820	Le lieu éprouvant forgé par un tyran dont vous parlez pourrait désigner... La prison bâtie sous la{nl}dynastie Kadumel. {nl}	네가 묻는 폭군이 벼려낸 참혹한 공간이라는 건 아마.. {nl}카듀멜 시대에 만들어진 감옥을 말하는 걸 꺼야. {nl}	도굴꾼 아만다
QUEST_UNUSED_20151022_001063	Restaurer le cercle magique était le devoir de Higgs, mais nous n'avons pas d'autre solution{nl}puisqu'il est blessé. De plus tout le monde se fatigue à cause du froid.. Je voudrais emprunter{nl}votre force.	그 마법진을 보수하는 것이 힉스의 임무였소만, 부상을 입었으니 어쩔 도리가 없지 않겠소.{nl}게다가 다들 추위에 지쳐가니.. 당신의 힘을 빌리고 싶소.	QUEST_LV_0200_20151001_009412	C'était le devoir de Higgs d'entretenir le cercle magique, mais il ne peut pas le faire, étant blessé.{nl}Et tout le monde s'épuise à cause du froid... Je voudrais que vous nous aidiez.	그 마법진을 보수하는 것이 힉스의 임무였소만, 부상을 입었으니 어쩔 도리가 없지 않겠소.{nl}게다가 다들 추위에 지쳐가니.. 당신의 힘을 빌리고 싶구려.	메사파슬라 부대장 고먼
QUEST_UNUSED_20151022_001064	Vous êtes meilleur que Higgs. Pouvez-vous nous aider encore une fois ?{nl}	우리 힉스보다 더 능숙하게 해내는군.{nl}이왕 이렇게 된 것, 한 번만 더 부탁하리다.{nl}	QUEST_LV_0200_20151001_009415	Vous vous en sortez mieux que Higgs. Pouvez-vous nous aider une fois de plus ?	우리 힉스보다 더 능숙하게 해내는구려.{nl}이왕 이렇게 된 것, 한 번만 더 부탁하리다.{nl}	메사파슬라 부대장 고먼
QUEST_UNUSED_20151022_001065	J'ai croisé les monstres en revenant avec le message. Je crois que je pourrai bouger si je me{nl}repose encore un peu, mais ce message doit être livré vite..{nl}	서신을 가지고 복귀하던 도중 몬스터 무리를 만났죠.{nl}조금만 쉬면 금방 움직일 수 있을 것 같은데, 이 서신은 좀 급한 거라서요..{nl}	QUEST_LV_0200_20151001_009436	Alors que je revenais avec la lettre, nous avons croisé une horde de monstres. Je crois que je me{nl}rétablirai en me reposant un moment, mais je dois livrer la lettre vite...{nl}	서신을 가지고 복귀하던 도중 몬스터 무리를 만났죠.{nl}조금만 쉬면 금방 회복할 것 같은데, 이 서신은 좀 급한 거라서요..{nl}	연락병 로체스
QUEST_UNUSED_20151022_001066	Vous semblez compétent en tant qu'épéiste. Comptez-vous atteindre un stade supérieur ?	보아하니 자네도 나름 소드맨으로서 실력을 쌓은 모양이군.{nl}더 높은 경지로 가볼 생각은 없는가?				소드맨 서브 마스터
QUEST_UNUSED_20151022_001067	D'abord, montrez-moi vos Skills. Aux Bois des Ponts reliés, revenez après avoir vaincu 10{nl}Lapflammer et 10 Lapeman.	일단 자네의 실력을 보여주게.{nl}덧댄다리 숲에서 라플래머와 라페먼을 각각 10마리 씩 해치우고 오게나.				소드맨 서브 마스터
QUEST_UNUSED_20151022_001068	Si vous vous entraînez dur, ce ne sera pas si difficile.	꾸준히 훈련을 쌓아 왔다면 어려운 과제는 아닐 것일세.				소드맨 서브 마스터
QUEST_UNUSED_20151022_001069	Bien. Vous semblez assez compétent pour passer au niveau suivant.	수고했네.{nl}자네라면 다음 단계로 나갈 자격이 충분해 보이는군.				소드맨 서브 마스터
QUEST_UNUSED_20151022_001070	Êtes-vous celui qui veut emprunter la voie du Highlander ? Alors vous devez réussir l'épreuve.{nl}Je n'ai pas de temps à perdre avec quelqu'un qui n'en est pas digne.	하이랜더의 길을 걸으시려는 분이 당신이신가요?{nl}그렇다면 약간의 시험을 통과하셔야 합니다.{nl}소질없는 자에게 허비할 시간은 없거든요.				하이랜더 서브 마스터
QUEST_UNUSED_20151022_001071	L'arme principale du Highlander est l'épée à deux mains. Elles sont puissantes, mais vous devez{nl}posséder assez de force pour les tenir. Attaquez le mannequin d'entraînement à côté et{nl}j'éprouverai votre force.	하이랜더의 주무기는 양손검입니다. 강력한 대신 그만큼 검을 들 힘이 필요하지요.{nl}근처의 검 연습대를 공격해서 당신의 힘이 어느 정도 수준인지 가늠해 보겠습니다.				하이랜더 서브 마스터
QUEST_UNUSED_20151022_001072	Attaquez le poteau d'entraînement près de moi. J'évaluerai votre force.	제 근처의 검 연습대를 공격해보세요.{nl}판가름은 제가 하겠습니다.				하이랜더 서브 마스터
QUEST_UNUSED_20151022_001073	Hmm... Il semble que vous n'aurez pas grand mal. Si vous réussissez encore une épreuve, je vous{nl}enseignerai les Skills du Highlander.	흠... 그 정도시라면 크게 무리는 없을 듯 하군요.{nl}하나의 시험만 더 통과하신다면 하이랜더의 기술을 전수해 드리지요.				하이랜더 서브 마스터
QUEST_UNUSED_20151022_001074	Votre puissance semble suffisante. Maintenant, je vais vérifier si vous savez bien l'utiliser.	가지고 계신 완력은 충분해 보이는군요.{nl}이제 그 힘을 얼마나 잘 사용하실지를 판단해보겠습니다.				하이랜더 서브 마스터
QUEST_UNUSED_20151022_001075	Avec vos talents, les Lapflammers du Quai de Paupys ne seront pas difficiles. Quand vous{nl}reviendrez après en avoir vaincu 10, je vous ouvrirai la voie du Highlander.	당신의 수준이라면 파우피스 나루의 라플래머 정도는 어렵지 않을 것 같군요.{nl}녀석들을 10마리 사냥하고 돌아오시면 하이랜더의 길을 열어 드리겠습니다.				하이랜더 서브 마스터
QUEST_UNUSED_20151022_001076	Revenez après avoir vaincu les Lapflammers à Quai de Paupys.	파우피스 나루의 라플래머를 처치하고 오세요.				하이랜더 서브 마스터
QUEST_UNUSED_20151022_001077	Votre Skill ne nuira en rien à la renommée des Highlanders. Mon père, qui est un maître, dirait{nl}la même chose. Au nom du maître, je vais vous enseigner les Skills du Highlander.	당신이라면 하이랜더의 명성을 더럽히지 않을 것 같군요.{nl}마스터이신 제 아버지도 저와 같은 의견이실 겁니다.{nl}마스터를 대신하여 당신에게 하이랜더의 기술을 전수하겠습니다.				하이랜더 서브 마스터
QUEST_UNUSED_20151022_001078	Vous voulez devenir Peltaste ? C'est une sage décision. Laissez-moi vous poser une question.{nl}Haïssez-vous les démons ?	펠타스타가 되고 싶으십니까? 현명한 선택입니다.{nl}우선 하나만 묻죠. 마족을 증오하십니까?				펠타스타 서브 마스터
QUEST_UNUSED_20151022_001079	Bien. Les exigences les plus élémentaires sont remplies. Nous, les Peltastes, utilisons le bouclier{nl}de façon offensive pour affronter les ennemis. Vous devez donc avoir la compréhension de base{nl}du maniement du bouclier.	좋습니다. 가장 기본적인 요건은 충족되었군요.{nl}우리 펠타스타는 방패를 적극적으로 사용해 적들을 상대하는 클래스입니다.{nl}따라서 방패에 대한 기본적인 이해가 있어야겠지요.				펠타스타 서브 마스터
QUEST_UNUSED_20151022_001080	Je vais vous demander des matériaux pour votre bouclier. D'abord, récoltez des décorations{nl}métalliques sur les Lapeman. Ensuite, rassemblez du bois sec dans un atelier isolé là-bas.	당신에게 방패에 쓸만한 재료를 부탁드리겠습니다.{nl}파우피스 나루의 라페먼으로부터 얻을 수 있는 쇠장식을 가져오세요.{nl}그리고 같은 지역의 외딴 작업장에서 쓸만한 나무를 모아 오시기 바랍니다.				펠타스타 서브 마스터
QUEST_UNUSED_20151022_001081	Les décorations métalliques des Lapeman servent pour l'armature, le bois pour le corps. Vous{nl}trouverez les deux à Croisement de Paupys.	라페먼의 쇠장식은 방패의 틀 대용으로, 나무는 방패의 몸체를 만들기 위함입니다.{nl}둘 다 파우피스 나루에서 얻으실 수 있습니다.				펠타스타 서브 마스터
QUEST_UNUSED_20151022_001082	Bien joué. Quand vous obtiendrez le manuel du bouclier à l'avenir, je veux que vous le{nl}fabriquiez vous-même en récoltant vous-même les matériaux.	수고하셨습니다.{nl}추후 방패의 제작서를 얻으신다면 이렇게 재료를 모아 직접 만들어보시기 바랍니다.				펠타스타 서브 마스터
QUEST_UNUSED_20151022_001083	Bienvenue dans le monde des Peltastes. Faisons de notre mieux jusqu'à ce que nous ayons{nl}vaincu tous les démons !	펠타스타 동지가 되신 것을 환영합니다.{nl}함께 마족들을 한 놈도 남김없이 물리칠 때까지 힘냅시다!				펠타스타 서브 마스터
QUEST_UNUSED_20151022_001084	C'est toujours bon de voir de nouveaux frères et sœurs. Pouvez-vous m'aider à secourir les{nl}villageois d'ici ?	새로운 형제자매를 뵙는 것은 언제나 기쁜 일이지요.{nl}부디 저와 함께 이곳 주민들을 도와주실 수 있을까요?				클레릭 서브 마스터
QUEST_UNUSED_20151022_001085	Ce n'est pas bon car les Lapemans ne cessent de faire souffrir les villageois aux Ponts reliés. En{nl}fait, je veux les punir moi-même. Mais Rosaliya... m'a dit que je ne devais pas quitter Orsha.	덧댄다리 숲의 라페들이 인근 주민들에게 계속적으로 피해를 주는 것 같아 큰일이에요.{nl}사실 제가 직접 녀석들을 혼내주고 싶어요.{nl}하지만 로잘리야... 마스터께서 제게 오르샤를 벗어나지 말라고 신신당부를 하셨지 뭐에요.				클레릭 서브 마스터
QUEST_UNUSED_20151022_001086	En mon nom, corrigez les mauvaises habitudes des Lapezards et des Lapemiter.	제 대신 라페자드와 라페마이터녀석들의 버릇을 단단히 고쳐주고 오세요.				클레릭 서브 마스터
QUEST_UNUSED_20151022_001087	Je ne fais qu'accomplir le devoir important que j'ai reçu du Maître. Je ne suis pas jaloux de votre{nl}voyage !	저는 마스터로부터 받은 중요하고 성스러운 임무를 수행할 뿐입니다.{nl}딱히 당신처럼 여행을 다니지 못하는 게 부러운 건 아니에요!				클레릭 서브 마스터
QUEST_UNUSED_20151022_001088	Avez-vous accompli la mission ? Vous pourriez devenir un Clerc de niveau supérieur.	임무는 완수 하셨나요?{nl}당신이라면 보다 깊은 단계의 클레릭으로 거듭날 수 있을 것 같네요.				클레릭 서브 마스터
QUEST_UNUSED_20151022_001089	J'accueille tout frère ou toute sœur qui souhaite emprunter la voie du Krivi. Je m'appelle{nl}Mellinda. Je vais vous faire passer une simple épreuve pour voir si vous êtes qualifié pour{nl}devenir Krivi. Cela vous convient ?	크리비의 길을 걸으시려는 형제자매님은 언제나 환영합니다.{nl}저는 이 곳에서 마스터를 대행하고 있는 멀린다라고 합니다.{nl}그대가 크리비에 적합한지를 판단하기 위해 간단한 시험을 해 볼텐데 괜찮으시겠습니까?				크리비 서브 마스터
QUEST_UNUSED_20151022_001090	Bien. L'épreuve est simple. Recevez ce joyau de cristal.	좋습니다. 시험은 간단합니다.{nl}이 수정보석을 받으세요.				크리비 서브 마스터
QUEST_UNUSED_20151022_001091	Ceci absorbe les vitalités des monstres et les possède comme énergie de la flamme. Chassez les{nl}monstres hors de la ville et insufflez les énergies dans le joyau.	이것은 몬스터의 생명력을 흡수해 성화의 기운으로 간직하는 보석입니다.{nl}도시 밖에서 몬스터를 사냥해 보석에 기운을 채우도록 하세요.				크리비 서브 마스터
QUEST_UNUSED_20151022_001092	Quand le joyau grossira, servez-vous-en pour allumer la torche à côté de moi. Ainsi, j'éprouverai{nl}si vous savez bien user des énergies de la torche.	보석이 충만해지면 제 옆의 성화대에 보석을 사용해 불을 붙여 보세요.{nl}그것으로 당신이 성화의 기운을 활용할 수 있는지 판별해보겠습니다.				크리비 서브 마스터
QUEST_UNUSED_20151022_001093	Vainquez les monstres et emplissez le joyau de leurs énergies. Et quand vous allumerez la torche{nl}avec le joyau, l'épreuve sera terminée.	몬스터를 처치하여 보석의 기운을 채우세요.{nl}그리고 충만해진 보석으로 제 옆 성화대에 불을 붙이시면 시험은 끝납니다.				크리비 서브 마스터
QUEST_UNUSED_20151022_001094	Je pense que vous saurez utiliser efficacement l'énergie de la torche. Bienvenue sur la voie du{nl}Krivi.	당신이라면 성화의 기운을 효과적으로 사용할 수 있을 것 같군요.{nl}크리비의 길에 들어서신 것을 환영합니다.				크리비 서브 마스터
QUEST_UNUSED_20151022_001095	Vous voulez emprunter la voie du Prêtre. Je l'ai reconnu tout de suite. Votre compétence suffit à{nl}devenir Prêtre. C'est juste que... pour prier que votre voyage se passe bien, il nous faut quelques{nl}préparatifs.	프리스트의 길을 걷고자 하시는군요.{nl}한 눈에 알 수 있었습니다. 그대는 프리스트로서의 재능이 충분합니다.{nl}단지... 그대가 갈 여정이 무사하길 빌기 위해서 약간의 준비가 필요하답니다.				프리스트 서브 마스터
QUEST_UNUSED_20151022_001096	Recevez cette eau divine, je vous prie. Et il ne vous reste plus qu'à recevoir la bénédiction des{nl}autres prêtres ici, à Orsha. Demandez la bénédiction aux sous-maîtres Clerik, Krivi et Bokor.	이 성수를 받으세요.{nl}그리고 이 곳 오르샤에 계시는 다른 성직자 분들께 축복을 받아오시면 됩니다.{nl}각각 클레릭, 크리비, 보코르 서브 마스터들께 부탁드리세요.				프리스트 서브 마스터
QUEST_UNUSED_20151022_001097	Demander la bénédiction aux sous-maîtres Clerc, Krivi et Bokor.	클레릭, 크리비, 보코르 서브 마스터들을 찾아 축복을 간청드려보세요.				프리스트 서브 마스터
QUEST_UNUSED_20151022_001098	Bien. La bénédiction des quatre prêtres, moi compris, aidera votre voyage. Désormais, je veux{nl}que vous vous concentriez sur les rôles et les responsabilités du Prêtre.	좋습니다. 저를 포함해 네 성직자의 축복이라면 그대의 앞길도 문제없을 겁니다.{nl}앞으로 프리스트의 역할과 책임에 성실히 임해 주시기를 바라겠습니다.				프리스트 서브 마스터
QUEST_UNUSED_20151022_001099	Vous voulez accéder à un niveau supérieur ? Ce sera une voie difficile. Y allez-vous quand{nl}même ? Pour chercher la force ?	보다 상급단계에 발을 내딛고 싶다고?{nl}험난한 길이 될걸세. 그럼에도 불구하고 가겠는가? 강함을 찾아서?				소드맨 서브 마스터
QUEST_UNUSED_20151022_001100	Bien. S'il en est ainsi, je devrai vérifier si vous êtes prêt. Vainquez les Yognomes en 63_3 de la{nl}Forêt de fougères.	좋아. 그렇다면 그럴만한 준비가 되었는지 봐야겠군.{nl}고사리 숲 63_3에서 요노움이란 몬스터를 쓸어버리게.				소드맨 서브 마스터
QUEST_UNUSED_20151022_001101	Si vous pouviez en vaincre 30, je reconnaîtrais votre force.	30마리정도면 자네의 강함을 인정해 주지.				소드맨 서브 마스터
QUEST_UNUSED_20151022_001102	Vous ne vous contentez pas de faire de grands discours, vous possédez véritablement des Skills.{nl}Au nom du maître, je vais vous enseigner tout ce qui touche à l'Épéiste.	말뿐이 아니라 실력까지 갖춘 능력자였군.{nl}마스터를 대신해 자네에게 소드맨의 모든 것을 전수해 주겠네.				소드맨 서브 마스터
QUEST_UNUSED_20151022_001103	Vous êtes-vous habitué aux épées à deux mains ? Maintenant, je vais vous apprendre à bien les{nl}utiliser.	양손검은 손에 좀 익으셨나요?{nl}이제 양손검을 제대로 사용하는 법을 가르쳐 드릴게요.				하이랜더 서브 마스터
QUEST_UNUSED_20151022_001104	Mais je veux vérifier à quel point vous avez progressé en tant que Highlander. Les Yognomes en{nl}63_3 de la Forêt de fougères vous conviendront bien. Je vous enseignerai les Skills après cela.	그 전에 하이랜더로서 얼마나 성장하셨는지 확인해 보고 싶네요.{nl}지금 실력에는 고사리 숲 63_3에서 요노움이 적당하겠군요. 기술 전수는 그 이후입니다.				하이랜더 서브 마스터
QUEST_UNUSED_20151022_001105	Vaincre 30 Yognomes en 63_3 de la Forêt de fougères.	고사리 숲 63_3에 있는 요노움 30마리가 목표입니다.				하이랜더 서브 마스터
QUEST_UNUSED_20151022_001106	Beau travail. Comme je vous l'ai promis, je vous enseignerai des Skills de haut niveau utilisables{nl}avec les épées à deux mains.	훌륭하시군요. 약속대로 양손검으로 할 수 있는 보다 상위의 기술을 가르쳐 드리죠.				하이랜더 서브 마스터
QUEST_UNUSED_20151022_001107	Vous êtes-vous familiarisé avec l'usage des boucliers au combat ? Bien, je vais maintenant vous{nl}enseigner les Skills du Peltaste.	방패를 전투에 활용하는 법은 이제 숙달 되셨나요?{nl}그럼 본격적으로 펠타스타의 기술을 가르쳐 드리지요.				펠타스타 서브 마스터
QUEST_UNUSED_20151022_001108	Et bien sûr, nous devrions d'abord découvrir si vous seriez capable de manier les Skills de haut{nl}niveau. Vainquez les monstres en 63_3 de la Forêt de fougères et récoltez les cristaux sur les{nl}monstres. Vous pouvez en obtenir deux sur les démons, alors attaquez-vous aux démons sans{nl}hésiter.	물론 그 전에 상급 기술을 소화하실 수 있는지 확인하는 것이 먼저겠지요.{nl}고사리 숲 63_3에서 몬스터들을 해치우고 몬스터의 결정을 모아 주세요.{nl}마족에게선 두 개를 얻을 수 있으니 보다 적극적으로 마족녀석들을 노려주시기 바랍니다.				펠타스타 서브 마스터
QUEST_UNUSED_20151022_001109	Mais il y a des restrictions. Premièrement, je n'accepte que les cristaux obtenus alors que vous{nl}étiez équipé d'un bouclier. Deuxièmement, si vous devenez incapable de combattre, les cristaux{nl}récoltés jusque-là seront tous annulés.	단, 제약사항이 있습니다.{nl}첫째, 어디까지나 방패를 착용한 상태에서 얻은 결정만 인정해 드립니다.{nl}둘째, 전투 불능 상태가 되시면 모으신 결정은 모두 무효처리하겠습니다.				펠타스타 서브 마스터
QUEST_UNUSED_20151022_001110	Vainquez les monstres et récoltez les cristaux tout en étant équipé d'un bouclier. Il s'agit de{nl}vérifier vos capacités de survie. Pour votre information, il sera efficace de vaincre les démons.	방패를 착용한 상태에서 몬스터를 처치하시고 결정을 모으세요.{nl}이는 당신의 생존능력을 확인하기 위함입니다.{nl}참고로 마족을 잡는 쪽이 효율이 좋을 겁니다.				펠타스타 서브 마스터
QUEST_UNUSED_20151022_001111	Vous semblez assez compétent en tant que Peltaste. Félicitations. Comme je vous l'ai promis, je{nl}vais vous enseigner des Skills d'un niveau supérieur.	그 정도라면 적어도 펠타스타의 이름을 대도 부끄럽지 않은 실력은 되시는 듯 하군요.{nl}축하드립니다. 약속대로 한 단계 위의 기술들을 가르쳐 드리지요.				펠타스타 서브 마스터
QUEST_UNUSED_20151022_001112	Il est facile de vous apprendre à manier une lance, mais votre esprit est important. Il existe un{nl}lieu pour éprouver les candidats comme vous. La mission est simple. Elle est juste agaçante.	창을 가르쳐 드리는 거야 쉽습니다만, 제겐 당신의 마음가짐이 중요합니다.{nl}마침 당신같은 지원자들을 시험하기 위한 적당한 장소가 있습니다.{nl}과제는 간단합니다. 조금 귀찮을 뿐이지요.				하플라이트 마스터
QUEST_UNUSED_20151022_001113	Revenez après avoir vaincu 30 Yognomes à la Forêt de fougères 63_3. Si vous le faites, je{nl}reconnaîtrai vos talents. À mon sentiment, vous réussiriez l'épreuve aisément.	고사리 숲 63_3에서 요노움 30마리를 처치하고 오세요.{nl}그렇다면 그 손에 창을 쥘 자격이 있음을 인정해 드리지요.{nl}제 느낌 상 당신이라면 무난하게 통과할 수 있을 겁니다.				하플라이트 마스터
QUEST_UNUSED_20151022_001114	Si vous avez des difficultés avec les Yognomes, il ne serait pas mauvais de chercher un autre{nl}moyen.	요노움정도에 애를 먹으신다면 다른 길을 찾아 보시는 것도 나쁘지 않을 겁니다.				하플라이트 마스터
QUEST_UNUSED_20151022_001115	Vous voulez devenir Barbare ? Pouvez-vous endurer l'entraînement ? Bien. Je vous éprouverai{nl}pour voir si vous savez au moins imiter quelques combats. Si c'était notre ville natale, ils{nl}auraient réussi l'épreuve. Voulez-vous la passer ?	바바리안이 되고 싶다고? 약해빠진 이곳 사람이 과연 적응할 수 있을까?{nl}좋아. 적어도 싸움 비슷한 흉내라도 가능한지 간단한 시험을 해보겠다.{nl}우리 고향이라면 애들도 통과하겠지만 말이지. 받아보겠나?				바바리안 서브 마스터
QUEST_UNUSED_20151022_001116	La qualité la plus importante de l'Épéiste est la combativité. Vous devez attaquer quiconque{nl}montre de l'hostilité envers ceux que vous devez protéger. Considérez les Yognome en 63_3 de la{nl}Forêt de fougères comme vos barrières et détruisez-les tous.	전사에게 있어서 가장 중요한 덕목은 호전성이다.{nl}너 스스로나 네가 지켜야 할 것에 적의를 보이는 녀석들은 일단 공격하고 보는 것이다.{nl}고사리 숲 63_3의 요노움들이 네 사명의 방해물이다 생각하고 쓸어버리고 와봐라.				바바리안 서브 마스터
QUEST_UNUSED_20151022_001117	Je vous croyais nerveux puisque vous m'aviez dit vouloir devenir Barbare... Allez-vous{nl}abandonner ?	바바리안이 되겠다길래 조금 강단있는 녀석인가 싶었는데... 포기할 셈이냐?				바바리안 서브 마스터
QUEST_UNUSED_20151022_001118	Il y a des gens utiles ici même en ce lieu. Bien. Au nom de Walter à Klaipeda, je vais vous{nl}enseigner les Skills du Barbare.	이 곳에도 그럭저럭 쓸만한 인재는 있었군.{nl}좋아. 클라페다에 계신 월터 형님을 대신해 내가 바바리안의 기술을 전수해주마.				바바리안 서브 마스터
QUEST_UNUSED_20151022_001119	Avez-vous entendu les histoires ? Certains des réfugiés qui venaient à Orsha sont blessés et sont{nl}tombés près de l'Étang de Lemprasa. Nous devons les sauver !	소식 들으셨나요?{nl}오르샤로 오던 피난민 중 일부가 상처를 입고 렘파라사 연못에 쓰러져 있는 것 같아요.{nl}어서 그들을 구해야 해요!				클레릭 서브 마스터
QUEST_UNUSED_20151022_001120	J'ai conféré la bénédiction à cet onguent particulier. Utilisez cet onguent pour soigner les réfugiés{nl}étendus près d'Étang de Lemprasa. Après avoir soigné tous les réfugiés, je vous reconnaîtrai{nl}comme un véritable clerc.	이것은 오르샤 특제 연고에 제가 축복을 걸어놓은 것이에요.{nl}이 연고를 사용해서 렘파라사 연못에 쓰러져 있는 피난민들을 치료해 주세요.{nl}선행을 마치시면 당신을 진정한 클레릭으로 인정해 드리겠어요.				클레릭 서브 마스터
QUEST_UNUSED_20151022_001121	Si ce n'était l'ordre du maître, j'y serais allé. Je n'ai personne d'autre que vous à qui me fier.	마스터의 엄명만 아니었어도 제가 갔을텐데요.{nl}지금은 당신밖에 믿을 사람이 없네요.				클레릭 서브 마스터
QUEST_UNUSED_20151022_001122	C'est une chance qu'aucun gros problème ne leur soit arrivé. Tout cela grâce au dévouement{nl}dont vous avez fait preuve envers nous. Vous semblez assez compétent pour progresser vers le{nl}dernier stade du Clerc.	그 분들께 더 큰 문제가 생기지 않아서 불행 중 다행이에요.{nl}당신께서 보여주신 헌신 덕분입니다.{nl}당신이라면 클레릭의 마지막 단계로 나아가기에 손색이 없어 보이네요.				클레릭 서브 마스터
QUEST_UNUSED_20151022_001123	Je crois que le moment est venu de dire votre foi religieuse aux déesses et de recevoir les{nl}bénédictions. Priez les déesses près d'Orsha et consacrez ces offrandes.	당신의 신심을 여신께 고하고 그 은총을 내려받을 단계가 온 것 같군요.{nl}오르샤 주변의 여신상을 참배하고 이 봉헌품을 공양하세요.				크리비 서브 마스터
QUEST_UNUSED_20151022_001124	Rendez-vous aux statues des déesses à l'Étang de Lemprasa, aux Ponts reliés et au Quai de{nl}Paupys. Revenez après avoir consacré les offrandes à toutes les statues.	렘파라사 연못과 덧댄다리 숲, 그리고 파우피스 나루에 있는 여신상을 찾아가세요.{nl}세 지역의 네 여신상 모두에 공양을 마친 다음 돌아오시기 바랍니다.				크리비 서브 마스터
QUEST_UNUSED_20151022_001125	Il n'y a pas d'étapes officielles pour les offrandes. Ce sont des choses que l'on fait quand on veut{nl}se repentir de ses fautes passées.	그저 봉헌품을 올리는 형식적인 단계가 아닙니다.{nl}진심을 담아 과거 과오가 있다면 여신 앞에서 뉘우치시기 바랍니다.				크리비 서브 마스터
QUEST_UNUSED_20151022_001126	Bien joué. N'y a-t-il pas de parties brisées sur les statues des déesses ? Vous avez maintenant{nl}atteint un stade supérieur.	수고하셨습니다. 여신상에 어디 부서진 곳은 없어 보이던가요?{nl}이제 당신은 한 단계 높은 경지에 다다르게 되었습니다.				크리비 서브 마스터
QUEST_UNUSED_20151022_001127	Je m'occupe des réfugiés d'Orsha avec d'autres prêtres. Mais les herbes qui devraient servir à{nl}l'onguent sont épuisées. Le moment est venu d'éprouver votre progression, je vais donc vous{nl}confier une petite mission.	저는 다른 성직자분들과 함께 오르샤의 난민들을 계속 돌보고 있습니다.{nl}그런데 고약에 쓸 약재가 떨어졌군요.{nl}마침 그대의 승급을 시험해 볼 시기도 되었으니 작은 숙제를 드리겠습니다.				프리스트 서브 마스터
QUEST_UNUSED_20151022_001128	Je cherche trois sortes d'herbes. Obtenez les herbes en 63_1, 63_2 et 63_3 de la Forêt de fougères.	제가 구하는 약재는 총 세 종류입니다.{nl}고사리숲 63_1과 63_2, 그리고 63_3에서 각각 약초를 구해오세요.				프리스트 서브 마스터
QUEST_UNUSED_20151022_001129	Vous verrez la première herbe en creusant dans le tas de feuilles d'arbre près de la sortie qui{nl}mène au territoire suivant. La deuxième herbe pousse dans la région située en contrebas. La{nl}troisième herbe a une fleur jaune, vous la trouverez donc facilement.	첫번째 약초는 다음 지역으로 가는 출구 근처 나뭇잎더미를 헤치면 발견하실 수 있습니다.{nl}두번째 약초는 가장 아래쪽 지역에서 길쭉하게 자라고 있습니다.{nl}세번째 약초는 노란 꽃을 피우고 있으므로 가장 찾기 쉬우실 겁니다.				프리스트 서브 마스터
QUEST_UNUSED_20151022_001130	Les effets des trois herbes ne diffèrent pas tellement les uns des autres. Comme je vous l'ai dit,{nl}n'oubliez pas que cela éprouve aussi votre progression.	엄밀히 말해 세 약초의 효능은 크게 다르지 않습니다.{nl}말씀드렸듯이 이건 그대의 승급시험을 겸하고 있다는 것을 잊지 마세요.				프리스트 서브 마스터
QUEST_UNUSED_20151022_001131	Voyons voir... C'est assurément le cas. Quand vos bonnes actions s'accumulent ainsi, vous{nl}sentirez votre foi religieuse s'approfondir. Vous avez réussi l'épreuve. Désormais, vous{nl}apprendrez des Skills de Prêtre de niveau supérieur.	어디 보자... 음. 틀림 없군요.{nl}이런 선행이 쌓여가면 그대의 신심이 깊어지는 것을 느끼게 될 겁니다.{nl}시험은 통과입니다. 앞으로는 보다 높은 단계의 프리스트 기술을 배우시게 될 겁니다.				프리스트 서브 마스터
QUEST_UNUSED_20151022_001132	Êtes-vous celui qui veut devenir Bokor ? Bienvenue. Pour devenir Bokor, il y a une épreuve que{nl}vous devez réussir. En avez-vous entendu parler ?{nl}	혹시 보코르가 되기를 희망하시는 분인가요?{nl}환영합니다. 보코르가 되기 위해서는 반드시 통과해야 하는 시험이 있지요.{nl}혹시 들어보셨나요?{nl}				보코르 서브 마스터
QUEST_UNUSED_20151022_001133	Oui ! Vous auriez dû fabriquer des Bokor dolls pour pouvoir vous dire Bokor. Fabriquez la{nl}poupée avec ce manuel.	네! 보코르 인형을 만들어봐야 보코르라고 할 수 있죠.{nl}자, 이 제작서를 가지고 직접 인형을 만들어보세요.				보코르 서브 마스터
QUEST_UNUSED_20151022_001134	Il y a longtemps, le Maître aussi est devenu un Bokor après avoir fabriqué des Poupées de{nl}chaman. C'est le rituel qui porte l'histoire et la tradition.	저는 물론이거니와 마스터 역시 옛날에는 주술인형을 만들고 입문하셨다고 하더라고요.{nl}나름 역사와 전통이 있는 의식이랍니다.				보코르 서브 마스터
QUEST_UNUSED_20151022_001135	Cette Poupée de chaman est de la plus haute qualité parmi toutes les poupées que j'ai vues !{nl}Vous semblez posséder les attributs du Bokor. Désormais, vous êtes le Bokor. Bienvenue !	이 정도면 제가 본 주술인형 중에서도 상급품에 속하네요!{nl}보코르의 소질이 있으신 것 같아요.{nl}이로써 당신도 보코르랍니다. 환영합니다!				보코르 서브 마스터
QUEST_UNUSED_20151022_001136	Vous voulez devenir Dievdirbys ? Bien sûr, je vous accueille. La voie du Dievdirbys est ouverte à{nl}tous. Simplement... Si vous pouviez écouter l'une de mes petites requêtes.	딥디르비가 되시길 희망한다고요? 물론 환영합니다.{nl}딥디르비의 길은 누구에게나 열려 있는 걸요.{nl}단지... 제 사소한 부탁 하나만 들어주신다면 말이죠.				딥디르비 서브 마스터
QUEST_UNUSED_20151022_001137	Le bout du ciseau à graver est usé. Je suppose que nous devrions demander au forgeron d'Orsha.{nl}Dites-lui que c'est ma demande et obtenez le nouveau ciseau à graver.	제 조각용 끌이 다 닳아버렸지 뭐에요.{nl}일단 아쉬운대로 근처 오르샤에서 대장장이언니에게 부탁을 해야할 것 같아요.{nl}그 분께 제 부탁이라고 말씀하시고 새로운 조각용 끌을 받아 가져다 주세요.				딥디르비 서브 마스터
QUEST_UNUSED_20151022_001138	Je suis désolé. Je compte sur vous jusqu'à Orsha. J'ai des affaires à régler ici.	죄송합니다. 오르샤까지 수고 좀 부탁 드릴게요.{nl}전 저대로 이 곳에서 할 일이 있어서요.				대장장이
QUEST_UNUSED_20151022_001139	Que se passe-t-il ? Ah.. je me souviens de cette fille Dievdirbys. Mais que faire. Le ciseau et les{nl}matériaux sont tous épuisés.	무슨일이시죠? 아... 그 당찬 딥디르비 소녀라면 기억하고 있습니다.{nl}하지만 이걸 어쩐다죠. 마침 만들어놓은 끌도, 새로 만들 재료도 모두 떨어진 상황이네요.				딥디르비 서브 마스터
QUEST_UNUSED_20151022_001140	J'espère que vous pourrez obtenir les matériaux.	아쉬운대로 그쪽이 재료를 좀 구해주시면 좋겠네요.				딥디르비 서브 마스터
QUEST_UNUSED_20151022_001141	Il vous arrivera de découvrir les blocs où s'accumulent les métaux des Yognomes en 63_3 de la{nl}Forêt de fougères. Si vous pouviez me les apporter, je vous fabriquerai un ciseau à graver bien{nl}utile.	고사리숲 63_3의 요노움들에게서 금속이 축적된 덩어리를 발견하실 때가 있을 겁니다.{nl}그걸 모아 가져다 주시면 쓸만한 조각용 끌을 만들어 보죠.				딥디르비 서브 마스터
QUEST_UNUSED_20151022_001142	Les métaux qui s'accumulent dans les corps des monstres s'agglomèrent en 63_3 de la Forêt de{nl}fougères. Vainquez les Yognomes et récoltez les blocs de métal.	고사리숲 63_3은 근처 광산이 있는 탓인지 몬스터 체내에 축적된 금속이 뭉치기도 하죠.{nl}요노움을 잡고 금속 덩어리를 모아오세요.				딥디르비 서브 마스터
QUEST_UNUSED_20151022_001143	Oui. Cela suffira. La fabrication n'est pas si difficile, alors patientez un peu et je vous le ferai.	네. 이정도면 충분히 쓸만하군요.{nl}제작이 어려운 것은 아니니 잠시만 기다리시면 만들어드리지요.				대장장이
QUEST_UNUSED_20151022_001144	C'est presque terminé.	거의 다 되어 갑니다.				대장장이
QUEST_UNUSED_20151022_001145	C'est un objet convenable, vous pourrez donc tenir un certain temps. Donnez-le-lui.	자, 꽤 괜찮은 물건이니 한 동안은 버틸 수 있을 겁니다.{nl}이걸 건네 주세요.				대장장이
QUEST_UNUSED_20151022_001146	Lui demander de passer à Orsha de temps en temps.	가끔은 오르샤에도 들르라고 전해 주세요.				대장장이
QUEST_UNUSED_20151022_001147	Zut... Je savais que cela prenait plus de temps que prévu, mais j'ignorais que vous aviez fourni de{nl}tels efforts. Merci. Bien entendu, vous êtes désormais un Dievdirbys.	어머... 생각보다 오래 걸리신다 싶었더니 그런 수고를 하셨군요.{nl}감사합니다. 물론 지금부터 당신도 딥디르비랍니다.				딥디르비 서브 마스터
QUEST_UNUSED_20151022_001148	Vous vous êtes beaucoup amélioré ! N'importe qui reconnaîtrait vos talents. C'est juste que..{nl}vous restez un peu en deçà des exigences de mon père. Je vais vous aider à atteindre un stade{nl}supérieur.	정말 실력이 많이 느셨군요! 누구에게 보여주더라도 손색이 없을 실력입니다.{nl}단지 저희 아버지의 기준으로는 아직도 부족하지 않을까 싶네요.{nl}한 단계 더 높은 경지에 다다를 수 있도록 제가 도와드리죠.				하이랜더 서브 마스터
QUEST_UNUSED_20151022_001149	Bien. Voyons encore une fois si vous êtes assez compétent pour apprendre des Skills de niveau{nl}supérieur. Je vais voir comment vous maniez bien les Skills existants. Peu importe le monstre,{nl}vainquez n'importe quel monstre en utilisant les Skills du Highlander.	좋습니다. 상급 기술을 배울 수 있는 실력이 되는지 한번 더 검증해보죠.{nl}기존의 기술을 얼마나 잘 다룰 수 있는지를 보겠습니다.{nl}아무 몬스터라도 좋으니 하이랜더의 기술을 써서 몬스터를 처치해보세요.				하이랜더 서브 마스터
QUEST_UNUSED_20151022_001150	Vaincre des monstres avec les Skills du Highlander. Je trouve cela facile pour une dernière{nl}mission.	하이랜더의 기술로 몬스터를 처치. 마지막 과제치고는 쉬운 편이라 생각되는데요?				하이랜더 서브 마스터
QUEST_UNUSED_20151022_001151	Je vous ai vu employer très bien les Skills que vous avez apprises auparavant. Vous n'aurez{nl}aucun mal à apprendre des Skills de niveau supérieur. Je crois pouvoir dire fièrement à{nl}quiconque que c'est moi qui vous ai enseigné ces Skills.	기존에 익혔던 기술들을 능숙하게 사용하시는 걸 보았습니다.{nl}상급 기술도 무리없이 배울 수 있겠군요.{nl}당신에게 기술을 전수한 것이 바로 저라고 누구에게든 자랑할 수 있을 것 같습니다.				하이랜더 서브 마스터
QUEST_UNUSED_20151022_001152	Vous vaincriez facilement toutes sortes de démons. Mais pour vaincre les vrais démons{nl}redoutables, il vous faudra travailler dur. Je vais vous ouvrir la véritable voie du Peltaste.	그 정도면 왠만한 마족들은 손쉽게 해치울 수 있겠네요.{nl}하지만 진짜 나쁜 녀석들을 없애기 위해서는 좀 더 정진하실 필요가 있습니다.{nl}제가 당신께 진정한 펠타스타의 길을 열어드리죠.				펠타스타 서브 마스터
QUEST_UNUSED_20151022_001153	Mais vous devriez au moins satisfaire l'exigence minimale. Revenez après avoir vaincu des{nl}Chapparition aux Sources de Karolis.	하지만 최소한의 조건은 통과하셔야 합니다.{nl}카롤리스 샘터에서 채퍼리션을 해치우고 오세요.				펠타스타 서브 마스터
QUEST_UNUSED_20151022_001154	Les Chapparitions ne sont pas difficiles si l'on songe au courage dont vous avez fait preuve{nl}jusqu'ici. Ne vous inquiétez pas trop.	여태까지 보여주신 용맹을 생각하면 채퍼리션 정도는 손쉬운 상대일 것입니다.{nl}너무 걱정 마세요.				펠타스타 서브 마스터
QUEST_UNUSED_20151022_001155	Très bien ! Je peux maintenant vous reconnaître comme un camarade soldat. Je devrai faire un{nl}rapport au maître en personne. Je vais vous montrer le véritable pouvoir des Peltastes de ma{nl}propre autorité.	훌륭합니다! 그 정도 실력이라면 제가 전우로 인정해드릴만하군요.{nl}마스터께는 따로 보고를 드려야겠군요.{nl}우선 저의 권한으로 당신께 펠타스타의 진정한 힘을 알려드리겠습니다.				펠타스타 서브 마스터
QUEST_UNUSED_20151022_001156	Votre progression est vraiment surprenante. Je sens quelque chose de différent en vous. Je suis{nl}sûr que vous deviendrez plus fort. Êtes-vous prêt à passer au niveau suivant ?	당신의 성장은 놀라울 정도로군요. 여타의 수련생들과는 무언가 다른 것이 느껴집니다.{nl}당신이라면 좀 더 강해질 수 있을 겁니다. 다음단계로 나아갈 준비는 되셨습니까?				하플라이트 마스터
QUEST_UNUSED_20151022_001157	Il y a un monstre que j'ai affronté il y a bien longtemps. Il s'est enfui et je craignais qu'il ne blesse{nl}d'autres gens.	제가 과거 상대하던 몬스터가 하나 있습니다.{nl}도중에 녀석은 도망쳐버렸고 저는 사람들이 피해를 입지 않을지 전전긍긍했지요.				하플라이트 마스터
QUEST_UNUSED_20151022_001158	Une rumeur dit qu'il est réapparu. Tuez-le à ma place, je vous prie. Et comme preuve,{nl}apportez-moi le ciseau qui se trouve sur le corps du monstre.	최근 그 녀석이 다시 나타났다는 소문이 있습니다.{nl}제 대신 녀석의 숨통을 끊어 주시기 바랍니다.{nl}그리고 그 증표로 아직도 녀석의 몸에 박혀있을 제 창 끝을 가져다 주십시오.				하플라이트 마스터
QUEST_UNUSED_20151022_001159	Vainquez Sparnasman en 64_2 du Monastère de Fougère et rapportez-moi la pointe de ma{nl}lance.	고사리 수도원64_2에서 스파나스맨을 처치하시고 제 창 끝을 가져다 주세요.				하플라이트 마스터
QUEST_UNUSED_20151022_001160	C'est assurément la pointe de ma lance qui était dans le corps du monstre. Je peux dire avec{nl}fierté que notre compétent Hopelite l'a vaincu.	확실히 그것은 제가 과거 녀석의 몸에 박아넣었던 창의 끝부분이 맞군요.{nl}녀석은 우리의 유능한 하플라이트가 쓰러뜨렸노라고 여기저기 자랑할 수 있겠습니다.				하플라이트 마스터
QUEST_UNUSED_20151022_001161	Hmm... Vous êtes devenu très fort. Je ne savais pas que vous aviez suivi un entraînement aussi{nl}rude. Vous pourrez apprendre les Skills du stade suivant.	흠... 제법 강해졌구만?{nl}그 정도까지 수련을 해내다니, 다음 단계의 기술도 배울만 하겠어.				바바리안 서브 마스터
QUEST_UNUSED_20151022_001162	Bien entendu, je ne peux pas vous enseigner gratuitement. Prouvez la force que vous avez ! Sans{nl}aucun effet d'amélioration sur votre corps, revenez après avoir vaincu les monstres de Collines{nl}de Feretory.	물론 그저 가르쳐 줄 수는 없지. 자네가 가진 힘을 증명해보게!{nl}신체에 아무런 강화효과를 받지 않는 상태에서 페레토리 구릉의 몬스터들을 처치하고 오게.				바바리안 서브 마스터
QUEST_UNUSED_20151022_001163	Prouvez la force de l'épée.	순수하게 그 검의 위력만을 증명해 보게.				바바리안 서브 마스터
QUEST_UNUSED_20151022_001164	Vous êtes bien plus utile que je ne l'attendais. Mon frère serait heureux d'apprendre qu'un{nl}gaillard aussi compétent que vous est devenu Barbare.	자네 생각 이상으로 쓸만한 것 같군.{nl}이런 인재가 바바리안으로 들어온 것을 알면 형님도 기뻐하시겠어.				바바리안 서브 마스터
QUEST_UNUSED_20151022_001165	Vous connaissez bien la structure du bouclier. Vous pouvez venir apprendre auprès de moi{nl}quand vous voulez.	방패의 구조에 대해 제법 아는 친구로군.{nl}내게 배우러 얼마든지 찾아 와도 좋아.				로델레로 마스터
QUEST_UNUSED_20151022_001166	Cataphractaire. Je ne sais pas si cela vous conviendrait bien.	캐터프랙트라. {nl}자네에게 어울릴지는 잘 모르겠는데.				캐터프랙트 마스터
QUEST_UNUSED_20151022_001167	J'aime votre ardeur. Essayez de vaincre les monstres de type Bête à Collines de Feretory.	패기는 마음에 드는군.{nl}그렇다면 페레토리 구릉의 야수몬스터들을 처치해보게.				캐터프랙트 마스터
QUEST_UNUSED_20151022_001168	Depuis Medzio Diena, les monstres qui font le plus de mal sont ceux de type Bête. Vainquez les{nl}monstres de type Bête à Collines de Feretory.	신수의 날 이후 늘어난 몬스터 중에 사람들에게 가장 피해를 주는게 야수형들이야.{nl}페레토리 구릉의 야수 몬스터를 처치하게.				캐터프랙트 마스터
QUEST_UNUSED_20151022_001169	Je pense que vous pourriez atteindre un niveau supérieur de Krivis. Voulez-vous passer{nl}l'épreuve ?	당신의 실력이라면 좀 더 높은 경지의 크리비가 되실 수 있을 것 같군요.{nl}시험을 받아 보시겠습니까?				크리비 서브 마스터
QUEST_UNUSED_20151022_001170	Avec ce joyau, rendez-vous à Collines de Feretory, je vous prie. Faites des entailles aux monstres{nl}et utilisez le pouvoir du joyau pour les purifier. Ce faisant, des cendres resteront. Récoltez-les, je{nl}vous prie.	이 보석을 가지고 페레토리 구릉으로 가세요.{nl}몬스터들에게 상처를 입힌 다음 보석의 힘으로 몬스터를 정화하시기 바랍니다.{nl}그러면 재가 남을텐데 그것을 모아오세요.				크리비 서브 마스터
QUEST_UNUSED_20151022_001171	Ne vous inquiétez pas. C'est la flamme sacrée, elle ne vous fera pas de mal.	안심하세요. 성스러운 불꽃의 기운이니 당신에게는 해가 없을 겁니다.				크리비 서브 마스터
QUEST_UNUSED_20151022_001172	Votre compétence a été prouvée en conséquence. Félicitations pour votre entrée au dernier{nl}stade du Krivis. Je veux que vous aidiez ceux qui souffrent avec le pouvoir que vous avez.	이것으로 당신의 실력이 입증되었군요.{nl}크리비로서 마지막 단계에 들어서신 것을 축하드립니다.{nl}앞으로도 그 힘으로 힘겨운 이들에게 도움을 주시기 바랍니다.				크리비 서브 마스터
QUEST_UNUSED_20151022_001173	Maintenant, il est temps de partir au loin et de répandre la bénédiction des déesses. Mais nous{nl}ne savons jamais quels dangers nous attendent. Surtout par les temps qui courent.	이제 먼 곳으로 떠나 여신의 은총을 퍼뜨리셔야 할 때가 온 것 같군요.{nl}하지만 여행길에는 어떤 위험이 도사리고 있는지 모르는 법.{nl}지금같은 시기에는 더욱 그렇지요.				프리스트 서브 마스터
QUEST_UNUSED_20151022_001174	Montrez-nous au moins que vous pouvez vous protéger, je vous prie.	그대가 최소한 스스로는 지킬 수 있는지 보여주시기 바랍니다.				프리스트 서브 마스터
QUEST_UNUSED_20151022_001175	Les monstres de Collines de Feretory suffiront. Revenez après les avoir vaincus.	페레토리 구릉의 몬스터 정도면 적당하겠군요.{nl}그들을 소탕하고 돌아오시기 바랍니다.				프리스트 서브 마스터
QUEST_UNUSED_20151022_001176	Nous ne pouvons pas sauver les autres en comptant seulement sur le divin. Il y a des moments{nl}où il faut user de force.	신성에 기대어서만은 사람들을 구제할 수 없는 법이지요.{nl}때로는 무력을 필요로 할 때도 있습니다.				프리스트 서브 마스터
QUEST_UNUSED_20151022_001177	Vous n'aurez aucun mal à voyager loin. En tant que prêtre, gardez l'esprit clair et accomplissez{nl}vos devoirs de tout votre cœur, je vous prie.	그 정도라면 먼 여행을 떠나셔도 무리는 없겠군요.{nl}프리스트로서의 마음가짐을 항상 가슴에 새기고 그대의 사명을 다 하십시오.	QUEST_JOBSTEP_20150317_000495	Bien joué. Au nom de la déesse, juge le mal en ce monde pour qu'il ne puisse prendre pied.	수고하셨습니다. {nl}앞으로도 부정한 것들이 이 땅에 발을 붙이지 못하도록 여신의 이름으로 심판해 주십시오.	프리스트 서브 마스터
QUEST_UNUSED_20151022_001178	Il est temps de passer au niveau suivant de Bokor. Je veux prédire votre avenir en tant que{nl}confrère. Affrontez les monstres violents et apportez-moi les cartes qu'ils lâchent, je vous prie.	보코르의 다음 단계로 나아가실 때가 되었군요.{nl}이제 입문자가 아닌, 같은 길을 걸어나가는 동료로서 당신의 미래를 점쳐보고 싶네요.{nl}흉포한 몬스터를 상대하시고 그들이 떨구는 카드를 가져다 주세요.				보코르 서브 마스터
QUEST_UNUSED_20151022_001179	Le maître m'a dit qu'il est déjà décidé qui apportera quelles cartes. Cependant, avec mes talents,{nl}je ne sais pas quelles cartes vous apporteriez.	마스터께서는 누가 어떤 카드를 가져오게 될지는 모두 정해져 있다고 하시지요.{nl}하지만 제 능력으로는 당신이 어떤 카드를 가져오실지 알 수가 없네요.				보코르 서브 마스터
QUEST_UNUSED_20151022_001180	La lumière, le salut, le vice et le joyau maudit.. ? Voilà tout ce que je peux lire. Ils sont tous{nl}rarement écrits. Le dernier mot surtout est significatif.	빛과 구원, 징악. 저주받은 보석...? 제가 읽어낼 수 있는 단어는 이 정도로군요.{nl}모두 좀처럼 나오지 읽히지 않는 단어들입니다. 특히 마지막 단어가 의미심장하네요.				보코르 서브 마스터
QUEST_UNUSED_20151022_001181	C'est votre devoir de les interpréter. Mais vous semblez être quelqu'un au destin hors du{nl}commun, contrairement aux autres. J'espère que vous pourrez accomplir tous vos devoirs.	해석은 당신의 몫입니다.{nl}하지만 당신은 다른 사람들과는 다른, 커다란 운명을 짊어진 분 같군요.{nl}부디 당신에게 내려진 사명을 다하실 수 있기를 바라겠습니다.				보코르 서브 마스터
QUEST_UNUSED_20151022_001182	Quand je me suis séparé de Tesla, il m'a confié une mission. Je dois sculpter une statue{nl}particulière, mais les matériaux sont difficiles à obtenir. Il m'a dit de le demander à quelqu'un{nl}de fiable et je crois que vous êtes la bonne personne.	테슬라님과 마지막으로 헤어지던 때, 제게 숙제를 내 주신 것이 있지요.{nl}특별한 조각을 깎아내야 하는 과제인데 재료부터가 만만치가 않아요.{nl}믿을만한 사람에게 부탁하라고 말씀하셨는데 마침 당신이 계시네요.				딥디르비 서브 마스터
QUEST_UNUSED_20151022_001183	Vous pourrez rencontrer un monstre appelé Sparnasman en 64_2 de la Forêt de fougères.{nl}Apportez-moi la corne sur votre tête, je vous prie.	고사리 수도원64_2에서 스파나스맨이란 몬스터를 마주치실 수 있을 거에요.{nl}녀석의 머리에 난 그 뿔을 가져다 주세요.				딥디르비 서브 마스터
QUEST_UNUSED_20151022_001184	Il ne m'a pas demandé de le sauver moi-même, mais il veut que je sollicite quelqu'un de fiable...{nl}Je crois qu'il éprouve aussi ma bienveillance.	직접 구하라고 하시지 않고 믿을만한 사람에게 부탁하라고 하시다니...{nl}제 인망도 같이 시험하시려는 게 아닐까요.				딥디르비 서브 마스터
QUEST_UNUSED_20151022_001185	Vous les avez bien apportés. Je vois que ce sont les matériaux que je vous ai demandés. Comme{nl}promis, je vais vous enseigner les Skills de haut niveau du Dievdirbys.	가져 오셨군요. 제가 부탁드린 재료가 틀림 없네요.{nl}약속대로 딥디르비의 상위 기술을 가르쳐 드릴게요.				딥디르비 서브 마스터
QUEST_UNUSED_20151022_001186	Vous voulez emprunter la voie du Sadhu ? Bien. Bien qu'il me soit difficile de faire passer{nl}l'épreuve officielle puisque seul mon esprit est ici... Je vous éprouverai à ma manière.	사두의 길에 입문하시겠습니까?{nl}좋습니다. 비록 저는 유체만이 이곳에 있어 정식 시험을 치루기는 무리입니다만...{nl}나름의 방식으로 당신을 시험해 보겠습니다.				사두 마스터
QUEST_UNUSED_20151022_001187	Je vais vous transmettre mes énergies. Quand vous utiliserez cette énergie à Collines de Feretory,{nl}une part des esprits des monstres s'y mêlera. Vainquez ce monstre et revenez après avoir{nl}absorbé l'esprit.	저의 기운을 당신에게 전달해 드릴 것입니다.{nl}페레토리 구릉에서 그 기운을 사용하시면 몬스터의 영혼 일부가 섞이게 됩니다.{nl}그 몬스터를 처치하시고 영혼을 흡수한 다음 돌아오세요.				사두 마스터
QUEST_UNUSED_20151022_001188	Il semble que les esprits des monstres ne suffisent pas encore. Je ne peux pas encore ouvrir la{nl}voie du Sadhu.	아직 몬스터의 영혼이 충분치 않은 것 같군요.{nl}아직은 사두의 길을 열어드릴 수 없습니다.				사두 마스터
QUEST_UNUSED_20151022_001189	Je sens en vous le grand pouvoir de l'esprit... Je vois à quel point votre Skill est grande.{nl}Félicitations pour votre entrée sur la voie du Sadhu. Je vous enseignerai les Skills du Sadhu bien{nl}que seul mon esprit soit ici.	당신에게 충만한 영혼의 힘이 느껴집니다...{nl}당신의 능력은 잘 알겠습니다. 사두로의 입문을 축하드리겠습니다.{nl}유체로나마 당신에게 사두의 기술을 알려드리지요.				사두 마스터
QUEST_UNUSED_20151022_001190	Vous voulez emprunter la voie du Paladin ? Elle est différente de celle des autres prêtres. Pour{nl}devenir Paladin, vous devez posséder une grande puissance.	팔라딘에 입문하시려는 건가요?{nl}다른 성직과는 다릅니다. 팔라딘이 되려면 그만큼 강한 힘이 뒷받침 되어야합니다.				팔라딘 서브 마스터
QUEST_UNUSED_20151022_001191	Bien. Vous êtes doué. Bon alors, dois-je vous mettre à l'épreuve ? Revenez après avoir vaincu des{nl}monstres à Collines de Feretory.	좋습니다. 자신만만하시군요.{nl}그럼 시험해볼까요? 페레토리 구릉의 몬스터들을 처치하고 오세요.				팔라딘 서브 마스터
QUEST_UNUSED_20151022_001192	Nous, les Paladins, nous tenons en première ligne quand nous combattons les démons. Avec les{nl}talents incertains qui sont les vôtres, vous connaîtriez vite un sort malheureux.	우리 팔라딘은 마족과의 싸움에서 최전선에 서 있는 자들입니다.{nl}어중간한 실력으로는 뜻이 좋더라도 금방 불행한 일을 당하고 말겁니다.				팔라딘 서브 마스터
QUEST_UNUSED_20151022_001193	Vous avez fait bien mieux que je ne l'attendais. Comme promis, je vous nommerai Paladin au{nl}nom du Maître.	기대 이상으로 잘 해 주셨네요.{nl}약속대로 마스터를 대신해서 당신을 팔라딘으로 임명하겠습니다.				팔라딘 서브 마스터
QUEST_UNUSED_20151022_001194	Il est temps de passer la dernière épreuve. Êtes-vous prêt à me montrer les talents que vous avez{nl}accumulés ?	어느덧 마지막 시험을 치룰 때가 온 것 같습니다.{nl}여태까지 쌓은 능력을 보여주실 준비가 되었습니까?				하플라이트 마스터
QUEST_UNUSED_20151022_001195	L'Apsimesti Crossroads était autrefois le dernier lieu d'épreuve des Hoplites. Bien de vos aînés{nl}ont combattu les monstres jusqu'à ce que leur lance s'use. J'éprouverai vos aptitudes en vous{nl}voyant récolter ces lances brisées.	압시메스티 교차로는 옛부터 하플라이트의 마지막 시험 무대였습니다.{nl}당신의 많은 선배들이 그곳에서 창이 부러질 때까지 몬스터와 사투를 벌이곤 했습니다.{nl}그들의 부러진 창을 모아 오는 것으로 당신의 마지막 자격을 심사해보죠.				하플라이트 마스터
QUEST_UNUSED_20151022_001196	Cette épreuve ne sert pas seulement à mesurer votre force. Le niveau que vous cherchez à{nl}atteindre ne s'atteint pas si aisément. Vous devez aussi voir comment d'autres ont tenté{nl}d'atteindre ce niveau.	이 시험은 단순히 당신의 강함만을 측정하기 위함은 아닙니다.{nl}당신이 도달하려는 경지는 쉽게 다다를 수 없는 단계입니다.{nl}다른 이들이 그것을 위해 어떤 노력을 했는지 확인하라는 의미도 포함하고 있습니다.				하플라이트 마스터
QUEST_UNUSED_20151022_001197	Beau travail. À l'avenir, un nouvel Hoplite suivra vos traces. Vous êtes déjà au niveau de maître,{nl}mais s'il vous manque quoi que ce soit, venez me voir.	수고하셨습니다. 훗날 새로운 하플라이트는 당신의 흔적을 좇겠지요.{nl}당신은 이미 대가의 경지이지만 혹시나 부족한 것이 있으면 저를 찾아 주시길.				하플라이트 마스터
QUEST_UNUSED_20151022_001198	Je peux maintenant vous appeler Rodelero. Cependant, pour devenir plus fort, vous devez{nl}parfois connaître votre force aussi.	그 정도면 어엿한 로델레로라 할 수 있겠어.{nl}그러나 진정 강해지기 위해서는 때로는 자신의 강점을 포기할 줄도 알아야지.				로델레로 마스터
QUEST_UNUSED_20151022_001199	Je crois que vous êtes prêt. Si c'est le cas, vainquez les monstres aux Carrefours d'Apsimesti sans{nl}utiliser de bouclier. En fait, affrontez les monstres sans équiper les monstres.	준비는 된 것 같군.{nl}그렇다면 방패를 사용하지 않고 압시메스티 교차로의 몬스터를 해치우고 와.{nl}아니, 애초에 착용하지 않은 상태에서 몬스터를 해치우고 오는 게 좋겠군.				로델레로 마스터
QUEST_UNUSED_20151022_001200	Les boucliers sont les camarades les plus fiables du Rodelero. Mais un Épéiste doit être fort par{nl}lui-même.	방패는 로델레로의 가장 듬직한 전우지.{nl}하지만 전사라면 스스로 강해야할 필요가 있다.				로델레로 마스터
QUEST_UNUSED_20151022_001201	J'ai pu vérifier de nouveau votre potentiel. Comme vous le savez, mon enseignement est très{nl}strict, alors préparez-vous bien.	다시 한 번 그 가능성을 확인할 수 있었다.{nl}알다시피 내 가르침은 엄격하니까 단단히 각오해야 할 거야.				로델레로 마스터
QUEST_UNUSED_20151022_001202	Alors, comprenez-vous maintenant ce qu'est le transpercement ? Bien, préparons-nous alors à{nl}passer au niveau suivant.	어때, 이제 찌른다는 게 뭔지 알겠나?{nl}그럼 다음 단계로 나아가기 위한 준비를 해보자.				캐터프랙트 마스터
QUEST_UNUSED_20151022_001203	Supposons que la lance capable de transpercer n'importe quel ennemi soit votre bras. On peut{nl}dire que les jambes sont votre compagnon qui vous donne la mobilité. Vainquez les ennemis{nl}aux Carrefours d'Apsimesti en montant un compagnon.	어떤 적도 꿰뚫을 수 있는 창이 자네의 팔이라고 치지.{nl}그렇다면 다리는 단연 기동력을 제공해주는 자네의 컴패니언이라고 할 수 있을걸세.{nl}컴패니언에 올라탄 채로 압시메스티 교차로의 적들을 토벌하고 오게.				캐터프랙트 마스터
QUEST_UNUSED_20151022_001204	Si vous ne vous habituez pas à combattre les autres monté sur un compagnon, renoncez au{nl}Cataphractaire. Vous n'avez pas le mal des transports, n'est-ce pas ?	컴패니언을 타고 싸우는 전투에 익숙해지지 않는다면 캐터프랙트는 포기하게.{nl}설마 멀미하는 것은 아니겠지?				캐터프랙트 마스터
QUEST_UNUSED_20151022_001205	Vous deviendrez un bon cavalier une fois le royaume reconstruit à l'avenir. Bien sûr, d'ici là,{nl}servez-vous des techniques que je vais vous enseigner et accomplissez vos devoirs de votre{nl}mieux.	자네라면 추후 왕국이 재건된 후에 훌륭한 기병이 될 수 있겠어.{nl}물론 그때까지 내가 가르쳐 주는 기술을 이용해서 자네의 사명을 다하게.				캐터프랙트 마스터
QUEST_UNUSED_20151022_001206	Vous avez réussi toutes les missions précédentes et votre progression est stupéfiante aussi. Vous{nl}n'aurez aucun mal à entrer dans la dernière étape du Bokor !	지난 과제들도 무난히 통과한데다 성장속도도 무시못할 수준이군요.{nl}당신이라면 보코르의 마지막 단계에 들어서도 괜찮을 것 같아요!				보코르 서브 마스터
QUEST_UNUSED_20151022_001207	Non non. Vous ne devriez pas vous satisfaire trop vite. Maintenant, c'est à vous d'utiliser les{nl}Skills que vous avez apprises jusqu'ici. Vainquez les monstres à Carrefour d'Apsimesti.	아니아니, 너무 미리부터 좋아하진 마세요.{nl}이제는 그간 배운 기술을 응용해 보는 시험을 치룰 차례랍니다.{nl}압시메스티 교차로에서 몬스터들을 처치해 보세요.				보코르 서브 마스터
QUEST_UNUSED_20151022_001208	Les techniques que vous avez apprises seront utiles au combat. Ce ne serait pas si dangereux au{nl}Carrefour d'Apsimesti.	배우신 기술들은 전투에 매우 유용하게 쓰이곤 하죠.{nl}압시메스티 교차로라면 크게 위험하진 않을 거에요.				보코르 서브 마스터
QUEST_UNUSED_20151022_001209	Beau travail ! Votre voyage en tant que Bokor commence vraiment.	수고하셨어요!{nl}이제 보코르로서의 진짜 여정이 시작되었군요.				보코르 서브 마스터
QUEST_UNUSED_20151022_001210	J'ai à peine réussi à contacter Tesla ! Je vous ai mentionné dans la lettre et il place assurément de{nl}grands espoirs en vous. Alors, que diriez-vous de tenter le dernier niveau de Dievdirbys ?	간신히 테슬라님과 연락이 닿았어요!{nl}당신에 대해서 편지에 적었더니 기대되는 인재라고 하시더군요.{nl}그런 의미에서 딥디르비의 마지막 단계에 도전해보시는 건 어떨까요?				딥디르비 서브 마스터
QUEST_UNUSED_20151022_001211	En accomplissant la requête qui nous a été envoyée, je considérerai cela comme votre épreuve{nl}d'avancement. La requête est de réparer la statue des déesses, mais il nous faut les matériaux de{nl}l'huile parfumée qui servira à la réparation. Rassemblez les masses d'huile sur les Ashrong de la{nl}région de l'aqueduc, je vous prie.	그럼 저희에게 들어온 청원을 수행하는 것으로 승급시험을 대신하도록 해보죠.{nl}여신상을 보수해 달라는 청원인데 여기에 쓰일 향유의 재료가 필요하답니다.{nl}수로교 지역에서 아슈롱의 기름덩어리를 모아다 주세요.				딥디르비 서브 마스터
QUEST_UNUSED_20151022_001212	Quand vous aurez rassemblé les masses d'huile des Ashrong, je les raffinerai pour en faire de{nl}l'huile parfumée.	아슈롱의 기름덩어리를 모아다 주시면 제가 정제하여 향유로 만들거에요.				딥디르비 서브 마스터
QUEST_UNUSED_20151022_001213	Nous avons achevé la phase de préparation. Si vous patientez un peu, je vous ferai de l'huile{nl}parfumée.	일단 준비단계는 마쳤네요.{nl}잠시만 기다리시면 제가 향유를 만들어드릴게요.				딥디르비 서브 마스터
QUEST_UNUSED_20151022_001214	L'huile parfumée est achevée. Avec cette huile parfumée, réparez la statue de Vakarine à Orsha{nl}et à Fedimian, je vous prie.	향유가 다 만들어졌어요.{nl}이제 이 향유를 가지고 오르샤와 페디미안에 있는 바카리네 여신상을 보수해주세요.				딥디르비 서브 마스터
QUEST_UNUSED_20151022_001215	J'ai entendu dire qu'on peut facilement se rendre à Fedimian en utilisant le pouvoir de la statue{nl}de la Déesse. Nous pourrions gagner du temps.	여신상의 힘을 사용하면 페디미안까지 쉽게 이동할 수 있다고들 하네요.{nl}조금이라도 시간을 줄일 수 있겠네요.				딥디르비 서브 마스터
QUEST_UNUSED_20151022_001216	Je pense que les citoyens des deux cités reprendront espoir rien qu'en regardant les statues{nl}propres.	깨끗한 여신상을 보는 것만으로도 두 도시 시민들에게 희망이 샘솟지 않을까요?				딥디르비 서브 마스터
QUEST_UNUSED_20151022_001217	Vous revenez de loin. Tesla vous complimenterait à coup sûr. Vous allez devenir remarquable{nl}désormais. Je suppose que j'ai un rival maintenant.	먼 길 다녀오느라 고생하셨어요. 테슬라님도 분명 칭찬하실거에요.{nl}당신은 앞으로도 굉장해지실 것 같아요.{nl}이거, 딥디르비로서 라이벌이 생겼는걸요?				딥디르비 서브 마스터
QUEST_UNUSED_20151022_001218	Vous arrivez au bon moment. J'ai entendu dire que le nombre de Triamublo rouge a beaucoup{nl}augmenté aux Carrefours d'Apsimesti et qu'ils menacent les villageois. Si vous voulez vous{nl}avancer comme un vrai Sadhu, partagez vos capacités, je vous prie.	마침 잘 오셨습니다.{nl}압시메스티 교차로의 붉은 트리암불로가 크게 불어나 주민들을 위협하고 있다고 합니다.{nl}당신이 진정한 사두로서 한 걸음 더 내딛고 싶다면 당신의 능력을 베푸십시오.				사두 마스터
QUEST_UNUSED_20151022_001219	Pour l'épreuve suivante, affrontez des monstres plus puissants. Êtes-vous prêt ?	다음 시험은 보다 강한 몬스터들을 상대해보죠.{nl}준비는 되셨습니까?				팔라딘 서브 마스터
QUEST_UNUSED_20151022_001220	Apportez ces reliques à La voie du démon affamé, je vous prie. Quand vous ferez réagir les{nl}reliques à l'autel abandonné là-haut, les monstres apparaîtront. Vous savez ce qui suit même si{nl}je ne dis rien, n'est-ce pas ?	이 오래된 성물을 가지고 큰아귀 길로 가세요.{nl}위쪽 막다른 곳에 버려진 제단에 성물을 반응시키면 몬스터들이 나올 겁니다.{nl}그 다음은 말씀드리지 않아도 아시겠지요?				팔라딘 서브 마스터
QUEST_UNUSED_20151022_001221	L'autel abandonné se trouve au bout de la Voie du démon affamé là-haut.	버려진 제단은 큰아귀 길 위쪽 막다른 지점에 있습니다.				팔라딘 서브 마스터
QUEST_UNUSED_20151022_001222	Bien joué. Vous êtes passé à un niveau supérieur. Vous possédez les Skills que je veux montrer à{nl}mon oncle qui est un maître.	수고하셨어요. 보다 높은 경지로 또 한 발을 내딛으셨군요.{nl}마스터로써 중요 임무 중인 저희 삼촌께도 보여드렸으면 싶은 실력이시네요.				팔라딘 서브 마스터
QUEST_UNUSED_20151022_001223	Vous vous êtes encore amélioré. Mon oncle sera surpris. Vous devriez passer l'épreuve pour{nl}atteindre le dernier stade. Il nous faut un moyen de prouver votre Skill.	그 사이 실력이 또 일취월장하셨군요. 이 정도라면 저희 삼촌도 놀라겠는걸요.{nl}아무래도 마지막 단계로 나아가기 위한 시험을 치르셔야겠어요.{nl}그 실력을 증명할 방법이 필요하겠군요.				팔라딘 서브 마스터
QUEST_UNUSED_20151022_001224	Je connais un adversaire à votre mesure. Des monstres appelés Gaigalas se déchaînent à la Ferme{nl}des métayers.	마침 적당한 상대를 알고 있지요.{nl}테넌츠 농장에서 가이갈라스라는 몬스터가 날뛰는 모양이에요.				팔라딘 서브 마스터
QUEST_UNUSED_20151022_001225	Je vois combien vous êtes remarquable. Mais pour avancer, il nous faut une vérification plus{nl}nette.	보여주신 행적만으로도 그 실력은 짐작이 가네요.{nl}하지만 승급을 위해서는 보다 명확한 확인이 필요해서요.				팔라딘 서브 마스터
QUEST_UNUSED_20151022_001226	En fait, je pensais que cela allait être dangereux, mais j'imagine que j'avais mal jugé vos Skills.{nl}Bien joué. N'importe qui vous reconnaîtrait comme un Paladin de haut niveau.	솔직히 좀 위험하지 않을까 싶었는데 제가 당신의 실력을 오판한 모양이군요.{nl}대단하군요. 당신이라면 누구라도 가장 높은 경지의 팔라딘으로 인정할 겁니다.				팔라딘 서브 마스터
QUEST_UNUSED_20151022_001227	Je cherche à savoir où se trouve la déesse Zemyna. Tout le monde sait que la déesse a disparu.{nl}	전 제미나 여신의 행방을 찾고 있어요.{nl}여신께서 행방불명되셨다는 건 누구나 다 아는 이야기지요.{nl}	QUEST_UNUSED_20151001_000531	Je cherche la déesse Zemyna. Tout le monde sait que la déesse a disparu.{nl}	전 제미나 여신의 행방을 찾고 있어요.{nl}여신께서 행방불명되셨다는건 누구나 아는 이야기지요.{nl}	보코르 유타
QUEST_UNUSED_20151022_001228	Ces reliques appartiennent aux déesses. Vous ne devriez pas insulter les morts en plaisantant au{nl}nom de la déesse.{nl}	역시 그 성물은 여신의 성물이 아니었구나.{nl}여신의 이름을 팔아서 이런 장난을 치다니 고인을 모욕하는 것도 정도껏 해야지.{nl}	QUEST_LV_0100_20151001_008776	Rien d'étonnant. Cet objet n'était pas celui de la déesse. Utiliser le nom de la déesse dans des{nl}ruses pareilles. Ils ont vraiment dépassé les bornes. {nl}	역시 그 성물은 여신의 성물이 아니었구나.{nl}여신의 이름을 팔아서 이런 장난을 치다니 고인을 모욕하는 것도 정도껏이지.{nl}	묘지기 시기스
QUEST_UNUSED_20151022_001229	Quoi ? Qu'avez-vous apporté ici ? Ah... peu importe. Si cela vous convient, pouvez-vous me{nl}donner un coup de main ?{nl}	응?{nl}이렇게 인적 드문 숲에는 어쩐 일로 오신거죠?{nl}아.. 그건 아무래도 좋아요. 괜찮으시면 절 좀 도와주시겠어요?{nl}	QUEST_UNUSED_20151016_000798	Hé, vous. Que faites-vous ici dans cette forêt reculée ? Enfin, peu importe. Qui que vous soyez,{nl}pouvez-vous me donner un coup de main ?	이봐요. 당신.{nl}누구길래 이렇게 인적 드문 숲을 찾아온거죠?{nl}아 됐어요. 누구라도 상관없어. 절 좀 도와주세요.{nl}	드루이드 레야
QUEST_UNUSED_20151022_001230	Vous les avez bien rapportés. Merci. J'aimerais vous rendre la pareille au village.. Nous, les{nl}villageois, n'accueillons pourtant pas vraiment les étrangers..{nl}	제대로 구해오셨네요. 고마워요.{nl}마을로 모셔가서 보답해드리고 싶지만..{nl}우리 마을 사람들은 외지인을 반기는 편이 아니라서요..{nl}	QUEST_LV_0100_20151016_009822	Merci. Mais nos villageois se tiennent d'ordinaire à l'écart des étrangers. Il est rare de les voir{nl}demander une faveur à un étranger. Si vous songez à vous rendre dans ma ville, rebroussez{nl}chemin maintenant.	고마워요. 하지만 우리 마을 사람들은 외지인을 많이 꺼려요.{nl}외지인에게 부탁을 하는 일은 매우 드물죠.{nl}만약 우리 마을에 갈 생각이라면 돌아가시는 편이 좋을 것 같아요.	드루이드 레야
QUEST_UNUSED_20151022_001231	En revenant, avez-vous vu les démons à la hache gigantesque et la fille poursuivie par le démon{nl}? Le démon à la grande hache est le seigneur démon Zaura... Le Révélateur et la fille ne devraient{nl}pas se rencontrer... Ce n'est pas quelque chose de normal...{nl}	돌아오는 길에 거대한 도끼를 든 마족과 그 마족에게 쫓기는 소녀를 보셨다구요?{nl}거대한 도끼를 든 마족이라면 마군주 자우라인데..{nl}계시자와 소녀를 만나게 해서는 안된다니.. 확실히 심상치 않은 일이네요..{nl}	QUEST_LV_0100_20151016_009823	Sur le chemin jusqu'ici, vous avez rencontré une fille et un démon qui la poursuivait ? Ne laissez{nl}jamais un Révélateur rencontrer la fille... Pas très réjouissant.. mais il semble que cela ne vous{nl}regarde pas, n'est-ce pas ?	돌아오는 길에 소녀와 소녀를 쫓는 마족을 만났다고요?{nl}계시자와 소녀를 만나게 해선 안된다라..{nl}심상치 않긴 하지만.. 그 쪽이랑은 상관없는 일인 것 같은데요?	드루이드 레야
QUEST_UNUSED_20151022_001232	Je devrais le dire au village et en informer les villageois. Nous ne pouvons pas laisser des{nl}étrangers courir un danger à cause des affaires de notre village.	이 일은 마을에 알리고 마을 사람들과 알아봐야겠어요.{nl}우리 마을 일로 외지인을 위험에 빠뜨릴 수는 없죠.				드루이드 레야
QUEST_UNUSED_20151022_001233	Quoi ? Êtes-vous le Révélateur ? Si c'est le cas, êtes-vous venu ici après avoir rêvé du désastre ? ..{nl}Si c'est le cas, vous êtes peut-être le Révélateur du folklore qui se transmet dans notre village.{nl}	네? 당신이 계시자라고요?{nl}그렇다면 혹시 재앙의 꿈을 꾸고 이 곳으로 온건가요?{nl}..그렇다면 당신이 우리 마을에 내려오는 전승 속의 계시자일지도 모르겠어요.{nl}	QUEST_LV_0100_20151016_009824	Je vous demande pardon ? Vous êtes le Révélateur ? Cela doit vouloir dire que vous avez fait{nl}vous aussi cet horrible cauchemar. ...Vous êtes peut-être l'étranger dont parle la légende.{nl}	네? 당신이 그 계시자라고요?{nl}그렇다면 당신도 그 흉몽을 꾼 건가요?{nl}..어쩌면 당신이 전승 속의 이방인일지도 모르겠네요.{nl}	드루이드 레야
QUEST_UNUSED_20151022_001234	Dans notre village, la prédiction laissée par la déesse Laima se transmet comme un folklore.{nl}Quand le village était en danger, le Révélateur venu à la poursuite du rêve avec la lumière sacrée{nl}Il s'agissait de vaincre l'énergie maléfique et de sauver le village. Ce n'est pas le moment pour{nl}cela. Nous devrions gagner le village et en apprendre davantage.{nl}	우리 마을에는 먼 옛날 라이마 여신께서 남긴 예지가 전승으로 내려오고 있어요.{nl}마을이 위기에 처했을 때 재앙의 꿈을 쫓아온 계시자가 성스러운 빛과 함께{nl}사악한 기운을 물리치고 마을을 구할거라는 내용이죠.{nl}이럴 때가 아니에요. 얼른 마을에 가서 확실히 알아봐야겠어요.{nl}	QUEST_LV_0100_20151016_009825	Dans notre ville, nous avons cette légende transmise par la Déesse Laima. Quand la ville sera en{nl}danger, ne craignez rien, viendra un étranger porteur de la lumière divine Le mal tombera sous{nl}la puissance de la lumière. Ce n'est pas le moment de rester planté ici. Je dois aller en ville voir{nl}ce qui se passe.{nl}	우리 마을에는 먼 옛날 라이마 여신께서 남긴 전승이 있어요.{nl}마을이 위기에 처했을 때 흉몽을 쫓아온 이방인이 성스러운 빛과 함께{nl}사악한 기운을 물리치고 마을을 구할거라는 전승이죠.{nl}이럴 때가 아니야. 얼른 마을에 가서 확실히 알아봐야겠어요.{nl}	드루이드 레야
QUEST_UNUSED_20151022_001235	Je vais aller au village et en apprendre davantage sur le folklore. Je veux que vous récupériez la{nl}nourriture que les Ferret ont emportée. Bien que nous n'accueillions pas les étrangers, si vous{nl}pouviez récupérer la nourriture volée par les Ferret, les villageois vous aideraient.	제가 먼저 마을로 가서 전승에 대해 좀 더 자세히 알아보고 있을테니{nl}계시자님은 페릿들이 훔쳐간 식량을 되찾아주세요.{nl}아무리 외지인을 꺼리더라도 페릿이 훔쳐간 식량을 되찾아주신다면 마을 사람들도 힘을 보탤 거에요.	QUEST_LV_0100_20151016_009826	Ah.. à propos de la nourriture.. Nous devons bien récupérer la nourriture que les furets ont{nl}volée.. L'eau de la forêt est devenue rouge et les fruits ont grossi de façon inhabituelle depuis{nl}Medzio Diena. L'eau et les fruits sont tous empoisonnés d'une manière ou d'une autre. La{nl}nourriture se fait rare par ici. Ces maudits furets volent notre nourriture.{nl}	아.. 식량.. 페릿들이 훔쳐간 식량을 되찾아야하는데..{nl}신수의 날 이후 이 숲의 강물이 붉게 물들면서 과일들이 거대해졌어요.{nl}그리고 어째서인지 강물도 과일도 독성을 지니게 됐죠.{nl}덕분에 먹을 수 있는 식량이 귀해졌는데 그마저도 페릿들이 훔쳐가기 일쑤에요.{nl}	드루이드 레야
QUEST_UNUSED_20151022_001236	C'est vous ? Êtes-vous le Révélateur dont Leja parlait ? J'ai entendu dire que les prêtres du village{nl}attaqués par les Ferret ont été sauvés par vous grâce au rayon. Vous voilà enfin. Bien. Le{nl}Révélateur qui va sauver le village est venu. Ohoh... Déesse Laima... Merci. Vous ne nous avez pas{nl}abandonnés...{nl}	자넨가? 자네가 레야가 말한 계시자인가?{nl}페릿에게 습격당한 마을 사제도 자네가 빛으로 구해줬다지?{nl}드디어 왔네. 왔어. 마을을 구할 계시자가 온게야.{nl}오오.. 라이마 여신이시여.. 감사합니다. 우릴 버리지 않으셨군요..{nl}	QUEST_LV_0100_20151016_009828	Ah, est-ce vous dont Leja a parlé ? Le clerc de la ville dit que vous avez apporté la lumière dans{nl}ce village. Vous voilà enfin venu. Après toutes ces années. L'étranger venu nous sauver. Ô ! Louée{nl}soit la Déesse Laima... Nos cœurs vous chantent pleinement des prières. Vous ne nous avez pas{nl}abandonnés..{nl}	자넨가? 자네가 레야가 말한 계시자인가?{nl}마을 사제 말로는 자네가 빛을 몰고 마을을 찾아왔다지?{nl}드디어 왔네. 왔어. 마을을 구할 이방인이 온게야.{nl}오오.. 라이마 여신이시여.. 감사합니다. 우릴 버리지 않으셨군요..{nl}	마을 촌장
QUEST_UNUSED_20151022_001237	Qu'est-ce que c'est ? N'est-ce pas la nourriture volée par les Ferret ?! Hé, les amis ! Regardez ça !{nl}Le Révélateur a récupéré la nourriture volée ! Vous êtes vraiment venu ici pour sauver notre{nl}village. Merci. Merci beaucoup.	그건 뭔가? 페릿이 훔쳐갔던 식량 아닌가?!{nl}이보게들! 이것 좀 보게! 계시자께서 페릿들이 훔쳐간 식량을 되찾아오셨네!{nl}정말 우리 마을을 구해주러 온 게 맞나보구만.{nl}고맙네. 정말 고마워.	QUEST_LV_0100_20151016_009829	Qu'est-ce donc ? Ha ! Vous avez réellement réussi à reprendre la nourriture aux furets ! Vous{nl}êtes vraiment celui qui sauvera notre ville. Ma plus profonde gratitude.	그건 뭔가? 이것 보게! 이방인이 페릿들이 훔쳐간 식량을 되찾아오셨네!{nl}정말 우리 마을을 구해주러 온 게 맞나보구만. 고맙네. 정말 고마워.	마을 촌장
QUEST_UNUSED_20151022_001238	Leja est partie à Zehara chercher quelque chose qui pourrait l'aider. Il y a une statue sculptée par{nl}les ancêtres qui servaient la déesse Laima. Elle a dit que Laima avait dû préparer quelque chose{nl}sur la statue de la déesse. Si vous comptez aller à Zeraha, écoutez mon récit avant de partir.{nl}	레야는 자네에게 도움이 될 것을 찾겠다며 먼저 제라하로 갔네.{nl}그 곳에는 라이마 여신을 모시던 선조들이 조각한 여신상이 있지.{nl}라이마 여신께서 필시 여신상에 자네를 위한 준비를 해뒀을 거라면서 말이네.{nl}제라하로 갈 생각이라면 가기 전에 내 얘기를 좀 들어보게나.{nl}	QUEST_LV_0100_20151016_009830	Leja est parti à Laimadon. Disant que la Déesse Laima a forcément laissé quelque chose pour{nl}nous dans sa statue géante.{nl}	레야는 라이마돈으로 갔네. 라이마 여신께서 거대 여신상에 뭔가 남겨놨을 거라면서 말이야.{nl}	마을 촌장
QUEST_UNUSED_20151022_001239	Il y a longtemps, quand la Déesse Laima a disparu après avoir prédit l'avenir funeste, elle{nl}s'inquiétait pour nous et a demandé à la Déesse Lada de veiller sur le village. Cependant,{nl}contrairement à la prédiction de Laima, le village était paisible.{nl}	먼 옛날 라이마 여신께서는 불길한 미래를 예지하시고 자취를 감추셨을 때,{nl}남은 우리를 걱정한 라이마 여신께서는 라다 여신께 마을을 부탁하셨네.{nl}하지만 라이마 여신의 걱정과는 달리 마을은 평화로웠어.{nl}	QUEST_LV_0100_20151016_009831	D'après la légende transmise. Cette ville était autrefois une ville qui vénérait la Déesse Laima à{nl}Déesse Laimadon. Il y a bien longtemps, la Déesse Laima est partie en pèlerinage après avoir{nl}entrevu le terrible avenir. La Déesse Laima se souciait profondément des villageois et a demandé{nl}à la Déesse Lada de veiller sur nous en son absence. Et si une grande menace, plus grande encore{nl}que le pouvoir de la Déesse Lada, survenait, un étranger poursuivant un cauchemar arriverait{nl}avec la lumière et sauverait la ville.{nl}	우리 마을은 라이마돈에서 라이마 여신을 모시던 마을이었네.{nl}먼 옛날 라이마 여신께서는 불길한 미래를 예지하시고 대비를 위한 방랑을 시작하셨네. {nl}마을 사람들을 걱정한 라이마 여신께서는 라다 여신께 마을을 부탁하셨네.{nl}그리고 라다 여신조차 막지 못할 위험이 마을을 덮친다면 흉몽을 쫓아온 이방인이{nl}빛과 함께 마을을 구할 거라는 전승을 남기셨지.{nl}	마을 촌장
QUEST_UNUSED_20151022_001240	Medzio Diena est arrivé au milieu de jours paisibles. Les démons ont enlevé Lada et la rivière{nl}était devenue rouge. Ceux qui buvaient l'eau de la rivière souffraient et les fruits qui absorbaient{nl}l'eau de la rivière devenaient énormes. Les gros fruits n'étaient pas comestibles, comme l'eau{nl}rouge.{nl}	그렇게 평화로움이 계속 되던 중 신수의 날이 왔네.{nl}마족들이 마을을 습격해서 라다 여신을 납치해갔고, 강물이 붉게 물들었지.{nl}강물을 마시는 사람은 고통에 시달렸고, 그 강물을 먹고 자란 과일은 거대해졌지.{nl}거대해진 과일 역시 붉은 물 처럼 먹으면 고통에 시달려서 먹을 수가 없게 됐네.{nl}	QUEST_LV_0100_20151016_009832	Peu après sa disparition, Medzio Diena est survenu... C'était l'avenir que Laima avait prédit... La{nl}rivière est devenue rouge et vénéneuse et elle a aussi souillé les fruits. Pendant ce temps, le{nl}démon a commencé à envahir.. Ils en voulaient à la Déesse Lada et nous n'avons pas su la{nl}protéger. Les démons responsables de l'enlèvement de la déesse ont rendu les paisibles furets{nl}très féroces.{nl}	결국 신수의 날이 도래했네.. 라이마 여신께서 예지한 미래였던게지..{nl}강물이 붉게 물들어 마시는 사람을 고통에 시달리게 만들었고 그 물을 먹고 자란 과일 또한 먹을 수 없었네.{nl}그 와중에 마족들이 마을을 습격했지.. 놈들은 라다 여신을 노렸고 우린 여신을 지키지 못했네.{nl}여신을 납치한 마족 놈들은 온순하던 페릿부족까지 난폭하게 만들어서 우릴 괴롭히고 있네.{nl}	마을 촌장
QUEST_UNUSED_20151022_001241	Après que le désastre a balayé le village, les villageois croient au folklore selon lequel le{nl}Révélateur venu au village après avoir rêvé du désastre vaincra l'énergie maléfique et sauvera le{nl}village par la lumière.{nl}	재앙이 마을을 덮친 지금, 마을 사람들은 재앙의 꿈을 쫓아 온 계시자가{nl}사악한 기운을 물리치고 빛과 함께 마을을 구할거라는 전승만을 믿고 있네.{nl}	QUEST_LV_0100_20151016_009833	Les furets féroces envahissent constamment notre ville et emportent notre nourriture. Dans le{nl}repaire des furets, vous trouverez le totem planté par les démons. Nous le soupçonnons d'être{nl}responsable du récent changement de comportement des furets. Accepteriez-vous de détruire le{nl}totem dans le repaire des furets pour nous ? Sans le problème des furets, notre ville n'aurait plus{nl}d'ennuis.	난폭해진 페릿은 마을을 습격해 사람들을 괴롭히고 식량까지 훔쳐가고 있네.{nl}페릿 부족 근거지를 보면 마족들이 세워둔 토템이 있는데 이 토템이 페릿들을 난폭하게 만든 것 같네.{nl}페릿 부족 근거지에서 마족 토템을 파괴해줄 수 있겠나?{nl}페릿 부족만 정신을 차리더라도 마을에 큰 도움이 될 것 같네.	마을 촌장
QUEST_UNUSED_20151022_001242	Le problème le plus urgent, c'est que les Ferret, autrefois doux, sont devenus violents. Nous{nl}voulons sauver Lada, mais comme des Ferret violents attaquent le village et volent la nourriture,{nl}tout le monde souffre. Je crois que le totem démoniaque bâti par les démons près du repaire des{nl}Ferret ici les a rendus violents...{nl}	이 와중에 가장 급한 문제는 온순했던 페릿 부족마저 난폭하게 돌변했다는 걸세.{nl}힘을 합쳐 납치 당한 라다 여신을 구하고 싶지만 난폭해진 페릿 부족이 마을을 습격하고{nl}식량까지 훔쳐가는 통에 마을 사람들 모두 괴로워하고 있네.{nl}아무래도 이 근처 페릿 부족 근거지에 마족이 세운 마족 토템이 페릿 부족을 난폭하게 만든 것 같네..{nl}				마을 촌장
QUEST_UNUSED_20151022_001243	Puisque les Ferret protègent le totem démoniaque, il nous est difficile de le briser. Pour le village,{nl}pouvez-vous briser le totem démoniaque ? Si c'est le cas, nous pourrions vous aider à sauver{nl}Lada. Je suis sûr que vous pourriez rendre les Ferret à leur état normal.	페릿이 마족토템을 지키는 탓에 우리 힘으로는 마족 토템을 부수기가 어렵네.{nl}마을을 위해서 자네가 마족 토템을 부숴 줄 수 있겠나?{nl}그렇다면 우리도 라다 여신을 구하기 위해 힘을 보탤 수 있을 것 같네.{nl}빛과 함께 마을을 구하러 온 자네라면 분명 페릿 부족 역시 되돌릴 수 있을걸세.				마을 촌장
QUEST_UNUSED_20151022_001244	Vous êtes vraiment le Révélateur du folklore. Puisque vous avez brisé le totem démoniaque, les{nl}Ferret redeviendront doux. Merci. Je vérifierai l'état des Ferret en envoyant mes petits-enfants.{nl}Pendant votre absence, une fille mystérieuse est venue au village.	역시 전승 속의 계시자구만!{nl}자네가 마족 토템을 부숴줬으니 이제 페릿 부족도 정신을 차릴테지.{nl}고맙네. 페릿들은 내 손자놈을 보내서 확인해보겠네.{nl}자네가 자릴 비운 사이에 신비한 느낌의 소녀가 마을을 찾아왔네.	QUEST_LV_0100_20151016_009835	Vous avez détruit le Totem démoniaque ! Les mots ne peuvent exprimer notre gratitude. Quant à{nl}mes furets, j'enverrai mon petit-fils voir comment ils vont. Vous avez autre chose à faire.	마족 토템을 파괴해줬구만! 고맙네.{nl}내 페릿들은 내 손자놈을 보내서 확인해보겠네.{nl}자네는 따로 할 일이 있다네.	마을 촌장
QUEST_UNUSED_20151022_001245	La fille mystérieuse a disparu dans Zeraha après être passée par ici sans un mot. Nos ancêtres{nl}nous disaient que chaque fois que Laima vient dans notre village, une atmosphère chaleureuse{nl}enveloppe le village. Cela fut bref, mais quand cette fille est venue au village, j'ai senti l'énergie{nl}chaleureuse dont nos ancêtres nous parlaient.{nl}	신비한 소녀는 아무 말 없이 이 곳을 거쳐 제라하 향해 사라졌지.{nl}우리 조상님이 말씀하시길 라이마 여신께서 마을에 오시는 날이면 따스한 기운이 온 마을을 감싼다고 하셨네.{nl}잠깐이었지만 그 소녀가 마을에 왔을 때 조상님이 말씀하신 따스한 기운을 느꼈네.{nl}	QUEST_LV_0100_20151016_009836	Une mystérieuse fille est entrée dans notre ville pendant que vous étiez occupé à détruire le{nl}totem. Elle a traversé la ville en silence vers Laimadon. Nos ancêtres nous ont dit que lorsque{nl}Laima la Déesse rend visite à la ville, une douce chaleur y demeure. La douce chaleur que nous{nl}avons tous ressentie quand la mystérieuse fille passait..{nl}	사실 자네가 마족 토템을 파괴하러 간 사이에 신비한 소녀가 마을을 찾아왔네.{nl}그녀는 아무 말 없이 이 곳을 거쳐 라이마돈을 향해 사라졌지.{nl}우리 조상님께서 말씀하시길 라이마 여신께서 마을에 오시는 날이면 따스한 기운이 온 마을을 감싼다고 하셨네.{nl}잠깐이었지만 그 소녀가 마을에 왔을 때 따스한 기운을 느꼈네.{nl}	마을 촌장
QUEST_UNUSED_20151022_001246	Je suis sûr que Laima l'a laissée pour vous guider. Poursuivez la fille.	그 아이 역시 라이마 여신께서 자네를 인도하기 위해 남겨놓으신게 분명해.{nl}어서 그 소녀를 쫓아 가보게.	QUEST_LV_0100_20151016_009837	Elle aussi a dû être envoyée par la Déesse Laima, tout comme vous. Suivez cette fille, si vous êtes{nl}celui qu'annonce la légende, vous pourrez retrouver sa trace.{nl}	그녀 역시 라이마 여신께서 자네를 인도하기 위해 남겨놓으신게 분명해.{nl}신비한 소녀를 쫓아가게. 자네가 전승 속의 이방인이라면 소녀의 흔적을 찾을 수 있을 거야.{nl}	마을 촌장
QUEST_UNUSED_20151022_001247	Révélateur, avez-vous déjà bu l'eau rouge ? Si vous l'aviez bue, je suis sûr que vous ne pourriez{nl}pas me parler maintenant. Même si vous avez vraiment soif, vous ne devriez pas boire l'eau{nl}rouge. Si vous la buvez, vous en souffrirez. Elle est si toxique. Les fruits qui ont poussé en{nl}absorbant cette eau sont devenus énormes et n'étaient pas comestibles.{nl}	계시자님 혹시 붉게 물든 물을 마셔보셨나요?{nl}아마 마셨으면 이 자리에 서서 저와 대화를 나누는 것 조차 불가능했을거에요.{nl}아무리 목이 마르셔도 붉게 물든 물은 마시면 안돼요. 마시면 죽을 만큼 괴롭거든요.{nl}얼마나 독한지 그 물을 먹고 자란 과일까지 거대해지더니 먹을 수 없게 되버렸답니다.{nl}	QUEST_UNUSED_20151016_000802	Révélateur, avez-vous déjà bu l'eau rouge ? Si vous l'aviez bue, je suis sûr que vous ne pourriez{nl}pas me parler maintenant. Même si vous avez vraiment soif, vous ne devriez pas boire l'eau{nl}rouge. Si vous la buvez, vous en souffrirez. Elle est si toxique. Les fruits qui ont poussé en{nl}absorbant cette eau sont devenus énormes et ne peuvent être comestibles.{nl}	계시자님 혹시 붉게 물든 물을 마셔보셨나요?{nl}아마 마셨으면 이 자리에 서서 저와 대화를 나누는 것 조차 불가능했을거에요.{nl}아무리 목이 마르셔도 붉게 물든 물은 마시면 안돼요. 마시면 죽을 만큼 괴롭거든요.{nl}얼마나 독한지 그 물을 먹고 자란 거대 과일도 먹을 수 없게 되버린답니다.{nl}하지만 페릿들은 어떻게 된 건지 거대 과일을 채집해서 과즙을 물 대신 마시더라고요.{nl}	마을 주민
QUEST_UNUSED_20151022_001248	Je me suis un jour perdu dans une forêt et j'avais alors vraiment soif. J'ai trouvé un récipient{nl}contenant du jus de fruit que les Ferret avaient accumulé. Mourir de soif ou mourir des Ferret,{nl}mourir c'est pareil. Alors j'ai bu le jus à l'insu des Ferret et il ne m'est rien arrivé.{nl}	예전에 숲에서 길을 잃고 헤맸던 적이 있는데 너무 목이 말라죽겠는 거에요.{nl}그때 페릿들이 모아놓은 과즙통을 찾게 됐죠.{nl}목이 말라 죽든, 페릿한테 물려죽든 어차피 죽는 건 매 한가지잖아요.{nl}그래서 페릿 몰래 모아둔 과즙을 마셨는데 아무 일도 없었답니다.{nl}	QUEST_UNUSED_20151016_000803	Je me suis un jour perdu dans une forêt et j'avais alors vraiment très soif. J'ai trouvé un récipient{nl}contenant du jus de fruit que les Ferret avaient accumulé. Mourir de soif ou mourir des Ferret,{nl}mourir c'est pareil. Alors j'ai bu le jus à l'insu des Ferret et il ne m'est rien arrivé.{nl}	예전에 숲에서 길을 잃고 헤맸던 적이 있는데 너무 목이 말라죽겠는 거에요.{nl}그때 과즙통을 들고 돌아다니던 페릿 한마리를 만나게 됐죠.{nl}목이 말라 죽든, 과일을 먹고 죽든, 페릿한테 물려죽든 어차피 죽는 건 매 한가지잖아요.{nl}그래서 억지로 페릿이 가지고 있던 과즙을 뺏어 마셨는데 아무 일도 없었답니다.{nl}	마을 주민
QUEST_UNUSED_20151022_001249	Je ne sais pas ce qu'on lui a fait, mais je crois que cela peut servir d'eau potable. Maintenant, l'eau{nl}a commencé à remonter, nous devrions donc en avoir. Pouvez-vous rassembler le jus de fruit{nl}auprès des Ferret ? Je compte sur vous.	어떤 처리를 하는지는 모르겠지만 식수 대용으로 쓸 수 있을 것 같아요.{nl}이제 모아둔 식수도 바닥을 보이기 시작했는데 물은 꼭 있어야 해요.{nl}페릿들로부터 거대 과일 과즙을 모아주실 수 있을까요? 부탁드릴게요.	QUEST_UNUSED_20151016_000804	L'eau que nous avions récoltée est presque épuisée, il nous en faut davantage. Pourriez-vous{nl}rapporter du jus de fruit des Ferret ? Merci.	이제 모아둔 식수도 바닥을 보이기 시작했는데 식수는 꼭 있어야하잖아요.{nl}페릿들로부터 거대과일 과즙을 모아주실 수 있을까요? 부탁드릴게요.	마을 주민
QUEST_UNUSED_20151022_001250	Nous avons un problème. Pendant que vous étiez parti chercher le jus de fruit, les Ferret ont{nl}attaqué le village et volé la nourriture. Cela ne marchera pas ainsi. Même si nous récupérons la{nl}nourriture, les Ferret attaqueront de nouveau le village. Je vais corriger cette mauvaise habitude{nl}des Ferret cette fois.{nl}	큰일이에요. 과즙을 구해다주시는 사이에 페릿이 마을을 습격해서 또 식량을 털어갔어요.{nl}이래서는 안되겠어요. 식량을 되찾아와도 또 페릿이 마을을 습격할 뿐이니까요.{nl}이번 기회에 페릿의 버릇을 단단히 고쳐줘야겠어요.{nl}	QUEST_LV_0100_20151016_009839	Oh zut ! Mauvaise nouvelle. Pendant votre absence pour chercher le jus, les furets sont revenus{nl}et ont pris encore de la nourriture ! Il nous faut une solution définitive. Peut-être que cette fois il{nl}vaudrait mieux simplement leur donner la nourriture. Bien sûr, je ne veux pas dire que nous{nl}devrions renoncer au combat. Nous leur donnons la nourriture et nous leur apprenons à ne pas{nl}prendre ce qui ne leur appartient pas.{nl}	큰일이에요. 과즙을 구해다주시는 사이에 페릿이 마을을 습격해서 또 식량을 털어갔어요.{nl}이래서는 안되겠어요. 식량을 되찾아와도 또 페릿이 마을을 습격할 뿐이니까요.{nl}이번 식량은 그냥 줘버리는 편이 낫겠어요. 물론 그냥 준다는 얘긴 아니구요.{nl}아무래도 페릿들에게 인간의 식량을 훔쳐서는 안된다는 어마어마한 교훈을 심어줘야겠어요.{nl}	마을 주민
QUEST_UNUSED_20151022_001251	Cherchez la nourriture que les Ferret ont volée et assaisonnez-la avec l'eau rouge.{nl}Les Ferret qui l'auront consommée souffriront et ne reviendront plus jamais voler de nourriture.{nl}	페릿이 훔쳐간 식량을 찾아서 오염된 붉은 물로 약간 양념을 쳐주는 거에요.{nl}그걸 먹은 페릿은 고통에 시달릴 테니 다신 식량을 훔치러 오지 않을 거에요.{nl}	QUEST_LV_0100_20151016_009840	Le plan est simple. Nous trouverons la nourriture volée par les furets, et nous l'assaisonnerons un peu.{nl}Avec de l'Eau rouge corrompue.	방법은 간단해요. 페릿이 훔쳐간 식량을 찾아서 약간 양념을 쳐주는거죠.{nl}오염된 붉은 물로요.
 그걸 먹은 페릿은 다신 식량을 훔치러 오지 않을 걸요?{nl}일단 오염된 붉은 물을 떠다주세요.{nl}오염된 붉은 물은 마을 구석에 있는 오래된 우물에서 뜰 수 있어요.	마을 주민
QUEST_UNUSED_20151022_001252	L'eau rouge polluée peut être obtenue au puits là-bas. Polluez avec l'eau rouge la nourriture{nl}volée par les Furets, je vous prie. En particulier, vous devriez polluer le bœuf séché. Les Furets{nl}adorent vraiment le bœuf séché.	오염된 붉은 물은 저 아래 낡은 우물에서 뜰 수 있어요.{nl}오염된 붉은 물로 페릿이 훔쳐간 식량을 오염시켜주세요.{nl}아 특히 육포를 꼭 오염시켜 주세요. 페릿은 육포를 좋아한답니다.				마을 주민
QUEST_UNUSED_20151022_001253	Je sais que ce n'est pas agréable de polluer la nourriture, mais... C'est la meilleure solution à long{nl}terme.	식량을 오염시킨다는 게 조금 아깝긴 하지만..{nl}멀리 보면 이게 최선책이에요.	QUEST_LV_0100_20151016_009844	Enfin, vraiment, ils ont laissé perdre tant de nourriture parce qu'ils l'avaient oubliée et ils ont{nl}fini par la laisser pourrir puis ils reviennent voler encore. Enfin, c'est nous qui payons leur{nl}stupidité.	훔쳐간 식량을 까먹고 썩히면 그만큼 또 마을을 약탈하러 오죠.{nl}정말 멍청해서 피해주는 게 이만 저만이 아니네요.	마을 주민
QUEST_UNUSED_20151022_001254	On peut appeler ce genre de situation un pas en arrière et deux pas en avant. J'espère que les{nl}Ferret apprécieront le bœuf séché et ne reviendront plus jamais.	이런 상황을 보고 한 발 물러나서 두 발 전진한다고 하나요?{nl}부디 페릿들이 양념친 육포를 맛있게 먹고 다신 안 왔으면 좋겠네요.	QUEST_LV_0100_20151016_009845	Comment dit-on déjà ? Reculer d'un pas, avancer de deux ? Bon appétit, les furets !	이런 상황을 보고 한 발 물러나서 두 발 전진한다고 하나요?{nl}부디 페릿들이 양념된 식량을 맛있게 먹어줬으면 좋겠어요.	마을 주민
QUEST_UNUSED_20151022_001255	Ah, Révélateur. Merci d'avoir détruit le totem démoniaque. Je suis allé voir les Ferret, mais ils{nl}sont toujours violents. Je crois que l'influence du totem persiste encore.{nl}	아 계시자님. 마족 토템을 파괴해주셔서 감사합니다.{nl}페릿들을 보러 갔더니 저를 보고 여전히 난폭하게 굴더라고요.{nl}아무래도 토템의 여파가 남아있나 봅니다.{nl}	QUEST_LV_0100_20151016_009846	Ah Révélateur. Merci infiniment d'avoir détruit le totem démoniaque. Malheureusement,{nl}grand-père m'a dit de regarder si les furets étaient devenus dociles, mais ils sont toujours aussi{nl}féroces. Se pourrait-il que l'effet du totem persiste ?{nl}	아 계시자님. 마족 토템을 파괴해주셔서 감사합니다.{nl}그런데 이상합니다. 할아버지께서 페릿들 상태를 보고 오라고 하셔서 페릿들을 보고 왔는데{nl}저를 보고는 여전히 난폭하게 굴더라고요. 아무래도 토템의 여파가 남아있나 봅니다.{nl}	촌장 손자
QUEST_UNUSED_20151022_001256	J'ai entendu dire que Widas, qui est un Dievdirbys, essaie de fabriquer la pièce qui a l'effet{nl}opposé à celui du totem démoniaque. Demandez à Widas si la pièce est achevée, je vous prie.	 우리 마을에 딥디르비이신 위다스 아저씨가 마족 토템의 반대 효과를 가진 조각을{nl}만들어 보고 계신다는 소리를 들었어요.{nl}혹시 조각이 완성됐는지 위다스 아저씨께 여쭤봐주세요.	QUEST_LV_0100_20151016_009847	Cela m'a fait réfléchir. Les démons ont utilisé un totem comme moyen d'influence, n'est-ce pas ?{nl}Et si nous bâtissions quelque chose de semblable pour contrer l'effet ? Pourriez-vous demander{nl}à Widas si mon hypothèse est réalisable ou non ? Dievdirbys Widas est le meilleur Dievdirbys{nl}de la ville.	 그래서 생각을 해봤는데 마족들이 페릿을 난폭하게 만든 건 토템이라는 구조물을 사용한 거잖아요?{nl}우리도 마족 토템에 반대되는 효과를 지닌 구조물을 설치해서 페릿들을 온순하게 만들 순 없을까요?{nl}우리 마을에 있는 위다스 아저씨께 그런 조각상이 있는지 물어봐주세요.{nl}위다스 아저씨는 우리 마을에서 가장 실력있는 딥디르비세요.	촌장 손자
QUEST_UNUSED_20151022_001257	Cette sculpture qui a des effets opposés aux totems démoniaques... Attendez un instant...	마족 토템에 반대되는 효과를 지닌 조각상이라..{nl}잠시만요..	QUEST_LV_0100_20151016_009848	Une statue pour contrer les influences démoniaques, hein ? Hmm voyons voir...	마족 토템에 상응하는 효과를 지닌 조각상이라..{nl}잠시만요..	딥디르비 위다스
QUEST_UNUSED_20151022_001258	J'ai entendu dire que les démons rendent les Ferret violents à l'aide du totem alors j'ai essayé de{nl}créer une sculpture qui possède les effets opposés à ceux du totem démoniaque... Nous{nl}l'expérimentons encore, mais je crois que c'est maintenant la meilleure occasion de la tester,{nl}bien qu'elle soit encore au stade expérimental, puisque le totem a disparu.{nl}	안 그래도 마족들이 토템으로 페릿을 난폭하게 만든 것 같다는 얘길 듣고{nl}마족 토템과 반대 효과를 지닌 조각상을 만들 순 없을까 하고 만들어 본 게 있습니다..{nl}아직 실험 단계이긴 하지만 마족 토템이 사라진 지금이 성능을 시험해 볼 좋은 기회인 것 같군요..{nl}	QUEST_LV_0100_20151016_009850	Moi aussi, j'ai eu une idée semblable en apprenant qu'un totem influence les furets et les rend{nl}féroces. J'ai donc expérimenté la création d'une statue à l'effet inverse... C'est encore au stade{nl}expérimental mais le totem ayant disparu, c'est le bon moment pour l'essayer...{nl}	안 그래도 마족들이 토템으로 페릿을 난폭하게 만든 것 같다는 얘길 들었을 때,{nl}마족 토템과 반대 효과를 지닌 조각상을 만들 순 없을까 하고 만들어 본 게 있습니다..{nl}아직 실험 단계이긴 하지만 마족 토템이 사라진 지금이 성능을 시험해 볼 좋은 기회인 것 같군요..{nl}	딥디르비 위다스
QUEST_UNUSED_20151022_001259	Je vais vous donner la sculpture que je créais.. Placez-la près des Ferret et observez leur{nl}comportement...	여기 제가 만들던 조각상을 드리겠습니다..{nl}페릿 근처에 설치하고 페릿들의 반응을 살펴봐주세요..	QUEST_LV_0100_20151016_009851	Tenez, voici la statue que j'ai faite... Après l'avoir placée, restez un peu dans les parages pour voir{nl}comment ils réagissent...	여기 제가 만들던 조각상을 드리겠습니다..{nl}페릿 근처에 설치하고 페릿 반응을 살펴봐주시면 감사하겠습니다..	딥디르비 위다스
QUEST_UNUSED_20151022_001260	Les Ferret sont devenus plus violents... ? Zut... Ai-je échoué... Je suis désolé... Vous n'êtes pas{nl}blessé ?{nl}	페릿이 더 난폭해졌다구요..?{nl}이런.. 실패인가..{nl}미안합니다.. 혹시 다치진 않으셨습니까?{nl}	QUEST_LV_0100_20151016_009853	Quoi ? Cela n'a fait qu'exciter encore plus les furets... ? Oh là là, est-ce un échec... ?	페릿이 더 난폭해졌다구요..?{nl}이런.. 실패인가..{nl}	딥디르비 위다스
QUEST_UNUSED_20151022_001261	Ah... Nous n'allons pas renoncer aux pièces... C'est peut-être parce que le lavage de cerveau des{nl}démons n'a pas encore été retiré... Quand Druide Benes, qui enquête sur les Ferret à Zeraha,{nl}reviendra, je crois que je devrais lui demander de l'aide...	아.. 조각을 포기하진 않을 겁니다.. 아직 마족의 세뇌가 안 풀려서 그럴 수도 있으니까요..{nl}아무래도 제라하에서 페릿을 연구하고 있는 드루이드 베네스가 돌아오면 도움을 받아야겠어요..	QUEST_LV_0100_20151016_009854	Ah... Il est trop tôt pour désespérer... L'influence démoniaque persistante entrave peut-être cet{nl}effet positif... Je ne peux pas faire cela seul. Je dois en consulter Druide Benes de Laimadon, un{nl}expert des furets...	아.. 포기하진 않을 겁니다.. 아직 마족의 세뇌가 안 풀려서 그럴 수도 있으니까요..{nl}아무래도 라이마돈에서 페릿을 연구하고 있는 드루이드 베네스가 돌아오면 도움을 받아야겠어요..	딥디르비 위다스
QUEST_UNUSED_20151022_001262	Ah, Révélateur ! Quoi ? Cette fille mystérieuse serait le guide préparé par Laima ? La fille s'est{nl}enfuie par là après avoir été poursuivie par les Furets ! J'allais les poursuivre, mais comme les{nl}Furets sont déchaînés, je ne peux pas...	아 계시자님!{nl}네? 그 신비한 소녀가 라이마 여신께서 준비한 인도자일지도 모른다구요?{nl}소녀라면 방금 페릿한테 쫓겨서 저리 도망쳤어요!{nl}쫓아가려고 했는데 페릿들이 극성이라 따라갈 수가 없었어요..	QUEST_LV_0100_20151016_009855	Ah, Révélateur ! Vous êtes arrivé plus tôt que je ne l'attendais. J'ai essayé d'aller à la statue géante{nl}mais les furets ont rendu la chose très difficile...	아 계시자님! 일찍 오셨네요?{nl}거대 여신상에 미리 가보려고 했는데.. 페릿들 때문에 쉽지가 않네요..	드루이드 레야
QUEST_UNUSED_20151022_001263	Ce n'est pas le moment pour cela... Révélateur. Puisque les Ferret poursuivent la fille, peut-être{nl}cherchent-ils les traces de la fille. J'imagine que je devrais chercher la fille tout en vainquant des{nl}Ferret. Nous devons nous dépêcher.	이러고 있을 때가 아니에요.. 계시자님.{nl}페릿들이 소녀 뒤를 쫓고 있었으니까 페릿들이 소녀에 대한 흔적을 쫓고 있지 않을까요?{nl}페릿을 처치하면서 소녀를 찾아봐야겠어요. 서둘러야 해요.	QUEST_LV_0100_20151016_009856	Hein ? La mystérieuse fille serait la chef élue envoyée par la Déesse Laima ? La fille a couru par là{nl}juste avant votre arrivée... Les furets la poursuivaient, j'ai donc trouvé cela plutôt étrange...{nl}	네? 그 신비한 소녀가 라이마 여신께서 준비한 인도자일지도 모른다구요?{nl}소녀라면 아까 계시자님이 오시기 조금 전에 저리로 뛰어갔어요..{nl}페릿들이 소녀 뒤를 쫓고 있길래 심상치 않다고는 생각했는데..{nl}	드루이드 레야
QUEST_UNUSED_20151022_001264	J'espère que la fille est en sécurité... j'aurais dû la suivre...	소녀가 무사해야 할텐데요.. 어떻게든 따라갔어야 했는데..	QUEST_LV_0100_20151016_009858	Je prie pour sa sécurité...	소녀가 무사해야 할텐데요..	드루이드 레야
QUEST_UNUSED_20151022_001265	...La fille a été enlevée par le démon qui portait une hache gigantesque ? Ce n'est pas bon... Si le{nl}démon portait une hache gigantesque, je suis sûr que c'est le seigneur démon, Zaura. Le seigneur{nl}démon Zaura commande les démons qui ont attaqué cet endroit et enlevé Lada.	..소녀가 거대한 도끼를 든 마족한테 납치당했다구요? 큰일이네요..{nl}거대한 도끼를 들었다면 그놈은 분명 마군주 자우라일거에요.{nl}마군주 자우라는 이 곳을 습격한 마족을 지휘해서 여신 라다를 납치한 녀석이에요.	QUEST_LV_0100_20151016_009859	...La fille a été enlevée ? C'est terrible... Seigneur démon Zaura doit être derrière cela ! C'est aussi{nl}lui le responsable de l'enlèvement de la Déesse Lada.	..소녀가 거대한 마족한테 납치당했다구요? 큰일이네요..{nl}분명 마군주 자우라일거에요. 마군주 자우라는 이 곳을 습격한 마족을 지휘해서 여신 라다를 납치한 녀석이에요.	드루이드 레야
QUEST_UNUSED_20151022_001266	Quand Zaura a enlevé la fille, y avait-il des Ferret avec elle ? Si c'est le cas, je pense que Zaura a{nl}confié la fille enlevée aux Ferret. Puisque les Ferret en savent plus sur la forêt.{nl}	혹시 자우라가 소녀를 납치할 때 페릿들이 함께 있었나요?{nl}그렇다면 아마 자우라가 납치한 소녀를 페릿에게 맡겼을 거에요.{nl}이 숲 속은 페릿이 더 잘 알테니까요.{nl}	QUEST_LV_0100_20151016_009861	Les furets étaient-ils présents quand Zaura l'enlevait ? J'ai vu des furets transporter un énorme{nl}sac. Je soupçonne qu'elle était à l'intérieur. Enfin, les furets ne font pas cela d'habitude.{nl}	혹시 자우라가 소녀를 납치할 때 페릿들이 함께 있었나요?{nl}실은 계시자님이 오시기 전에 페릿들이 커다란 자루를 옮기는 걸 봤거든요.{nl}혹시 페릿이 납치한 소녀를 운반하던게 아닐까 싶어서요. 페릿들이 커다란 자루를 옮기는 것도 수상하구요.{nl}	드루이드 레야
QUEST_UNUSED_20151022_001267	Je crois savoir où les Ferret ont caché la fille. Cependant, il est dangereux d'y aller sans{nl}préparation. Je sais fabriquer l'encens qui fait perdre conscience aux Ferret. Si vous utilisez cet{nl}encens, vous pourrez vaincre les Ferret facilement. Mais le problème, c'est que nous n'avons pas{nl}assez de Herbe soporifique.{nl}	페릿이 소녀를 어디에 숨겼을지 알 것 같아요. 하지만 이대로 준비 없이 가기엔 위험해요.{nl}제가 페릿이 정신을 못차리게 하는 향을 만들 줄 알아요. 이 향을 사용하면 좀 더 쉽게 페릿을 제압할 수 있죠.{nl}하지만 향을 만들 몽롱초가 부족하네요.{nl}	QUEST_LV_0100_20151016_009862	Si les furets l'ont bien emmenée, ils la gardent également. Si vous descendez tout droit, il y a de{nl}la drowsy herb. Rapportez-la-moi et je fabriquerai un encens qui les rendra très somnolents.{nl}Pendant qu'ils seront assoupis, le sauvetage sera très facile.	페릿이 소녀를 데리고 갔다면 페릿이 소녀를 지키고 있을 가능성이 높아요.{nl}저기 아래쪽으로 내려가면 몽롱초라는 풀이 있을거에요.{nl}몽롱초를 가져다 주시면 페릿이 정신 차리지 못하도록 하는 향을 만들어 드릴게요.{nl}향을 피운 사이에 소녀를 구하면 좀 더 쉽게 소녀를 구할 수 있을 거에요.	드루이드 레야
QUEST_UNUSED_20151022_001268	Des Herbes soporifiques poussent là-bas en contrebas. Je vais me préparer à fabriquer l'encens,{nl}alors pouvez-vous m'apporter des Herbes soporifiques ?	몽롱초는 저 아래에서 자라고 있어요.{nl}향을 만들 준비를 하고 있을테니 몽롱초를 좀 구해다주시겠어요?				드루이드 레야
QUEST_UNUSED_20151022_001269	Vous n'avez pas à craindre d'inhaler l'encens. Je l'ai conçu pour n'agir que sur les Ferret.	향을 맡으면 어떡하나 걱정하실 필요는 없어요.{nl}페릿에게만 확실하게 효과가 있도록 만들었으니까요.	QUEST_LV_0100_20151016_009864	Ne craignez pas de vous assoupir vous-même. C'est spécialement conçu pour n'affecter que les{nl}furets. La poudre paralysante est aussi de mon invention.	향을 맡으면 어떡하나 걱정하실 필요는 없어요.{nl}페릿에게만 확실하게 효과가 있도록 만들었으니까요.{nl}페릿용 마비가루도 제 작품이니 너무 염려하지 마세요.	드루이드 레야
QUEST_UNUSED_20151022_001270	L'encens est achevé. Je vais vous indiquer quelques endroits où les Ferret ont pu emmener la{nl}fille. Ne vous inquiétez pas même si les Ferret protègent la fille. Quand vous brûlerez cet encens{nl}sur un feu de camp, les Ferret perdront conscience, alors sauvez la fille pendant qu'ils sont{nl}inconscients.	몽롱해지는 향이 완성됐어요.{nl}페릿이 소녀를 데리고 갔을 만한 장소를 몇군데 알려드릴게요.{nl}페릿이 소녀를 지키고 있더라도 걱정마세요.{nl}모닥불에 이 향을 태우면 페릿이 정신을 차리지 못 할테니 그 사이에 소녀를 구하세요.	QUEST_LV_0100_20151016_009865	L'odeur soporifique est prête ! Allumez un feu de camp et mettez-la dans les flammes et les{nl}furets alentour seront plus assoupis qu'après une nuit de grand festin. Je marquerai les endroits{nl}où je soupçonne qu'ils l'ont emmenée. Si vous trouvez la fille, brûlez vite l'odeur.	몽롱해지는 향이 완성됐어요. 모닥불을 피워놓고 이 향을 태우면 주위 페릿들이 정신을 차리지 못할 거에요.{nl}페릿이 소녀를 데리고 갔을 만한 장소를 몇군데 지도에 표시해드릴게요.{nl}소녀를 찾으면 향을 피운 사이에 재빨리 구하세요.	드루이드 레야
QUEST_UNUSED_20151022_001271	La déesse... sous... ce... jeune arbre...	저기.. 묘목.. 아래.. 여신..	QUEST_LV_0100_20151016_009866	Là... L'arbre... Sous... La déesse...	저기.. 나무.. 아래.. 여신..	신비한 소녀
QUEST_UNUSED_20151022_001272	Sauveur... Je suis Laima, la déesse du destin. Vous avez suivi la fille qui est l'incarnation de ma{nl}volonté. Dans cette forêt, ma sœur, Lada, a été capturée par Zaura. Zaura crée quelque chose de{nl}maléfique appelé le « Kruvina » avec les vitalités de Lada.{nl}	구원자여.. 저는 운명의 여신, 라이마입니다.{nl}제 의지의 화신인 소녀를 잘 따라와주셨습니다.{nl}이 숲에는 제 자매인 여신 라다가 흉폭한 마군주 자우라에게 납치되어 있습니다.{nl}자우라는 여신 라다의 생명력으로 크루비나라는 사악한 물건을 만들고 있습니다.{nl}				여신의 보주
QUEST_UNUSED_20151022_001273	Sauvez Lada qui est captive dans la Forêt tropicale de Seir et arrêtez les plans des démons pour{nl}fabriquer le Kruvina. Le seul qui puisse écarter ce désastre, c'est vous. Prenez cet orbe, je vous{nl}prie. Il vous aidera beaucoup.	세이르 숲에 붙잡혀 있는 라다 여신을 구하고 크루비나를 만들고 있는 마족의 계획을 막아주세요.{nl}이 숲에 드리운 재앙을 걷어낼 수 있는 사람은 구원자인 당신 뿐입니다.{nl}이 보주를 챙겨가세요. 반드시 도움이 될 것 입니다.				여신의 보주
QUEST_UNUSED_20151022_001274	Ah... je ne m'attendais pas à voir un humain ici... ! Aidez-moi, je vous en prie ! On m'appelle{nl}Druide Benes. J'essaie de découvrir pourquoi les Ferret coopèrent avec les démons. Récemment,{nl}j'ai découvert que je pourrai parler aux Ferret grâce au sortilège des Druides.{nl}	아.. 이런 곳에서 사람을 만날 줄이야..! 저 좀 도와주세요!{nl}저는 드루이드 베네스라고 합니다. 페릿들이 마족 편에 동조하는 이유를 찾아보고 있어요.{nl}얼마 전 드루이드의 주술을 사용해서 페릿으로 변신하면 페릿과 대화할 수 있다는 사실을 알아냈죠.{nl}	QUEST_UNUSED_20151016_000807	Ah.. je ne m'attendais pas à voir un humain ici..! Aidez-moi, je vous en prie ! On m'appelle{nl}Druide Benes. J'essaie de découvrir pourquoi les Ferret coopèrent avec les démons. Récemment,{nl}j'ai découvert que je pourrai parler aux Ferret grâce au sortilège des Druides.{nl}	아.. 이런 곳에서 사람을 만날 줄이야..! 저 좀 도와주세요!{nl}저는 드루이드 베네스라고 합니다. 페릿들이 마족 편에 동조하는 이유를 찾아보고 있죠.{nl}드루이드 주술을 사용하면 페릿으로 모습을 바꿀 수 있어요. 물론 페릿과 대화를 나눌 수도 있구요.{nl}	드루이드 베네스
QUEST_UNUSED_20151022_001275	Mais le problème, c'est que j'ai trop souvent approché les Ferret en cherchant d'autres{nl}méthodes. Même si je me change en Ferret, ils m'attaquent comme s'ils se souvenaient de mon{nl}odeur. Pouvez-vous vous changer en Ferret à ma place et découvrir leurs plans ?{nl}	문제는 다른 방법을 알아보다가 페릿과 접촉을 너무 많이 했다는 겁니다.{nl}놈들이 제 냄새를 기억하는 건지 페릿으로 변신해도 인간인 걸 알아채고 저를 공격하더라구요.{nl}제 대신 페릿으로 변신해서 녀석들의 속셈을 알아봐주실 수 있으실까요?{nl}	QUEST_UNUSED_20151016_000808	Le problème, c'est que comme je les fréquente depuis si longtemps, ils connaissent déjà mon{nl}odeur. Même quand je me change en Ferret, ils me reconnaissent et refusent de me parler.{nl}Voudriez-vous vous changer en Ferret pour moi et essayer de découvrir ce qu'ils complotent ?{nl}	문제는 변신하는 과정에서 페릿과 너무 많이 접촉을 해서 놈들이 제 냄새를 기억한다는 겁니다.{nl}페릿으로 변신해도 제가 인간인 걸 알고 저와 대화를 하지 않더라고요.{nl}제 대신 페릿으로 변신해서 녀석들의 속셈을 알아봐주실 수 있으실까요?{nl}	드루이드 베네스
QUEST_UNUSED_20151022_001276	Vous pourrez parler naturellement avec les Ferret. {nl}Parlez avec les Ferret et découvrez pourquoi ils coopèrent avec les démons.	아마 페릿 부족과 대화도 자연스럽게 할 수 있을겁니다. {nl}페릿 부족과 대화해서 페릿이 마족 편에 동조하고 있는 이유를 알아봐 주세요.	QUEST_LV_0100_20151016_009871	Vous pourrez très probablement converser naturellement avec la tribu des furets. {nl}Parlez à la tribu des furets et demandez-leur pourquoi ils s'allient aux démons.	
아마 페릿 부족과 자연스럽게 대화도 가능할겁니다. {nl}페릿 부족과 대화해서 페릿이 마족 편에 동조하고 있는 이유를 알아봐 주세요.	드루이드 베네스
QUEST_UNUSED_20151022_001277	Les Ferret vous l'ont-ils vraiment dit ? Bien sûr, je crois qu'ils n'ont aucune raison de mentir...{nl}Mais je n'arrive pas à y croire... Les Ferret étaient autrefois très gentils. Nous nous entendions{nl}bien avec les Ferret jusqu'à ce que les démons viennent ici. Ils nous ont attaqués spontanément...{nl}	페릿이 정말 그렇게 말했나요? 아 물론 거짓말을 할 이유가 없으시겠죠..{nl}하지만 도저히 믿을 수가 없네요.. 페릿 부족은 원래 매우 온순한 부족이었어요.{nl}마족들이 오기 전 까진 우리 마을과도 우호적이었는데 자발적으로 우릴 공격한다니..{nl}	QUEST_LV_0100_20151016_009874	Les furets ont-ils vraiment dit cela ? Ah, bien sûr, vous n'avez aucune raison de mentir..{nl}Pardonnez ma grossièreté mais c'est fort difficile à croire... Ou serait-il possible qu'ils aient subi{nl}un lavage de cerveau si profond qu'ils ne se rendent même pas compte qu'ils sont manipulés ?{nl}	페릿이 정말 그렇게 말했나요? 아 물론 거짓말을 할 이유가 없으시겠죠..{nl}하지만 도저히 믿을 수가 없네요..{nl}혹시 마족에게 세뇌가 너무 강하게 되어서 세뇌당했다는 사실조차 인지하지 못하는게 아닐까요?{nl}	드루이드 베네스
QUEST_UNUSED_20151022_001278	Je dois découvrir quel degré d'hostilité les Ferret ont envers les humains. Je vais essayer de{nl}transformer un morceau de bois en l'apparence d'un villageois blessé. Quand vous installerez ce{nl}bois, il aura l'air d'un villageois blessé aux yeux de tous. Installez-le près des Ferret et découvrez{nl}si les Ferret attaquent.	페릿 부족이 얼마나 사람을 적대적으로 생각하는지 알아봐야겠어요.{nl}제가 주술로 나무토막을 부상당한 주민 모습으로 변신시켜볼게요.{nl}이 나무토막을 설치하면 누구에게나 감쪽같이 부상당한 주민으로 보일 겁니다.{nl}이걸 페릿 주위에 설치해보고 페릿이 공격을 하는지 지켜봐주세요.	QUEST_LV_0100_20151016_009875	Une expérience supplémentaire s'impose. Voici un bloc de bois dont j'ai changé la forme par ma{nl}magie. Ce bloc de bois a la forme d'un homme blessé. Installons-le autour des furets. Enfin,{nl}même si les furets attaquent les gens de leur plein gré, ils n'iraient pas jusqu'à attaquer un{nl}homme blessé, n'est-ce pas ? En supposant qu'ils aient toute leur raison.	아무래도 실험을 해봐야겠어요. 제가 주술로 형태를 바꾼 나무토막을 드릴게요.{nl}이 나무토막은 부상당한 사람의 형태를 띄고 있어요. 이걸 페릿 주변에 설치해보죠.{nl}아무리 페릿이 자발적으로 사람을 공격하는 거라고 해도 제 정신이라면 부상당한 사람까지{nl}공격하진 않을 겁니다.	드루이드 베네스
QUEST_UNUSED_20151022_001279	Si les Ferret s'en prennent même au villageois blessé, ce sera vraiment dangereux...	페릿이 부상당한 주민까지 공격한다면 정말 위험한 상태일텐데..	QUEST_LV_0100_20151016_009876	Si les furets s'y attaquent, ce sera la preuve absolue qu'ils sont toujours sous le contrôle des{nl}démons.	페릿이 나무토막을 공격한다면 그거야 말로 아직 마족의 세뇌가 풀리지 않았다는 증거겠죠.	드루이드 베네스
QUEST_UNUSED_20151022_001280	Les Ferret ont-ils attaqué le bois portant le sortilège ? Ce n'est pas bon. Cela signifie que les Ferret{nl}attaquent les humains sans distinction...	페릿이 주술 걸린 나무토막을 공격하던가요?{nl}큰일이네요. 페릿이 무차별로 사람을 공격한다는 뜻이니..	QUEST_LV_0100_20151016_009877	Ils l'ont attaqué, dites-vous ? Je le savais, ils sont bel et bien sous contrôle mental ! C'est déjà{nl}quelque chose...	페릿이 나무토막을 공격하던가요? 역시 아직 마족의 세뇌에서 벗어나지 못한 게 틀림 없어요!{nl}그나마 다행이네요..	드루이드 베네스
QUEST_UNUSED_20151022_001281	C'est devenu évident à la suite de l'expérience. Les Ferret sont dangereux maintenant.{nl}Cependant, comme nous ne pouvons pas combattre tous les Ferret, nous devrions les chasser du{nl}village.{nl}	이번 실험으로 확실해졌습니다. 지금 상태의 페릿은 위험해요.{nl}그렇다고 페릿 전체와 싸울 수는 없으니 마을 근처에 페릿들을 쫓아내기라도 해야겠어요.{nl}	QUEST_LV_0100_20151016_009878	Ne nous réjouissons pas trop vite... Le fait qu'ils s'en prennent même à un homme blessé signifie{nl}que leur comportement brutal se poursuit. Ils sont encore très dangereux..{nl}	그렇다고 마냥 기뻐하고 있을 수 만은 없겠네요..{nl}부상당한 사람까지 공격한다는 건 마족에게 세뇌되어 있는 동안{nl}페릿의 공격성이 그대로 유지된다는 소리니까요.{nl}확실히 지금 페릿은 위험합니다..{nl}	드루이드 베네스
QUEST_UNUSED_20151022_001282	Je possède une odeur épouvantable que les Ferret n'aiment pas.{nl}Allumez un feu de camp et, quand vous brûlerez l'odeur épouvantable, les Ferret s'enfuiront après l'avoir sentie.{nl}Répandez l'odeur près du Village de la forêt de Bellai où les villageois sont rassemblés, je vous prie.{nl}L'odeur est un peu... écœurante pour les humains, alors gardez-le à l'esprit...	저에게 페릿들이 싫어하는 지독한 향이 있어요.{nl}모닥불을 피워두고 지독한 향을 태우면 페릿들이 냄새를 맡고 도망갈겁니다.{nl}이 향을 마을 사람들이 모여있는 벨라이 숲 마을 근처에 피워주세요.{nl}사람한테도 조금.. 고약한 냄새지만 참고 부탁드리겠습니다..	QUEST_LV_0100_20151016_009879	Nous devrons chasser les furets puisque nous ne pouvons rien faire d'autre à leur sujet pour l'instant.{nl}J'ai un encens que les furets détestent.{nl}Les furets s'enfuiront très probablement si vous brûlez cet encens infect dans un feu de camp.{nl}Il est un peu piquant pour les gens aussi... J'espère donc que vous pourrez le supporter...	
하지만 당장 페릿을 어떻게 할 수가 없으니 쫓아내기라도 해야겠어요.{nl}저에게 페릿들이 싫어하는 지독한 향이 있어요.{nl}모닥불을 피워두고 지독한 향을 태우면 페릿들이 냄새를 맡고 도망갈겁니다.{nl}사람한테도 조금.. 고약한 냄새지만 참고 부탁드리겠습니다..	드루이드 베네스
QUEST_UNUSED_20151022_001283	J'imagine que nous devrions faire plus d'encens. Puisque nous ignorons quand les effets de{nl}l'encens s'épuiseront.	향을 더 많이 만들어둬야겠어요.{nl}언제 향의 효과가 떨어질 지 모르니까요.	QUEST_LV_0100_20151016_009880	Je vais en fabriquer davantage. Il doit y en avoir assez pour tout le monde en ville.	향을 더 많이 만들어둬야겠어요.{nl}마을 사람들에게 나눠줘야 할 테니까요.	드루이드 베네스
QUEST_UNUSED_20151022_001284	L'odeur était-elle épouvantable ? Merci. Maintenant, les Ferret ne pourront plus approcher du{nl}village. Je me sens mal d'avoir utilisé l'odeur épouvantable sur les Ferret à cause des sales tours{nl}des démons. À mon retour au village, je devrais chercher avec le Dievdirbys Widas un moyen de{nl}rendre les Ferret à leur état d'origine.	냄새가 많이 지독하던가요?{nl}감사합니다. 이제 한동안 페릿들이 마을 근처에는 얼씬도 못 할 겁니다.{nl}마족 놈들의 더러운 술수 때문에 페릿한테 지독한 향을 쓰게 되다니 속이 상하네요.{nl}마을에 돌아가면 딥디르비 위다스씨와 페릿을 예전 상태로 되돌릴 방법을 찾아봐야겠어요.	QUEST_LV_0100_20151016_009881	Merci infiniment. Sans vous, vous nous avez éclairés au sujet des furets. Le contrôle mental{nl}finira bien par se dissiper un jour, n'est-ce pas ? D'ici là, nous travaillerons à trouver un moyen{nl}de les apaiser.	감사합니다. 덕분에 페릿들에 대해 더 많이 알게 됐어요.{nl}언젠가는 녀석들도 마족의 세뇌가 풀리겠죠?{nl}그 때 까지 녀석들을 온순하게 만들 방법을 더 열심히 찾아봐야겠어요.	드루이드 베네스
QUEST_UNUSED_20151022_001285	Merci de m'avoir sauvée... Bien que faible, je sens le pouvoir de Laima en vous... Vous êtes le{nl}sauveur dont Laima a parlé autrefois...{nl}	구해주셔서 감사합니다..{nl}당신에게서 미약하게나마 라이마의 힘이 느껴집니다..{nl}당신이 라이마가 말한 구원자군요..{nl}	QUEST_LV_0100_20151016_009883	Mon cœur est empli de gratitude. En vous, je sens le pouvoir de ma sœur, Laima... Je crains pour{nl}sa sécurité...	구해주셔서 감사합니다..{nl}당신에게서 제 자매인 라이마의 힘이 느껴지는군요..{nl}라이마는 괜찮을지..	여신 라다
QUEST_UNUSED_20151022_001286	Laima a prédit qu'un désastre viendrait sur cette forêt et que je ne pourrais l'empêcher. Et elle a{nl}aussi dit que le sauveur qui apporterait l'orbe qu'elle a laissé pourrait résoudre le désastre de{nl}cette forêt. Tout se déroule comme Laima l'a prédit.	라이마는 이 숲에 저조차도 막을 수 없는 재앙이 닥쳐올 거라고 예지했습니다.{nl}그리고 자신이 남겨놓은 보주를 가지고 온 구원자만이 이 숲의 재앙을 해결할 수 있다고 했죠.{nl}모든 것이 라이마의 예지대로 흘러가는 군요.				여신 라다
QUEST_UNUSED_20151022_001287	Zaura veut créer un puissant Kruvina en utilisant mes vitalités. Le Kruvina est un objet des{nl}démons qui utilise les vitalités humaines et amplifie le pouvoir de son porteur. Mais, si l'on ne{nl}peut supporter le pouvoir du Kruvina, il détruit le corps du porteur. Les démons tentent{nl}d'utiliser le Kruvina sur les plantes et de tuer tous les humains grâce aux plantes.{nl}	마군주 자우라는 제 생명력을 이용해서 강력한 크루비나를 만들려고 하고 있습니다.{nl}크루비나는 인간의 생명력을 제물로 만드는 마족의 물건인데 대상의 힘을 증폭시키는 힘이 있습니다.{nl}대신 크루비나의 힘을 버티지 못하면 육체가 붕괴하는 무서운 물건이죠.{nl}마족들은 크루비나를 식물에 사용해서 식물을 무기로 인간을 몰살시키려 하고 있습니다.{nl}	QUEST_LV_0100_20151016_009884	Le Seigneur démon Zaura tente de former un puissant cristal connu sous le nom de Kruvina en{nl}usant de ma force vitale. La Kruvina se fabrique d'ordinaire avec la force vitale de ces sacrifices{nl}humains. Elle a le pouvoir de faire grossir les plantes. Les démons ont pour plan d'anéantir{nl}l'humanité au moyen de ces plantes géantes.{nl}	마군주 자우라는 제 생명력을 이용해서 강력한 크루비나를 만들려고 하고 있습니다.{nl}크루비나는 인간의 생명력을 제물로 만드는 마족의 물건인데 식물을 거대 성장시키는 힘이 있어요.{nl}마족들은 이렇게 거대화된 식물을 무기로 삼아 인간을 몰살시킬 계획을 세우고 있습니다.{nl}	여신 라다
QUEST_UNUSED_20151022_001288	Si l'eau de la forêt est devenue rouge et si les arbres et les fruits ont grandi démesurément, tout{nl}cela est dû au Kruvina. Les démons, satisfaits des résultats, ont voulu créer un Kruvina plus{nl}puissant, et ont fini par m'enlever et par utiliser mes vitalités pour créer le Kruvina.{nl}	이 숲의 물이 붉게 물들고 나무와 과일이 거대 성장을 한 것도 인간의 생명력을 제물로한 크루비나 때문이에요.{nl}결과가 만족스러웠던 마족들은 더 강력한 크루비나를 만들기를 원했고,{nl}결국 저를 납치해서 여신의 생명력을 제물로 크루비나를 만들려고 하고 있습니다.{nl}	QUEST_LV_0100_20151016_009885	L'eau de la forêt devenue rouge et la croissance anormale des arbres comme de leurs fruits sont{nl}tous dus à la Kruvina faite de forces vitales humaines. Les démons aiment tant le pouvoir de la{nl}Kruvina qu'ils ont voulu créer une Kruvina encore plus puissante. Ils ont tenté de drainer la{nl}force vitale d'une déesse.{nl}	이 숲의 물이 붉게 물들고 나무와 과일이 거대 성장을 한 것도 인간의 생명력을 제물로한 크루비나 때문이에요.{nl}크루비나 실험 결과가 만족스러웠던 마족들은 더 강력한 크루비나를 만들기를 원했고,{nl}결국 저를 납치해서 여신의 생명력을 제물로 크루비나를 만들려고 하고 있습니다.{nl}	여신 라다
QUEST_UNUSED_20151022_001289	Sauveur... Le Kruvina ne devrait pas exister dans ce monde. Vous seul pouvez détruire le{nl}Kruvina et arrêter la conspiration des démons... C'est votre chance puisque Zaura a subi des{nl}dégâts critiques et s'est enfui !	구원자여.. 크루비나는 세상에 존재해서는 안될 물건이에요..{nl}당신만이 크루비나를 파괴하고 마족의 음모를 막을 수 있습니다..{nl}자우라가 치명상을 입고 도망간 지금이 기회입니다!	QUEST_LV_0100_20151016_009886	La Kruvina est une entité qui ne devrait pas exister en ce monde. Elle doit être détruite. Cet{nl}instant même est l'occasion en or ! Pendant que Seigneur démon Zaura est absent à soigner sa{nl}blessure mortelle !	크루비나는 세상에 존재해서는 안될 물건이에요. 반드시 파괴해야만 합니다.{nl}자우라가 치명상을 입고 도망간 지금이 기회에요!	여신 라다
QUEST_UNUSED_20151022_001290	Le Kruvina n'est pas achevé, mais puisqu'il est créé avec les vitalités de la déesse il ne serait pas{nl}possible de le briser par une force humaine.{nl}	크루비나는 아직 완성되지않았지만 여신의 생명력으로 만들어졌기 때문에{nl}인간의 힘만으로는 파괴할 수 없을 겁니다.{nl}	QUEST_LV_0100_20151016_009887	La Kruvina ici est instable car elle a puisé ma force vitale petit à petit. Cependant, ce qui est fait{nl}de la force vitale d'une déesse n'est pas facile à détruire.{nl}	제 생명력을 조금씩 흡수해서 만들고 있기 때문에 이 곳의 크루비나는 아직 불완전해요.{nl}하지만 아무리 마족의 물건이라도 여신의 생명력으로 만들어졌기 때문에 파괴하기가 조금 까다로울 거에요.{nl}	여신 라다
QUEST_UNUSED_20151022_001291	Mais vous êtes le Révélateur... Le pouvoir de Laima que vous possédez, joint au mien, pourrait{nl}détruire le Kruvina. Mais tous les dispositifs de liaison et les dispositifs de création du Kruvina{nl}répriment le pouvoir qui me reste. Détruisez les dispositifs de liaison et les dispositifs de{nl}création du Kruvina, je vous prie. Quand mon pouvoir reviendra, je le partagerai avec vous.	하지만 당신은 구원자..{nl}당신에게서 느껴지는 라이마의 힘에 미약하게나마 제 힘을 보태면 크루비나를 파괴할 수 있을 거에요.{nl}하지만 제 남은 힘은 모두 구속 장치와 크루비나 생성 장치들이 억누르고 있는 상태입니다.{nl}구속 장치와 크루비나 생성 장치를 파괴해주세요. 힘이 돌아오면 당신에게 힘을 나눠드리겠습니다.	QUEST_LV_0100_20151016_009888	En vous je sens le pouvoir de Laima. Avez-vous apporté l'orbe de Laima ? Si tel est le cas, le{nl}processus est simple. Utilisez l'orbe pour neutraliser la Kruvina. Mais le pouvoir manque un{nl}peu... Cela viendra plus tard. Pour l'instant, détruire le dispositif qui me retient et la machine qui{nl}crée la Kruvina est la première chose que vous devriez faire. Ensuite, j'insufflerai mes pouvoirs{nl}dans l'orbe. Je ne peux pas vous promettre grand-chose car il me reste peu de pouvoir.	당신에게서 라이마의 힘이 느껴집니다. 라이마의 보주를 가지고 오셨나요?{nl}그럼 얘기가 조금 쉬워져요. 보주에 깃든 여신의 힘으로 크루비나를 무력화시킬 수 있을 겁니다.{nl}하지만 힘이 조금 모자라는 것 같군요..{nl}일단 저를 구속하는 장치와 크루비나를 생성하는 장치들을 파괴해주세요.{nl}미약하게나마 힘을 되찾으면 당신의 보주에 여신의 힘을 불어넣어드리겠습니다.	여신 라다
QUEST_UNUSED_20151022_001292	Bien joué. La croissance du Kruvina s'arrêtera à un état inachevé.	잘 해주셨습니다. 크루비나는 불완전한 상태로 생성이 멈출거에요.	QUEST_LV_0100_20151016_009889	Bien joué. La création de la Kruvina a été stoppée. Elle ne croîtra plus. Merci de vos services.	잘 해주셨습니다. 크루비나는 불완전한 상태로 생성이 멈출거에요.{nl}감사합니다.	여신 라다
QUEST_UNUSED_20151022_001293	Bien qu'il soit incomplet, je ne peux pas laisser le Kruvina puisqu'il est dangereux. Avant que les{nl}démons n'en fassent mauvais usage, nous devrions le détruire.{nl}	불완전한 상태라고는 하지만 크루비나는 위험하기 때문에 그냥 내버려둘 수는 없습니다.{nl}마족이 크루비나를 악용하기 전에 파괴해야만 해요.{nl}	QUEST_LV_0100_20151016_009890	Ce n'est pas la fin. Quelle que soit l'imperfection de la Kruvina. Même dans son état imparfait, la{nl}Kruvina est une chose bien trop dangereuse pour exister.{nl}	하지만 그렇다고 불완전한 크루비나를 내버려둘 수는 없습니다.{nl}너무 위험한 물건이기 때문에 언제 어디서 악용될지 몰라요.{nl}	여신 라다
QUEST_UNUSED_20151022_001294	Maintenant que mon pouvoir, réprimé par le dispositif de création du Kruvina, est revenu, je{nl}vais le partager avec vous. Placez mon pouvoir dans l'orbe de Laima et détruisez le Kruvina au{nl}nom du sauveur.	크루비나 생성 장치에 억눌려있던 제 힘이 돌아왔으니 당신에게 제 힘을 나눠드리겠습니다.{nl}라이마의 보주에 제 힘을 보태서 구원자의 이름으로 크루비나를 파괴해주세요.	QUEST_LV_0100_20151016_009891	Maintenant, je vais insuffler dans cet orbe la majeure partie du pouvoir qu'il me reste. Le{nl}pouvoir d'une déesse accordera même à un humain comme vous la force de détruire la Kruvina.	제가 당신의 보주에 미약하게나마 여신의 힘을 불어넣어 드리겠습니다.{nl}크루비나 앞에서 여신의 힘을 사용하면 인간인 당신이라도 크루비나를 파괴할 수 있을 거에요.	여신 라다
QUEST_UNUSED_20151022_001295	Un démon noir appelé le Beholder a emporté le Kruvina inachevé et a disparu... Ce n'est rien...{nl}Sauveur... ce n'est pas votre faute.. Si vous n'aviez pas arrêté les démons, ils auraient achevé le{nl}Kruvina en utilisant le pouvoir des déesses.{nl}	주시자라고 불린 검은 마족이 중간에 끼어들어서 불완전한 크루비나를 가지고 사라졌군요..{nl}괜찮습니다.. 구원자여.. 당신의 탓이 아닙니다.{nl}당신이 마족들의 계획을 막아주지 않았다면 그들은 완전한 여신의 힘으로 크루비나를 만들었겠죠.{nl}	QUEST_LV_0100_20151016_009894	Une interférence du Beholder... C'était fort inattendu.. Mais peu importe... Révélateur... Ce n'est{nl}nullement votre faute. Si vous n'aviez pas déjoué le plan du démon, la Kruvina aurait été{nl}achevée. Empêcher sa création est en soi digne des plus grandes louanges. Ma chère sœur,{nl}Laima, aurait vu l'interférence du Beholder bien à l'avance.	주시자가 중간에 끼어들다니.. 전혀 예상조차 할 수 없었네요..{nl}괜찮습니다.. 계시자여.. 당신의 탓이 아닙니다.{nl}당신이 마족들의 계획을 막아주지 않았다면 그들은 완전한 여신의 힘으로 크루비나를 만들었겠죠.{nl}그걸 막은 것만으로도 큰 일을 해주셨습니다.{nl}그리고 아마 제 자매인 라이마 여신은 주시자의 개입 조차도 내다봤을 겁니다.	여신 라다
QUEST_UNUSED_20151022_001296	Vous avez accompli un grand travail. Je suis certaine que Laima, ma sœur, avait prévu le{nl}Beholder.	크루비나의 완성을 막은 것만으로도 큰 일을 해주신 겁니다.{nl}그리고 아마 제 자매인 라이마는 주시자의 개입 조차도 내다봤을 겁니다.				여신 라다
QUEST_UNUSED_20151022_001297	Merci de m'avoir sauvée. Sauveur. Grâce à cela, nous avons pu déjouer les plans des démons.{nl}Maintenant, je vais coopérer avec les villageois pour stabiliser la forêt.{nl}	구해주셔서 감사합니다. 구원자여.{nl}덕분에 마족의 계획도 막을 수가 있었습니다.{nl}저는 이제 마을 주민들과 힘을 합쳐 이 숲을 안정화시키려고 합니다.{nl}	QUEST_LV_0100_20151016_009895	Merci de m'avoir sauvé, Révélateur. Vous avez fait un travail formidable en mettant fin au plan{nl}du démon. Quant à moi, stabiliser la forêt avec les villageois est mon devoir.{nl}	저를 구해주셔서 감사합니다. 계시자여.{nl}덕분에 마족들의 계획도 막을 수가 있었습니다.{nl}저는 이제 마을 주민들과 힘을 합쳐 이 숲을 안정화시키도록 하겠습니다.{nl}	여신 라다
QUEST_UNUSED_20151022_001298	Avant que Laima ne commence à errer, elle m'a demandé quelque chose. Quand le sauveur{nl}apparaîtra et résoudra tous les désastres du village, elle veut que j'amène le sauveur aux mains{nl}de la statue de Laima. Prenez l'orbe de la déesse que Laima a préparé et rendez-vous aux mains{nl}de Laima à Zeraha.	그러고 보니 라이마가 방랑을 시작하기 전에 저에게 부탁한 일이 있습니다.{nl}구원자가 나타나 마을에 드리운 재앙을 모두 해결하고 나면{nl}구원자를 제라하의 라이마 여신상 손 끝으로 인도해달라고 했습니다.{nl}라이마가 준비한 여신의 보주를 챙겨서 제라하의 라이마 여신상 손 끝으로 가보세요.	QUEST_LV_0100_20151016_009896	Juste avant son errance volontaire, elle m'a dit quelque chose. Elle a dit qu'il y aurait un désastre,{nl}que même elle ne pourrait empêcher... Quand ce moment viendrait, mener un étranger portant{nl}son orbe jusqu'à la main de la statue géante de la Déesse. Prenez l'orbe de Laima et rendez-vous{nl}à la main de la statue géante.	그러고 보니 라이마가 방랑을 시작하기 전에 저에게 이런 말을 했습니다.{nl}저 조차도 막을 수 없는 재앙이 들이닥칠 거라고..{nl}그 때 자신이 남겨둔 보주를 가지고 온 이방인을 거대 여신상의 손 끝으로 인도해달라고 말이죠.{nl}라이마의 보주를 챙겨서 거대 여신상의 손 끝으로 가보세요.	여신 라다
QUEST_UNUSED_20151022_001299	Je ne m'attendais pas à ce que Laima soit capturée par Giltine... Sauveur... je compte sur vous.{nl}Vous êtes le seul à pouvoir arrêter la conspiration de Giltine et sauver Laima.{nl}	라이마가 길티네에게 붙잡혔다니..{nl}구원자여.. 부탁드립니다.{nl}라이마를 구하고 길티네의 음모를 막을 수 있는 건 구원자인 당신 밖에 없습니다.{nl}	QUEST_LV_0100_20151016_009898	Ah... Non, ce n'est pas possible... Laima est retenue captive par Giltine... Sauveur... Je vous en{nl}prie, arrêtez Giltine et son plan maléfique et sauvez Laima...{nl}	아아.. 이럴 수가..{nl}라이마가 길티네에게 붙잡혔다니..{nl}구원자여.. 부디 라이마를 구하고 길티네의 음모를 막아주세요..{nl}	여신 라다
QUEST_UNUSED_20151022_001300	Je vais vous transmettre le pouvoir contenu dans l'orbe. J'espère qu'il vous aidera dans{nl}l'accomplissement de votre devoir.. Je vais stabiliser ce lieu et restaurer mon pouvoir pour{nl}chercher mes autres sœurs...	당신이 가지고 있는 보주에 깃든 힘을 당신에게 전해드리겠습니다.{nl}구원자로서의 임무를 수행하는데 보탬이 되었으면 좋겠네요..{nl}저도 이 곳을 안정화하며 힘을 회복해서 다른 자매들을 찾아보겠습니다..	QUEST_LV_0100_20151016_009899	J'appellerai mes sœurs une fois que la situation en ce lieu se sera stabilisée et que j'aurai{nl}recouvré tout mon pouvoir...	저도 이 곳을 안정화하며 힘을 회복하면 자매들을 모아보겠습니다..	여신 라다
QUEST_UNUSED_20151022_001301	Le sanctuaire des déesses était bâti ici à l'origine, mais les démons ont brisé les sanctuaires.{nl}J'essaie de restaurer le sanctuaire avec les villageois pour Lada et Laima qui reviendront un jour.{nl}Mais beaucoup de démons rôdent encore. Nous devrions chasser les démons afin de restaurer le{nl}sanctuaire.{nl}	이 곳에는 원래 여신을 위한 신전이 세워져 있었지만 마족들이 신전을 무너뜨려버렸습니다.{nl}저는 라다 여신과 언젠가 돌아올 라이마 여신을 위해 마을 사람들과 함께 신전을 재건하려고 합니다.{nl}하지만 아직도 남은 마족들이 이 곳을 돌아다니고 있습니다.{nl}신전을 재건하기 전에 남은 마족들을 몰아내야 합니다.{nl}	QUEST_LV_0100_20151016_009901	Il y avait autrefois un temple pour vénérer la déesse. Il a été renversé par les démons. J'attends le{nl}retour des Déesses Lada et Laima et j'essaie de rebâtir le temple avec l'aide des villageois.{nl}Cependant, il reste encore quelques démons.{nl}	이 곳에는 원래 여신을 위한 신전이 세워져 있었지만 마족들이 신전을 무너뜨려버렸습니다.{nl}저는 라다 여신과 언젠가 돌아올 라이마 여신을 위해 마을 사람들과 함께 신전을 재건하려고 합니다.{nl}하지만 아직도 남은 마족들이 이 곳을 돌아다니고 있습니다.{nl}	마을 사제
QUEST_UNUSED_20151022_001302	Je ne sais pas pourquoi des démons restent encore ici après avoir vu le seigneur démon expulsé.	마군주도 몰아냈는데 여기 남은 마족들은 뭘 건지겠다고 남은 걸까요?	QUEST_LV_0100_20151016_009903	Je ne comprends pas pourquoi les démons s'attardent encore alors même que leur Seigneur{nl}démon est tombé. À quoi bon ?	마군주도 죽었는데 여기 남은 마족들은 뭘 건지겠다고 남은 걸까요?	마을 사제
QUEST_UNUSED_20151022_001303	Il y a une immense cité appelée Fedimian qui n'est pas si loin de cette forêt. Parmi les maîtres de{nl}Fedimian, il y a peut-être quelqu'un qui sait purifier la terre. Je dois le chercher, mais je ne peux{nl}pas partir maintenant car je suis trop occupé.. Pouvez-vous aller demander conseil à ma place{nl}au maître qui sait purifier la terre ?	이 숲에서 멀지 않은 곳에 페디미안이라는 대도시가 있어요.{nl}혹시 페디미안에 계신 마스터님들 중에 대지를 정화할 방법을 알고 계신 분이 계시지 않을까요?{nl}제가 찾아봐야하지만 이 곳의 일손이 부족해서 자리를 비우기 힘든 상황이네요..{nl}괜찮으시면 페디미안에서 대지를 정화할 방법을 아는 마스터님께 조언을 구해주실 수 있을까요?	QUEST_LV_0100_20151016_009906	Dites, l'un des maîtres d'Orsha ne connaîtrait-il pas un moyen de purifier la terre ? Je leur{nl}demanderais moi-même mais je suis occupé pour le moment... Voudriez-vous rendre visite aux{nl}maîtres d'Orsha et voir s'ils ont des idées ?	혹시 오르샤에 계신 마스터님들 중에 대지를 정화할 방법을 알고 계신 분이 계시지 않을까요?{nl}제가 찾아봐야하지만 이 곳의 일손이 부족해서 자리를 비우기 힘든 상황이네요..{nl}괜찮으시면 오르샤에서 대지를 정화할 방법을 아는 마스터님께 조언을 구해주실 수 있을까요?	마을 사제
QUEST_UNUSED_20151022_001304	Gina Greene	지나 그린				
QUEST_UNUSED_20151022_001305	Ahah... je sais comment purifier la terre. Je ne peux pas partir maintenant, alors je vais inscrire le{nl}cercle magique de purification sur le parchemin.	아아.. 대지를 정화하는 방법이라면 제가 알고 있어요.{nl}저도 자리를 비울 상황은 못되서 정화의 마법진을 주문서에 써드릴게요.	QUEST_LV_0100_20151016_009908	Ah... Vous cherchez un moyen de purifier la terre ? Comment pourrais-je dire non à ce visage. Je{nl}vais vous procurer un Parchemin de purification.	아아.. 대지를 정화하는 방법이라면 내가 알고 있지..{nl}사정을 듣고도 어찌 모른 척을 하겠나.{nl}내가 정화의 마법진을 주문서에 써주겠네.	지나 그린
QUEST_UNUSED_20151022_001306	Parmi les maîtres de Fedimian, il doit y avoir quelqu'un qui sait purifier la terre ! Il doit bien y{nl}avoir quelqu'un...	페디미안에 있는 마스터님들이라면 분명 대지를 정화하는 방법을 아시는 분이 계실거에요!{nl}계셔야 하는데..	QUEST_LV_0100_20151016_009909	Il doit y avoir un maître à Orsha qui connaît un moyen de purifier la terre ! Il doit y en avoir{nl}un...	오르샤에 있는 마스터님들이라면 분명 대지를 정화하는 방법을 아시는 분이 계실거에요!{nl}계셔야 하는데..	마을 사제
QUEST_UNUSED_20151022_001307	Vous êtes revenu vite. Avez-vous trouvé la méthode ?{nl}	금방 다녀오셨군요. 방법은 알아오셨습니까?{nl}	QUEST_LV_0100_20151016_009910	Ouah ! Un Parchemin de purification ? C'est parfait ! Merci infiniment !	우와! 정화의 주문서를 써주셨다구요?{nl}기대 이상의 수확이네요! 감사합니다!	마을 사제
QUEST_UNUSED_20151022_001308	Le Maître Druide vous a écrit le parchemin lui-même ? Cela veut dire que ce qui est dessiné sur{nl}ce parchemin est le cercle magique de purification ! C'est plus que je n'espérais. Merci !	드루이드 마스터님께서 직접 주문서를 써주셨다구요?{nl}그러니까 그 주문서에 그려진 게 정화의 마법진이라는 소리군요!{nl}이거 기대 이상의 수확인데요? 감사합니다!				마을 사제
QUEST_UNUSED_20151022_001309	Maintenant, avec le parchemin de purification que nous avons obtenu, nous devons purifier la{nl}terre. Il semble que les totems démoniaques dressés à travers la contrée soient à l'origine de la{nl}pollution. Mais, à cause des démons qui protègent les totems démoniaques, nous ne pouvons{nl}pas approcher..{nl}	이제 구해온 정화의 주문서로 대지를 정화하는 일만 남았군요.{nl}살펴보니 아무래도 곳곳에 세워진 마족 토템을 근원으로 대지가 물들고 있는 것 같습니다.{nl}그런데 마족 토템을 지키는 마족들 때문에 도저히 가까이 갈 엄두가 안나더라구요..{nl}	QUEST_LV_0100_20151016_009911	Pendant que vous, le Révélateur, étiez absent à Orsha, j'ai regardé alentour. Les totems{nl}démoniaques érigés à travers la terre la corrompent. Les démons les gardent, je n'ai donc pas pu{nl}les approcher...{nl}	계시자님께서 오르샤에 다녀오시는 동안 주변을 살펴봤어요.{nl}아무래도 곳곳에 세워진 마족 토템을 근원으로 대지가 물들고 있는 것 같습니다.{nl}그런데 마족 토템을 지키는 마족들 때문에 도저히 가까이 갈 엄두가 안나더라구요..{nl}	마을 사제
QUEST_UNUSED_20151022_001310	Merci infiniment d'avoir résolu des affaires difficiles pour les villageois ! Votre grande puissance{nl}nous a beaucoup aidés. Quand le sanctuaire des déesses sera bâti ici à l'avenir, passez donc nous{nl}voir !	마을 사람들이 하기 어려운 일을 해결해주셔서 감사합니다!{nl}계시자님의 강한 힘이 큰 도움이 됐습니다.{nl}언젠가 이 곳에 여신을 위한 신전이 세워지면 계시자님도 한번 들리세요!	QUEST_LV_0100_20151016_009914	Oh merci infiniment ! J'avais vraiment besoin de votre aide ! Quand le temple sera bâti, venez{nl}me rendre visite !	감사합니다! 일 손이 많이 필요했는데 덕분에 큰 도움이 됐습니다!{nl}언젠가 이 곳에 여신을 위한 신전이 세워지면 계시자님도 한번 들리세요!	마을 사제
QUEST_UNUSED_20151022_001311	Maintenant, je vais travailler avec les villageois pour restaurer le sanctuaire des déesses. Je{nl}cherche où bâtir le sanctuaire et j'ai trouvé là-haut la terre pleine de vitalités. Les démons ont{nl}déboulé, je n'ai donc pas pu l'examiner attentivement, mais l'énergie du sol nous aiderait à{nl}restaurer les vitalités.{nl}	이제 마을 주민들과 힘을 합쳐서 여신을 위한 신전을 재건하려고 하네.{nl}어디에 신전을 지으면 좋을까 터를 돌아보고 있는데 저 위쪽에서 생명의 기운이 가득한 땅을 찾았지.{nl}마족들이 덤벼들어서 자세히 살펴보지는 못했지만 그 땅의 기운이라면 라다 여신께서{nl}기운을 회복하는 데 큰 도움이 될 것 같네.{nl}	QUEST_LV_0100_20151016_009916	Il est temps pour nous de rebâtir le temple tous ensemble. J'ai cherché le bon endroit et j'en ai{nl}trouvé un parfait là-haut. Il est riche en force vitale. Des démons se sont approchés de moi, je{nl}n'ai donc pas eu beaucoup de temps pour l'examiner plus attentivement. Peu importe, je crois{nl}vraiment que la Déesse Lada recouvrera ses forces plus vite si elle se repose en ce lieu.{nl}	이제 우리는 마을 주민들과 힘을 합쳐서 여신을 위한 신전을 재건하려고 하네.{nl}어디에 신전을 지으면 좋을까 터를 돌아보고 있는데 저 위쪽에서 생명의 기운이 가득한 땅을 찾았지.{nl}마족들이 덤벼들어서 자세히 살펴보지는 못했지만 그 땅의 기운이라면 라다 여신께서{nl}기운을 회복하는 데 큰 도움이 될 것 같네.{nl}	마을 신관
QUEST_UNUSED_20151022_001312	Même en ce moment, le Kruvina s'achève lentement. Nous devrions nous dépêcher.	지금도 크루비나는 조금씩 완성되고 있습니다.{nl}서둘러야 해요.				여신 라다
QUEST_UNUSED_20151022_001313	Si nous brisons le dispositif qui absorbe les vitalités, ma vitalité ne serait pas transmise au{nl}Kruvina.	생명력 흡수 장치를 파괴하면 더 이상 제 생명력이 크루비나로 전해지지 않을 거에요.				여신 라다
QUEST_UNUSED_20151022_001314	Continuons encore un peu. Tenez bon encore un peu, je vous prie. Sauveur.	이제 조금만 더 하면 됩니다.{nl}힘을 내세요. 구원자여.				여신 라다
QUEST_UNUSED_20151022_001315	Purifiez la terre que les démons ont polluée, je vous prie.	마족이 더럽힌 대지를 꼭 정화해주세요.				지나 그린
QUEST_UNUSED_20151022_001316	Le dispositif de liaison réprime tout mon pouvoir restant et m'entrave. Le dispositif de liaison{nl}n'est pas si puissant, vous pourriez donc le détruire avec votre force.	구속 장치가 미약하게나마 남아있는 제 힘을 모두 억눌러 저를 구속하고 있습니다.{nl}구속 장치 자체는 강한 장치가 아니기 때문에 당신의 힘으로도 충분히 파괴할 수 있을 거에요.				여신 라다
QUEST_UNUSED_20151022_001317	Vous avez bien agi. Le pouvoir enfermé dans le dispositif de liaison est un peu revenu.{nl}Maintenant, nous devrions briser le dispositif d'absorption.	잘해주셨습니다.{nl}구속 장치에 갇혀있던 힘이 조금이나마 돌아왔습니다.{nl}이제 생명력 흡수 장치를 파괴해야합니다.				여신 라다
QUEST_UNUSED_20151022_001318	Le dispositif absorbe mes vitalités à l'aide du cercle magique. Il a été créé pour n'absorber que{nl}les vitalités d'une déesse innocente, il cessera donc de fonctionner s'il absorbe d'autres vitalités.{nl}En particulier, quand le sang du démon, opposé à ma vitalité, s'y mêlera, il résistera beaucoup.	생명력 흡수 장치는 마법진으로 제 생명력을 흡수하고 있습니다.{nl}순수한 여신의 생명력만을 흡수하도록 만들어져 있기 때문에 다른 생명력이 흡수되면 작동을 멈출거에요.{nl}특히 저의 생명력과 반대되는 마족의 혈액을 섞는다면 더 강력한 반발력이 생길 겁니다.				여신 라다
QUEST_UNUSED_20151022_001319	Vous êtes vraiment le sauveur préparé par Laima. Il ne nous reste plus que le dispositif de{nl}contrôle du Kruvina.{nl}	역시 라이마가 준비한 구원자답습니다.{nl}이제 크루비나 제어 장치만 남았습니다.{nl}				여신 라다
QUEST_UNUSED_20151022_001320	Le dispositif de contrôle du Kruvina accumule les vitalités des déesses et en envoie une certaine{nl}quantité au Kruvina et réprime la création du Kruvina. Il fonctionne grâce à l'énergie{nl}démoniaque des démons, aussi, quand vous utiliserez l'orbe de la déesse le dispositif se{nl}surchargera et cessera de fonctionner.	크루비나 제어 장치는 여신의 생명력을 모아뒀다가 크루비나로 일정량씩 보내서{nl}크루비나 생성을 제어하는 장치입니다.{nl}마족의 마력으로 움직이고 있기 때문에 당신이 가지고 있는 여신의 보주를 사용하면{nl}마력 과부하를 일으켜 제어 장치가 작동을 멈출 겁니다.				여신 라다
QUEST_UNUSED_20151022_001321	La grande cathédrale est près de Fedimian, aussi la cité a-t-elle beaucoup prospéré sur le plan{nl}religieux. Fedimian n'a pas pu échapper à Medzio Diena, mais les survivants se sont regroupés et{nl}tentent de restaurer Fedimian.	페디미안은 근처에 대성당이 있어서 종교적으로 크게 부흥했던 대도시에요.{nl}페디미안 역시 신수의 날을 피해가진 못했지만 그 곳에 생존자들이 뭉쳐서{nl}페디미안을 복구하려는 움직임이 있다고 해요.				마을 사제
QUEST_UNUSED_20151022_001322	La fille regarde l'arbre qui brille mystérieusement.	소녀는 신비하게 빛나는 묘목을 지켜보고 있다.				소녀
QUEST_UNUSED_20151022_001323	Comme les poudres noires sont tombées du pilier, les monstres accourent !	기둥에서 검은 가루가 떨어지자 몬스터들이 홀린 듯이 몰려듭니다!	QUEST_UNUSED_20151001_000560	En voyant la poussière noire tomber du pilier, les monstres sont accourus !	기둥에서 검은 가루가 떨어지자 그것을 보고 몬스터들이 몰려듭니다!	
QUEST_UNUSED_20151022_001324	En brossant les poudres noires, vous voyez les lettres gravées !	검은 가루를 털어냈더니 새겨진 글씨가 보입니다!	QUEST_UNUSED_20151001_000562	Après avoir brossé la poussière noire, ce qui se trouve en dessous ressemble à un registre !	검은 가루를 털어냈더니 어떤 기록 같은 것이 보입니다!	
QUEST_UNUSED_20151022_001325	La lumière du cristal qui émet un rayon mystérieux semble plus faible que je ne le pensais.{nl}Pour qu'il émette un rayon suffisant, obtenez de l'huile lumineuse sur les monstres alentour !	신비한 빛을 내는 결정의 빛이 생각보다 약한 것 같습니다.{np}충분한 빛을 내도록 주변 몬스터에게서 야광 기름을 구해 오세요!	QUEST_UNUSED_20151016_000814	Le cristal qui émet la lumière mystérieuse n'est pas entièrement rempli !{nl}Vainquez les monstres alentour pour récolter de l'huile de monstre et faire briller la lumière du cristal !	신비한 빛을 내는 결정의 빛이 충분하지 않은 것 같습니다!{nl}주변 몬스터에게서 신비한 빛을 내는 결정이 충분한 빛을 내도록 몬스터 기름을 구해 오세요!	
QUEST_UNUSED_20151022_001326	Vous pourrez lire les lettres après avoir récolté de l'huile lumineuse !	야광 기름을 모아야 글귀를 읽을 수 있습니다!	QUEST_UNUSED_20151001_000565	Pour lire les mots, il vous faut récolter de l'huile de monstre !	몬스터 기름을 모아야 글귀를 읽을 수 있습니다!	
QUEST_UNUSED_20151022_001327	Dites les nombres que les lettres indiquent près du pilier !	기둥 가까이에서 글귀가 말하는 숫자를 말해 보세요!	QUEST_UNUSED_20151001_000570	Tenez-vous près du pilier et énoncez les nombres !	기둥 가까이 서서 어딘가에서 얻은 숫자를 말해 봅시다!	
QUEST_UNUSED_20151022_001328	Vous ne la voyez pas clairement, mais la mousse qui brille vaguement vous permet de lire un peu les lettres. {nl}En récoltant des mousses comme celles-ci, vous pourriez lire les lettres.	잘 보이진 않지만, 희미하게 빛나는 이끼가 글귀를 조금 비추었습니다.{nl}이것과 같은 이끼를 모으면 글귀를 읽을 수 있을 것 같습니다	QUEST_UNUSED_20151001_000573	Il fait trop sombre pour voir ! Récoltez de la mousse luisante dans les environs !	어두워서 보이지 않습니다! 주변에서 빛나는 이끼를 채취해 오세요!	
QUEST_UNUSED_20151022_001329	Le pilier s'est effondré !{nl}Obtenez du liquide gluant sur les monstres et réparez le pilier !	기둥이 무너져 버렸습니다!{nl}몬스터로부터 점성 있는 액체를 구해 기둥을 수리 하세요!				
QUEST_UNUSED_20151022_001330	Obtenez du liquide gluant qui servira à réparer le pilier, je vous prie !	기둥을 수리 할 만한 점성 있는 액체를 구해 오세요!				
QUEST_UNUSED_20151022_001331	Enfin, il semble que je vais pouvoir lire les lettres !	드디어 새겨진 글귀를 읽을 수 있을 것 같습니다!	QUEST_UNUSED_20151001_000582	Vous pouvez lire les lettres !	글귀를 읽을 수 있는 상태가 되었습니다!	
QUEST_UNUSED_20151022_001332	Je vais aider	괜찮은 생각이니 돕겠다고 한다	QUEST_LV_0100_20151001_008893	De quel genre d'aide avez-vous besoin ? 	도와 줄 일을 말해 보라고 한다	
QUEST_UNUSED_20151022_001333	Cela ne m'intéresse pas	별로 관심 없다고 한다	QUEST_LV_0100_20150317_002379	Annuler	종료	
QUEST_UNUSED_20151022_001334	Comme Albinas vous l'a dit, les pierres tombales polluées attirent les monstres !{nl}Vainquez les monstres et brisez les pierres tombales !	알비나스가 말한 대로 오염된 비석이 몬스터를 끌어들입니다!{nl}몬스터를 물리치면서 비석을 파괴하세요!	QUEST_LV_0100_20151016_009928	Albinas disait la vérité !{nl}Les pierres tombales sont corrompues et engendrent des monstres ! Vainquez les monstres et détruisez les pierres tombales !	알비나스의 말이 맞는 것 같습니다!{nl}비석이 오염되어 몬스터가 튀어나온 것 같으니, 몬스터를 물리치면서 비석을 파괴하세요!	
QUEST_UNUSED_20151022_001335	Fuyons	도망가자	QUEST_LV_0100_20150317_002379	Annuler	종료	
QUEST_UNUSED_20151022_001336	Sortir maintenant	이만 물러난다				
QUEST_UNUSED_20151022_001337	Vous n'avez plus à vous excuser	여기까지 했으니 사과는 충분하다고 한다	QUEST_LV_0100_20150317_002379	Annuler	종료	
QUEST_UNUSED_20151022_001338	Attendez que cela se termine, je vous prie	끝날 때 까지 기다린다	QUEST_LV_0100_20150317_002379	Annuler	종료	
QUEST_UNUSED_20151022_001339	Je vais aider à l'enquête sur Albinas	알비나스 조사를 돕겠다고 한다	QUEST_LV_0100_20150317_003015	Je vais le chercher. 	구해 오겠다고 한다	
QUEST_UNUSED_20151022_001340	Je vais le découvrir	알아오겠다고 한다	QUEST_LV_0100_20150317_002378	Très bien	알겠다고 한다	
QUEST_UNUSED_20151022_001341	Attendons simplement les résultats	그냥 결과를 기다리자고 한다	QUEST_LV_0100_20150317_002379	Annuler	종료	
QUEST_UNUSED_20151022_001342	Je vais les prévenir	알려주겠다고 한다	QUEST_LV_0100_20151001_008918	Je vais vous le dire 	알려 주겠다고 한다	
QUEST_UNUSED_20151022_001343	J'abandonne cela	이 일에서 손을 떼겠다고 한다	QUEST_LV_0100_20150317_002379	Annuler	종료	
QUEST_UNUSED_20151022_001344	Je vais aller aider Fabijus	당장 파비유스를 도우러 가겠다고 한다	QUEST_LV_0100_20151001_008920	J'irai là où Pavius est allé	파비유스가 간 곳으로 가겠다고 한다	
QUEST_UNUSED_20151022_001345	Réfléchissons-y un moment	일단 생각할 시간을 갖자고 한다	QUEST_LV_0100_20150317_002379	Annuler	종료	
QUEST_UNUSED_20151022_001346	Je le lui transmettrai	흔쾌히 전해 주겠다고 한다	QUEST_LV_0100_20150317_003256	J'irai	가 보겠다고 한다	
QUEST_UNUSED_20151022_001347	Il est temps de se dire adieu	이만 헤어져야 할 것 같다고 한다	QUEST_LV_0100_20150317_002379	Annuler	종료	
QUEST_UNUSED_20151022_001348	Je vais aider en secret	몰래 돕겠다고 한다	QUEST_LV_0100_20150317_003178	Je vais aider	도와 주겠다고 한다	
QUEST_UNUSED_20151022_001349	Je suis venu ici parce que Leopoldas m'a demandé de l'aide	레오폴다스가 도와주래서 왔다고 한다	QUEST_LV_0100_20150317_003391	Je vais l'apporter 	가져오겠다고 한다	
QUEST_UNUSED_20151022_001350	L'endroit où se trouvaient les marchandises des marchands a été creusé par des monstres !	상단 물건이 있던 곳은 이미 몬스터가 다 파헤친 뒤입니다!{nl}몬스터를 처치하고 물건을 되찾으세요!	QUEST_LV_0100_20151016_009942	L'entrepôt de l'Alliance marchande est infesté de monstres !{nl}Vainquez-les et trouvez des indices !	상단 물품이 있는 곳을 이미 몬스터들이 다 파헤쳤습니다!{nl}몬스터들을 처치하고 단서를 찾으세요!	
QUEST_UNUSED_20151022_001351	Ce sera trop difficile	그것까진 무리일 것 같다고 한다	QUEST_LV_0100_20150317_002379	Annuler	종료	
QUEST_UNUSED_20151022_001352	Façonner la pierre tombale	비석의 모양을 잡는 중	QUEST_LV_0100_20151001_008943	Bâtir le Sanctuaire	성소를 만드는 중	
QUEST_UNUSED_20151022_001353	Je vais refuser	그런 건 거절하겠다고 한다				
QUEST_UNUSED_20151022_001354	Ignorer et passer votre chemin	무시하고 갈 길 간다	QUEST_LV_0100_20150317_002379	Annuler	종료	
QUEST_UNUSED_20151022_001355	Adieu	잘 가라고 한다	QUEST_LV_0100_20151016_009954	Continuer à parler	이야기를 더 나눈다	
QUEST_UNUSED_20151022_001356	Aller aider	도와주러 간다				
QUEST_UNUSED_20151022_001357	Ne pas aider	도와주지 않는다				
QUEST_UNUSED_20151022_001358	Administrer le remède liquide	물약을 먹인다				
QUEST_UNUSED_20151022_001359	Chercher un autre moyen	다른 방법을 강구한다				
QUEST_UNUSED_20151022_001360	Chercher un marchand	행상인을 찾는다				
QUEST_UNUSED_20151022_001361	Ne pas chercher de marchand	행상인을 찾지 않는다	QUEST_LV_0200_20150317_001353	J'ai besoin d'un peu de temps pour me préparer	잠시 준비할 시간이 필요하다고 한다	
QUEST_UNUSED_20151022_001362	Chercher le marchand après avoir senti son odeur	행상인의 체취 맡게 해 행상인을 찾으세요				
QUEST_UNUSED_20151022_001363	Retourner voir Rose	로제에게 돌아가라고 한다				
QUEST_UNUSED_20151022_001364	Je vais aller le chercher	찾으러 간다				
QUEST_UNUSED_20151022_001365	Je vais aller le vaincre	처치하러 간다				
QUEST_UNUSED_20151022_001366	Je reviendrai plus tard	나중에 오겠다고 한다				
QUEST_UNUSED_20151022_001367	Je vais aller chercher les herbes	약초를 구하러 간다				
QUEST_UNUSED_20151022_001368	Retourner bientôt au village	얼른 마을로 돌아가라고 한다				
QUEST_UNUSED_20151022_001369	Aller rencontrer le Sous-maître Clerc	클레릭 서브 마스터에게 가본다	QUEST_LV_0200_20150714_008144	Lui demander s'il y a quelque chose à faire	도와줄 수 있는 게 있는지 묻는다	
QUEST_UNUSED_20151022_001370	Retourner vite au village	마을로 얼른 돌아가라고 한다				
QUEST_UNUSED_20151022_001371	Parler des symptômes de Herboriste Tales	약초꾼 테일스의 증상을 알리는 중				
QUEST_UNUSED_20151022_001372	Aller Voir Herboriste Tales	약초꾼 테일스에게 간다				
QUEST_UNUSED_20151022_001373	Remettez-le vous-même	직접 전달하라고 한다	QUEST_LV_0100_20151001_009014	Lui dire d'attendre encore un peu	잠시 기다려 달라고 한다	
QUEST_UNUSED_20151022_001374	Fouiller les environs	주변을 수색한다				
QUEST_UNUSED_20151022_001375	Allons-y, simplement	그냥 가자고 한다				
QUEST_UNUSED_20151022_001376	Aller fouiller la cachette des démons	마족의 근거지를 수색하러 간다				
QUEST_UNUSED_20151022_001377	Retourner voir Rose	로제에게 돌아가세요				
QUEST_UNUSED_20151022_001378	Aller éliminer l'alimentation de l'appareil	장치의 동력원 제거하러 간다				
QUEST_UNUSED_20151022_001379	Retirer le piège	덫을 풀어준다				
QUEST_UNUSED_20151022_001380	J'ai quelque chose d'urgent à faire	급한 일이 있다고 한다				
QUEST_UNUSED_20151022_001381	Retirer le piège	덫 풀어주기				
QUEST_UNUSED_20151022_001382	Aller détruire le cercle magique	마법진을 파괴하러 간다				
QUEST_UNUSED_20151022_001383	La couche protectrice du chaudron a disparu. Éliminez le chaudron.	솥의 보호막이 사라졌습니다. 솥을 제거하세요				
QUEST_UNUSED_20151022_001384	Je vais brûler la boîte	상자를 불태우겠다고 한다	QUEST_LV_0200_20150317_001212	Laisse-moi faire	맡겨달라고 한다	
QUEST_UNUSED_20151022_001385	Écouter les explications	설명을 듣는다	QUEST_LV_0100_20150317_002398	Accepter	수락	
QUEST_UNUSED_20151022_001386	Vous n'avez pas besoin de le faire	그럴필요 없다고 한다				
QUEST_UNUSED_20151022_001387	Merci de me l'avoir fait savoir	알려줘서 고맙다고 한다	QUEST_LV_0100_20150317_002398	Accepter	수락	
QUEST_UNUSED_20151022_001388	Je suis fatigué maintenant	지금은 힘들다고 한다				
QUEST_UNUSED_20151022_001389	Je vais y réfléchir encore un peu	좀 더 생각해보겠다고 한다	QUEST_LV_0100_20150317_002379	Annuler	종료	
QUEST_UNUSED_20151022_001390	Je vais aller le trouver	그를 찾겠다고 한다	QUEST_LV_0100_20150317_002398	Accepter	수락	
QUEST_UNUSED_20151022_001391	J'ai des affaires à régler près d'ici	주변에 볼일이 있다고 한다	QUEST_LV_0100_20150317_002379	Annuler	종료	
QUEST_UNUSED_20151022_001392	Fais-le toi-même	직접하라고 한다				
QUEST_UNUSED_20151022_001393	Je le ferai plus tard	나중에 해본다고 한다				
QUEST_UNUSED_20151022_001394	Je vais aller le chercher	찾아보겠닥 한다	QUEST_LV_0100_20150317_002398	Accepter	수락	
QUEST_UNUSED_20151022_001395	Ce sera difficile à trouver	찾기 힘들거라고 한다	QUEST_LV_0100_20150317_002379	Annuler	종료	
QUEST_UNUSED_20151022_001396	Je passerai	들리겠다고 한다	QUEST_LV_0100_20150317_003804	Oui, je passerai	들르겠다고 한다	
QUEST_UNUSED_20151022_001397	Ce ne sera pas un effort vain	헛수고라고 한다	QUEST_LV_0100_20150317_002379	Annuler	종료	
QUEST_UNUSED_20151022_001398	J'irai le rencontrer	만나러 가겠다고 한다	QUEST_LV_0100_20150317_002398	Accepter	수락	
QUEST_UNUSED_20151022_001399	J'ai quelque chose à faire	할일이 있다고 한다	QUEST_LV_0100_20150317_003558	Ce n'est rien de grave	별 일 아닐거라고 한다	
QUEST_UNUSED_20151022_001400	Je vais sauver la situation	바로 구하러 가겠다고 한다				
QUEST_UNUSED_20151022_001401	Je ne suis pas encore prêt	준비가 덜 됐다고 한다				
QUEST_UNUSED_20151022_001402	Ce sera difficile à trouver	찾기 힘들 것 같다고 한다				
QUEST_UNUSED_20151022_001403	C'est inutile	소용없다고 한다				
QUEST_UNUSED_20151022_001404	Je vais le démonter	해체하겠다고 한다	QUEST_LV_0100_20150317_002398	Accepter	수락	
QUEST_UNUSED_20151022_001405	Aller chercher un endroit plus sûr	더 안전한 곳을 찾아보라고 한다	QUEST_LV_0100_20150317_002379	Annuler	종료	
QUEST_UNUSED_20151022_001406	Je vais aller les récolter	수집해오겠다고 한다	QUEST_LV_0100_20150317_003086	Je vais le récolter	모아 오겠다고 한다	
QUEST_UNUSED_20151022_001407	C'est une idée extrême	지나친 생각이라고 한다	QUEST_LV_0200_20150323_004531	Lui dire qu'il y a un problème plus urgent	더 급한 일이 있다고 한다	
QUEST_UNUSED_20151022_001408	Je vais aller le chercher	찾아주겠다고 한다				
QUEST_UNUSED_20151022_001409	Je reviendrai après l'avoir rapporté	보고하고 오겠다고 한다	QUEST_LV_0100_20150317_002398	Accepter	수락	
QUEST_UNUSED_20151022_001410	Je m'en servirai bien	잘 쓰겠다고 한다	QUEST_LV_0100_20150317_002398	Accepter	수락	
QUEST_UNUSED_20151022_001411	Je suivrai bientôt	곧 따라가겠다고 한다				
QUEST_UNUSED_20151022_001412	Regardons à l'intérieur	안에서 보자고 한다	QUEST_LV_0100_20150317_002398	Accepter	수락	
QUEST_UNUSED_20151022_001413	Je vais essayer de le démonter	해체해보겠다고 한다	QUEST_LV_0100_20150317_002398	Accepter	수락	
QUEST_UNUSED_20151022_001414	Aller vérifier	확인해 본다	QUEST_LV_0100_20150317_002398	Accepter	수락	
QUEST_UNUSED_20151022_001415	Chercher encore alentour	주변을 더 살펴 본다	QUEST_LV_0100_20150317_002379	Annuler	종료	
QUEST_UNUSED_20151022_001416	Je vais aller le chercher	찾아가겠다고 한다				
QUEST_UNUSED_20151022_001417	J'en récolterai assez	충분히 모아오겠다고 한다	QUEST_LV_0100_20150317_002398	Accepter	수락	
QUEST_UNUSED_20151022_001418	Je suivrai bientôt	바로 따라가겠다고 한다				
QUEST_UNUSED_20151022_001419	J'y vais tout de suite	바로 가보겠다고 한다				
QUEST_UNUSED_20151022_001420	Nous ne sommes pas tout à fait prêts	준비가 부족하다고 한다				
QUEST_UNUSED_20151022_001421	Je vais aller le chercher	찾아가 보겠다고 한다	QUEST_LV_0100_20150317_002398	Accepter	수락	
QUEST_UNUSED_20151022_001422	J'ai d'abord des choses à faire	먼저 해야할 일이 있다고 한다	QUEST_LV_0100_20150317_002379	Annuler	종료	
QUEST_UNUSED_20151022_001423	C'est absurde	어처구니없다고 한다	QUEST_LV_0100_20150317_002379	Annuler	종료	
QUEST_UNUSED_20151022_001424	Je vais aller l'éliminer	없애고 온다고 한다	QUEST_LV_0100_20150317_002494	J'irai là-bas	다녀오겠다고 한다	
QUEST_UNUSED_20151022_001425	J'y vais tout de suite	바로 가겠다고 한다				
QUEST_UNUSED_20151022_001426	Il reste encore des choses à faire	할 일이 남았다고 한다				
QUEST_UNUSED_20151022_001427	C'est une perte de temps	시간낭비라고 한다	QUEST_LV_0100_20150317_002379	Annuler	종료	
QUEST_UNUSED_20151022_001428	Les Qualités de l'Épéiste [Avancement Épéiste]	소드맨으로서의 자질[소드맨 전직]				
QUEST_UNUSED_20151022_001429	Je veux devenir plus fort, bien sûr	당연히 더 강해지고 싶다고 한다				
QUEST_UNUSED_20151022_001430	Votre compétence suffit	이 정도 능력이면 충분하다고 한다				
QUEST_UNUSED_20151022_001431	Les possibilités d'une épée à deux mains [Avancement Highlander] (1)	양손검의 가능성[하이랜더 전직](1)				
QUEST_UNUSED_20151022_001432	Je suis assez confiant pour réussir n'importe quelle épreuve	어떤 시험이든 통과할 자신이 있다고 한다				
QUEST_UNUSED_20151022_001433	Je ne le ferai pas si c'est ennuyeux	귀찮은 일이라면 그만두겠다고 한다				
QUEST_UNUSED_20151022_001434	Les possibilités d'une épée à deux mains [Avancement Highlander] (2)	양손검의 가능성[하이랜더 전직](2)				
QUEST_UNUSED_20151022_001435	Demander quelle est la prochaine mission	다음 과제는 어떤 것이냐고 묻는다				
QUEST_UNUSED_20151022_001436	Je vais arrêter maintenant	이쯤에서 그만 두겠다고 한다				
QUEST_UNUSED_20151022_001437	Le Processus de Naissance d'un Camarade [Avancement Peltaste]	전우의 탄생과정[펠타스타 전직]				
QUEST_UNUSED_20151022_001438	Oui. C'est cela.	물론 그렇다고 한다				
QUEST_UNUSED_20151022_001439	Cela m'importe peu	딱히 신경쓰지 않는다고 한다				
QUEST_UNUSED_20151022_001440	Pour la Mission Sacrée [Avancement Clerc]	숭고한 사명을 위해[클레릭 전직]				
QUEST_UNUSED_20151022_001441	J'ai une autre tâche importante	다른 중요한 일이 있다고 한다				
QUEST_UNUSED_20151022_001442	Bénédictions des Déesses [Avancement Krivis]	불꽃으로 화한 여신의 은총[크리비 전직]				
QUEST_UNUSED_20151022_001443	Je vais bien	물론 괜찮다고 한다				
QUEST_UNUSED_20151022_001444	Dois-je passer une épreuve même quand j'aide les autres ?	사람을 돕자는데 시험이 필요하냐고 묻는다				
QUEST_UNUSED_20151022_001445	Un Début Béni [Avancement Prêtre]	축복받은 시작[프리스트 전직]				
QUEST_UNUSED_20151022_001446	Demander ce que vous devez préparer	어떤 준비를 하면 되는지 묻는다				
QUEST_UNUSED_20151022_001447	Je n'ai pas besoin de chance	행운은 필요 없다고 한다				
QUEST_UNUSED_20151022_001448	Surmonter l'Épreuve [Avancement Épéiste]	고난극복방법[소드맨 전직]				
QUEST_UNUSED_20151022_001449	J'irai n'importe où	어디까지라도 가겠다고 한다				
QUEST_UNUSED_20151022_001450	Je ne vais pas trop en faire	더 이상 무리는 않겠다고 한다				
QUEST_UNUSED_20151022_001451	Une Épée à Deux Mains Familière [Avancement Highlander]	손에 익은 양손검[하이랜더 전직]				
QUEST_UNUSED_20151022_001452	Je vous attendais	기다리고 있었다고 한다				
QUEST_UNUSED_20151022_001453	Cela ne me va pas bien en main	어째 손에 안맞는다고 한다				
QUEST_UNUSED_20151022_001454	Survivant Robuste [Avancement Peltaste]	살아남는 자가 강하다[펠타스타 전직]				
QUEST_UNUSED_20151022_001455	Je suis prêt à apprendre	배울 준비가 끝났다고 한다				
QUEST_UNUSED_20151022_001456	Épreuve Officielle [Avancement Hoplite]	형식적인 시험[하플라이트 전직]				
QUEST_UNUSED_20151022_001457	Je ne vais rien refuser	어떤 것도 마다않겠다고 한다				
QUEST_UNUSED_20151022_001458	Je vais abandonner si c'est ennuyeux	귀찮다면 포기하겠다고 한다	QUEST_JOBSTEP_20150317_001154	J'abandonne	포기하겠다고 한다	
QUEST_UNUSED_20151022_001459	Les Vertus Requises du Guerrier [Avancement Barbare]	전사가 갖출 덕목[바바리안 전직]				
QUEST_UNUSED_20151022_001460	Ce n'est pas le moment	아직은 때가 아닌 것 같다고 한다				
QUEST_UNUSED_20151022_001461	Le Geste du Salut [Avancement Clerc]	구원의 손길[클레릭 전직]				
QUEST_UNUSED_20151022_001462	Que dois-je faire	어떻게 하면 좋을지 묻는다				
QUEST_UNUSED_20151022_001463	Les autres ont déjà commencé à aider	다른 이들이 이미 돕기 시작했을 것이라고 한다				
QUEST_UNUSED_20151022_001464	Vénérer les Statues des Déesses [Avancement Krivis]	여신상 참배[크리비 전직]				
QUEST_UNUSED_20151022_001465	Demander où aller	어디로 가야 하는지 묻는다				
QUEST_UNUSED_20151022_001466	Je fais les prières les jours ordinaires	참배는 평소에도 하고 있다고 한다				
QUEST_UNUSED_20151022_001467	Déterrer des Herbes [Avancement Prêtre]	약초 캐기 수행[프리스트 전직]				
QUEST_UNUSED_20151022_001468	Donnez-moi n'importe quelle mission	어떤 과제든 내달라고 한다				
QUEST_UNUSED_20151022_001469	Je ne veux pas éviter de faire quelque chose de fastidieux	번거로운 일은 피하고 싶다고 한다				
QUEST_UNUSED_20151022_001470	Le Bokor est... [Avancement Bokor]	보코르라면 역시...[보코르 전직]				
QUEST_UNUSED_20151022_001471	S'agit-il de fabriquer des poupées ?	혹시 인형 만들기냐고 묻는다				
QUEST_UNUSED_20151022_001472	Cela ne m'intéresse pas	관심없다고 한다				
QUEST_UNUSED_20151022_001473	Outils et Créations [Avancement Dievdirbys] (1)	창작에는 도구가 필요하지[딥디르비 전직](1)				
QUEST_UNUSED_20151022_001474	Quelle est la tâche ?	어떤 일이냐고 묻는다				
QUEST_UNUSED_20151022_001475	Fais toi-même les tâches insignifiantes	사소한 것은 직접 하라고 한다				
QUEST_UNUSED_20151022_001476	Outils et Créations [Avancement Dievdirbys] (2)	창작에는 도구가 필요하지[딥디르비 전직](2)				
QUEST_UNUSED_20151022_001477	J'attendrai que les matériaux arrivent	재료가 들어올 때까지 기다리겠다고 한다				
QUEST_UNUSED_20151022_001478	Outils et Créations [Avancement Dievdirbys] (3)	창작에는 도구가 필요하지[딥디르비 전직](3)				
QUEST_UNUSED_20151022_001479	La Détermination d'un Highlander [Avancement Highlander]	하이랜더의 극의[하이랜더 전직]				
QUEST_UNUSED_20151022_001480	Je vous le demande sincèrement	부디 부탁한다고 한다				
QUEST_UNUSED_20151022_001481	Vous êtes déjà assez fort	이 정도면 이미 충분히 강하다고 한다				
QUEST_UNUSED_20151022_001482	Mes Limites [Avancement Peltaste]	자신의 한계를 확인하기[펠타스타 전직]				
QUEST_UNUSED_20151022_001483	Je vous en fais la demande	부탁드린다고 한다				
QUEST_UNUSED_20151022_001484	J'abandonne cela	이제 그만두겠다고 한다				
QUEST_UNUSED_20151022_001485	Récupérer les Objets Perdus [Avancement Hoplite]	분실물 되찾기[하플라이트 전직]				
QUEST_UNUSED_20151022_001486	Bien sûr	물론이라고 한다				
QUEST_UNUSED_20151022_001487	Ce n'est pas beaucoup	아직 부족하다고 한다				
QUEST_UNUSED_20151022_001488	La Force Brute Uniquement [Avancement Barbare]	오로지 순수한 힘만으로[바바리안 전직]				
QUEST_UNUSED_20151022_001489	Donnez-moi des leçons	가르침을 달라고 한다				
QUEST_UNUSED_20151022_001490	J'en ai assez appris	배울만큼 배운 것 같다고 한다				
QUEST_UNUSED_20151022_001491	Tel un Mur Invincible [Avancement Rodelero]	우뚝 선 철벽처럼[로델레로 전직]				
QUEST_UNUSED_20151022_001492	Splendides Talents de Lancier [Avancement Cataphractaire]	거칠 것 없는 창솜씨[캐터프랙트 전직]				
QUEST_UNUSED_20151022_001493	Purification par le Feu [Avancement Krivis]	불에 의한 정화[크리비 전직]				
QUEST_UNUSED_20151022_001494	Je le recevrai à coup sûr	당연히 받겠다고 한다	QUEST_LV_0200_20150401_005935	Tout est prêt	준비가 되었다고 한다	
QUEST_UNUSED_20151022_001495	Je n'aime plus aucune épreuve	더 이상 시험은 싫다고 한다	QUEST_LV_0100_20150317_003801	Donnez-moi un peu de temps	잠시 시간을 달라고 한다	
QUEST_UNUSED_20151022_001496	Force Minimale pour se Défendre [Avancement Prêtre]	호신을 위한 최소한의 힘[프리스트 전직]				
QUEST_UNUSED_20151022_001497	Demander comment le montrer	어떻게 보여드리면 될지 묻는다				
QUEST_UNUSED_20151022_001498	C'est trop d'utiliser ce pouvoir	힘 쓰는 일은 무리라고 한다				
QUEST_UNUSED_20151022_001499	Laissé par Eux [Avancement Bokor]	그들이 남긴 것[보코르 전직]				
QUEST_UNUSED_20151022_001500	La Recherche de Matériaux Rares [Avancement Dievdirbys]	희귀 소재 구하기[딥디르비 전직]				
QUEST_UNUSED_20151022_001501	Demander de quels matériaux il s'agit	어떤 재료냐고 묻는다				
QUEST_UNUSED_20151022_001502	Je ne veux recevoir aucune mission	과제를 떠맡기 싫다고 한다				
QUEST_UNUSED_20151022_001503	Emprunter des Capacités [Avancement Sadhu]	능력 빌리기[사두 전직]				
QUEST_UNUSED_20151022_001504	Cela ne me semble pas bon à la réflexion	다시 생각해보니 좀 꺼림직하다고 한다				
QUEST_UNUSED_20151022_001505	Le Pouvoir Nécessaire au Royaume [Avancement Paladin]	왕국이 필요로하는 힘[팔라딘 전직]				
QUEST_UNUSED_20151022_001506	Je suis sûr d'être plein de puissance	힘이라면 충분하다고 자신한다				
QUEST_UNUSED_20151022_001507	Je veux un travail plus simple	자신은 좀 더 순수한 성직을 원한다고 한다				
QUEST_UNUSED_20151022_001508	Les Traces de Mes Aînés [Avancement Hoplite]	선배들의 흔적[하플라이트 전직]				
QUEST_UNUSED_20151022_001509	J'ai besoin de plus d'entraînement	아직 수련이 부족하다고 한다				
QUEST_UNUSED_20151022_001510	Parfois sans Camarades [Avancement Rodelero]	때로는 전우없이[로델레로 전직]				
QUEST_UNUSED_20151022_001511	Si c'est le moyen de devenir plus fort, je suivrai	그것이 강해지는 방법이라면 따르겠다고 한다				
QUEST_UNUSED_20151022_001512	Je ne comprends pas pourquoi vous renoncez à votre force	왜 강점을 포기하는지 이해 못하겠다고 한다				
QUEST_UNUSED_20151022_001513	Avec un Partenaire [Avancement Cataphractaire]	파트너와 함께[캐터프랙트 전직]				
QUEST_UNUSED_20151022_001514	Dites-moi n'importe quoi	시켜만 달라고 한다				
QUEST_UNUSED_20151022_001515	Je veux arrêter maintenant	이제 그만두고 싶다고 한다				
QUEST_UNUSED_20151022_001516	Apprendre, s'Habituer et Appliquer [Avancement Bokor]	배우고 익히고 응용하기[보코르 전직]				
QUEST_UNUSED_20151022_001517	Merci	감사하다고 한다				
QUEST_UNUSED_20151022_001518	C'est trop pour l'instant	아직은 무리라고 한다				
QUEST_UNUSED_20151022_001519	Réparer la statue de la Déesse [Avancement Dievdirbys] (1)	여신상 보수하기[딥디르비 전직](1)				
QUEST_UNUSED_20151022_001520	Je vais le défier	물론 도전하겠다고 한다				
QUEST_UNUSED_20151022_001521	Je pense que ce que j'ai appris jusqu'ici me suffira	이미 배운 것으로도 충분하다고 한다				
QUEST_UNUSED_20151022_001522	Réparer la statue de la Déesse [Avancement Dievdirbys] (2)	여신상 보수하기[딥디르비 전직](2)				
QUEST_UNUSED_20151022_001523	Partager les Capacités Reçues [Avancement Sadhu]	주어진 능력을 베풀기[사두 전직]				
QUEST_UNUSED_20151022_001524	Surmonter les Difficultés [Avancement Paladin]	곤경을 극복하기[팔라딘 전직]				
QUEST_UNUSED_20151022_001525	Les monstres plus puissants sont trop forts pour moi pour l'instant	더 강한 몬스터는 무리라고 한다	QUEST_JOBSTEP_20150317_001068	J'ai besoin de plus de temps pour réfléchir	좀 더 생각해 보겠다고 한다	
QUEST_UNUSED_20151022_001526	Le Pouvoir de Mener les Autres [Avancement Rodelero]	타인을 이끄는 힘[로델레로 전직]				
QUEST_UNUSED_20151022_001527	Celui qui traverse tout [Avancement Cataphractaire]	모든 것을 관통하는 자[캐터프랙트 전직]				
QUEST_UNUSED_20151022_001528	Réduire la Source de la Douleur [Avancement Sadhu]	고통의 원인 줄이기[사두 전직]				
QUEST_UNUSED_20151022_001529	Pouvoir Honorable [Avancement Paladin]	고결한 힘[팔라딘 전직]				
QUEST_UNUSED_20151022_001530	Demander comment le prouver	증명할 방법을 묻는다				
QUEST_UNUSED_20151022_001531	Je ne veux pas le prouver	굳이 증명하고 싶지 않다고 한다				
QUEST_UNUSED_20151022_001532	Je suis le Révélateur	자신이 계시자임을 밝힌다				
QUEST_UNUSED_20151022_001533	Je vais le briser	파괴해보겠다고 한다				
QUEST_UNUSED_20151022_001534	Cela a l'air difficile	어려워 보인다고 한다				
QUEST_UNUSED_20151022_001535	Je reviendrai après l'avoir détruit	파괴하고 오겠다고 한다				
QUEST_UNUSED_20151022_001536	Répandre du Sang de Démon	마족의 혈액을 뿌리는 중				
QUEST_UNUSED_20151022_001537	Si vous en faites plus, cela ne vous fera aucun bien.	더 이상은 무리라고 한다				
QUEST_UNUSED_20151022_001538	Les monstres sont soudain arrivés et ont commencé à attaquer le pilier ! Protégez le pilier.	갑자기 몬스터들이 몰려와서 기둥을 공격합니다! 기둥을 지키세요.	QUEST_UNUSED_20151001_000692	Les monstres viennent attaquer le pilier ! Protégez-le.	몬스터들이 몰려와서 기둥을 공격합니다! 기둥을 지키세요.	
QUEST_UNUSED_20151022_001539	Il semble que les monstres aient réagi aux poudres noires. Puisque vous avez vaincu tous les monstres, brossez toute la poudre noire qui était sur le pilier.	검은 가루에 몬스터들이 반응한 걸까요? 몬스터들을 모두 물리쳤으니 기둥에 붙어 있던 검은 가루를 모두 털어내 봅시다.	QUEST_UNUSED_20151001_000694	Cette poussière noire ressemble-t-elle à de la nourriture pour les monstres ? Est-ce pour cela qu'ils sont accourus ? Maintenant qu'ils sont partis, nous devrions dépoussiérer le reste du pilier.	몬스터들이 몰려 들었던 이유는 이 검은 가루가 먹이처럼 보였기 때문이었을까요? 몬스터들을 모두 물리쳤으니 기둥에 붙어 있던 검은 가루들을 모두 털어내 봅시다.	
QUEST_UNUSED_20151022_001540	Récolter de l'Huile Luisante	야광 기름 수집	QUEST_UNUSED_20151001_000696	Récolter de l'Huile de Monstre	몬스터 기름 구하기	
QUEST_UNUSED_20151022_001541	Vous ne pouvez pas examiner les gravures même avec le cristal qui émet un rayon mystérieux. Il semble qu'il vous faille l'huile lumineuse des monstres alentour.	신비한 빛을 내는 결정으로도 글귀를 확인 할 수 없었습니다. 주변의 몬스터에게서 구할 수 있는 야광 기름이 필요할 것 같습니다.	QUEST_UNUSED_20151016_000835	Le cristal qui émet la lumière mystérieuse a besoin d'huile de monstre pour briller. Chassez des monstres et récoltez de l'huile de monstre.	신비한 빛을 내는 결정 충분한 빛을 내려면 몬스터 기름이 있어야 할 것 같습니다. 몬스터를 사냥하여 몬스터 기름을 모으세요.	
QUEST_UNUSED_20151022_001542	Toute l'huile lumineuse obtenue. Retournez au pilier et lisez les gravures du pilier.	야광 기름을 모두 모았습니다. 다시 기둥으로 가서 기둥에 새겨진 글귀를 읽어 봅시다.	QUEST_UNUSED_20151016_000836	Vous avez obtenu l'huile de monstre. Retournez au pilier avec le cristal et utilisez sa lumière pour voir les écrits dessus.	몬스터 기름을 모두 모았습니다. 기둥으로 가져 가서 신비한 빛을 내는 결정의 빛으로 기둥에 새겨진 글귀를 읽어 봅시다.	
QUEST_UNUSED_20151022_001543	Obtenir de l'huile luisante sur les monstres	몬스터에게서 야광 기름 획득	QUEST_UNUSED_20151001_000700	Vaincre des monstres pour obtenir de l'huile de monstre	몬스터를 처치하여 몬스터 기름 획득	
QUEST_UNUSED_20151022_001544	Quand vous prononcez le nombre spécial, il semble que vous puissiez lire les gravures du pilier. Obtenez un indice d'un pilier d'une couleur particulière et saisissez les nombres dans la fenêtre de discussion près du pilier.	특별한 숫자를 말하면 기둥의 글귀를 읽을 수 있는 것 같습니다. 특정 색상의 기둥에서 힌트를 얻은 뒤, 기둥 가까이에서 채팅창으로 숫자를 입력하세요.	QUEST_UNUSED_20151016_000837	Les instructions semblent dire que, si vous prononcez les nombres obtenus au Plateau de Galeed, les écrits du pilier deviendront visibles. Tenez-vous près du pilier et saisissez les nombres dans la fenêtre de discussion. Obtenez des indices auprès des piliers colorés.	갈르엣 평야의 어딘가에서 얻은 힌트 숫자를 말하면 기둥의 글귀를 읽을 수 있다고 씌여 있는 것 같습니다. 기둥 가까이에서 채팅창에 숫자를 입력하세요. 특정 색상의 기둥에서 힌트를 얻을 수 있습니다.	
QUEST_UNUSED_20151022_001545	Vous pouvez maintenant voir quelque chose d'écrit sur le pilier. Approchez-vous et lisez-le.	기둥에 뭔가 새겨져 있는 것이 보이기 시작했습니다. 가까히 다가가 읽어 보세요.	QUEST_UNUSED_20151001_000704	Les écrits sur le pilier commencent à apparaître ! Lisez-les !	기둥에 뭔가 새겨져 있는 것이 보이기 시작했습니다! 읽어 보세요!	
QUEST_UNUSED_20151022_001546	Un pilier est soudain apparu de nulle part. Avant qu'il ne disparaisse, allez-y et jetez-y un œil.	어디선가 갑자기 기둥이 나타났습니다. 다시 사라지기 전에 다가가 살펴 보세요.	QUEST_UNUSED_20151001_000705	Un pilier est apparu ! Allez y jeter un œil.	기둥이 나타난 듯 합니다! 다가가 살펴 보세요.	
QUEST_UNUSED_20151022_001547	Récolter de la Mousse Lumineuse	빛나는 이끼 채집	QUEST_UNUSED_20151001_000706	Réparer le pilier	기둥 보수 하기	
QUEST_UNUSED_20151022_001548	Il vous faudra de la Mousse lumineuse pour lire les gravures du pilier invoqué, mais si vous ne revenez pas dans les 5 minutes, le pilier disparaîtra, alors dépêchez-vous.	소환된 기둥의 글귀를 읽으려면 빛나는 이끼가 필요할 것 같습니다. 단, 5분 안에 돌아오지 않으면 기둥은 다시 사라지니 서두르세요.	QUEST_UNUSED_20151001_000707	Il semble que vous ayez besoin de mousse luisante pour lire les écrits du pilier d'invocation. Allez en récolter. Notez que si vous ne revenez pas dans les 5 minutes, vous devrez attendre qu'il réapparaisse, alors dépêchez-vous.	소환 기둥에 글귀를 읽으려면 빛나는 이끼가 필요할 것 같습니다. 주변에서 구해 보세요. 단, 5분 안에 돌아오지 않으면 기둥은 다음번 나타날 때 까지 기다려야 하니 서두르세요.	
QUEST_UNUSED_20151022_001549	Maintenant, vous pourrez lire les gravures du pilier. Retournez au pilier et lisez les gravures.	이제 기둥의 글귀를 읽을 수 있을 것 같습니다. 기둥으로 다시 돌아가 읽어 보세요.	QUEST_UNUSED_20151001_000709	Vous devriez pouvoir lire le pilier maintenant. Approchez-vous et regardez.	이제 기둥의 글귀를 읽을 수 있을 것 같습니다. 기둥으로 가서 읽어 보세요.	
QUEST_UNUSED_20151022_001550	Récolter du Liquide Visqueux	점성 있는 액체 수집				
QUEST_UNUSED_20151022_001551	Le pilier s'est effondré bien que vous n'y ayez même pas touché. Il semble que vous devrez réparer le pilier, obtenez donc du Liquide visqueux auprès des monstres alentour.	건드리지도 않았는데 기둥이 무너져 버렸습니다. 기둥을 수리해야 할 것 같으니, 주변의 몬스터에게서 점성 있는 액체를 구해 옵시다.	QUEST_UNUSED_20151001_000712	Le pilier s'est effondré sans même avoir été touché.{nl}Récoltez du liquide visqueux sur les monstres pour réparer le pilier.	건드리지도 않았는데 기둥이 무너져 버렸습니다. 기둥을 수리해야 할 것 같으니, 주변에 매우 흔한 몬스터의 점성 있는 액체를 구해 옵시다.	
QUEST_UNUSED_20151022_001552	Réparer le pilier	기둥 수리	QUEST_UNUSED_20151001_000713	Réparer le pilier	기둥 수리하기	
QUEST_UNUSED_20151022_001553	Tout le liquide gluant obtenu. Retournez au pilier et réparez-le.	점성 있는 액체를 모두 모았습니다. 다시 돌아가서 기둥을 수리해 보세요.	QUEST_UNUSED_20151001_000714	Vous avez récolté le liquide gluant. Retournez réparer le pilier.	점성 있는 액체를 모두 모았습니다. 이제 돌아가서 기둥을 수리해 보세요.	
QUEST_UNUSED_20151022_001554	Vous pouvez voir quelqu'un observer la pierre tombale au Canyon de Pasaka. Rencontrez-le.	파사카 협곡에서 비석을 관찰하는 사람이 보입니다. 한 번 만나 보세요.	QUEST_LV_0100_20151001_009101	Quelqu'un réclame votre aide à Plateau de Pasaka. Allez le voir.	파사카 협곡의 누군가가 도움을 요청하는 것 같습니다. 만나 보세요.	
QUEST_UNUSED_20151022_001555	Secourir Albinas tombé en danger	위험에 빠진 알비나스 구출				
QUEST_UNUSED_20151022_001556	Détruire la pierre tombale de Nestospa à la Colline d'Usas	우사스 언덕에 있는 네스토스파의 비석 파괴				
QUEST_UNUSED_20151022_001557	Albina vous a dit que la pierre tombale qui dégage une énergie rouge est polluée et attire les monstres. Rendez-vous à la Colline d'Usas et détruisez la pierre tombale polluée.	알비나는 붉은 기운을 내뿜는 비석은 오염된 것으로, 몬스터를 불러 모으고 있다고 합니다. 우사스 언덕으로 가서 오염된 비석을 파괴하세요.				
QUEST_UNUSED_20151022_001558	Vous voyez la pierre tombale polluée de Nestospa à la Colline d'Usas dont Albinas vous a parlé. Détruisez-la vite.	우사스 언덕에 알비나스가 말한 오염된 네스토스파의 비석이 보입니다. 어서 파괴하세요.				
QUEST_UNUSED_20151022_001559	Examiner la pierre tombale détruite	파괴된 비석 확인	QUEST_LV_0100_20151016_010129	Examiner la pierre tombale détruite	파괴된 비석 확인 하기	
QUEST_UNUSED_20151022_001560	Comme Albinas vous l'a dit auparavant, vous avez détruit la pierre tombale. Regardez-la de nouveau.	알비나스가 시킨 대로 비석을 파괴했습니다. 다시 한 번 살펴 보세요.	QUEST_LV_0100_20151016_010130	La pierre tombale est détruite comme Albinas vous l'a dit. Réexaminez-la.	알비나스의 말 대로 비석을 파괴했습니다. 다시 한 번 살펴 보세요.	
QUEST_UNUSED_20151022_001561	Faire un Rapport à Albinas	알비나스에게 보고	QUEST_LV_0100_20151001_009114	Faire un Rapport à Albinas	알비나스에게 보고 하기	
QUEST_UNUSED_20151022_001562	Vous avez détruit la pierre tombale comme Albinas vous l'a dit. Retournez voir Albinas maintenant.	알비나스의 말대로 비석을 파괴했습니다. 이제 알비나스에게 돌아가세요.	QUEST_LV_0100_20151016_010131	La pierre tombale est détruite comme Albinas vous l'a dit. Retournez maintenant voir Albinas.	알비나스의 말 대로 비석을 파괴했습니다. 이제 알비나스에게 돌아가세요.	
QUEST_UNUSED_20151022_001563	Retourner voir Albinas et vérifier	알비나스에게 돌아가서 사실 확인하기				
QUEST_UNUSED_20151022_001564	Damijonas est furieux et dit que leurs pierres tombales ne sont pas polluées. Retournez voir Albinas, parlez-lui-en et amenez-le ici.	다미요나스는 화를 내며 자신들의 비석은 오염된 것이 아니라며 그런 오해를 불러 일으킨 사람이 누구냐며 노발대발 합니다. 알비나스에게 돌아가 이 사실을 전하고, 이쪽으로 데려와야 할 것 같습니다.				
QUEST_UNUSED_20151022_001565	Albinas a disparu. Il semble que vous devriez retourner voir Damijonas et lui expliquer.	알비나스는 이미 사라진 뒤입니다. 다미요나스에게 돌아가서 해명을 해야 할 것 같습니다.	QUEST_LV_0100_20151016_010135	Albinas n'est plus là où il était. Retournez voir Damijonas et expliquez la situation.	알비나스를 만났던 자리에 알비나스는 없었습니다. 다미요나스에게 돌아가서 상황 설명을 하세요.	
QUEST_UNUSED_20151022_001566	En guise d'excuse, il semble que vous deviez aider Damijonas. Reparlez à Damijonas.	다미요나스에게 사과의 의미로 다미요나스의 일을 도와 주어야 할 것 같습니다. 다미요나스와 다시 대화해 보세요.	QUEST_LV_0100_20151016_010138	Les remontrances de Damijonas ont été longues et sévères. Mais c'est fini. Demandez-lui ce que vous pouvez faire.	다미요나스의 훈계를 모두 들었으니 다시 말을 걸어서, 자신이 해야 할 일이 없겠느냐고 물어 보세요.	
QUEST_UNUSED_20151022_001567	Dire à Damijonas que vous restaureriez la pierre tombale.	다미요나스에게 책임지고 이 비석을 복구하겠다고 말해보세요.	QUEST_LV_0100_20151016_010140	Dire à Damijonas que vous restaurerez la pierre tombale.	다미요나스에게, 이 비석을 복구 하겠다고 해 보세요.	
QUEST_UNUSED_20151022_001568	Récolter les pierres qui serviront de matériaux à la restauration	복구 자재로 쓸 돌 수집				
QUEST_UNUSED_20151022_001569	Pour restaurer la pierre tombale, il vous faudra des pierres. Obtenez des pierres et retournez au camp de Nestospa.	비석을 복구하려면 자재용 석재가 필요합니다. 적당한 돌을 구해 네스토스파의 캠프로 가져가세요.	QUEST_LV_0100_20151016_010141	Obtenez des pierres pouvant servir à restaurer la pierre tombale, apportez-les au Camp de Nestos. Ils les transformeront en matériaux pour la restauration	복구 자재로 쓰일 만한 돌을 구해서 네스토스파의 캠프로 가져 가서 부탁하면 복구용 자재로 다듬어 준다고 하니 어서 가 봅시다.	
QUEST_UNUSED_20151022_001570	Faire une demande à Eduinas au camp de Nestospa	네스토스파의 캠프에 있는 에뒤나스에게 부탁	QUEST_LV_0100_20151001_009125	Demander à Eduinas	에뒤나스에게 부탁하기	
QUEST_UNUSED_20151022_001571	Toutes les pierres utilisables comme matériaux sont obtenues. Demandez à Eduinas au camp de Nestospa de les affiner pour en faire des matériaux.	자재로 쓰일 만한 돌을 모두 구했습니다. 네스토스파의 캠프에 있는 에뒤나스에게 비석 복구용 자재로 다듬어 달라고 부탁해 보세요.	QUEST_LV_0100_20151001_009126	Vous avez obtenu toutes les pierres pouvant servir de matériaux. Comme Damijonas vous l'a dit, demandez à Eduinas de les polir pour la restauration du sanctuaire.	자재로 쓰일 만한 돌을 모두 구했습니다. 다미요나스가 말한 대로 이것을 성소 복구용 자재로 다듬어 달라고, 네스토스파의 에뒤나스에게 부탁해 보세요.	
QUEST_UNUSED_20151022_001572	Il vous faudrait expliquer à Eduinas tout ce qui s'est passé jusqu'ici	그동안의 일들을 에뒤나스에게 설명해야 할 듯합니다.	QUEST_LV_0100_20151001_009128	Il vous faudrait expliquer à Eduinas ce qui s'est passé jusqu'à présent.	그동안의 일들을 에뒤나스에게 설명해야 할 듯 합니다.	
QUEST_UNUSED_20151022_001573	Éliminer les monstres alentour	주변의 몬스터 정리	QUEST_LV_0100_20151001_009129	Vaincre les monstres	몬스터 정리하기	
QUEST_UNUSED_20151022_001574	Il semble qu'Eduinas ne se sente pas bien après avoir appris que la pierre tombale a été brisée. Il affinera les matériaux puisque Damijonas le lui a demandé, mais entre-temps il veut que vous vainquiez les monstres alentour.	에뒤나스는 비석이 부서졌다는 이야기를 듣더니 기분이 좋지 않아진 모양입니다. 어쨌든 다미요나스가 시킨 일이니 자재를 다듬어주기는 하겠지만, 그 동안 캠프 주변을 위협하는 몬스터들이나 정리해 달라는 말을 하고 있습니다.	QUEST_LV_0100_20151001_009130	Il semble qu'Eduinas ne se sente pas bien après avoir appris que le sanctuaire a été détruit. Il polirait les matériaux puisque Damijonas l'a demandé, mais il vous a dit de vaincre les monstres qui rôdent autour du camp.	에뒤나스는 성소가 부서졌다는 이야기를 듣더니 기분이 좋지 않아진 모양입니다. 어쨌든 다미요나스가 시킨 일이니 자재를 다듬어주기는 하겠지만, 그 동안 캠프 주변을 위협하는 몬스터들이나 정리해 달라는 말을 하고 있습니다.	
QUEST_UNUSED_20151022_001575	Retourner voir Eduinas et faire un rapport	에뒤나스에게 돌아가 보고	QUEST_LV_0100_20151001_009131	Retourner Voir Eduinas	에뒤나스에게 돌아가 보기	
QUEST_UNUSED_20151022_001576	Trouver le Terrain de Camping d'Anastospa	아나스토스파의 야영지 찾아가기	QUEST_LV_0100_20151001_009139	Aller au camp d'Anastopa	아나스토스파의 캠프 찾아가기	
QUEST_UNUSED_20151022_001577	Albinas a l'air suspect. Retournez au campement d'Anastospa et renseignez-vous sur Albinas.	아무래도 알비나스가 수상합니다. 아나스토스파의 야영지로 가서 알비나스라는 사람에 대해 물어보세요.	QUEST_LV_0100_20151001_009140	Comme Damijonas vous l'a dit, allons au camp des Anastos voir s'il y a quelqu'un nommé Albinas chez les Anastos.	다미요나스가 말 한 대로 아나스토스파에는 정말 알비나스라는 인물이 없는지 알아보러 아나스토스파의 캠프로 가 보세요.	
QUEST_UNUSED_20151022_001578	Récupérer les matériaux de recherche	연구자료 되찾기	QUEST_LV_0100_20151001_009141	Récupérer les matériaux de recherche	연구자료 되찾아 오기	
QUEST_UNUSED_20151022_001579	Il semble que vous deviez aider Gedas afin de recevoir les informations sur Albinas. Récupérez les matériaux de recherche de Gedas auprès des monstres alentour, je vous prie. Certains monstres peuvent avoir bien plus de documents que prévu quand vous vérifiez en appuyant sur la barre d'espace.	게다스의 일을 빨리 도와야 알비나스에 대한 정부를 얻을 수 있을 것 같습니다. 주변 몬스터에게서 게다스의 연구자료를 되찾아 주세요. 어떤 몬스터는 스페이스바로 확인하면 훨씬 더 많은 자료를 가지고 있을 수도 있습니다.	QUEST_LV_0100_20151001_009142	Il semble que vous deviez apporter des matériaux importants à Gedas pour obtenir des informations concernant Albinas. Trouvez les matériaux de recherche auprès des monstres alentour, je vous prie. Vous pourrez les obtenir en les vainquant, mais il sera utile d'appuyer sur la barre d'espace pour vérifier quels monstres possèdent beaucoup de documents de recherche.	게다스에게 중요한 연구자료들을 되찾아 와야, 알비나스 등에 대한 정보를 얻을 수 있을 듯 합니다. 주변 몬스터들로부터 연구자료를 되찾아 오세요. 그냥 처치해도 되찾을 수 있긴 하지만, 특히 많은 자료들을 가지고 있는 몬스터들을 스페이스바로 확인하면 훨씬 많은 자료를 되찾을 수 있습니다.	
QUEST_UNUSED_20151022_001580	Les remettre à Gedas	게다스에게 전달				
QUEST_UNUSED_20151022_001581	Récolter les matériaux de la Poudre de bombe incendiaire	불꽃탄 가루 재료 수집	QUEST_LV_0100_20151001_009147	Trouver les matériaux de la bombe de signal de danger	위험신호탄 재료 구하기	
QUEST_UNUSED_20151022_001582	Gedas vous a dit qu'il a envoyé ses collègues découvrir l'identité d'Albinas. Des bombes de signalisation devraient être préparées pour les situations où les collègues tomberaient en danger, il vous a donc demandé de trouver les matériaux. Obtenez de la poudre à bombe incendiaire auprès des monstres, je vous prie.	게다스는 알비나스의 정체를 조사하기 위해 동료를 보내겠다고 합니다. 동료가 위험에 처할 때를 대비해 신호탄을 준비해 줘야 하니, 그 재료를 구해 오라고 합니다. 몬스터로부터 신호탄의 재료인 불꽃탄 가루를 구해 오세요.	QUEST_LV_0100_20151001_009148	Gedas vous a dit que pour découvrir l'identité d'Albinas, il enquêterait sur sa véritable nature. Quand on envoie ses collègues enquêter sur la véritable nature, des bombes de signalisation sont nécessaires au cas où ils tomberaient en danger, on vous a donc demandé d'obtenir les matériaux pour les bombes de signalisation. Obtenez auprès des monstres de la poudre à Bombe incendiaire, matériau servant à fabriquer les bombes de signalisation.	게다스는 알비나스의 정체를 알아내기 위해, 진상을 조사해 보겠다고 했습니다. 진상 조사에 동료를 보낼 때 신변에 위협이 생겼을 경우를 대비한 위험신호탄을 준비해 줘야 하니, 그 재료를 구해 오라고 합니다. 몬스터들로부터 위험신호탄의 재료인 불꽃탄 가루를 구해 오세요.	
QUEST_UNUSED_20151022_001583	Interroger Gedas au sujet des bombes incendiaires et de l'enquête sur la vérité.	신호탄과 진상 조사에 대해, 게다스에게 물어 보세요.	QUEST_LV_0100_20151001_009152	Interroger Gedas sur les bombes de signal et l'enquête.	위험신호탄과 진상 조사에 대해, 게다스에게 물어 보세요.	
QUEST_UNUSED_20151022_001584	En attendant que les résultats de l'enquête arrivent ici, Gedas vous a demandé de rencontrer Barte, l'un des membres d'Anastospa arrivée récemment. Vous feriez mieux de lui demander si elle a vu quelque chose en venant ici.	게다스는 조사 결과가 올 동안, 얼마 전 이 곳 캠프에 도착한 아나스토스파 일원인 바르테를 만나 보라고 합니다. 그녀가 이 곳에 오면서 본 것이 없는지 물어 보는 것이 좋겠습니다.				
QUEST_UNUSED_20151022_001585	Récolter les traces de monstres du Champ funéraire de Majiva	마지바 묘지의 몬스터에게서 단서 수집	QUEST_LV_0100_20151001_009160	Obtenir des indices auprès des monstres	몬스터에게서 단서 구하기	
QUEST_UNUSED_20151022_001586	Remettre les morceaux de cuir à Barte	가죽 조각을 바르테에게 전달	QUEST_LV_0100_20151001_009162	Apporter les morceaux de cuir à Barte	가죽 조각을 바르테에게 갖고 가기	
QUEST_UNUSED_20151022_001587	Récolter les morceaux de cuir sur les monstres	몬스터에게서 가죽 조각 수집				
QUEST_UNUSED_20151022_001588	Informer Gedas du symbole du cuir	가죽의 문양에 대해 게다스에게 알려 주기				
QUEST_UNUSED_20151022_001589	Barte vous a dit que le symbole gravé sur le cuir appartient à Baiga. Dites-le à Gedas.	바르테는 가죽에 새겨진 문양은 마족 바이가의 것이라고 합니다. 이 사실을 게다스에게 알려 주세요.				
QUEST_UNUSED_20151022_001590	Demander de l'aide à Eduinas de Nestospa	네스토스파의 에뒤나스에게 도움 요청				
QUEST_UNUSED_20151022_001591	Gedas vous a dit que pour combattre les démons, il aurait besoin de l'aide de Nestospa. Allez rencontrer Eduinas au camp de Nestospa et demandez de l'aide.	게다스는 마족을 상대하기 위해선 네스토스파의 도움이 필요하다고 합니다. 네스토스파의 캠프에 있는 에뒤나스에게 도움을 요청해 보세요.				
QUEST_UNUSED_20151022_001592	Se rendre à la Voie d'accès de Liugas et sauver Fabijus	리우가스 진입로로 파비유스를 구하러 가기	QUEST_LV_0100_20151001_009172	Aller sauver Fabijus	파비유스를 구하러 가기	
QUEST_UNUSED_20151022_001593	Pour sauver Fabijus et vaincre Albinas, rendez-vous à la Voie d'accès de Liugas où vous avez rencontré Albinas pour la première fois.	파비유스를 구하고 알비나스를 처치하기 위해, 처음 알비나스를 만났던 곳인 리우가스 진입로로 가 봅시다.	QUEST_LV_0100_20151001_009173	Allons à l'endroit où vous avez rencontré Albinas pour la première fois afin de sauver Fabijus et de vaincre Albinas.	파비유스를 구하고 알비나스를 처치하기 위해, 처음 알비나스를 만났던 곳으로 가 봅시다.	
QUEST_UNUSED_20151022_001594	Vaincre Albinas	알비나스 처치	QUEST_LV_0100_20151001_009174	Vaincre Albinas	알비나스 처치하기	
QUEST_UNUSED_20151022_001595	En répandant l'eau bénite, Albinas s'est montré et s'est changé en Seigneur du feu ! Ne manquez pas cette chance et vainquez le Seigneur du feu !	성수를 뿌리자 알비나스가 본색을 드러내어 파이어로드로 변했습니다! 이 기회를 놓치지 말고 파이어로드를 해치우세요!	QUEST_LV_0100_20151001_009175	Alors que vous versiez l'eau divine, Albinas s'est transformé en Seigneur du feu ! Sous l'effet de l'eau divine, les PV du Seigneur du feu ont été réduits ! Ne manquez pas cette chance et vainquez le Seigneur du feu !	성수를 뿌리자 알비나스가 본색을 드러내어 파이어로드로 변했습니다! 성수의 덕택으로 파이어로드의 HP가 조금 깎였습니다! 이 기회를 놓치지 말고 파이어로드를 해치우세요!	
QUEST_UNUSED_20151022_001596	Faire un Rapport à Gedas	게다스에게 보고	QUEST_LV_0100_20151001_009149	Retourner Voir Gedas	게다스에게 돌아가기	
QUEST_UNUSED_20151022_001597	Raconter à Eduinas au camp de Nestospa ce qui s'est passé	네스토스 캠프의 에뒤나스에게 이야기 전해 주기	QUEST_LV_0100_20151016_010143	Porter la Nouvelle à Eduinas	에뒤나스에게 이야기 전해 주기	
QUEST_UNUSED_20151022_001598	Raconter l'histoire à Damijonas à la Colline d'Usas	우사스 언덕의 다미요나스에게 이야기 전해 주기	QUEST_LV_0100_20151016_010145	Dire à Damijonas ce que vous savez	다미요나스에게 이야기 전해 주기	
QUEST_UNUSED_20151022_001599	Les nouveaux venus dont Leopoldas vous a parlé sont juste à côté. Parmi eux, parlez à une nouvelle venue appelée Gerda. Il y a peut-être quelque chose où vous pouvez aider.	레오폴다스가 말한 신입들이 바로 옆에 있습니다. 그 중에 게르다라는 신입 단원과 이야기 해 보세요. 도와 줄 일이 있을 지도 모릅니다.	QUEST_LV_0100_20151001_009183	Les nouveaux venus dont Leopoldas a parlé sont là-bas. Parlez à Gerda parmi eux. Il a peut-être des affaires pour lesquelles votre aide est nécessaire.	레오폴다스가 말 한 신입들이 저 쪽에 있습니다. 그 중에 게르다라는 신입 단원과 이야기 해 보세요. 도와 줄 일이 있을 지도 모릅니다.	
QUEST_UNUSED_20151022_001600	Installer le panneau d'affichage sur la Route de Kluibe	크뤼베 가도에 알림판 세우기	QUEST_LV_0100_20151001_009184	Poser le panneau d'avertissement	경고판 세우기	
QUEST_UNUSED_20151022_001601	Gerda vous a dit que parmi les nombreux travaux à faire, il y a la tâche d'installer les panneaux d'affichage en divers endroits. Aidez-la et installez le panneau d'affichage sur la Route de Kluibe.	게르다는 신입 단원이 해야 할 일 중엔 여러 곳에 알림판을 세우는 일이 있다고 합니다. 그녀를 도와 크뤼베 가도에 성물 발굴 알림판을 세우세요.	QUEST_LV_0100_20151001_009185	Gerda vous a dit qu'il faudrait poser des panneaux d'avertissement ou d'affichage en divers endroits. Aidez-la à poser le panneau d'affichage relatif aux fouilles d'objets sacrés du côté inférieur. 	게르다는 신입 단원이 해야 할 일 중에 여러 곳에 경고판이나 표지판을 세우는 일이 있다고 했습니다. 그녀를 도와 아래쪽에 성물 발굴 표지판을 세우세요.	
QUEST_UNUSED_20151022_001602	Vous avez installé le panneau d'affichage sur la Route de Kluibe comme Gerda vous l'a demandé. Maintenant, retournez voir Gerda.	게르다가 부탁한 대로 크뤼베 가도에 알림판을 세웠습니다. 이제 게르다에게 돌아가세요.	QUEST_LV_0100_20151001_009187	Comme Gerda vous l'a dit, vous avez installé le panneau d'annonces en contrebas. Retournez maintenant voir Gerda.	게르다가 말 한 대로 아래쪽에 알림판을 세웠습니다. 이제 게르다에게 돌아가세요.	
QUEST_UNUSED_20151022_001603	Utiliser le parchemin de l'Alliance marchande de Kedora sur le nouveau Révélateur	초보 계시자에게 케도라 상단의 스크롤 사용	QUEST_LV_0100_20151001_009190	Faire connaître les marchands aux débutants.	초보자들에게 상단 홍보하기	
QUEST_UNUSED_20151022_001604	L'Alliance marchande de Kedora aide les nouveaux Révélateurs. Utilisez le parchemin de l'Alliance marchande de Kedora sur les nouveaux Révélateurs de niveau 1 à 10 près d'Orsha ou de Klaipeda, je vous prie. Mais vous ne pouvez pas l'utiliser sur les Révélateurs qui en ont déjà bénéficié.	케도라 상단은 초보 계시자들에게 도움을 주고 있다고 합니다. 오르샤나 클라페다 근처의 1레벨에서 10레벨 사이의 초보 계시자들에게 케도라 상단의 스크롤을 사용해 주세요. 단, 이미 혜택을 받은 계시자에겐 사용할 수 없습니다.	QUEST_LV_0100_20151016_010149	Serapinas est chargée des Relations Publiques. Maintenant, trouvez un joueur sur le terrain, utilisez le Parchemin de l'alliance marchande Kedora sur lui ou elle. Vous et le destinataire recevrez les Avantages de l'Alliance marchande de Kedora. Si vous ou l'autre partie a) avez déjà reçu les avantages auparavant ou b) dépassez le niveau 10, les avantages ne s'appliqueront pas. Le délai de réutilisation du parchemin n'est pas précisément court, veillez donc à vérifier leur niveau et le fait qu'ils aient déjà été informés auparavant.	세라피나스는 상단의 홍보를 맡고 있다고 합니다. 이제 필드로 넘어온 사람들에게 가서 케도라상단의 스크롤 을 사용하여 상단 홍보를 1회 하고 오세요. 홍보 대상이 사람은 케도라 상단의 혜택을 얻게 됩니다. 단, 한 번 혜택을 받은 뒤라면 다시 혜택을 받을 수 없으며, 1레벨부터 10레벨 사이에 있어야만 혜택을 받을 수 있습니다. 스크롤의 재사용 대기시간이 짧지 않으니, 반드시 레벨과 이전에 혜택을 받은 적이 있는지를 물어보고 사용 하세요.	
QUEST_UNUSED_20151022_001605	Vous avez aidé les nouveaux Révélateurs. Retournez voir Serapinas et informez-le.	초보 계시자들을 도왔습니다. 세라피나스에게 돌아가 알려 주세요.	QUEST_LV_0100_20151016_010150	Vous avez achevé la promotion pour l'Alliance marchande de Kedora. Retournez voir Serapinas.	케도라 상단의 홍보를 마쳤습니다. 세라피나스에게 돌아가 알려 주세요.	
QUEST_UNUSED_20151022_001606	Récupérer les objets sacrés que les marchands avaient perdus	상단이 잃어버린 성물 회수				
QUEST_UNUSED_20151022_001607	Edita vous a demandé de récupérer les objets sacrés perdus sur Chemin de Goanar. Vainquez aussi les monstres sur le chemin du retour.	에디타는 고아나르 숲길에서 잃어버린 성물의 회수를 요청했습니다. 가는 길에 몬스터도 함께 정리하세요.	QUEST_LV_0100_20151016_010155	Rendez-vous à l'endroit indiqué par Edita et récupérez les objets perdus par l'Alliance marchande durant Medzio Diena. Et si possible, taillez en pièces les monstres croisés en chemin.	에디타가 가리킨 곳에서 상단이 신수의 날에 잃어버렸다는 물품을 가져 옵시다. 가는 길에 몬스터도 정리하면 좋겠습니다.	
QUEST_UNUSED_20151022_001608	Les remettre à Edita	에디타에게 전달	QUEST_LV_0100_20151016_010156	Parler Avec Edita	에디타와 대화	
QUEST_UNUSED_20151022_001609	Vous avez vaincu tous les monstres et récupéré les objets sacrés. Apportez-les à Edita, je vous prie.	몬스터를 전부 정리하고 성물도 무사히 회수했습니다. 이것을 에디타에게 가져다 주세요.	QUEST_LV_0100_20151016_010157	La chose dont parlait Edita est récupérée. Rendez-la à Edita.	에디타가 말 한 것을 구했습니다. 이것을 에디타에게 가져다 주세요.	
QUEST_UNUSED_20151022_001610	Vaincre les monstres près de Chemin de Goanar	고아나르 숲길 주변의 몬스터 처치	QUEST_LV_0100_20151016_010158	Sortir les Poubelles en Chemin	가는 길의 몬스터 처치	
QUEST_UNUSED_20151022_001611	Récupérer les objets des marchands sur la Route de Kluibe.	크뤼베 가도의 상단 물건 회수	QUEST_LV_0100_20151016_010160	Vaincre les monstres et récupérer les objets	몬스터를 물리치고 상단 물품 가져 오기	
QUEST_UNUSED_20151022_001612	Les monstres accourent près de l'endroit où devraient se trouver les objets. Vainquez-les et récupérez les objets des marchands.	잃어버린 상단 물건이 있어야 할 곳 인근에 몬스터들이 몰려들어 있다고 합니다. 이들을 물리치고 상단 물건을 되찾으세요.	QUEST_LV_0100_20151016_010161	Les monstres infestent déjà la zone où les objets sont censés se trouver. Donnez-leur une leçon et récupérez les marchandises.	상단 물품이 있어야 할 자리에 몬스터들이 이미 차지하고 있습니다. 이들을 물리치고 상단 물품을 되찾으세요.	
QUEST_UNUSED_20151022_001613	Les remettre à Jurate	유라테에게 전달	QUEST_LV_0100_20151001_009205	Retourner Voir Jurate	유라테에게 돌아가기	
QUEST_UNUSED_20151022_001614	Les objets des marchands sont acquis. Retournez voir Jurate et demandez-lui ce que c'est.	상단의 물건을 되찾았습니다. 유라테에게 돌아가서 이것들이 무엇인지 물어 보세요.	QUEST_LV_0100_20151016_010162	Vous avez les marchandises mais pour savoir ce que c'est, vous devriez consulter Jurate.	상단 물품으로 보이는 조각들을 몬스터들로부터 빼앗긴 했지만, 이것이 무엇인지 알아보려면 유라테에게 돌아가야 합니다.	
QUEST_UNUSED_20151022_001615	Récupérer %s après avoir vaincu des monstres	몬스터를 처치하고 %s 회수	QUEST_LV_0100_20151001_009207	Obtenir %s en vainquant les monstres	몬스터들을 처치하고 %s 구하기	
QUEST_UNUSED_20151022_001616	Vaincre les monstres et récupérer le morceau de papier humide	몬스터를 처치하고 축축한 종이 조각 회수	QUEST_LV_0100_20151001_009208	Vaincre les monstres et obtenir des morceaux de papier humides	몬스터들을 처치하고 축축한 종이 조각 구하기	
QUEST_UNUSED_20151022_001617	Chercher les marchandises des marchands avec le détecteur au Champ de Juikas	율카스 벌판에서 탐지기를 사용하여 상단 물품 수색				
QUEST_UNUSED_20151022_001618	Explorez le Champ de Juikas avec le détecteur qu'Edita vous a donné. Vous connaîtrez la direction en utilisant le détecteur à l'intérieur de l'endroit marqué sur la carte.	에디타가 준 탐지기로 율카스 벌판 일대를 조사해 보세요. 맵에 표시된 곳 안에서 탐지기를 사용하면 방향을 알 수 있습니다.	QUEST_LV_0100_20151016_010165	Utiliser le détecteur d'Edita pour fouiller la zone. Utilisez-le dans la zone marquée sur la carte.	에디타가 준 탐지기로 일대를 조사해 보세요. 맵에 표시된 곳 안에서 탐지기를 사용하면 방향을 알 수 있습니다.	
QUEST_UNUSED_20151022_001619	Faire un Rapport à Edita	에디타에게 보고	QUEST_LV_0100_20151016_010166	Faire un Rapport à Edita	에디타에게 보고하러 가기	
QUEST_UNUSED_20151022_001620	Vous avez trouvé les marchandises du marchand avec le détecteur. Rapportez-les à Edita.	탐지기 덕분에 상단 물품을 찾았습니다. 에디타에게 가져다 주세요.	QUEST_LV_0100_20151016_010167	Les marchandises sont récupérées grâce aux marchandises. Livrez-les à Eidta.	탐지기 덕분에 상단 물품을 회수하는 데 성공했습니다. 에디타에게 가져다 주세요.	
QUEST_UNUSED_20151022_001621	Récupérer les supports pédagogiques sur les monstres	몬스터에게서 교육 자료 되찾기	QUEST_LV_0100_20151016_010170	Récupérer le Matériel Pédagogique	교육 자료 찾아오기	
QUEST_UNUSED_20151022_001622	Les remettre à Margellius	마르젤리유스에게 전달				
QUEST_UNUSED_20151022_001623	Récolter les supports pédagogiques sur les monstres	몬스터에게서 교육 자료 수집	QUEST_LV_0100_20151001_009220	Vaincre les monstres et obtenir les morceaux des registres des marchands	몬스터를 처치하고 상단의 기록 조각 구하기	
QUEST_UNUSED_20151022_001624	Récolter le fluide corporel des monstres	몬스터 체액 수집	QUEST_LV_0100_20151001_009222	Obtenir le fluide corporel auprès des monstres	몬스터 체액 구하기	
QUEST_UNUSED_20151022_001625	Pour fabriquer les documents pédagogiques, il vous faudra l'encre spéciale. Placez le piège que Margellius vous a donné sur le Terrain vide de Drose, capturez les monstres et extrayez le fluide corporel.	교육 자료를 만들기 위해선 특별한 잉크가 필요합니다. 마르젤리유스가 준 덫을 드로즈 공터에 놓아 몬스터를 포획한 뒤 체액을 뽑으세요.	QUEST_LV_0100_20151016_010175	Pour fabriquer des supports pédagogiques, une teinture spéciale est nécessaire. Pour fabriquer cette teinture, il vous faut du fluide corporel frais de monstres. Quand vous poserez près des monstres les pièges que Margellius vous a donnés, les monstres seront pris, ce qui vous permettra d'obtenir le fluide corporel. Rappelez-vous que les monstres meurent vite une fois pris au piège, vous devez donc les en retirer rapidement. Seuls les monstres au fond de la place de la ville conviennent, vous feriez mieux de vous y rendre.	교육 자료를 만들기 위해서는 특별한 염료가 필요하다고 합니다. 그 염료를 만들기 위해서는 몬스터의 신선한 체액이 필요합니다. 마르젤리유스가 건네 준 덫을 몬스터 주변에 놓으면 몬스터가 포획 되는데, 이 때 체액을 뽑아 내도록 합시다. 단, 덫에 걸린 몬스터를 곧 죽어버리니 빨리 뽑아 내야 합니다. 멀리 광장에 있는 몬스터만 가지고 있다고 하니 그쪽으로 가세요.	
QUEST_UNUSED_20151022_001626	Récolter les matériaux pour fabriquer des pierres tombales	비석을 만들 자재 수집	QUEST_LV_0100_20151016_010177	Trouver des Matériaux pour la Pierre Tombale	비석을 만들 자재 구하기	
QUEST_UNUSED_20151022_001627	Les remettre à Antanas	안타나스에게 전달				
QUEST_UNUSED_20151022_001628	Tous les matériaux nécessaires à la fabrication de pierres tombales sont obtenus. Maintenant, retournez voir Antanas.	비석 세우기에 필요한 자재를 다 구했습니다. 이제 안타나스에게 돌아가세요.	QUEST_LV_0100_20151016_010179	Tous les matériaux nécessaires pour dresser des pierres tombales sont acquis. Retournez maintenant voir Antanas.	비석 세우기에 필요한 재료를 다 구했습니다. 이제 안타나스에게 돌아가세요.	
QUEST_UNUSED_20151022_001629	Puisque vous avez obtenu tous les matériaux, demandez maintenant si vous pouvez fabriquer des pierres tombales.	재료를 모두 구해 주었으니 이제 비석을 만들 수 있는지 물어 보세요.	QUEST_LV_0100_20151016_010180	Lui demander si, avec tous les matériaux nécessaires, elle pourrait faire des pierres tombales.	재료를 모두 구해 주었으니, 이제 비석을 만들 수 있느냐고 물어 보세요.	
QUEST_UNUSED_20151022_001630	Recevoir le ciseau et le marteau spécialement commandés au forgeron d'Orsha	오르샤의 대장장이에게 특별 주문한 정과 망치 받기				
QUEST_UNUSED_20151022_001631	Antanas a commandé des outils spéciaux pour fabriquer des pierres tombales. Allez rencontrer le forgeron d'Orsha pour recevoir le ciseau et le marteau spécialement commandés.	안타나스는 비석을 만들기 위해 특별한 도구들을 주문해 두었다고 합니다. 오르샤의 대장장이에게 특별 주문한 정과 망치를 받으러 가 보세요.				
QUEST_UNUSED_20151022_001632	Antanas a commandé le marteau et le ciseau, mais le forgeron ne vous a donné que le marteau. Demandez ce qu'il est advenu du ciseau.	안타나스는 망치와 정을 주문했다는데 대장장이는 망치만 주었습니다. 정은 어떻게 되었는지 물어 봅시다.	QUEST_LV_0100_20151001_009237	Demander où aller pour obtenir un burin.	정을 빌리려면 어디로 가야 하는지 물어 봅시다.	
QUEST_UNUSED_20151022_001633	Recevoir le ciseau spécialement commandé au forgeron d'Orsha	오르샤의 장비상인에게 특별 주문한 정 받기	QUEST_LV_0100_20151001_009238	Aller rencontrer le marchand d'équipement à Orsha	오르샤 장비상인 찾아가기	
QUEST_UNUSED_20151022_001634	Le forgeron d'Orsha a confié le travail au Marchand d'équipement pour l'achèvement. Allez rencontrer le Marchand d'équipement pour recevoir le ciseau.	오르샤의 대장장이는 정의 마무리 작업을 위해 장비상인에게 맡겼다고 합니다. 정을 받으러 장비상인에게 가 보세요.	QUEST_LV_0100_20151001_009239	Aller rencontrer le forgeron à Orsha pour obtenir le burin.	정을 빌리러 오르샤 대장장이에게 가 봅시다.	
QUEST_UNUSED_20151022_001635	Vous avez reçu le ciseau et le marteau. Maintenant, remettez-les à Antanas.	정과 망치를 모두 받았습니다. 이제 안타나스에게 전해 주세요.	QUEST_LV_0100_20151001_009240	Puisque vous avez emprunté tout ce dont vous avez besoin, retournez voir Antanas.	빌릴 것들을 모두 빌렸으니 이제 안타나스에게 돌아가세요.	
QUEST_UNUSED_20151022_001636	Il semble que vous ayez aidé pour toutes les tâches où Antanas avait besoin d'aide. Parlez-lui une dernière fois.	안타나스가 도움이 필요한 일은 모두 도와준 것 같습니다. 마지막으로 그와 대화해 보세요.	QUEST_LV_0100_20151001_009241	Demander à Antanas quoi faire ensuite.	이제 어떻게 해야 하는지 안타나스에게 물어 보세요.	
QUEST_UNUSED_20151022_001637	Fabriquer la pierre tombale	비석 제작	QUEST_LV_0100_20151016_010176	Ériger la Pierre Tombale	비석 세우기	
QUEST_UNUSED_20151022_001638	Antanas vous a proposé de fabriquer une pierre tombale. Ce sera une bonne expérience de la faire.	안타나스가 비석을 한 번 만들어 보지 않겠느냐고 제안했습니다. 한 번 만들어 보는 것도 좋은 경험일 것 같습니다.	QUEST_LV_0100_20151016_010181	Suivre ses instructions et bâtir une pierre tombale avec les matériaux dont vous disposez.	구해 온 재료들로 안타나스의 지시에 따라 비석을 만드세요.	
QUEST_UNUSED_20151022_001639	La pierre tombale a été bien faite. Il est temps de dire adieu à Antanas.	비석은 잘 만들어 진 것 같습니다. 안타나스에게 인사하고 떠날 때 입니다.	QUEST_LV_0100_20151016_010182	Vous l'avez bien érigé. Faites vos adieux à Antanas et poursuivez votre route.	비석을 잘 세운 것 같습니다. 안타나스에게 인사하고 떠날 때 입니다.	
QUEST_UNUSED_20151022_001640	Antans vous a dit que Giedra, l'autre membre de Nestospa, a besoin d'aide.	안타나스는 네스토스파의 또 다른 일원인 기에드라가 도움이 필요하다고 합니다.	QUEST_LV_0100_20151016_010183	Maintenant, parlez à Giedra.	네스토스파의 또 다른 일원인 기에드라와 이야기 해 봅시다.	
QUEST_UNUSED_20151022_001641	Récolter les coques transparentes	투명한 껍질 수집	QUEST_LV_0100_20151001_009248	Obtenir une coquille transparente	투명한 껍질 구하기	
QUEST_UNUSED_20151022_001642	Giedra vous a dit que pour fabriquer des écritures, il lui faudrait des coquilles transparentes. Vainquez les monstres et obtenez des coquilles transparentes.	기에드라는 경전을 만들기 위해 몬스터의 투명한 껍질이 필요하다고 합니다. 몬스터를 처치하고 투명한 껍질을 모으세요.	QUEST_LV_0100_20151001_009249	Giedra rassemble diverses marchandises pour fabriquer les écritures saintes, mais il lui faut maintenant la coquille transparente des monstres. Vainquez les monstres et récoltez les coquilles transparentes.	기에드라는 경전을 만들기 위해 여러가지 물품을 모으고 있는 중인데, 지금은 몬스터의 투명한 껍질이 필요하다고 합니다. 몬스터를 처치하고 투명한 껍질을 모으세요.	
QUEST_UNUSED_20151022_001643	Les remettre à Giedra	기에드라에게 전달				
QUEST_UNUSED_20151022_001644	Puisque vous avez récolté toutes les coques transparentes, apportez-les à Giedra, je vous prie.	투명한 껍질을 모두 모았으니 기에드라에게 가져다 주세요.	QUEST_LV_0100_20151001_009251	Puisque vous avez obtenu toutes les carapaces transparentes, apportez-les à Giedra.	투명한 껍질을 모두 모았으니 기에드라에게 갖다 주세요.	
QUEST_UNUSED_20151022_001645	Fabriquer le rouleau de lanière rigide pour la reliure avec la courte lanière de cuir	짤막한 가죽 끈으로 제본용 질긴 끈뭉치 제작				
QUEST_UNUSED_20151022_001646	Il vous faudra la lanière de cuir nécessaire à la reliure des écritures, mais les lanières de cuir des monstres sont trop courtes. Obtenez de courtes lanières de cuir sur les monstres et fabriquez un rouleau de lanière rigide pour la reliure à l'aide de Moru.	경전 제본에 가죽끈이 필요한테 몬스터에게 나오는 가죽끈은 짤막해서 쓸 수가 없다고 합니다. 몬스터에게서 짤막한 가죽 끈을 구한 뒤 무두용 모루로 제본용 질긴 끈 뭉치를 만들어 오세요.	QUEST_LV_0100_20151001_009254	Obtenons la lanière de cuir nécessaire à la fabrication des écritures.	경전 제본에 필요하다는 가죽끈을 구해 봅시다.	
QUEST_UNUSED_20151022_001647	Vous avez fabriqué toutes les lanières de cuir pour la reliure. Apportez-les à Giedra.	제본용 가죽끈을 모두 만들었습니다. 기에드라에게 가져다 주세요.	QUEST_LV_0100_20151001_009255	Toutes les lanières de cuir sont acquises. Apportez-les à Giedra.	가죽끈을 모두 구했습니다. 기에드라에게 갖다 주세요.	
QUEST_UNUSED_20151022_001648	Parler avec Kestas qui a l'air très instable	굉장히 불안해 보이는 케스타스와 대화	QUEST_LV_0100_20151001_009257	Parler à Kestas	케스타스와 대화	
QUEST_UNUSED_20151022_001649	Vous voyez Kestas qui a l'air très instable. Parlez-lui.	뭔가 굉장히 안절부절하고 있는 케스타스가 보입니다. 그에게 말을 걸어 보세요.	QUEST_LV_0100_20151016_010185	Aller voir Kestas, un autre membre de Nestopa.	네스토스파의 다른 일원인 케스타스에게 가 보세요.	
QUEST_UNUSED_20151022_001650	Récupérer l'enseigne de Nestospa sur les monstres	몬스터에게서 네스토스의 표식 되찾기	QUEST_LV_0100_20151016_010186	Récupérer le Panneau de Nesto	네스토스의 표식 되찾기	
QUEST_UNUSED_20151022_001651	Kestas a l'air très instable depuis qu'il a perdu l'enseigne de Nestospa. Récupérez l'enseigne de Nestospa sur les monstres alentour.	케스타스는 네스토스의 표식을 잃어버려 굉장히 불안해하고 있습니다. 주변의 몬스터로부터 네스토스의 표식을 되찾아 주세요.	QUEST_LV_0100_20151016_010187	Récupérer les Signes de Nesto auprès des monstres à proximité et les rendre à Kestas, en difficulté.	주변의 몬스터로부터 네스토스의 표식을 되찾아서 정서가 불안한 케스타스에게 돌려 주세요.	
QUEST_UNUSED_20151022_001652	Les remettre à Kestas	케스타스에게 전달	QUEST_LV_0100_20151016_010188	Rendre le Panneau	네스토스의 표식 돌려주기	
QUEST_UNUSED_20151022_001653	Kestas semble en sécurité à présent. Parlez avec Kestas.	케스타스는 이제 안전한 것 같습니다. 케스타스와 이야기를 더 나눠 보세요.	QUEST_LV_0100_20151016_010191	Parler davantage avec Kestas.	케스타스와 이야기를 더 나눠 보세요.	
QUEST_UNUSED_20151022_001654	Vaincre les monstres qui tentent de voler les enseignes	표식을 빼앗으려는 몬스터 처치	QUEST_LV_0100_20151016_010192	Vaincre les monstres qui en veulent aux registres	기록을 빼앗으려는 몬스터 처치	
QUEST_UNUSED_20151022_001655	Vous avez soufflé dans le cor pour ordonner la retraite. Dites-le à l'esprit du soldat de l'Armée de Ruklys.	나팔을 불어 퇴각 명령을 알렸습니다. 루클리스 부대 병사 영혼에게 이 사실을 알리세요.	QUEST_UNUSED_20151016_000843	Vous avez soufflé dans le cor et envoyé l'ordre de retraite. Parlez-en à l'esprit du soldat de l'Armée de Ruklys.	나팔을 불어 퇴각 명령을 알렸스빈다. 루클리스 부대 병사 영혼에게 이 사실을 알리세요.	
QUEST_UNUSED_20151022_001656	Parler Avec Varas	행상인 바라스와 대화				
QUEST_UNUSED_20151022_001657	Varas a l'air instable. Demandez-lui pourquoi.	행상인 바라스가 안절부절하고 있습니다. 무슨 일 때문에 안절부절하는지 알아보세요.				
QUEST_UNUSED_20151022_001658	Se rendre à l'endroit où se trouvent les collègues de Varas.	행상인 바라스의 동료들이 있는 장소로 이동	QUEST_LV_0100_20151016_010277	Deuxième Étape	중간 할 일	
QUEST_UNUSED_20151022_001659	Varas vous a dit que ses collègues sont attaqués par les démons. Aidez-les.	행상인 바라스는 자신의 동료들이 마족에게 공격을 받고 있다고 합니다. 어서 그들을 도와주세요	QUEST_LV_0100_20151016_010278	Guide de la Deuxième Étape	중간 설명	
QUEST_UNUSED_20151022_001660	Il semble que Rose veuille parler de quelque chose. Parlez-lui.	로제가 뭔가 하고 싶은 말이 있어 보입니다. 그녀와 대화하세요	QUEST_LV_0100_20151016_010280	Guide de la Dernière Étape	마지막 설명	
QUEST_UNUSED_20151022_001661	Vaincre les démons qui menacent les marchands	행상인들을 위협하는 마족 처치하기	QUEST_JOBSTEP_20150323_002333	Vaincre %s	%s 처치	
QUEST_UNUSED_20151022_001662	Parler Avec Rose	로제와 대화하세요				
QUEST_UNUSED_20151022_001663	Restaurer l'endurance du chien	개의 체력을 회복시키기	QUEST_LV_0100_20151016_010277	Deuxième Étape	중간 할 일	
QUEST_UNUSED_20151022_001664	En utilisant l'odorat du chien, Rose veut chercher les marchands éparpillés alentour. Mais le chien n'a pas assez d'endurance. Restaurez l'endurance du chien, je vous prie.	로제는 개의 후각을 이용해 흩어진 행상인들을 찾자고 합니다. 하지만 개의 체력이 좋지 않습니다. 개의 체력을 회복시켜주세요	QUEST_LV_0100_20151016_010278	Guide de la Deuxième Étape	중간 설명	
QUEST_UNUSED_20151022_001665	L'endurance du chien est revenue pour chercher les collègues de Rose. Dites-le à Rose.	로제의 동료들을 찾을 수 있을만큼 개의 체력이 돌아왔습니다. 로제에게 알려주세요.	QUEST_LV_0100_20151016_010280	Guide de la Dernière Étape	마지막 설명	
QUEST_UNUSED_20151022_001666	Chercher les marchands grâce à l'odorat du chien	개의 후각을 이용해 행상인 찾기	QUEST_LV_0100_20151016_010277	Deuxième Étape	중간 할 일	
QUEST_UNUSED_20151022_001667	Faire sentir au chien les vêtements portant l'odeur du marchand et chercher le marchand	개에게 체취가 뭍은 옷가지를 맡게하여 행상인을 찾게 하세요.	QUEST_LV_0100_20151016_010278	Guide de la Deuxième Étape	중간 설명	
QUEST_UNUSED_20151022_001668	Parler avec le marchand	행상인과 대화				
QUEST_UNUSED_20151022_001669	Il semble que vous ayez trouvé la plupart des marchands. Parlez avec les marchands.	대부분의 행상인을 찾은거 같습니다. 행상인과 대화하세요	QUEST_LV_0100_20151016_010280	Guide de la Dernière Étape	마지막 설명	
QUEST_UNUSED_20151022_001670	Parler avec les marchands	행상인과 대화하세요				
QUEST_UNUSED_20151022_001671	Vaincre les démons qui menacent les marchands	행상인을 위협하는 마족 처치	QUEST_LV_0100_20151016_010277	Deuxième Étape	중간 할 일	
QUEST_UNUSED_20151022_001672	Vaincre les démons qui menacent les marchands	행상인을 위협하는 마족을 처치하세요	QUEST_LV_0100_20151016_010278	Guide de la Deuxième Étape	중간 설명	
QUEST_UNUSED_20151022_001673	Chercher les bagages que les marchands ont perdus	행상인이 잃어버린 짐보따리 찾기				
QUEST_UNUSED_20151022_001674	Le marchand dit avoir perdu tous ses bagages alors qu'il était poursuivi par les démons. Cherchez les bagages du marchand, je vous prie.	행상인은 마족에게 쫓기면서 짐보따리를 잃어버렸다고 합니다. 행상인의 짐보따리를 찾아주세요	QUEST_LV_0100_20151016_010278	Guide de la Deuxième Étape	중간 설명	
QUEST_UNUSED_20151022_001675	Vous avez ramassé tous les bagages du marchand tombés au sol. Rapportez-les au marchand.	길에 떨어진 행산인의 물건을 모두 수거했습니다. 행상인에게 가져다주세요.	QUEST_LV_0100_20151016_010280	Guide de la Dernière Étape	마지막 설명	
QUEST_UNUSED_20151022_001676	Parler au marchand qui tremble d'inquiétude	불안에 떨고 있는 행상인과 대화하세요	QUEST_LV_0100_20151016_010276	Guide de la Première Étape	시작 설명	
QUEST_UNUSED_20151022_001677	Vaincre les démons et les monstres autour du village AA	AA 마을 주변에 있는 마족과 몬스터 처치	QUEST_LV_0100_20151016_010277	Deuxième Étape	중간 할 일	
QUEST_UNUSED_20151022_001678	Apaiser l'inquiétude du marchand en vainquant les démons et les monstres autour du village AA	AA 마을 주변에 있는 마족과 몬스터를 처치해 행상인의 불안함을 덜어주세요	QUEST_LV_0100_20151016_010278	Guide de la Deuxième Étape	중간 설명	
QUEST_UNUSED_20151022_001679	Vous avez vaincu les démons et les monstres autour du village AA. Parlez au marchand.	AA 마을 주변에 있는 마족과 몬스터를 처치했습니다. 행상인과 대화하세요	QUEST_LV_0100_20151016_010280	Guide de la Dernière Étape	마지막 설명	
QUEST_UNUSED_20151022_001680	Vaincre les démons et les monstres autour du village AA	AA 마을 주변에 있는 마족과 몬스터 처치하기	QUEST_JOBSTEP_20150323_002333	Vaincre %s	%s 처치	
QUEST_UNUSED_20151022_001681	Parler à Herboriste Tales	약초꾼 테일스와 대화				
QUEST_UNUSED_20151022_001682	Parler à Herboriste Tales	약초꾼 테일스와 대화하세요				
QUEST_UNUSED_20151022_001683	Obtenir les herbes des environs	주변에 있는 약초 구하기	QUEST_LV_0100_20151016_010277	Deuxième Étape	중간 할 일	
QUEST_UNUSED_20151022_001684	Herboriste Tales vous a demandé d'aller chercher des herbes qui guériraient ses blessures.	약초꾼 테일스는 자신의 상처를 치유 할 수 있는 약초를 구해달라고 합니다.	QUEST_LV_0100_20151016_010278	Guide de la Deuxième Étape	중간 설명	
QUEST_UNUSED_20151022_001685	Il semble que même avec les effets des herbes, les blessures de Tales ne guérissent pas. Parlez à Tales.	약초의 효력으로도 약초꾼 테일스의 상처는 낫지 않는것 같습니다. 약초꾼 테일스와 대화하세요	QUEST_LV_0100_20151016_010276	Guide de la Première Étape	시작 설명	
QUEST_UNUSED_20151022_001686	Parler Avec le Sous-maître Clerc	클레릭 서브 마스터와 대화				
QUEST_UNUSED_20151022_001687	Informer le Sous-maître Clerc de l'état de Herboriste Tales	클레릭 서브 마스터에게 약초꾼 테일스의 상태를 말해주세요				
QUEST_UNUSED_20151022_001688	Parler Avec le Sous-maître Clerc	클레릭 서브 마스터와 대화하세요	QUEST_LV_0100_20151016_010276	Guide de la Première Étape	시작 설명	
QUEST_UNUSED_20151022_001689	Remettre l'herbe à Herboriste Tales	약초꾼 테일스에게 약 건내주기				
QUEST_UNUSED_20151022_001690	Remettre l'herbe obtenue du Sous-maître Clerc à Herboriste Tales	클레릭 서브 마스터에게 받은 약을 약초꾼 테일스에게 건내주세요				
QUEST_UNUSED_20151022_001691	Il semble que Rose ait trouvé quelque chose. Retournez lui parler.	로제가 뭔가를 발견한 것 같습니다. 그녀에게로 가 대화하세요	QUEST_LV_0100_20151016_010276	Guide de la Première Étape	시작 설명	
QUEST_UNUSED_20151022_001692	Vaincre les démons à la base des démons	마족의 근거지에 있는 마족 처치하기				
QUEST_UNUSED_20151022_001693	Vaincre les démons restants à la base des démons	마족의 근거지에 남아 있는 마족를 처치하세요	QUEST_LV_0100_20151016_010278	Guide de la Deuxième Étape	중간 설명	
QUEST_UNUSED_20151022_001694	Vaincre les démons restants à la base des démons	마족의 근거지에 남아있는 마족을 처치하세요	QUEST_LV_0100_20151016_010280	Guide de la Dernière Étape	마지막 설명	
QUEST_UNUSED_20151022_001695	Parler à Rose	로제와 대화세요	QUEST_LV_0100_20151016_010276	Guide de la Première Étape	시작 설명	
QUEST_UNUSED_20151022_001696	Chercher les informations concernant la fougère géante	거대 고사리와 관련된 정보 찾기	QUEST_LV_0100_20151016_010277	Deuxième Étape	중간 할 일	
QUEST_UNUSED_20151022_001697	Chercher les informations concernant la fougère géante à la base des démons	마족의 근거지에서 거대 고사리와 관련된 정보를 찾으세요	QUEST_LV_0100_20151016_010278	Guide de la Deuxième Étape	중간 설명	
QUEST_UNUSED_20151022_001698	Retourner voir Rose	로제에게 돌아가기				
QUEST_UNUSED_20151022_001699	Vous avez trouvé les informations sur la fougère géante. Retournez voir Rose.	거대 고사리와 관련된 정보를 찾았습니다. 로제에게 돌아가세요	QUEST_LV_0100_20151016_010280	Guide de la Dernière Étape	마지막 설명	
QUEST_UNUSED_20151022_001700	Retourner voir Rose	로제에게로 돌아가기	QUEST_LV_0100_20151016_010275	Première Étape	시작 할 일	
QUEST_UNUSED_20151022_001701	Retourner voir Rose et lui parler des informations sur la fougère géante	로제에게로 돌아가 거대 고사리 관련된 정보를 알려주세요	QUEST_LV_0100_20151016_010276	Guide de la Première Étape	시작 설명	
QUEST_UNUSED_20151022_001702	Sauver Rose	로제 구출하기				
QUEST_UNUSED_20151022_001703	Rose a été capturée par un sorcier non identifié et des démons. Secourez-la.	로제가 정체를 알 수 없는 마법사와 마족에게 붙잡혔습니다. 그녀를 구하세요	QUEST_LV_0100_20151016_010278	Guide de la Deuxième Étape	중간 설명	
QUEST_UNUSED_20151022_001704	Vous avez sauvé Rose. Parlez-lui.	로제를 구했습니다. 그녀와 대화하세요	QUEST_LV_0100_20151016_010280	Guide de la Dernière Étape	마지막 설명	
QUEST_UNUSED_20151022_001705	Vaincre les démons qui tentent d'enlever Rose	로제를 납치하려는 마족 처치하기	QUEST_JOBSTEP_20150323_002333	Vaincre %s	%s 처치	
QUEST_UNUSED_20151022_001706	Parler à Rose des informations sur la fougère géante	로제에게 거대 고사리와 관련된 정보를 알려주세요	QUEST_LV_0100_20151016_010276	Guide de la Première Étape	시작 설명	
QUEST_UNUSED_20151022_001707	Éliminer l'alimentation du dispositif	장치의 동력원 제거하기	QUEST_LV_0100_20151016_010277	Deuxième Étape	중간 할 일	
QUEST_UNUSED_20151022_001708	Éliminer l'alimentation du dispositif qui fait grandir la fougère géante	거대 고사리를 크게 만드는 장치의 동력원을 제거하세요	QUEST_LV_0100_20151016_010278	Guide de la Deuxième Étape	중간 설명	
QUEST_UNUSED_20151022_001709	Vous avez éliminé l'alimentation du dispositif. Parlez à Rose.	장치의 동력원을 제거했습니다. 로제와 대화하세요	QUEST_LV_0100_20151016_010280	Guide de la Dernière Étape	마지막 설명	
QUEST_UNUSED_20151022_001710	Rose attend sur le chemin du monastère. Parlez-lui.	로제가 수도원으로 향하는 길목에서 기다리고 있습니다. 그녀와 대화하세요	QUEST_LV_0100_20151016_010276	Guide de la Première Étape	시작 설명	
QUEST_UNUSED_20151022_001711	Vaincre les démons qui bloquent la route	길목을 지키고 있는 마족 처치하기	QUEST_LV_0100_20151016_010277	Deuxième Étape	중간 할 일	
QUEST_UNUSED_20151022_001712	Vaincre les démons qui bloquent la route vers le monastère.	수도원으로 향하는 길목을 지키고 있는 마족을 처치하세요.	QUEST_LV_0100_20151016_010278	Guide de la Deuxième Étape	중간 설명	
QUEST_UNUSED_20151022_001713	Vaincre les Gremlin	그렘린 처치하기	QUEST_JOBSTEP_20150323_002333	Vaincre %s	%s 처치	
QUEST_UNUSED_20151022_001714	Parler au cueilleur d'herbes	약초꾼과 대화하세요				
QUEST_UNUSED_20151022_001715	Libérer le piège	덫을 풀어주세요	QUEST_LV_0100_20151016_010278	Guide de la Deuxième Étape	중간 설명	
QUEST_UNUSED_20151022_001716	Détruire le cercle magique qui protège le chaudron	솥을 지키고 있는 마법진 파괴하기	QUEST_LV_0100_20151016_010277	Deuxième Étape	중간 할 일	
QUEST_UNUSED_20151022_001717	Détruire le cercle magique qui protège le chaudron	솥을 지키고 있는 마법진 파괴하세요	QUEST_LV_0100_20151016_010278	Guide de la Deuxième Étape	중간 설명	
QUEST_UNUSED_20151022_001718	Détruit le chaudron	솥 파괴하기				
QUEST_UNUSED_20151022_001719	Le cercle magique qui protégeait le chaudron a été retiré. Détruisez le chaudron	솥을 지키고있던 마법진이 제거됐습니다. 솥을 파괴하세요				
QUEST_UNUSED_20151022_001720	Brûler la boîte qui contient la fougère	고사리가 든 상자 불태우기				
QUEST_UNUSED_20151022_001721	Brûler la caisse où les démons ont mis les brakens	마족이 고사리를 담아둔 상자를 태우세요	QUEST_LV_0100_20151016_010278	Guide de la Deuxième Étape	중간 설명	
QUEST_UNUSED_20151022_001722	Les colons sont menacés par des Poatas apparus devant l'entrée d'Orsha ! Vainquez les Poatas pour assurer la sécurité à l'entrée d'Orsha.	도시 오르샤 입구에 나타난 포아타로 인해 이주민들이 위협받고 있습니다! 포아타를 처치하여 오르샤 입구의 안전을 확보하세요				
QUEST_UNUSED_20151022_001723	Colon Izna vous a demandé d'obtenir des Feuilles rouges en vainquant les Insectes-feuilles du 1er district	이주민 이즈나는 1번 지역에서 잎방개를 처치하여 연붉은 잎사귀를 구해달라고 부탁했습니다	QUEST_UNUSED_20151016_000866	Colon Izna vous a demandé de vaincre les monstres alentour et de récolter des feuilles rouges.	이주민 이즈나는 주변 몬스터를 처치하여 연붉은 잎사귀를 수집해달라고 부탁했습니다	
QUEST_UNUSED_20151022_001724	Comme Izna vous l'a demandé, vous avez obtenu assez de Feuilles rouges. Parlez à Izna	이주민 이즈나의 요청대로 연붉은 잎사귀를 충분히 구했습니다. 이즈나와 대화하세요	QUEST_UNUSED_20151016_000864	Parler Avec Colon Izna	이주민 이즈나와 대화하세요	
QUEST_UNUSED_20151022_001725	Colon Izna vous a demandé de récolter le mucus que vous pouvez obtenir en vainquant les Chinencys des 1er et 2e districts	이주민 이즈나는 1/2번 지역에 치넨시를 처치하여 얻은 점액을 수집해달라고 부탁했습니다	QUEST_UNUSED_20151016_000869	Colon Izna vous a demandé de récolter du Mucus de Rampas.	이주민 이즈나는 렘파를 점액을 수집해달라고 부탁했습니다	
QUEST_UNUSED_20151022_001726	Assez de Mucus de Rampar est acquis comme Izna l'a demandé. Parlez à Izna	이주민 이즈나가 요청한 렘파르 점액을 충분히 수집했습니다. 이즈나와 대화하세요	QUEST_UNUSED_20151016_000864	Parler Avec Colon Izna	이주민 이즈나와 대화하세요	
QUEST_UNUSED_20151022_001727	Afin d'aider les colons isolés dans la forêt à cause des monstres gigantesques, Colon Izna vous a demandé d'allumer le feu de camp dans les aires de repos des districts 3 et 4.	이주민 이즈나는 거대한 몬스터 때문에 길을 숲 속에 고립된 북쪽 지역 이주민들을 돕기 위해 3/4 지역의 쉼터 모닥불을 켜달라고 했습니다				
QUEST_UNUSED_20151022_001728	Mettre le feu aux tas de bois de l'aire de repos	쉼터 장작더미에 불 지피기				
QUEST_UNUSED_20151022_001729	Colon Izna vous a demandé de mettre le feu aux tas de bois des aires de repos pour que les colons y voient clair	이주민 이즈나는 쉼터 장작더미에 불을 지펴서 먼 곳에 있는 이주민들이 볼 수 있도록 해 달라고 부탁했습니다				
QUEST_UNUSED_20151022_001730	Vaincre les Woodspirit	우드스피릿 처치				
QUEST_UNUSED_20151022_001731	Colon Dallanas a béni votre aventure. Et elle vous a aussi conseillé de prier devant la statue de la déesse Zemyna et de recevoir la protection de la déesse.	이주민 달라나스는 당신의 모험을 축복해주었습니다. 그리고 제미나 여신상에 경배하여 여신의 가호를 받아보라고 조언해주었습니다				
QUEST_UNUSED_20151022_001732	Vaincre les monstres de l'aire de repos temporaire	임시 휴식처의 몬스터 처치				
QUEST_UNUSED_20151022_001733	Colon Dallanas vous a dit que l'aire de repos temporaire où les colons attendent d'entrer dans Orsha est devenue dangereuse à cause de la récente prolifération des monstres. Vainquons les monstres de l'aire de repos temporaire.	이주민 달라나스는 이주민들이 오르샤로 들어가기 위해 대기하던 임시 휴식처가 얼마 전부터 몬스터들의 출몰로 위험해졌다고 합니다. 임시 휴식처의 몬스터들을 처리해 줍시다	QUEST_UNUSED_20150729_000346	Progression	진행	
QUEST_UNUSED_20151022_001734	Colon Dallanas vous a demandé de ramener les colons dispersés dans les aires de repos temporaires	이주민 달라나스는 임시 휴식처에 흩어져 있는 이주민들을 데리고 와달라고 부탁했습니다	QUEST_UNUSED_20151016_000883	Colon Dallanas vous a demandé de ramener les colons éparpillés dans la zone.	이주민 달라나스는 주변에 흩어져 있는 이주민들을 데리고 와다라라고 부탁했습니다	
QUEST_UNUSED_20151022_001735	Parler Avec Inesa Hamondale	이네사 해먼데일과 대화하세요				
QUEST_UNUSED_20151022_001736	Prier devant la Statue de la Déesse	여신상에 경배해보세요				
QUEST_UNUSED_20151022_001737	Parler Avec le Marchand d'Objets	잡화상인과 대화				
QUEST_UNUSED_20151022_001738	Parler Avec le Marchand d'Objets	잡화상인과 대화하세요				
QUEST_UNUSED_20151022_001739	Parler Avec le Marchand d'Accessoires	악세서리 상인과 대화하세요				
QUEST_UNUSED_20151022_001740	Parler Avec Agente Cherasia	정보원 체라시아와 대화				
QUEST_UNUSED_20151022_001741	Parler Avec Agente Cherasia	정보원 체라시아와 대화하세요				
QUEST_UNUSED_20151022_001742	Récolter les morceaux du mémo appartenant à Prêtre Irma	사제 이르마의 쪽지 낱장 수집				
QUEST_UNUSED_20151022_001743	Récolter les morceaux de la note appartenant à Prêtre Irma en vainquant les monstres à proximité	주변 몬스터들을 처치하여 사제 이르마의 쪽지 낱장을 수집하세요				
QUEST_UNUSED_20151022_001744	Parler Avec Agent Moren	정보원 모렌과 대화				
QUEST_UNUSED_20151022_001745	Parler Avec Agent Moren	시작정보원 모렌과 대화하세요				
QUEST_UNUSED_20151022_001746	Vaincre les monstres autour de Moren	모렌 주변 몬스터 처치				
QUEST_UNUSED_20151022_001747	Protégez Agent Moren pendant qu'il analyse les informations récoltées. À mesure que vous vaincrez les monstres alentour, Moren analysera calmement les informations plus vite.	정보원 모렌이 수집한 정보를 분석하는 동안 보호해 주세요. 주변 몬스터들을 처리할 수록 모렌이 안심하고 더 빨리 정보를 분석할 수 있습니다				
QUEST_UNUSED_20151022_001748	Parler Avec Agent Moren	정보원 모렌과 대화하세요				
QUEST_UNUSED_20151022_001749	Récolter le mémo à demi brûlé	반쯤 타버린 쪽지 수집				
QUEST_UNUSED_20151022_001750	Récupérer la note à demi brûlée	반쯤 타버린 쪽지를 수집하세요				
QUEST_UNUSED_20151022_001751	Parler Avec Traqueur Ulysses	추적자 예울리스와 대화				
QUEST_UNUSED_20151022_001752	Parler Avec Traqueur Ulysses	추적자 예울리스와 대화하세요				
QUEST_UNUSED_20151022_001753	Examiner la cachette des prêtres	사제들의 은거지 확인				
QUEST_UNUSED_20151022_001754	Examiner la cachette des prêtres	사제들의 은거지를 확인하세요				
QUEST_UNUSED_20151022_001755	Obtenir le journal d'Urbonas	우르보나스의 일지 습득				
QUEST_UNUSED_20151022_001756	Dans la cachette des prêtres, vous avez découvert le journal d'Urbonas. Ramassez-le et remettez-le à Traqueur Ulysses	사제들의 은신처에서 우르보나스의 일지를 발견했습니다. 주워서 추적자 예울리스에게 전해줍시다				
QUEST_UNUSED_20151022_001757	Vaincre les Minotaures	미노타우르스 처치				
QUEST_UNUSED_20151022_001758	Parler Avec Traqueur Talbasi	추적자 탈바시와 대화				
QUEST_UNUSED_20151022_001759	Aller rencontrer Traqueur Talbasi à Croisement de Paupys	파우피스 나루에 있는 추적자 탈바시를 찾아가세요				
QUEST_UNUSED_20151022_001760	Parler Avec Traqueur Pierneef	정보원 페르니프와 대화				
QUEST_UNUSED_20151022_001761	Parler Avec Traqueur Pierneef	정보원 페르니프와 대화하세요				
QUEST_UNUSED_20151022_001762	Vaincre les monstres alentour	지역 몬스터 처치	QUEST_UNUSED_20150729_000346	Progression	진행	
QUEST_UNUSED_20151022_001763	Traqueur Pierneef vous a demandé de vaincre les monstres des districts 1 et 2	정보원 페르니프는 1/2번 지역의 몬스터를 처치해달라고 부탁했습니다	QUEST_UNUSED_20150729_000346	Progression	진행	
QUEST_UNUSED_20151022_001764	Vaincre les Lapezard	라페자드 처치	QUEST_JOBSTEP_20150323_002333	Vaincre %s	%s 처치	
QUEST_UNUSED_20151022_001765	Vaincre les Lapemiter	라페마이터 처치	QUEST_JOBSTEP_20150323_002333	Vaincre %s	%s 처치	
QUEST_UNUSED_20151022_001766	Se débarrasser des chariots puants	악취나는 수레 처리				
QUEST_UNUSED_20151022_001767	Traqueur Pierneef vous a demandé d'éliminer le chariot qui répand la mauvaise odeur dans les 1er et 2e districts	정보원 페르니프는 1/2번 지역의 냄새나는 수레를 불태워서 없애달라고 부탁했습니다	QUEST_UNUSED_20150729_000346	Progression	진행	
QUEST_UNUSED_20151022_001768	Parler Avec Traqueur Germeja	추적자 게르메이야와 대화				
QUEST_UNUSED_20151022_001769	Parler Avec Traqueur Germeja	추적자 게르메이야와 대화하세요				
QUEST_UNUSED_20151022_001770	Utiliser l'agent d'attraction de monstres	몬스터 유인제 사용				
QUEST_UNUSED_20151022_001771	Traqueur Germeja vous a demandé de créer des conflits entre les monstres, faute de bras suffisants	추적자 게르메이야는 일손이 부족하니 몬스터들끼리 영역다툼을 일으켜보자고 합니다	QUEST_UNUSED_20150729_000346	Progression	진행	
QUEST_UNUSED_20151022_001772	Parler Avec Traqueur Raitis	추적자 라이티스와 대화				
QUEST_UNUSED_20151022_001773	Parler Avec Traqueur Raitis	추적자 라이티스와 대화하세요				
QUEST_UNUSED_20151022_001774	Le poursuivant Raitis vous a demandé de vaincre les monstres qui apparaissent dans le couloir du 4e district	추적자 라이티스는 4번 지역 통로에 나타나는 몬스터들을 처리해달라고 부탁했습니다				
QUEST_UNUSED_20151022_001775	Détruire l'habitat des monstres	몬스터 군락지 파괴				
QUEST_UNUSED_20151022_001776	Détruire l'habitat des monstres	몬스터 군락지를 파괴하세요				
QUEST_UNUSED_20151022_001777	Vaincre le Chafer qui a soudain attaqué	급습한 체이퍼 처치				
QUEST_UNUSED_20151022_001778	Parler Avec Traqueur Talbasi	추적자 탈바시와 대화하세요				
QUEST_UNUSED_20151022_001779	Récolter les mémos de Prêtre Gelija	사제 겔리야의 쪽지 수집				
QUEST_UNUSED_20151022_001780	Récolter les mémos de Prêtre Gelija en vainquant les monstres alentour	주변 몬스터들을 처치하여 사제 겔리야의 쪽지를 수집하세요	QUEST_UNUSED_20150729_000346	Progression	진행	
QUEST_UNUSED_20151022_001781	Le mémo de Prêtre Gelija	사제 겔리아의 쪽지				
QUEST_UNUSED_20151022_001782	Fouiller la cachette	은거지 수색				
QUEST_UNUSED_20151022_001783	Le poursuivant Talbasi vous a demandé de fouiller la cachette des prêtres découverte récemment avant d'aller rencontrer Agente Larena.	추적자 탈바시는 정보원 라레나에게로 가기 전에 얼마 전 발견된 사제들의 은거지를 수색해달라고 부탁했습니다.				
QUEST_UNUSED_20151022_001784	Parler à Agente Larena	정보원 라레나와 대화				
QUEST_UNUSED_20151022_001785	Parler à Agente Larena	정보원 라레나와 대화하세요				
QUEST_UNUSED_20151022_001786	Chercher les traces du prêtre	사제들의 흔적 수색				
QUEST_UNUSED_20151022_001787	Agente Larena vous a demandé de prendre le chien élevé par les prêtres et de chercher les traces des prêtres alentour	정보원 라레나는 사제들이 기르던 개를 데리고 주변에서 사제들의 흔적을 찾아와 달라고 부탁했습니다	QUEST_UNUSED_20150729_000346	Progression	진행	
QUEST_UNUSED_20151022_001788	Parler Avec Traqueur Sendal	추적자 센달과 대화				
QUEST_UNUSED_20151022_001789	Parler Avec Traqueur Sendal	추적자 센달과 대화하세요				
QUEST_UNUSED_20151022_001790	Sauver Prêtre Pranas	사제 프라나스 구출				
QUEST_UNUSED_20151022_001791	Traqueur Sendal vous a demandé de sauver Prêtre Pranas, capturé par les démons	추적자 센달은 마족에게 잡혀 위기에 처한 사제 프라나스를 구해달라고 부탁했습니다				
QUEST_UNUSED_20151022_001792	Parler Avec Prêtre Pranas	사제 프라나스와 대화				
QUEST_UNUSED_20151022_001793	Parler Avec Prêtre Pranas	사제 프라나스와 대화하세요				
QUEST_UNUSED_20151022_001794	Chercher les traces de l'évêque Urbonas	주교 우르보나스의 흔적 찾기				
QUEST_UNUSED_20151022_001795	Prêtre Pranas vous a demandé de revenir à Orsha après avoir trouvé les traces d'Urbonas dans la cachette. Pranas est rentré le premier à Orsha à cause de ses blessures.	사제 프라나스는 은거지에서 주교 우르보나스의 흔적을 찾아서 오르샤로 돌아와 달라고 부탁했습니다. 프라나스는 부상 때문에 오르샤로 먼저 돌아갔습니다				
QUEST_UNUSED_20151022_001796	Parler Avec Agent Orwen	정보원 오르웬과 대화				
QUEST_UNUSED_20151022_001797	Parler Avec Agent Orwen	정보원 오르웬과 대화하세요				
QUEST_UNUSED_20151022_001798	Agent Orwen vous a demandé de vaincre les monstres qui perturbent les activités de recherche des agents.	정보원 오르웬은 정보원들의 수색 활동 방해하는 몬스터들을 처치해달라고 부탁했습니다	QUEST_UNUSED_20150729_000346	Progression	진행	
QUEST_UNUSED_20151022_001799	Éliminer le cercle magique démoniaque	마족 마법진 해체				
QUEST_UNUSED_20151022_001800	Agent Orwen vous a demandé de dissiper les cercles magiques démoniaques éparpillés dans les 1er et 2e districts	정보원 오르웬은 1/2 지역에 분포한 마족의 마법진을 해체해 달라고 부탁했습니다	QUEST_UNUSED_20150729_000346	Progression	진행	
QUEST_UNUSED_20151022_001801	Parler Avec Agent Notres	정보원 노토레스와 대화				
QUEST_UNUSED_20151022_001802	Agent Notres veut vérifier si le 3e district est sûr pour l'émigration sans danger des colons qui viennent à Orsha. Il vous a demandé si les monstres là-bas peuvent être vaincus.	정보원 노토레스는 오르샤로 몰려오는 이주민들의 안전한 이주를 위해 사전에 3번지역이 안전한지 확인해보려고 합니다. 해당 지역의 몬스터들이 처치할 수 있는 수준인지 알아봐달라고 부탁했습니다.				
QUEST_UNUSED_20151022_001803	Vaincre les monstres du couloir	통로의 몬스터 처치	QUEST_JOBSTEP_20150323_002333	Vaincre %s	%s 처치	
QUEST_UNUSED_20151022_001804	Examiner la zone du camp	캠프 지역 확인				
QUEST_UNUSED_20151022_001805	Agent Notres veut vérifier s'il serait acceptable de se reposer au camp du 4e district pendant que les colons se dirigent vers Orsha. Vérifions si le camp du 4e district est sûr.	정보원 노토레스는 이주민들이 오르샤로 향하는 동안 4번 장소의 캠프에서 쉬어도 좋을지 확인하고 싶다고 합니다. 4번 캠프 지역이 안전한지 확인해 봅시다				
QUEST_UNUSED_20151022_001806	Parler Avec Agent Notres	정보원 노토레스와 대화하세요				
QUEST_UNUSED_20151022_001807	Vaincre le monstre boss	보스 몬스터 처치	QUEST_JOBSTEP_20150323_002333	Vaincre %s	%s 처치	
QUEST_UNUSED_20151022_001808	Récolter du Sang Corrompu	오염된 피 수집				
QUEST_UNUSED_20151022_001809	Agent Notres Notores vous a dit qu'il a trouvé les traces des démons sur les monstres devenus fous. Vainquez les monstres, récoltez leur sang pollué et remettez-le à Agent Notres	정보원 노토레스는 광포해진 몬스터들로부터 마족의 징후를 포착했다고 합니다. 몬스터들을 처치하여 그들의 오염된 피를 수집해서 정보원 노토레스에게 전달합시다	QUEST_UNUSED_20150729_000346	Progression	진행	
QUEST_UNUSED_20151022_001810	Parler Avec Traqueur Zegaus	추적자 제가우스와 대화				
QUEST_UNUSED_20151022_001811	Parler Avec Traqueur Zegaus	추적자 제가우스와 대화하세요				
QUEST_UNUSED_20151022_001812	Le poursuivant Zegaus vous a demandé de vaincre les monstres alentour car il est blessé	추적자 제가우스는 부상당한 자신들을 위해 주변 몬스터를 처치해달라고 부탁했습니다	QUEST_UNUSED_20150729_000346	Progression	진행	
QUEST_UNUSED_20151022_001813	Récupérer les poches des poursuivants	추적자들의 주머니 회수				
QUEST_UNUSED_20151022_001814	Récupérer les poches des poursuivants	추적자들의 주머니 회수하세요	QUEST_UNUSED_20150729_000346	Progression	진행	
QUEST_UNUSED_20151022_001815	Prêtre Pranas vous attend à l'entrée de Prison souterraine d'Ashaq à Croisement de Paupys	사제 프라나스가 파우피스 나루의 아샤크 지하 감옥 입구에서 당신을 기다리고 있습니다				
QUEST_UNUSED_20151022_001816	Suivre Prêtre Pranas	사제 프라나스 따라가기				
QUEST_UNUSED_20151022_001817	Prêtre Pranas vous a dit qu'il se rendrait d'abord à l'étage 1 de la Prison souterraine d'Ashaq. Suivez Prêtre Pranas à l'étage 1 de la Prison souterraine d'Ashaq.	사제 프라나스는 동료들과 함께 아샤크 지하 감옥 1층으로 먼저 진입하겠다고 말했습니다. 아샤크 지하 감옥 1층으로 사제 프라나스를 따라가세요				
QUEST_UNUSED_20151022_001818	Parler Avec Prêtre Pranas	사제 프라나스와 대화와 대화하세요				
QUEST_UNUSED_20151022_001819	Chercher un moyen de neutraliser le totem de malédiction	저주 토템을 해제할 방법 찾기				
QUEST_UNUSED_20151022_001820	Prêtre Pranas vous a demandé de trouver un moyen de neutraliser le totem de malédiction	사제 프라나스는 저주 토템을 해제할 방법을 찾아달라고 부탁했습니다				
QUEST_UNUSED_20151022_001821	Examiner le totem maudit	저주 토템 확인				
QUEST_UNUSED_20151022_001822	Vous avez vaincu assez de démons alentour. Examinez de nouveau le totem de malédiction	주변의 마족들을 충분히 처리했습니다. 저주토템을 다시 확인해 봅시다				
QUEST_UNUSED_20151022_001823	Détruire le totem de malédiction	저주 토템 파괴				
QUEST_UNUSED_20151022_001824	Prêtre Pranas vous a demandé de détruire le totem de malédiction installé sur le chemin de la cachette d'Urbonas en usant de la même méthode	사제 프라나스는 같은 방식으로 우르보나스의 은거지로 가는 길에 설치되어 있는 저주 토템을 파괴해 달라고 부탁했습니다				
QUEST_UNUSED_20151022_001825	Éliminer les fragments du totem de malédiction	저주 토템 파편 제거				
QUEST_UNUSED_20151022_001826	Le totem de malédiction que Prêtre Pranas vous a demandé d'éliminer a été détruit par quelqu'un. Mais il semble que ses fragments fonctionnent encore. Éliminez les fragments du totem de malédiction	사제 프라나스가 처리해달라고 부탁한 저주 토템이 이미 누군가에 의해 파괴되어 있습니다. 하지만 그 파편들이 아직 작동하는 것 같습니다. 저주 토템의 파편들을 제거하세요				
QUEST_UNUSED_20151022_001827	Examiner le totem maudit	저주 토템 확인을 확인하세요				
QUEST_UNUSED_20151022_001828	Vaincre le monstre boss qui protège le totem	토템을 지키는 보스몬스터 처치	QUEST_UNUSED_20150729_000346	Progression	진행	
QUEST_UNUSED_20151022_001829	Alors que vous détruisiez le totem de malédiction comme Prêtre Pranas vous l'avait demandé, le monstre-chef qui tente de protéger le totem est apparu	사제 프라나스가 부탁한 저주 토템을 파괴하는 중 토템을 지키려하는 보스몬트서가 나타났습니다				
QUEST_UNUSED_20151022_001830	Parler Avec Urbonas	우르보나스와 대화				
QUEST_UNUSED_20151022_001831	Parler Avec Urbonas	우르보나스와 대화와 대화하세요				
QUEST_UNUSED_20151022_001832	Parler Avec Urbonas	우르보나스와 대화하세요				
QUEST_UNUSED_20151022_001833	Évêque Urbonas vous a demandé de monter sur le cercle magique pour vérifier si vous êtes le véritable Révélateur.	주교 우르보나스는 그의 교단에서 계시자를 위해 준비한 마법진에 올라가서 계시자임을 확인해보라고 했습니다				
QUEST_UNUSED_20151022_001834	Parler Avec Traqueur Torvana	추적자 토르바나와 대화				
QUEST_UNUSED_20151022_001835	Récolter des Essence Rouge	붉은 결정 수집				
QUEST_UNUSED_20151022_001836	Traqueur Torvana vous a demandé de récolter les essences rouges utilisées par les démons pour aider les agents.	추적자 토르바나는 영주 직속 정보대원들에게 도움을 주기 위해 마족들이 사용하는 붉은 결정을 수집해달라고 부탁했습니다	QUEST_UNUSED_20150729_000346	Progression	진행	
QUEST_UNUSED_20151022_001837	Parler Avec Traqueur Torvana	추적자 토르바나와 대화와 대화하세요				
QUEST_UNUSED_20151022_001838	Récolter des Morceaux de Bois Noir	검은 나무 조각 수집				
QUEST_UNUSED_20151022_001839	Le poursuivant Torvana vous a demandé de récolter les morceaux d'arbre noir demandés par le commandement du renseignement qui dépend du seigneur.	추적자 토르바나는 영주 직속 정보대에서 의뢰한 검은 나무 조각을 수집해달라고 부탁했습니다	QUEST_UNUSED_20150729_000346	Progression	진행	
QUEST_UNUSED_20151022_001840	Parler Avec Traqueur Daramaus	추적자 다라마우스와 대화				
QUEST_UNUSED_20151022_001841	Obtenir les poches des démons	마족 꾸러미 습득				
QUEST_UNUSED_20151022_001842	Le poursuivant Daramaus vous a dit qu'il doit examiner les biens utilisés par les démons. Vainquez les démons pour obtenir les poches des démons.	추적자 다라마우스는 영주 직속 정보대의 의뢰로 마족들이 사용하는 물건들을 조사해봐야 겠다고 합니다. 마족을 처치하여 마족 꾸러미를 습득하세요				
QUEST_UNUSED_20151022_001843	Examiner les poches des démons	마족 꾸러미 조사				
QUEST_UNUSED_20151022_001844	Comme le poursuivant Daramaus vous l'a demandé, vous avez obtenu assez de poches de démons. Utilisez les poches et décrivez leurs effets à Daramaus.	추적자 다라마우스가 의뢰한 대로 마족 꾸러미를 충분히 모았습니다. 마족 꾸러미를 사용해보고 그 효롸를 다라마우스에게 알려줍시다				
QUEST_UNUSED_20151022_001845	Parler Avec Traqueur Daramaus	추적자 다라마우스와 대화와 대화하세요	ETC_20150317_001977	Terminer	완료	
QUEST_UNUSED_20151022_001846	Se rendre au 2e étage de Prison souterraine d'Ashaq en suivant Prêtre Pranas	사제 프라나스를 따라 아샤크 지하 감옥 2층으로 가세요				
QUEST_UNUSED_20151022_001847	Prêtre Pranas vous a demandé de détruire le totem de malédiction installé au 2e étage de Prison souterraine d'Ashaq	사제 프라나스는 아샤크 지하 감옥 2층에 설치되어 있는 저주 토템을 파괴해달라고 부탁했습니다				
QUEST_UNUSED_20151022_001848	Sauver Prêtre Irma	사제 이르마 구출				
QUEST_UNUSED_20151022_001849	Prêtre Pranas vous a demandé de sauver Prêtre Irma, isolée dans le 3e district	사제 프라나스는 3번 구역에 고립된 사제 이르마를 구출해달라고 부탁했습니다				
QUEST_UNUSED_20151022_001850	Parler Avec Prêtre Irma	사제 이르마와 대화와 대화하세요				
QUEST_UNUSED_20151022_001851	Détruire le totem de surveillance	감시 토템 파괴				
QUEST_UNUSED_20151022_001852	Prêtre Irma veut détruire le totem de surveillance, détourner l'attention du Seigneur démon Marnox et récupérer les instructions écrites des démons qui se trouvent au 3e étage de la Prison souterraine d'Ashaq. Détruisez le totem de surveillance.	사제 이르마는 감시 토템을 파괴하여 마군주 마르녹스의 관심을 다른 곳으로 돌리고 아샤크 지하 감옥 3층의 마족 지령서를 회수하러 가자고 합니다. 감시 토템을 파괴하세요				
QUEST_UNUSED_20151022_001853	Prêtre Irma veut détruire le totem de surveillance, détourner l'attention du Seigneur démon Marnox et récupérer les instructions écrites des démons qui se trouvent au 3e étage de la Prison souterraine d'Ashaq. Récoltez les pierres démoniaques instables près du 2e totem de surveillance et fixez-les dessus pour le détruire	사제 이르마는 감시 토템을 파괴하여 마군주 마르녹스의 관심을 다른 곳으로 돌리고 아샤크 지하 감옥 3층의 마족 지령서를 회수하러 가자고 합니다. 두 번째 감시토템 주변의 불안정한 마석을 수집하여 감시 토템에 부착하여 파괴하세요				
QUEST_UNUSED_20151022_001854	Parler Avec Gelija	겔리야와 대화				
QUEST_UNUSED_20151022_001855	Parler Avec Gelija	겔리야와 대화와 대화하세요				
QUEST_UNUSED_20151022_001856	Parler Avec Prêtre Auranas	사제 아우라나스와 대화				
QUEST_UNUSED_20151022_001857	Parler Avec Prêtre Auranas	사제 아우라나스와 대화와 대화하세요				
QUEST_UNUSED_20151022_001858	Récolter de la Poudre de Perle Scintillante	반짝이는 진주가루 수집				
QUEST_UNUSED_20151022_001859	Prêtre Auranas a apporté divers pièges et objets à la demande d'Urbonas afin de préparer des jours comme aujourd'hui. Auranas vous a dit que si vous pouviez récolter de la poudre de perle scintillante au 1er district, il fabriquerait des objets utiles pour combattre les démons	사제 아우라나스는 우르보나스의 요청으로 오늘과 같은 일이 일어날 때를 대비하여 아샤크 지하 감옥을 맡아서 각종 함정과 물품들을 준비해 왔다고 합니다. 아우라나스가 준비해둔 반짝이는 진주가루를 1번 지역에서 수집해오면 마족들을 처리하는 데 유용한 물건을 만들어 준다고 합니다				
QUEST_UNUSED_20151022_001860	Vaincre les démons	마족 처리				
QUEST_UNUSED_20151022_001861	Prêtre Auranas vous a dit qu'en utilisant les orbes faits de perles, vous pourriez trouver les démons de haut rang. Quand vous utiliserez les orbes, vous pourrez lier ensemble les démons de haut rang et les esprits des démons subordonnés, et si vous vainquez les démons de haut rang, vous pourrez vaincre les démons subordonnés simultanément.	사제 아우라나스는 진주로 만든 보주를 사용하면 마족들 중에서 서열이 높은 마족을 발견할 수 있을 거라고 합니다. 진주로 만든 보주를 사용하면 서열 높은 마족과 부하 마족의 영혼을 묶을 수 있으며 서열 높은 마족을 처리하면 부하 마족도 동시에 처리할 수 있을 거라고 합니다				
QUEST_UNUSED_20151022_001862	Vaincre les démons de haut rang	서열 높은 마족 처치				
QUEST_UNUSED_20151022_001863	Parler Avec Prêtre Draznie	사제 드라즈니에와 대화				
QUEST_UNUSED_20151022_001864	Parler Avec Prêtre Draznie	사제 드라즈니에와 대화와 대화하세요				
QUEST_UNUSED_20151022_001865	Prêtre Draznie vous a demandé de vaincre les démons qui ont surgi dans le 3e district.	사제 드라즈니에는 자신들이 은거지로 사용하던 3번 지역에 침범한 마족들을 처리해 달라고 부탁했습니다.	QUEST_UNUSED_20150729_000346	Progression	진행	
QUEST_UNUSED_20151022_001866	Attirer les démons dans les pièges	함정으로 마족 유인	QUEST_UNUSED_20150729_000346	Progression	진행	
QUEST_UNUSED_20151022_001867	Prêtre Draznie vous a dit que le moment est venu d'utiliser le piège avec Prêtre Auranas. Si vous pouviez amener les démons jusqu'au piège installé dans la salle empoisonnée du 4e district, vous pourriez vaincre les démons.	사제 드라즈니에는 사제 아우라나스와 준비한 함정을 사용할 때가 됐다고 합니다. 큰 노력을 들이지 않고 마족들을 4번 지역의 독방에 설치된 함정까지만 데려가면 마족들을 처리할 수 있을 거라고 합니다	QUEST_UNUSED_20150729_000346	Progression	진행	
QUEST_UNUSED_20151022_001868	Parler Avec Prêtre Gelija	사제 겔리야와 대화				
QUEST_UNUSED_20151022_001869	Parler Avec Prêtre Gelija	사제 겔리야와 대화와 대화하세요				
QUEST_UNUSED_20151022_001870	Prêtre Irma vous a dit qu'il devait se rendre à l'endroit où sont cachées les instructions écrites des démons, mais qu'à cause du totem de malédiction, il n'a pas la force de prononcer le sortilège. Détruisez le totem de malédiction et aidez Iruma.	사제 이르마는 마족 지령서를 숨겨둔 장소로 가야하는데 저주 토템 때문에 주문을 외울 힘이 없다고 합니다. 저주 토템을 파괴하여 이르마를 도와줍시다				
QUEST_UNUSED_20151022_001871	Prêtre Irma vous a demandé de détruire le totem de surveillance du 3e district afin de détourner l'attention de Marnox, qui doit se trouver quelque part au 3e étage de la Prison souterraine d'Ashaq.	사제 이르마는 아샤크 지하 감옥 3층 어딘가에 있을 마르녹스의 눈을 돌리기 위해 3번 지역의 감시 토템을 파괴해달라고 부탁했습니다				
QUEST_UNUSED_20151022_001872	Parler Avec Inesa Hamondale	이네사 해먼데일와 대화				
QUEST_UNUSED_20151022_001873	Parler Avec Inesa Hamondale	이네사 해먼데일와 대화와 대화하세요				
QUEST_UNUSED_20151022_001874	Prêtre Gelija vous a demandé de détruire les totems de malédiction qui subsistent dans le 1er district du 3e étage de la Prison souterraine d'Ashaq.	사제 겔리야는 아샤크 지하 감옥 3층의 1번 지역에 남아있는 저주 토템들을 파괴해달라고 부탁했습니다	QUEST_UNUSED_20150729_000346	Progression	진행	
QUEST_UNUSED_20151022_001875	Récupérer le sac du prêtre	사제의 가방 회수				
QUEST_UNUSED_20151022_001876	Prêtre Gelija vous a demandé de récupérer les affaires des collègues disparus dans la Prison souterraine d'Ashaq.	사제 겔리야는 아샤크 지하 감옥에서 행방불명된 동료들의 물품을 회수해달라고 부탁했습니다	QUEST_UNUSED_20150729_000346	Progression	진행	
QUEST_UNUSED_20151022_001877	Purifier les fragments du totem de malédiction	저주 토템 조각 정화	QUEST_UNUSED_20150729_000346	Progression	진행	
QUEST_UNUSED_20151022_001878	Prêtre Gelija vous a demandé d'effacer complètement l'énergie démoniaque en utilisant le bandage humide imbibé d'eau sacrée et les morceaux du totem de malédiction détruit	사제 겔리야는 성수에 적신 붕대를 사용하여 파괴된 저주 토템 조각들에 사용하여 마기를 깨끗이 지워달라고 부탁했습니다	QUEST_UNUSED_20150729_000346	Progression	진행	
QUEST_UNUSED_20151022_001879	Parler Avec le Sous-maître Épéiste	소드맨 서브 마스터와 대화				
QUEST_UNUSED_20151022_001880	Parler Avec le Sous-maître Épéiste à Orsha	오르샤에서 소드맨 서브 마스터와 대화하세요.				
QUEST_UNUSED_20151022_001881	Vaincre les Lapes à Croisement de Paupys	파우피스 나루에서 라페 처치하기				
QUEST_UNUSED_20151022_001882	Le Sous-maître Épéiste vous a demandé de vaincre Lapflammer et Lapeman à Croisement de Paupys pour éprouver les capacités du Révélateur.	소드맨 서브 마스터는 계시자의 실력을 확인하기 위해 파우피스 나루에서 라플래머와 라페먼을 처치하라고 합니다.				
QUEST_UNUSED_20151022_001883	Faire un Rapport au Sous-maître Swodsman	소드맨 서브 마스터에게 보고				
QUEST_UNUSED_20151022_001884	Vous avez vaincu assez de monstres. Retournez voir le Sous-maître Épéiste et faites un rapport.	정해진 수만큼 몬스터를 처치했습니다. 소드맨 서브 마스터에게 돌아가 보고하세요.				
QUEST_UNUSED_20151022_001885	Vaincre Lapflammer	라플래머 처치				
QUEST_UNUSED_20151022_001886	Vaincre les Lapeman	라페먼 처치				
QUEST_UNUSED_20151022_001887	Les possibilités d'une épée à deux mains [Avancement Highlander]	양손검의 가능성[하이랜더 전직]				
QUEST_UNUSED_20151022_001888	Parler Avec le Sous-maître Highlander	하이랜더 서브 마스터와 대화				
QUEST_UNUSED_20151022_001889	Parler Avec le Sous-maître Highlander à l'Étang de Lemprasa	렘파라사 연못에서 하이랜더 서브 마스터와 대화하세요.				
QUEST_UNUSED_20151022_001890	Prouvez votre force en frappant le mannequin d'entraînement à l'épée	검 연습대를 쳐서 힘을 증명하기				
QUEST_UNUSED_20151022_001891	Le Sous-maître Highlander doute que le Révélateur ait assez de puissance pour manier les épées à deux mains. Prouvez votre force en frappant le mannequin d'entraînement à proximité.	하이랜더 서브 마스터는 계시자가 양손검을 다룰 힘이 있는지 의심하고 있습니다. 근처의 검 연습대를 상대로 그 힘을 증명하세요.				
QUEST_UNUSED_20151022_001892	Faire un Rapport au Sous-maître Highlander	하이랜더 서브 마스터에게 보고				
QUEST_UNUSED_20151022_001893	Il semble que vous ayez suffisamment montré votre puissance. Parlez avec le Sous-maître Highlander.	이 정도면 충분히 자신의 힘을 보여준 것 같습니다. 하이랜더 서브 마스터와 다시 대화하세요.				
QUEST_UNUSED_20151022_001894	Pour être reconnu comme Highlander, vous n'en faites pas assez. Reparlez au Sous-maître Highlander.	하이랜더로 인정받기에는 아직 충분치 않은 모양입니다. 다시 하이랜더 서브 마스터와 대화하세요.				
QUEST_UNUSED_20151022_001895	Vaincre Lapflammer à Croisement de Paupys	파우피스 나루의 라플래머를 처치하기				
QUEST_UNUSED_20151022_001896	Pour juger de vos aptitudes pratiques et de votre force, le Sous-maître Highlander vous a chargé de vaincre les Lapflammers à Croisement de Paupys.	그 힘을 실전에서 능숙하게 사용하는지를 판단하기 위해, 하이랜더 서브 마스터는 파우피스 나루의 라플래머들을 처치하고 오라고 합니다.				
QUEST_UNUSED_20151022_001897	Vous avez vaincu Lapflammer comme demandé. Retournez faire un rapport au Sous-maître Highlander.	지시받은만큼 라플래머를 처치하였습니다. 하이랜더 서브 마스터에게 돌아가 보고하세요.				
QUEST_UNUSED_20151022_001898	Parler Avec le Sous-maître Peltaste	펠타스타 서브 마스터와 대화				
QUEST_UNUSED_20151022_001899	Parler Avec le Sous-maître Peltaste à Orsha	오르샤에서 펠타스타 서브 마스터와 대화하세요.				
QUEST_UNUSED_20151022_001900	Rassembler des Décorations Métalliques de Lapeman et du Bois	라페먼의 쇠장식과 쓸만한 목재 구해오기				
QUEST_UNUSED_20151022_001901	Le Sous-maître Peltaste vous a dit d'apporter les matériaux du bouclier. Récoltez les arbres utiles et les symboles de Lapeman à Croisement de Paupys.	펠타스타 서브 마스터는 방패의 재료들을 구해오라고 합니다. 파우피스 나루에서 라페먼의 쇠장식과 쓸만한 나무를 모으세요.				
QUEST_UNUSED_20151022_001902	Faire un Rapport au Sous-maître Peltaste	펠타스타 서브 마스터에게 보고				
QUEST_UNUSED_20151022_001903	Il semble que vous ayez rassemblé assez de matériaux. Retournez voir le Sous-maître Peltaste et faites un rapport.	재료를 충분히 모은 것 같습니다. 펠타스타 서브 마스터에게 돌아가 보고하세요.				
QUEST_UNUSED_20151022_001904	Chercher %s dans les bois	나무 토막들을 조사해 %s 찾아내기				
QUEST_UNUSED_20151022_001905	Obtenir %s auprès de Lapeman	라페먼으로부터 %s 획득하기				
QUEST_UNUSED_20151022_001906	Parler Avec le Sous-maître Clerc à Orsha	오르샤에서 클레릭 서브 마스터와 대화하세요.				
QUEST_UNUSED_20151022_001907	Vaincre les Lape aux Bois des Ponts Reliés	덧댄다리 숲의 라페 처치				
QUEST_UNUSED_20151022_001908	Le Sous-maître Clerc vous a demandé d'éliminer les Lapezards et les Lapefighters qui terrorisent les gens dans les Bois des Ponts reliés.	클레릭 서브 마스터는 사람들을 괴롭히는 덧댄다리 숲의 라페자드와 라페마이터들을 소탕해 줄 것을 요청했습니다.				
QUEST_UNUSED_20151022_001909	Faire un Rapport au Sous-maître Clerc	클레릭 서브 마스터에게 보고				
QUEST_UNUSED_20151022_001910	Vous avez éliminé assez de Lapes. Retournez voir le Sous-maître Clerc.	라페들을 충분히 혼내 준 듯 합니다. 클레릭 서브 마스터에게 돌아가 보고하세요.				
QUEST_UNUSED_20151022_001911	Vaincre les Lapezards et les Lapefighters	라페자드와 라페마이터 처치				
QUEST_UNUSED_20151022_001912	Parler au Sous-maître Krivis	크리비 서브 마스터와 대화				
QUEST_UNUSED_20151022_001913	Parler Avec le Sous-maître Krivis à Orsha	오르샤에서 크리비 서브 마스터와 대화하세요.				
QUEST_UNUSED_20151022_001914	Chasser les monstres, remplir la torche d'énergie et l'allumer	몬스터들을 사냥해 성화의 기운을 채우고 성화대에 불 붙이기				
QUEST_UNUSED_20151022_001915	Vaincre les monstres pour emplir les joyaux d'énergie. Allumez la torche à côté du Sous-maître Krivis avec le cristal plein.	몬스터들을 처치하여 주어진 보석에 기운을 채우세요. 충만한 수정으로 크리비 서브 마스터 곁의 성화대에 불을 붙이세요.				
QUEST_UNUSED_20151022_001916	Faire un Rapport au Sous-maître Krivis	크리비 서브 마스터에게 보고				
QUEST_UNUSED_20151022_001917	La torche brûle bien. Faites un rapport au Sous-maître Krivis.	성화대가 성공적으로 타오르고 있습니다. 크리비 서브 마스터에게 보고하세요.				
QUEST_UNUSED_20151022_001918	Parler Avec le Sous-maître Prêtre	프리스트 서브 마스터와 대화				
QUEST_UNUSED_20151022_001919	Parler Avec le Sous-maître Prêtre à Orsha	오르샤에서 프리스트 서브 마스터와 대화하세요.				
QUEST_UNUSED_20151022_001920	Recevoir la bénédiction des Sous-maîtres Clerc, Krivi et Bokor	클레릭, 크리비, 보코르 서브 마스터들에게 축복받기				
QUEST_UNUSED_20151022_001921	Le Sous-maître Prêtre vous a demandé de recueillir dans l'eau sacrée les bénédictions des Submasters Clerc, Krivi et Bokor d'Orsha.	프리스트 서브 마스터는 성수에 오르샤에 있는 클레릭, 크리비, 보코르 서브 마스터들의 축복을 각각 받아오라고 합니다.				
QUEST_UNUSED_20151022_001922	Faire un Rapport au Sous-maître Prêtre	프리스트 서브 마스터에게 보고				
QUEST_UNUSED_20151022_001923	Vous avez reçu toutes les bénédictions. Retournez voir le Sous-maître Prêtre et faites un rapport.	모든 축복을 받았습니다. 프리스트 서브 마스터에게 돌아가 보고하세요.				
QUEST_UNUSED_20151022_001924	Vaincre les Yognomes en 63_3 de la Forêt de Fougères	고사리 숲 63_3에서 요노움 처치				
QUEST_UNUSED_20151022_001925	Le Sous-maître Épéiste vous a demandé de vaincre les Yognomes en 63_3 de la Forêt de fougères.	소드맨 서브 마스터는 보다 강한 경지에 올라서려면 고사리 숲 63_3에서 요노움을 처치하라고 합니다.				
QUEST_UNUSED_20151022_001926	Vous avez vaincu les Yognomes. Retournez faire un rapport au Sous-maître Épéiste.	정해진 요노움들을 처치했습니다. 소드맨 서브 마스터에게 돌아가 보고하세요.				
QUEST_UNUSED_20151022_001927	Le Sous-maître Highlander vous a demandé de vaincre les Yognomes en 63_3 de la Forêt de fougères pour voir vos progrès.	하이랜더 서브 마스터는 계시자가 얼마나 성장했는지 판단하기 위해 고사리 숲 63_3에서 요노움들을 처치하고 오라고 합니다.				
QUEST_UNUSED_20151022_001928	Cela semble suffire. Retournez voir le Sous-maître Highlander et faites un rapport.	이 정도면 충분한 것 같습니다. 하이랜더 서브 마스터에게 돌아가 보고하세요.				
QUEST_UNUSED_20151022_001929	Vaincre les monstres en 63_3 de la Forêt de fougères avec le bouclier équipé et récolter les essences	방패를 착용한 상태에서 고사리 숲 63_3의 몬스터들을 처치하고 결정 모으기				
QUEST_UNUSED_20151022_001930	Le Sous-maître Peltaste veut voir à quel point vous maniez bien le bouclier. Chassez les monstres équipé d'un bouclier en 63_3 de la Forêt de fougères et récoltez les essences.	펠타스타 서브 마스터는 방패의 활용능력을 보겠다고 합니다. 고사리 숲 63_3에서 방패를 착용한 채로 몬스터를 사냥하고 결정을 모으세요.				
QUEST_UNUSED_20151022_001931	Vous avez pu récolter le nombre d'essences requis. Retournez voir le Sous-maître Peltaste et faites un rapport.	정해진 수의 결정을 모을 수 있었습니다. 펠타스타 서브 마스터에게 돌아가 보고하세요.				
QUEST_UNUSED_20151022_001932	Vaincre les monstres en 63_3 de la Forêt de fougères et récolter %s	고사리 숲 63_3에서 몬스터들을 해치우고 %s을 모으기				
QUEST_UNUSED_20151022_001933	Parler Avec le Maître Hoplite à Orsha	오르샤에서 하플라이트 마스터와 대화하세요.				
QUEST_UNUSED_20151022_001934	Le Maître Hoplite vous a demandé de vaincre les Yognomes en 63_3 de la Forêt de fougères	하플라이트 마스터는 고사리 숲 63_3에서 요노움들을 처치하고 오라고 합니다.				
QUEST_UNUSED_20151022_001935	Vous avez vaincu les Yognomes. Retournez faire un rapport au Maître Hoplite.	일정수의 요노움들을 처치하였습니다. 하플라이트 마스터에게 돌아가 보고하세요.				
QUEST_UNUSED_20151022_001936	Parler Avec le Sous-maître Barbare	바바리안 서브 마스터와 대화				
QUEST_UNUSED_20151022_001937	Parler Avec le Sous-maître Barbare à Croisement de Paupys	파우피스 나루에서 바바리안 서브 마스터와 대화하세요.				
QUEST_UNUSED_20151022_001938	Vaincre les Yognomes en 63_3 de la Forêt de Fougères	고사리 숲 63_3의 요노움 처치				
QUEST_UNUSED_20151022_001939	Le Sous-maître Barbare veut connaître votre combativité. Vainquez les Yognomes en 63_3 de la Forêt de fougères pour prouver votre combativité.	바바리안 서브 마스터는 호전성을 알아보겠다고 합니다. 고사리 숲 63_3의 요노움을 해치우고 증명해 보이세요.				
QUEST_UNUSED_20151022_001940	Faire un Rapport au Sous-maître Barbare	바바리안 서브 마스터에게 보고				
QUEST_UNUSED_20151022_001941	Vous avez vaincu les Yognomes. Retournez faire un rapport au Sous-maître Barbare.	요노움들을 처치하였습니다. 바바리안 서브 마스터에게 돌아가 보고하세요.				
QUEST_UNUSED_20151022_001942	Vaincre les Yognome	요노움 처치하기				
QUEST_UNUSED_20151022_001943	Soigner les réfugiés d'Étang de Lemprasa avec l'onguent	연고로 렘파라사 연못의 피난민들 치료하기				
QUEST_UNUSED_20151022_001944	Le Sous-maître Clerc vous a demandé de soigner les réfugiés à l'Étang de Lemprasa. Aidez-les avec l'onguent que vous avez reçu.	클레릭 서브 마스터는 렘파라사 연못에서 부상당한 피난민들을 치료해 달라고 합니다. 받은 연고를 사용해 그들을 도와주세요.				
QUEST_UNUSED_20151022_001945	Il semble qu'il n'y ait plus de patients en urgence. Retournez voir le Maître Clerc et faites un rapport.	위급한 환자는 더 이상 없는 것 같습니다. 클레릭 서브 마스터에게 돌아가 보고하세요.				
QUEST_UNUSED_20151022_001946	Prier devant les statues des déesses à Lemprasa pond, Ponts reliés et Croisement de Paupys.	렘파라사 연못, 덧댄다리 숲, 파우피스 나루의 여신상 참배				
QUEST_UNUSED_20151022_001947	Le Sous-maître Krivis vous a demandé de consacrer les offrandes et de prier devant les statues des déesses à l'Étang de Lemprasa, aux Ponts reliés et à Croisement de Paupys.	크리비 서브 마스터는 렘파라사 연못과 덧댄다리 숲, 그리고 파우피스 나루에 있는 여신상들을 찾아가 각각 봉헌품을 올리고 참배하라고 합니다.				
QUEST_UNUSED_20151022_001948	Vous avez fait toutes les prières. Retournez voir le Maître Krivis et faites un rapport.	모든 참배를 마쳤습니다. 크리비 마스터에게 돌아가 보고하세요.				
QUEST_UNUSED_20151022_001949	Obtenir des herbes à l'Étang de Lemprasa, aux Ponts reliés et à Croisement de Paupys.	렘파라사 연못, 덧댄다리 숲, 파우피스 나루에서 각각 약초를 구하기				
QUEST_UNUSED_20151022_001950	Le Sous-maître Prêtre vous a demandé d'obtenir des herbes à l'Étang de Lemprasa, aux Ponts reliés et à Croisement de Paupys pour en faire l'onguent.	프리스트 서브 마스터는 연고의 재료로 렘파라사 연못과 덧댄다리 숲, 그리고 파우피스 나루에서 각각 약초를 구해오라고 합니다.				
QUEST_UNUSED_20151022_001951	Toutes les herbes obtenues. Remettez-les au Sous-maître Prêtre.	지시받은 약초를 모두 구했습니다. 프리스트 서브 마스터에게 가져다 주세요.				
QUEST_UNUSED_20151022_001952	Déterrer %s en 63_1 de la Forêt de fougères	고사리 숲 63_1에서 %s 캐기				
QUEST_UNUSED_20151022_001953	Déterrer %s en 63_2 de la Forêt de fougères	고사리 숲 63_2에서 %s 캐기				
QUEST_UNUSED_20151022_001954	Déterrer %s en 63_3 de la Forêt de fougères	고사리 숲 63_3에서 %s 캐기				
QUEST_UNUSED_20151022_001955	Parler Avec le Sous-maître Bokor	보코르 서브 마스터와 대화				
QUEST_UNUSED_20151022_001956	Parler Avec le Sous-maître Bokor à Orsha	오르샤에서 보코르 서브 마스터와 대화하세요.				
QUEST_UNUSED_20151022_001957	Créer une Poupée de Bokor en récoltant les matériaux	재료를 모아 보코르 인형 만들기				
QUEST_UNUSED_20151022_001958	Vous avez reçu la recette de la poupée. Récoltez les matériaux indiqués dans la recette et fabriquez la Poupée de Bokor.	인형의 제작서를 받았습니다. 제작서를 참고해 재료를 모아 보코르 인형을 만들어내세요.				
QUEST_UNUSED_20151022_001959	Faire un Rapport au Sous-maître Bokor	보코르 서브 마스터에게 보고				
QUEST_UNUSED_20151022_001960	Vous avez réussi à créer une poupée. Retournez voir le Sous-maître Bokor et faites un rapport.	인형을 만드는 데 성공하였습니다. 보코르 서브 마스터에게 돌아가 보고하세요.				
QUEST_UNUSED_20151022_001961	Il vous faudrait des outils pour créer quelque chose [Avancement Dievdirbys]	창작에는 도구가 필요하지[딥디르비 전직]				
QUEST_UNUSED_20151022_001962	Parler Avec le Sous-maître Dievdirbys	딥디르비 서브 마스터와 대화				
QUEST_UNUSED_20151022_001963	Parler Avec le Sous-maître Dievdirbys à la Forêt des Ponts Reliés	덧댄다리 숲에서 딥디르비 서브 마스터와 대화하세요.				
QUEST_UNUSED_20151022_001964	Aller voir le forgeron d'Orsha pour transmettre la demande du Sous-maître Dievdirbys	딥디르비 서브 마스터의 부탁을 전달하기 위해 오르샤 대장장이를 찾아가세요.				
QUEST_UNUSED_20151022_001965	Parler au forgeron d'Orsha et l'interroger sur les matériaux nécessaires	오르샤의 대장장이와 대화하고 필요한 재료를 물어보세요.				
QUEST_UNUSED_20151022_001966	Récolter les blocs de plaques auprès des Yognomes en 63_3 de la Forêt de fougères	고사리 숲 63_3의 요노움에게서 금속 덩어리 모으기				
QUEST_UNUSED_20151022_001967	Vaincre les Yognomes en 63_3 de la Forêt de fougères et récolter les blocs de plaques.	고사리 숲 63_3의 요노움을 처치하고 금속 덩어리를 모으세요.				
QUEST_UNUSED_20151022_001968	Remettre les blocs de plaques au forgeron d'Orsha	오르샤 대장장이에게 금속 덩어리 전달				
QUEST_UNUSED_20151022_001969	Assez de blocs de plaques sont acquis. Remettez-les au forgeron d'Orsha.	충분한 금속 덩어리를 얻었습니다. 오르샤 대장장이에게 전달하세요.				
QUEST_UNUSED_20151022_001970	Récolter %s auprès des Yognomes	요노움으로부터 %s 수집				
QUEST_UNUSED_20151022_001971	Parler au forgeron d'Orsha et recevoir le burin	오르샤의 대장장이와 대화하고 조각용 끌을 받으세요.				
QUEST_UNUSED_20151022_001972	Transmettre le ciseau au Sous-maître Dievdirbys	딥디르비 서브 마스터에게 끌 전달				
QUEST_UNUSED_20151022_001973	Transmettre le ciseau au Sous-maître Dievdirbys	조각용 끌을 딥디르비 서브 마스터에게 전달하세요.				
QUEST_UNUSED_20151022_001974	Transmettre %s au Sous-maître Dievdirbys	딥디르비 서브 마스터에게 %s 전달				
QUEST_UNUSED_20151022_001975	Vaincre des monstres avec les Skills de Highlander	하이랜더의 기술을 사용해서 몬스터 처치				
QUEST_UNUSED_20151022_001976	Le Sous-maître Highlander veut vérifier ce que vous avez appris jusqu'ici. Vainquez des monstres en utilisant les Skills du Highlander.	하이랜더 서브 마스터는 그간 계시자가 하이랜더의 기술을 얼마나 갈고닦았는지 확인하고 싶어 합니다. 하이랜더 기술을 사용해서 몬스터를 처치하세요.				
QUEST_UNUSED_20151022_001977	Vous avez beaucoup utilisé les Skills. Retournez voir le Sous-maître Highlander et faites un rapport.	기술을 실컷 사용해 보았습니다. 하이랜더 서브 마스터에게 돌아가 보고하세요.				
QUEST_UNUSED_20151022_001978	Vaincre Chapparition aux Sources de Karolis	카롤리스 샘터의 채퍼리션 처치				
QUEST_UNUSED_20151022_001979	Vaincre Chapparition à Sources de Karolis pour l'avancement	승급을 위해 카롤리스 샘터에서 채퍼리션을 처치하세요.				
QUEST_UNUSED_20151022_001980	Vous avez réussi à vaincre Chapparition. Retournez voir le Sous-maître Peltaste et faites un rapport.	채퍼리션을 처치하는 데 성공했습니다. 펠타스타 서브 마스터에게 돌아가 보고하세요.				
QUEST_UNUSED_20151022_001981	Vaincre Sparnasman en 64_2 de Monastère de Fougère	고사리 수도원64_2의 스파나스맨 처치				
QUEST_UNUSED_20151022_001982	Hoplite vous a dit que les monstres que vous avez perdus il y a longtemps importunent les humains. Vainquez Sparnasman en 64_2 de Monastère de Fougère et rapportez-moi l'extrémité brisée de la lance du maître.	하플라이트는 오래전 놓친 몬스터가 다시 사람들을 괴롭히고 있다고 합니다. 고사리 수도원64_2에서 스파나스맨을 처치하고 마스터의 부러진 창 끝을 가져다 주세요.				
QUEST_UNUSED_20151022_001983	Vous avez trouvé l'extrémité brisée de la lance du maître. Rendez-la au Maître Hoplite.	마스터의 부러진 창 끝을 찾았습니다. 하플라이트 마스터에게 돌려 주세요.				
QUEST_UNUSED_20151022_001984	Obtenir %s des Sparnasman	스파나스맨에게서 %s 획득하기				
QUEST_UNUSED_20151022_001985	Vaincre des monstres à Collines de Feretory avec les statistiques de base	기본 상태에서 페레토리 구릉의 몬스터 처치				
QUEST_UNUSED_20151022_001986	Le Sous-maître Barbare veut que vous vainquiez les monstres à Collines de Feretory sans aucun effet d'amélioration.	바바리안 서브 마스터는 아무런 강화효과 없는 기본 상태에서 페레토리 구릉의 몬스터들을 처치해 보라고 합니다.				
QUEST_UNUSED_20151022_001987	Il semble que vous ayez réussi la mission du Sous-maître Barbare. Retournez le voir et faites un rapport.	바바리안 서브 마스터의 과제를 통과한 것 같습니다. 그에게 돌아가 보고하세요.				
QUEST_UNUSED_20151022_001988	Parler avec le Maître Rodelero à Orsha.	오르샤에서 로델레로 마스터와 대화하세요.				
QUEST_UNUSED_20151022_001989	Le Maître Rodelero veut que vous apportiez le bouclier amélioré jusqu'à environ 4 niveaux. Améliorez l'équipement de type bouclier et faites-vous reconnaître par le Maître Rodelero.	로렐레로 마스터는 4단계 정도 강화된 방패를 가져오라고 합니다. 방패 계열 장비를 강화해 로델레로 마스터의 인정을 받으세요.				
QUEST_UNUSED_20151022_001990	Parler avec le Maître Cataphractaire à Orsha.	오르샤에서 캐터프랙트 마스터와 대화하세요.				
QUEST_UNUSED_20151022_001991	Vaincre les monstres de type Bête à Collines de Feretory	페레토리 구릉의 야수 몬스터를 처치				
QUEST_UNUSED_20151022_001992	Vaincre les monstres de type Bête à Collines de Feretory et prouver vos Skills au Maître Cataphractaire.	페레토리 구릉에서 야수형 몬스터들을 처치하고 캐터프랙트 마스터에게 실력을 증명하세요.				
QUEST_UNUSED_20151022_001993	Cela devrait suffire. Retournez voir le Maître Cataphractaire et faites un rapport.	이 정도면 충분한 것 같습니다. 캐터프랙트 마스터에게 돌아가 보고하세요.				
QUEST_UNUSED_20151022_001994	Purifier les monstres blessés avec le pouvoir du joyau	상처입은 몬스터를 보석의 힘으로 정화하기				
QUEST_UNUSED_20151022_001995	Combattez les monstres à Collines de Feretory, blessez-les et purifiez-les à l'aide du joyau. Récoltez les cendres des monstres après la purification.	페레토리 구릉의 몬스터들과 전투하여 상처를 입힌 다음 주어진 보석을 사용해 몬스터를 정화해야 합니다. 정화후 몬스터의 재를 모으세요.				
QUEST_UNUSED_20151022_001996	Assez de cendres de monstres ont été récoltées. Rapportez-les au Maître Krivis.	몬스터의 재가 충분히 모였습니다. 크리비 서브 마스터에게 가져다 주세요.				
QUEST_UNUSED_20151022_001997	Purifier les monstres et récolter %s	몬스터를 정화하고 %s 수집하기				
QUEST_UNUSED_20151022_001998	Vainquez les monstres à Collines de Feretory	페레토리 구릉의 몬스터 처치				
QUEST_UNUSED_20151022_001999	Vaincre les monstres de Collines de Feretory pour prouver que vous pouvez vous protéger en voyage	여행 중 자신의 몸을 능히 지킬 수 있다는 것을 증명하기 위해 페레토리 구릉의 몬스터들을 처치하세요.				
QUEST_UNUSED_20151022_002000	Le Sous-maître Prêtre sera soulagé par cela. Retournez lui faire un rapport.	이 정도면 프리스트 서브 마스터도 안심할 것 같습니다. 그녀에게 돌아가 보고하세요.				
QUEST_UNUSED_20151022_002001	Maintenant, allez rencontrer le Sous-maître Bokor à Orsha.	오르샤에 있는 보코르 서브 마스터를 찾아가세요.				
QUEST_UNUSED_20151022_002002	Le Sous-maître Bokor vous a demandé d'apporter les cartes que l'on obtient des monstres boss.	보코르 서브 마스터는 보스 몬스터에게 얻을 수 있는 카드를 가져 오라고 합니다.				
QUEST_UNUSED_20151022_002003	Remettre les cartes au Sous-maître Bokor	보코르 서브 마스터에게 카드 전달				
QUEST_UNUSED_20151022_002004	Carte de monstre boss obtenue. Remettez la carte au Sous-maître Bokor.	보스 몬스터 카드를 얻었습니다. 보코르 서브 마스터에게 카드를 전해 주세요.				
QUEST_UNUSED_20151022_002005	Obtenir la corne du Sparnasman en 64_2 du Monastère de Fougère	고사리 수도원64_2에서 스파나스맨의 뿔 구하기				
QUEST_UNUSED_20151022_002006	Le Sous-maître Dievdirbys veut que vous obteniez les cornes de Sparnasman, matériau nécessaire à la sculpture. Vainquez Sparnasman en 64_2 de Monastère de Fougère.	딥디르비 서브 마스터는 조각용 재료인 스파나스맨의 뿔을 구해달라고 합니다. 고사리 수도원64_2에서 스파나스맨을 처치하세요.				
QUEST_UNUSED_20151022_002007	Faire un Rapport au Sous-maître Dievdirbys	딥디르비 서브 마스터에게 보고				
QUEST_UNUSED_20151022_002008	Cornes de Sparnasman obtenues. Rapportez-les au Sous-maître Dievdirbys.	스파나스맨의 뿔을 구했습니다. 딥디르비 서브 마스터에게 가져다 주세요.				
QUEST_UNUSED_20151022_002009	Obtenir %s des Sparnasman	스파나스맨에게서 %s 획득	QUEST_LV_0100_20150317_005526	Obtenir %s	%s 획득	
QUEST_UNUSED_20151022_002010	Parler avec l'esprit du Maître Sadhu à Orsha	오르샤에서 사두 마스터의 유체와 대화하세요.				
QUEST_UNUSED_20151022_002011	Vaincre le monstre lié à l'énergie du Maître Sadhu à Collines de Feretory	페레토리 구릉에서 사두 마스터의 기운과 묶인 몬스터 처치				
QUEST_UNUSED_20151022_002012	En utilisant l'énergie obtenue du Maître Sadhu, vous devez combiner certaines parties de monstres à Collines de Feretory. Absorbez l'esprit en vainquant le monstre qui a été combiné à l'énergie.	사두 마스터에게 받은 기운을 사용해 페레토리 구릉 몬스터의 영혼 일부를 합쳐야 합니다. 기운에 합쳐진 몬스터를 처치해 영혼을 흡수하세요.				
QUEST_UNUSED_20151022_002013	Conformément au nombre d'esprits indiqué par le Maître Sadhu, vous avez recueilli les esprits des monstres. Retournez auprès de son esprit à Orsha et faites-lui votre rapport.	사두 마스터가 제시한 수만큼 몬스터의 영혼을 모았습니다. 오르샤에 있는 그녀의 유체에게 돌아가 보고하세요.				
QUEST_UNUSED_20151022_002014	Sous-maître Paladin	팔라딘 서브 마스터와 대화				
QUEST_UNUSED_20151022_002015	Parler avec le Sous-maître Paladin à Orsha.	오르샤에서 팔라딘 서브 마스터와 대화하세요.				
QUEST_UNUSED_20151022_002016	Vaincre des monstres à Collines de Feretory pour montrer la puissance du Sous-maître Paladin	팔라딘 서브 마스터에게 힘을 과시하기 위해 페레토리 구릉의 몬스터를 처치하세요.				
QUEST_UNUSED_20151022_002017	Faire un Rapport au Sous-maître Paladin	팔라딘 서브 마스터에게 보고				
QUEST_UNUSED_20151022_002018	Vous avez vaincu un nombre suffisant de monstres. Retournez voir le Sous-maître Paladin et faites un rapport.	상당수의 몬스터를 처치하였습니다. 팔라딘 서브 마스터에게 돌아가 보고하세요.				
QUEST_UNUSED_20151022_002019	Récolter les pointes brisées des lances des Hoplites	하플라이트의 부러진 창 끝 모으기				
QUEST_UNUSED_20151022_002020	Vaincre les monstres de Carrefour d'Apsimesti et récolter les pointes brisées des lances des autres hoplites.	압시메스티 교차로의 몬스터들을 처치하고 다른 하플라이트들의 부러진 창 끝을 모으세요.				
QUEST_UNUSED_20151022_002021	Vous avez récolté assez de pointes de lance. Retournez faire un rapport au Maître Hoplite.	많은 수의 창 끝을 모았습니다. 하플라이트 마스터에게 돌아가 보고하세요.				
QUEST_UNUSED_20151022_002022	Récolter %s sur les monstres des Carrefours d'Apsimesti	압시메스티 교차로의 몬스터로부터 %s 수집				
QUEST_UNUSED_20151022_002023	Vaincre les monstres aux Carrefours d'Apsimesti sans utiliser le bouclier	방패를 쓰지 않고 압시메스티 교차로의 몬스터 처치				
QUEST_UNUSED_20151022_002024	Vaincre les monstres aux Carrefours d'Apsimesti sans bouclier équipé.	방패를 착용하지 않은 상태에서 압시메스티 교차로의 몬스터를 처치하세요.				
QUEST_UNUSED_20151022_002025	Il est prouvé que vous êtes fort sans compter sur le bouclier. Retournez voir le Maître Rodelero et faites un rapport.	방패에 의지하지 않고도 강하다는 게 증명된 것 같습니다. 로델레로 마스터에게 돌아가 보고하세요.				
QUEST_UNUSED_20151022_002026	Vaincre des monstres aux Carrefours d'Apsimesti en montant un Compagnon	컴패니언에 타고 압시메스티 교차로의 몬스터 처치				
QUEST_UNUSED_20151022_002027	Pour un Cataphractaire, les compagnons sont aussi utiles que les lances. Vaincre les monstres au Carrefour d'Apsimesti	캐터프랙트에 있어서 창만큼 중요한 것이 컴패니언이라고 합니다. 컴패니언에 탄 채로 압시메스티 교차로의 몬스터를 처치하세요.				
QUEST_UNUSED_20151022_002028	Il est prouvé que vous avez une merveilleuse synergie avec votre compagnon. Retournez faire un rapport au Maître Cataphractaire.	자신의 컴패니언과 훌륭한 상성을 가지고 있음이 증명되었습니다. 캐터프랙트 마스터에게 돌아가 보고하세요.				
QUEST_UNUSED_20151022_002029	Vaincre les monstres aux Carrefours d'Apsimesti	압시메스티 교차로에서 몬스터 처치				
QUEST_UNUSED_20151022_002030	Le Sous-maître Bokor vous a demandé de vaincre les monstres du Carrefour d'Apsimesti pour évaluer vos talents de Bokor.	보코르 서브 마스터는 그간 쌓아온 보코르의 실력을 확인하기 하기 위해 압시메스티 교차로의 몬스터를 처치하고 오라고 합니다.				
QUEST_UNUSED_20151022_002031	Il semble que vous ayez vaincu assez de monstres. Retournez voir le Sous-maître Bokor et faites un rapport.	몬스터들은 충분히 처치한 것 같습니다. 보코르 서브 마스터에게 돌아가 보고하세요.				
QUEST_UNUSED_20151022_002032	Vaincre les monstres aux Carrefours d'Apsimesti	압시메스티 교차로의 몬스터 처치				
QUEST_UNUSED_20151022_002033	Réparer la Statue de la Déesse [Avancement Dievdirbys]	여신상 보수하기[딥디르비 전직]				
QUEST_UNUSED_20151022_002034	Récolter les masses d'huile des Ashulong dans la région de l'aqueduc	수로교 지역에서 아슈롱의 기름덩어리 모으기				
QUEST_UNUSED_20151022_002035	Nous devons créer l'huile parfumée pour la réparation des statues des déesses. Récoltez les masses d'huile des Ashulong dans la région de l'aqueduc pour faire l'huile parfumée.	여신상 보수를 위한 향유를 만들어야 합니다. 수로교 지역에서 재료인 아슈롱의 기름덩어리를 수집하세요.				
QUEST_UNUSED_20151022_002036	Assez de masses d'huile obtenues. Rapportez-les au Sous-maître Dievdirbys.	충분한 양의 기름덩어리를 모았습니다. 딥디르비 서브 마스터에게 가져다 주세요.				
QUEST_UNUSED_20151022_002037	Réparer les statues des déesses situées à Fedimian et à Orsha	페디미안과 오르샤에 있는 여신상 보수하기				
QUEST_UNUSED_20151022_002038	Assez d'huile parfumée obtenue. Occupez-vous des statues de la Déesse Vakarine à Fedimian et Orsha, je vous prie.	향유를 넉넉히 받았습니다. 페디미안과 오르샤의 바카리네 여신상을 관리해 주세요.				
QUEST_UNUSED_20151022_002039	Vous avez fini de vous occuper de toutes les statues des déesses. Retournez voir le Sous-maître Dievdirbys.	의뢰받은 모든 여신상의 관리를 마쳤습니다. 딥디르비 서브 마스터에게 돌아가 보세요.				
QUEST_UNUSED_20151022_002040	Vous avez vaincu tous les monstres qui menacent les villageois. Retournez voir l'esprit du Maître Sadhu à Orsha et faites un rapport.	주민에게 위협이 되는 몬스터들을 모두 처치하였습니다. 오르샤에 있는 사두 마스터의 유체에게 돌아가 보고하세요.				
QUEST_UNUSED_20151022_002041	Vaincre les Ambulo de l'Arbre Rouge aux Carrefours d'Apsimesti	압시메스티 교차로에서 붉은 트리암불로 처치	QUEST_JOBSTEP_20150323_002333	Vaincre %s	%s 처치	
QUEST_UNUSED_20151022_002042	Rencontrer le Sous-maître Paladin	팔라딘 서브 마스터 만나기				
QUEST_UNUSED_20151022_002043	Parler Avec le Sous-maître Paladin à Orsha	오르샤에 있는 팔라딘 서브 마스터와 대화해 보세요.				
QUEST_UNUSED_20151022_002044	Vaincre les monstres qui sortent de l'autel abandonné sur la Route du grand démon affamé	큰아귀 길에 있는 버려진 제단에서 나타나는 몬스터 처치				
QUEST_UNUSED_20151022_002045	Faites réagir la vieille relique obtenue du Sous-maître Paladin à l'autel abandonné de la Route du grand démon affamé. Puis vous devrez vaincre tous les monstres qui apparaîtront.	팔라딘 서브 마스터에게 받은 오래된 성물을 큰아귀 길에 있는 버려진 제단에 반응 시키세요. 그 다음 나타나는 몬스터를 모두 없애야 합니다.				
QUEST_UNUSED_20151022_002046	Vous avez vaincu tous les monstres apparus. Retournez voir le Sous-maître Paladin et faites un rapport.	나타난 몬스터를 전부 해치웠습니다. 팔라딘 서브 마스터에게 돌아가 보고하세요.				
QUEST_UNUSED_20151022_002047	Vaincre les monstres près de l'autel	제단 주변의 몬스터 처치				
QUEST_UNUSED_20151022_002048	Aller rencontrer le Maître Rodelero à Orsha	오르샤의 로델레로 마스터를 찾아 가세요.				
QUEST_UNUSED_20151022_002049	Aller rencontrer le Maître Cataphractaire à Orsha	오르샤의 캐터프랙트 마스터를 찾아 가세요.				
QUEST_UNUSED_20151022_002050	Le Maître Sadhu veut que vous vainquiez Collimencia au jardin des Green qui font du mal aux gens.	사두 마스터는 사람들에게 피해를 주는 그린가의 장원의 콜리멘시아를 처치하길 바라고 있습니다.				
QUEST_UNUSED_20151022_002051	Vous avez accompli la requête du Maître Sadhu. Retournez voir l'esprit du Maître Sadhu à Orsha et faites un rapport.	사두 마스터의 요청을 완수했습니다. 오르샤에 있는 사두 마스터의 유체에게 돌아가 보고하세요.				
QUEST_UNUSED_20151022_002052	Aller rencontrer le Sous-maître Paladin à Orsha	오르샤에 있는 팔라딘 서브 마스터를 찾아가세요.				
QUEST_UNUSED_20151022_002053	Le Sous-maître Paladin veut vérifier votre foi religieuse. Vainquez les Gaigalas connus pour apparaître souvent à la Ferme des métayers.	팔라딘 서브 마스터는 신앙심을 확인하고 싶어합니다. 테넌츠 농장에 자주 출몰한다는 가이갈라스를 처치하세요.				
QUEST_UNUSED_20151022_002054	Vous avez vaincu Gaigalas. Retournez voir le Sous-maître Paladin et faites un rapport.	가이갈라스를 처치했습니다. 팔라딘 서브 마스터에게 돌아가 보고하세요.				
QUEST_UNUSED_20151022_002055	Récupérer pour les villageois la nourriture que les Ferret avaient volée. Vous pouvez la reprendre en vainquant des Ferret.	마을 주민들을 위해서 페릿이 훔쳐간 식량을 되찾으세요. 페릿을 처치하면 얻을 수 있습니다.	QUEST_LV_0100_20151016_010321	Récupérez la nourriture volée par les furets et rendez-la aux villageois. Vous ne pouvez obtenir de la Nourriture volée qu'en utilisant la Poudre de paralysie sur un furet dont les PV sont à 50 % ou moins.	마을 주민들을 위해서 페릿이 훔쳐간 식량을 되찾으세요. 페릿의 체력이 50% 이하일 때 페릿용 마비가루를 사용한 후 페릿이 훔쳐간 식량을 되찾을 수 있습니다.	
QUEST_UNUSED_20151022_002056	Vaincre les Ferret qui ont volé la nourriture	식량을 훔쳐간 페릿 처치	QUEST_JOBSTEP_20150323_002333	Vaincre %s	%s 처치	
QUEST_UNUSED_20151022_002057	Alors que vous reveniez après avoir récupéré la nourriture des Ferret, vous avez de nouveau croisé la fille mystérieuse. La fille a sauvé les villageois et a disparu avec le rayon. Allez rencontrer l'ancien du village avec la nourriture récupérée.	페릿들에게서 식량을 되찾아 오는 길에 다시 한번 신비한 소녀를 마주쳤습니다. 소녀는 마을 주민을 구해주고 빛과 함께 사라졌습니다. 되찾은 식량을 가지고 마을 촌장을 찾아가보세요.	QUEST_LV_0100_20151016_010323	Vous avez de nouveau croisé la mystérieuse fille alors que vous rapportiez la nourriture volée aux villageois. La mystérieuse fille s'est enfuie en sentant les villageois approcher. Donnez la nourriture récupérée à l'ancien du village.	페릿들에게서 식량을 되찾아 오는 길에 다시 한번 신비한 소녀를 마주쳤습니다. 소녀는 마을 사람의 인기척을 느끼고 도망쳐버렸습니다. 되찾은 식량을 가지고 마을 촌장을 찾아가보세요.	
QUEST_UNUSED_20151022_002058	L'ancien du village vous a demandé de détruire les totems démoniaques installés par les démons puisqu'ils ont rendu les Ferret violents.	촌장은 마족들이 설치한 마족 토템이 페릿들을 사악하게 물들인 거라고 하며 마족 토템을 파괴해달라고 했습니다.	QUEST_LV_0100_20151016_010325	L'ancien dit que les furets sont devenus féroces après l'invasion des démons. Il soutient que les totems démoniaques en sont responsables et vous demande de les détruire.	마을 촌장은 페릿들이 마족들이 마을을 습격하고 나서부터라고 합니다. 촌장은 마족들이 설치한 마족 토템이 페릿들을 사악하게 물들인 거라고 하며 마족 토템을 파괴해달라고 했습니다.	
QUEST_UNUSED_20151022_002059	La fille mystérieuse a disparu vers Zeraha après avoir traversé le village.	신비한 소녀는 마을을 지나 제라하 쪽으로 사라졌다고 합니다.				
QUEST_UNUSED_20151022_002060	Les villageois vous ont demandé d'apporter l'eau rouge polluée du vieux puits pour polluer la nourriture que les Ferret avaient volée.	마을 주민은 페릿들이 훔쳐간 식량을 오염시키기 위해 낡은 우물에서 오염된 붉은 물을 떠서 가져다 달라고 부탁했습니다.	QUEST_LV_0100_20151016_010331	Les villageois disent que si vous contaminez la nourriture avec l'eau empoisonnée, les furets ne voleront plus de nourriture à la ville. Mais cela ne fonctionnera que si la nourriture récemment dérobée fait l'affaire. Apportez l'eau rouge du vieux puits aux villageois.	마을 주민은 페릿들이 훔쳐간 식량들을 먹고 배탈이 나면 다신 식량을 훔치러 오지 않을 거라며 오염된 물로 최근 훔쳐간 식량을 오염시켜야겠다고 합니다. 낡은 우물에서 오염된 붉은 물을 떠서 가져다주세요.	
QUEST_UNUSED_20151022_002061	Assez d'eau rouge polluée obtenue du vieux puits.	낡은 우물에서 오염된 붉은 물을 충분히 떴습니다.	QUEST_LV_0100_20151001_009535	Assez d'eau rouge souillée est puisée du vieux puits. Remettez l'eau rouge souillée au villageois.	낡은 우물에서 오염된 붉은 물을 충분히 떴습니다. 마을 주민에게 오염된 물을 전달해주세요.	
QUEST_UNUSED_20151022_002062	Les Ferret ont caché la nourriture volée entre les paniers de fruits. Le villageois vous a demandé de polluer avec l'eau rouge le bœuf séché que les Ferret aiment.	페릿은 과일 바구니 사이에 훔친 식량을 숨긴다고 합니다. 마을 주민은 그 중에서 페릿이 좋아하는 육포를 꼭 붉은 물로 오염시켜달라고 부탁했습니다.				
QUEST_UNUSED_20151022_002063	Cherchez le bœuf séché dans les paniers suspects avec l'eau rouge. Retournez voir les villageois.	수상한 바구니들 중 육포를 찾아내 붉은 물로 오염시켰습니다. 마을 주민에게 돌아가세요.	QUEST_LV_0100_20151001_009541	Vous avez trouvé la nourriture fraîche dans les paniers suspects puis l'avez souillée d'eau rouge. Retournez voir le villageois.	수상한 바구니들 중 신선한 식량을 찾아내 붉은 물로 오염시켰습니다. 마을 주민에게 돌아가세요.	
QUEST_UNUSED_20151022_002064	Le Dievdirbys Widas a créé la statue de la paix grâce aux résultats de ses recherches. Installez la sculpture de la paix près des Ferret et observez les réactions des Ferret.	딥디르비 위다스는 그동안의 연구한 결과로 평화의 조각상을 만들었다고 합니다. 페릿 근처에 평화의 조각상을 설치한 후 페릿의 반응을 지켜보세요.	QUEST_LV_0100_20151016_010336	Dievdirbys Widas vous dit qu'une sculpture de paix, fruit de ses longues années de recherche, pourrait faire l'affaire. Installez la sculpture de paix et les furets redeviendront dociles.	딥디르비 위다스는 그동안의 연구한 결과로 평화의 조각상을 만들었다고 합니다. 페릿 근처에서 평화의 조각상을 설치하면 페릿들이 온순해질거라고 말합니다.	
QUEST_UNUSED_20151022_002065	Vaincre les Ferret qui ont déboulé	습격한 페릿 처치	QUEST_JOBSTEP_20150323_002333	Vaincre %s	%s 처치	
QUEST_UNUSED_20151022_002066	Druide Leja vous a dit qu'elle avait vu les Ferret se déplacer en groupe et elle vous a aussi indiqué l'endroit où la fille se cache probablement. Leja vous a dit qu'avant de partir chercher la fille, elle fabriquerait le parfum qui rendrait les Ferret inconscients, elle veut donc que vous rapportiez des Herbes soporifiques.	드루이드 레야는 페릿들이 몰려가는 걸 봤다고 하며 페릿이 소녀를 숨길만한 위치를 알려줍니다. 레야는 근거지에 소녀를 찾으러 가기 전에 페릿들 정신을 빼놓을 향을 만들어 줄테니 몽롱초를 구해달라고 합니다.	QUEST_LV_0100_20151016_010343	Druide Leja vous dit que les furets transportaient un sac d'aspect étrange et détalaient vers quelque part. Elle vous informe de la cachette des furets. Leja dit qu'il est trop dangereux d'y aller seul, elle vous préparera donc une odeur qui rendra les furets impuissants. Mais d'abord, rapportez-lui de la Herbe soporifique.	드루이드 레야는 페릿들이 수상한 자루를 들고 사라지는 걸 봤다고 하며 페릿 근거지를 알려줍니다. 레야는 근거지에 들어가기 전에 페릿들 정신을 빼놓을 향을 만들어 줄테니 몽롱초를 구해달라고 부탁합니다.	
QUEST_UNUSED_20151022_002067	Vous devriez sauver la fille pendant que les Ferret sont inconscients après avoir répandu l'odeur qui endort. Mais, pour répandre l'odeur, il vous faudra un feu de camp et vous devriez être prudent car les effets sont brefs.	몽롱해지는 향을 피우고 페릿이 정신을 못차리는 동안 소녀를 구해야 합니다. 단, 몽롱해지는 향을 피우기 위해서는 모닥불이 필요하며 효과가 짧으니 주의해야 합니다.	QUEST_LV_0100_20151016_010346	Vous devez sauver la fille pendant que les furets sont assoupis par l'odeur. Gardez à l'esprit que l'odeur nécessite un feu de camp pour agir et que sa durée n'est pas très longue.	몽롱해지는 향을 피우고 페릿이 정신을 못차리는 동안 소녀를 구해야 합니다. 단, 몽롱해지는 향을 피우기 위해서는 모닥불이 필요하며 효과가 짧으니 주의해야 한다고 했습니다.	
QUEST_UNUSED_20151022_002068	Druide Benes vous a demandé de consigner le comportement des Ferret sur un parchemin vierge afin de bien les comprendre. En utilisant le parchemin vierge près des Ferret, vous pouvez consigner leurs comportements.	드루이드 베네스는 페릿을 이해하기 위해 페릿의 행동양식을 빈 주문서에 적어오라고 했습니다. 페릿 근처에서 빈 주문서를 사용하면 행동양식을 적을 수 있습니다.	QUEST_LV_0100_20151016_010360	Druide Benes dit que si vous vous transformez en furet, vous pourrez communiquer avec les furets. Cependant, les furets se souviennent tous de l'odeur de Benes et s'enfuient même sous forme de furet. Benes vous rédigera un Parchemin de transformation en Furet et ce que vous devrez faire, c'est y consigner les comportements des furets.	드루이드 베네스는 페릿으로 변신해서 페릿과 대화를 나눌 수 있다고 합니다. 다만 페릿들이 베네스의 냄새를 기억해서 변신해도 다가갈 수가 없다고 합니다. 베네스는 당신에게 변신 주문서를 만들어주겠다며 페릿들의 행동양식을 주문서에 적어오라고 했습니다.	
QUEST_UNUSED_20151022_002069	Vous avez noté le comportement des Ferret sur un parchemin vierge après les avoir observés. Remettez-le à Druide Benes.	페릿을 관찰해서 빈 주문서에 페릿의 행동양식을 수집했습니다. 드루이드 베네스에게 전해주세요.	QUEST_LV_0100_20151016_010362	Vous avez bien consigné le comportement des furets. Remettez-le à Druide Benes.	페릿을 관찰해서 주문서에 페릿의 행동양식을 수집했습니다. 드루이드 베네스에게 전해주세요.	
QUEST_UNUSED_20151022_002070	Benes vous a demandé d'observer les réactions des Ferret après avoir installé les morceaux de bois qui ressemblent à un villageois blessé et d'observer le comportement des Ferret.	베네스는  부상당한 주민 모습을 한 주술 걸린 나무토막을 페릿 근처에 설치해보고 페릿의 반응을 살펴보자고 했습니다.	QUEST_LV_0100_20151016_010370	Druide Benes dit qu'il est très difficile de déterminer si les furets pensent réellement cela ou si c'est simplement dû au contrôle mental du démon. Druide Benes vous demande d'installer près des furets un bloc de bois modifié en forme de villageois blessé. Même si ce qu'ils disent est vrai, ils n'attaqueront pas un homme blessé.	페릿의 속셈을 전해들은 드루이드 베네스는 그게 페릿의 생각인지 마족의 세뇌때문인지 구분하기 어렵다고 합니다. 베네스는 부상당한 주민 모습으로 변형시킨 나무토막을 페릿 근처에 설치해보라고 했습니다. 아무리 페릿이 인간을 몰아내겠다는 마음을 먹었다고 하더라도 제 정신이라면 부상당한 주민까지 공격하진 않을 거라고 합니다.	
QUEST_UNUSED_20151022_002071	Afin de chasser les Ferret, Benes vous a demandé de répandre l'odeur épouvantable dans la Forêt de Bellai. Allumez le feu de camp et brûlez l'odeur épouvantable.	베네스는 페릿을 쫓기 위해 지독한 향을 벨라이 숲에 피워달라고 부탁했습니다. 모닥불을 피워서 지독한 향을 태우세요.	QUEST_LV_0100_20151016_010375	Druide Benes pense qu'au vu du fait qu'ils attaquent même les blessés, ils doivent être sous le contrôle des démons. 	드루이드 베네스는 부상당한 주민 모습의 나무토막을 공격하는 걸 보며 마족이 세뇌한 탓인 것 같다고 한다. 베네스는 지독한 향을 주며 당장 페릿을 되돌릴 방법이 없으니 마을 사람들이 공격 받기 전에 지독한 향으로 페릿을 쫓아달라고 부탁했다. 지독한 향을 피우려면 모닥불이 필요하다.	
QUEST_UNUSED_20151022_002072	Nous devrions chercher la Déesse Lada auprès du seigneur démon Zaura dans la Forêt tropicale de Seir.	세이르 숲에서 마군주 자우라에게 잡힌 라다 여신을 찾아야합니다.	QUEST_LV_0100_20151016_010379	La Déesse Laima vous demande de trouver la Déesse Lada emprisonnée et de déjouer le plan du démon.	라이마 여신이 마족들에게 잡혀있는 라다 여신을 찾고 마족들의 계획을 막아달라고 했습니다.	
QUEST_UNUSED_20151022_002073	Demander à la Déesse Lada comment secourir Lada et empêcher la conspiration des démons.	여신 라다에게 라다를 구출하고 마족의 음모를 막으려면 어떻게 해야하는지 물어보세요.	QUEST_LV_0100_20151016_010385	Vous devez détruire le Dispositif de contention qui retient la Déesse Lada en otage.	여신 라다를 구속하고 있는 구속 장치를 파괴해야합니다.	
QUEST_UNUSED_20151022_002074	Vous avez détruit le dispositif qui retenait Lada et l'avez libérée. Parlez à Lada.	라다를 구속하고 있는 장치를 파괴하고 라다의 구속을 해방시켰습니다. 라다 여신과 대화하세요.	QUEST_LV_0100_20151016_010388	Le Dispositif d'absorption de vitalité est conçu pour absorber la vitalité de la Déesse Lada et l'envoyer au Suppresseur de Kruvina. Rassemblez le sang de démon et versez-le sur la machine pour la désactiver.	생명력 흡수 장치는 여신 라다의 생명력을 흡수해 크루비나 제어 장치로 보내는 장치입니다. 마족의 피를 모아 흡수 장치에 뿌리면 여신의 생명력이 더럽혀져 장치가 정지합니다.	
QUEST_UNUSED_20151022_002075	Lada vous a dit qu'en obtenant le sang des démons et en le répandant sur le dispositif qui absorbe les vitalités, celui-ci cesserait de fonctionner.	라다 여신은 마족으로부터 마족의 혈액을 구해서 생명력 흡수 장치에 뿌리면 작동이 멈출거라고 했습니다.	QUEST_LV_0100_20151016_010389	Murmure silencieux de la Déesse : Le Dispositif d'absorption de vitalité draine ma force vitale vers le cercle magique.{nl}Le dispositif est conçu pour n'absorber que la vitalité pure d'une déesse, toute autre forme de force vitale arrêtera le dispositif.{nl}Le sang des immondes démons en particulier aurait sur lui un effet sévère.	여신의 전음: 생명력 흡수 장치는 마법진으로 제 생명력을 흡수하고 있습니다.{nl}순수한 여신의 생명력만을 흡수하도록 만들어져 있기 때문에 다른 생명력이 흡수되면 작동을 멈출거에요.{nl}특히 저의 힘과 반대되는 더러운 마족의 피를 구한다면 더 강력한 반발력이 생길 거에요.	
QUEST_UNUSED_20151022_002076	Assez de sang de démons obtenu. Répandez le sang des démons sur le dispositif qui absorbe les vitalités.	마족의 혈액을 충분히 모았습니다. 생명력 흡수 장치에 마족의 혈액을 뿌리세요.	QUEST_LV_0100_20151016_010390	Vous avez rassemblé assez de sang de démon. Versez-le sur le Dispositif d'absorption de vitalité.	마족의 피를 충분히 모았습니다. 생명력 흡수 장치에 뿌리세요.	
QUEST_UNUSED_20151022_002077	Vous avez détruit le dispositif d'absorption de vitalité. Discutez avec Lada de la suite.	생명력 흡수 장치를 파괴했습니다. 다음은 뭘 해야하는지 라다 여신과 대화하세요.	QUEST_LV_0100_20151016_010393	Le Suppresseur de Kruvina prélève une part de la vitalité de la Déesse Lada et l'injecte dans la Kruvina pour en créer une. L'orbe de la Déesse Laima peut provoquer une surcharge magique du Suppresseur de Kruvina.	크루비나 제어 장치는 여신 라다로부터 얻은 생명력을 크루비나로 일정량씩 보내 크루비나를 완성시키는 장치입니다. 라이마 여신이 준비해둔 여신의 보주를 사용하면 크루비나 제어 장치에 마력 과부하를 일으킬 수 있다고 합니다.	
QUEST_UNUSED_20151022_002078	La déesse Lada vous a dit qu'en utilisant l'orbe de la déesse sur le suppresseur de Kruvina, l'énergie magique se surchargerait et il cesserait de fonctionner.	라다 여신이 크루비나 제어 장치에 여신의 보주를 사용하면 마력이 과부하되서 작동을 정지할 거라고 알려줬습니다.	QUEST_LV_0100_20151016_010394	Murmure silencieux de la Déesse : Le Suppresseur de Kruvina prélève une part de la vitalité de la Déesse Lada et l'injecte dans la Kruvina pour en créer une. L'orbe de la Déesse Laima peut provoquer une surcharge magique du Suppresseur de Kruvina..	여신의 전음: 크루비나 제어 장치는 여신의 생명력을 모아뒀다가 크루비나로 일정량씩 보내서 크루비나 생성을 제어하는 장치입니다. 마족의 마력으로 움직이고 있기 때문에 여신의 보주를 사용하면 마력 과부하를 일으킬 수 있을 거에요.	
QUEST_UNUSED_20151022_002079	La Déesse Lada a détruit tous les dispositifs générateurs de Kruvina, mais elle a aussi dit qu'elle devrait détruire quelques Kruvina inachevés.	여신 라다는 크루비나 생성 장치를 모두 부쉈지만 이미 일부 만들어진 불완전한 크루비나를 파괴해야한다고 합니다.	QUEST_LV_0100_20151016_010398	La Déesse Lada dit que même si le Générateur de Kruvina est détruit, le Kruvina incomplet existe. Elle est extrêmement dangereuse même sous sa forme imparfaite et doit être détruite.	여신 라다는 크루비나 생성 장치를 모두 부쉈지만 이미 일부 만들어진 불완전한 크루비나가 이 곳에 존재한다고 합니다. 라다는 이 힘이 어떻게 쓰일 지 모르니 반드시 파괴해야 한다고 합니다.	
QUEST_UNUSED_20151022_002080	La déesse Lada dit avoir reçu un appel de la déesse Laima pour lui amener le sauveur qui les a délivrées du désastre. Apportez l'orbe de la déesse à la statue de la déesse Laima à Zeraha et regardez alentour.	라다 여신은 라이마가 자신에게 구원자가 재앙을 해결하면 제라하의 라이마 여신상 손 끝으로 인도해달라고 부탁 받았다고 합니다. 여신의 보주를 가지고 제라하의 라이마 여신상 손 끝을 살펴보세요.	QUEST_LV_0100_20151016_010403	La Déesse Laima a dit à la Déesse Laima, avant de partir en errance, que si un voyageur venait avec l'orbe de Laima, il fallait le guider jusqu'à la statue géante. Elle vous dit de vous rendre à la main de la statue géante avec l'orbe de la déesse qui porte un faible pouvoir de Lada	라다 여신은 라이마가 방랑을 시작하기 전 누군가 라이마의 보주를 가지고 자신을 찾아오면 거대 여신상으로 인도해 달라는 부탁을 받았다고 합니다. 미약하게 나마 자신의 힘이 서려있는 여신의 보주를 가지고 거대 여신상의 손 끝에 가보라고 했습니다	
QUEST_UNUSED_20151022_002081	Vaincre les démons restants	남아있는 마족 처치	QUEST_LV_0100_20151016_010411	Les Démons Restants	남아있는 마족	
QUEST_UNUSED_20151022_002082	Demande d'aide à Fedimian	페디미안에 도움 요청하기	QUEST_LV_0100_20151016_010413	Trouver le maître d'Orsha qui sait purifier la terre	오르샤 마스터들 중 정화 방법을 아는 마스터 찾기	
QUEST_UNUSED_20151022_002083	Le prêtre du village cherche un moyen de purifier la terre polluée par l'énergie malfaisante des démons. Le prêtre vous a demandé de chercher auprès des maîtres de Fedimian un moyen de purifier la terre.	마을 사제는 마족의 사악한 기운으로 오염된 대지를 정화할 방법을 찾고 있습니다. 사제는 페디미안에 있는 마스터들에게 대지를 정화시킬 방법에 대해 조언을 구해봐달라고 했습니다.	QUEST_LV_0100_20151016_010414	Le prêtre du village cherche un moyen de purifier la terre corrompue.	마을 사제는 마족의 사악한 기운으로 오염된 대지를 정화할 방법을 찾고 있습니다. 사제는 오르샤에 있는 마스터들에게 대지를 정화시킬 방법에 대해 조언을 구해봐달라고 했습니다.	
QUEST_UNUSED_20151022_002084	Vous avez pu obtenir le parchemin de purification du Maître Druide que vous avez rencontré à Fedimian. Retournez voir le prêtre du village.	페디미안에서 만난 드루이드 마스터로부터 정화의 주문서를 얻을 수 있었습니다. 마을 사제에게 돌아가세요.	QUEST_LV_0100_20151016_010416	Le maître ?? que vous avez rencontré à Orsha vous a procuré le Parchemin de purification. Retournez voir le Prêtre du village.	오르샤에서 만난 ??마스터로부터 정화의 주문서를 얻을 수 있었습니다. 마을 사제에게 돌아가세요.	
QUEST_UNUSED_20151022_002085	Chercher un moyen de purifier la terre à Fedimian	페디미안에서 대지를 정화시킬 방법 찾기	QUEST_LV_0100_20151016_010417	Obtenir %s auprès du maître à Orsha	오르샤 마스터로부터 %s를 얻기	
QUEST_UNUSED_20151022_002086	Le prêtre vous a dit qu'il semble que le totem démoniaque soit la source de la pollution, il vous a donc demandé de détruire le totem démoniaque et de purifier la terre avec le parchemin de purification.	마을 사제는 마족 토템이 오염의 근원인 것 같다며 마족 토템을 파괴하고 정화의 주문서로 대지를 정화해달라고 부탁했습니다.	QUEST_LV_0100_20151016_010420	Pendant que vous étiez parti chercher le parchemin, le prêtre a localisé plusieurs totems démoniaques plantés dans toute la zone. Le prêtre soupçonne les totems d'être la cause de la corruption. Le prêtre vous a demandé de détruire les totems et de purifier la terre.	당신이 정화 주문서를 구하러 오르샤에 간 사이 사제는 곳곳에 세워진 마족 토템을 발견했다고 합니다. 사제는 마족 토템이 오염의 근원인 것 같다며 마족 토템을 파괴하고 대지를 정화해달라고 부탁했습니다.	
QUEST_UNUSED_20151022_002087	Parler Avec le Grand Prêtre du Village	마을 대사제와 대화	QUEST_LV_0100_20150317_006278	Parler au Prêtre du Village	마을 신관과 대화	
QUEST_UNUSED_20151022_002088	Il semble que le grand prêtre du village ait une requête pour vous. Parlez avec le nouvel officier.	마을 대사제가 당신에게 부탁할 일이 있는 것 같습니다. 신관과 대화하세요.	QUEST_LV_0100_20151016_010423	L'officier du village a un service à demander. Parlez à l'officier.	마을 신관이 당신에게 부탁할 일이 있는 것 같습니다. 신관과 대화하세요.	
QUEST_UNUSED_20151022_002089	Le grand prêtre du village vous a demandé de faire pousser les graines de Fleur de la terre sur une terre imprégnée de force vitale. Faites pousser les fleurs et apportez-les à la Déesse Lada.	마을 대사제는 생명의 기운에서 대지의 꽃 씨앗을 심어 생명력 가득한 대지의 꽃을 피워달라고 했습니다. 꽃이 피면 라다 여신에게 전해달라고 부탁했습니다.	QUEST_LV_0100_20151016_010425	La terre riche en force vitale a été découverte lors d'une recherche d'emplacement pour bâtir un temple. L'officier vous demande de planter une Graine de fleur de Terre. Ce que l'officier a dit, c'est que la Fleur de terre absorbant la force vitale fertile aidera la Déesse Lada à se rétablir bien plus vite.	마을 신관은 신전을 재건할 터를 둘러보다가 생명의 기운이 가득한 땅을 발견했습니다. 신관은 그 곳에서 대지의 꽃을 피워달라고 부탁했습니다. 대지의 꽃은 자라난 땅의 기운을 흡수하는 꽃으로 그 곳의 생명력이 라다 여신 회복에 도움이 될 것이라고 했습니다.	
QUEST_UNUSED_20151022_002090	Extraire des pierres adéquates	적당한 돌 채취 중	ETC_20150714_012369	Récolte de pierres	돌 채취 중	
QUEST_UNUSED_20151022_002091	Pierres utiles obtenues, utilisables comme matériaux de récupération !	복구 자재로 쓸 만한 돌을 구했습니다!	QUEST_LV_0100_20151001_009575	Pierre obtenue !	돌을 구했습니다!	
QUEST_UNUSED_20151022_002092	Extraire les matériaux de la pierre tombale	비석 자재 채취 중	ETC_20150714_012369	Récolte de pierres	돌 채취 중	
QUEST_UNUSED_20151022_002093	Vous avez extrait suffisamment de matériaux de pierre tombale !	적당한 비석 자재를 채취했습니다!	QUEST_UNUSED_20151001_000740	Vous avez récolté les pierres !	돌을 채취했습니다!	
QUEST_UNUSED_20151102_002094	Voici donc les échantillons. Les conditions du marché sont maintenant remplies. Bien. Je vais{nl}vous rendre plus fort.	이게 그 샘플들이군. 이걸로 거래 조건은 충족됐어.{nl}좋아. 내가 책임지고 널 더 강하게 만들어 주지.	QUEST_JOBSTEP_20150317_000385	Voilà donc les échantillons. Ils feront très bien l'affaire pour notre marché. Très bien, je t'aiderai{nl}à devenir plus fort.	이게 그 샘플들이군. 이걸로 거래 조건은 충족됐어.{nl}좋아. 내가 책임지고 널 더 강하게 만들어 주지. 	레인저 마스터
QUEST_UNUSED_20151102_002095	Il y a un problème au 36_1 de la zone de la vallée. Placez simplement le Namott de Purification{nl}que je vous ai donné à l'endroit où l'énergie démoniaque est la plus forte.	문제가 되고 있는 곳은 협곡지대 36_1입니다.{nl}제가 드린 정화의 나모트를 마기가 강한 곳에 세우면 됩니다.	QUEST_UNUSED_20151001_000437	Le problème survient dans la Région du canyon 36_1. Vous n'avez qu'à placer le Romuva de{nl}purification là où l'énergie démoniaque est forte.	문제가 되고 있는 곳은 협곡지대 36_1입니다.{nl}제가 드린 정화의 로무바를 마기가 강한 곳에 세우면 됩니다.	오라클 마스터
QUEST_UNUSED_20151102_002096	Je... ne m'attendais pas à voir quelqu'un ici..{nl}	아.. 이런 곳에 사람이라니..{nl}	QUEST_UNUSED_20151022_000886	Ah... un humain en ce lieu... Il y a des démons ici. Vous feriez mieux de fuir. Il y a peu, des{nl}démons sont apparus là-haut et contrôlent les monstres.	이..이런 곳에 사람이라니..{nl}이곳엔 마족이 있어요. 어서 도망치시는 게 좋을 거에요.{nl}조금 전에도 저 위에 마족이 나타나서 몬스터를 부리고 있었다구요.	연락병 마르다스
QUEST_UNUSED_20151102_002097	Vous feriez mieux de fuir. Il y a beaucoup de démons ici.{nl}	당신도 어서 도망치는 게 좋을 거예요.{nl}여긴 마족이 한가득이라고요.{nl}				마르다스
QUEST_UNUSED_20151102_002098	Il y a peu, un démon est apparu à l'endroit où se trouve la sculpture d'owl et contrôle les{nl}monstres.	조금 전에도 저 위에 부엉이 조각상 있는 곳에 마족이 나타나서 몬스터를 부리고 있었다니까요?				마르다스
QUEST_UNUSED_20151102_002099	Pourquoi là ? Êtes-vous fou ? Ce sont des démons.{nl}	거긴 왜요? 제정신이에요?{nl}무려 마족이라고요.{nl}	QUEST_UNUSED_20151022_000887	Êtes-vous fou ? Je ne sais pas à quel point vous êtes fort, mais je reste ici, alors si vous voulez y{nl}aller, allez-y seul, je vous prie. L'endroit où j'ai vu des démons est celui où se trouve la sculpture{nl}de hibou..	당신 제정신입니까?{nl}얼마나 강하길래 그렇게 위험한 행동을 하는지 모르겠지만 난 여기있을테니 가려거든 혼자가세요.{nl}조금 전 마족을 본 건 위쪽의 부엉이 조각상이 있는 곳이었으니..	연락병 마르다스
QUEST_UNUSED_20151102_002100	J'ignore votre force, mais... Je vais rester ici. Si vous voulez y aller, allez-y seul.{nl}	얼마나 강하길래 그렇게 위험한 짓을 하려는지 모르겠지만..{nl}난 여기있을래요. 가려거든 혼자 가세요.{nl}				마르다스
QUEST_UNUSED_20151102_002101	J'étais poursuivi par les démons et j'ai couru jusqu'ici. Je ne veux plus d'ennuis.	난 마족에게 쫓겨 캐슬부터 여기까지 도망쳤다고요.{nl}더 이상 험한 꼴은 이젠 싫어요.	QUEST_UNUSED_20151022_000888	J'ai été poursuivi par des démons et j'ai fui jusqu'ici depuis le château. Je ne veux plus connaître{nl}d'ennuis.	난 마족에게 쫓겨 캐슬부터 여기까지 도망왔다구요.{nl}더는 험한 꼴을 당하고 싶지 않아요.	마르다스
QUEST_UNUSED_20151102_002102	Il n'y avait aucun démon, seulement d'autres monstres ? Oh, je suis soulagé...{nl}	마족은 없고 다른 몬스터만 있었다고요?{nl}그나마 다행이군요.{nl}	QUEST_UNUSED_20151022_000889	Il n'y avait pas de démons, seulement d'autres monstres ? C'est une chance, j'imagine.{nl}	마족은 없고 다른 몬스터만 있었다구요?{nl}그나마 다행이군요.{nl}	연락병 마르다스
QUEST_UNUSED_20151102_002103	Malgré tout, vous n'avez pas l'air blessé... il semble que vous soyez plus fort que je ne le pensais.{nl}Je vous vois différemment maintenant.	그렇다고 해도 다친 곳도 없어보이고.. 보기보다 강한 모양이네요.{nl}다시 봤어요.	QUEST_UNUSED_20151022_000890	Vous êtes plus fort que vous n'en avez l'air. Je ne m'y attendais pas.	그렇다고 해도 당신도 보기보다 강한 모양이네요.{nl}다시 봤습니다.	연락병 마르다스
QUEST_UNUSED_20151102_002104	J'ai déjà renoncé à un salut et je n'ai rien pu faire lors de Medzio Diena. Cependant, même ainsi,{nl}je ne peux pas tout abandonner.{nl}	이미 한 번 구원을 포기했고, 신수의 날엔 아무것도 할 수 없었어요.{nl}하지만 그렇다고 해서 전부 포기할 순 없어요.{nl}	QUEST_LV_0300_20151001_000228	Je compte sur vous pour guider tous les esprits jusqu'aux déesses.	모든 영혼들을 여신의 곁으로 인도할 수 있도록 잘 부탁드리겠습니다.{nl}여신의 가호가 함께 하길..	큐폴 메일레
QUEST_UNUSED_20151102_002105	Je vous le dirai en temps voulu, alors récoltez des Œuf d'Infro Holder vert, je vous prie.	차례차례 일러 줄 터이니 일단 초록 인프로홀더의 알을 가져오게.	QUEST_LV_0100_20151001_008509	Je vous expliquerai étape par étape, apportez donc d'abord les œufs de Rajatad.	차례차례 일러 줄 터이니 일단 라자태드의 알을 가져오게.	늙은 관리인
QUEST_UNUSED_20151102_002106	Les œufs d'Infro Holder vert sont la clé pour lier les âmes. Maintenant, nous devons le prouver.	이 초록 인프로홀더의 알은 영혼을 구속하는 힘이네.{nl}이제 이걸 실체화할 것이 필요하지.	QUEST_LV_0100_20151016_009758	Ce Œuf de Rajatad a le pouvoir d'entraver les esprits. Ce qu'il nous faut, c'est le concrétiser.	이 라자태드의 알은 영혼을 구속하는 힘이네.{nl}이제 이걸 실체화할 것이 필요하지.	늙은 관리인
QUEST_UNUSED_20151102_002107	Ne le prenez pas mal. C'est le mieux que je puisse faire pour l'instant.	꺼림칙한 방법이라 생각하지 말게. {nl}지금으로선 내가 자네를 도울 수 있는 최선의 방법이니까.	QUEST_20151001_002605	Arrête de penser que c'est une mauvaise méthode. C'est la meilleure méthode à laquelle je{nl}puisse penser pour t'aider en ce moment.	꺼림칙한 방법이라 생각하지 말게. 현재 내가 자네를 도울 수 있는 최선의 방법이네.	늙은 관리인
QUEST_UNUSED_20151102_002108	Hé ! Aidez-moi, je vous en prie.	이보시오!{nl}제발 날 좀 도와주시오.				행상인
QUEST_UNUSED_20151102_002109	Mes amis sont attaqués par les démons !	내 친구들이 마족들에게 공격 받고 있소!				행상인
QUEST_UNUSED_20151102_002110	Sauvez mes amis des démons, je vous en prie. Je vous en supplie.	마족에게서 내 친구들을 구해주시오. 부탁하오.				행상인
QUEST_UNUSED_20151102_002111	Si vous n'aviez pas été là, nous aurions été tués brutalement à l'heure qu'il est.	당신이 없었다면 우린 끔직하게 살해 당했을거예요.				로제
QUEST_UNUSED_20151102_002112	Au village AA. Il se cache, mais les démons le trouveraient vite.	AA 마을에 있소.{nl}숨어있긴 하지만 마족들이 금방 찾아낼 같소.				행상인
QUEST_UNUSED_20151102_002113	Merci de nous avoir aidés. Je suis Rose. Nous sommes des marchands qui allons en divers lieux{nl}vendre nos marchandises.	저흴 도와주셔서 감사합니다. 저는 로제라고 해요. 저희들은 이곳 저곳을 돌아다니면서 물건을 사고 파는 행상인들이죠.				로제
QUEST_UNUSED_20151102_002114	Nous avons décidé de vendre les marchandises au village XX, mon village natal, et nous nous y{nl}sommes rendus.	저희들은 제의 고향인 XX 마을에 물건을 사고 팔기로 결정을 했고 XX 마을에 방문했습니다.				로제
QUEST_UNUSED_20151102_002115	Mais il n'y avait personne au village. Il n'y avait vraiment personne pour penser qu'ils étaient{nl}partis cueillir des brakens. Nous avons donc cherché en divers endroits les villageois et avons fui{nl}jusqu'ici après avoir été attaqués par les démons.	하지만 마을엔 사람은 없었어요. 고사리를 캐러 갔다고 생각하기엔 마을엔 아무도 없었습니다.{nl}그래서 저희는 마을 사람들을 찾기 위해서 마을 곳곳을 둘러보다가 마족에게 습격을 받아 이곳까지 도망쳤죠.				로제
QUEST_UNUSED_20151102_002116	En fuyant, nous avons été séparés de nos collègues. Il est important de découvrir où sont les{nl}villageois, mais je m'inquiète davantage de savoir si mes collègues n'ont pas été attaqués par les{nl}démons.	도망을 치는 과정에서 동료과 흩어졌습니다. 마을 사람들의 행방도 중요하지만 동료들이 마족에게 공격은 안 당했는지 걱정입니다.				로제
QUEST_UNUSED_20151102_002117	Vous nous aidez vraiment ? Je suppose que la déesse ne nous a pas encore abandonnés. Il n'est{nl}pas courant de nos jours qu'une personne compétente comme vous aide quelqu'un dans le{nl}besoin.	정말로 도와주시는 겁니까?{nl}여신은 아직 저희를 버리지 않으셨나봅니다. 요즘 같은 세상에 당신같이 실력 있는 사람이 도움을 필요로 한 사람을 돕는 일은 드물죠.				로제
QUEST_UNUSED_20151102_002118	Nous ferions mieux d'utiliser l'odorat de Rash. Mais, en fuyant les démons, Rash a dépensé{nl}beaucoup d'endurance	라쉬의 후각을 이용하면 될 것 같아요. 하지만 라쉬가 마족에게 도망치는 과정에서 체력을 많이 소진됐습니다.				로제
QUEST_UNUSED_20151102_002119	Si nous rétablissons l'endurance de Rash, il sera facile de retrouver nos collègues.	라쉬의 체력을 회복만 시키면 동료를 찾는 일은 쉬울거예요.				로제
QUEST_UNUSED_20151102_002120	Voici la potion pour récupérer de l'endurance. Je la donnerai à Rash.	체력 회복 물약이군요.{nl}라쉬에게 먹여보도록 하겠습니다.				로제
QUEST_UNUSED_20151102_002121	Grâce à la potion que vous m'avez donnée, Rash a vite récupéré son endurance.	제게 주신 체력 회복 물약 덕분에 라쉬가 금방 체력을 회복했습니다.				로제
QUEST_UNUSED_20151102_002122	Je vais faire sentir à Rash l'odeur qui se dégage des affaires de mes collègues. Rash vous guidera{nl}jusqu'à l'endroit où se trouvent nos collègues.	라쉬에게 제 동료들의 물품에서 나는 냄새를 맡게 할 겁니다. 냄새를 맡은 라쉬가 제 동료들이 있는 곳으로 인도해 줄겁니다.				로제
QUEST_UNUSED_20151102_002123	Si Rash commence à s'égarer, faites-lui sentir l'odeur de l'objet que je vous ai remis.	라쉬가 헤매는 모습이 보인다면 제가 드린 물품에서 나는 냄새를 맡게 해주세요.				로제
QUEST_UNUSED_20151102_002124	Je prierai pour que mes collègues soient saufs.	동료들이 무사하길 빌어야겠습니다.				로제
QUEST_UNUSED_20151102_002125	Comment saviez-vous que j'étais ici ?	내가 여기 있는건 어떻게 알았습니까?				로제
QUEST_UNUSED_20151102_002126	Comment Rash est-il arrivé ici.. Qui êtes-vous et comment êtes-vous venu ici avec Rash ?	라쉬가 어떻게 여기까지..{nl}당신이 누구시길래 라쉬랑 함께 제가 있는 곳으로 오셨습니까?				행상인
QUEST_UNUSED_20151102_002127	J'ai pu retrouver mes collègues grâce à vous. Merci infiniment.	덕분에 다신 못 볼 줄 알았던 제 동료들과 재회하게 됐습니다.{nl}정말 감사합니다.				로제
QUEST_UNUSED_20151102_002128	Maintenant, cherchons où sont passés les villageois de XX.	이제 XX 마을 사람들의 행방을 추적하러 가시죠.				로제
QUEST_UNUSED_20151102_002129	J'étais bien trop occupé à fuir les démons pour bien penser à mes bagages. Il y a dans ces bagages{nl}bien des marchandises qui peuvent se vendre cher. Si nous sortons du village, les démons se{nl}précipiteront assurément sur moi et m'attaqueront.	마족에게 도망치는데 급급하다 보니 막상 제 짐엔 신경을 못썼습니다. 짐 안에는 비싼 값에 팔릴 만한 것들도 있죠. 마을 밖으로 나가면 분명 마족들이 득달같이 달려와 절 공격할 거 같습니다.				행상인
QUEST_UNUSED_20151102_002130	Pouvez-vous chercher les bagages à ma place ?	제 대신 짐을 찾아주시겠습니까?				행상인
QUEST_UNUSED_20151102_002131	Qu'est-il arrivé à mes bagages ?	제 짐은 어떻게 됐나요?				행상인
QUEST_UNUSED_20151102_002132	Vous avez trouvé mes bagages. Merci infiniment de les avoir retrouvés.	짐을 찾아오셨군요.{nl}짐을 찾아 주셔서 정말 고맙습니다.				행상인
QUEST_UNUSED_20151102_002133	Vous nous avez sauvés des démons. Malgré tout, nous ne pouvons garantir que nous sommes à{nl}l'abri des démons.	당신이 마족에게 당할 뻔한 우릴 구해주셨습니다. 그렇다고 해서 마족에게서 안전하다고 장담할 수 있는건 아닌거 같군요.				행상인
QUEST_UNUSED_20151102_002134	Il y a aussi des monstres de type Bête autour du village AA en plus des démons, cela paraît donc{nl}plus dangereux.	AA 마을 주변엔 마족 말고도 야생 몬스터들도 있으니 더 위험한거 같습니다. 				행상인
QUEST_UNUSED_20151102_002135	Je ne peux pas rester ici, c'est trop instable. Pouvez-vous vaincre les démons et les monstres de{nl}type Bête autour du village AA ?	너무 불안해서 여기 못있겠어요. AA 마을 주변에 있는 마족과 야생 몬스터를 처치해주시겠습니까?				행상인
QUEST_UNUSED_20151102_002136	Je suppose que je devrais songer à faire un autre métier.	오늘 일로 해서 다른 일을 생각해봐야겠네요.				행상인
QUEST_UNUSED_20151102_002137	Les démons et les monstres de type Bête rôdent encore alentour, mais je suis un peu soulagé{nl}puisqu'au moins ils ne sont pas assez proches pour venir au village.	마족과 야생 몬스터들은 여전히 돌아니지만 적어도 이 마을로 들어올 정도 가까이에 있진 않아 조금이나마 안심이 됩니다.				행상인
QUEST_UNUSED_20151102_002138	J'ai été attaqué par les démons en cueillant les herbes. Heureusement, j'ai sauvé ma vie, mais j'ai{nl}été bien blessé.	약초를 캐다가 마족에게 공격 받았습니다. 다행히 마족에게서 도망쳐 목숨은 부지했지만 많은 상처를 입었습니다.				약초꾼 테일스
QUEST_UNUSED_20151102_002139	Cueillez les herbes qui peuvent guérir les blessures, je vous prie. Je crois que j'irais mieux si j'en{nl}appliquais.	상처를 치유할 수 있는 약초를 캐주세요. 그걸 바르면 좀 나아질거 같습니다.				약초꾼 테일스
QUEST_UNUSED_20151102_002140	Je voudrais aller cueillir les herbes moi-même, mais cela fait très mal dès que je bouge.	제가 직접 약초를 구하러 가고 싶어도 상처가 심해 움직일 때마다 너무 아픕니다.				약초꾼 테일스
QUEST_UNUSED_20151102_002141	Avez-vous obtenu les herbes ?	약초는 구해오셨나요?				약초꾼 테일스
QUEST_UNUSED_20151102_002142	Donnez-le-moi, je vous prie.	제게 어서 주세요.				약초꾼 테일스
QUEST_UNUSED_20151102_002143	La douleur persiste même après avoir frotté l'herbe sur la plaie.	약초를 상처 부위에 발라도 고통이 여전합니다.				약초꾼 테일스
QUEST_UNUSED_20151102_002144	Il semble que je sois dépendant du poison qu'utilisent les démons.	마족이 사용하는 독에 중독된거 같아요.				클레릭 서브 마스터
QUEST_UNUSED_20151102_002145	Cela fait très mal aux blessures et j'ai du mal à respirer.. Quand vous rapporterez mes{nl}symptômes à	상처가 있는 부위엔 고통이 심하고 숨쉬기가 조금씩 힘듭니다.{nl}오르샤에 계신 클레릭 서브 마스터님에게 제 증상을 말씀드리면 금방 도와주시지 않을까요?				약초꾼 테일스
QUEST_UNUSED_20151102_002146	C'est un poison mortel. Nous n'avons pas assez de temps. Je vais vous donner le remède,{nl}donnez-le vite au patient je vous prie.	치명적인 독입니다. 일분 일초가 급합니다. 제가 약을 드릴테니 빨리 환자에게 가 약을 먹이세요.				클레릭 서브 마스터
QUEST_UNUSED_20151102_002147	Grâce au remède, j'ai moins mal et je respire bien. Merci.	약 덕분에 고통이 덜하고 숨쉬기가 한결 편해졌습니다.{nl}감사합니다.				약초꾼 테일스
QUEST_UNUSED_20151102_002148	Allons voir ce qui s'est passé au village pour découvrir où sont les villageois. Je veux que vous{nl}inspectiez les districts A, B et C.	마을에 무슨 일이 있었는지 확인해 마을 사람들의 행방을 찾아보죠.{nl}당신은 a지역하고 b지역, c지역을 확인해주세요. 				로제
QUEST_UNUSED_20151102_002149	Je vais regarder ailleurs.	
전 다른 장소를 확인해볼게요.				로제
QUEST_UNUSED_20151102_002150	Avez-vous trouvé des indices pour découvrir où sont les villageois ?	마을 사람들의 행방 쫓는데 도움이 될만한 단서를 발견하셨나요?				로제
QUEST_UNUSED_20151102_002151	J'ai examiné les traces de pas des démons dans le village. Je suis sûr que les démons se sont{nl}introduits dans le village. Il n'y a aucun cadavre et la maison paraît normale, les démons ne{nl}comptent donc pas voler.	전 마을 안에서 마족의 발자국 같은걸 확인했어요. 아무래도 마족이 마을에 침입을 했어요. 사람 시체가 없고 집안의 멀쩡한 걸로 봐선 마족은 약탈이 목적이 아닌거 같아요.				로제
QUEST_UNUSED_20151102_002152	Alors, pourquoi et dans quel but les démons ont-ils pris les villageois ?	그렇다면 마족은 왜, 무엇때문에 마을 사람을 데리고 갔을까요?				로제
QUEST_UNUSED_20151102_002153	Voilà. La bille de Polki. En arrivant au village, j'ai vu la bille de Polki tombée par terre.	저기! 폴키의 구슬이 또 있어요. 제가 마을에 막 도착했을 때에도 폴키의 구슬이 떨어져 있었던 걸 봤어요.				로제
QUEST_UNUSED_20151102_002154	La bille de Polki peut être un indice important pour retrouver les villageois.	폴키의 구슬이 마을 사람을 찾는데 중요한 단서가 되지 않을까요?				로제
QUEST_UNUSED_20151102_002155	Cherchons la bille de Polki.	폴키의 구슬을 찾아보죠.				로제
QUEST_UNUSED_20151102_002156	Je ne vois plus la bille de Polki.	폴키의 구슬이 더 이상 보이지 않아요.				로제
QUEST_UNUSED_20151102_002157	Je crois que Polki a fait tomber la bille, mais on ne la trouve pas comme ça. Cherchons alentour.	폴키가 구슬을 떨어드렸는데 우리가 못찾은걸거예요.{nl}주변을 찾아보죠.				로제
QUEST_UNUSED_20151102_002158	Je suis sûr que Polki a fait tomber la bille par ici.	분명히 폴키는 이 주변에 구슬을 떨어놓았을 거예요.				로제
QUEST_UNUSED_20151102_002159	Villageois XX	XX 마을 주민				
QUEST_UNUSED_20151102_002160	Q-qui... êtes-vous !	다... 당신 누구야!				XX 마을 주민
QUEST_UNUSED_20151102_002161	Ê-êtes-vous... du côté des démons ?	다.. 당신도 마족하고 한편 아니야?				테스
QUEST_UNUSED_20151102_002162	Oh déesse ! Merci.	오 여신이시여! 감사합니다.				XX 마을 주민
QUEST_UNUSED_20151102_002163	Sans vous, nous serions tous morts.	당신이 아니였으면 분명 우리 모두 죽었을거예요.				XX 마을 주민
QUEST_UNUSED_20151102_002164	Les démons nous ont dit qu'ils allaient utiliser le braken et se servir de nous comme source pour{nl}l'arbre divin ! Nous devrions simplement chercher quelqu'un de qualifié.	마족이 고사리를 이용해서 우릴 신수의 양분으로 만드고 했어! 적합자만 준비 되면 된다고 했어.				XX 마을 주민
QUEST_UNUSED_20151102_002165	Des démons ont fait irruption dans le village et ont emmené les gens.	마족이 마을에 침입해서 사람들을 모두 끌고 갔어.				XX 마을 주민
QUEST_UNUSED_20151102_002166	Les démons emmenaient les villageois en direction du monastère. Les démons se sont arrêtés en{nl}nous emmenant pendant un long moment puis des wizards sont apparus.	마족은 마을 주민을 데리고 수도원으로 향하는 중이였지. 마족이 우릴 한참을 끌려가던 중 멈춰섰고 마법사가 나타났어.				XX 마을 주민
QUEST_UNUSED_20151102_002167	Le wizard a accompli un rituel non identifié sur les villageois. Quand il a accompli le rituel sur{nl}les villageois, il n'y a eu aucune réaction particulière, mais j'ai pu voir la réaction quand nous{nl}avons accompli le rituel sur votre frère, Edmundas.	마법사는 마을 주민에게서 정체를 알 수 없는 의식을 진행했어.{nl}마을 사람에게 의식을 진행했을 때 별 반응이 없었는데 로제 너의 오빠, 에드문다스에게 의식을 진행하니 반응이 보였어.				XX 마을 주민
QUEST_UNUSED_20151102_002168	Le wizard a ordonné aux démons d'emmener Edmundas à part.	마법사는 마족에게 에드문다스만 따로 데려가라는 지시를 했어.				XX 마을 주민
QUEST_UNUSED_20151102_002169	Le wizard nous a menacés. Nous lui avons dit qu'Edmundas avait une sœur, c'est-à-dire vous. Et{nl}j'ai aussi décrit votre apparence.	마법사는 우릴 협박했어. 우린 마법사에게 에드문다스에겐 여동생 로제, 네가 있다는 사실을 알려줬어.{nl}그리고 로제 너의 생김새 등을 말해줬어.				XX 마을 주민
QUEST_UNUSED_20151102_002170	Après avoir entendu les informations à votre sujet, le wizard nous a dit que	마법사는 로제, 너의 정보를 듣고 나선 우리에게 				XX 마을 주민
QUEST_UNUSED_20151102_002171	La Kruvina est déjà prête, ainsi que les brakens géants	크루비나는 이미 준비됐고 거대 고사리들은 곧 죽음의 포자를 내뿜을 것이다.				XX 마을 주민
QUEST_UNUSED_20151102_002172	cracherait bientôt les spores de la mort.	 라고 말을 했어.				XX 마을 주민
QUEST_UNUSED_20151102_002173	Et il poursuivit,	그가 이어서 말하길 				XX 마을 주민
QUEST_UNUSED_20151102_002174	si quelqu'un possédant les qualifications est prêt, tous les humains mourront.	적합자만 준비된다면 너희들은 물론이고 인간들 모두가 죽을 것이다. 영혼은 신수의 양분으로 쓰겠다.				XX 마을 주민
QUEST_UNUSED_20151102_002175	Vos esprits serviront de sources pour les arbres divins.	 라는 말을 했어.				XX 마을 주민
QUEST_UNUSED_20151102_002176	Après avoir entendu les paroles du sorcier, je me suis enfui pour en informer le seigneur{nl}d'Orsha.	난 마법사의 말을 듣고 빨리 오르샤 영주에게 알려야겠다 싶어 기회를 노려서 도망을 쳤어.				XX 마을 주민
QUEST_UNUSED_20151102_002177	Allons vite au monastère	어서 수도원으로 가죠.				로제
QUEST_UNUSED_20151102_002178	Herboriste Ash	약초꾼 아스				
QUEST_UNUSED_20151102_002179	Pendant que je cueillais les herbes, les démons sont apparus et m'ont attaqué. Heureusement, j'ai{nl}fui, mais je crains que le démon ne m'attaque de nouveau.	약초를 캐다가 마족이 나타나 절 공격했어요. 다행히 도망은 쳤지만 마족이 또 절 공격할까 두렵네요.				약초꾼 아스
QUEST_UNUSED_20151102_002180	Depuis quelques mois, le démon a commencé à apparaître à la Forêt de Knidos.	요 몇 달전 부터 마족이 크니도스 숲에 나타나기 시작했어요.				약초꾼 아스
QUEST_UNUSED_20151102_002181	Grâce à vous, l'endroit semble s'être un peu stabilisé.	덕분에 지역이 좀 안정된거 같네요.				약초꾼 아스
QUEST_UNUSED_20151102_002182	Alors que je me déplaçais pour cueillir les herbes, c'était la première fois que je voyais des{nl}démons cueillir de l'herbe. Je ne sais pas si les démons manigancent quelque chose. Je suppose{nl}que je devrais vérifier quelle herbe ils cueillent.	제가 약초를 캐러다니면서 마족이 풀을 채취하는 모습은 생전 처음 봤어요. 마족이 뭔가 일을 꾸미는거 찜찜하네요. 마족이 무슨 풀을 채취하는지 확인해봐야겠어요.				약초꾼 아스
QUEST_UNUSED_20151102_002183	Avez-vous vérifié quelle herbe les démons ont extraite ?	마족이 무슨 풀을 채취하는지 확인하셨나요?				약초꾼 아스
QUEST_UNUSED_20151102_002184	Comme je m'y attendais. Les démons extraient bel et bien les herbes hautement toxiques.	역시 제 예상이 맞았어요. {nl}마족은 독성이 강한 약초를 캐고 있었어요.				약초꾼 아스
QUEST_UNUSED_20151102_002185	Si nous transformons davantage cette herbe, elle deviendrait un poison mortel pour les{nl}humains. Il est certain que les démons extraient ces herbes. Je suppose que je devrais faire{nl}quelque chose pour que les démons ne puissent pas cueillir les herbes. Je répandrai le fluide{nl}corporel des monstres pour tuer les herbes.	이 약초를 가공하면 사람에게 치명적인 독이 돼요. 이 약초를 마족이 채취한다는 것은 불 보듯 뻔해요. 마족이 약초를 채취하지 못하도록 조치를 취해야겠어요. 몬스터의 체액을 뿌려서 약초를 죽여야겠어요.				약초꾼 아스
QUEST_UNUSED_20151102_002186	Je ne laisserai pas les démons faire ce qu'ils veulent.	절대 마족이 원하는대로 하게 두진 않을거예요.				약초꾼 아스
QUEST_UNUSED_20151102_002187	Cela suffira.	이정도 양이면 충분해요.				약초꾼 아스
QUEST_UNUSED_20151102_002188	Asperger les herbes du fluide corporel des monstres	약초에다 몬스터의 체액을 뿌리세요.				약초꾼 아스
QUEST_UNUSED_20151102_002189	Asperger du fluide corporel des monstres l'endroit où se trouvent les herbes.	약초 있는 곳에 몬스터의 체액을 뿌리세요.				약초꾼 아스
QUEST_UNUSED_20151102_002190	Puisqu'il n'y a plus d'herbes, les démons ne pourront plus en cueillir.	약초가 없으니 마족은 더 이상 약초를 캐지 못할거예요.				약초꾼 아스
QUEST_UNUSED_20151102_002191	Vous n'avez pas l'air d'un colon, d'où venez-vous ?	보아하니 이주민은 아닌 거 같은데 어떻게 오시는 길입니까?				이주민 보웨인
QUEST_UNUSED_20151102_002192	{nl}Ahha ! C'est vous qui êtes venu avec l'ancien. Pour rencontrer l'ancien, vous feriez mieux d'aller{nl}vite au camp. Quand quelqu'un sort d'Orsha, il va rencontrer la seigneure.{nl}	{nl}아하! 촌장님과 함께 오셨던 분이시군요.{nl}촌장님을 만나시려면 빨리 캠프지역으로 가보시는 게 좋을 겁니다.{nl}곧 오르샤에서 사람이 나오면 영주님을 뵈러간다고 하셨거든요.{nl}				이주민 보웨인
QUEST_UNUSED_20151102_002193	Vous n'avez pas l'air d'un colon.. Êtes-vous un voyageur ? Il y avait un ordre de la seigneure{nl}pour que les colons du district ouest d'Orsha attendent à l'Étang de Lemprasa. Quand ils{nl}arriveraient jusqu'ici, la seigneure nous a dit qu'elle enverrait les soldats et les fonctionnaires,{nl}mais je ne vois personne de tel.	이주민은 아닌거 같은데 여행자 이십니까?{nl}오르샤 서쪽 지역의 이주민들은 렘파라사 연못에서 대기하라는 영주님의 명령이 있었습니다.{nl}여기까지 오면 영주님이 병사들과 관리들을 보내서 도와주신다고 하셨는 데{nl}그런 사람들은 보이지 않는 군요..				이주민 보웨인
QUEST_UNUSED_20151102_002194	{nl}J'attends mes amis, alors rendez-vous au 2e district et retrouvez Bropen, je vous prie. Il vous{nl}dira où Romanis est allé.	{nl}저는 동료를 기다리는 중이니 2번 지역으로 가셔서 브로펜을 만나보십시오.{nl}그가 로마나스 촌장님이 어디로 갔는지 알려줄 겁니다.				이주민 보웨인
QUEST_UNUSED_20151102_002195	Après Medzio Diena, il n'y a eu aucun signe particulier jusqu'à récemment. Hormis les gens{nl}venus de loin ou ceux qui sont allés plus au sud et sont revenus après avoir atteint les mers..	신수의 날 이후, 얼마 전까진 마을엔 별다른 징후가 없었습니다.{nl}먼 곳에서 피난 오는 사람들이나 더 남쪽으로 도망치다가 바다에 다다라 다시 돌아오는 사람들 말곤요..				이주민 브로펜
QUEST_UNUSED_20151102_002196	Merci infiniment de m'avoir aidé ! J'ai failli être enseveli ici.	도와주셔서 정말 감사합니다!{nl}하마터면 여기에 묻힐뻔 했습니다.				이주민 브로펜
QUEST_UNUSED_20151102_002197	{nl}Comment a-t-il pu nous dire d'attendre les colons dans un endroit aussi dangereux.. Quand les{nl}familles arriveront, je crois que je devrais partir ailleurs..	{nl}이런 위험한 곳에 이주민들을 기다리라고 하다니..{nl}가족들이 도착하면 다른 곳으로 이동해야 겠습니다..				이주민 브로펜
QUEST_UNUSED_20151102_002198	Il semble que vous ayez gagné un niveau en combattant les Kepas. Ceux qui viennent de{nl}l'extérieur apprennent tout vite. J'envie votre rythme d'apprentissage.	방금 케파들을 상대하시면서 레벨업을 하신 것 같습니다.{nl}외지에서 오신 분들은 뭐든지 빠르게 습득하시는군요.{nl}그렇게 빨리 강해지는 게 부럽습니다.				이주민 브로펜
QUEST_UNUSED_20151102_002199	{nl}{nl}Si vous avez gagné un niveau, vous pouvez devenir plus fort en sélectionnant l'une des{nl}caractéristiques. Voulez-vous le vérifier maintenant ?	{nl}{nl}레벨 업을 했다면 한 가지 스테이터스를 선택해서 더욱 강해질 수 있습니다.{nl}지금 확인해 보시겠습니까?				이주민 브로펜
QUEST_UNUSED_20151102_002200	C'était un bon choix. Vous pouvez choisir une caractéristique en montant de niveau. J'espère{nl}que vous déciderez prudemment.	훌륭한 선택입니다.{nl}레벨업을 할 때마다 스테이터스를 선택하실 수 있을 겁니다.{nl}신중한 선택을 하시기 바랍니다.				이주민 브로펜
QUEST_UNUSED_20151102_002201	Cherchez-vous l'ancien Romanas ? L'ancien est parti en direction du camp avec Reila. Si vous{nl}allez au camp, pouvez-vous transmettre cet onguent, je vous prie ? J'ai failli mourir alors je crois{nl}que j'ai besoin de me reposer un peu.	로마나스 촌장님을 찾고 계시다구요?{nl}촌장님이라면 아까 레일라와 함께 캠프 방향으로 가셨습니다.{nl}캠프로 가실 예정이라면 레일라에게 이 풀 잎 연고를 전해주실 수 있겠습니까?{nl}방금 죽을 고비를 넘겨서 다리가 후들거려서 저는 잠시 쉬어야할 것 같습니다.				이주민 브로펜
QUEST_UNUSED_20151102_002202	J'ai entendu dire que le petit village de l'autre côté de la rivière est tombé en ruine. Si la{nl}seigneure ne nous avait pas ordonné de partir, nous aurions été en danger nous aussi.	이곳으로 오면서 들은 이야긴데 마을 강 건너편에 있던 작은 마을이 몬스터들 때문에 폐허가 되었다고 하더군요.{nl}영주님이 이주령을 내리지 않았다면 우리 마을도 위험했을 겁니다.				이주민 브로펜
QUEST_UNUSED_20151102_002203	Voici l'onguent que Bropen devait apporter. L'avez-vous apporté à la place de Bropen ? Merci{nl}infiniment. L'ancien Romanas est parti pour le district du camp. J'attendais Bropen.	이건 브로펜이 가져다 주기로한 연고군요.{nl}브로펜 대신 가져다 주신건가요? 정말 감사합니다.{nl}로마나스 촌장님은 캠프지역으로 가셨어요.{nl}저는 브로펜을 기다리고 있었답니다.				이주민 레일라
QUEST_UNUSED_20151102_002204	{nl}Si vous avez gagné un niveau, utilisez les points de Skill, je vous prie. En utilisant les points de{nl}Skill, vous pouvez obtenir de nouvelles Skills ou améliorer celles que vous avez !	{nl}아참, 레벨업 하셨으면 스킬 포인트를 사용해 보세요.{nl}스킬 포인트를 사용하면 새로운 스킬을 얻거나 기존 스킬을 강화하실 수 있어요!				이주민 레일라
QUEST_UNUSED_20151102_002205	Alors vous venez ? Vous avez bien fait d'aider les villageois. Je vais bientôt me rendre à Orsha{nl}pour rencontrer la seigneure. Où allez-vous ? Il n'y a pas de villages hormis Orsha et Klaipeda{nl}que les aventuriers soient susceptibles de visiter dans la partie sud du royaume. Si vous partez{nl}pour un long voyage, il ne serait pas mauvais de passer par Orsha et de rencontrer la seigneure.	이제 오는가? 마을 사람들을 도와주고 오느라 고생이 많았네.{nl}나는 곧 영주님을 만나러 오르샤로 들어간다네 자네는 어디로 가는가?{nl}왕국의 남부에 모험가들이 들릴만한 마을은 이제 저 오르샤와 클라페다 말곤 없다네{nl}먼 길을 여행할 예정이라면 오르샤에 들려서 영주님을 뵙고 가는 것도 나쁘지 않을 걸세				촌장 로마나스
QUEST_UNUSED_20151102_002206	{nl}Je suis désolé, mais si vous n'êtes pas occupé, je voudrais que vous aidiez les colons.	{nl}누차 염치없이 말하네만, 자네가 바쁘지 않다면 이주민들을 좀 더 도와주면 좋겠네.				촌장 로마나스
QUEST_UNUSED_20151102_002207	J'ai entendu dire que quelqu'un aide les colons et c'est vous ! Au nom de l'ancien, je vous suis{nl}vraiment reconnaissant.	이주민들을 도와주는 사람이 있다고 들었는데 바로 당신이군요!{nl}영주님을 대신하여 정말 감사드립니다.				관리관 류타스
QUEST_UNUSED_20151102_002208	{nl}Comptez-vous vous arrêter à Orsha ? Mais, comme vous le voyez, je suis un peu occupé. Si vous{nl}pouvez patienter un peu, je vous aiderai après avoir aidé ces gens.	{nl}오르샤에 들리실 예정이신 거죠?{nl}하지만 보시는 것처럼 제가 조금 바쁘군요.{nl}잠시만 기다려주시면 이 사람들 수속을 마치고 바로 편의를 봐드리겠습니다.				관리관 류타스
QUEST_UNUSED_20151102_002209	L'histoire selon laquelle les villages au-delà des rivières, des champs et des montagnes avaient{nl}été piétinés par les monstres s'est vite répandue.. J'ai persuadé les gens que les soldats{nl}viendraient nous aider depuis Orsha, mais comme la nouvelle que le village juste à côté avait été{nl}attaqué par les monstres se répandait, je n'ai pas pu apaiser l'agitation.	강 건너, 들 건너, 산 너머 마을들이 몬스터들에게 짓밟혔다는 이야기가 삽시간에 퍼졌다네..{nl}오르샤에서 군인들이 우릴 도우러 올거라고 사람들을 타일렀지만 바로 옆 마을이 몬스터들에게 당했다는 소식이 전해지자 사람들의 동요 억누를 수 없었다네.				촌장 로마나스
QUEST_UNUSED_20151102_002210	{nl}Je croyais que les déesses nous avaient abandonnés. J'allais déplacer les gens vers Klaipeda. À ce{nl}moment-là, ils ont ordonné aux gens de se rendre sur la terre où la seigneure avait survécu.. Les{nl}dégâts étaient bien trop graves. Il aurait dû nous appeler plus tôt..	{nl}여신이 우릴 버렸다고 생각했지. 나는 사람들을 클라페다로 피난시키려고 했다네{nl}그때 영주님이 살아남은 마을에 이주령을 내렸다네..{nl}너무 피해가 컸어 더 빨리 불러주셨어야 했는데..				촌장 로마나스
QUEST_UNUSED_20151102_002211	Il m'est si difficile de faire cela toute la journée. Il vaudrait peut-être mieux poursuivre les{nl}monstres comme les soldats. Je veux vous aider... mais pensez aussi à ma situation, je vous prie.{nl}Si je vous laisse entrer en premier, ils seront en colère.{nl}	하루 종일 이 일을 하는 것도 꽤 힘듭니다.{nl}차라리 병사들처럼 몬스터나 좇아다니는 게 나을지도 모르겠어요.{nl}바로 편의를 봐드리고 싶지만.. 제 사정도 좀 봐주십시오.{nl}당신을 여기서 먼저 들여보내면 저 사람들이 불같이 화를 낼겁니다.{nl}				관리관 류타스
QUEST_UNUSED_20151102_002212	Je retire ce que j'ai dit tout à l'heure sur le fait de poursuivre les monstres comme les soldats.{nl}Même avec plus de 10 vies, ce ne serait pas suffisant. Grâce à vous, j'ai pu empêcher les monstres{nl}d'entrer dans Orsha. C'était l'heure de la relève, j'ai donc failli être en danger.	제가 아까 병사들처럼 몬스터 좇아다니겠다고 한 말은 취소하겠습니다.{nl}목숨이 열 개라도 모자르겠군요.{nl}당신 덕에 오르샤로 몬스터가 몰려들어가는 걸 막을 수 있었습니다.{nl}교대 시간이라 병사들도 없었는 데, 큰일 날 뻔했군요.				관리관 류타스
QUEST_UNUSED_20151102_002213	Les colons qui s'enregistraient se sont tous enfuis.. nous serons tranquilles un moment. Vous êtes{nl}le bienvenu pour entrer dans Orsha. La seigneure est très forte et froide. Présentez-vous devant{nl}le château de la seigneure, sur la place centrale d'Orsha.	수속 중이던 이주민들도 모두 도망쳐버렸고.. 한동안 한가하겠군요.{nl}바로 오르샤로 들어가셔도 좋습니다.{nl}영주님은 강인하고 냉철한 분입니다.{nl}오르샤 중앙광장의 영주성 앞으로 가보십시오.				관리관 류타스
QUEST_UNUSED_20151102_002214	Les colons qui ont voyagé pendant bien des jours tremblent d'inquiétude. La plupart n'ont pas{nl}pu voir Orsha. Ils ont dû croire que la forteresse dont ils avaient entendu parler par une rumeur{nl}les protégerait en sûreté.. Vous le verrez en y entrant, elle a beaucoup changé depuis Medzio{nl}Diena..	며칠 밤낮을 여행한 이주민들이 오르샤를 보고 불안에 떨고 있습니다.{nl}그들 대부분이 태어나서 오르샤를 볼 일이 없었습니다.{nl}소문으로만 듣던 으리으리한 성채가 자신들을 안전하게 보호해줄거라고 생각했을 탠데..{nl}들어가 보시면 알겠지만 신수의 날 이후로 많이 변했습니다..				관리관 류타스
QUEST_UNUSED_20151102_002215	Je suis Innessa Hemandale, qui gouverne Orsha. Merci d'avoir aidé nos citoyens.	저는 이 오르샤를 다스리는 영주 이네사 해먼데일 입니다.{nl}제 영주민들을 도와주셔서 감사합니다.				이네사 해먼데일
QUEST_UNUSED_20151102_002216	Nous relevons Orsha comme vous pouvez le voir. Avec les soldats dont nous disposons{nl}actuellement, il nous est difficile de protéger Orsha. Voilà pourquoi nous déplaçons tous les{nl}colons survivants vers Orsha, même si cela signifie que nous connaîtrons des années difficiles.{nl}	오르샤는 보시는 것처럼 재건 중입니다.{nl}지금의 병력으로는 오르샤를 방어하기도 힘든 실정입니다.{nl}그래서 몇 년 고생할 대비를 하고 살아남은 영주민들을 모두 오르샤로 이주시키는 중입니다.{nl}				이네사 해먼데일
QUEST_UNUSED_20151102_002217	Le monde est devenu sauvage, mais ni l'armée ni le roi ne nous ont protégés. C'est vous qui aidez{nl}les colons, n'est-ce pas ? Bien que je ne sois pas très compétent, je suis sûr que les déesses{nl}veulent que je vous aide aussi.	세상이 험난해졌지만 군대도 왕도 우릴 지켜주지 않았어요{nl}이주민들을 도와주고 다니시는 분이 당신이시죠?{nl}보잘것 없는 실력이지만 여신께서도 당신을 돕길 바랄거에요				이주민 이즈나
QUEST_UNUSED_20151102_002218	{nl}Je veux préparer un remède qui agira bien sur vos blessures. Si vous pouviez récolter des{nl}Feuilles rouges dans le 1er district, je préparerai le remède avec !	{nl}당신에게 상처에 잘 듣는 약을 만들어 주고 싶어요.{nl}1번 지역에서 연붉은 잎사귀를 모아와 주시면 그걸 사용해서 만들어 드릴게요!				이주민 이즈나
QUEST_UNUSED_20151102_002219	Je ne suis pas le colon que l'ancien Romanas a amené. Je viens du village tombé en ruine{nl}récemment. Les chasseurs nous avaient dit qu'ils avaient découvert les monstres, mais la{nl}seigneure ne nous a pas envoyé d'escouade. Quand ma famille et moi avons fui le village, un{nl}messager de la seigneure est venu nous dire de partir pour Orsha.	저는 로마나스 촌장님이 데리고 온 이주민이 아니에요.{nl}얼마 전에 폐허가된 건너마을 사람이죠.{nl}마을 사냥꾼들이 몬스터들을 발견했다고 했지만 영주님은 군대를 보내주지 않았어요.{nl}저와 제 가족들이 마을에서 도망쳐 나올 때 영주님의 연락병이 와서 오르샤로 이주하라고 하더군요.				이주민 이즈나
QUEST_UNUSED_20151102_002220	{nl}{nl}Cela aurait été mieux s'il nous l'avait dit un peu plus tôt.. Nous n'avons ni maison, ni champ, ni{nl}arbres. Que devons-nous faire pour vivre désormais..	{nl}{nl}조금만 더 빨리 말해줬다면 좋았을 탠데..{nl}이제 집도 밭도 과일 나무 한 그루도 없어요.{nl}이제 우린 뭘 먹고 살아야할까요..				이주민 이즈나
QUEST_UNUSED_20151102_002221	Avec une telle quantité, nous pourrons fabriquer le remède.	이정도면 충분히 치료약을 만들 수 있겠어요.				이주민 이즈나
QUEST_UNUSED_20151102_002222	{nl}Prenez-le. Merci d'avoir aidé les colons.	{nl}자 가져가세요.{nl}이주민들을 도와주셔서 감사합니다.				이주민 이즈나
QUEST_UNUSED_20151102_002223	Les colons qui ont survécu arrivent ici. Ils sont tous épuisés d'avoir fui pendant plusieurs jours.{nl}Je leur prépare une boisson revigorante.	살아남은 이주민들이 이곳으로 속속 모여들고 있어요.{nl}모두들 며칠 밤낮을 도망쳐오느라 많이 지쳐있어요.{nl}저는 그들을 위해서 피로 회복제를 만들어 주고 있어요.				이주민 이즈나
QUEST_UNUSED_20151102_002224	{nl}Vous en auriez probablement besoin. Si vous pouviez vaincre les monstres du 2e district et me{nl}rapporter du mucus de Lempar, je vous préparerai une boisson revigorante avec.	{nl}당신도 아마 필요하실 거에요.{nl}2번 지역에서 몬스터들을 처치하고 렘파르 점액을 구해오시면{nl}그걸로 피로 회복제를 만들어 드릴게요.				이주민 이즈나
QUEST_UNUSED_20151102_002225	Je suppose que la seigneure avait une autre idée, mais j'ignore pourquoi il n'a pas ordonné le{nl}départ plus tôt.. Peut-être que le messager n'a pas été assez zélé. J'ai bien des questions à poser si{nl}je rencontre la seigneure.	영주님도 생각이 있으셔서 그랬겠지만 왜 더 빨리 이주령을 전파하지 않으셨을까요..{nl}혹시 연락병이 게으름을 피운건 아닐까요?{nl}영주님을 뵙게되면 물어보고 싶은게 많아요.				이주민 이즈나
QUEST_UNUSED_20151102_002226	Je crois que nous avons assez de mucus de Lempar.	렘파르 점액은 이정도면 충분해요.				이주민 이즈나
QUEST_UNUSED_20151102_002227	{nl}D'accord. Prenez ceci, je vous prie. Que les déesses vous protègent dans votre voyage..	{nl}자 이제 이걸 가지고 가세요.{nl}당신의 여정에 여신의 가호가 함께하길..				이주민 이즈나
QUEST_UNUSED_20151102_002228	Vous n'avez pas vu les gens errer dans cette forêt ? Même après ce que la seigneure nous a dit{nl}quand les monstres ont envahi notre village, nous nous sommes tous dispersés pour survivre.	혹시 이주변 숲에서 사람들이 헤매는 걸 못 보셨나요?{nl}촌장님이 오르샤로 도망치라는 외마디 비명소리를 뒤로하고{nl}우리 마을 사람들은 몬스터들이 마을로 쳐들어온 그 순간 살기 위해 뿔뿔히 흩어졌어요.				이주민 이즈나
QUEST_UNUSED_20151102_002229	{nl}Il est maintenant temps que tout le monde arrive, mais je crois qu'ils se sont perdus dans la{nl}forêt. Je suis désolé, mais pouvez-vous allumer le feu de camp au 3e district pour aider ceux qui{nl}se sont égarés dans la forêt ?{nl}	{nl}아무리 늦어도 지금쯤이면 다들 올 때가 됐는데 아마도 숲 속에서 길을 잃은 것 같아요.{nl}죄송하지만 3번 지역에서 모닥불을 피워서 숲 속에서 길을 잃은 사람들이 모닥불의 연기를 보고 이 곳으로 올 수 있도록 도와주실 수 있으신가요?{nl}				이주민 이즈나
QUEST_UNUSED_20151102_002230	J'ai rencontré des gens ici. Personne n'a vu l'ancien.	몇 명은 이곳에서 만났어요. {nl}아무도 촌장님을 본 사람은 없더군요..				이주민 이즈나
QUEST_UNUSED_20151102_002231	Merci infiniment ! Les gens que vous avez guidés jusqu'au feu de camp se reposent dans la zone{nl}sûre. Merci infiniment.	정말 감사합니다!{nl}당신이 모닥불로 인도해준 사람들은 지금 안전한 곳에서 쉬고 있어요.{nl}정말 감사합니다.				이주민 이즈나
QUEST_UNUSED_20151102_002232	Je compte le nombre de personnes et il semble que même la moitié d'entre elles ne soit pas{nl}arrivée ici. Beaucoup de gens errent encore dans la forêt. Je crois que je devrais faire de la fumée{nl}avec un plus grand feu de camp.	지금까지 사람들의 머릿수를 세어보니 채 반도 안 되는 사람들이 이곳에 도착한 것 같아요.{nl}아직도 많은 사람들이 숲 속에서 헤매고 있는 것 같아요.{nl}좀 더 커다란 모닥불로 연기를 내야할 것 같아요.				이주민 이즈나
QUEST_UNUSED_20151102_002233	{nl}Pour les colons du 4e district, je veux que vous allumiez le feu sur le bois que Lutas a préparé.{nl}Ainsi, vous pourrez voir à travers les feuillages. Je compte sur vous !	{nl}4번 지역에 이주민들을 위해 류타스씨가 준비해둔 장작더미에 불을 붙여주세요.{nl}그거라면 숲의 어디에서건 나뭇잎사이로 볼 수 있을 거에요.{nl}부탁드립니다!				이주민 이즈나
QUEST_UNUSED_20151102_002234	D'après ce que Lutas nous a dit, nous ne pouvons pas laisser entrer un grand nombre de colons{nl}dans Orsha nous avons donc établi divers petits camps autour de la muraille extérieure d'Orsha{nl}pour soutenir les colons. Les feux de camp que vous avez allumés servent à soutenir les colons.	관리관 류타스씨 말로는 많은 수의 이주민들을 오르샤로 무조건 들여보낼 수 없어서{nl}오르샤 외곽에 이렇게 자그마한 캠프를 여러개 조성해서 이주민들을 지원하고 있다고 해요.{nl}당신이 켜고 다닌 모닥불도 원래 그런 용도구요.				이주민 이즈나
QUEST_UNUSED_20151102_002235	Il y a eu un grand remue-ménage. Vous n'êtes blessé nulle part ? Je suis désolé de vous avoir{nl}entraîné dans ce pétrin.	큰 소란이 있던데 어디 다치신 곳은 없나요?{nl}이런 일이 휘말리게 해서 정말 죄송합니다.				이주민 이즈나
QUEST_UNUSED_20151102_002236	{nl}C'est terrible. Ces monstres gigantesques errent dans la forêt. Nous ne pouvons rien faire pour{nl}les colons dans la forêt..	{nl}정말 끔찍하네요. 저런 거대 괴물들이 숲 속에 돌아다니고 있는데{nl}우리가 숲 속의 이주민들에게 해줄 수 있는 게 없다니..				이주민 이즈나
QUEST_UNUSED_20151102_002237	Je ne vous ai jamais vu. Êtes-vous l'officier d'Orsha ?	못 보던 얼굴인데 당신도 오르샤 관리관이요?				이주민 이바나유
QUEST_UNUSED_20151102_002238	{nl}Ah.. zut. J'ai commis une grave erreur. Je m'appelle Ibanayu, du littoral sud. J'ai entendu dire{nl}qu'il y avait beaucoup de fournitures et que nous serions protégés ici en sûreté, alors j'ai couru{nl}jusqu'ici sans dormir en laissant le village dans le sud..	{nl}아 이런, 실례를 저질렀군요.{nl}저는 남쪽 해안가에서 올라온 이바나유라고 합니다.{nl}여기 오면 물자도 많고 우릴 안전하게 지켜줄거라고 해서 멀쩡한 남쪽 마을을 놔두고 밤낮으로 이곳으로 달려왔건만..				이주민 이바나유
QUEST_UNUSED_20151102_002239	{nl}Comme vous le voyez, ce qui est prévu pour nous, c'est le feu de camp et quelques touffes{nl}d'herbe. Et nous n'avons pas assez d'officiers pour nous protéger..	{nl}보시다시피 우릴 위해 준비된거라곤 모닥불이랑 풀떼기 몇 줌이 전부 입니다.{nl}게다가 여기서 우릴 도와줄 병사도 관리도 턱없이 부족하지..				이주민 이바나유
QUEST_UNUSED_20151102_002240	{nl}{nl}Ce que nous pouvons faire, c'est ramasser les biens que les autochtones utilisaient et ont laissés,{nl}et nous en servir pour obtenir de la nourriture. Pouvez-vous en récolter au 5e district ? J'ai{nl}entendu dire que si nous quittons cet endroit, les monstres deviendraient fous, des gens comme{nl}nous ne peuvent donc pas circuler.	{nl}{nl}별 수 없이 우리가 할 수 있는 거라곤 원주민들이 쓰다 버리고간 물건을 주워서 입에 풀칠이나 하는 겁니다.{nl}5번 지역에서 그것들을 좀 모아다 줄 수 있습니까?{nl}듣자하니 여길 벗어나면 몬스터들이 창궐해서 도무지 우리같은 사람들을 돌아다닐 수가 없다고 합니다.				이주민 이바나유
QUEST_UNUSED_20151102_002241	La côte sud a elle aussi subi des dégâts. Les fruits descendus de la rivière au nord ont détruit tous{nl}les filets de pêche et à cause du jus qui jaillissait des fruits, je n'ai cessé de voir la mer devenue{nl}multicolore. Au moins, le sud allait bien puisqu'il n'y avait pas de monstres là-bas..	남쪽 해안도 피해가 있긴 마찮가지 입니다.{nl}북쪽 강가에서 떠내려오는 거대한 과일들이 어망을 모두 박살내 놨고{nl}그 과일에서 터진 과즙 때문에 알록달록해진 바닷가를 하염없이 바라만 봤습니다.{nl}그래도 남쪽은 몬스터가 없었으니 버틸만 했죠..				이주민 이바나유
QUEST_UNUSED_20151102_002242	Je m'en servirai bien. Comme des gens continuent de monter des deux villages du littoral sud, je{nl}transmettrai bien votre histoire si je rencontre la seigneure.	잘 쓰겠습니다. 아직 남쪽 해안 마을 두 곳에서 사람들이 올라오고 있으니{nl}우리 마을 촌장님을 만나면 당신 이야기도 해두겠습니다.				이주민 이바나유
QUEST_UNUSED_20151102_002243	Vous avez l'air bien différent pour qu'on vous appelle colon... Les gens autour d'Orsha ne portent{nl}pas de tels vêtements. Êtes-vous un voyageur ?	당신은 이주민이라고 보기엔 어딘가 많이 다르군요..{nl}오르샤 주변 사람들은 그런 옷 안 입고 다니거든요.{nl}혹시 여행자십니까?				이주민 달라나스
QUEST_UNUSED_20151102_002244	{nl}Si tel est le cas, pourquoi ne pas prier devant la Statue de la Déesse Zemyna au 6e district ? La{nl}Déesse Zemyna gouverne la terre et veille aussi sur les routes des voyageurs. Mais la déesse ne{nl}répond plus à nos prières depuis un moment.	{nl}그렇다면 6번 지역에 있는 제미나 여신상에게 경배를 올려보는 게 어떻습니까?{nl}제미나 여신은 땅을 관장하는 여신으로 여행자들의 여행길을 돌보는 자애로운 여신이십니다.{nl}물론 어느날 부터인가 우리 기도에 응답해주지 않으셨지만요.				이주민 달라나스
QUEST_UNUSED_20151102_002245	J'ignore qui a érigé tant de statues de la déesse. Mais d'après ce que j'entends, c'est très ancien.{nl}Alors soit elles se brisent, soit elles deviennent des habitats pour les monstres... et il arrive aussi{nl}que des monstres s'introduisent dans la Statue de la Déesse.	여신상은 누가 그렇게 많이 세워뒀는지 저도 잘 모릅니다.{nl}듣기론 아주 오래되었다고 하더군요.{nl}그래서 망가지거나 몬스터들의 서식지가 되거나..{nl}혹은 몬스터가 여신상에 깃드는 일도 있다고 합니다.				이주민 달라나스
QUEST_UNUSED_20151102_002246	{nl}Bien sûr, vous n'êtes pas obligé d'y croire...	{nl}물론 믿거나 말거나입니다만..				이주민 달라나스
QUEST_UNUSED_20151102_002247	Êtes-vous allé au 7e district ? L'ancien nous a demandé de nous retrouver au 7e district à notre{nl}arrivée à l'Étang de Lemprasa, mais nous ne pouvons pas y aller à cause des monstres... Afin{nl}d'éviter que cela ne soit dérobé aux colons, nous devrions y aller d'abord. Mais je ne peux pas le{nl}faire avec mes capacités.	혹시 7번 지역에 가봤습니까? 마을을 떠나기 전에 촌장님이 렘파라사 연못에 도착하면 7번 지역에서 만나자고 했는데 몬스터 때문에 갈 수가 있어야지요..{nl}다른 마을 이주민들에게 빼앗기지 않으려면 우리가 먼저 가서 눌러 앉아야하는데{nl}제 실력으론 그럴 수가 없군요.				이주민 달라나스
QUEST_UNUSED_20151102_002248	{nl}Si des monstres apparaissent par là, pourriez-vous les vaincre je vous prie ? Quand l'ancien{nl}viendra, je lui parlerai de vous, c'est certain.	{nl}혹시 그 근처에 몬스터가 있다면 좀 해치워 주실 수 있습니까?{nl}촌장님이 오시면 제가 꼭 당신 이야기를 해드리지요.				이주민 달라나스
QUEST_UNUSED_20151102_002249	À cause de l'ordre de départ, j'ai abandonné ma maison et j'ai beaucoup pesté Après avoir appris{nl}la situation au nord, j'ai cessé d'y penser. J'espère que le village sera en sécurité jusqu'à la levée{nl}de l'ordre. Les anciens sont restés là-bas car ils ont dit qu'ils ne pouvaient pas quitter le village.	이주령 때문에 집을 버리고 오면서 처음엔 원망도 많이 했지만{nl}여기 와서 북쪽 마을 상황을 들으니 그 생각이 접히더군요.{nl}이주령이 해제될 때까지 마을이 무사했으면 좋겠습니다.{nl}마을 원로들이 마을을 떠날 수 없다며 남아버렸거든요.				이주민 달라나스
QUEST_UNUSED_20151102_002250	Comment peuvent-ils nous demander de nous rassembler là où les monstres deviennent fous...{nl}La seigneure nous en demande trop.	그렇게 몬스터가 우글거리는 곳으로 우리 마을 사람들을 모이라고 했다니..{nl}영주님도 너무 하시는 군요.				이주민 달라나스
QUEST_UNUSED_20151102_002251	Après l'ordre de départ, nous ne sommes pas partis avec les villageois. Je crois que les gens partis{nl}avant nous seraient probablement au 8e district à l'heure qu'il est. Pouvez-vous ramener ces{nl}gens ici ?	이주령이 떨어진 뒤로 마을 사람들이 함께 이동한 게 아니라서{nl}저 보다 선두로 떠난 사람들은 이미 8번 지역에 있을 것 같습니다.{nl}그 사람들을 이곳으로 데려와 줄 수 있으시겠습니까?				이주민 달라나스
QUEST_UNUSED_20151102_002252	{nl}Même si nous nous regroupons avec les gens d'Ancien Romanas, cet endroit semble plus sûr que{nl}le 8e district...	{nl}아무래도 로마나스 촌장님네 사람들이랑 부대끼더라도{nl}여기가 8번 지역보단 안전한 것 같아서 말입니다..				이주민 달라나스
QUEST_UNUSED_20151102_002253	Je sais que cet endroit a été préparé pour nous, mais je ne m'attendais pas à ce qu'il soit si{nl}dangereux...	우릴 위해 준비된 곳이라지만 저렇게 위험해서야..				이주민 달라나스
QUEST_UNUSED_20151102_002254	Merci. Je devrais demander à Romanas, avant que notre ancien n'arrive, si je peux rester ici.	감사합니다. 로마나스 촌장님껜 우리 촌장님이 오시기 전까진{nl}제가 따로 말씀드려서 함께 있어도 되냐고 물어봐야겠군요.				이주민 달라나스
QUEST_UNUSED_20151102_002255	J'ai beaucoup entendu dire qu'un homme mystérieux aide mon peuple. J'ai entendu dire que{nl}c'est une personne qui inspire beaucoup de respect aux autres. Il est bien connu qu'il les a aidés{nl}alors que le royaume et la seigneure ne faisaient rien. Il est comme un héros envoyé par les{nl}déesses.	미지의 인물이 내 영주민들을 도와주고 다닌다는 이야기는 익히 들었습니다.{nl}그 사람은 여러모로 선망의 대상이라고 하더군요.{nl}왕국도 영주도 구하지 못한 자신들을 도왔다고 소문이 자자합니다.{nl}여신이 보내준 영웅이라는 말도 있지요.				이네사 해먼데일
QUEST_UNUSED_20151102_002256	{nl}J'ai une requête pour un héros comme lui. À Orsha, nos habitants ont quelqu'un sur qui ils{nl}s'appuient spirituellement plus que sur la seigneure.	{nl}그런 영웅에게 긴이 부탁드릴 일이 있습니다.{nl}우리 오르샤엔 이 혼탁한 세상에 영주민들이 마음 속으로 부터 이 영주 보다 더{nl}의지하는 정신적 지주가 있습니다.				이네사 해먼데일
QUEST_UNUSED_20151102_002257	{nl}Urbonas est quelqu'un dont nous avons tous besoin pour relever Orsha, déchirée en morceaux.{nl}Mais dernièrement, je ne le vois plus. Il a disparu avec ses prêtres sans un mot. Mes agents{nl}cherchent où se trouve Urbonas.	{nl}우르보나스님은 반파된 오르샤를 지지하는 없어선 안 될 인물 중 하납니다.{nl}그런데 얼마 전부터 우르보나스님이 보이지 않습니다.{nl}자신의 사제들을 데리고 갑자기 소리소문 없이 떠나버렸습니다.{nl}제 직속 정보대원들은 그런 우르보나스님의 행방을 찾고 있습니다.				이네사 해먼데일
QUEST_UNUSED_20151102_002258	{nl}Je veux vous demander d'aider à retrouver Urbonas. Sans que personne ne le sache...	{nl}당신에게도 우르보나스님의 행방을 찾는 일을 부탁드리고 싶습니다.{nl}아무도 모르게 말이죠..				이네사 해먼데일
QUEST_UNUSED_20151102_002259	Un grand chaos s'ensuivrait si les habitants l'apprenaient. L'ordre de départ est déjà arrivé tard{nl}et divers villages ont été attaqués par les monstres. S'ils apprennent qu'Urbonas a disparu, il{nl}serait difficile de contrôler Orsha.	영주민들이 이 사실을 알면 큰 혼란이 찾아 올 것입니다.{nl}안 그래도 이주령이 늦어서 여러 마을이 몬스터들에게 당한 상태에서{nl}우르보나스님마저 사라진 사실을 알게된다면 오르샤를 통치하기 힘들어 질 것 입니다.				이네사 해먼데일
QUEST_UNUSED_20151102_002260	Dernièrement, l'un de ses disciples, Pranas, est revenu. Pour en savoir plus, je lui ai parlé, mais{nl}Pranas ne sait pas non plus pourquoi. Il est occupé à chercher où se trouve Urbonas. Mes{nl}subordonnés et les pisteurs engagés fouillent les Bois des Ponts reliés et Croisement de Paupys.	얼마 전에 그의 제자 중 하나인 사제 프라나스님이 돌아오셨더군요.{nl}자초지종을 들어보려 면담했지만 프라나스님도 어찌된 영문인지 모르더군요.{nl}지금은 우르보나스님의 행방을 찾는데 앞장서고 있습니다.{nl}제 직속 부하들과 고용된 추적자들이 덧댄다리 숲과 파우피스 나루를 샅샅이 수색 중입니다.				이네사 해먼데일
QUEST_UNUSED_20151102_002261	{nl}Mais il n'y a plus de progrès à cause de ces monstres scandaleux. Nous avons besoin de votre{nl}aide.	{nl}하지만 강성하는 몬스터들 앞에서 더 이상의 진전은 없군요.{nl}당신의 도움이 필요합니다.				이네사 해먼데일
QUEST_UNUSED_20151102_002262	Nous devons chercher Urbonas. Dans ce monde, où même les déesses ne répondent pas, le seul{nl}sur qui nous puissions compter est Urbonas.	우린 우르보나스님을 반드시 찾아야합니다.{nl}여신 조차 응답하지 않는 이 세상에서 영주민들이 기댈 곳은 우르보나스님 뿐입니다.				이네사 해먼데일
QUEST_UNUSED_20151102_002263	Urbonas coopère avec ma famille. Récemment, des rapports signalent que des démons{nl}apparaissent depuis les Bois des Ponts reliés et Croisement de Paupys. Je ne peux pas vous{nl}l'affirmer, mais je n'ai pas un bon pressentiment. Pour Orsha et ses habitants, pouvez-vous{nl}chercher où se trouve Urbonas ?	우르보나스님은 저의 영주 가문과 밀접한 협력관계에 있습니다.{nl}얼마 전부터 덧댄다리 숲과 파우피스 나루에서 마족들이 나타나고 있다는 보고가 있습니다.{nl}자세히 말씀드릴 순 없지만 느낌이 좋지 않습니다.{nl}오르샤와 영주민들을 위해 우르보나스님의 행방을 찾아주실 수 있겠습니까?				이네사 해먼데일
QUEST_UNUSED_20151102_002264	Merci de nous avoir aidés. Rendez visite à la Statue de la Déesse avant de partir, je vous prie. Les{nl}Statues de la Déesse seront un guide dont vous aurez besoin dans vos voyages.	도움을 주셔서 감사합니다.{nl}떠나기 전에 여신상에 들리십시오.{nl}여신상은 앞으로 당신의 여정에 없어선 안 될 길라잡이가 되어줄 것 입니다.				이네사 해먼데일
QUEST_UNUSED_20151102_002265	{nl}Et bien que ce ne soit pas grand-chose, j'ai prévenu le marchand d'objets afin que vous puissiez{nl}recevoir des marchandises de sa part. Que la chance vous accompagne dans votre voyage.	{nl}그리고 적지만 잡화상인에게 말해두었으니 지원품을 받아서 가십시오.{nl}당신의 여정에 행운이 깃들길 기원하겠습니다.				이네사 해먼데일
QUEST_UNUSED_20151102_002266	Vous ne devez jamais dire aux habitants que l'évêque a disparu.	절대 영주민들에게 주교가 사라졌다는 이야기는 해선 안 됩니다.				이네사 해먼데일
QUEST_UNUSED_20151102_002267	Je l'ai appris de l'évêque. Vous dites aux autres que vous êtes le héros envoyé par les déesses tout{nl}en aidant les habitants à l'extérieur, n'est-ce pas ?	영주님께 말씀들었어요.{nl}바깥 영주민들에게 호의를 배풀고 다니면서 여신이 보내준 영웅이라고 한다지요?				잡화상인
QUEST_UNUSED_20151102_002268	{nl}Veuillez recevoir ces marchandises !	{nl}여기 물품을 받으세요!				잡화상인
QUEST_UNUSED_20151102_002269	Après la destruction de la capitale, il ne reste plus beaucoup de cités intactes dans ce royaume.{nl}Soit Klaipeda soit Fedimian... Si vous avez besoin de potions ou d'outils à l'avenir, vous me{nl}verrez souvent.	수도가 파괴된 이후로 이 왕국엔 그다지 멀쩡한 도시가 몇개 없어요.{nl}클라페다라던가 페디미안이라던가..{nl}앞으로 포션이나 자잘한 도구가 필요하면 저와 자주 만나게 되실 거에요.				잡화상인
QUEST_UNUSED_20151102_002270	{nl}Et il semble que la seigneure ait demandé quelque chose au Marchand d'accessoires, vous feriez{nl}donc bien d'aller voir le marchand.	{nl}그리고 영주님이 악세서리 상인에게도 뭔가 부탁해두신 거 같으니{nl}악세서리 상인에게 가보세요.				잡화상인
QUEST_UNUSED_20151102_002271	Les voyageurs viennent à Orsha car c'est relativement sûr. Le monde s'est effondré, mais je gagne{nl}plus d'argent qu'avant.. N'est-ce pas ironique ?{nl}	여행자들이 비교적 안전한 오르샤로 모여들고 있어요.{nl}세상이 이렇게 망해버렸는데 제 주머니는 두둑해지고 있다니..{nl}참 짓궃은 일이지요?{nl}				잡화상인
QUEST_UNUSED_20151102_002272	Bonjour ! J'avais vraiment envie de vous rencontrer. J'ai appris que vous avez sauvé mes amis. Je{nl}n'ai pas préparé grand-chose, mais puisque l'évêque me l'a dit aussi, je vous donne ceci !	안녕하세요! 정말 만나보고 싶었어요.{nl}제 친구들을 구해주셨다고 들었어요.{nl}준비해둔 게 많지 않지만.. 영주님의 명령도 있었으니 이걸 드릴게요!				악세서리 상인
QUEST_UNUSED_20151102_002273	{nl}{nl}Et il semble que l'évêque vous cherche. Dépêchez-vous !	{nl}{nl}그리고 영주님이 찾으시는 거 같아요.{nl}어서 가보세요!				악세서리 상인
QUEST_UNUSED_20151102_002274	Êtes-vous prêt à partir ? J'ai reçu un message de l'agent qui fouillait les Bois des Ponts reliés. Il{nl}semble qu'il ait trouvé des indices sur l'endroit où se trouvent l'évêque et sa compagnie. Si vous{nl}êtes prêt, retrouvez Cherasia aux Woods Ponts reliés.	떠날 채비는 하셨습니까? 방금 덧댄다리 숲에서 수색중이던 정보원에게 연락이 왔습니다.{nl}주교 일행의 행방을 좇을 단서를 찾았다는 군요.{nl}준비가 됐다면 덧댄다리 숲의 제 직속 정보대원인 체라시아에게 가보세요.				이네사 해먼데일
QUEST_UNUSED_20151102_002275	Vous semblez être celui dont l'ancien parlait. Enchantée. Je suis Cherasia. Je cherche à savoir où{nl}se trouvent Urbonas et les prêtres ici.	영주님이 말씀하신 분이신것 같군요.{nl}반갑습니다. 저는 정보대원 체라시아입니다.{nl}여기서 우르보나스님과 사제님들의 행방을 뒤좇고 있습니다.				정보원 체라시아
QUEST_UNUSED_20151102_002276	J'ai dit aux habitants que les agents avaient été dépêchés à l'extérieur pour protéger les zones, je{nl}veux donc que vous fassiez vous aussi comme si vous ne saviez rien afin que les efforts des{nl}agents ne soient pas vains.	정보대원들은 지금 지역 안전을 위해 파견 나가있는 것처럼 영주민들을 속이고 있으니 눈에 띄는 행동으로 그들의 노력을 물거품으로 만들지 마시기 바랍니다.				이네사 해먼데일
QUEST_UNUSED_20151102_002277	Les activités de recherche n'ont pas été vaines. Je suis sûr que vous avez entendu parler de{nl}Pranas par l'ancien. Pranas, celui qui était parti s'entraîner dans la région du nord et qui est{nl}revenu récemment.	수색활동에 성과가 조금 있었습니다.{nl}영주님에게 프라나스님에 대해 들으셨을 겁니다.{nl}북부지역으로 수행을 떠났다가 얼마 전 돌아오신 프라나스님 말입니다.				정보원 체라시아
QUEST_UNUSED_20151102_002278	{nl}Nous avons trouvé ici quelques traces de Prêtre Irma, l'une des disciples de l'évêque. Et parmi{nl}les traces découvertes, le mémo qui semblait appartenir à Iruma était déchiré en morceaux. À{nl}voir la façon dont il a été déchiré, il semble que les monstres l'aient mordu.	{nl}우리는 이 곳에서 주교님의 제자 중 한 분인 사제 이르마님의 흔적을 발견했습니다.{nl}그리고 발견한 흔적에서 이르마님의 쪽지로 보이는 것이 갈갈이 찢겨져 있었습니다.{nl}찢겨진 모양을 보면 몬스터들이 물어뜯은 것 같습니다.				정보원 체라시아
QUEST_UNUSED_20151102_002279	{nl}Voilà pourquoi j'ai attrapé les monstres et récupéré les pages du mémo... Mais c'est trop de{nl}travail pour moi. Pouvez-vous vaincre les monstres du 1er district et me rapporter les pages de{nl}Prêtre Irma ?	{nl}그래서 몬스터들을 잡아서 쪽지 낱장을 회수하던 중입니다만{nl}혼자선 역부족이군요.{nl}1번 지역에서 몬스터들을 잡아서 사제 이르마님의 쪽지 낱장을 구해주실 수 있겠습니까?				정보원 체라시아
QUEST_UNUSED_20151102_002280	Pranas est parti le premier chercher les traces d'Urbonas avec d'autres officiers.	프라나스님의 다른 대원들과 우르보나스님의 흔적을 찾기 위해 먼저 가셨습니다.				정보원 체라시아
QUEST_UNUSED_20151102_002281	C'est taché par le fluide corporel des monstres et donc difficile à déchiffrer, mais d'après ce que{nl}je lis, il s'agit d'être poursuivi par quelque chose. Nous ferions mieux de nous hâter.	몬스터들의 타액에 얼룩져서 알아보기 힘들지만{nl}대강의 내용은 뭔가에 좇기고 있다는 내용이군요.{nl}아무래도 서두르는 게 좋겠습니다.				정보원 체라시아
QUEST_UNUSED_20151102_002282	{nl}Prenez ceci et rejoignez Pranas dans la région nord. Je chercherai les autres traces ici.	{nl}이걸 가지고 북부 지역으로 프라나스님을 찾아가보세요.{nl}저는 여기서 나머지 흔적들을 찾아보겠습니다.				정보원 체라시아
QUEST_UNUSED_20151102_002283	Je suis un agent, Moren. Vous êtes donc celui dont l'évêque a parlé. Si Iruma est poursuivi, cela{nl}veut dire que l'évêque l'est aussi, n'est-ce pas ? Je cherche l'endroit où l'évêque et sa compagnie{nl}ont séjourné.	저는 정보대원 모렌입니다.{nl}영주님께서 말씀하신 분이군요.{nl}이르마님이 좇기고 있다는 건 역시 주교님도 좇기고 있다는 뜻이겠죠?{nl}저는 이곳에서 주교님 일행이 머물렀던 곳을 찾고 있습니다.				정보원 모렌
QUEST_UNUSED_20151102_002284	{nl}À cause des monstres alentour, je ne peux pas enquêter précisément. Pendant que je vérifie le{nl}feu de camp ici, pouvez-vous vaincre les monstres qui nous dérangent par ici ?{nl}	{nl}하지만 주변 몬스터들 때문에 정확한 정확하게 조사할 수 없군요.{nl}제가 이 모닥불을 확인하는 동안 주변에서 귀찮게 구는 몬스터들을 처리해 주실 수 있겠습니까?{nl}				정보원 모렌
QUEST_UNUSED_20151102_002285	L'enquête n'a pas encore été menée.	아직 조사가 끝나지 않았습니다.				정보원 모렌
QUEST_UNUSED_20151102_002286	Vous avez trouvé une feuille de papier qui semble noircie par quelque chose. Voici donc le{nl}mémo.. Comment ont-ils pu le brûler ainsi ? Il semble que les voyageurs ici n'aient pas fait cela.{nl}Quelqu'un a éteint le feu de camp et l'a recouvert d'une touffe d'herbe...	뭔가에 그을린 종이를 발견했습니다.{nl}이건 쪽지군요... 왜 이렇게 불태워 둔 것일까요?{nl}이 근처 여행자들이 그런건 아닌 것 같습니다.{nl}모닥불을 끄고 그걸 풀더미로 덮어놨군요..				정보원 모렌
QUEST_UNUSED_20151102_002287	{nl}Et si cela prenait feu...	{nl}이러다 불이라도 나면 어쩌려고 이렇게 해놨는지..				정보원 모렌
QUEST_UNUSED_20151102_002288	Vous m'avez dit que Prêtre Irma est poursuivi par quelque chose, n'est-ce pas ? Alors, ce papier{nl}noirci sert à cacher quelque chose aux poursuivants. Quelle qu'en soit la raison, nous devons les{nl}récolter.	사제 이르마님이 뭔가에 좇기고 있다고 하셨죠?{nl}그렇다면 이 불태운 종이는 추격자들로부터 뭔가 숨기기 위해 태워버린 것이로군요.{nl}뭐가 되었건 지푸라기라도 잡는 심정으로 이것들을 수집할 필요가 있을 것 같습니다.				정보원 모렌
QUEST_UNUSED_20151102_002289	{nl}Pendant que je regarde le mémo ici, examinez les touffes d'herbe qui fument et récoltez les{nl}mémos à demi brûlés, je vous prie. Si vous pouviez les récolter, je les analyserai pour vous.	{nl}제가 여기서 이 쪽지를 살펴보는 동안 이 주변에서 연기나는 풀더미들을 들춰서{nl}반쯤 타버린 쪽지를 수집해 주시지 않겠습니까?{nl}모아오시면 제가 분석해 드리겠습니다.				정보원 모렌
QUEST_UNUSED_20151102_002290	Je suis sûr qu'ils ne les ont pas allumés puisqu'ils étaient poursuivis... Sont-ils allumés pour{nl}tromper quelqu'un ?	좇기고 있는 사람들이 태평하게 모닥불이나 사방에 피워 뒀을리는 없고..{nl}위장인가?				정보원 모렌
QUEST_UNUSED_20151102_002291	Bien. Analysons-les maintenant.	좋습니다. 이제 이것들을 분석해 보도록 합시다.				정보원 모렌
QUEST_UNUSED_20151102_002292	{nl}Le folklore... La famille Hamondale... Le Révélateur...	{nl}전승.. {nl}헤먼대일 가문.. {nl}계시자..				정보원 모렌
QUEST_UNUSED_20151102_002293	{nl}Le Révélateur ? que fait donc le Révélateur ? Nous ferions mieux d'aller vite retrouver Pranas.{nl}Rendez-vous dans la zone nord, je vous prie. Je poursuivrai le reste des recherches ici.	{nl}계시자? 계시자라니 대체 무슨일을 벌이고 있는 걸까요?{nl}아무래도 프라나스님께 빨리 찾아가보는 게 좋겠습니다.{nl}북쪽 지역으로 가보십시오.{nl}저는 여기서 나머지 수색을 계속 하겠습니다.				정보원 모렌
QUEST_UNUSED_20151102_002294	Vous cherchez Pranas ? Pranas est parti pour Croisement de Paupys. Il m'a dit de chercher les{nl}traces des prêtres depuis le 5e district. Il y a là-bas un camp, mais il y a tant de monstres que je{nl}ne peux pas les affronter seul. J'ai essayé d'en vaincre quelques-uns, mais comme ils se sont tous{nl}rués sur moi ensuite, il m'est très difficile d'y retourner.	프라나스님을 찾고 계시다구요? 프라나스님은 파우피스 나루로 가셨습니다.{nl}제게 5번 지역에서 사제분들의 흔적을 찾아달라고 하시더군요.{nl}확실히 거기에 캠프 같은게 있긴 했지만 제가 감당할 수 없는 수의 몬스터들이 있더군요.{nl}몇 녀석 혼내 줬더니 단체로 달려들어서 제가 다시 그곳으로 가긴 힘들것 같습니다.				추적자 예울리스
QUEST_UNUSED_20151102_002295	{nl}{nl}Si cela vous convient, pouvez-vous fouiller le 5e district ?	{nl}{nl}괜찮으시다면 5번 지역을 수색해 주실 수 있겠습니까?				추적자 예울리스
QUEST_UNUSED_20151102_002296	Si ce que pense Moren est vrai, cela signifie que cet endroit est plein de monstres à l'heure qu'il{nl}est. Croyez-vous que le Révélateur existe vraiment même alors que les déesses ont disparu ? Moi{nl}je ne le crois pas.	모렌의 추측대로 라면 여긴 지금 마족 소굴이라는 이야기가 됩니다.{nl}여신들이 자취를 감췄는데 계시자라뇨.. 그런 옛날 이야기를 믿는단 말입니까?{nl}제 어머니가 자장가로 들려주시던 노래에나 나올 법한 이야기입니다.				추적자 예울리스
QUEST_UNUSED_20151102_002297	{nl}Les agents se font trop de souci. Orsha est très loin de l'endroit où apparaissent les démons... Ne{nl}vous inquiétez pas. L'évêque a dû aller quelque part puisqu'il s'ennuie.	{nl}정보원들은 너무 걱정이 많아요.{nl}마족들이 출몰하는 곳에서 오르샤가 얼마나 멀리 떨어져있는데요..{nl}걱정하지 마십시오. {nl}주교라는 사람도 항상 교단에만 있어야하니 지루해서 어디 잠깐 놀러간거 겠지요.				추적자 예울리스
QUEST_UNUSED_20151102_002298	Contenu du journal d'Urbonas (contenu métaphorique){nl}- Une ère tumultueuse approchait et il était temps d'affronter le destin auquel notre ordre se{nl}préparait depuis des siècles.{nl}- Je ne peux qu'espérer qu'Orsha demeure en sûreté jusqu'à ce que mes prêtres et moi achevions{nl}cette tâche.{nl}- Celui envoyé par les déesses... (fin du contenu)	우르보나스의 일지 내용(은유적인 내용으로){nl}- 세상이 크게 혼탁해지는 시기가 도래했고 수백년을 준비해온 우리 교단의 숙명을 마무리 할 때가 되었다.{nl}- 나와 내 사제들이 이 일을 마무리 할 때까지 오르샤가 무사하길 바란다.{nl}- 여신이 보내준..(내용 끊김)				우르보나스의 일지
QUEST_UNUSED_20151102_002299	J'ai vu la flamme rugir vers le ciel. Voulez-vous dire que les démons sont vraiment apparus ?{nl}Qu'est-ce qui cloche avec le journal de l'évêque ? C'est bien trop déroutant. Nous ferions mieux{nl}de retourner voir Pranas. Retournez à Croisement de Paupys, au nord !	저도 치솟는 불길을 보았습니다. 정말로 마족이 나타났다는 말입니까?{nl}주교님의 일지는 또 무슨 말입니까? 혼란 스럽군요.{nl}당장 프라나스님께 가보시는 게 좋겠습니다.{nl}북쪽의 파우피스 나루로 가십시오!				추적자 예울리스
QUEST_UNUSED_20151102_002300	Je crois qu'il est presque arrivé à l'heure qu'il est. Je l'ai appris de l'agent de la seigneure.{nl}	지금쯤 올 때가 되었다고 생각하고 있었습니다.{nl}영주님의 연락병에게 이야기 들었습니다.{nl}				추적자 탈바시
QUEST_UNUSED_20151102_002301	J'aurais dû rester dans ma ville natale et vivre de la chasse. Des démons ! Ma mère s'évanouirait{nl}si elle apprenait que je poursuis des démons.	고향에서 사냥이나 하면서 살걸 그랬습니다.{nl}몬스터도 아니고 마족이라뇨!{nl}제가 마족을 추적하고 있다는 걸 알면 어머니가 기절하실 겁니다..				추적자 예울리스
QUEST_UNUSED_20151102_002302	J'aide les agents ici afin qu'ils puissent accomplir leurs devoirs. Si vous avez l'occasion d'aller au{nl}1er district, je veux que vous y vainquiez les monstres, afin que les activités des officiers là-bas{nl}ne soient pas perturbées.	저는 여기서 정보원들이 원활한 활동을 할 수 있도록 돕고 있습니다.{nl}혹시 1번 지역에 갈 일이 있다면 다른 대원들의 활동이 몬스터들에게 방해받지 않도록{nl}그 지역 몬스터들을 처리해 주실 수 있겠습니까?				정보원 페르니프
QUEST_UNUSED_20151102_002303	Je travaillais en réalité ici pour une autre mission. Récemment, bien des problèmes sont{nl}survenus, dont la disparition des prêtres, ma tâche consistant à découvrir pourquoi les monstres{nl}se dirigeaient vers Orsha a donc été retardée.	저는 원래 다른 임무를 받고 여기서 활동하고 있었습니다.{nl}최근 사라진 사제들 수색을 포함해서 여러 가지로 문제가 터지는 바람에{nl}몬스터들이 오르샤로 향하는 이유를 조사하던 일이 미뤄졌습니다.				정보원 페르니프
QUEST_UNUSED_20151102_002304	Nous voulons empêcher les monstres de se regrouper. Merci.	몬스터들은 셋 보단 둘이, 둘 보단 하나가 돌아다니는 게 인간들 입장에선 덜 부담스럽지요.{nl}고생하셨습니다.				정보원 페르니프
QUEST_UNUSED_20151102_002305	Récemment, les monstres s'approchent d'Orsha. Alors, pour découvrir ce qui leur est arrivé, ils{nl}ont mis tous les monstres dans un chariot et l'ont placé au 2e district.	얼마 전부터 몬스터들이 오르샤 인근으로 몰려들고 있습니다.{nl}그래서 정보대원들은 녀석들에게 무슨일이 생긴건지 조사하려고{nl}몬스터들을 수레 한 가득 담아서 2번 지역에 몰아 두었지요.				정보원 페르니프
QUEST_UNUSED_20151102_002306	{nl}Mais, pour une autre raison, le chariot a été abandonné et il répand la mauvaise odeur. À cause{nl}de cela, les monstres deviennent encore plus fous.	{nl}그런데 다른 일이 터지는 바람에 수레가 방치 되었고 결국 악취만 풍기고 있습니다.{nl}그것 때문에 몬스터들이 더 날뛰는 것 같군요.{nl}혹시 2번 지역에 가실 일이 있다면 수레를 좀 태워 주실 수 있겠습니까?				정보원 페르니프
QUEST_UNUSED_20151102_002307	L'un des principes des agents, c'est qu'ils vérifient avec leurs mains et leur langue. Voilà{nl}pourquoi nous connaissons bien les eaux empoisonnées et les monstres.	정보대원들의 철칙 중 하나는 그게 뭐가 되었건 눈으로 손으로 혀로 확인해보는 것 입니다.{nl}그래서인지 우린 독극물이나 몬스터 정보엔 빠삭합니다.				정보원 페르니프
QUEST_UNUSED_20151102_002308	Les monstres ne se précipitent d'ordinaire pas là où le feu a pris, nous n'avons donc pas à nous{nl}inquiéter pour cet endroit. Merci de m'avoir aidé.	몬스터들이 굳이 불이난 곳으로 달려들진 않으니 한 동안 이 주변은 걱정하지 않아도 되겠군요.{nl}도와주셔서 감사합니다.				정보원 페르니프
QUEST_UNUSED_20151102_002309	Beaucoup de pisteurs sont venus au pays après avoir été engagés. Je n'aurais jamais cru qu'Orsha{nl}serait aussi grande. J'ai donc apporté une marchandise amusante de ma ville natale.	고향에서 꽤 많은 추적자들이 오르샤에 고용되서 왔습니다만{nl}오르샤 주변이 이렇게 넓은 줄은 생각도 못 했습니다.{nl}그래서 말인데 제가 고향에서 재미난 물건을 가져왔습니다.				추적자 게르메이야
QUEST_UNUSED_20151102_002310	{nl}Voulez-vous utiliser ce stimulant à monstres ? Il semble que vous receviez des demandes de{nl}bien des gens, alors si vous l'utilisez, vous pourriez accomplir certaines de ces tâches plus{nl}facilement.	{nl}이 몬스터 자극제를 사용해 보시겠습니까?{nl}보아하니 당신도 이 사람 저 사람에게 부탁받고 있는 것 같은데{nl}이걸 써보시면 귀찮은 일들을 좀 쉽게 처리할 수 있을 겁니다.				추적자 게르메이야
QUEST_UNUSED_20151102_002311	Quand vous aspergerez les monstres de ce stimulant à monstres, les monstres pourront attaquer{nl}mes alliés, mais s'il n'y a pas d'alliés à proximité, ils pourront attaquer des humains.	이 몬스터 자극제를 몬스터에게 뿌리면 몬스터들이 제 동족을 공격하게 되는데{nl}주변에 동족이 없으면 사람을 공격할지도 모릅니다.				추적자 게르메이야
QUEST_UNUSED_20151102_002312	Comment était-ce ? Si les effets sont bons, je devrais en fabriquer et les vendre à Orsha. J'ai été{nl}marchand avant que le monde ne devienne ainsi, je sais donc ce qui rapporte de l'argent.	어땠나요? 효과가 좋으면 고향에서 몇 개 만들어서 오르샤에서 팔아야겠군요.{nl}제가 세상이 이렇게 변해버리기 전엔 상인일을 해서 돈 냄새 하나는 기가막히게 잘 맡거든요.				추적자 게르메이야
QUEST_UNUSED_20151102_002313	Les agents sont partis pour une autre tâche, ils veulent donc que je mène l'enquête à leur place.{nl}Ils veulent que j'enquête sur les Bois des Ponts reliés. Je crois qu'ils essaient de cacher par ici les{nl}réfugiés venus du nord.. Je suppose qu'ils n'ont pas assez d'effectifs.	정보대원들이 다른 일로 나가면서 그들이 하던 조사 활동을 제게 맡겼습니다.{nl}덧댄다리 숲을 전부 조사하고 몬스터들이 몰려있는 곳을 조사하라고 하더군요.{nl}아마도 북쪽 피난민들을 여기 어딘가에 피신시키려고 하는 거 같은데{nl}군병력이 부족해서 그렇겠죠?				추적자 라이티스
QUEST_UNUSED_20151102_002314	D'après ce que m'a dit l'agent qui m'a transmis la tâche, la zone la plus suspecte est le 5e district.{nl}Il semble qu'ils vous aient aussi confié une tâche.. si vous allez au 5e district, pouvez-vous vous{nl}débarrasser des monstres et de leurs habitats ?	{nl}제게 이 일을 떠맡긴 정보대원의 말에 의하면 5번 지역이 제일 의심 스럽다고 하더군요.{nl}당신도 그들이 뭔가 떠맡긴거 같은데.. 혹시 5번 지역에 가는 길이라면 몬스터들이랑 그들의 군락지를 좀 처리해 주실 수 있겠습니까?				추적자 라이티스
QUEST_UNUSED_20151102_002315	Je suis payé pour faire cela... Pourquoi le faites-vous, vous ? Enfin... si vous voulez simplement{nl}acquérir de l'expérience, je suppose que ce n'est pas si mal après tout..	저야 보수를 받고 일하는 건데 당신은 뭘 받고 일하시는 겁니까?{nl}그저 경험을 쌓는 중이라면 크게 손해볼 일은 아니겠습니다만..				추적자 라이티스
QUEST_UNUSED_20151102_002316	Zut... les monstres ont aussi installé leurs nids dans cette forêt d'apparence normale... C'est...{nl}difficile...	이런 멀쩡해 보이는 숲까지 몬스터들이 제 둥지를 치고 있었단 말입니까?{nl}이거 참 난감한 곳이군요.				추적자 라이티스
QUEST_UNUSED_20151102_002317	Pranas est parti le premier vers la région nord avec d'autres agents. Je cherche les traces de la{nl}Prêtresse Gelliya découvertes ici. Mais il m'est si difficile de chercher ici à cause des propriétés{nl}des monstres, qui diffèrent de ceux de notre ville natale. Pouvez-vous m'aider à récupérer les{nl}pages du mémo de Gelliya en vainquant les monstres ?	프라나스님은 다른 정보원들과 함께 북쪽 지역으로 먼저 떠났습니다.{nl}저는 여기서 발견된 사제 겔리야님의 흔적을 확인 중 입니다.{nl}하지만 제 고향과 다른 몬스터들의 특성 때문에 제대로 수색하기 힘들 군요.{nl}겔리야님의 쪽지 낱장을 몬스터들을 잡아서 구해와 주실 수 있겠습니까?				추적자 탈바시
QUEST_UNUSED_20151102_002318	{nl}Ce mémo devrait recéler une preuve décisive. Les traces laissées par ceux qui fuient parce qu'ils{nl}veulent que d'autres les retrouvent.	{nl}분명 이 쪽지에 결정적인 단서가 있을 겁니다.{nl}도망치는 사람들이 남긴 흔적은 자신을 찾아달라고 남기는 경우가 많으니까요.				추적자 탈바시
QUEST_UNUSED_20151102_002319	Je ne comptais pas trop me soucier de la sécurité d'Orsha tant que je pouvais continuer à être{nl}payé.. Mais après avoir vu les démons qui apparaissent ici, je me souviens de ma ville natale.	고용된 입장에서 보수만 받을 수 있다면 오르샤의 안위는 크게 신경쓰지 않으려 했습니다..{nl}하지만 여기 출몰하는 마족들을 보니 제 고향 생각이 나는 군요.				추적자 탈바시
QUEST_UNUSED_20151102_002320	Merci. Comme c'est déchiré en morceaux, je ne peux pas vérifier exactement ce qui est écrit.. Il{nl}semble que quelques disciples aient disparu en fuyant. Il est écrit que les disciples de l'évêque se{nl}sentent mal à l'aise. Plus que tout, il semble que les démons se cachaient en divers endroits de la{nl}forêt et qu'ils les poursuivaient.	수고하셨습니다. 찢어져서 정확한 내용은 확인하기 힘들지만..{nl}도망치던 중에 몇몇 사제들이 행방불명 된거 같군요.{nl}주교님의 사제들이 크게 불안해 한다고 적혀있습니다.{nl}무엇보다 마족들이 숲 곳곳에 숨어서 그들을 노리고 있던 것 같군요.				추적자 탈바시
QUEST_UNUSED_20151102_002321	Nous ferions mieux d'en informer Pranas. Rendez-vous au 3e district. En chemin, passez aussi{nl}au camp du 2e district et vérifiez s'il y a d'autres traces, je vous prie.{nl}	프라나스님께 알리는 게 좋겠군요. 3번 지역으로 가십시오.{nl}가시는 길에 2번 지역의 캠프에도 들려서 다른 단서가 없는 지 확인해 보십시오.{nl}				추적자 탈바시
QUEST_UNUSED_20151102_002322	S'il a disparu là où se trouvent les démons.. C'est bien malheureux, mais vous ne reverrez pas ces{nl}prêtres..	마족들이 있는 곳에서 행방불명 됐다면..{nl}안타깝지만 그 사제들은 다시 보긴 힘들 것 같습니다..				추적자 탈바시
QUEST_UNUSED_20151102_002323	Ainsi c'est vous dont la seigneure a parlé. Je parle de vous aux agents ici. J'allais en fait voir{nl}Pranas, mais je me reposais car Jali était trop fatigué. Il semble que Jali se soit trop excité car il y{nl}a par ici un endroit où l'évêque et sa compagnie séjournaient.	영주님이 말씀하신 분이군요. 제가 이 곳의 정보대원들에게 당신 소식을 전하고 있었습니다.{nl}프라나스님에게 가는 길이었는데 잘리가 너무 지쳐서 쉬는 중이었습니다.{nl}이 근처에 사라진 주교님의 일행이 머무른 곳이 있는 것 같아서 잘리가 너무 흥분한 것 같군요.				정보원 라레나
QUEST_UNUSED_20151102_002324	{nl}Jali était le chien élevé par Urbonas. Je pensais le retrouver plus vite en usant de l'odorat de Jali.{nl}Si vous cherchez la compagnie de l'évêque, pourquoi n'emmèneriez-vous pas Jali avec vous ?{nl}Pour Pranas, il aurait besoin du moindre indice.	{nl}잘리는 우르보나스님이 기르시던 강아지입니다.{nl}아무래도 냄새로 찾으면 빨리 찾을 것 같아서 데려왔지요.{nl}주교님 일행을 찾으러 가시는 길이라면 잘리를 데리고 가보시지 않겠습니까?{nl}프라나스님에겐 작은 단서라도 꼭 필요 할 겁니다.				정보원 라레나
QUEST_UNUSED_20151102_002325	J'espère qu'il y a un chien comme Jali au camp des agents aussi. Il est mignon, il obéit bien aux{nl}ordres et surtout, il cherche vraiment bien.	영주 직속 정보대에도 잘리같은 강아지가 있었으면 좋겠어요.{nl}귀엽고 말도 잘 따르고 무엇보다 수색을 정말 잘 하는 것 같아요.				정보원 라레나
QUEST_UNUSED_20151102_002326	Jali a-t-il trouvé quelque chose ? Il est certain qu'il y avait beaucoup de monde par ici.	잘리가 뭔가 찾아냈나요?{nl}이 근방에 사람들이 많았던 게 분명하군요.				정보원 라레나
QUEST_UNUSED_20151102_002327	Je suis inquiet car j'ai entendu des cris venant du côté nord des sentiers. Pouvez-vous d'abord{nl}aller au 8e district ?	오솔길 북쪽에서 비명소리가 들려서 걱정됩니다.{nl}8번 지역으로 일단 가주시겠습니까?				정보원 라레나
QUEST_UNUSED_20151102_002328	Si je trouve Pranas, je devrai retourner à Orsha et me préparer. Les agents passent d'ordinaire{nl}leur temps à errer çà et là...	프라나스님만 찾으면 전 다시 오르샤로 돌아가서 대기 해야합니다.{nl}연락병이라는 게 돌아다니다가 하루가 끝나는 직책이라서요..				추적자 센달
QUEST_UNUSED_20151102_002329	Que faites-vous ici, fuyez !	여기서 뭐하는 거야, 도망쳐!				정보원 라레나
QUEST_UNUSED_20151102_002330	Quoi ? Vous êtes venu ici chercher Pranas ? Alors nous arrivons trop tard. Pranas a été attaqué{nl}par les démons au 5e district. J'aurais dû amener les agents.	뭐요? 프라나스님을 찾으러 왔단말이오?{nl}그럼 너무 늦었습니다. 프라나스님은 5번 지역에서 마족들에게 당하셨습니다.{nl}정보대원들을 데리고 왔어야 했습니다.{nl}여신께 맹세코 신수의 날 이후로 그렇게 강한 마족은 처음봤습니다.				추적자 센달
QUEST_UNUSED_20151102_002331	{nl}Quand j'ai croisé son regard, tout ce que nous pouvions faire était de fuir. Pranas sera en danger{nl}si cela continue ainsi ! Aidez-nous !	{nl}녀석과 눈을 마주치는 순간 우리가 할 수 있는 건 도망치는 것 밖에 없었습니다.{nl}이대로는 프라나스님이 위험합니다!{nl}도와주세요!				추적자 센달
QUEST_UNUSED_20151102_002332	Nous ne pouvons rien faire. Si Pranas est attaqué, la disparition de l'évêque restera un mystère à{nl}jamais...	우리가 할 수 있는 일이 없습니다.{nl}프라나스님이 당하시면 주교님의 실종은 영영 미궁 속으로 빠질 겁니다..				추적자 센달
QUEST_UNUSED_20151102_002333	Zut.. Qui êtes-vous ? Vous m'avez sauvé. Un ou deux démons rôdaient alentour, j'allais donc{nl}fouiller le camp, mais le chef est soudain apparu..	으..{nl}누구십니까? 저를 구해주셨군요.{nl}마족 한 두마리가 어슬렁거리기에 처리하고 캠프를 수색하려 했는데{nl}갑자기 우두머리가 나타났습니다..				사제 프라나스
QUEST_UNUSED_20151102_002334	Ainsi l'ancien vous envoie ? Alors vous devez savoir que l'évêque a déjà disparu.. Je n'arrive{nl}même pas à me maîtriser, il m'est donc difficile de poursuivre les recherches. Pouvez-vous{nl}regarder alentour à ma place ?	영주님이 보내셨단 말인가요?{nl}그럼 주교님이 사라졌다는 건 이미 알고 계시겠군요..{nl}저는 제 몸하나 가누기 힘들어서 더 이상 수색활동을 하기 힘들 것 같습니다.{nl}제 대신 이 주변을 좀 확인해 주실 수 있겠습니까?				사제 프라나스
QUEST_UNUSED_20151102_002335	{nl}Si cet endroit n'existe pas, nous devrons peut-être aller dans la forêt du nord tombée en ruine. Je{nl}suis inquiet car il y a des monstres plus dangereux là-bas..	{nl}이제 여기도 없으면 우린 북쪽 폐허가 된 숲으로 가야할지도 모릅니다.{nl}거긴 더 위험한 몬스터들이 우글거리고 있어서 걱정이 됩니다만..				사제 프라나스
QUEST_UNUSED_20151102_002336	Si vous trouvez quelque chose, venez me chercher à Orsha. Je compte sur vous..	뭔가 찾으시면 오르샤로 절 찾아 오십시오.{nl}뒤를 부탁드립니다..				사제 프라나스
QUEST_UNUSED_20151102_002337	Je me suis reposé et je vais mieux. Avez-vous trouvé quelque chose ?	좀 쉬었더니 많이 나아졌습니다.{nl}뭔가 찾아오셨습니까?				사제 프라나스
QUEST_UNUSED_20151102_002338	Avec les agents, j'aide les pisteurs qui ont été engagés pour fouiller Croisement de Paupys et{nl}mener l'enquête. Mais c'est trop dur pour moi de le faire seul. Si vous avez l'occasion de{nl}traverser le 1er district, prévenez-moi après y avoir vaincu les monstres, je vous prie. Alors, je{nl}transmettrai vos bonnes intentions à l'ancien.	저는 여기서 정보원들과 고용된 추적자들이 파우피스 나루를 원활히 수색하고 조사할 수 있도록 도와주고 있습니다.{nl}하지만 혼자선 역부족이군요.{nl}1번 지역을 지날일이 있다면 그 곳에서 몬스터들을 처치하고 제게 말씀해주시면{nl}제가 영주님께 당신의 선의를 전달하겠습니다.				정보원 오르웬
QUEST_UNUSED_20151102_002339	On m'a appelé ici pendant mes vacances, je ne sais donc pas ce qui se passe.	휴가 중에 여기 불려와서 저도 뭐가 어떻게 돌아가는 지 정확히 모르겠습니다.				정보원 오르웬
QUEST_UNUSED_20151102_002340	Vous en avez vaincu autant ? Ceux du dehors sont-ils tous forts comme vous ?	그렇게 많이 처리해 주셨습니까?{nl}외지에서 오신 분들은 모두 당신처럼 강한가요?				정보원 오르웬
QUEST_UNUSED_20151102_002341	Je n'ai pas découvert exactement pourquoi les démons rôdent par ici, mais.. il y a de nombreux{nl}cercles magiques que les démons ont installés au 2e district. Si vous avez l'occasion de vous{nl}rendre au 2e district, pouvez-vous vous en débarrasser ?	여기에 왜 마족들이 돌아다니는 지 아직 정확한 원인은 파악하지 못 했습니다만{nl}2번 지역에 마족들이 설치한 마법진들이 많이 있더군요.{nl}2번 지역에 가실일이 있다면 그걸 좀 정리해주실 수 있겠습니까?				정보원 오르웬
QUEST_UNUSED_20151102_002342	Quand je suis venu ici la dernière fois pour le problème des colons.. il n'y avait rien de tel.. Que{nl}se passe-t-il ?	이주민들 문제로 제가 마지막으로 여기 왔을 땐 이런것들이 없었는데..{nl}무슨일이 벌어지고 있는 걸까요?				정보원 오르웬
QUEST_UNUSED_20151102_002343	Je ne comprends pas pourquoi ils ont installé cela. Cela ne semble pas endommagé.. C'est{nl}étrange.	대체 무슨 용도로 설치한 걸까요?{nl}별다른 피해도 없는 것 같고.. 이상한 일이군요.				정보원 오르웬
QUEST_UNUSED_20151102_002344	Les villageois du nord vont bientôt commencer à émigrer. La seigneure envisage de les faire{nl}séjourner près du 4e district. Les villageois du nord sont combatifs et il y a parmi eux des{nl}anciens qui furent jadis mercenaires, alors s'il y a un camp pour eux ils pensent pouvoir se{nl}protéger eux-mêmes.	북쪽의 마을 사람들이 곧 이주를 시작할 겁니다.{nl}영주님께선 아마 4번 지역 주변에 머물게 하실 생각이신거 같습니다.{nl}북쪽 마을 사람들은 호전적이고 용병출신 원로들도 있어서 캠프만 마련해주면{nl}스스로 지킬 수 있을거라고 생각하시는 거 같아요.				정보원 노토레스
QUEST_UNUSED_20151102_002345	{nl}Alors ils m'ont dit de vérifier si ces monstres sont de ceux dont nous pouvons nous occuper{nl}nous-mêmes Je suis quelqu'un qui rédige en réalité des documents et y appose des tampons{nl}plutôt que de mener des enquêtes, c'est donc une tâche bien trop lourde pour moi. J'ai entendu{nl}dire que vous êtes très fort. Pouvez-vous vérifier les districts 4/5 ?	{nl}그래서 저 보고 그들이 감당할 수 있을 정도의 몬스터들인지 확인해보라고 했는데{nl}저는 원래 이런 조사활동보단 책상에서 문서나 쓰고 도장이나 찍어주던 일을 하던 사람이라 도무지 감당이 안 되는 군요.{nl}당신은 꽤 강한 사람이라고 들었습니다. 4/5번 지역을 좀 확인해주실 수 있겠습니까?				정보원 노토레스
QUEST_UNUSED_20151102_002346	Je n'ai jamais tenu d'épée sauf en rejoignant l'escouade, alors je ne comprends pas pourquoi on{nl}nous envoie dans un endroit pareil.. La seigneure en demande trop.	입대 할때 빼곤 칼자루라곤 잡아본 적도 없는데 이런곳으로 보내다니..{nl}영주님은 정말 너무 하십니다.				정보원 노토레스
QUEST_UNUSED_20151102_002347	Vous dites qu'un monstre gigantesque est apparu au camp ? Je ne l'ai pas vu de mes propres{nl}yeux, mais je ne peux pas dire aux autres d'y rester. Vous êtes d'accord, n'est-ce pas ? Je{nl}compterai sur vous et je ferai un rapport.	캠프에서 그런 거대한 녀석이 나타났단 말입니까?{nl}제 눈으로 본건 아니지만 그런 곳에 사람들더러 지내라곤 할 수 없겠지요?{nl}그렇지요? 당신만 믿고 저는 보고하겠습니다.				정보원 노토레스
QUEST_UNUSED_20151102_002348	Nous faisons face à une situation difficile. Les démons que j'ai vus dans les livres pourraient{nl}apparaître à l'endroit où j'ai été dépêché.. C'est trop pour moi. Et à cause des démons que je n'ai{nl}pas vus, les monstres sont peut-être devenus violents.. Comment peuvent-ils me demander{nl}d'extraire le sang des monstres...	정말 난감합니다.{nl}책에서나 보던 마족들이 하필 제가 파견나와 있는 곳에 나타날지도 모른다니..{nl}저는 이런거 절대로 무리입니다.{nl}게다가 아직 보지도 못한 마족들 때문에 몬스터들이 흉포해 졌을지도 모르니{nl}몬스터들에게서 피를 뽑아오라뇨..				정보원 노토레스
QUEST_UNUSED_20151102_002349	Si vous avez l'occasion de visiter le 5e district, pourriez-vous y vaincre les monstres et récolter{nl}leur sang ?	5번지역에 가실 일이 있으면 그 근방의 몬스터들을 처리하시고 피를 좀 모와주실 수 있겠습니까?				정보원 노토레스
QUEST_UNUSED_20151102_002350	Je ne suis pas un lâche. Je connais simplement ma place. Je ne combats pas à l'épée ni à la lance,{nl}mais plutôt à coups de plumes et de tampons..	저는 겁쟁이가 아닙니다.{nl}제 분수를 아는 것이죠.{nl}애초에 저는 칼이나 창이 아니라 만연필과 도장으로 싸운단 말입니다..				정보원 노토레스
QUEST_UNUSED_20151102_002351	Quelle est cette odeur répugnante ? J'ignore pourquoi il m'a ordonné de récolter cela. Il sait bien..	으, 이 역겨운 냄새는 뭐죠?{nl}이런걸 저더러 어떻게 모아오라고 시킨건지 모르겠습니다.{nl}잘 알면서..				정보원 노토레스
QUEST_UNUSED_20151102_002352	Il m'est trop difficile de survivre en chassant seulement de nos jours, alors je suis descendu{nl}jusqu'ici. Nous devons continuer à vivre. En ce lieu, nous ne survivrions pas même avec plus de{nl}10 vies.	요즘같은 시기에 사냥만으론 먹고 살기 힘들어서 여기까지 흘러왔습니다만{nl}일단 목숨이 붙어 있어야 먹고 살거 아닙니까?{nl}여기 있다간 목숨이 열 개라도 모자르겠습니다.				추적자 제가우스
QUEST_UNUSED_20151102_002353	{nl}Nous avons été blessés et nous ne savons pas quand les monstres et les démons s'en prendront à{nl}nous. Pendant que nous récupérons, pouvez-vous vaincre les monstres alentour ? Comme{nl}aucun de nous n'est en état, je n'ai personne d'autre que vous à qui le demander.	{nl}우린 부상당했고 언제 또 몬스터나 마족들이 우릴 노릴 지 알 수 없습니다.{nl}우리가 기운을 차릴 동안 주변 몬스터들을 처리해 주실 수 있겠습니까?{nl}멀쩡한 사람이 없으니 당신말곤 부탁할 사람이 없습니다.				추적자 제가우스
QUEST_UNUSED_20151102_002354	Je veux jurer contre ceux qui m'ont amené ici.	절 여기 데려온 사람들에게 욕이라도 하고 싶군요.				추적자 제가우스
QUEST_UNUSED_20151102_002355	Je crois que j'ai un problème aux jambes ou aux chevilles. Si vous ne m'aviez pas aidé, je suis sûr{nl}que j'aurais été attaqué. Merci.	아무래도 다리나 발목에 문제가 있는 것 같습니다.{nl}당신이 도와주지 않았다면 여기서 발이나 질질끌다가 당해버렸을 겁니다.{nl}감사합니다.				추적자 제가우스
QUEST_UNUSED_20151102_002356	Avez-vous vu des sacs ou des bagages par ici ? Pendant notre absence, les monstres ont pris les{nl}affaires des chasseurs et des agents et se sont enfuis.	주변에서 혹시 가방이나 봇짐을 못 보셨습니까?{nl}우리가 잠시 여기서 자리를 비운 사이에 몬스터들 추적자들과 정보대원들의 물건을{nl}가지고 도망쳐 버렸습니다.				추적자 제가우스
QUEST_UNUSED_20151102_002357	{nl}Si vous avez l'occasion d'aller au 8e district, pouvez-vous chercher nos bagages ?	{nl}8번 지역에 가실 일이 있다면 저희 짐을 찾아주실 수 있겠습니까?				추적자 제가우스
QUEST_UNUSED_20151102_002358	Je suis blessé et j'ai perdu mes bagages.. Avant que vous ne proposiez de m'aider, je n'avais{nl}aucune excuse et je ne savais que faire.	부상도 심한데 짐까지 잃어버리다니..{nl}당신이 도와준다고 하기 전까진 변명거리도 없어서 머리 속이 새하옜습니다.				추적자 제가우스
QUEST_UNUSED_20151102_002359	Merci infiniment ! Bien que je ne les aie pas tous récupérés, je crois avoir maintenant quelque{nl}chose à dire !	정말 감사합니다! 다 되찾은건 아니지만 이 정도면 저도 할말은 생기겠군요!				추적자 제가우스
QUEST_UNUSED_20151102_002360	Je peux tout juste nous débrouiller maintenant. Tout cela grâce à votre aide. Bien que je ne sois{nl}pas doué, j'ai traduit le journal de l'évêque, voulez-vous l'entendre ?	겨우 몸을 가눌 수 있게 되었군요.{nl}이 모든게 당신이 구해주신 덕분입니다.{nl}제가 미약하지만 주교님의 일지를 해석을 해보았으니 들어주시겠습니까?				사제 프라나스
QUEST_UNUSED_20151102_002361	Quand je traduis le journal de l'évêque, je peux lire quelque chose comme ceci.	주교님의 일지를 해석해보면 이런 내용이 나옵니다.				사제 프라나스
QUEST_UNUSED_20151102_002362	{nl}{nl}Si le monde sombre dans le chaos, un étranger désigné par les déesses viendra à Orsha. Mais cet{nl}étranger arrivera avec d'autres étrangers. Il est de notre destin de le trouver et de le guider.{nl}Parmi de nombreux étrangers, nous devons chercher celui que nous attendons.	{nl}{nl}세상이 혼란해 지면 여신께서 안배하신 이방인이 오르샤에 방문할 것이다.{nl}하지만 이 이방인은 다른 이방인들과 뒤섞여 들어올 것이다.{nl}그를 찾아내어 인도하는 것이 우리 교단의 숙명이다.{nl}수 많은 이방인 중에 우리가 찾는 오직 한 명을 찾아야 한다.				사제 프라나스
QUEST_UNUSED_20151102_002363	{nl}Avant même que nous soyons prêts, les démons poursuivent le juste. Je me dirige vers la Prison{nl}souterraine d'Ashaq avec mes prêtres. Là, j'attendrai le Révélateur.	{nl}우리가 준비를 채 마치기도 전에 마족들이 우를 좇고 있다.{nl}나는 내 사제들과 아샤크 지하 감옥으로 향한다.{nl}그곳에서 여신께서 안배해주신 오직 한 명, 계시자를 기다릴 것이다.				사제 프라나스
QUEST_UNUSED_20151102_002364	{nl}{nl}Nous n'avons pas eu assez de temps pour le transmettre à Inessa et aux prêtres qui sont sortis. Si{nl}quelqu'un découvre ce journal, remettez-le à Inesa Hamondale, je vous prie.	{nl}{nl}이네사와 외지에 나가있는 제자들에게 전달하기엔 시간이 너무도 촉박했다.{nl}이 일지를 누군가 발견한다면 이네사 헤먼대일, 오르샤 영주에게 전달해다오.				사제 프라나스
QUEST_UNUSED_20151102_002365	{nl}{nl}Je comprends maintenant. Être poursuivi par les démons ! C'est un grave problème. Nous{nl}ferions bien d'en informer la seigneure !	{nl}{nl}이런 내용이군요.{nl}마족에게 좇기고 있다니! 큰일입니다.{nl}이 사실을 어서 영주님께 말씀드려야 합니다!				사제 프라나스
QUEST_UNUSED_20151102_002366	Urbonas était poursuivi par les démons ! L'Ashaq Prison souterraine a été fermée pendant{nl}longtemps. J'ignore ce qu'ils cherchent à faire..	우르보나스님이 마족에게 좇기고 있다니요!{nl}아샤크 지하 감옥이라면 아주 먼 옛날부터 폐쇄된 곳 입니다.{nl}그런 곳으로 숨으셔서 뭘 어쩌시려는 건지 모르겠군요..				이네사 해먼데일
QUEST_UNUSED_20151102_002367	{nl}Quelqu'un doit y aller maintenant !	{nl}당장 그곳으로 누군가 가야합니다!				이네사 해먼데일
QUEST_UNUSED_20151102_002368	Je vais me préparer à aller à la Prison souterraine d'Ashaq. Je veux que vous le disiez vite à la{nl}seigneure !	저는 아샤크 지하 감옥으로 떠날 준비를 하겠습니다.{nl}당신은 어서 빨리 영주님께 이 사실을 전달해 주십시오!				사제 프라나스
QUEST_UNUSED_20151102_002369	Il faudrait longtemps pour y envoyer mes subordonnés. Je suis désolée, mais pouvez-vous vous{nl}rendre à la Prison souterraine d'Ashaq où se trouvent Pranas et Urbonas ? Je ne peux pas bouger{nl}et cela m'étouffe..	제 직속 부하들을 그곳으로 보내려면 시간이 한참 걸릴겁니다.{nl}죄송하지만 당신이 프라나스님과 우르보나스님이 계신 아샤크 지하 감옥으로 가주실 수 있겠습니까?{nl}영주인 제가 움직일 수도 없는 노릇이고 답답하군요..				이네사 해먼데일
QUEST_UNUSED_20151102_002370	Si vous êtes le Révélateur dont Urbonas a parlé, nous ferions mieux d'aller vite le retrouver.{nl}Cependant, même pressé, vous devriez être bien préparé, alors allez voir le marchand d'objets.{nl}J'ai préparé des marchandises que vous saurez bien utiliser.	당신이 우르보나스님이 말씀하신 여신이 안배해주신 계시자라면 한시 바삐 우르보나스님께 가야합니다.{nl}하지만 아무리 바빠도 준비는 철저히 하셔야하니 잡화상인에게 가보십시오.{nl}제가 당신이 요긴하게 쓰실 보급품을 준비해 두었습니다.				이네사 해먼데일
QUEST_UNUSED_20151102_002371	{nl}Si vos préparatifs sont terminés, ne venez pas me voir, allez plutôt retrouver Pranas et partez{nl}pour la Prison souterraine d'Ashaq !	{nl}준비가 끝나면 제게 오지 마시고 바로 프라나스님과 만나서 아샤크 지하 감옥으로 향해 주십시오!				이네사 해먼데일
QUEST_UNUSED_20151102_002372	Je l'ai préparé vite puisque la seigneure a envoyé du monde. Je devrais vous donner un meilleur{nl}objet, mais comme nous sommes pressés, servez-vous-en je vous prie. En utilisant une enclume,{nl}vous pourrez améliorer votre arme.	영주님이 사람을 보내셔서 급하게 준비했어요.{nl}좀 더 좋은 물건을 드려야하는 데 급한데로 이거라도 써보세요.{nl}모루를 사용하시면 무기를 강화하실 수 있어요.				잡화상인
QUEST_UNUSED_20151102_002373	Si les démons blessent Urbonas, la prochaine cible sera Orsha. Nous devons faire de notre mieux{nl}pour sauver Urbonas !	마족들이 우르보나스님을 해친다면 그 다음은 당연히 인근의 오르샤겠지요.{nl}무슨 수를 써서든 우르보나스님을 구해야합니다!				이네사 해먼데일
QUEST_UNUSED_20151102_002374	Vos paroles sont justes. La région du nord où je séjournais est tombée en ruine à cause des{nl}démons. Le prochain endroit sera probablement la région du sud.	영주님의 말이 맞습니다.{nl}제가 있었던 북부 지방은 마족들에 의해 폐허가 된지 오랩니다.{nl}아마 다음은 남부 지방이겠지요.				사제 프라나스
QUEST_UNUSED_20151102_002375	{nl}Orsha est la base de la partie sud du royaume. Je suis sûr que les démons feraient quelque chose.{nl}Venez avec moi à la Prison souterraine d'Ashaq pour sauver Urbonas, je vous prie !	{nl}오르샤는 왕국 남부의 거점입니다.{nl}우르보나스님을 잡은 마족들이 손을 뻗을 게 분명합니다.{nl}저와 함께 우르보나스님을 구하러 아샤크 지하 감옥으로 가주십시오!				사제 프라나스
QUEST_UNUSED_20151102_002376	Je vais aller demander de l'aide aux pisteurs. Si vous êtes prêt, venez à la région xx qui mène à la{nl}Prison souterraine d'Ashaq, à Croisement de Paupys, je vous prie.	저는 이길로 추적자들에게 도움을 요청하러 가겠습니다.{nl}당신도 준비가 되면 파우피스 나루의 아샤크 지하 감옥으로 가는 xx 지역으로 와 주십시오.				사제 프라나스
QUEST_UNUSED_20151102_002377	Ce sont tous des pisteurs expérimentés qui m'aideraient. Mais ce ne sera pas suffisant à nous{nl}seuls. C'est une telle chance que vous soyez venu avec nous.{nl}	여긴 저를 도와줄 제일 노련한 추적자들입니다.{nl}하지만 우리들만으론 부족할 것 입니다.{nl}당신이 함께 와주셔서 다행입니다.{nl}				사제 프라나스
QUEST_UNUSED_20151102_002378	Je sens une énergie sinistre venir de la direction de la Prison souterraine. Si vous êtes prêt,{nl}rendons-nous à la Prison souterraine d'Ashaq.	지하 감옥 방향에서 불긴한 기운이 뿜어져 나오는 게 느껴집니다.{nl}준비가 되시면 아샤크 지하 감옥으로 출발합시다.				사제 프라나스
QUEST_UNUSED_20151102_002379	Je partirai d'abord avec les poursuivants. Suivez-nous immédiatement, je vous prie.	저는 추적자들과 먼저 출발하겠습니다.{nl}바로 따라와 주십시오.				사제 프라나스
QUEST_UNUSED_20151102_002380	J'ai l'impression que quelque chose d'inconnu m'étouffe. Je ne peux même pas respirer. Au fait,{nl}allez-vous bien ?	알 수 없는 뭔가가 목을 조여오는 것 같습니다.{nl}숨조차 쉬기 힘들군요.{nl}그런데 당신은 괜찮으십니까?				사제 프라나스
QUEST_UNUSED_20151102_002381	{nl}Vu que vous êtes libre à l'intérieur, je suppose que les déesses veillent vraiment sur vous.	{nl}당신만이 이 안에서 자유로운 걸 보니 정말 여신이 보살피고 있는 것 같군요.				사제 프라나스
QUEST_UNUSED_20151102_002382	Je suis venu ici plusieurs fois quand je m'entraînais autrefois. Mais je n'ai jamais eu l'impression{nl}que quelque chose m'étouffait. Il en va de même pour ce brouillard sinistre.	이곳은 수련사제로 지낼때 몇 번 와본적이 있었습니다.{nl}하지만 이런 숨을 죄여오는 느낌을 받은 적은 없습니다.{nl}저 불긴한 안개도 마찬가지구요.				사제 프라나스
QUEST_UNUSED_20151102_002383	{nl}Puisque vous semblez indemne, pouvez-vous aller au 2e district et voir ce qui se passe ?	{nl}당신은 자유로우신것 같으니 2번 지역으로 가셔서 주변에서 무슨일이 있는지{nl}확인해주실 수 있겠습니까?				사제 프라나스
QUEST_UNUSED_20151102_002384	Ce sentiment est comme une malédiction.	이 느낌은 흡사 저주같군요.				사제 프라나스
QUEST_UNUSED_20151102_002385	Je n'ai jamais vu une icône d'une telle forme. Je crois que les démons ont un autre objectif. Je ne{nl}peux rien faire pour le moment, je vous suis donc très reconnaissant d'avoir détruit l'icône à ma{nl}place.	그런 모양의 우상은 본적도 들은 적도 없습니다.{nl}아무래도 마족들이 뭔가 수작을 부린게 분명합니다.{nl}손가락 하나 까딱할 수 없었는데 당신이 그 우상을 파괴하니{nl}이제 좀 편해졌습니다.				사제 프라나스
QUEST_UNUSED_20151102_002386	{nl}Il est possible que l'évêque et ses frères se cachent dans la pièce secrète. Comme nous ne{nl}pouvons rien faire, vous devriez y aller seul. Cela ira pour vous ?	{nl}주교님과 그 형제들은 아마 이 곳의 숨겨진 방에 숨어있을 가능성이 있습니다.{nl}우린 아무 것도 할 수 없으니 당신 혼자서 그곳으로 가주셔야 합니다.{nl}괜찮으시겠습니까?				사제 프라나스
QUEST_UNUSED_20151102_002387	Si possible, je veux que vous éliminiez toutes les icônes. Si elles restent, nous ne pouvons pas{nl}fuir même si nos frères sont vivants.	가능하면 방금 처리하신 우상들을 모두 제거 해주십시오.{nl}그게 남아있는 한 형제들이 살아있더라도 도망칠 수 없습니다.				사제 프라나스
QUEST_UNUSED_20151102_002388	Cet endroit est vieux et labyrinthique, alors si nous prenons le mauvais chemin, nous ne{nl}pourrons peut-être pas monter. Soyez prudent.	이 곳은 오래된대다 복잡하여 길을 잘 못 들면 다시는 지상으로 나갈 수 없을 수도 있습니다.{nl}조심하십시오.				사제 프라나스
QUEST_UNUSED_20151102_002389	Ainsi vous êtes venu ici avec Pranas ? Vous êtes entré dans un lieu mortel afin de me sauver.. J'ai{nl}bien trop de peine à voir mes disciples morts. Récemment, alors que mon disciple, Iruma,{nl}s'entraînait, il a trouvé une feuille d'ordres. Elle contenait les plans des démons pour anéantir{nl}Orsha.	프라나스와 여기 왔단 말입니까?{nl}스승을 구하기 위해 사지로 뛰어들다니.. 죽은 제자들을 볼 면목이 없습니다.{nl}얼마 전 제 제자인 이르마가 수행하던 중 마족녀석을 처리하면서 명령서를 발견했습니다.{nl}오르샤 지역을 멸망시킬 마족들의 계획이 담긴 문서였지요.				우르보나스
QUEST_UNUSED_20151102_002390	{nl}J'ai rassemblé mes disciples et rencontré Irma pour tenter d'analyser le document. Mais depuis{nl}lors nous sommes constamment attaqués par les démons. Le document dit que la Déesse{nl}démone Giltine tente de tuer tous les Révélateurs. Notre ordre est donc venu ici se cacher et se{nl}préparer à rencontrer et guider le Révélateur prédestiné.	{nl}저는 제 제자들을 불러 한 밤중에 이르마와 만나서 그 문서를 분석해 보았습니다.{nl}그 뒤로 우린 계속 마족들의 추격을 받게되었습니다.{nl}문서의 내용을 해석해 보니 마신 길티네가 모든 계시자들을 죽이라는 내용이 있더군요.{nl}그래서 우리 교단이 준비해온 계시자를 맞이하고 인도하기 위해 우린 이곳으로 숨었습니다.				우르보나스
QUEST_UNUSED_20151102_002391	{nl}{nl}Nous n'avions cependant aucun moyen de prévenir la Seigneure Inesa. Si nous laissions la{nl}moindre trace, les démons nous trouveraient et nous pensions que ce serait notre fin. Mes{nl}disciples et moi avons fini par nous cacher ici, à tenter d'éviter les démons. Mais il y a une chose{nl}qui nous a échappé.	{nl}{nl}하지만 영주인 이네사에게 전달할 방법이 없었습니다.{nl}흔적을 남기면 마족들에게 추격을 받게 될 것이고 그렇게되면 우린 그걸로 끝장이라고 생각했습니다.{nl}그 후 저와 제자들은 마족의 추격을 피해 이곳까지 몰래 숨어들었습니다.{nl}하지만 간과하고 있는 게 있었습니다.				우르보나스
QUEST_UNUSED_20151102_002392	{nl}Nous étions poursuivis non pas par un démon ordinaire, mais par un Seigneur démon. Ce{nl}Seigneur démon, Marnox, a érigé des statues de lui-même pour contrôler la prison et a lancé ses{nl}vassaux à nos trousses pour nous empêcher de fuir. Nous pensions que c'en serait bientôt fini de{nl}nous.	{nl}우리를 뒤좇는 건 일반적인 마족이 아니라 마군주였습니다.{nl}마르녹스라는 이 마군주는 우리가 여기서 빠져나갈 수 없게 자신의 우상을 통해{nl}이 감옥을 지배하고 자신의 부하들을 풀어서 우리를 구석으로 몰아넣었습니다.{nl}이제 끝이라고 생각하고 있었습니다.				우르보나스
QUEST_UNUSED_20151102_002393	{nl}Les prêtres se cachent aux étages 2 et 3. Quelques prêtres ont disparu, et Irma et moi avons{nl}croisé Marnox en tentant de fuir la pièce secrète où nous avions caché les Ordres démoniaques.{nl}Irma a été capturée par Marnox, tandis que j'ai réussi à m'échapper et j'étais désormais prêt à{nl}mourir.	{nl}제 사제들은 지하 2층과 3층에 숨어있습니다.{nl}몇몇 사제들은 행방불명 되었고 이르마는 저와 마족 문서를 지하 3층의 숨겨진 방에 숨겨두고 이곳을 탈출하려다가 마르녹스와 마주쳤습니다.{nl}이르마는 마르녹스에게 붙잡혔고 저는 여기로 도망쳐서 죽을 준비를 하고 있었습니다.				우르보나스
QUEST_UNUSED_20151102_002394	{nl}Mais si Inesa vous a envoyé ici, il reste de l'espoir. Il ne fait aucun doute que vous êtes le{nl}Révélateur que nous attendions.	{nl}하지만 이네사가 당신을 보낸걸 보니 아직 희망이 있군요.{nl}당신은 우리가 기다려온 계시자인게 분명합니다.				우르보나스
QUEST_UNUSED_20151102_002395	Si vous êtes un Révélateur, avancez sur notre cercle magique. Si votre statut est confirmé, alors{nl}vous pourrez affronter le Seigneur démon.	당신이 계시자라면 우리가 준비해둔 마법진에 올라서십시오.{nl}계시자가 맞다면 마군주와 맞설 수 있을 겁니다.				우르보나스
QUEST_UNUSED_20151102_002396	N'ayez pas peur. Les déesses vous guideront.	두려워 마십시오.{nl}여신께서 당신을 이끄실 겁니다.				우르보나스
QUEST_UNUSED_20151102_002397	Les efforts de notre ordre n'ont pas été vains. Révélateur...	우리 교단의 노력이 헛되지 않았습니다.{nl}계시자시여..				우르보나스
QUEST_UNUSED_20151102_002398	{nl}Vous seul pouvez affronter Seigneur démon Marnox maintenant. Sauvez nos prêtres et le{nl}peuple d'Orsha, je vous en prie.	{nl}마군주 마르녹스와 대적할 사람은 이제 당신 밖에 없습니다.{nl}부디 제 사제들과 오르샤를 구해주십시오.				우르보나스
QUEST_UNUSED_20151102_002399	Révélateur, grâce à vous qui avez détruit les statues, Pranas peut de nouveau se déplacer. Je suis{nl}vieux et je ne serai qu'un fardeau pour vous ; allez avec Pranas et Irma sauver les prêtres. Je vous{nl}en prie.	계시자여 당신이 우상들을 제거한 덕분에 이제 프라나스가 움직일 수 있을 겁니다.{nl}저는 노쇄하여 방해만 되태니 프라나스와 함께 이르마와 제 사제들을 구해주십시오.{nl}부탁드립니다.				우르보나스
QUEST_UNUSED_20151102_002400	Je ne peux pas m'échapper seul en laissant les prêtres derrière. Nous devons trouver les Ordres{nl}démoniaques. Nous devons les analyser et découvrir les plans d'invasion des démons.	사제들을 놔두고 저 혼자 도망칠 순 없습니다.{nl}마족 명령서를 꼭 회수해야합니다.{nl}거기에 해석하지 못 한 부분을 해석하여 마족들의 침공계획을 확인해야 합니다.				우르보나스
QUEST_UNUSED_20151102_002401	L'évêque est vivant ! Je suis si heureux de l'apprendre. Et vous êtes vraiment un Révélateur. Les{nl}déesses sont de notre côté.	주교님이 살아계셨군요!{nl}정말 다행입니다.{nl}그리고 역시 당신이 계시자였군요.{nl}여신이 우릴 돕고 계십니다.				사제 프라나스
QUEST_UNUSED_20151102_002402	Une énergie sinistre plane sur cet endroit. Malgré tout, je veux être utile à notre employeur... Je{nl}sais que vous devez être occupé, mais si vous allez vers la région 1, voudriez-vous y vaincre{nl}quelques démons et me rapporter quelque chose ? Quelque chose de sûr.	여기 들어오니 오싹한 기운이 감도는 군요.{nl}그래도 보수를 받고 하는 일이니 좀 더 고용주에게 도움이 되는 일을 하고 싶은데..{nl}바쁘시겠지만 1번 지역에 갈 일이 있다면 그곳에서 마족들을 처치해서{nl}뭔가 모아다 주실 수 있겠습니까?{nl}안전해보이는 걸로 부탁드립니다.				추적자 토르바나
QUEST_UNUSED_20151102_002403	Vous semblez en meilleur état que nous.	당신은 우리들과 다르게 멀쩡해 보이는 군요.				추적자 토르바나
QUEST_UNUSED_20151102_002404	J'ignore ce qu'ils en feront mais au moins on n'aura pas l'impression que je me tourne les{nl}pouces. Merci.	이걸로 그들이 뭘 할지는 모르지만 적어도 제가 쉬엄쉬엄 일을 했다는 인상은 주지 않을 것 같습니다.{nl}감사합니다.				추적자 토르바나
QUEST_UNUSED_20151102_002405	Tous les agents dehors m'ont demandé de leur rapporter quelque chose. Honnêtement, ces{nl}choses ne m'intéressent pas... Mais puisqu'ils l'ont demandé, je suppose que je devrai le faire.	바깥에서 만난 정보원들이 하나같이 뭔가 찾게되면 가져와달라고 하더군요.{nl}전 솔직히 그런것들엔 관심이 없습니다만..{nl}그래도 부탁받은 일이니 하긴 해야할 것 같습니다.				추적자 토르바나
QUEST_UNUSED_20151102_002406	{nl}Je vais chercher ce que je peux ; si vous croisez des démons dans la région 2 voudriez-vous leur{nl}prendre quelque chose vous aussi ?	{nl}저도 제 나름 찾아볼태니 당신도 2번 지역에서 마족들을 상대할 일이 있다면{nl}녀석들에게 뭔가 구해다 주시지 않겠습니까?				추적자 토르바나
QUEST_UNUSED_20151102_002407	Ne vaudrait-il pas mieux capturer les démons, cependant ? À supposer, bien sûr, que vous{nl}puissiez les attraper.	그런데 마족들이 사용하던 것보단 마족을 생포하는 게 더 좋지 않을까요?{nl}물론 생포할 수 있다는 전제하에 말이죠.				추적자 토르바나
QUEST_UNUSED_20151102_002408	Un morceau de bois. Est-ce une amulette ? Je me demande ce qu'ils peuvent en faire... Enfin,{nl}c'est mieux que rien.	나무 조각이군요.{nl}부적같은 건가? 이런거로 그들이 뭘 할 수 있을지 조금 궁금하긴 합니다만..{nl}뭐 없는 것보단 낫겠죠.				추적자 토르바나
QUEST_UNUSED_20151102_002409	J'entends dire par les agents que les démons transportent une sorte de sac avec eux. Je me{nl}demande si ces sacs n'ont pas un rapport avec leur capacité à vivre dans ces conditions atroces.{nl}Si vous allez dans la région 3, procurez-vous-en après avoir vaincu les démons et essayez{nl}d'utiliser les sacs. Qui sait, ils pourraient vous être utiles à vous aussi.	정보대원들에게 들은 건데 마족 녀석들이 품속에 넣고 다니는 이상한 꾸러미가 있다고 합니다.{nl}저녀석들이 이런 불쾌한 환경에서도 멀쩡히 돌아다니는 건 어쩌면 그 꾸러미에 뭔가 있는 게 아닐까요?{nl}3번 지역에 들리실 일이 있다면 녀석들을 처치하고 그 꾸러미를 충분히 모아서 사용해 보십시오.{nl}어쩌면 당신에게도 쓸모있을지 누가 압니까?				추적자 다라마우스
QUEST_UNUSED_20151102_002410	Je suis venu aider aux travaux d'entretien et voyez ce qui a failli arriver. On ne peut vraiment{nl}faire confiance à personne hors de l'église.	보수를 열 배로 쳐준다기에 따라 들어왔다가 하마터면 큰일날뻔 했군요.{nl}사제들 말은 성당 밖에선 믿어선 안 되겠습니다.				추적자 다라마우스
QUEST_UNUSED_20151102_002411	Cela pourrait être très utile. Je devrais le montrer aux agents dès que je serai dehors.	이거 꽤 요긴하게 쓰이겠군요.{nl}바깥에 나가거든 추적자들에게 보여줘야겠습니다.				추적자 다라마우스
QUEST_UNUSED_20151102_002412	Les frères se cachent donc tous à l'étage inférieur. Allons-y, alors.	형제들이 모두 아래층에 숨어있다는 말이군요.{nl}그럼 아래층으로 바로 가시죠.				사제 프라나스
QUEST_UNUSED_20151102_002413	Si Draznie et Auranas sont saufs, cela signifie que les autres frères peuvent encore être en vie.{nl}Mais c'est la même chose ici. Il y a des idoles maudites partout. Nous devons vraiment nous en{nl}débarrasser au plus vite...{nl}	드라즈니에와 아우라나스가 무사한걸 보니 다른 형제들도 아직 살아있을 수 있겠군요.{nl}하지만 여기도 마찬가지군요.{nl}사방에 저주의 우상들이 심어져있는 것 같습니다.{nl}이걸 빨리 없애야할 탠데..{nl}				사제 프라나스
QUEST_UNUSED_20151102_002414	D'après Draznie, il y a un totem maudit dans la région 2. Voulez-vous l'abattre ? Il sera plus{nl}facile de chercher Irma dans la région 3 ensuite.	드라즈니에의 말에 의하면 2번 지역에 저주 토템이 있다고 합니다.{nl}그걸 제거해 주실 수 있겠습니까?{nl}그러면 3번 지역에서 실종된 이르마를 찾기 수월할 겁니다.				사제 프라나스
QUEST_UNUSED_20151102_002415	L'évêque tient beaucoup à Irma. Il faut qu'elle soit en vie...	이르마는 주교님이 특별히 아끼는 아이였습니다.{nl}꼭 살아있으면 좋겠군요..				사제 프라나스
QUEST_UNUSED_20151102_002416	Vous avez détruit la statue ? C'est un tel soulagement de l'entendre.	우상을 파괴하셨습니까?{nl}몸이 조금 가벼워 지는 게 느껴집니다.				사제 프라나스
QUEST_UNUSED_20151102_002417	Cherchez maintenant les traces d'Irma dans la région 3, je vous prie. Espérons qu'elle soit encore{nl}en vie...	이제 3번 구역에서 이르마의 흔적을 찾아주십시오.{nl}꼭 살아있으면 좋겠군요..				사제 프라나스
QUEST_UNUSED_20151102_002418	Révélateur, vous êtes le seul sur qui notre ordre puisse compter. Il en va de même pour la{nl}seigneure et les habitants d'Orsha.	여기서 계시자인 당신 말고는 우리 교단이 의지할 사람이 없습니다.{nl}그건 바깥의 영주님과 영주민들도 마찬가지구요.				사제 프라나스
QUEST_UNUSED_20151102_002419	Que s'est-il passé... ? Je croyais que le Seigneur démon m'avait tuée... Où sommes-nous ?	어떻게 된 일인가요..{nl}전 분명 마군주에게 붙잡혀서 죽었다고 생각했는데..{nl}그나저나 여긴 어디죠?				사제 이르마
QUEST_UNUSED_20151102_002420	Ainsi les statues étaient la raison pour laquelle nous ne pouvions pas bouger. Je les ai vues dans{nl}les régions 4 et 5 quand l'évêque et moi tentions d'éviter le Seigneur démon. Celles que j'ai vues{nl}avaient l'air un peu différentes, mais il semble que Marnox les ait installées pour nous{nl}espionner.	우릴 옴짝달싹 못 하게 만드는 게 그 우상 때문이었군요.{nl}주교님과 제가 마군주를 피해 달아나다가 4번과 5번 지역에서 그 우상들을 보았습니다.{nl}제가 본건 조금 다르게 생긴 우상이었는데 아무래도 그게 마르녹스가 우릴 감시하기 위해 설치해 둔 것 같습니다				사제 이르마
QUEST_UNUSED_20151102_002421	{nl}Voudriez-vous abattre les statues des régions 4 et 5 ? Sinon, où que nous allions, nous{nl}n'échapperons jamais à l'emprise de Marnox...	{nl}4번과 5번 지역에서 그 우상들을 처리해 주실 수 있겠습니까?{nl}그걸 처리 못 하면 우리는 어딜 가건 마르녹스의 손아귀에서 벗어날 수 없을 겁니다..				사제 이르마
QUEST_UNUSED_20151102_002422	Avant d'être capturée par le Seigneur démon, l'évêque m'a tout raconté du destin de notre ordre.{nl}Révélateur, je suis vraiment heureuse de vous avoir rencontré.	이곳에 도착하여 제가 마군주에게 붙잡히기 전 까지, 주교님은 우리 교단의 숙명을 상세하게 알려주셨습니다.{nl}계시자님, 당신과 만나게 되어 정말 다행입니다.				사제 이르마
QUEST_UNUSED_20151102_002423	Irma est descendue au troisième étage. Elle m'a dit de vous y envoyer à votre retour.	이르마는 3층으로 내려갔습니다.{nl}당신이 돌아오면 그곳으로 보내달라고 하더군요.				사제 프라나스
QUEST_UNUSED_20151102_002424	{nl}Je ne crois pas pouvoir bouger d'ici. Je crains que vous ne deviez y aller seul.	{nl}저는 여기서 더 못 움직일 것 같습니다.{nl}아무래도 당신 혼자 가야할 것 같군요.				사제 프라나스
QUEST_UNUSED_20151102_002425	Irma a dit qu'elle allait au troisième étage chercher Gelija. C'est la sœur d'Irma, je n'ai même pas{nl}pu tenter de l'arrêter. Elle sait que nous ne pouvons rien faire sans vous ici, j'ignore pourquoi{nl}elle se comporte ainsi.	이르마는 3층에서 헤어진 겔리야를 찾으러 간다고 했습니다.{nl}겔리야와 이르마는 친자매이기 때문에 제가 말릴 수가 없었습니다.{nl}계시자인 당신 없이는 우리가 할 수 있는 건 고작 숨쉬는 것 정도인데{nl}무슨 생각으로 그러는 지 모르겠군요.				사제 프라나스
QUEST_UNUSED_20151102_002426	{nl}Trouvez Irma avant que le Seigneur démon ne la retrouve.	{nl}이르마가 또 마군주에게 붙잡히기 전에 그녀를 찾아 주십시오.				사제 프라나스
QUEST_UNUSED_20151102_002427	Irma me l'a dit. Que vous étiez venu jusqu'ici depuis Orsha pour nous retrouver. Je n'ai plus{nl}peur maintenant que je sais qu'un Révélateur est avec nous.	이르마에게 이야기는 들었습니다.{nl}오르샤부터 우리를 찾아 여기까지 와주셨군요.{nl}계시자와 함께라니 이제 무섭지 않습니다.				사제 겔리야
QUEST_UNUSED_20151102_002428	Irma est trop imprudente et c'est un problème.	이르마는 너무 당돌해서 문제에요.				사제 이르마
QUEST_UNUSED_20151102_002429	L'évêque était très inquiet. Il y avait bien sûr bien d'autres endroits qu'ici pour rencontrer un{nl}Révélateur. Draznie et moi étions chargés de cette prison, nous y avons donc fait bien des{nl}préparatifs en prévision d'une crise future.	주교님은 걱정이 많으신 분이셨습니다.{nl}계시자를 맞이할 준비를 한 곳은 여기 말고도 많았죠.{nl}그 중에서 아샤크 지하 감옥은 저와 드라즈니에가 맡아서 이곳에서 위기에 쳐할 때를 대비해서 많은 준비를 해두었습니다.				사제 아우라나스
QUEST_UNUSED_20151102_002430	{nl}À l'origine nous comptions simplement éviter tout ennemi difficile, mais puisque vous êtes là{nl}nous devrions user de nos outils cachés. J'ai laissé quelques sacs de poudre de perle dans la{nl}région 1. Si vous récoltez cette poudre nous pourrons l'utiliser contre les démons. Je vous dirai{nl}comment quand vous aurez rapporté la poudre.	{nl}원래라면 상대하기 힘든 적들은 피해서 숨어있을 생각이었지만 계시자님이 오셨으니{nl}숨겨둔 도구들을 적극적으로 활용해야겠습니다.{nl}1번 지역에 비축해둔 포대엔 반짝이는 진주가루가 담겨 있습니다.{nl}이걸 잘 모으면 마족들에게 요긴하게 쓸 수 있죠.{nl}자세한 설명은 다 모아오시면 드리겠습니다.				사제 아우라나스
QUEST_UNUSED_20151102_002431	Une fois de plus je suis émerveillé par la clairvoyance de notre évêque. S'il n'avait pas préparé{nl}cela, nous aurions été livrés aux mains des démons. J'espère que les frères disparus sont dans les{nl}autres cachettes que nous avons préparées.	다시 한 번 주교님의 선견지명에 감탄했습니다.{nl}이런 준비가 없었다면 우린 여기서 아무것도 못하고 마족들 손에 당하고 말았겠죠.{nl}아마 실종된 형제들도 저희가 준비해둔 은신처에 숨어있을 겁니다.				사제 아우라나스
QUEST_UNUSED_20151102_002432	C'est plus que suffisant. Merci.	이정도면 충분히 사용하고도 남을 양이군요.{nl}고생하셨습니다.				사제 아우라나스
QUEST_UNUSED_20151102_002433	Les démons ne sont pas de simples monstres ; ils semblent avoir une hiérarchie de{nl}commandement. Les plus forts commandant les plus faibles. Je me demande si vaincre les plus{nl}forts ne faciliterait pas l'élimination des autres.	마족들은 단순한 몬스터가 아니라 저마다의 지휘체계를 가지고 있는 것 같습니다.{nl}좀 더 강한 녀석이 약한 녀석을 지휘하는 것 같더군요.{nl}아마 강한 녀석들을 처치하면 나머지 녀석들도 쉽게 처리할 수 있을 겁니다.				사제 아우라나스
QUEST_UNUSED_20151102_002434	{nl}Prenez cette poudre de perle et utilisez-la chaque fois que vous verrez un démon. La lumière qui{nl}en émane désignera les monstres démoniaques les plus puissants afin que vous sachiez qui ils{nl}sont.	{nl}이제 이 진주가루를 가지고 다니시다가 멀리서 마족을 발견하면 사용해 보십시오.{nl}진주가루에서 나온 빛이 강한 마족 몬스터에게 날아가서 발견하기 쉽게 해줄 겁니다.				사제 아우라나스
QUEST_UNUSED_20151102_002435	Nous ignorons encore si quelqu'un mène les démons mais si nous les abattons un par un, le{nl}monde ne redeviendra-t-il pas sûr ?	마족들의 배후에 누가 있는진 아직 알 수 없습니다만{nl}하나씩 처리하면 예전처럼 안전한 세상이 되지 않을까요?				사제 아우라나스
QUEST_UNUSED_20151102_002436	Merci. Vous êtes-vous bien occupé des démons ? Bien d'autres choses ont été préparées mais{nl}c'est tout ce que j'ai... Draznie devra s'occuper du reste.	수고하셨습니다.{nl}마족들은 잘 처리하셨나요?{nl}이것 말고도 준비해 둔게 많은데 제가 준비한 건 이거 말곤 없군요..{nl}나머지는 저와 드라즈니에가 어떻게든 해보겠습니다.				사제 아우라나스
QUEST_UNUSED_20151102_002437	Auranas et moi avons trouvé plusieurs endroits sûrs autour de cette prison. Bien sûr, celui où{nl}nous sommes n'en fait pas partie. Je me cachais dans la région 3 mais le Seigneur démon est{nl}venu avec ses vassaux inspecter la zone. J'ai dû abandonner toutes mes affaires et m'enfuir.	저와 아우라나스는 이곳 지하 감옥의 여러곳에 안전한 장소를 물색해 두었습니다.{nl}물론 지금 우리가 서 있는 이곳은 아닙니다.{nl}3번 지역에서 숨어있었는데 마군주가 부하들을 이끌고 그곳을 수색하더군요.{nl}가지고 있던 것들은 모두 내팽개치고 간신히 몸만 빠져나왔습니다.				사제 드라즈니에
QUEST_UNUSED_20151102_002438	{nl}Nous devrions retrouver cet endroit si nous comptons rester ici un peu plus longtemps... Mais{nl}comme vous le voyez, nous ne pouvons que fuir. Si cela vous convient, voudriez-vous nettoyer{nl}la région 3 ?	{nl}이곳에 좀 더 오래 머무르려면 그곳을 다시 되찾는 게 좋을 것 같은데..{nl}보시는 것처럼 저희가 할 수 있는 건 도망치는 것 밖에 없군요.{nl}괜찮으시다면 3번 지역을 정리해주실 수 있겠습니까?				사제 드라즈니에
QUEST_UNUSED_20151102_002439	Je suppose que les démons ne s'attendaient pas à ce que nous nous cachions là...	마족 녀석들도 우리가 설마 그런곳에 숨어있을 거라고 생각도 못 했겠죠..				사제 드라즈니에
QUEST_UNUSED_20151102_002440	{nl}Le problème, c'est que nous ne nous attendions pas non plus à ce qu'ils aillent jusque-là.	{nl}문제는 우리도 녀석들이 거기까지 올거라고 생각은 못 했던거죠.				사제 드라즈니에
QUEST_UNUSED_20151102_002441	Merci. Je devrais jeter un œil alentour et me cacher de nouveau dans la région 3.	감사합니다.{nl}주위를 살펴보다가 3번 지역에 다시 숨어야겠군요.				사제 드라즈니에
QUEST_UNUSED_20151102_002442	Dans la région 4 il y a plusieurs petites salles. J'y ai fabriqué des pièges avec la technique que j'ai{nl}apprise en travaillant dans la région du nord. Ils portent mon image pour attirer l'ennemi.	4번 구역에 가면 작은 방들이 있을 겁니다.{nl}거기에 제가 북쪽 지역에서 수행할때 배운 기술로 함정을 만들었습니다.{nl}저와 흡사하게 생긴 환영을 만들어서 적을 유인하는 함정입니다.				사제 드라즈니에
QUEST_UNUSED_20151102_002443	{nl}Mais je ne peux pas aller jusque-là. Si cela vous convient, voulez-vous y aller et activer les pièges{nl}?	{nl}하지만 제가 거기까지 갈 수 있는 여력이 없습니다.{nl}괜찮으시다면 계시자님께서 그곳에서 함정들을 발동시켜 주시지 않겠습니까?				사제 드라즈니에
QUEST_UNUSED_20151102_002444	J'ai plusieurs autres pièges et cachettes hors de cette prison. J'en ai préparé assez pour tout le{nl}monde au cas où quelque chose arriverait à Orsha.	지하 감옥 말고도 함정과 은신처를 준비해둔 곳이 많습니다.{nl}오르샤가 무너지면 사람들을 대피시킬 수 있을만큼 많은 곳을 준비해 두었지요.				사제 드라즈니에
QUEST_UNUSED_20151102_002445	Cela a-t-il bien fonctionné sur les démons ? Je ne l'avais jamais utilisé sur des démons, j'étais{nl}donc inquiet. Mais je suis content d'apprendre que cela s'est bien passé.	마족들이 잘 걸려들었나요?{nl}마족을 상대로는 한 번도 써본적이 없어서 걱정했었습니다.{nl}아무튼 성공했다니 다행이군요.				사제 드라즈니에
QUEST_UNUSED_20151102_002446	Allez voir Irma maintenant. Elle se prépare à reprendre les Ordres démoniaques.	이르마에게 가보십시오.{nl}그녀가 마족 명령서를 회수하기 위해 준비하고 있습니다.				사제 겔리야
QUEST_UNUSED_20151102_002447	Je suis désolée d'avoir disparu sans prévenir. C'était urgent. Pendant que vous détruisiez la{nl}statue de surveillance j'ai réussi à m'échapper sans que Marnox le remarque. Mais il semble qu'il{nl}ait d'autres statues ici aussi.	말도 없이 사라져서 죄송합니다.{nl}하지만 한 시가 급한 일이고 당신이 감시 우상을 파괴하는 동안{nl}제가 마르녹스의 눈을 피해 안전하게 올 수 있었습니다.{nl}하지만 여기도 그의 우상이 곳곳에 설치되어 있군요.				사제 이르마
QUEST_UNUSED_20151102_002448	Bien des frères ont été sacrifiés pour que nous en arrivions là. Parce que c'est la seule voie que{nl}nous puissions prendre. Arrêtez les démons, je vous prie.	여기에 오기 까지 많은 형제들이 희생당했습니다.{nl}우리에게 길은 이 것 밖에 없기 때문이었죠.{nl}마족의 음모를 막아 주십시오.				사제 겔리야
QUEST_UNUSED_20151102_002449	Pour entrer dans la pièce secrète et récupérer les ordres, vous devrez détruire la statue de la{nl}région 2. Mais n'oubliez pas de ne pas utiliser de dispositif de transport dans son rayon ou{nl}Marnox vous attrapera. Pouvez-vous le faire ?	숨겨진 방에 들어가서 마족 명령서를 회수하려면 2번 지역의 우상을 제거 해야합니다.{nl}인접한 곳에서 이동장치를 사용하면 분명 마르녹스에게 덜미를 잡힐 겁니다.{nl}2번 지역의 우상을 처치해 주실 수 있겠습니까?				사제 이르마
QUEST_UNUSED_20151102_002450	C'est étrange, il devrait être là d'une minute à l'autre... Avez-vous peur ?	이상하군요 슬슬 나타날때가 되었는데..{nl}계시자님이 무서운 걸까요?				사제 이르마
QUEST_UNUSED_20151102_002451	C'est très étrange. Pourquoi Marnox n'est-il pas ici ? Vu son comportement jusqu'ici, j'aurais{nl}supposé qu'il viendrait...	정말 이상하군요.{nl}어째서 마르녹스가 나타나지 않는 걸까요?{nl}여태까지의 그의 행태를 보면 그럴리가 없는데..				사제 이르마
QUEST_UNUSED_20151102_002452	Si Marnox ne vient pas, nous ne pouvons rien faire. À tout hasard, je crois qu'il serait bon de{nl}détruire la statue de la région 3 pour le provoquer. Tant qu'il vivra, nous ne pourrons jamais{nl}ouvrir la porte de la pièce secrète.	마르녹스가 나타나지 않는다면 어쩔 수 없지요.{nl}혹시 모르는 일이니 3번 구역의 감시 우상을 파괴해서 그를 자극해 보는 게 좋겠습니다.{nl}그가 살아있는 상태론 숨겨진 방으로 통하는 문을 열 수 없습니다.				사제 이르마
QUEST_UNUSED_20151102_002453	L'évêque n'a pas pu être retrouvé, n'est-ce pas ? Je me souviens de son air si effronté quand il{nl}m'a fait capturer, rien à voir avec maintenant. Je me souviens du peu d'estime qu'il avait pour{nl}des prêtres comme moi... Révélateur, avez-vous peur ?	혹시 주교님이 발각당하신 건 아닐까요?{nl}저를 붙잡았을 때 그의 자신만만한 행동과 비겁한 언행이 생각나는 군요.{nl}계시자가 아니면 우리 같은 사제들은 아무것도 아니라고 했어요..{nl}역시 계시자님이 무서운 걸까요?				사제 이르마
QUEST_UNUSED_20151102_002454	Il a peut-être envoyé ses vassaux et s'est enfui, il pourrait ourdir d'autres plans. Nous ne{nl}pouvons plus perdre de temps, ouvrons la porte.	자신의 부하를 보내고 도망쳐서 후일을 도모하는 걸지도 모르겠습니다.{nl}여기서 시간을 지체할 수 없으니 문을 열도록 하지요.				사제 이르마
QUEST_UNUSED_20151102_002455	J'ouvrirai la porte et vous entrerez dans la salle. Prenons les ordres et retournons{nl}immédiatement voir l'évêque.	제가 문을 열면 바로 따라 들어와 주십시오.{nl}마족 명령서를 회수하고 바로 주교님께 돌아갑시다.				사제 이르마
QUEST_UNUSED_20151102_002456	Vous avez vaincu Marnox... Je ne crois pas pouvoir bouger avant un moment.	마르녹스를 처치하셨군요..{nl}저는 당분간 움직이기 힘들 것 같습니다.				사제 이르마
QUEST_UNUSED_20151102_002457	Ce fut un honneur de défendre le destin de notre ordre jusqu'au bout. Tout cela grâce à vous. Je{nl}vais me cacher ici et récupérer, prenez les ordres et allez voir l'évêque.	교단의 숙명을 마지막까지 지켜볼 수 있어서 영광이었습니다.{nl}계시자님 모두 당신 덕입니다.{nl}저는 이곳에서 잠시 숨어서 몸을 돌볼태니 마족 명령서를 가지고 주교님께 가주세요.				사제 이르마
QUEST_UNUSED_20151102_002458	Vous voulez dire que vous avez vaincu Marnox ? Un Seigneur démon... Vous avez vraiment le{nl}pouvoir d'un Révélateur. Je suis heureux que les prêtres soient saufs... Je parlerai à Inesa et{nl}veillerai à ce que ceux qui ont disparu rentrent chez eux.	마르녹스를 해치웠단 말인가!{nl}마군주를 해치우다니.. 계시자란 참으로 놀라운 힘을 가졌군요.{nl}내 사제들이 무사 하다니 다행입니다..{nl}행방불명된 사제들은 이네사에게 부탁해서 꼭 고향으로 돌려보낼 수 있도록 하겠습니다.				우르보나스
QUEST_UNUSED_20151102_002459	Les gens se souviendront de vous quand Orsha prospérera de nouveau...	오르샤가 다시 번영한 다면 후세 사람들은 당신을 꼭 기억 할 겁니다..				사제 이르마
QUEST_UNUSED_20151102_002460	Je vais retourner à Orsha et travailler à l'analyse des Ordres démoniaques. Allez voir la Seigneure{nl}et parlez-lui de Marnox et de nous. Mes disciples restent ici pour s'assurer qu'il ne reste aucune{nl}trace de Marnox et pour retrouver les prêtres disparus.	저는 이대로 오르샤로 돌아가서 마족 명령서를 해석하겠습니다.{nl}계시자님은 영주에게 가서 마군주를 물리치고 우릴 구해냈다고 말씀해 주십시오.{nl}제 제자들은 여기 남아서 마르녹스의 잔재를 지우고 행방불명된 사제들을 찾도록 지시해 두겠습니다.				우르보나스
QUEST_UNUSED_20151102_002461	Ainsi les démons ont atteint les environs d'Orsha. Nous nous méfiions toujours des invasions{nl}démoniaques, mais nous n'aurions jamais cru devoir affronter un Seigneur démon. Si seulement{nl}je pouvais vanter votre exploit auprès du peuple...	오르샤 근방까지 마족들이 침범했다는 말이군요.{nl}그들의 침공은 항상 대비하고 있었지만 마군주가 함께 올 거라곤 생각지도 못 했습니다.{nl}당신의 놀라운 업적을 모두에게 말하여 기리고 싶지만..				이네사 해먼데일
QUEST_UNUSED_20151102_002462	{nl}Je suis désolé. Si j'en parlais à tous, cela ne ferait qu'effrayer les habitants.	{nl}미안합니다. 사실을 말해버리면 영주민들에게 공포심만 심어줄 것 입니다.				이네사 해먼데일
QUEST_UNUSED_20151102_002463	J'ai appris ce qui s'est passé. Urbonas a confirmé que vous êtes un Révélateur envoyé par les{nl}déesses. C'est un honneur de rencontrer le héros de la légende transmise dans notre famille. Il{nl}semble que les déesses ne nous aient pas encore quittés. Quels sont vos projets maintenant ?	대부분의 이야기를 전달 받았습니다.{nl}우르보나스님께서 여신이 보내주신 계시자가 맞다고 하더군요.{nl}우리 헤먼대일 가문에 내려오는 전승의 주인공을 이렇게 뵙게되어 영광입니다.{nl}여신들이 우릴 버리지 않으셨군요.{nl}앞으로 어떻게 하실 예정이신지요?				이네사 해먼데일
QUEST_UNUSED_20151102_002464	{nl}Pour l'instant, vous devriez aller voir Urbonas. Il vous cherche.	{nl}우선은 우르보나스님에게 가십시오.{nl}당신을 찾고 계십니다.				이네사 해먼데일
QUEST_UNUSED_20151102_002465	Considérez Orsha comme votre seconde maison. Les habitants d'Orsha et moi sommes toujours{nl}heureux de vous accueillir.	이 오르샤를 마음의 고향이라고 생각해 주십시오.{nl}저와 오르샤 영주민들은 언제나 당신을 환영하겠습니다.				이네사 해먼데일
QUEST_UNUSED_20151102_002466	Bienvenue. Nous achevions justement l'analyse. Il y a quelques passages çà et là sur lesquels{nl}nous ne sommes pas d'accord, mais voici ce que nous avons.	어서오십시오. 해석을 막 끝낸 참입니다.{nl}제자들과 해석이 조금 엇갈린 부분이 있습니다만 대부분 동의하는 부분을 말씀드리겠습니다.				우르보나스
QUEST_UNUSED_20151102_002467	{nl}{nl}(Analyse des ordres du démon)	{nl}{nl}(여기서부터는 마족 지령서 해석내용)				우르보나스
QUEST_UNUSED_20151102_002468	Nous ne devons pas présumer que tous les frères disparus sont morts. Mais pour les retrouver,{nl}nous devons détruire les statues de Marnox. Voudriez-vous vous en charger ?	행방불명된 형제들이 모두 죽었다고 말할 순 없습니다.{nl}그들을 찾으려면 마르녹스의 우상을 모두 제거해야할 겁니다.{nl}그것들을 처리해 주실 수 있겠습니까?				사제 겔리야
QUEST_UNUSED_20151102_002469	Quelqu'un doit être en vie...	살아남은 형제들이 분명 있을 겁니다..				사제 겔리야
QUEST_UNUSED_20151102_002470	Merci. J'irai les trouver dès que je serai remis de mes blessures.	감사합니다.{nl}부상에서 회복되면 바로 그들을 찾아 나서야겠습니다.				사제 겔리야
QUEST_UNUSED_20151102_002471	Il n'y a aucun moyen de savoir où les frères se cachent dans cette prison... Et il y aura des prêtres{nl}qui ne pourront pas retourner auprès de leur famille même après que tout cela sera fini...{nl}J'aimerais pouvoir au moins leur apporter leurs affaires.	형제들이 이 넓은 지하 감옥의 어디에 숨어있는지 알 방법이 없군요..{nl}이 일이 끝난 뒤에도 가족들에게 돌아가지 못 하는 사제들이 있을탠데..{nl}그들의 가족들에게 사제들이 사용하던 물품이라도 전달해주고 싶군요.				사제 겔리야
QUEST_UNUSED_20151102_002472	{nl}Plusieurs prêtres ont disparu dans la région 2. Voulez-vous y chercher leurs sacs ?	{nl}2번 지역에서 많은 사제들이 사라졌습니다.{nl}그 곳에서 그들의 가방을 찾아다 주실 수 있겠습니까?				사제 겔리야
QUEST_UNUSED_20151102_002473	Tous les sacs n'appartiendront pas à des disparus. J'ai perdu le mien aussi, après tout...	발견된 가방의 주인들이 모두 행방불명된건 아닙니다.{nl}저도 제 가방을 잃어버렸거든요..				사제 겔리야
QUEST_UNUSED_20151102_002474	Merci. Vous avez aussi retrouvé mon sac perdu. Voir les journaux à l'intérieur des sacs me fait{nl}penser que bien des frères sont encore en vie. Nous devons les retrouver avant qu'il ne soit trop{nl}tard.	감사합니다. 제 잃어버린 가방도 찾아주셨군요.{nl}그들이 가방 안에 남겨준 일지를 보니 살아 있는 형제들이 꽤 있는 것 같습니다.{nl}늦기 전에 그들을 찾아야겠군요.				사제 겔리야
QUEST_UNUSED_20151102_002475	Il y a une raison pour laquelle on se couvre les mains quand on jette quelque chose de sale.{nl}Prêtre Irma a détruit les idoles maudites de Marnox alors qu'elle le fuyait. Mais maintenant leurs{nl}restes sont éparpillés partout. Leur énergie pourrait encore revenir nous nuire.	더러운 물건을 버릴땐 손이 더럽혀 지지 않게 뭔가로 감싸곤 하죠.{nl}이르마와 주교님이 마르녹스의 추격에서 도망칠때 그의 우상을 파괴하며 다녔어요.{nl}하지만 그 잔해들이 남아서 여기저기 흩어져있어요.{nl}그 잔해들을 처리하지 않으면 언제 그 기운이 엄습해서 우릴 곤란하게 할 지 몰라요.				사제 겔리야
QUEST_UNUSED_20151102_002476	{nl}Voici un tissu imbibé d'eau bénite. Utilisez-le pour éliminer ce qui reste de la statue. Recouvrez{nl}les fragments avec le tissu et le pouvoir de l'eau bénite les fera disparaître.	{nl}제게 성수에 적신 붕대가 있습니다. 이걸로 그 잔해들을 감싸서 처리해주실 수 있으십니까?{nl}그냥 잔해에 덮으시면 성수의 힘 때문에 자연스럽게 잔해들이 사라져버릴 거에요.				사제 겔리야
QUEST_UNUSED_20151102_002477	Précipiter quoi que ce soit finit toujours par mal tourner.	다급하게 처리한 일은 언제나 뒤탈을 일으키는 법이군요.				사제 겔리야
QUEST_UNUSED_20151102_002478	Voilà un souci de moins. Cela dit, vu l'état dans lequel les démons ont laissé cet endroit, il faudra{nl}du temps avant qu'il ne redevienne normal.	걱정거리가 하나 줄어들었군요.{nl}하지만 마족들이 어지럽혀둔 이 공간은 앞으로 적지 않은 시간을 공들여야 할 거에요.				사제 겔리야
QUEST_UNUSED_20151102_002479	Voudriez-vous aller aux Carrefours d'Uzali chasser des Assassins Lepusbunny vert ? Leur{nl}fourrure chaude nous serait utile.	그러니, 우즈알리 사거리의 초록 레푸스버니 암살자를 사냥해 주실 수 있을까요?{nl}털가죽이 아주 따스하거든요.	QUEST_LV_0200_20151001_009427	Pouvez-vous chasser les Trufflelia au Carrefour d'Uzali ? Leur cuir poilu est très chaud.	그래서 그런데, 우즈알리 사거리의 트리펠리아를 사냥해 주실 수 있을까요?{nl}털가죽이 아주 따스하거든요.	고원병사 바스케즈
QUEST_UNUSED_20151102_002480	Par ici il y a des Mages Siaulav bleu qui transportent des rations de secours. Horace vous a{nl}probablement dit que leur nourriture est étonnamment comestible. Pourriez-vous m'en{nl}rapporter ?	이 근처의 푸른 샤울라브 메이지라는 몬스터들은 저들 먹을 비상식량을 챙겨 다닙니다.{nl}의외로 제법 먹을 만 하다고 호라스님께서 알려주셨죠. 그것이라도 구해 주십시오.	QUEST_LV_0200_20151001_009445	Rapportez la viande des Beadbird d'ici, je vous prie. Horas m'a dit qu'elle a bon goût.{nl}	이 근처의 청옥조라는 몬스터에게서 고기를 부탁드립니다.{nl}꽤 먹을 만 하다고 호라스님께서 알려주셨죠.{nl}	보급병 론다
QUEST_UNUSED_20151102_002481	C'est drôle, sans eux je serais mort de faim à l'heure qu'il est. À cause du froid, la seule chose qui{nl}pousse par ici, ce sont les pommes de terre.	이상한 상황이긴 합니다만, 녀석들이 아니었으면 쫄쫄 굶었을 겁니다.{nl}여긴 너무 추워서 감자 말곤 아무것도 자라지 않거든요.	QUEST_LV_0200_20151001_009446	Nous mourrons de faim, si le Beadbird. Il fait trop froid ici, seules les pommes de terre poussent.	청옥조가 아니었으면 쫄쫄 굶었을 겁니다.{nl}여긴 너무 추워서 감자 말곤 아무것도 자라지 않거든요.	보급병 론다
QUEST_UNUSED_20151102_002482	D'abord, nous devons faire quelque chose contre le froid. Horace a dit un jour que les{nl}champignons Lapasape bleu produisent de la chaleur ; je veux les tester.	우선은 저 열부터 해결해야 할 것 같습니다.{nl}예전에 호라스님께서 푸른 라프세이프의 버섯이 열을 내린다 하셨으니 시험해 보지요.	QUEST_LV_0200_20151001_009459	D'abord, nous devrions faire quelque chose pour sa fièvre. Il y a longtemps, Horace nous a dit{nl}une fois que le fluide corporel des Worg fait baisser la fièvre, alors essayons cela.	우선은 저 열부터 해결해야 할 것 같습니다.{nl}예전에 호라스님께서 워그의 체액이 열을 내린다 하셨으니 시험해 보지요.	스토가스 분대장 아데스
QUEST_UNUSED_20151102_002483	Voyons voir si vous êtes doué, alors. Rendez-vous à Croisement de Paupys et abattez dix{nl}Lapflammers et dix Lapemans.	일단 자네의 실력을 보여주게.{nl}파우피스 나루에서 라플래머와 라페먼을 각각 10마리 씩 해치우고 오게나.	QUEST_UNUSED_20151022_001067	D'abord, montrez-moi vos Skills. Aux Bois des Ponts reliés, revenez après avoir vaincu 10{nl}Lapflammer et 10 Lapeman.	일단 자네의 실력을 보여주게.{nl}덧댄다리 숲에서 라플래머와 라페먼을 각각 10마리 씩 해치우고 오게나.	소드맨 서브 마스터
QUEST_UNUSED_20151102_002484	Vous semblez déjà assez fort. Je dois juste vérifier avec quelle habileté vous savez user de cette{nl}force.	가지고 계신 완력은 충분해 보이는군요.{nl}이제 그 힘을 얼마나 잘 사용하실 수 있는지 확인해보겠습니다.	QUEST_UNUSED_20151022_001074	Votre puissance semble suffisante. Maintenant, je vais vérifier si vous savez bien l'utiliser.	가지고 계신 완력은 충분해 보이는군요.{nl}이제 그 힘을 얼마나 잘 사용하실지를 판단해보겠습니다.	하이랜더 서브 마스터
QUEST_UNUSED_20151102_002485	Bien. Vous avez rempli la condition la plus élémentaire. Nous, les Peltastes, sommes une classe{nl}qui use activement du bouclier contre ses adversaires. Par conséquent, vous devez en avoir une{nl}compréhension de base.	좋습니다. 가장 기본적인 요건은 충족되었군요.{nl}우리 펠타스타는 방패를 적극적으로 사용해 적을 상대하는 클래스입니다.{nl}따라서 방패에 대한 기본적인 이해가 있어야겠지요.	QUEST_UNUSED_20151022_001079	Bien. Les exigences les plus élémentaires sont remplies. Nous, les Peltastes, utilisons le bouclier{nl}de façon offensive pour affronter les ennemis. Vous devez donc avoir la compréhension de base{nl}du maniement du bouclier.	좋습니다. 가장 기본적인 요건은 충족되었군요.{nl}우리 펠타스타는 방패를 적극적으로 사용해 적들을 상대하는 클래스입니다.{nl}따라서 방패에 대한 기본적인 이해가 있어야겠지요.	펠타스타 서브 마스터
QUEST_UNUSED_20151102_002486	Je vais vous demander quelques matériaux pour votre bouclier. D'abord, vous pouvez vous{nl}rendre à Croisement de Paupys et récolter des décorations métalliques sur les Lapemans.{nl}Récoltez aussi du bois sec dans un atelier isolé là-bas.	당신에게 방패에 쓸만한 재료를 부탁드리겠습니다.{nl}파우피스 나루의 라페먼으로부터 얻을 수 있는 쇠장식을 가져오세요.{nl}그리고 같은 지역의 외딴 작업장에서 젖지 않은 목재를 모아 오시기 바랍니다.	QUEST_UNUSED_20151022_001080	Je vais vous demander des matériaux pour votre bouclier. D'abord, récoltez des décorations{nl}métalliques sur les Lapeman. Ensuite, rassemblez du bois sec dans un atelier isolé là-bas.	당신에게 방패에 쓸만한 재료를 부탁드리겠습니다.{nl}파우피스 나루의 라페먼으로부터 얻을 수 있는 쇠장식을 가져오세요.{nl}그리고 같은 지역의 외딴 작업장에서 쓸만한 나무를 모아 오시기 바랍니다.	펠타스타 서브 마스터
QUEST_UNUSED_20151102_002487	Vous avez bien agi. Rassemblez maintenant tous les matériaux nécessaires et fabriquez votre{nl}propre bouclier.	수고하셨습니다.{nl}추후 재료를 모아 자신만의 방패를 직접 만들어보시기 바랍니다.	QUEST_UNUSED_20151022_001082	Bien joué. Quand vous obtiendrez le manuel du bouclier à l'avenir, je veux que vous le{nl}fabriquiez vous-même en récoltant vous-même les matériaux.	수고하셨습니다.{nl}추후 방패의 제작서를 얻으신다면 이렇게 재료를 모아 직접 만들어보시기 바랍니다.	펠타스타 서브 마스터
QUEST_UNUSED_20151102_002488	Je ne fais que suivre les ordres importants du Maître. Cela ne veut pas dire que je vous envie{nl}d'être un voyageur !	저는 마스터로부터 받은 중요한 임무를 수행할 뿐입니다.{nl}딱히 당신처럼 여행을 다니지 못하는 게 부러운 건 아니에요!	QUEST_UNUSED_20151022_001087	Je ne fais qu'accomplir le devoir important que j'ai reçu du Maître. Je ne suis pas jaloux de votre{nl}voyage !	저는 마스터로부터 받은 중요하고 성스러운 임무를 수행할 뿐입니다.{nl}딱히 당신처럼 여행을 다니지 못하는 게 부러운 건 아니에요!	클레릭 서브 마스터
QUEST_UNUSED_20151102_002489	Bien sûr, il vous faudra d'abord prouver que vous maîtrisez les techniques avancées.	물론 그 전에 상급 기술을 소화하실 수 있는지 확인하는 것이 먼저겠지요.	QUEST_UNUSED_20151022_001108	Et bien sûr, nous devrions d'abord découvrir si vous seriez capable de manier les Skills de haut{nl}niveau. Vainquez les monstres en 63_3 de la Forêt de fougères et récoltez les cristaux sur les{nl}monstres. Vous pouvez en obtenir deux sur les démons, alors attaquez-vous aux démons sans{nl}hésiter.	물론 그 전에 상급 기술을 소화하실 수 있는지 확인하는 것이 먼저겠지요.{nl}고사리 숲 63_3에서 몬스터들을 해치우고 몬스터의 결정을 모아 주세요.{nl}마족에게선 두 개를 얻을 수 있으니 보다 적극적으로 마족녀석들을 노려주시기 바랍니다.	펠타스타 서브 마스터
QUEST_UNUSED_20151102_002490	Prenez ceci et vainquez les monstres à la Forêt de fougères 63_3. Vous verrez les chiffres{nl}augmenter ici à mesure que vous vaincrez des ennemis. Les démons valent le double de points.	이 물건을 받으시고 고사리 숲 63_3에서 몬스터들을 해치우세요.{nl}당신이 적을 쓰러뜨릴 수록 이것의 숫자가 올라갈 겁니다.{nl}마족들은 특별히 두 배로 계산됩니다.	QUEST_UNUSED_20151022_001109	Mais il y a des restrictions. Premièrement, je n'accepte que les cristaux obtenus alors que vous{nl}étiez équipé d'un bouclier. Deuxièmement, si vous devenez incapable de combattre, les cristaux{nl}récoltés jusque-là seront tous annulés.	단, 제약사항이 있습니다.{nl}첫째, 어디까지나 방패를 착용한 상태에서 얻은 결정만 인정해 드립니다.{nl}둘째, 전투 불능 상태가 되시면 모으신 결정은 모두 무효처리하겠습니다.	펠타스타 서브 마스터
QUEST_UNUSED_20151102_002491	Il y a toutefois quelques conditions. Un, vous devez vaincre l'ennemi avec un bouclier équipé.{nl}Deux, si vous devenez incapable de combattre, les ennemis vaincus jusque-là ne compteront{nl}pas.	단, 제약사항이 있습니다.{nl}첫째, 어디까지나 방패를 착용한 상태에서 적을 쓰러뜨린 것만 인정됩니다.{nl}둘째, 전투 불능 상태가 되시면 그 동안 쓰러뜨린 적의 숫자는 인정하지 않습니다.				펠타스타 서브 마스터
QUEST_UNUSED_20151102_002492	{nl}Enfin, vous devez vaincre les monstres sans aucune aide de vos alliés.	{nl}마지막으로 동료가 해치운 몬스터는 인정되지 않습니다.				펠타스타 서브 마스터
QUEST_UNUSED_20151102_002493	Vainquez des monstres avec votre bouclier équipé. Cela prouvera vos aptitudes de survie. Notez{nl}que capturer des démons sera plus efficace.	방패를 착용한 상태에서 몬스터를 처치하세요.{nl}이는 당신의 생존능력을 확인하기 위함입니다.{nl}참고로 마족을 잡는 쪽이 효율이 좋을 겁니다.	QUEST_UNUSED_20151022_001110	Vainquez les monstres et récoltez les cristaux tout en étant équipé d'un bouclier. Il s'agit de{nl}vérifier vos capacités de survie. Pour votre information, il sera efficace de vaincre les démons.	방패를 착용한 상태에서 몬스터를 처치하시고 결정을 모으세요.{nl}이는 당신의 생존능력을 확인하기 위함입니다.{nl}참고로 마족을 잡는 쪽이 효율이 좋을 겁니다.	펠타스타 서브 마스터
QUEST_UNUSED_20151102_002494	Vous enseigner le maniement de la lance est facile, ce qui compte c'est votre attitude. Il y a un{nl}endroit tout indiqué pour les apprenants comme vous.	창을 가르쳐 드리는 거야 쉽습니다만, 어떤 마음으로 임하는지가 중요합니다.{nl}마침 당신같은 지원자들을 시험하기 위한 적당한 장소가 있습니다.	QUEST_UNUSED_20151022_001112	Il est facile de vous apprendre à manier une lance, mais votre esprit est important. Il existe un{nl}lieu pour éprouver les candidats comme vous. La mission est simple. Elle est juste agaçante.	창을 가르쳐 드리는 거야 쉽습니다만, 제겐 당신의 마음가짐이 중요합니다.{nl}마침 당신같은 지원자들을 시험하기 위한 적당한 장소가 있습니다.{nl}과제는 간단합니다. 조금 귀찮을 뿐이지요.	하플라이트 마스터
QUEST_UNUSED_20151102_002495	La vertu la plus importante d'un guerrier est son sens du combat. Cela signifie attaquer tout ce{nl}qui est hostile à ce que vous cherchez à protéger. Essayez donc ; vainquez les Yognomes à la{nl}Forêt de fougères 63_3.	전사에게 있어서 가장 중요한 덕목은 호전성이다.{nl}너와 네가 지켜야 할 것에 적의를 보이는 것들은 일단 공격하고 보는 것이다.{nl}고사리 숲 63_3의 요노움들이 네 사명의 방해물이라고 생각하고 쓸어버리고 와봐라.	QUEST_UNUSED_20151022_001116	La qualité la plus importante de l'Épéiste est la combativité. Vous devez attaquer quiconque{nl}montre de l'hostilité envers ceux que vous devez protéger. Considérez les Yognome en 63_3 de la{nl}Forêt de fougères comme vos barrières et détruisez-les tous.	전사에게 있어서 가장 중요한 덕목은 호전성이다.{nl}너 스스로나 네가 지켜야 할 것에 적의를 보이는 녀석들은 일단 공격하고 보는 것이다.{nl}고사리 숲 63_3의 요노움들이 네 사명의 방해물이다 생각하고 쓸어버리고 와봐라.	바바리안 서브 마스터
QUEST_UNUSED_20151102_002496	Vous avez entendu ? Certains réfugiés qui venaient vers Orsha ont été blessés autour d'Étang de{nl}Lemprasa et ont été laissés derrière. Il faut les secourir !	소식 들으셨나요?{nl}오르샤로 오던 피난민 중 일부가 렘파라사 연못에서 상처를 입고 고립되어 있는 것 같아요.{nl}어서 그들을 구해야 해요!	QUEST_UNUSED_20151022_001119	Avez-vous entendu les histoires ? Certains des réfugiés qui venaient à Orsha sont blessés et sont{nl}tombés près de l'Étang de Lemprasa. Nous devons les sauver !	소식 들으셨나요?{nl}오르샤로 오던 피난민 중 일부가 상처를 입고 렘파라사 연못에 쓰러져 있는 것 같아요.{nl}어서 그들을 구해야 해요!	클레릭 서브 마스터
QUEST_UNUSED_20151102_002497	Je suis heureux qu'il ne leur soit rien arrivé de pire. Tout cela grâce à votre aide. Je crois qu'il est{nl}clair que vous êtes prêt à passer au niveau final de Clerc.	그 분들께 더 큰 문제가 생기지 않아서 불행 중 다행이에요.{nl}당신의 빠른 도움 덕분입니다.{nl}당신이라면 클레릭의 마지막 단계로 나아가기에 손색이 없어 보이네요.	QUEST_UNUSED_20151022_001122	C'est une chance qu'aucun gros problème ne leur soit arrivé. Tout cela grâce au dévouement{nl}dont vous avez fait preuve envers nous. Vous semblez assez compétent pour progresser vers le{nl}dernier stade du Clerc.	그 분들께 더 큰 문제가 생기지 않아서 불행 중 다행이에요.{nl}당신께서 보여주신 헌신 덕분입니다.{nl}당신이라면 클레릭의 마지막 단계로 나아가기에 손색이 없어 보이네요.	클레릭 서브 마스터
QUEST_UNUSED_20151102_002498	Les premières herbes, vous les trouverez dans la région XXX sous des tas de feuilles. Les{nl}deuxièmes herbes poussent dans la région YY. Les troisièmes sont des fleurs jaunes en floraison{nl}dans la région ZZ ; ce devrait être les plus faciles à trouver.	첫번째 약초는 XX지역 근처 나뭇잎더미를 헤치면 발견하실 수 있습니다.{nl}두번째 약초는 YY지역에서 자라고 있습니다.{nl}세번째 약초는 ZZ지역에서 노란 꽃을 피우고 있으므로 가장 찾기 쉬우실 겁니다.	QUEST_UNUSED_20151022_001129	Vous verrez la première herbe en creusant dans le tas de feuilles d'arbre près de la sortie qui{nl}mène au territoire suivant. La deuxième herbe pousse dans la région située en contrebas. La{nl}troisième herbe a une fleur jaune, vous la trouverez donc facilement.	첫번째 약초는 다음 지역으로 가는 출구 근처 나뭇잎더미를 헤치면 발견하실 수 있습니다.{nl}두번째 약초는 가장 아래쪽 지역에서 길쭉하게 자라고 있습니다.{nl}세번째 약초는 노란 꽃을 피우고 있으므로 가장 찾기 쉬우실 겁니다.	프리스트 서브 마스터
QUEST_UNUSED_20151102_002499	La maîtresse elle-même y est entrée après avoir fabriqué sa propre Bokor doll. On peut dire que{nl}cela fait partie de notre histoire et de notre tradition.	저는 물론이거니와 마스터 역시 옛날에는 보코르 인형을 만들고 입문하셨다고 하더라고요.{nl}나름 역사와 전통이 있는 의식이랍니다.	QUEST_UNUSED_20151022_001134	Il y a longtemps, le Maître aussi est devenu un Bokor après avoir fabriqué des Poupées de{nl}chaman. C'est le rituel qui porte l'histoire et la tradition.	저는 물론이거니와 마스터 역시 옛날에는 주술인형을 만들고 입문하셨다고 하더라고요.{nl}나름 역사와 전통이 있는 의식이랍니다.	보코르 서브 마스터
QUEST_UNUSED_20151102_002500	Je dirais que c'est une Bokor doll de très grande qualité ! On dirait vraiment que vous êtes doué{nl}de naissance. Vous voilà maintenant Bokor vous aussi. Bienvenue !	이 정도면 제가 본 보코르 인형 중에서도 상급품에 속하네요!{nl}보코르의 소질이 있으신 것 같아요.{nl}이로써 당신도 보코르랍니다. 환영합니다!	QUEST_UNUSED_20151022_001135	Cette Poupée de chaman est de la plus haute qualité parmi toutes les poupées que j'ai vues !{nl}Vous semblez posséder les attributs du Bokor. Désormais, vous êtes le Bokor. Bienvenue !	이 정도면 제가 본 주술인형 중에서도 상급품에 속하네요!{nl}보코르의 소질이 있으신 것 같아요.{nl}이로써 당신도 보코르랍니다. 환영합니다!	보코르 서브 마스터
QUEST_UNUSED_20151102_002501	Qu'est-ce que c'est ?	무슨일이시죠?	QUEST_UNUSED_20151022_001139	Que se passe-t-il ? Ah.. je me souviens de cette fille Dievdirbys. Mais que faire. Le ciseau et les{nl}matériaux sont tous épuisés.	무슨일이시죠? 아... 그 당찬 딥디르비 소녀라면 기억하고 있습니다.{nl}하지만 이걸 어쩐다죠. 마침 만들어놓은 끌도, 새로 만들 재료도 모두 떨어진 상황이네요.	딥디르비 서브 마스터
QUEST_UNUSED_20151102_002502	Oh... si vous parlez d'une Dievdirbys à la volonté ferme, oui, je la connais. Mais je crains d'être{nl}bien démuni ici. Je n'ai ni ciseau ni matériaux pour en fabriquer une.	아... 그 당찬 딥디르비 소녀라면 기억하고 있습니다.{nl}하지만 이걸 어쩌지요. 마침 만들어놓은 끌도, 새로 만들 재료도 모두 떨어진 상황이네요.				딥디르비 서브 마스터
QUEST_UNUSED_20151102_002503	Très bien. Alors prouvez que vous êtes prêt à apprendre des techniques avancées. Montrez-moi{nl}à quel point vous maîtrisez les bases.	좋습니다. 상급 기술을 배울 수 있는 실력이 되는지 한번 더 검증해보죠.{nl}기존의 기술을 얼마나 잘 다룰 수 있는지를 보겠습니다.	QUEST_UNUSED_20151022_001149	Bien. Voyons encore une fois si vous êtes assez compétent pour apprendre des Skills de niveau{nl}supérieur. Je vais voir comment vous maniez bien les Skills existants. Peu importe le monstre,{nl}vainquez n'importe quel monstre en utilisant les Skills du Highlander.	좋습니다. 상급 기술을 배울 수 있는 실력이 되는지 한번 더 검증해보죠.{nl}기존의 기술을 얼마나 잘 다룰 수 있는지를 보겠습니다.{nl}아무 몬스터라도 좋으니 하이랜더의 기술을 써서 몬스터를 처치해보세요.	하이랜더 서브 마스터
QUEST_UNUSED_20151102_002504	N'importe quel monstre fera l'affaire, du moment que vous utilisez vos techniques de{nl}Highlander pour le vaincre. Faites-le sans l'aide de vos collègues.	아무 몬스터라도 좋으니 하이랜더의 기술을 써서 몬스터를 처치해보세요.{nl}동료 하이랜더의 도움은 받으실 수 없습니다.				하이랜더 서브 마스터
QUEST_UNUSED_20151102_002505	On dirait que vous n'avez aucun mal à vaincre les démons. Mais il vous faut encore de la{nl}pratique pour les plus féroces. Je peux vous montrer la voie d'un véritable Peltaste.	그 정도면 왠만한 마족들은 손쉽게 해치울 수 있겠네요.{nl}하지만 진짜 흉악한 녀석들을 없애기 위해서는 좀 더 정진하실 필요가 있습니다.{nl}제가 당신께 진정한 펠타스타의 길을 열어드리죠.	QUEST_UNUSED_20151022_001152	Vous vaincriez facilement toutes sortes de démons. Mais pour vaincre les vrais démons{nl}redoutables, il vous faudra travailler dur. Je vais vous ouvrir la véritable voie du Peltaste.	그 정도면 왠만한 마족들은 손쉽게 해치울 수 있겠네요.{nl}하지만 진짜 나쁜 녀석들을 없애기 위해서는 좀 더 정진하실 필요가 있습니다.{nl}제가 당신께 진정한 펠타스타의 길을 열어드리죠.	펠타스타 서브 마스터
QUEST_UNUSED_20151102_002506	Si vous remplissez les conditions, bien sûr.	하지만 최소한의 조건은 통과하셔야 합니다.	QUEST_UNUSED_20151022_001153	Mais vous devriez au moins satisfaire l'exigence minimale. Revenez après avoir vaincu des{nl}Chapparition aux Sources de Karolis.	하지만 최소한의 조건은 통과하셔야 합니다.{nl}카롤리스 샘터에서 채퍼리션을 해치우고 오세요.	펠타스타 서브 마스터
QUEST_UNUSED_20151102_002507	On m'a un jour demandé de me débarrasser du Chapparition aux Sources de Karolis. Je n'ai pas{nl}pu achever la tâche à l'époque mais je crois maintenant que ce pourrait être une bonne épreuve{nl}pour vous. Rendez-vous aux Sources de Karolis et vainquez-y le Chapparition.	과거 카롤리스 샘터에 나타난 채퍼리션을 없애달라는 부탁을 받았었습니다.{nl}당시에는 미처 처리하지 못했는데 지금보니 당신의 시험상대로 적당한 듯 싶네요.{nl}카롤리스 샘터에서 채퍼리션을 해치우고 오세요.				펠타스타 서브 마스터
QUEST_UNUSED_20151102_002508	Je suis surpris de vos progrès. Je vois bien que vous êtes différent des autres Hoplites. Vous{nl}n'aurez aucun mal à devenir encore plus fort. Alors, êtes-vous prêt pour l'étape suivante ?	당신의 성장은 놀라울 정도로군요.{nl}다른 하플라이트들과는 무언가 다른 것이 느껴집니다.{nl}당신이라면 좀 더 강해질 수 있을 겁니다. 다음단계로 나아갈 준비는 되셨습니까?	QUEST_UNUSED_20151022_001156	Votre progression est vraiment surprenante. Je sens quelque chose de différent en vous. Je suis{nl}sûr que vous deviendrez plus fort. Êtes-vous prêt à passer au niveau suivant ?	당신의 성장은 놀라울 정도로군요. 여타의 수련생들과는 무언가 다른 것이 느껴집니다.{nl}당신이라면 좀 더 강해질 수 있을 겁니다. 다음단계로 나아갈 준비는 되셨습니까?	하플라이트 마스터
QUEST_UNUSED_20151102_002509	Oui, c'est bien la pointe de la lance avec laquelle je l'ai attaqué à l'époque. Nous pouvons enfin{nl}dire que ce sont nous, les Hoplites, qui avons vaincu la bête.	확실히 그것은 제가 과거 녀석의 몸에 박아넣었던 창의 끝부분이 맞군요.{nl}녀석은 우리 유능한 하플라이트가 쓰러뜨렸노라고 여기저기 자랑할 수 있겠습니다.	QUEST_UNUSED_20151022_001160	C'est assurément la pointe de ma lance qui était dans le corps du monstre. Je peux dire avec{nl}fierté que notre compétent Hopelite l'a vaincu.	확실히 그것은 제가 과거 녀석의 몸에 박아넣었던 창의 끝부분이 맞군요.{nl}녀석은 우리의 유능한 하플라이트가 쓰러뜨렸노라고 여기저기 자랑할 수 있겠습니다.	하플라이트 마스터
QUEST_UNUSED_20151102_002510	Et bien sûr, ne demandez pas à vos amis de vous aider pour cela.	물론 동료의 도움따위를 받아서야 의미 없지.				바바리안 서브 마스터
QUEST_UNUSED_20151102_002511	J'aime votre cran. Rendez-moi service et vainquez les démons à Collines de Feretory.	패기는 마음에 드는군.{nl}그렇다면 페레토리 구릉의 마족들을 처치해보게.	QUEST_UNUSED_20151022_001167	J'aime votre ardeur. Essayez de vaincre les monstres de type Bête à Collines de Feretory.	패기는 마음에 드는군.{nl}그렇다면 페레토리 구릉의 야수몬스터들을 처치해보게.	캐터프랙트 마스터
QUEST_UNUSED_20151102_002512	Depuis Medzio Diena, Collines de Feretory grouille de démons. Allez y vaincre les démons.	신수의 날 이후 페레토리 구릉은 어느샌가 마족들이 들끓는 곳이 되어 버렸지.{nl}그 곳의 마족들을 처치하게.	QUEST_UNUSED_20151022_001168	Depuis Medzio Diena, les monstres qui font le plus de mal sont ceux de type Bête. Vainquez les{nl}monstres de type Bête à Collines de Feretory.	신수의 날 이후 늘어난 몬스터 중에 사람들에게 가장 피해를 주는게 야수형들이야.{nl}페레토리 구릉의 야수 몬스터를 처치하게.	캐터프랙트 마스터
QUEST_UNUSED_20151102_002513	Prenez ce joyau et rendez-vous à Collines de Feretory. Après avoir blessé les monstres, utilisez le{nl}pouvoir du joyau pour les purifier. Puis rapportez leurs cendres.	이 보석을 가지고 페레토리 구릉으로 가세요.{nl}몬스터들에게 상처를 입힌 다음 보석의 힘으로 몬스터를 정화하시기 바랍니다.{nl}그러면 재가 남을텐데 그것을 가져오세요.	QUEST_UNUSED_20151022_001170	Avec ce joyau, rendez-vous à Collines de Feretory, je vous prie. Faites des entailles aux monstres{nl}et utilisez le pouvoir du joyau pour les purifier. Ce faisant, des cendres resteront. Récoltez-les, je{nl}vous prie.	이 보석을 가지고 페레토리 구릉으로 가세요.{nl}몬스터들에게 상처를 입힌 다음 보석의 힘으로 몬스터를 정화하시기 바랍니다.{nl}그러면 재가 남을텐데 그것을 모아오세요.	크리비 서브 마스터
QUEST_UNUSED_20151102_002514	Cela prouve efficacement vos talents. Félicitations pour avoir atteint le dernier niveau de Krivis.{nl}J'espère que vous continuerez d'user de votre pouvoir pour aider ceux qui en ont besoin.	이것으로 당신의 실력이 입증되었군요.{nl}크리비로서 마지막 단계에 들어서신 것을 축하드립니다.{nl}앞으로도 그 힘으로 어려운 이들에게 도움을 주시기 바랍니다.	QUEST_UNUSED_20151022_001172	Votre compétence a été prouvée en conséquence. Félicitations pour votre entrée au dernier{nl}stade du Krivis. Je veux que vous aidiez ceux qui souffrent avec le pouvoir que vous avez.	이것으로 당신의 실력이 입증되었군요.{nl}크리비로서 마지막 단계에 들어서신 것을 축하드립니다.{nl}앞으로도 그 힘으로 힘겨운 이들에게 도움을 주시기 바랍니다.	크리비 서브 마스터
QUEST_UNUSED_20151102_002515	Rendez-vous à Monastère de Braken 64_2 et vous y verrez des monstres Sparnasman.{nl}Vainquez-les dans la région XXX et rapportez-moi leurs cornes.	고사리 수도원64_2에서 스파나스맨이란 몬스터를 마주치실 수 있을 거에요.{nl}XX지역에서 녀석을 쓰러뜨리고 녀석의 머리에 난 그 뿔을 가져다 주세요.	QUEST_UNUSED_20151022_001183	Vous pourrez rencontrer un monstre appelé Sparnasman en 64_2 de la Forêt de fougères.{nl}Apportez-moi la corne sur votre tête, je vous prie.	고사리 수도원64_2에서 스파나스맨이란 몬스터를 마주치실 수 있을 거에요.{nl}녀석의 머리에 난 그 뿔을 가져다 주세요.	딥디르비 서브 마스터
QUEST_UNUSED_20151102_002516	Je vais vous donner mon énergie. Utilisez l'énergie à Collines de Feretory et elle se mêlera à une{nl}partie des esprits des monstres.	저의 기운을 당신에게 전달해 드릴 것입니다.{nl}페레토리 구릉에서 그 기운을 사용하시면 몬스터의 영혼 일부가 섞이게 됩니다.	QUEST_UNUSED_20151022_001187	Je vais vous transmettre mes énergies. Quand vous utiliserez cette énergie à Collines de Feretory,{nl}une part des esprits des monstres s'y mêlera. Vainquez ce monstre et revenez après avoir{nl}absorbé l'esprit.	저의 기운을 당신에게 전달해 드릴 것입니다.{nl}페레토리 구릉에서 그 기운을 사용하시면 몬스터의 영혼 일부가 섞이게 됩니다.{nl}그 몬스터를 처치하시고 영혼을 흡수한 다음 돌아오세요.	사두 마스터
QUEST_UNUSED_20151102_002517	Vainquez les monstres imprégnés de mon énergie pour recueillir leurs esprits, puis{nl}apportez-les-moi. Faites-le sans l'aide de quiconque.	영혼이 섞인 몬스터를 처치하시고 영혼을 흡수한 다음 돌아오세요.{nl}단, 이 시험은 동료의 도움은 받으실 수 없습니다.				사두 마스터
QUEST_UNUSED_20151102_002518	Vous semblez prêt. Si c'est le cas, rendez-vous au Carrefour d'Apsimesti sans votre bouclier et{nl}vainquez-y les monstres.	준비는 된 것 같군.{nl}그렇다면 방패를 착용하지 않은 상태에서 압시메스티 교차로의 몬스터를 해치우고 와.	QUEST_UNUSED_20151022_001199	Je crois que vous êtes prêt. Si c'est le cas, vainquez les monstres aux Carrefours d'Apsimesti sans{nl}utiliser de bouclier. En fait, affrontez les monstres sans équiper les monstres.	준비는 된 것 같군.{nl}그렇다면 방패를 사용하지 않고 압시메스티 교차로의 몬스터를 해치우고 와.{nl}아니, 애초에 착용하지 않은 상태에서 몬스터를 해치우고 오는 게 좋겠군.	로델레로 마스터
QUEST_UNUSED_20151102_002519	Vous savez que vous devez faire cela seul, n'est-ce pas ?	물론 혼자서 해내야 한다는 정도는 알겠지?				로델레로 마스터
QUEST_UNUSED_20151102_002520	Êtes-vous bon à la lance à présent ? Si c'est le cas, préparez-vous à devenir un véritable{nl}Cataphractaire. Comment se porte votre compagnon ?	어때, 이제 찌른다는 게 뭔지 알겠나?{nl}그럼 진정한 캐터프랙트로 거듭나기 위한 준비를 해보세.{nl}자네 컴패니언의 상태는 양호한가?	QUEST_UNUSED_20151022_001202	Alors, comprenez-vous maintenant ce qu'est le transpercement ? Bien, préparons-nous alors à{nl}passer au niveau suivant.	어때, 이제 찌른다는 게 뭔지 알겠나?{nl}그럼 다음 단계로 나아가기 위한 준비를 해보자.	캐터프랙트 마스터
QUEST_UNUSED_20151102_002521	Bien. Imaginez que vos bras sont la lance qui frappera vos adversaires. Et que vos jambes sont le{nl}compagnon qui vous déplace. Rendez-vous au Carrefour d'Apsimesti et vainquez vos ennemis{nl}monté sur votre compagnon.	좋아. 어떤 적도 꿰뚫을 수 있는 창이 자네의 팔이라고 치지.{nl}그렇다면 다리는 단연 기동력을 제공해주는 자네의 컴패니언이라고 할 수 있을걸세.{nl}컴패니언에 올라탄 채로 압시메스티 교차로의 적들을 토벌하고 오게.	QUEST_UNUSED_20151022_001203	Supposons que la lance capable de transpercer n'importe quel ennemi soit votre bras. On peut{nl}dire que les jambes sont votre compagnon qui vous donne la mobilité. Vainquez les ennemis{nl}aux Carrefours d'Apsimesti en montant un compagnon.	어떤 적도 꿰뚫을 수 있는 창이 자네의 팔이라고 치지.{nl}그렇다면 다리는 단연 기동력을 제공해주는 자네의 컴패니언이라고 할 수 있을걸세.{nl}컴패니언에 올라탄 채로 압시메스티 교차로의 적들을 토벌하고 오게.	캐터프랙트 마스터
QUEST_UNUSED_20151102_002522	J'ai reçu une lettre de Tesla ! D'après ce qu'il écrit, il semble attendre de grandes choses de vous.{nl}Voyons si vous avez assez progressé pour être à la hauteur de ses attentes.	간신히 테슬라님과 연락이 닿았어요!{nl}당신에 대해서 편지에 적었더니 기대되는 인재라고 하시더군요.{nl}지금 당신의 실력은 그 기대에 걸맞게 성장했을지 시험해보죠.	QUEST_UNUSED_20151022_001210	J'ai à peine réussi à contacter Tesla ! Je vous ai mentionné dans la lettre et il place assurément de{nl}grands espoirs en vous. Alors, que diriez-vous de tenter le dernier niveau de Dievdirbys ?	간신히 테슬라님과 연락이 닿았어요!{nl}당신에 대해서 편지에 적었더니 기대되는 인재라고 하시더군요.{nl}그런 의미에서 딥디르비의 마지막 단계에 도전해보시는 건 어떨까요?	딥디르비 서브 마스터
QUEST_UNUSED_20151102_002523	Les cités sont peut-être éloignées les unes des autres, mais il y a toujours un chemin rapide.{nl}Bonne chance.	두 도시 간 거리가 멀긴 하지만 언제나 빠른 방법은 있는 법이랍니다.{nl}수고해 주세요.	QUEST_UNUSED_20151022_001215	J'ai entendu dire qu'on peut facilement se rendre à Fedimian en utilisant le pouvoir de la statue{nl}de la Déesse. Nous pourrions gagner du temps.	여신상의 힘을 사용하면 페디미안까지 쉽게 이동할 수 있다고들 하네요.{nl}조금이라도 시간을 줄일 수 있겠네요.	딥디르비 서브 마스터
QUEST_UNUSED_20151102_002524	Prenez cette relique et rendez-vous dans Voie du démon affamé. Activez-la à l'Autel abandonné{nl}de la Falaise de Hyth et les monstres apparaîtront. Je suppose que vous savez quoi faire ensuite ?	이 오래된 성물을 가지고 큰아귀 길로 가세요.{nl}히스 절벽에 있는 버려진 제단에 성물을 반응시키면 몬스터들이 나올 겁니다.{nl}그 다음은 말씀드리지 않아도 아시겠지요?	QUEST_UNUSED_20151022_001220	Apportez ces reliques à La voie du démon affamé, je vous prie. Quand vous ferez réagir les{nl}reliques à l'autel abandonné là-haut, les monstres apparaîtront. Vous savez ce qui suit même si{nl}je ne dis rien, n'est-ce pas ?	이 오래된 성물을 가지고 큰아귀 길로 가세요.{nl}위쪽 막다른 곳에 버려진 제단에 성물을 반응시키면 몬스터들이 나올 겁니다.{nl}그 다음은 말씀드리지 않아도 아시겠지요?	팔라딘 서브 마스터
QUEST_UNUSED_20151102_002525	L'Abandoned Altar se trouve près de la Falaise de Hith, dans Voie du démon affamé.	버려진 제단은 큰아귀 길의 히스 절벽에 있습니다.	QUEST_UNUSED_20151022_001221	L'autel abandonné se trouve au bout de la Voie du démon affamé là-haut.	버려진 제단은 큰아귀 길 위쪽 막다른 지점에 있습니다.	팔라딘 서브 마스터
QUEST_UNUSED_20151102_002526	Beau travail. Vous êtes plus près du niveau suivant. Je serais ravi de présenter votre talent à mon{nl}oncle ; il est occupé à son travail de Maître.	수고하셨어요. 보다 높은 경지로 또 한 발을 내딛으셨군요.{nl}마스터로써 중요한 일로 바쁘신 저희 삼촌께도 보여드렸으면 싶은 실력이시네요.	QUEST_UNUSED_20151022_001222	Bien joué. Vous êtes passé à un niveau supérieur. Vous possédez les Skills que je veux montrer à{nl}mon oncle qui est un maître.	수고하셨어요. 보다 높은 경지로 또 한 발을 내딛으셨군요.{nl}마스터로써 중요 임무 중인 저희 삼촌께도 보여드렸으면 싶은 실력이시네요.	팔라딘 서브 마스터
QUEST_UNUSED_20151102_002527	Enfin, vous êtes un véritable Rodelero à présent. Mais avez-vous ce qu'il faut pour être un chef ?{nl}Pourquoi ne pas tenter le coup avec les Colimencia du Manoir Greene ?	드디어 자네도 한 명의 어엿한 로델레로군.{nl}하지만 자네가 과연 남들을 이끌만한 능력이 있는가?{nl}그린가의 장원에 있는 콜리멘시아로 시험해보지.	QUEST_LV_0200_20150918_009098	Vous êtes donc maintenant un Rodelero compétent. Mais que diriez-vous d'affronter un{nl}Colimencia... Celui du manoir de la famille Greene.	드디어 자네도 한 명의 어엿한 로델레로군.{nl}하지만 콜리멘시아라면 어떨까.. 그린가의 장원에 있는 위험한 녀석 말이야.	로델레로 마스터
QUEST_UNUSED_20151102_002528	Vous vous sentirez dépassé. Mais vous devez connaître vos faiblesses avant de pouvoir atteindre{nl}le niveau supérieur de Rodelero.	분명 버거움을 느낄 거야.{nl}하지만 자신의 부족함을 알아야 더 높은 경지의 로델레로가 될 수 있는 것이지.	QUEST_LV_0200_20150918_009100	Vous en sentirez le poids. Mais vous devez prendre conscience de vos lacunes pour devenir un{nl}meilleur Rodelero.{nl}	분명 버거움을 느낄 거야.{nl}하지만 자신의 부족함을 알아야 더 높은 경지의 로델레로가 될 수 있는 것이지.{nl}	로델레로 마스터
QUEST_UNUSED_20151102_002529	Comment était-ce d'affronter un adversaire aussi fort ? Vous sentez-vous fait pour être Rodelero{nl}? Vous êtes déjà un véritable Rodelero, si vous voulez mon avis. Continuez ce bon travail.{nl}	강적과 싸워보니 어떻던가? 스스로 로델레로에 걸맞다고 생각하는가?{nl}자네가 어떻게 생각하든 내가 보기에 자네는 이미 어엿한 로델레로일세.{nl}앞으로 함께 정진해 나가세.{nl}	QUEST_LV_0200_20150918_009099	Quand certaines choses manquent, c'est qu'il y a une marge de progression. Ne vous en faites{nl}pas. Je peux combler cela.	부족한 것이 있다는 건 더 나아갈 여지가 있다는 말이야.{nl}걱정 마. 내가 채워줄 수 있거든.	로델레로 마스터
QUEST_UNUSED_20151102_002530	Pour devenir le meilleur Cataphractaire, il vous faut un adversaire digne de ce nom. Les Gaigalas{nl}de la Ferme des métayers sont réputés pour être les plus féroces et les plus sauvages. Allez-y et{nl}vainquez-en quelques-uns.	최강의 캐터프랙트를 꿈꾼다면 그에 걸맞는 상대를 꺾어봐야지.{nl}테넌츠 농장의 가이갈라스의 흉폭함은 널리 알려져 있다네. 피해자도 헤아릴 수 없다던가?{nl}냉큼 가서 녀석을 해치우고 오게.	QUEST_JOBSTEP_20150714_002786	Si tu rêves de devenir le plus grand Cataphractaire, tu dois pouvoir vaincre Gaigalas à la Ferme{nl}des métayers facilement. Si tu as compris, reviens vite.	최강의 캐터프랙트를 꿈꾼다면 테넌츠 농장의 가이갈라스 정도는 가볍게 없앨 수 있어야지.{nl}알겠다면 어서 빨리 냉큼 다녀오게.	캐터프랙트 마스터
QUEST_UNUSED_20151102_002531	Ce que vous avez fait était très impressionnant. En tant que Maître Sadhu, j'attends vos progrès{nl}avec impatience.	정말 훌륭한 일을 해 주셨습니다.{nl}사두 마스터로서 당신의 성장을 기대하겠습니다.	QUEST_LV_0200_20150918_009101	Ce que vous avez accompli est vraiment stupéfiant. J'ai hâte de voir votre progression en tant{nl}que Maître Sadhu.	정말 훌륭한 일을 해 주셨습니다.{nl}사두 마스터로서 앞으로의 성장을 기대하겠습니다.	사두 마스터
QUEST_UNUSED_20151102_002532	Vous avez bien progressé. Il est temps que vous passiez l'épreuve de l'étape finale. Il nous faut{nl}un moyen de prouver vos talents.	그 사이 실력이 또 일취월장하셨군요.{nl}아무래도 마지막 단계로 나아가기 위한 시험을 치르셔야겠어요.{nl}그 실력을 증명할 방법이 필요하겠군요.	QUEST_UNUSED_20151022_001223	Vous vous êtes encore amélioré. Mon oncle sera surpris. Vous devriez passer l'épreuve pour{nl}atteindre le dernier stade. Il nous faut un moyen de prouver votre Skill.	그 사이 실력이 또 일취월장하셨군요. 이 정도라면 저희 삼촌도 놀라겠는걸요.{nl}아무래도 마지막 단계로 나아가기 위한 시험을 치르셔야겠어요.{nl}그 실력을 증명할 방법이 필요하겠군요.	팔라딘 서브 마스터
QUEST_UNUSED_20151102_002533	Et je crois savoir lequel. On dit que les Gaigalas de la Ferme des métayers sont parmi les plus{nl}indomptables. Allez-y et vainquez-en quelques-uns pour vous assurer qu'ils ne nuisent à{nl}personne d'autre.	마침 적당한 상대를 알고 있지요.{nl}테넌츠 농장에서 가이갈라스라는 몬스터가 날뛰는 모양이에요.{nl}녀석이 더 이상 사람들을 해치지 못하도록 처리해 주세요.	QUEST_UNUSED_20151022_001224	Je connais un adversaire à votre mesure. Des monstres appelés Gaigalas se déchaînent à la Ferme{nl}des métayers.	마침 적당한 상대를 알고 있지요.{nl}테넌츠 농장에서 가이갈라스라는 몬스터가 날뛰는 모양이에요.	팔라딘 서브 마스터
QUEST_UNUSED_20151102_002534	Je me demandais si ce n'était pas trop dangereux, mais il semble que je vous aie sous-estimé.{nl}Vous êtes fort impressionnant. Je ne crois pas que quiconque doute que vous soyez apte à{nl}devenir un Paladin de haut niveau.	솔직히 좀 위험하지 않을까 싶었는데 제가 당신의 실력을 오판한 모양이군요.{nl}대단하세요.{nl}누구든지 당신이라면 높은 경지의 팔라딘이 될 수 있는 자격이 있음을 인정할 겁니다.	QUEST_UNUSED_20151022_001226	En fait, je pensais que cela allait être dangereux, mais j'imagine que j'avais mal jugé vos Skills.{nl}Bien joué. N'importe qui vous reconnaîtrait comme un Paladin de haut niveau.	솔직히 좀 위험하지 않을까 싶었는데 제가 당신의 실력을 오판한 모양이군요.{nl}대단하군요. 당신이라면 누구라도 가장 높은 경지의 팔라딘으로 인정할 겁니다.	팔라딘 서브 마스터
QUEST_UNUSED_20151102_002535	Arrêtez.	끝				
QUEST_UNUSED_20151102_002536	Départ !	진행!				계시자 미하일
QUEST_UNUSED_20151102_002537	Commencer ?	진행?				마법사 멜히오라스
QUEST_UNUSED_20151102_002538	Arrêter ?	끝?				계시자 미하일
QUEST_UNUSED_20151102_002539	Je pensais que nous trouverions la Déesse Zemyna ici mais je ne vois que des morts... Je n'ai{nl}jamais rien vu de tel. Nous devons trouver Zemyna.	여기라면 제미나 여신의 행방을 찾을 수 있을까 했는데 망자들만 가득하다니..{nl}이런 건 처음 봐요. 어서 제미나님을 찾아야 할 텐데요.	QUEST_UNUSED_20151001_000537	Je pensais pouvoir découvrir où se trouve la Déesse Zemyna ici, mais ce lieu est plein de morts..{nl}Je n'ai jamais vu cela. Nous devrions chercher Zemyna vite.	여기라면 제미나 여신의 행방을 찾을 수 있을까 했는데 망자들만 가득하다니..{nl}이런 건 처음 봐요. 어서 제미나님을 찾아야 할텐데요.	보코르 유타
QUEST_UNUSED_20151102_002540	Nous ne pouvons donc pas approcher la relique... Je comprends qu'on éloigne monstres et{nl}démons, mais pourquoi elle est protégée contre les gens, je l'ignore.	가까이 가지도 못하게 막아 놓은 성물이라..{nl}몬스터나 마족은 이해한다 쳐도, 사람까지 막아놓는 건 이해가 안되네요.	QUEST_LV_0100_20151001_008743	Une relique sacrée dont on ne peut même pas approcher... Je comprends qu'ils empêchent les{nl}monstres ou les démons de s'en approcher mais les humains aussi, cela je ne le comprends pas.	가까히 가지도 못하게 막아 놓은 성물이라..{nl}몬스터나 마족은 이해한다 쳐도, 사람까지 막아놓는 건 이해가 안되네요.	보코르 유타
QUEST_UNUSED_20151102_002541	Qu'était-ce que cela ? C'est si bon d'être de nouveau en sécurité. J'ai failli retourner à la déesse.{nl}	그건 도대체 뭐였죠? {nl}무사해서 정말 다행이에요. 하마터면 여신의 품으로 갈 뻔 했네요.{nl}	QUEST_LV_0100_20151001_008771	Merci de m'avoir sauvé. J'ai failli rejoindre la déesse. Je suppose que c'est un mensonge, cette{nl}histoire de relique sacrée de la déesse. {nl}	구해주셔서 감사해요. 하마터면 여신의 품으로 갈 뻔 했네요.{nl}역시 그게 여신의 성물이라는 건 거짓말이었나봐요.{nl}	보코르 유타
QUEST_UNUSED_20151102_002542	J'aurais dû m'en douter... ce n'était pas du tout une relique de la déesse.{nl}	역시.. 그게 여신의 성물이라는 건 거짓말이었나봐요.{nl}	QUEST_LV_0100_20151001_008772	La relique de la déesse n'invoquerait pas pareil monstre. Cet Ordre de l'Arbre de la vérité me{nl}paraît bien louche. 	여신의 성물이 저런 몬스터를 불러낼 리는 없으니까요.{nl}그 진리의 나무교단이라는 사람들도 의심스럽네요.	보코르 유타
QUEST_UNUSED_20151102_002543	Je vais vous donner mes registres. Prenez-les et détruisez-les ; alors seulement je pourrai enfin{nl}être en paix.	내 이 기록을 자네에게 주겠네.{nl}자네가 책임지고 이 기록을 없애준다면 다시 편히 잠들 수 있을 것 같아.	QUEST_LV_0100_20151001_008851	Je vous donnerai ce registre. Si vous veillez à le détruire, je pourrai reposer en paix de nouveau.{nl}Je vous en prie.	내 이 기록을 자네에게 주겠네.{nl}자네가 책임지고 이 기록을 없애준다면 다시 편히 잠들 수 있을 것 같네. {nl}부탁하네.	칼라일의 영혼
QUEST_UNUSED_20151102_002544	Je ne crois pas... vous avoir déjà vu.{nl}	처음 보는 분.. 이네요.{nl}	QUEST_UNUSED_20151022_001229	Quoi ? Qu'avez-vous apporté ici ? Ah... peu importe. Si cela vous convient, pouvez-vous me{nl}donner un coup de main ?{nl}	응?{nl}이렇게 인적 드문 숲에는 어쩐 일로 오신거죠?{nl}아.. 그건 아무래도 좋아요. 괜찮으시면 절 좀 도와주시겠어요?{nl}	드루이드 레야
QUEST_UNUSED_20151102_002545	Hm... C'est bien. Si vous le pouvez, voudriez-vous m'aider ?{nl}	윽.. 그건 아무래도 좋아요. {nl}괜찮다면 절 도와주시겠어요?{nl}	QUEST_UNUSED_20151016_000799	Je m'appelle Druide Leja et je vis dans cette forêt. J'en suis arrivée là en poursuivant les Ferret{nl}qui se sont enfuis avec la nourriture du village. Je n'ai pas pu retrouver la nourriture, mais j'ai{nl}été attaquée par des Ferret.{nl}	저는 이 숲에 사는 드루이드 레야라고 해요.{nl}페릿이 마을을 습격해서 식량을 훔쳐달아나는 걸 쫓다가 여기까지 왔죠.{nl}그런데 식량도 못찾고 오히려 페릿들에게 공격당해버렸네요.{nl}	드루이드 레야
QUEST_UNUSED_20151102_002546	J'ai couru après les Ferret qui ont volé notre nourriture et j'ai fini ici. Mais les Ferret m'ont{nl}attaqué et je n'ai pas pu récupérer la nourriture.{nl}	페릿이 마을의 식량을 훔쳐 달아나는 걸 쫓다가 여기까지 와버렸어요.{nl}그런데 식량을 되찾긴 커녕 오히려 페릿들에게 공격당해버렸네요.{nl}	QUEST_UNUSED_20151016_000800	Je veux soigner ma blessure avant de retourner au village.. Là-haut, il y a une herbe qui agit bien{nl}sur les blessures. Apportez-nous ces herbes, je vous prie.	마을로 돌아가기 전에 상처를 좀 추스려야할 것 같은데..{nl}저 위에 올라가면 상처에 잘 듣는 약초가 있어요. 그 약초를 좀 가져다주세요.	드루이드 레야
QUEST_UNUSED_20151102_002547	J'ai besoin de premiers soins pour mes blessures... Il y a une herbe à la Falaise de Luvda qui aide{nl}à arrêter les saignements. Voulez-vous m'en rapporter ?	어떻게든 응급처치라도 하고 싶은데..{nl}르브다 절벽 쪽에 지혈에 잘 듣는 약초가 있어요. 그걸 부탁드려도 될까요?				드루이드 레야
QUEST_UNUSED_20151102_002548	Les Ferret pourraient attaquer de nouveau. Ces temps-ci, on dirait qu'ils pensent que tout dans{nl}la forêt leur appartient.	어쩌면 페릿들이 공격해올지도 몰라요.{nl}언젠가부터 이 숲에서 나는 모든 게 자기들 거라고 생각하는 것 같더라고요.	QUEST_UNUSED_20151016_000801	Quand nous récoltons les herbes, les Ferret peuvent nous attaquer. Ils pensent que tout dans{nl}cette forêt leur appartient.	약초를 채집하다보면 페릿들이 공격해올지도 몰라요.{nl}언젠가부터 이 숲에서 나는 모든 게 자기꺼라고 생각하는 것 같더라구요.	드루이드 레야
QUEST_UNUSED_20151102_002549	Merci infiniment pour ce service. Je vais me reposer un peu puis retourner à l'atelier où sont les{nl}autres.{nl}	정말 감사해요. 제대로 구해 오셨네요.{nl}조금만 쉬었다가 마을 사람들이 있는 작업장으로 돌아 가야겠어요.{nl}	QUEST_UNUSED_20151022_001230	Vous les avez bien rapportés. Merci. J'aimerais vous rendre la pareille au village.. Nous, les{nl}villageois, n'accueillons pourtant pas vraiment les étrangers..{nl}	제대로 구해오셨네요. 고마워요.{nl}마을로 모셔가서 보답해드리고 싶지만..{nl}우리 마을 사람들은 외지인을 반기는 편이 아니라서요..{nl}	드루이드 레야
QUEST_UNUSED_20151102_002550	Vous me dites que vous avez vu une fille poursuivie par un démon à la hache ? Ce démon est{nl}probablement Zaura ; la fille, je ne sais pas.{nl}	웬 소녀가 거대한 도끼를 든 마족에 쫓기는 걸 보셨다고요?{nl}마족은 마군주 자우라 같은데, 그 소녀는 저도 잘 모르겠네요.{nl}	QUEST_UNUSED_20151022_001231	En revenant, avez-vous vu les démons à la hache gigantesque et la fille poursuivie par le démon{nl}? Le démon à la grande hache est le seigneur démon Zaura... Le Révélateur et la fille ne devraient{nl}pas se rencontrer... Ce n'est pas quelque chose de normal...{nl}	돌아오는 길에 거대한 도끼를 든 마족과 그 마족에게 쫓기는 소녀를 보셨다구요?{nl}거대한 도끼를 든 마족이라면 마군주 자우라인데..{nl}계시자와 소녀를 만나게 해서는 안된다니.. 확실히 심상치 않은 일이네요..{nl}	드루이드 레야
QUEST_UNUSED_20151102_002551	Et il veut empêcher la fille de rencontrer le Révélateur... ?{nl}	게다가 그 소녀가 계시자와 만나게 해선 안된다니.. {nl}	QUEST_UNUSED_20151022_001232	Je devrais le dire au village et en informer les villageois. Nous ne pouvons pas laisser des{nl}étrangers courir un danger à cause des affaires de notre village.	이 일은 마을에 알리고 마을 사람들과 알아봐야겠어요.{nl}우리 마을 일로 외지인을 위험에 빠뜨릴 수는 없죠.	드루이드 레야
QUEST_UNUSED_20151102_002552	Cela paraît suspect. Je dois en parler au village.{nl}	느낌이 안 좋아요.{nl}이건 마을 사람들에게 알려야 할 것 같아요.{nl}				드루이드 레야
QUEST_UNUSED_20151102_002553	Quoi ? Vous êtes un Révélateur ?{nl}	네?{nl}당신이 계시자라고요?{nl}	QUEST_UNUSED_20151022_001233	Quoi ? Êtes-vous le Révélateur ? Si c'est le cas, êtes-vous venu ici après avoir rêvé du désastre ? ..{nl}Si c'est le cas, vous êtes peut-être le Révélateur du folklore qui se transmet dans notre village.{nl}	네? 당신이 계시자라고요?{nl}그렇다면 혹시 재앙의 꿈을 꾸고 이 곳으로 온건가요?{nl}..그렇다면 당신이 우리 마을에 내려오는 전승 속의 계시자일지도 모르겠어요.{nl}	드루이드 레야
QUEST_UNUSED_20151102_002554	Êtes-vous venu ici après avoir rêvé d'une calamité ?{nl}	그렇다면 혹시 재앙의 꿈을 꾸고 이 곳으로 오신 건가요?{nl}	QUEST_UNUSED_20151022_001234	Dans notre village, la prédiction laissée par la déesse Laima se transmet comme un folklore.{nl}Quand le village était en danger, le Révélateur venu à la poursuite du rêve avec la lumière sacrée{nl}Il s'agissait de vaincre l'énergie maléfique et de sauver le village. Ce n'est pas le moment pour{nl}cela. Nous devrions gagner le village et en apprendre davantage.{nl}	우리 마을에는 먼 옛날 라이마 여신께서 남긴 예지가 전승으로 내려오고 있어요.{nl}마을이 위기에 처했을 때 재앙의 꿈을 쫓아온 계시자가 성스러운 빛과 함께{nl}사악한 기운을 물리치고 마을을 구할거라는 내용이죠.{nl}이럴 때가 아니에요. 얼른 마을에 가서 확실히 알아봐야겠어요.{nl}	드루이드 레야
QUEST_UNUSED_20151102_002555	Je me demande si... ? Je crois que vous pourriez bien être le Révélateur dont parle l'histoire de{nl}notre village.{nl}	설마, 이번에야말로.. {nl}우리 마을에 내려 오는 이야기 속의 진짜 계시자가 당신일지도 모르겠어요.{nl}	QUEST_UNUSED_20151022_001235	Je vais aller au village et en apprendre davantage sur le folklore. Je veux que vous récupériez la{nl}nourriture que les Ferret ont emportée. Bien que nous n'accueillions pas les étrangers, si vous{nl}pouviez récupérer la nourriture volée par les Ferret, les villageois vous aideraient.	제가 먼저 마을로 가서 전승에 대해 좀 더 자세히 알아보고 있을테니{nl}계시자님은 페릿들이 훔쳐간 식량을 되찾아주세요.{nl}아무리 외지인을 꺼리더라도 페릿이 훔쳐간 식량을 되찾아주신다면 마을 사람들도 힘을 보탤 거에요.	드루이드 레야
QUEST_UNUSED_20151102_002556	L'histoire dit... que lorsque le chaos s'emparera de notre village, un Révélateur rêvera d'une{nl}calamité et viendra. Lui et sa lumière divine chasseront le mal et sauveront le village.{nl}	마을이 위기에 처했을 때, 재앙의 꿈을 쫓아온 계시자가 나타날 것이다.{nl}성스러운 빛과 함께 사악한 기운을 물리치고 마을을 구원하리라.. 라고요.{nl}	QUEST_LV_0100_20151016_009827	Révélateur. Cette ville traverse une crise alimentaire. Utilisez cette poudre paralysante{nl}anti-furets pour récupérer la nourriture qu'ils ont volée, je vous prie. Je vais rentrer en ville et{nl}me renseigner davantage sur la légende.	계시자님. 지금 마을 사람들은 식량 문제로 크게 곤란해하고 있어요.{nl}여기 페릿용 마비 가루를 드릴테니 페릿들로부터 페릿이 훔쳐간 식량을 되찾아주세요.{nl}저는 먼저 마을로 돌아가서 전승에 대해 좀 더 자세히 알아볼게요.	드루이드 레야
QUEST_UNUSED_20151102_002557	Ce sont les paroles de la Déesse Laima qui se sont transmises. Mais... euh...{nl}	오래 전부터 마을에 전해져 오는 라이마 여신의 예지이지요.{nl}하지만.. 음..{nl}				드루이드 레야
QUEST_UNUSED_20151102_002558	Ce n'est pas le bon moment. Je vais d'abord interroger notre chef de village sur cette histoire.{nl}	이럴 때가 아니에요.{nl}저는 일단 촌장님께 전승에 대해 자세히 알아보고 있을게요.{nl}				드루이드 레야
QUEST_UNUSED_20151102_002559	En attendant, reprenez notre nourriture aux Ferret qui l'ont volée, je vous prie. Vous pouvez{nl}l'apporter à notre chef de village au Atelier de la forêt de Bellai.{nl}	그 동안 계시자님께선 페릿들이 훔쳐간 식량을 되찾아 주세요.{nl}벨라이 숲 작업장에 계시는 촌장님께 가져다 주시면 돼요.{nl}				드루이드 레야
QUEST_UNUSED_20151102_002560	Les nôtres ne font pas vraiment confiance aux étrangers mais... Nous ne pouvons pas refuser de{nl}l'aide.	마을 사람들이 예전 일 때문에 외지인을 꺼리긴 하지만..{nl}도와 준 사람을 외면하진 않을 거예요.				드루이드 레야
QUEST_UNUSED_20151102_002561	Êtes-vous le Révélateur dont Leja a parlé ? Et cela, c'est... notre nourriture volée.{nl}	당신이 레야가 말한 계시자인가요?{nl}그리고 이건.. 저희가 도둑맞은 식량이군요.{nl}	QUEST_UNUSED_20151022_001236	C'est vous ? Êtes-vous le Révélateur dont Leja parlait ? J'ai entendu dire que les prêtres du village{nl}attaqués par les Ferret ont été sauvés par vous grâce au rayon. Vous voilà enfin. Bien. Le{nl}Révélateur qui va sauver le village est venu. Ohoh... Déesse Laima... Merci. Vous ne nous avez pas{nl}abandonnés...{nl}	자넨가? 자네가 레야가 말한 계시자인가?{nl}페릿에게 습격당한 마을 사제도 자네가 빛으로 구해줬다지?{nl}드디어 왔네. 왔어. 마을을 구할 계시자가 온게야.{nl}오오.. 라이마 여신이시여.. 감사합니다. 우릴 버리지 않으셨군요..{nl}	마을 촌장
QUEST_UNUSED_20151102_002562	Merci d'avoir repris notre nourriture mais... Je ne crois pas pouvoir encore vous faire confiance.{nl}	저희 식량을 되찾아 준 건 고맙지만.. {nl}그렇다고 해서 무작정 믿을 순 없어요.{nl}	QUEST_UNUSED_20151022_001237	Qu'est-ce que c'est ? N'est-ce pas la nourriture volée par les Ferret ?! Hé, les amis ! Regardez ça !{nl}Le Révélateur a récupéré la nourriture volée ! Vous êtes vraiment venu ici pour sauver notre{nl}village. Merci. Merci beaucoup.	그건 뭔가? 페릿이 훔쳐갔던 식량 아닌가?!{nl}이보게들! 이것 좀 보게! 계시자께서 페릿들이 훔쳐간 식량을 되찾아오셨네!{nl}정말 우리 마을을 구해주러 온 게 맞나보구만.{nl}고맙네. 정말 고마워.	마을 촌장
QUEST_UNUSED_20151102_002563	Comprenez-nous. Nous avons déjà été trompés par les démons, voyez-vous.	이해해 주세요. {nl}우린 마족에게 한 번 속은 적이 있었으니까요.				마을 촌장
QUEST_UNUSED_20151102_002564	Leja a dit qu'elle devait être ailleurs et elle est partie. Je ne peux toutefois pas vous dire où elle va.{nl}	레야는 따로 볼 일이 있다며 다른 곳으로 갔어요.{nl}하지만 어디로 갔는지는 말해줄 순 없지요.{nl}	QUEST_UNUSED_20151022_001238	Leja est partie à Zehara chercher quelque chose qui pourrait l'aider. Il y a une statue sculptée par{nl}les ancêtres qui servaient la déesse Laima. Elle a dit que Laima avait dû préparer quelque chose{nl}sur la statue de la déesse. Si vous comptez aller à Zeraha, écoutez mon récit avant de partir.{nl}	레야는 자네에게 도움이 될 것을 찾겠다며 먼저 제라하로 갔네.{nl}그 곳에는 라이마 여신을 모시던 선조들이 조각한 여신상이 있지.{nl}라이마 여신께서 필시 여신상에 자네를 위한 준비를 해뒀을 거라면서 말이네.{nl}제라하로 갈 생각이라면 가기 전에 내 얘기를 좀 들어보게나.{nl}	마을 촌장
QUEST_UNUSED_20151102_002565	Comme je l'ai dit, nous ne pouvons pas encore vous faire confiance.{nl}	아까도 말했다시피, 우린 당신을 무작정 믿을 수는 없으니까요.{nl}	QUEST_UNUSED_20151022_001239	Il y a longtemps, quand la Déesse Laima a disparu après avoir prédit l'avenir funeste, elle{nl}s'inquiétait pour nous et a demandé à la Déesse Lada de veiller sur le village. Cependant,{nl}contrairement à la prédiction de Laima, le village était paisible.{nl}	먼 옛날 라이마 여신께서는 불길한 미래를 예지하시고 자취를 감추셨을 때,{nl}남은 우리를 걱정한 라이마 여신께서는 라다 여신께 마을을 부탁하셨네.{nl}하지만 라이마 여신의 걱정과는 달리 마을은 평화로웠어.{nl}	마을 촌장
QUEST_UNUSED_20151102_002566	Nous avons eu une fois quelqu'un venu dans notre village en se disant Révélateur. Il s'agissait{nl}d'un homme au visage pâle et aux longs cheveux.{nl}	예전에 자신이 계시자라며 이 곳에 찾아 온 사람이 있었죠.{nl}창백한 얼굴에 긴 머리의 남자였어요.{nl}	QUEST_UNUSED_20151022_001240	Medzio Diena est arrivé au milieu de jours paisibles. Les démons ont enlevé Lada et la rivière{nl}était devenue rouge. Ceux qui buvaient l'eau de la rivière souffraient et les fruits qui absorbaient{nl}l'eau de la rivière devenaient énormes. Les gros fruits n'étaient pas comestibles, comme l'eau{nl}rouge.{nl}	그렇게 평화로움이 계속 되던 중 신수의 날이 왔네.{nl}마족들이 마을을 습격해서 라다 여신을 납치해갔고, 강물이 붉게 물들었지.{nl}강물을 마시는 사람은 고통에 시달렸고, 그 강물을 먹고 자란 과일은 거대해졌지.{nl}거대해진 과일 역시 붉은 물 처럼 먹으면 고통에 시달려서 먹을 수가 없게 됐네.{nl}	마을 촌장
QUEST_UNUSED_20151102_002567	Nous pensions que notre Révélateur était enfin arrivé et avons fait comme cet homme le disait.{nl}En vérité, en réalité... c'était un démon.{nl}	우리는 드디어 전승 속의 계시자가 나타났다고 믿었기에 그 남자가 시키는 대로 따랐어요.{nl}하지만 그의 정체는.. 마족이었지요.{nl}	QUEST_UNUSED_20151022_001241	Après que le désastre a balayé le village, les villageois croient au folklore selon lequel le{nl}Révélateur venu au village après avoir rêvé du désastre vaincra l'énergie maléfique et sauvera le{nl}village par la lumière.{nl}	재앙이 마을을 덮친 지금, 마을 사람들은 재앙의 꿈을 쫓아 온 계시자가{nl}사악한 기운을 물리치고 빛과 함께 마을을 구할거라는 전승만을 믿고 있네.{nl}	마을 촌장
QUEST_UNUSED_20151102_002568	Nous avons cru le démon et à cause de cela la Déesse Lada a été emmenée... Même les furets sont{nl}devenus violents.{nl}	우리가 그 마족에게 놀아난 덕분에 라다 여신은 납치되었고.. {nl}온순했던 페릿 부족까지 난폭하게 돌변했어요.{nl}	QUEST_UNUSED_20151022_001242	Le problème le plus urgent, c'est que les Ferret, autrefois doux, sont devenus violents. Nous{nl}voulons sauver Lada, mais comme des Ferret violents attaquent le village et volent la nourriture,{nl}tout le monde souffre. Je crois que le totem démoniaque bâti par les démons près du repaire des{nl}Ferret ici les a rendus violents...{nl}	이 와중에 가장 급한 문제는 온순했던 페릿 부족마저 난폭하게 돌변했다는 걸세.{nl}힘을 합쳐 납치 당한 라다 여신을 구하고 싶지만 난폭해진 페릿 부족이 마을을 습격하고{nl}식량까지 훔쳐가는 통에 마을 사람들 모두 괴로워하고 있네.{nl}아무래도 이 근처 페릿 부족 근거지에 마족이 세운 마족 토템이 페릿 부족을 난폭하게 만든 것 같네..{nl}	마을 촌장
QUEST_UNUSED_20151102_002569	Nous pensons que c'était à cause du totem que le démon nous a fait installer. Nous voulons tous{nl}unir nos forces et sauver la Déesse Lada, mais les attaques de furets nous inquiètent.{nl}	아마 우리가 그 마족에게 속아서 세운 마족 토템 때문이겠지요.{nl}힘을 합쳐 라다 여신을 구하고 싶지만 페릿 부족의 공격 때문에 어쩌질 못하고 있어요.{nl}	QUEST_UNUSED_20151022_001243	Puisque les Ferret protègent le totem démoniaque, il nous est difficile de le briser. Pour le village,{nl}pouvez-vous briser le totem démoniaque ? Si c'est le cas, nous pourrions vous aider à sauver{nl}Lada. Je suis sûr que vous pourriez rendre les Ferret à leur état normal.	페릿이 마족토템을 지키는 탓에 우리 힘으로는 마족 토템을 부수기가 어렵네.{nl}마을을 위해서 자네가 마족 토템을 부숴 줄 수 있겠나?{nl}그렇다면 우리도 라다 여신을 구하기 위해 힘을 보탤 수 있을 것 같네.{nl}빛과 함께 마을을 구하러 온 자네라면 분명 페릿 부족 역시 되돌릴 수 있을걸세.	마을 촌장
QUEST_UNUSED_20151102_002570	Nous ne pouvons même pas approcher du totem à cause de son énergie maléfique. Mais si vous{nl}êtes vraiment un Révélateur, je suis sûr que vous pouvez user de votre pouvoir divin pour{nl}détruire le totem.{nl}	그 토템 또한 사악한 기운 때문에 가까이 갈 엄두도 못 내고 있어요.{nl}하지만 당신이 진정 계시자라면 신성한 힘으로 그 토템을 부술 수 있겠지요.{nl}				마을 촌장
QUEST_UNUSED_20151102_002571	Montrez-nous. Si vous êtes vraiment un Révélateur...	보여주세요. {nl}당신이 진짜 계시자라는 것을..				마을 촌장
QUEST_UNUSED_20151102_002572	Comprenez-moi. Je sais que Leja est heureuse que le Révélateur soit enfin là mais...{nl}	이해해 주세요.{nl}레야는 드디어 진짜 계시자가 왔다고 좋아하지만..{nl}	QUEST_LV_0100_20151016_009834	Et encore une chose, si ce totem est aussi important que nous le pensons, les démons ne{nl}resteront pas les bras croisés. Soyez prudent...	마족 토템이 중요한 것이라면 마족 놈들이 그냥 뒀을리가 없네.{nl}부디 조심하게나..	마을 촌장
QUEST_UNUSED_20151102_002573	On nous a déjà trompés, nous ne pouvons nous empêcher d'être méfiants.	이미 한 번 속은 우리는 신중해 질 수 밖에 없어요.				마을 촌장
QUEST_UNUSED_20151102_002574	Vous... vous êtes un véritable Révélateur, cela ne fait aucun doute. Je regrette tellement la façon{nl}dont je vous ai traité tout à l'heure... Pardonnez à ce vieil homme, je vous prie.{nl}	당신은.. 전승 속의 계시자임이 틀림 없군요.{nl}아까의 실례는 어떻게 해야 할지.. 이 늙은이의 안목 없음을 부디 용서해 주세요.{nl}	QUEST_UNUSED_20151022_001244	Vous êtes vraiment le Révélateur du folklore. Puisque vous avez brisé le totem démoniaque, les{nl}Ferret redeviendront doux. Merci. Je vérifierai l'état des Ferret en envoyant mes petits-enfants.{nl}Pendant votre absence, une fille mystérieuse est venue au village.	역시 전승 속의 계시자구만!{nl}자네가 마족 토템을 부숴줬으니 이제 페릿 부족도 정신을 차릴테지.{nl}고맙네. 페릿들은 내 손자놈을 보내서 확인해보겠네.{nl}자네가 자릴 비운 사이에 신비한 느낌의 소녀가 마을을 찾아왔네.	마을 촌장
QUEST_UNUSED_20151102_002575	Leja est partie à Zeraha pour tenter de trouver de quoi vous aider. Elle a dit que la Déesse Laima{nl}aura laissé quelque chose de préparé pour le Révélateur.{nl}	레야는 당신에게 도움이 될 것을 찾겠다며 먼저 제라하로 갔어요.{nl}라이마 여신께서 계시자를 위한 준비를 해 뒀을 거라면서요.{nl}				마을 촌장
QUEST_UNUSED_20151102_002576	Il y a là-bas une grande statue de la Déesse Laima. Elle a été sculptée il y a bien longtemps,{nl}quand Elle était encore dans notre village.{nl}	거기엔 라이마 여신의 거대 조각상이 있거든요.{nl}아주 예전에, 라이마 여신께서 우리 마을에 계셨을 때 세운 것이지요.{nl}				마을 촌장
QUEST_UNUSED_20151102_002577	Oh, au fait... la fille est venue. Puis-je vous raconter ce qui s'est passé dans notre village ?{nl}	참, 그리고.. 그 소녀가 왔었어요.{nl}잠시, 우리 마을에 있었던 이야기를 들어줄 수 있을까요?{nl}				마을 촌장
QUEST_UNUSED_20151102_002578	Notre village vénère la Déesse Laima depuis toujours. Un jour, Elle eut la vision d'une calamité{nl}qui s'abattrait sur le royaume dans un avenir lointain.{nl}	먼 옛날부터 우리 마을은 라이마 여신을 섬겼습니다.{nl}어느 날, 라이마 여신께서는 먼 미래에 왕국에 재앙이 내릴 것을 보셨어요.{nl}				마을 촌장
QUEST_UNUSED_20151102_002579	Alors, pour arrêter cette calamité, Elle décida de quitter le village. Peut-être s'inquiétait-Elle de{nl}nous laisser derrière, alors elle chargea la Déesse Lada de veiller sur nous.{nl}	그래서 그 재앙을 막고자 우리 마을을 떠나기로 결심하셨지요.{nl}남은 우리들이 걱정스러우셨는지, 라다 여신께 전승과 함께 우리 마을을 부탁했습니다.{nl}				마을 촌장
QUEST_UNUSED_20151102_002580	Mais contrairement à ce que la Déesse Laima avait prédit, notre village est resté paisible.{nl}	하지만 라이마 여신의 걱정과는 달리, 마을은 평화로웠어요.{nl}				마을 촌장
QUEST_UNUSED_20151102_002581	Puis, à l'improviste, Medzio Diena est survenu. C'était la calamité de la vision de la Déesse Laima.{nl}	그러던 도중, 신수의 날이 오고야 말았습니다.{nl}라이마 여신께서 보셨던 재앙이 바로 이것이었지요.{nl}				마을 촌장
QUEST_UNUSED_20151102_002582	Nous n'avons pas trop souffert de Medzio Diena, mais ce n'était pas la fin. Peu après, la rivière{nl}est devenue rouge.{nl}	신수의 날로 인한 피해는 적었지만, 그게 끝은 아니었습니다.{nl}얼마 지나지 않아 강물이 붉게 물들어 버렸지요.{nl}				마을 촌장
QUEST_UNUSED_20151102_002583	L'eau de la rivière a causé de terribles douleurs à tous ceux qui l'ont bue, et elle a fait pousser les{nl}fruits à une taille anormale. Les fruits, tout comme l'eau rouge, étaient immangeables.{nl}	강물을 마신 사람은 알 수 없는 복통에 시달렸고, 강물을 먹고 자란 과일은 거대해졌어요.{nl}거대해진 과일 역시 붉은 강물 처럼 먹을 수 없게 되었지요.{nl}				마을 촌장
QUEST_UNUSED_20151102_002584	Comme si cela ne suffisait pas, les démons sont ensuite venus et ont emmené la Déesse Lada.{nl}Exactement comme Laima l'avait prédit... le chaos s'est emparé du village.{nl}	게다가 마족들까지 마을을 습격하여 라다 여신을 납치해 갔어요.{nl}라이마 여신께서 걱정하신 대로.. 재앙이 마을을 덮친 게지요.{nl}				마을 촌장
QUEST_UNUSED_20151102_002585	Leja vous l'a probablement dit... ce que la Déesse Laima nous a dit. Elle a dit qu'un Révélateur{nl}rêverait de la calamité et viendrait avec la lumière pour chasser le mal.	라이마 여신께서 남기신 말씀.. 레야에게도 들었을 겁니다.{nl}재앙의 꿈을 쫓아 온 계시자가 사악한 기운을 물리치고 빛과 함께 마을을 구해 주실거라고 하셨지요.				마을 촌장
QUEST_UNUSED_20151102_002586	Nous ne savons pas ce qu'Elle entendait par la lumière, mais... Nos anciens disaient qu'une{nl}énergie chaleureuse emplissait le village quand la Déesse Laima était là.{nl}	그 빛이 정확히 무언지는 모르겠지만..{nl}우리 조상님께선, 라이마 여신께서 마을에 오실 때면 따스한 기운이 온 마을을 감싼다고 하셨어요.{nl}	QUEST_UNUSED_20151022_001245	La fille mystérieuse a disparu dans Zeraha après être passée par ici sans un mot. Nos ancêtres{nl}nous disaient que chaque fois que Laima vient dans notre village, une atmosphère chaleureuse{nl}enveloppe le village. Cela fut bref, mais quand cette fille est venue au village, j'ai senti l'énergie{nl}chaleureuse dont nos ancêtres nous parlaient.{nl}	신비한 소녀는 아무 말 없이 이 곳을 거쳐 제라하 향해 사라졌지.{nl}우리 조상님이 말씀하시길 라이마 여신께서 마을에 오시는 날이면 따스한 기운이 온 마을을 감싼다고 하셨네.{nl}잠깐이었지만 그 소녀가 마을에 왔을 때 조상님이 말씀하신 따스한 기운을 느꼈네.{nl}	마을 촌장
QUEST_UNUSED_20151102_002587	Tout est allé très vite. À l'instant où cette fille est venue à moi, j'ai senti la même énergie{nl}chaleureuse dont parlaient nos anciens.{nl}	정말 한 순간이었지요.{nl}그 소녀가 제게 왔을 때, 조상님께서 말씀하신 따뜻한 기운을 느꼈으니까요.{nl}	QUEST_UNUSED_20151022_001246	Je suis sûr que Laima l'a laissée pour vous guider. Poursuivez la fille.	그 아이 역시 라이마 여신께서 자네를 인도하기 위해 남겨놓으신게 분명해.{nl}어서 그 소녀를 쫓아 가보게.	마을 촌장
QUEST_UNUSED_20151102_002588	La fille m'a regardé droit dans les yeux et, sans un mot, elle a hoché la tête. Puis elle a disparu en{nl}direction de Zeraha.{nl}	그 소녀는 제 눈을 똑바로 바라보며 아무 말 없이 고개를 끄덕였어요.{nl}그리곤 제라하 쪽으로 빠르게 사라졌지요.{nl}				마을 촌장
QUEST_UNUSED_20151102_002589	Allez, poursuivez la lumière. Elle ne peut avoir été envoyée ici que par Laima pour vous guider.{nl}	자, 어서 빛을 쫓아가세요.{nl}분명 라이마 여신께서 당신을 인도하기 위해 보낸 사자일 거예요.{nl}				마을 촌장
QUEST_UNUSED_20151102_002590	Je vous en prie, pour la Déesse Lada... et pour notre village.	부디 라다 여신을.. 마을을 부탁드립니다.				마을 촌장
QUEST_UNUSED_20151102_002591	Cette énergie chaleureuse... Jusqu'au jour où je rejoindrai la déesse, je ne pourrai jamais{nl}l'oublier.{nl}	그 따스했던 기운.. {nl}여신의 품으로 돌아가는 날 까지 잊을 수 없을 겁니다.{nl}	QUEST_LV_0100_20151016_009838	Je vous en prie, sauvez notre ville et la Déesse Lada.	부디 우리 마을과 라다 여신을 구해주게나.	마을 촌장
QUEST_UNUSED_20151102_002592	Partez maintenant. Suivez la lumière et vous reverrez la fille.{nl}	어서 가보세요.{nl}빛을 따라가다 보면 그 소녀와 다시 만날 수 있을 거예요.{nl}				마을 촌장
QUEST_UNUSED_20151102_002593	Révélateur, vous n'avez pas bu l'eau rouge, n'est-ce pas ? Enfin... Si vous l'aviez bue, vous ne{nl}seriez sans doute pas là à me parler.{nl}	계시자님, 혹시 붉은 물을 마셔 보셨나요?{nl}뭐.. 아마 마셨으면 여기서 저와 대화를 나누는 것 조차 불가능했겠죠.{nl}				마을 주민
QUEST_UNUSED_20151102_002594	Ne buvez surtout pas l'eau rouge, si soif que vous ayez. La douleur vous tuera.{nl}	어쨌든 아무리 목이 마르셔도 붉은 물은 마시면 절대 안 돼요.{nl}마시면 죽을 만큼 괴롭거든요.{nl}				마을 주민
QUEST_UNUSED_20151102_002595	L'eau est si toxique que nous ne pouvons même pas manger nos fruits. Ce n'est même pas une{nl}question de goût. Quand ils ont commencé à pousser nous étions si heureux mais...{nl}	얼마나 독한지 저 과일들조차도 먹을 수 없게 되었어요. {nl}맛이 없는건 둘째 치고요. 처음에 거대해졌을 땐 정말 신났었지만.. {nl}				마을 주민
QUEST_UNUSED_20151102_002596	Mais un jour je me suis perdu du côté des Basses terres menaçantes et j'avais vraiment soif. Puis{nl}j'ai remarqué du jus de fruit qui appartenait aux Ferret.{nl}	그런데, 예전에 동갈 저지대에서 헤멘 적이 있었는데 너무 목이 마른 거예요.{nl}그 때, 페릿들이 모아 놓은 과즙통을 봤죠.{nl}				마을 주민
QUEST_UNUSED_20151102_002597	Je me suis dit que, mort de soif ou aux mains des Ferret, j'étais condamné de toute façon. Alors{nl}j'ai bu le jus des Ferret et... je ne sais pas, il ne s'est rien passé.{nl}	목이 말라 죽든, 페릿한테 물려 죽든 어차피 죽는 건 마찬가지잖아요.{nl}그래서 페릿 몰래 모아둔 과즙을 마셨는데.. 글쎄, 아무 일도 안일어나잖아요?{nl}				마을 주민
QUEST_UNUSED_20151102_002598	Je ne sais pas ce qu'ils ont fait mais cela semblait un bon substitut à l'eau. L'eau des puits{nl}commence à virer au rouge elle aussi, voyez-vous.{nl}	도대체 무슨 짓을 했는 진 모르겠지만 식수 대용을 쓸 수 있을 것 같아요.{nl}우물물도 점점 붉게 물들기 시작했거든요.{nl}				마을 주민
QUEST_UNUSED_20151102_002599	Voudriez-vous rapporter un peu du jus de fruit des Ferret ? S'il vous plaît. Nous ne pouvons pas{nl}vivre sans eau.	페릿들의 거대 과일 과즙을 모아주실 수 있을까요?{nl}꼭 부탁할게요. 물 없이는 살 수 없잖아요.				마을 주민
QUEST_UNUSED_20151102_002600	Je l'ai bu en m'attendant à mourir mais, chose surprenante, je n'en suis pas mort. C'était même{nl}bon.	죽을 각오로 마셨는데 정말 깜짝 놀랬죠.{nl}맛이 좋았거든요. 상상 이상으로요.	QUEST_UNUSED_20151016_000805	Le goût du jus de fruit était bien meilleur que ce que j'imaginais...	깜짝 놀랐던 건 죽을 각오로 마신 과즙이 상상 이상으로 맛이 좋았다는 거에요..	마을 주민
QUEST_UNUSED_20151102_002601	Ouah, merci. Avec autant de jus, je n'aurai pas à m'inquiéter pendant un bon moment.{nl}	와, 감사해요. {nl}이 정도 양이면 한 동안 식수 걱정은 없겠어요.{nl}	QUEST_UNUSED_20151016_000806	Ouah, merci. Avec une telle quantité, nous n'aurions plus à nous soucier de l'eau potable.	와 감사해요. 이 정도 양이면 한동안 식수 걱정은 없겠어요.	마을 주민
QUEST_UNUSED_20151102_002602	Mais, euh... Soupir, ces Ferret obstinés...	그런데.. {nl}어휴, 이 끈질긴 페릿들 같으니..				마을 주민
QUEST_UNUSED_20151102_002603	Pendant que vous alliez chercher le jus, les Ferret sont venus voler notre nourriture encore une{nl}fois. Nous la récupérons, ils la volent... j'en ai assez !{nl}	과즙을 구해주시는 사이에 페릿이 마을을 습격해서 또 식량을 털어갔어요.{nl}되찾고, 빼앗아가고, 또 되찾고.. 정말 지긋지긋해요!{nl}	QUEST_UNUSED_20151022_001250	Nous avons un problème. Pendant que vous étiez parti chercher le jus de fruit, les Ferret ont{nl}attaqué le village et volé la nourriture. Cela ne marchera pas ainsi. Même si nous récupérons la{nl}nourriture, les Ferret attaqueront de nouveau le village. Je vais corriger cette mauvaise habitude{nl}des Ferret cette fois.{nl}	큰일이에요. 과즙을 구해다주시는 사이에 페릿이 마을을 습격해서 또 식량을 털어갔어요.{nl}이래서는 안되겠어요. 식량을 되찾아와도 또 페릿이 마을을 습격할 뿐이니까요.{nl}이번 기회에 페릿의 버릇을 단단히 고쳐줘야겠어요.{nl}	마을 주민
QUEST_UNUSED_20151102_002604	Cela doit cesser. Cette fois, nous devons mettre fin aux mauvaises habitudes des Ferret.{nl}	이래선 안 되겠어요.{nl}이번 기회에 페릿의 버릇을 단단히 고쳐줘야겠어요.{nl}	QUEST_UNUSED_20151022_001251	Cherchez la nourriture que les Ferret ont volée et assaisonnez-la avec l'eau rouge. Les Ferret qui{nl}l'auront consommée souffriront et ne reviendront plus jamais voler de nourriture.{nl}	페릿이 훔쳐간 식량을 찾아서 오염된 붉은 물로 약간 양념을 쳐주는 거에요.{nl}그걸 먹은 페릿은 고통에 시달릴 테니 다신 식량을 훔치러 오지 않을 거에요.{nl}	마을 주민
QUEST_UNUSED_20151102_002605	Nous devons trouver la nourriture et lui donner un « assaisonnement » à l'eau rouge. Ils vont{nl}tous se rouler par terre de douleur après l'avoir mangée.{nl}	페릿이 훔쳐간 식량을 찾아서 붉은 물로 약간 양념을 쳐 주는 거예요.{nl}그걸 먹은 페릿은 아파서 데굴데굴 구르겠죠?{nl}	QUEST_UNUSED_20151022_001252	L'eau rouge polluée peut être obtenue au puits là-bas. Polluez avec l'eau rouge la nourriture{nl}volée par les Furets, je vous prie. En particulier, vous devriez polluer le bœuf séché. Les Furets{nl}adorent vraiment le bœuf séché.	오염된 붉은 물은 저 아래 낡은 우물에서 뜰 수 있어요.{nl}오염된 붉은 물로 페릿이 훔쳐간 식량을 오염시켜주세요.{nl}아 특히 육포를 꼭 오염시켜 주세요. 페릿은 육포를 좋아한답니다.	마을 주민
QUEST_UNUSED_20151102_002606	L'eau du vieux puits au sud d'ici est particulièrement rouge. Vous pourriez peut-être asperger la{nl}nourriture avec l'eau de là-bas.{nl}	아래쪽의 낡은 우물에 있는 물이 특히나 붉기가 진해요.{nl}그 물을 페릿이 훔쳐간 식량에 마구 뿌려주세요.{nl}				마을 주민
QUEST_UNUSED_20151102_002607	Oh, veillez à en vaporiser sur la viande séchée cachée sur le Sentier forestier de Banaga. Les{nl}Ferret adorent la viande séchée.	아, 특히 바나가 숲길에 숨겨 놓은 육포에 꼭 뿌려 주세요. {nl}페릿은 육포를 참 좋아한답니다.				마을 주민
QUEST_UNUSED_20151102_002608	Nous ne pouvons pas les laisser s'en tirer. Nous l'avons assez enduré.	언제까지 당하고만 있을 수는 없죠.{nl}이 정도면 많이 참은 거라고요.	QUEST_LV_0100_20151016_009841	Nous ne le supporterons plus.	우리라고 언제까지나 당하고만 있을 수는 없죠.	마을 주민
QUEST_UNUSED_20151102_002609	Elle est plus sombre que l'herbe alentour et a des feuilles plus larges. Si vous allez à la Falaise de{nl}Luvda, vous la reconnaîtrez tout de suite.	주변의 풀보다 색이 더 짙고 잎이 넓어요.{nl}르브다 절벽에 가시면 한 눈에 확 알아보실 수 있을 거예요.				드루이드 레야
QUEST_UNUSED_20151102_002610	J'espère bien que les Ferret ne viendront plus voler notre nourriture après cela. C'est un peu du{nl}gâchis mais... j'espère qu'ils la mangeront et nous laisseront tranquilles.	페릿도 머리가 있다면 다신 식량을 훔치러 오진 않겠죠?{nl}식량은 조금 아깝긴 하지만.. 맛있게 먹고 다신 안 왔으면 좋겠네요.	QUEST_UNUSED_20151022_001254	On peut appeler ce genre de situation un pas en arrière et deux pas en avant. J'espère que les{nl}Ferret apprécieront le bœuf séché et ne reviendront plus jamais.	이런 상황을 보고 한 발 물러나서 두 발 전진한다고 하나요?{nl}부디 페릿들이 양념친 육포를 맛있게 먹고 다신 안 왔으면 좋겠네요.	마을 주민
QUEST_UNUSED_20151102_002611	Êtes-vous le Révélateur qui a détruit le totem ? Je voulais vous remercier. Cela me rendait{nl}malade chaque fois que je le regardais...{nl}	마족 토템을 파괴하셨다는 계시자님이시죠?{nl}정말 감사했어요. 그걸 볼 때마다 마족한테 속은 게 생각나서 어찌나 분하던지..{nl}	QUEST_UNUSED_20151022_001255	Ah, Révélateur. Merci d'avoir détruit le totem démoniaque. Je suis allé voir les Ferret, mais ils{nl}sont toujours violents. Je crois que l'influence du totem persiste encore.{nl}	아 계시자님. 마족 토템을 파괴해주셔서 감사합니다.{nl}페릿들을 보러 갔더니 저를 보고 여전히 난폭하게 굴더라고요.{nl}아무래도 토템의 여파가 남아있나 봅니다.{nl}	촌장 손자
QUEST_UNUSED_20151102_002612	Quoi qu'il en soit, je suis allé voir les Ferret et ils sont toujours féroces. On dirait que les effets du{nl}totem ne se sont pas encore estompés.{nl}	어쨌든, 혹시나 해서 페릿들을 보러 갔더니 여전히 난폭하게 굴더라고요.{nl}아무래도 토템의 여파가 남아있는가봐요.{nl}	QUEST_UNUSED_20151022_001256	J'ai entendu dire que Widas, qui est un Dievdirbys, essaie de fabriquer la pièce qui a l'effet{nl}opposé à celui du totem démoniaque. Demandez à Widas si la pièce est achevée, je vous prie.	 우리 마을에 딥디르비이신 위다스 아저씨가 마족 토템의 반대 효과를 가진 조각을{nl}만들어 보고 계신다는 소리를 들었어요.{nl}혹시 조각이 완성됐는지 위다스 아저씨께 여쭤봐주세요.	촌장 손자
QUEST_UNUSED_20151102_002613	Widas, un homme de notre village, a dit qu'il projetait de faire quelque chose... C'est un{nl}Dievdirbys talentueux après tout.{nl}	우리 마을에 위다스 아저씨가 그걸 어떻게 해보신다고 뭘 만드시던데..{nl}그래도 나름 솜씨 좋은 딥디르비시거든요.{nl}				촌장 손자
QUEST_UNUSED_20151102_002614	Voulez-vous demander à Widas si la statue est terminée ?	조각이 완성됬는지 위다스 아저씨께 여쭤봐 주실 수 없을까요?				촌장 손자
QUEST_UNUSED_20151102_002615	Le totem est sur le Sentier forestier de Banaga. Si vous êtes vraiment un Révélateur venu ici avec{nl}la lumière pour sauver notre village, ramener les furets à la normale devrait être en votre{nl}pouvoir.{nl}	그 토템은 바나가 숲길에 있어요.{nl}당신이 정말 빛과 함께 마을을 구하러 온 계시자라면 페릿 부족 역시 되돌릴 수 있을 거예요.{nl}				마을 촌장
QUEST_UNUSED_20151102_002616	Si vous pouvez prouver que vous êtes un Révélateur, je vous parlerai de Leja.	당신이 계시자라는 것만 확실하게 밝혀지면 레야가 어디로 갔는지 알려주겠어요.				마을 촌장
QUEST_UNUSED_20151102_002617	Oh, ça ? J'en suis vraiment désolé. Ce n'est pas la première fois que cela arrive, maintenant on{nl}dirait qu'ils trouvent d'autres gens à embêter.{nl}	아아, 그거요? 이거 참 미안합니다.{nl}고 녀석이 맨날 물어보더니만, 이젠 민망한지 다른 사람까지 귀찮게 하네요.{nl}	QUEST_UNUSED_20151022_001257	Cette sculpture qui a des effets opposés aux totems démoniaques... Attendez un instant...	마족 토템에 반대되는 효과를 지닌 조각상이라..{nl}잠시만요..	딥디르비 위다스
QUEST_UNUSED_20151102_002618	Un instant. Je vous le donne tout de suite.	잠시만요. {nl}금방 내 드릴게요.				딥디르비 위다스
QUEST_UNUSED_20151102_002619	Quand j'étais petit, les Ferret nous aidaient à rentrer au village chaque fois que nous nous{nl}perdions. Mais maintenant nous avons été bernés par les démons... C'est bien dommage.	어릴 땐 숲에서 길을 잃어도 페릿 부족이 마을까지 데려다 줬었어요.{nl}이게 다 저희가 마족에게 속아서.. 정말 미안하죠.	QUEST_LV_0100_20151016_009849	Les furets avec lesquels j'ai grandi formaient une bande fort amicale et gentille. Quand je me{nl}perdais, ils avaient la gentillesse de me ramener en ville. Qu'est-ce qui a bien pu les rendre ainsi{nl}?	어릴 때는 숲에서 길을 잃고 페릿 부족을 만나면 마을까지 데려다 줄 정도로 온순했는데..{nl}왜 저렇게 되 버린 걸까요..	촌장 손자
QUEST_UNUSED_20151102_002620	J'ai fabriqué quelque chose d'après le totem que j'ai bâti pour ce sale démon. Je l'ai fait pour qu'il{nl}rayonne d'une bonne énergie au lieu d'une maléfique.{nl}	안 그래도 예전에 그 몹쓸 마족이 시킨 토템 작업을 토대로 만들어 본 게 있습니다.{nl}사악한 기운 대신 선한 기운을 내뿜도록 설계했지요.{nl}	QUEST_UNUSED_20151022_001258	J'ai entendu dire que les démons rendent les Ferret violents à l'aide du totem alors j'ai essayé de{nl}créer une sculpture qui possède les effets opposés à ceux du totem démoniaque... Nous{nl}l'expérimentons encore, mais je crois que c'est maintenant la meilleure occasion de la tester,{nl}bien qu'elle soit encore au stade expérimental, puisque le totem a disparu.{nl}	안 그래도 마족들이 토템으로 페릿을 난폭하게 만든 것 같다는 얘길 듣고{nl}마족 토템과 반대 효과를 지닌 조각상을 만들 순 없을까 하고 만들어 본 게 있습니다..{nl}아직 실험 단계이긴 하지만 마족 토템이 사라진 지금이 성능을 시험해 볼 좋은 기회인 것 같군요..{nl}	딥디르비 위다스
QUEST_UNUSED_20151102_002621	Ce n'est encore qu'en phase d'essai, mais cela vaudra quelque chose. Placez ceci près des Ferret{nl}et observez leur réaction.	아직 실험 단계이긴 하지만, 그래도 시험해 볼 가치는 있어요.{nl}이걸 페릿 근처에 세워 두고 반응을 살펴봐주세요.	QUEST_UNUSED_20151022_001259	Je vais vous donner la sculpture que je créais.. Placez-la près des Ferret et observez leur{nl}comportement...	여기 제가 만들던 조각상을 드리겠습니다..{nl}페릿 근처에 설치하고 페릿들의 반응을 살펴봐주세요..	딥디르비 위다스
QUEST_UNUSED_20151102_002622	Tout cela est de notre faute. Nous aurions dû être plus méfiants, mais le nom de Révélateur nous{nl}a donné de l'espoir.{nl}	이게 다 우리들의 잘못이죠.{nl}한 번 의심을 해봤어야 했는데, 계시자란 이름에 너무 들떴었나봐요.{nl}	QUEST_LV_0100_20151016_009852	Au bon vieux temps, je fabriquais des statues de furets en les observant... Mais maintenant,{nl}même un simple regard les provoque et les pousse à attaquer.. J'espère que cette statue{nl}apportera la paix aux humains comme aux furets...	예전엔 페릿을 보면서 페릿 조각상도 만들곤 했는데..{nl}사나워진 페릿은 눈만 마주쳐도 공격해오더군요..{nl}이 조각상이 페릿과 우리에게 평화를 가져다 줬으면 좋겠습니다..	딥디르비 위다스
QUEST_UNUSED_20151102_002623	J'aimerais que cette statue apporte la paix entre nous et les Ferret.	이 조각상이 페릿과 우리에게 평화를 가져다 주었으면 좋겠습니다.				딥디르비 위다스
QUEST_UNUSED_20151102_002624	Les Ferret sont plus violents ? J'ai donc échoué... ?{nl}	페릿이 더 난폭해졌다고요?{nl}이런, 실패인가..{nl}	QUEST_UNUSED_20151022_001260	Les Ferret sont devenus plus violents... ? Zut... Ai-je échoué... Je suis désolé... Vous n'êtes pas{nl}blessé ?{nl}	페릿이 더 난폭해졌다구요..?{nl}이런.. 실패인가..{nl}미안합니다.. 혹시 다치진 않으셨습니까?{nl}	딥디르비 위다스
QUEST_UNUSED_20151102_002625	Je suis vraiment désolé. Êtes-vous sûr de ne pas être blessé ? Ah... Mais je ne vais pas{nl}abandonner.{nl}	정말 미안합니다. 혹시 다치진 않으셨나요?{nl}아.. 그렇다고 해서 포기하진 않을 겁니다.{nl}	QUEST_UNUSED_20151022_001261	Ah... Nous n'allons pas renoncer aux pièces... C'est peut-être parce que le lavage de cerveau des{nl}démons n'a pas encore été retiré... Quand Druide Benes, qui enquête sur les Ferret à Zeraha,{nl}reviendra, je crois que je devrais lui demander de l'aide...	아.. 조각을 포기하진 않을 겁니다.. 아직 마족의 세뇌가 안 풀려서 그럴 수도 있으니까요..{nl}아무래도 제라하에서 페릿을 연구하고 있는 드루이드 베네스가 돌아오면 도움을 받아야겠어요..	딥디르비 위다스
QUEST_UNUSED_20151102_002626	Ils sont probablement encore manipulés par les démons. Nous devrions demander à Benes{nl}quand il reviendra d'étudier les Ferret à Zeraha.	아직 마족의 세뇌가 풀리지 않아서일 거예요.{nl}아무래도 제라하에서 페릿을 연구하고 있는 베네스가 돌아오면 도움을 좀 받아야겠네요.				딥디르비 위다스
QUEST_UNUSED_20151102_002627	Révélateur, vous êtes en retard !	계시자님, 늦으셨네요!{nl}	QUEST_UNUSED_20151022_001262	Ah, Révélateur ! Quoi ? Cette fille mystérieuse serait le guide préparé par Laima ? La fille s'est{nl}enfuie par là après avoir été poursuivie par les Furets ! J'allais les poursuivre, mais comme les{nl}Furets sont déchaînés, je ne peux pas...	아 계시자님!{nl}네? 그 신비한 소녀가 라이마 여신께서 준비한 인도자일지도 모른다구요?{nl}소녀라면 방금 페릿한테 쫓겨서 저리 도망쳤어요!{nl}쫓아가려고 했는데 페릿들이 극성이라 따라갈 수가 없었어요..	드루이드 레야
QUEST_UNUSED_20151102_002628	Oh... je ne savais pas. Je suis vraiment désolé. J'en ai parlé d'innombrables fois à notre chef de{nl}village mais...	아.. 그런 일이 있었군요.{nl}정말 죄송해요. 제가 촌장님께 제발 그러지 말라고 끝까지 당부하고 왔는데..				드루이드 레야
QUEST_UNUSED_20151102_002629	Quoi ? Vous voulez dire que la fille aurait pu être envoyée par la Déesse Laima ? Je l'ai vue fuir{nl}les Ferret vers le Pont brisé !{nl}	네? {nl}그 소녀가 라이마 여신께서 준비한 인도자일지도 모른다고요?{nl}아까 페릿에게 쫓겨서 끊어진 다리 쪽으로 도망갔어요!{nl}	QUEST_UNUSED_20151022_001263	Ce n'est pas le moment pour cela... Révélateur. Puisque les Ferret poursuivent la fille, peut-être{nl}cherchent-ils les traces de la fille. J'imagine que je devrais chercher la fille tout en vainquant des{nl}Ferret. Nous devons nous dépêcher.	이러고 있을 때가 아니에요.. 계시자님.{nl}페릿들이 소녀 뒤를 쫓고 있었으니까 페릿들이 소녀에 대한 흔적을 쫓고 있지 않을까요?{nl}페릿을 처치하면서 소녀를 찾아봐야겠어요. 서둘러야 해요.	드루이드 레야
QUEST_UNUSED_20151102_002630	Je voulais les poursuivre mais... Les Ferret étaient si nombreux, je ne pouvais rien faire.{nl}	저도 쫓아가려고 했는데..{nl}페릿들이 극성이라서 따라갈 수가 없었어요.{nl}	QUEST_LV_0100_20151016_009857	Révélateur, il n'y a pas de temps ! La fille est partie par là. Les furets la traquent. Vainquez les{nl}furets s'il le faut. Seule la fille compte. Hâtez-vous, je vous prie.	이러고 있을 때가 아니에요.. 계시자님. 소녀는 저쪽 방향으로 도망쳤어요.{nl}페릿들이 소녀 뒤를 쫓고 있었으니까 페릿들이 소녀에 대한 흔적을 쫓고 있지 않을까요?{nl}페릿을 처치하면서 소녀를 찾아봐야겠어요. 서둘러야 해요.	드루이드 레야
QUEST_UNUSED_20151102_002631	Nous n'avons pas de temps à perdre. Nous pouvons encore retrouver la fille si nous poursuivons{nl}les Ferret maintenant !	이러고 있을 때가 아니에요.{nl}아직 페릿들을 쫓아가면 소녀를 찾을 수 있을 거예요!				드루이드 레야
QUEST_UNUSED_20151102_002632	J'aurais dû les suivre... Je suis si inquiet maintenant. J'espère qu'elle va bien...	어떻게든 따라갔어야 했는데..{nl}너무 걱정돼요. 무사해야 할 텐데요..	QUEST_UNUSED_20151022_001264	J'espère que la fille est en sécurité... j'aurais dû la suivre...	소녀가 무사해야 할텐데요.. 어떻게든 따라갔어야 했는데..	드루이드 레야
QUEST_UNUSED_20151102_002633	Le seigneur démon Zaura a emmené la fille ? Oh non... c'est Zaura qui, par le passé, a fait enlever{nl}la Déesse Lada par des démons.	소녀가 마군주 자우라에게 납치되었다고요?{nl}큰일이네.. 자우라는 예전에도 마족들을 이끌고 라다 여신을 납치했었어요.	QUEST_UNUSED_20151022_001265	...La fille a été enlevée par le démon qui portait une hache gigantesque ? Ce n'est pas bon... Si le{nl}démon portait une hache gigantesque, je suis sûr que c'est le seigneur démon, Zaura. Le seigneur{nl}démon Zaura commande les démons qui ont attaqué cet endroit et enlevé Lada.	..소녀가 거대한 도끼를 든 마족한테 납치당했다구요? 큰일이네요..{nl}거대한 도끼를 들었다면 그놈은 분명 마군주 자우라일거에요.{nl}마군주 자우라는 이 곳을 습격한 마족을 지휘해서 여신 라다를 납치한 녀석이에요.	드루이드 레야
QUEST_UNUSED_20151102_002634	Soyez prudent en récoltant les Herbes soporifiques. Il y a une raison à ce nom.	몽롱초를 채집할 땐 조심해야 해요.{nl}이름이 괜히 몽롱초가 아니거든요.	QUEST_LV_0100_20151016_009860	Soyez prudent en récoltant la Herbe soporifique. Un faux mouvement et la spore explose et,{nl}croyez-moi, elle VOUS assoupira.	몽롱초를 채집할 땐 사람도 조심해야 해요.{nl}잘못 건드려서 몽롱초 포자를 터뜨리면 사람도 몽롱해지거든요.	드루이드 레야
QUEST_UNUSED_20151102_002635	Ah, oui. Quand Zaura a emmené la fille, avez-vous vu des Ferret dans les parages ?{nl}	아, 그렇지.{nl}자우라가 소녀를 납치할 때, 혹시 근처에 페릿들이 있었나요?{nl}	QUEST_UNUSED_20151022_001266	Quand Zaura a enlevé la fille, y avait-il des Ferret avec elle ? Si c'est le cas, je pense que Zaura a{nl}confié la fille enlevée aux Ferret. Puisque les Ferret en savent plus sur la forêt.{nl}	혹시 자우라가 소녀를 납치할 때 페릿들이 함께 있었나요?{nl}그렇다면 아마 자우라가 납치한 소녀를 페릿에게 맡겼을 거에요.{nl}이 숲 속은 페릿이 더 잘 알테니까요.{nl}	드루이드 레야
QUEST_UNUSED_20151102_002636	Cela signifie que les Ferret retiennent la fille. Ils connaissent bien la forêt, voyez-vous.{nl}	그렇다면 분명 페릿에게 소녀를 맡겼을 거예요.{nl}이 숲 속은 페릿이 더 잘 알테니까요.{nl}	QUEST_UNUSED_20151022_001267	Je crois savoir où les Ferret ont caché la fille. Cependant, il est dangereux d'y aller sans{nl}préparation. Je sais fabriquer l'encens qui fait perdre conscience aux Ferret. Si vous utilisez cet{nl}encens, vous pourrez vaincre les Ferret facilement. Mais le problème, c'est que nous n'avons pas{nl}assez de Herbe soporifique.{nl}	페릿이 소녀를 어디에 숨겼을지 알 것 같아요. 하지만 이대로 준비 없이 가기엔 위험해요.{nl}제가 페릿이 정신을 못차리게 하는 향을 만들 줄 알아요. 이 향을 사용하면 좀 더 쉽게 페릿을 제압할 수 있죠.{nl}하지만 향을 만들 몽롱초가 부족하네요.{nl}	드루이드 레야
QUEST_UNUSED_20151102_002637	Enfin, je suis né et j'ai grandi ici, donc je ne suis pas non plus ignorant. Je crois... que je peux{nl}deviner où ils la cachent.{nl}	하지만 저도 이 숲에서 나고 자랐기 때문에 페릿만큼 숲을 잘 알죠.{nl}대충 어디에 숨겨놨을지.. 감이 오는 것 같아요.{nl}	QUEST_UNUSED_20151022_001268	Des Herbes soporifiques poussent là-bas en contrebas. Je vais me préparer à fabriquer l'encens,{nl}alors pouvez-vous m'apporter des Herbes soporifiques ?	몽롱초는 저 아래에서 자라고 있어요.{nl}향을 만들 준비를 하고 있을테니 몽롱초를 좀 구해다주시겠어요?	드루이드 레야
QUEST_UNUSED_20151102_002638	C'est trop dangereux d'aller la sauver sans plan, pourtant. Les choses pourraient mal tourner s'ils{nl}se mettent à attaquer.{nl}	하지만 무작정 구하러 들어가는 건 너무 위험해요.{nl}아무리 페릿들이라도 떼로 몰려오면 위협적이라고요.{nl}				드루이드 레야
QUEST_UNUSED_20151102_002639	C'est vrai. Je connais un parfum qui fait perdre la tête aux Ferret. Voulez-vous m'apporter des{nl}Herbes soporifiques pour que j'en fabrique ?	그렇지. 제가 페릿이 정신을 못차리게 하는 향을 만들 줄 알아요.{nl}향을 만들 준비를 할 테니 여기 아래쪽에서 몽롱초를 구해 주시겠어요?				드루이드 레야
QUEST_UNUSED_20151102_002640	Cela devrait suffire pour faire le parfum. Attendez une minute.	이 정도 양이면 향을 만들기에 충분할 거예요.{nl}잠시만 기다려주세요.	QUEST_LV_0100_20151016_009863	Un, deux, trois... Oui, cela semble suffisant. Un instant, je vous prie.	하나, 둘, 셋..{nl}이 정도 몽롱초면 향을 만들기에 충분할 거에요.{nl}잠시만 기다려주세요.	드루이드 레야
QUEST_UNUSED_20151102_002641	Ne vous inquiétez pas si vous respirez accidentellement les herbes. Je me suis assuré qu'elles{nl}n'affectent que les Ferret.	계시자님이 향을 맡으면 어떡하나 걱정하실 필요는 없어요.{nl}페릿에게만 확실하게 효과가 있도록 만들었으니까요.	QUEST_UNUSED_20151022_001269	Vous n'avez pas à craindre d'inhaler l'encens. Je l'ai conçu pour n'agir que sur les Ferret.	향을 맡으면 어떡하나 걱정하실 필요는 없어요.{nl}페릿에게만 확실하게 효과가 있도록 만들었으니까요.	드루이드 레야
QUEST_UNUSED_20151102_002642	Voici le parfum. Voyons maintenant... À propos des furets...{nl}	자, 향은 완성이예요. {nl}그리고 보자.. 페릿들은 아마.. {nl}	QUEST_UNUSED_20151022_001270	L'encens est achevé. Je vais vous indiquer quelques endroits où les Ferret ont pu emmener la{nl}fille. Ne vous inquiétez pas même si les Ferret protègent la fille. Quand vous brûlerez cet encens{nl}sur un feu de camp, les Ferret perdront conscience, alors sauvez la fille pendant qu'ils sont{nl}inconscients.	몽롱해지는 향이 완성됐어요.{nl}페릿이 소녀를 데리고 갔을 만한 장소를 몇군데 알려드릴게요.{nl}페릿이 소녀를 지키고 있더라도 걱정마세요.{nl}모닥불에 이 향을 태우면 페릿이 정신을 차리지 못 할테니 그 사이에 소녀를 구하세요.	드루이드 레야
QUEST_UNUSED_20151102_002643	Il y a quelques repaires de Ferret autour de la Grand-route de Balais et du Abri de Zelbe. C'est{nl}probablement là qu'ils retiennent la fille.{nl}	바라이스 가도 근처와 젤베 쉼터에 페릿들의 근거지가 몇 군데 있어요.{nl}아마 페릿들은 거기로 소녀를 데리고 가지 않았을까 싶어요.{nl}				드루이드 레야
QUEST_UNUSED_20151102_002644	Quand vous trouverez la fille, lancez la bourse odorante que je vous ai donnée. Quand les Ferret{nl}y réagiront, prenez la fille et revenez !{nl}	소녀를 발견하시거든 제가 드린 향 주머니를 바로 던져 터뜨리세요. {nl}페릿들이 정신을 못 차리는 사이에 소녀를 데리고 빠져나오시는 거예요!{nl}				드루이드 레야
QUEST_UNUSED_20151102_002645	Ici...	이거..	QUEST_UNUSED_20151022_001271	La déesse... sous... ce... jeune arbre...	저기.. 묘목.. 아래.. 여신..	신비한 소녀
QUEST_UNUSED_20151102_002646	J'espère que mes paroles vous parviendront... Je suis Laima, déesse du destin et de la{nl}prémonition.{nl}	이 전언이 부디 당신에게 닿길 바라면서..{nl}저는 운명과 예지의 여신인 라이마라고 합니다.{nl}	QUEST_UNUSED_20151022_001272	Sauveur... Je suis Laima, la déesse du destin. Vous avez suivi la fille qui est l'incarnation de ma{nl}volonté. Dans cette forêt, ma sœur, Lada, a été capturée par Zaura. Zaura crée quelque chose de{nl}maléfique appelé le « Kruvina » avec les vitalités de Lada.{nl}	구원자여.. 저는 운명의 여신, 라이마입니다.{nl}제 의지의 화신인 소녀를 잘 따라와주셨습니다.{nl}이 숲에는 제 자매인 여신 라다가 흉폭한 마군주 자우라에게 납치되어 있습니다.{nl}자우라는 여신 라다의 생명력으로 크루비나라는 사악한 물건을 만들고 있습니다.{nl}	여신 라이마
QUEST_UNUSED_20151102_002647	Avant Medzio Diena, les déesses ont perdu une grande part de leur pouvoir. De ce fait, la Déesse{nl}Lada, incapable de résister, a été enlevée par le seigneur démon Zaura.{nl}	신수의 날이 도래하면서 여신들은 대부분의 힘을 잃고 말았습니다.{nl}그 때문에 라다 여신은 마군주 자우라에게 반항할 기력도 없이 납치되고 말았지요.{nl}	QUEST_UNUSED_20151022_001273	Sauvez Lada qui est captive dans la Forêt tropicale de Seir et arrêtez les plans des démons pour{nl}fabriquer le Kruvina. Le seul qui puisse écarter ce désastre, c'est vous. Prenez cet orbe, je vous{nl}prie. Il vous aidera beaucoup.	세이르 숲에 붙잡혀 있는 라다 여신을 구하고 크루비나를 만들고 있는 마족의 계획을 막아주세요.{nl}이 숲에 드리운 재앙을 걷어낼 수 있는 사람은 구원자인 당신 뿐입니다.{nl}이 보주를 챙겨가세요. 반드시 도움이 될 것 입니다.	여신 라이마
QUEST_UNUSED_20151102_002648	Zaura use de la force vitale de la Déesse Lada pour créer un engin maléfique appelé Kruvina. La{nl}même Kruvina pour laquelle d'innombrables vies ont été sacrifiées à Castlefield.{nl}	자우라는 라다 여신의 생명력으로 크루비나라는 사악한 것을 만들고 있습니다.{nl}캐슬필드에서 수 많은 인명을 제물삼아 만들었던 그 크루비나를 말입니다.{nl}				여신의 보주
QUEST_UNUSED_20151102_002649	L'énergie maléfique du Kruvina peut faire grandir les objets. Selon l'usage qu'on en fait, elle peut{nl}aussi accroître la puissance des démons.{nl}	크루비나는 사악한 힘으로 모든 것을 거대하게 만듭니다.{nl}하지만 쓰임에 따라서는 마족의 힘을 강대하게 만들어 주기도 하지요.{nl}				여신 라이마
QUEST_UNUSED_20151102_002650	Quand j'ai eu la vision de cet horrible avenir, il était trop tard pour agir. C'est pourquoi... j'ai{nl}envoyé une jeune fille à votre rencontre.{nl}	제가 이 끔찍한 미래를 보았을 때에는 이미 아무것도 할 수 없었습니다.{nl}그러기에.. 당신에게 제 의지를 담은 소녀를 보낸 것입니다.{nl}				여신 라이마
QUEST_UNUSED_20151102_002651	Une seule personne peut délivrer cette forêt de la calamité qui s'est abattue sur elle... Un sauveur{nl}parmi les Révélateurs. Vous.{nl}	이 숲에 드리운 재앙을 걷어 낼 수 있는 이는.. {nl}계시자 중에서도 오직 구원자인 당신 뿐입니다.{nl}				여신 라이마
QUEST_UNUSED_20151102_002652	Prenez cet orbe... La Déesse Lada est retenue captive dans la Forêt tropicale de Seir. Je vous en{nl}prie, secourez-la et arrêtez les plans des démons...	이 보주를 가져가세요..{nl}부디 세이르 숲에 붙잡혀 있는 라다 여신을 구하고 마족의 계획을 막아주세요..				여신 라이마
QUEST_UNUSED_20151102_002653	Un étranger... ? Hm, vous ferez l'affaire. Hé, euh... voulez-vous me donner un coup de main ?{nl}	이런.. 외지인이지만, 어쩔 수 없지.{nl}이봐, 나 좀 도와줄 수 있을까?{nl}	QUEST_UNUSED_20151022_001274	Ah... je ne m'attendais pas à voir un humain ici... ! Aidez-moi, je vous en prie ! On m'appelle{nl}Druide Benes. J'essaie de découvrir pourquoi les Ferret coopèrent avec les démons. Récemment,{nl}j'ai découvert que je pourrai parler aux Ferret grâce au sortilège des Druides.{nl}	아.. 이런 곳에서 사람을 만날 줄이야..! 저 좀 도와주세요!{nl}저는 드루이드 베네스라고 합니다. 페릿들이 마족 편에 동조하는 이유를 찾아보고 있어요.{nl}얼마 전 드루이드의 주술을 사용해서 페릿으로 변신하면 페릿과 대화할 수 있다는 사실을 알아냈죠.{nl}	드루이드 베네스
QUEST_UNUSED_20151102_002654	J'essaie de comprendre pourquoi les Ferret se rangent du côté des démons. J'ai donc trouvé un{nl}moyen de me changer en l'un d'eux et de leur parler.{nl}	난 페릿이 마족 편에 동조하는 이유를 찾고 있어.{nl}뭐, 연구하다 보니 페릿으로 변신해서 대화할 수 있는 방법도 알아냈지.{nl}	QUEST_UNUSED_20151022_001275	Mais le problème, c'est que j'ai trop souvent approché les Ferret en cherchant d'autres{nl}méthodes. Même si je me change en Ferret, ils m'attaquent comme s'ils se souvenaient de mon{nl}odeur. Pouvez-vous vous changer en Ferret à ma place et découvrir leurs plans ?{nl}	문제는 다른 방법을 알아보다가 페릿과 접촉을 너무 많이 했다는 겁니다.{nl}놈들이 제 냄새를 기억하는 건지 페릿으로 변신해도 인간인 걸 알아채고 저를 공격하더라구요.{nl}제 대신 페릿으로 변신해서 녀석들의 속셈을 알아봐주실 수 있으실까요?{nl}	드루이드 베네스
QUEST_UNUSED_20151102_002655	Le problème, c'est qu'ils m'ont déjà vu trop souvent. Même quand je me change en Ferret, ils{nl}reconnaissent mon odeur et se mettent à m'attaquer.{nl}	문제는 내가 그 이전부터 페릿과 너무 자주 접촉했다는 거야.{nl}내 냄새를 기억하는지 페릿으로 변신해도 날 알아채고 공격하더라고.{nl}	QUEST_UNUSED_20151016_000809	Pour vous changer en Furet, vous devez bien observer les comportements des Furets. Si nous{nl}faisons quelque chose de maladroit, nous serons démasqués par les Furets. Je vais vous donner{nl}un parchemin vierge, alors observez les comportements des Furets et consignez-les ici.	페릿으로 변신하기 위해서는 페릿들의 행동을 잘 관찰해야합니다.{nl}어색한 행동을 하면 페릿들에게 들킬테니까요.{nl}제가 빈 주문서를 드릴테니 여기에 페릿의 행동을 관찰하고 적어주세요.	드루이드 베네스
QUEST_UNUSED_20151102_002656	Si cela vous convient, voulez-vous vous transformer en Ferret et fureter un peu pour moi ?{nl}	괜찮다면 내 대신 페릿으로 변신해서 녀석들의 속셈을 알아봐 줄 수 있을까?{nl}				드루이드 베네스
QUEST_UNUSED_20151102_002657	Je vais fabriquer un parchemin de transformation à partir des informations que nous récoltons.{nl}Notez tout. Vous ne pouvez pas être trop maladroit en tant que Ferret.	관찰한 내용을 기본으로 페릿 변신 주문서를 만들 거야.{nl}그러니 최대한 상세하게 적어 줘. 변신해도 어색하지 않도록 말이지.	QUEST_UNUSED_20151016_000810	D'après ce que vous avez observé, je vais fabriquer un Parchemin de transformation en Furet.{nl}Alors écrivez de façon aussi détaillée que possible. Afin que même transformé, cela n'ait pas l'air{nl}maladroit.	관찰하신 내용을 토대로 페릿 변신 주문서를 만들어드릴 겁니다.{nl}그러니 최대한 상세하게 적어 주세요. 변신해도 어색하지 않도록 말이죠.	드루이드 베네스
QUEST_UNUSED_20151102_002658	Vos observations sont assez détaillées. Vous devriez être prêt à vous transformer maintenant. Un{nl}instant.	자세하게 잘 관찰해 왔네.{nl}이 정도면 변신해도 큰 문제 없겠어. 잠시만.	QUEST_UNUSED_20151016_000811	Vous avez observé en détail. Vous n'aurez aucun problème si vous vous transformez{nl}maintenant. Veuillez patienter.	자세하게 관찰해오셨네요.{nl}이 정도면 변신해도 큰 문제 없겠어요.{nl}잠시만요.	드루이드 베네스
QUEST_UNUSED_20151102_002659	Voilà. Le parchemin de transformation est prêt.{nl}	자. 여기. {nl}페릿 변신 주문서가 완성되었어.{nl}	QUEST_LV_0100_20151016_009870	Le Parchemin de transformation en Furet est achevé. Quand vous l'utiliserez, il pourra vous{nl}transformer en furet. Ne craignez rien, il repose sur une observation minutieuse des furets. Vous{nl}aurez l'air très naturel.{nl}	페릿 변신 주문서가 완성됐습니다. 주문서를 사용하면 페릿으로 변신할 수 있어요.{nl}워낙 관찰을 꼼꼼히 하셔서 전혀 어색하지 않을 거에요.{nl}	드루이드 베네스
QUEST_UNUSED_20151102_002660	D'après vos observations, je ne pense pas que vous serez maladroit du tout. J'ai confiance : vous{nl}serez à l'aise pour parler aux Ferret.{nl}	네가 워낙 관찰을 꼼꼼히 해줘서 전혀 어색하진 않을 거야.{nl}아마 페릿 부족과 대화도 자연스럽게 할 수 있을거라 믿어.{nl}	QUEST_UNUSED_20151022_001276	Vous pourrez parler naturellement avec les Ferret. Parlez avec les Ferret et découvrez pourquoi{nl}ils coopèrent avec les démons.	아마 페릿 부족과 대화도 자연스럽게 할 수 있을겁니다. {nl}페릿 부족과 대화해서 페릿이 마족 편에 동조하고 있는 이유를 알아봐 주세요.	드루이드 베네스
QUEST_UNUSED_20151102_002661	Voyez si vous pouvez découvrir pourquoi les Ferret se rangent du côté des démons. N'oubliez{nl}pas de vous changer d'abord en Ferret avec le parchemin.	페릿이 왜 마족 편에 서고 있는 지 이유를 알아봐 줘.{nl}그 전에 변신 주문서로 먼저 변신하는 걸 잊지 말고.				드루이드 베네스
QUEST_UNUSED_20151102_002662	Si le parchemin s'épuise devant les Ferret, ils vous sauteront dessus, alors soyez prudent.	페릿 앞에서 변신이 풀리면 페릿들이 한꺼번에 덤벼들 수도 있으니 조심해.	QUEST_LV_0100_20151016_009872	Prenez garde à ne pas reprendre votre état d'origine. Ils vous attaqueront tous en même temps.{nl}Le nombre à lui seul vous submergerait, vous aussi.	페릿 앞에서 변신이 풀리면 페릿들이 한꺼번에 덤벼들 수도 있으니 조심하세요.	드루이드 베네스
QUEST_UNUSED_20151102_002663	Hm ? Ce que vous dites, c'est donc que... Les Ferret aident les démons intentionnellement ?{nl}	응? 그 말대로라면.. {nl}페릿이 자발적으로 마족을 돕고 있다는 얘긴가?{nl}	QUEST_LV_0100_20151016_009873	Vraiment ? Êtes-vous en train de me dire que les furets aident les démons de leur plein gré ?{nl}Non, c'est impossible ! Je ne peux pas le croire...	네? 그 말대로면.. 페릿이 자발적으로 마족을 돕고 있다는 얘긴가요?{nl}그럴 리가 없어요.. 믿을 수 없어..	드루이드 베네스
QUEST_UNUSED_20151102_002664	Comment est-ce... Je n'arrive pas à y croire !	그럴 수가.. {nl}믿을 수 없어!				드루이드 베네스
QUEST_UNUSED_20151102_002665	Les Ferret ont-ils vraiment dit cela ? Je sais que vous n'avez aucune raison de mentir, mais tout{nl}de même...{nl}	페릿이 정말 그렇게 말한 거야?{nl}아, 물론 네가 거짓말을 할 이유는 없겠지만..{nl}	QUEST_UNUSED_20151022_001277	Les Ferret vous l'ont-ils vraiment dit ? Bien sûr, je crois qu'ils n'ont aucune raison de mentir...{nl}Mais je n'arrive pas à y croire... Les Ferret étaient autrefois très gentils. Nous nous entendions{nl}bien avec les Ferret jusqu'à ce que les démons viennent ici. Ils nous ont attaqués spontanément...{nl}	페릿이 정말 그렇게 말했나요? 아 물론 거짓말을 할 이유가 없으시겠죠..{nl}하지만 도저히 믿을 수가 없네요.. 페릿 부족은 원래 매우 온순한 부족이었어요.{nl}마족들이 오기 전 까진 우리 마을과도 우호적이었는데 자발적으로 우릴 공격한다니..{nl}	드루이드 베네스
QUEST_UNUSED_20151102_002666	Je n'arrive vraiment pas à y croire, pourtant. Les Ferret n'ont jamais été qu'amicaux.{nl}	하지만 도저히 믿을 수가 없어.{nl}페릿 부족은 원랜 엄청 온순한 녀석들이었단 말야.{nl}	QUEST_UNUSED_20151022_001278	Je dois découvrir quel degré d'hostilité les Ferret ont envers les humains. Je vais essayer de{nl}transformer un morceau de bois en l'apparence d'un villageois blessé. Quand vous installerez ce{nl}bois, il aura l'air d'un villageois blessé aux yeux de tous. Installez-le près des Ferret et découvrez{nl}si les Ferret attaquent.	페릿 부족이 얼마나 사람을 적대적으로 생각하는지 알아봐야겠어요.{nl}제가 주술로 나무토막을 부상당한 주민 모습으로 변신시켜볼게요.{nl}이 나무토막을 설치하면 누구에게나 감쪽같이 부상당한 주민으로 보일 겁니다.{nl}이걸 페릿 주위에 설치해보고 페릿이 공격을 하는지 지켜봐주세요.	드루이드 베네스
QUEST_UNUSED_20151102_002667	Je dois voir s'ils éprouvent au moins encore de la compassion pour les humains. Je vais essayer{nl}d'enchanter un morceau de bois pour qu'il ressemble à un blessé.{nl}	안되겠어. 적어도 사람에게 동정심이라도 남아있는지 알아봐야겠어.{nl}내가 주술로 나무토막을 부상당한 사람 모습으로 변신시켜 볼게.{nl}				드루이드 베네스
QUEST_UNUSED_20151102_002668	Le bois aura l'air d'un blessé aux yeux de quiconque le regarde. Placez-le près des Ferret et voyez{nl}s'ils attaquent.	내 주술은 확실하니까 누구에게나 부상당한 사람 모습으로 보일 거야.{nl}이걸 페릿 주변에 놔 두고 페릿이 공격을 하는지 지켜 봐줘.				드루이드 베네스
QUEST_UNUSED_20151102_002669	S'en prendraient-ils à quelqu'un de blessé ? Non... S'ils le font, c'est encore plus grave que je ne le{nl}pensais...	설마 부상당한 사람까지 공격하겠어?{nl}아냐.. 만약 공격한다면 정말 위험한 상태인데..	QUEST_UNUSED_20151022_001279	Si les Ferret s'en prennent même au villageois blessé, ce sera vraiment dangereux...	페릿이 부상당한 주민까지 공격한다면 정말 위험한 상태일텐데..	드루이드 베네스
QUEST_UNUSED_20151102_002670	Ils ont vraiment attaqué le morceau de bois ? C'est mauvais signe. Cela veut dire qu'ils attaquent{nl}n'importe qui...	정말 페릿이 주술 걸린 나무토막을 공격했어?{nl}큰일이네. 페릿이 무차별로 사람을 공격한다는 뜻이니까..	QUEST_UNUSED_20151022_001280	Les Ferret ont-ils attaqué le bois portant le sortilège ? Ce n'est pas bon. Cela signifie que les Ferret{nl}attaquent les humains sans distinction...	페릿이 주술 걸린 나무토막을 공격하던가요?{nl}큰일이네요. 페릿이 무차별로 사람을 공격한다는 뜻이니..	드루이드 베네스
QUEST_UNUSED_20151102_002671	Il n'y a plus de doute après cette expérience. Les Ferret sont très, très dangereux maintenant.{nl}	이번 실험으로 확실해졌어.{nl}지금 상태의 페릿은 정말 위험해.{nl}	QUEST_UNUSED_20151022_001281	C'est devenu évident à la suite de l'expérience. Les Ferret sont dangereux maintenant.{nl}Cependant, comme nous ne pouvons pas combattre tous les Ferret, nous devrions les chasser du{nl}village.{nl}	이번 실험으로 확실해졌습니다. 지금 상태의 페릿은 위험해요.{nl}그렇다고 페릿 전체와 싸울 수는 없으니 마을 근처에 페릿들을 쫓아내기라도 해야겠어요.{nl}	드루이드 베네스
QUEST_UNUSED_20151102_002672	Malgré tout, je ne peux pas combattre tous ces Ferret. Le maximum que je puisse faire est de{nl}chasser ceux qui sont le plus près du village.{nl}	그렇다고 저 많은 페릿과 싸울 순 없어.{nl}하다못해 마을 사람들 근처에 있는 페릿이라도 쫓아내야겠지.{nl}	QUEST_UNUSED_20151022_001282	Je possède une odeur épouvantable que les Ferret n'aiment pas. Allumez un feu de camp et,{nl}quand vous brûlerez l'odeur épouvantable, les Ferret s'enfuiront après l'avoir sentie. Répandez{nl}l'odeur près du Village de la forêt de Bellai où les villageois sont rassemblés, je vous prie. L'odeur{nl}est un peu... écœurante pour les humains, alors gardez-le à l'esprit...	저에게 페릿들이 싫어하는 지독한 향이 있어요.{nl}모닥불을 피워두고 지독한 향을 태우면 페릿들이 냄새를 맡고 도망갈겁니다.{nl}이 향을 마을 사람들이 모여있는 벨라이 숲 마을 근처에 피워주세요.{nl}사람한테도 조금.. 고약한 냄새지만 참고 부탁드리겠습니다..	드루이드 베네스
QUEST_UNUSED_20151102_002673	Il existe une odeur forte que les Ferret détestent. Si nous faisons un feu et brûlons ce parfum,{nl}cela devrait tenir les Ferret à distance.{nl}	나에게 페릿들이 싫어하는 지독한 향이 있어.{nl}모닥불을 피워서 그 향을 태우면 페릿들이 냄새를 맡고 도망갈 거야.{nl}				드루이드 베네스
QUEST_UNUSED_20151102_002674	Voudriez-vous répandre l'odeur autour du Atelier de la forêt de Bellai ? Cela sent un peu...{nl}mauvais, mais faites-moi cette faveur je vous prie.	이 향을 벨라이 숲 작업장 근처에 피워주곘어?{nl}사람에게도 조금.. 고약한 냄새지만 참고 부탁할게.				드루이드 베네스
QUEST_UNUSED_20151102_002675	Je devrais faire plus de ce parfum. Au cas où l'effet s'estomperait.	향을 더 많이 만들어둬야겠어.{nl}언제 향의 효과가 떨어질 지 모르니까.	QUEST_UNUSED_20151022_001283	J'imagine que nous devrions faire plus d'encens. Puisque nous ignorons quand les effets de{nl}l'encens s'épuiseront.	향을 더 많이 만들어둬야겠어요.{nl}언제 향의 효과가 떨어질 지 모르니까요.	드루이드 베네스
QUEST_UNUSED_20151102_002676	Merci. Je ne pense pas que les Ferret vont s'approcher de l'atelier maintenant.{nl}	고마워. {nl}이제 한동안 페릿들이 작업장 근처에는 얼씬도 못 할 거야.{nl}	QUEST_UNUSED_20151022_001284	L'odeur était-elle épouvantable ? Merci. Maintenant, les Ferret ne pourront plus approcher du{nl}village. Je me sens mal d'avoir utilisé l'odeur épouvantable sur les Ferret à cause des sales tours{nl}des démons. À mon retour au village, je devrais chercher avec le Dievdirbys Widas un moyen de{nl}rendre les Ferret à leur état d'origine.	냄새가 많이 지독하던가요?{nl}감사합니다. 이제 한동안 페릿들이 마을 근처에는 얼씬도 못 할 겁니다.{nl}마족 놈들의 더러운 술수 때문에 페릿한테 지독한 향을 쓰게 되다니 속이 상하네요.{nl}마을에 돌아가면 딥디르비 위다스씨와 페릿을 예전 상태로 되돌릴 방법을 찾아봐야겠어요.	드루이드 베네스
QUEST_UNUSED_20151102_002677	Cela me met en rage de penser que les Ferret utilisent l'odeur grâce aux sales tours des démons.{nl}Je devrais parler à Widas à mon retour.{nl}	마족들의 더러운 술수 때문에 페릿에게 지독한 향을 쓰게 되다니 정말 속상해.{nl}마을로 돌아가면 위다스씨랑 좀 상의해 봐야겠어.{nl}				드루이드 베네스
QUEST_UNUSED_20151102_002678	Mais je pense encore qu'il doit y avoir un moyen de ramener les Ferret à la normale. N-n'est-ce{nl}pas... ?	어떻게든 페릿들을 예전 상태로 되돌릴 방법이 있을 거야.{nl}정말.. 그럴 수 있겠지?				드루이드 베네스
QUEST_UNUSED_20151102_002679	Vous... Vous m'avez enfin sauvé.{nl}	그대는.. {nl}드디어 그대가 절 구해 주셨군요.{nl}	QUEST_UNUSED_20151022_001285	Merci de m'avoir sauvée... Bien que faible, je sens le pouvoir de Laima en vous... Vous êtes le{nl}sauveur dont Laima a parlé autrefois...{nl}	구해주셔서 감사합니다..{nl}당신에게서 미약하게나마 라이마의 힘이 느껴집니다..{nl}당신이 라이마가 말한 구원자군요..{nl}	여신 라다
QUEST_UNUSED_20151102_002680	Quand Laima m'a confié cette forêt... Elle a dit qu'elle serait engloutie par une vague de calamité.{nl}	라이마가 제게 이 숲을 부탁할 때.. {nl}재앙의 파도가 이 숲을 덮칠 것이라 하였어요.{nl}	QUEST_UNUSED_20151022_001286	Laima a prédit qu'un désastre viendrait sur cette forêt et que je ne pourrais l'empêcher. Et elle a{nl}aussi dit que le sauveur qui apporterait l'orbe qu'elle a laissé pourrait résoudre le désastre de{nl}cette forêt. Tout se déroule comme Laima l'a prédit.	라이마는 이 숲에 저조차도 막을 수 없는 재앙이 닥쳐올 거라고 예지했습니다.{nl}그리고 자신이 남겨놓은 보주를 가지고 온 구원자만이 이 숲의 재앙을 해결할 수 있다고 했죠.{nl}모든 것이 라이마의 예지대로 흘러가는 군요.	여신 라다
QUEST_UNUSED_20151102_002681	Et, a-t-elle dit, une fois la vague retirée, je vous rencontrerais. Celui qui porte la lumière du{nl}salut...{nl}	그리고 그 파도의 끝에서 그대를 만날 것이라고도 하였지요.{nl}구원의 빛을 안고서..{nl}				여신 라다
QUEST_UNUSED_20151102_002682	C'est vous, le Révélateur qui sauvera notre monde... J'ai désormais l'espoir que ce sera vous.	그대는 계시자 가운데서도 이 세계를 구할 구원자..{nl}이제야 겨우 그대라는 희망을 만날 수 있게 되었습니다.				여신 라다
QUEST_UNUSED_20151102_002683	La raison derrière l'eau rouge qui coule dans cette forêt et les cultures contaminées... Le plan{nl}pour faire pousser une fougère géante et répandre les spores de mort...{nl}	이 숲을 흐르는 물이 붉게 물들고 모든 과실이 거대해진 원흉..{nl}그리고 고사리를 거대화시켜 죽음의 포자를 퍼뜨리려던 계획..{nl}	QUEST_UNUSED_20151022_001287	Zaura veut créer un puissant Kruvina en utilisant mes vitalités. Le Kruvina est un objet des{nl}démons qui utilise les vitalités humaines et amplifie le pouvoir de son porteur. Mais, si l'on ne{nl}peut supporter le pouvoir du Kruvina, il détruit le corps du porteur. Les démons tentent{nl}d'utiliser le Kruvina sur les plantes et de tuer tous les humains grâce aux plantes.{nl}	마군주 자우라는 제 생명력을 이용해서 강력한 크루비나를 만들려고 하고 있습니다.{nl}크루비나는 인간의 생명력을 제물로 만드는 마족의 물건인데 대상의 힘을 증폭시키는 힘이 있습니다.{nl}대신 크루비나의 힘을 버티지 못하면 육체가 붕괴하는 무서운 물건이죠.{nl}마족들은 크루비나를 식물에 사용해서 식물을 무기로 인간을 몰살시키려 하고 있습니다.{nl}	여신 라다
QUEST_UNUSED_20151102_002684	Tout cela a été possible grâce au Kruvina. Mais leurs machinations ne se sont pas arrêtées là.{nl}	이 모든 것은 크루비나가 있기에 가능했던 일이었어요.{nl}하지만 그들의 계획은 아직 끝난 것이 아닙니다.{nl}	QUEST_UNUSED_20151022_001288	Si l'eau de la forêt est devenue rouge et si les arbres et les fruits ont grandi démesurément, tout{nl}cela est dû au Kruvina. Les démons, satisfaits des résultats, ont voulu créer un Kruvina plus{nl}puissant, et ont fini par m'enlever et par utiliser mes vitalités pour créer le Kruvina.{nl}	이 숲의 물이 붉게 물들고 나무와 과일이 거대 성장을 한 것도 인간의 생명력을 제물로한 크루비나 때문이에요.{nl}결과가 만족스러웠던 마족들은 더 강력한 크루비나를 만들기를 원했고,{nl}결국 저를 납치해서 여신의 생명력을 제물로 크루비나를 만들려고 하고 있습니다.{nl}	여신 라다
QUEST_UNUSED_20151102_002685	Après que l'expérience a donné de bons résultats, les démons ont voulu créer un Kruvina encore{nl}plus puissant.{nl}	실험 결과가 만족스러웠던 마족들은 더 강력한 크루비나를 만들길 원했으니까요.{nl}	QUEST_UNUSED_20151022_001289	Sauveur... Le Kruvina ne devrait pas exister dans ce monde. Vous seul pouvez détruire le{nl}Kruvina et arrêter la conspiration des démons... C'est votre chance puisque Zaura a subi des{nl}dégâts critiques et s'est enfui !	구원자여.. 크루비나는 세상에 존재해서는 안될 물건이에요..{nl}당신만이 크루비나를 파괴하고 마족의 음모를 막을 수 있습니다..{nl}자우라가 치명상을 입고 도망간 지금이 기회입니다!	여신 라다
QUEST_UNUSED_20151102_002686	Leur plan n'était pas d'utiliser des vies humaines... Mais la mienne. La force vitale d'une déesse.{nl}	인간의 생명이 아닌.. {nl}바로 저. 여신의 생명으로요.{nl}				여신 라다
QUEST_UNUSED_20151102_002687	Une arme comme le Kruvina ne peut pas exister dans notre monde. Vous seul pouvez détruire{nl}le Kruvina et arrêter les plans des démons. {nl}	크루비나는 세상에 절대 존재해서는 안 될 물건이에요.{nl}그대만이 크루비나를 파괴하고 마족의 음모를 막을 수 있어요.{nl}				여신 라다
QUEST_UNUSED_20151102_002688	Le seigneur démon Zaura est gravement blessé ; c'est votre chance !	마군주 자우라가 치명상을 입은 지금이 기회입니다!				여신 라다
QUEST_UNUSED_20151102_002689	Le Kruvina est peut-être inachevé... Mais le fait qu'il utilise ma force vitale signifie qu'il ne peut{nl}être détruit par des pouvoirs humains.{nl}	크루비나는 아직 완성되지 않았지만..{nl}저의 생명력으로 만들어지고 있기에 인간의 힘 만으론 파괴할 수 없어요.{nl}	QUEST_UNUSED_20151022_001290	Le Kruvina n'est pas achevé, mais puisqu'il est créé avec les vitalités de la déesse il ne serait pas{nl}possible de le briser par une force humaine.{nl}	크루비나는 아직 완성되지않았지만 여신의 생명력으로 만들어졌기 때문에{nl}인간의 힘만으로는 파괴할 수 없을 겁니다.{nl}	여신 라다
QUEST_UNUSED_20151102_002690	Il n'y a qu'un moyen... Je dois transmettre mon pouvoir à l'orbe que Laima vous a donné...{nl}	방법은 오직 하나..{nl}라이마가 그대에게 맡긴 보주에 미약하게나마 제 힘을 보태는 것 뿐..{nl}	QUEST_UNUSED_20151022_001291	Mais vous êtes le Révélateur... Le pouvoir de Laima que vous possédez, joint au mien, pourrait{nl}détruire le Kruvina. Mais tous les dispositifs de liaison et les dispositifs de création du Kruvina{nl}répriment le pouvoir qui me reste. Détruisez les dispositifs de liaison et les dispositifs de{nl}création du Kruvina, je vous prie. Quand mon pouvoir reviendra, je le partagerai avec vous.	하지만 당신은 구원자..{nl}당신에게서 느껴지는 라이마의 힘에 미약하게나마 제 힘을 보태면 크루비나를 파괴할 수 있을 거에요.{nl}하지만 제 남은 힘은 모두 구속 장치와 크루비나 생성 장치들이 억누르고 있는 상태입니다.{nl}구속 장치와 크루비나 생성 장치를 파괴해주세요. 힘이 돌아오면 당신에게 힘을 나눠드리겠습니다.	여신 라다
QUEST_UNUSED_20151102_002691	Hélas, la majeure partie de mon pouvoir m'a été volée lors de Medzio Diena, et ce qu'il en restait{nl}se trouve dans le dispositif du Kruvina. Si seulement ce pouvoir était libéré... je pourrais m'en{nl}servir pour vous aider.	하지만 신수의 날에 거의 모든 힘을 빼앗긴데다가, 남은 힘마저도 크루비나 생성 장치에 묶여 있어요.{nl}그 힘만이라도 해방될 수 있다면.. 그대에게 힘을 보태드릴 수 있습니다.				여신 라다
QUEST_UNUSED_20151102_002692	Vous avez bien agi. La production arrêtée, le Kruvina ne peut pas être achevé.	잘 해주셨습니다. {nl}이제 크루비나는 불완전한 상태로 생성을 멈출거예요.	QUEST_UNUSED_20151022_001292	Bien joué. La croissance du Kruvina s'arrêtera à un état inachevé.	잘 해주셨습니다. 크루비나는 불완전한 상태로 생성이 멈출거에요.	여신 라다
QUEST_UNUSED_20151102_002693	Même un Kruvina inachevé est trop dangereux pour ce monde, cependant... Il doit être détruit{nl}avant que les démons ne s'en servent.{nl}	하지만 불완전한 크루비나라도 이 세상에 있어선 안 될 존재..{nl}마족이 악용하기 전에 빨리 파괴해야해요.{nl}	QUEST_UNUSED_20151022_001293	Bien qu'il soit incomplet, je ne peux pas laisser le Kruvina puisqu'il est dangereux. Avant que les{nl}démons n'en fassent mauvais usage, nous devrions le détruire.{nl}	불완전한 상태라고는 하지만 크루비나는 위험하기 때문에 그냥 내버려둘 수는 없습니다.{nl}마족이 크루비나를 악용하기 전에 파괴해야만 해요.{nl}	여신 라다
QUEST_UNUSED_20151102_002694	Le peu de pouvoir que j'ai recouvré, je vous le confie. Vous avez une seule chance... Je vous en{nl}prie, détruisez le Kruvina.	제 힘이 미약하게나마 돌아왔으니 그대에게 힘을 나눠드리겠습니다.{nl}기회는 단 한번.. 부디 크루비나를 파괴해 주세요.	QUEST_UNUSED_20151022_001294	Maintenant que mon pouvoir, réprimé par le dispositif de création du Kruvina, est revenu, je{nl}vais le partager avec vous. Placez mon pouvoir dans l'orbe de Laima et détruisez le Kruvina au{nl}nom du sauveur.	크루비나 생성 장치에 억눌려있던 제 힘이 돌아왔으니 당신에게 제 힘을 나눠드리겠습니다.{nl}라이마의 보주에 제 힘을 보태서 구원자의 이름으로 크루비나를 파괴해주세요.	여신 라다
QUEST_UNUSED_20151102_002695	Avant de vous transformer en Ferret, vous devez étudier leur comportement. Ils sauront que{nl}quelque chose cloche si vous agissez bizarrement.{nl}	일단 페릿으로 변신하기 전에 페릿들의 행동을 잘 관찰해야해.{nl}어색하게 행동하면 페릿들에게 들킬 게 뻔하거든.{nl}				드루이드 베네스
QUEST_UNUSED_20151102_002696	Je vais vous donner un parchemin vierge pour que vous preniez des notes sur les Ferret. Après{nl}cela, vous pourrez vous transformer.	내가 빈 주문서를 줄 테니까 페릿의 행동을 관찰하고나서 여기에 적어줘.{nl}변신은 그 뒤에나 가능할 것 같아.				드루이드 베네스
QUEST_UNUSED_20151102_002697	Le seigneur démon Zaura ne le tolérera jamais. Puissiez-vous être béni au nom des déesses.	마군주 자우라가 가만히 구경만 하고 있진 않을 거예요.{nl}여신의 이름으로 그대의 가호를 빌겠습니다.	QUEST_LV_0100_20151016_009893	Seigneur démon Zaura ne restera pas les bras croisés pendant que vous le détruisez... Prenez{nl}soin de vous, je vous prie...	마군주 자우라가 가만히 구경만 하고 있진 않을 거에요..{nl}부디 몸 조심 하세요..	여신 라다
QUEST_UNUSED_20151102_002698	Le Kruvina... est entre les mains des démons. Je suis heureuse que vous, sauveur, ayez pu revenir{nl}sain et sauf.{nl}	크루비나는.. 결국 마족이 가져갔군요.{nl}구원자님께서 무사히 돌아오신 것 만으로도 정말 다행이예요.{nl}	QUEST_UNUSED_20151022_001295	Un démon noir appelé le Beholder a emporté le Kruvina inachevé et a disparu... Ce n'est rien...{nl}Sauveur... ce n'est pas votre faute.. Si vous n'aviez pas arrêté les démons, ils auraient achevé le{nl}Kruvina en utilisant le pouvoir des déesses.{nl}	주시자라고 불린 검은 마족이 중간에 끼어들어서 불완전한 크루비나를 가지고 사라졌군요..{nl}괜찮습니다.. 구원자여.. 당신의 탓이 아닙니다.{nl}당신이 마족들의 계획을 막아주지 않았다면 그들은 완전한 여신의 힘으로 크루비나를 만들었겠죠.{nl}	여신 라다
QUEST_UNUSED_20151102_002699	Ne vous en voulez pas. Ce n'est pas votre faute.	너무 자책하지 마세요. {nl}이건 그대의 탓이 아닙니다.{nl}	QUEST_UNUSED_20151022_001296	Vous avez accompli un grand travail. Je suis certaine que Laima, ma sœur, avait prévu le{nl}Beholder.	크루비나의 완성을 막은 것만으로도 큰 일을 해주신 겁니다.{nl}그리고 아마 제 자매인 라이마는 주시자의 개입 조차도 내다봤을 겁니다.	여신 라다
QUEST_UNUSED_20151102_002700	Si vous n'aviez pas arrêté les plans des démons, ils auraient achevé le Kruvina. Je crois que{nl}Laima en aura conscience elle aussi.{nl}	만약 마족의 계획을 막지 못했다면, 그들은 완전한 크루비나를 만들었겠지요.{nl}아마 라이마도 충분히 알고 있었을 것입니다.{nl}				여신 라다
QUEST_UNUSED_20151102_002701	Cet exploit à lui seul était immensément important pour nous. Personne ne peut vous blâmer...	그걸 막은 것 만으로도 큰 일을 해 주신 거예요.{nl}그 누구도 그대를 탓하지 않습니다..				여신 라다
QUEST_UNUSED_20151102_002702	Laima... Comme cela a dû être désespérant pour elle, sachant qu'elle était impuissante à changer{nl}ce qui allait arriver.{nl}	라이마는.. {nl}이 모든 것을 알고도 어떻게 할 수 없는 자신이 괴로웠을 거예요.{nl}	QUEST_UNUSED_20151022_001297	Merci de m'avoir sauvée. Sauveur. Grâce à cela, nous avons pu déjouer les plans des démons.{nl}Maintenant, je vais coopérer avec les villageois pour stabiliser la forêt.{nl}	구해주셔서 감사합니다. 구원자여.{nl}덕분에 마족의 계획도 막을 수가 있었습니다.{nl}저는 이제 마을 주민들과 힘을 합쳐 이 숲을 안정화시키려고 합니다.{nl}	여신 라다
QUEST_UNUSED_20151102_002703	J'imagine que c'est pour cela qu'elle s'en est chargée seule et s'est éloignée. Pour trouver une{nl}solution à cette calamité... elle n'a eu d'autre choix que de marcher sur un chemin solitaire.{nl}	그래서 혼자서 모든 것을 지고 방랑의 길에 오른 것이겠지요.{nl}이 재앙을 멈출 수 있는 방법을 찾아서.. 외롭고 고통스러운 방랑을요.{nl}	QUEST_UNUSED_20151022_001298	Avant que Laima ne commence à errer, elle m'a demandé quelque chose. Quand le sauveur{nl}apparaîtra et résoudra tous les désastres du village, elle veut que j'amène le sauveur aux mains{nl}de la statue de Laima. Prenez l'orbe de la déesse que Laima a préparé et rendez-vous aux mains{nl}de Laima à Zeraha.	그러고 보니 라이마가 방랑을 시작하기 전에 저에게 부탁한 일이 있습니다.{nl}구원자가 나타나 마을에 드리운 재앙을 모두 해결하고 나면{nl}구원자를 제라하의 라이마 여신상 손 끝으로 인도해달라고 했습니다.{nl}라이마가 준비한 여신의 보주를 챙겨서 제라하의 라이마 여신상 손 끝으로 가보세요.	여신 라다
QUEST_UNUSED_20151102_002704	Oh... ! Je viens d'entendre la voix de Laima. Elle vous appelait...{nl}	아..!{nl}방금 라이마의 목소리를 들었어요.{nl}당신을 애타게 부르는듯한..{nl}				여신 라다
QUEST_UNUSED_20151102_002705	Je pense que c'est la statue de Laima à Zeraha. Vous devriez y aller.	제라하에 있는 라이마의 여신상인 것 같아요.{nl}어서 가 보세요.				여신 라다
QUEST_UNUSED_20151102_002706	Sa voix vous appelait, pleine de désir. Hâtez-vous d'aller à la statue de la Déesse Laima à Zeraha.	마치 당신을 애타게 부르고 있는 듯한 목소리였어요.{nl}어서 제라하의 라이마 여신상으로 가 보세요.	QUEST_LV_0100_20151016_009897	Je m'inquiète pour mes autres sœurs...	다른 자매들은 괜찮을지가 걱정입니다..	여신 라다
QUEST_UNUSED_20151102_002707	Laima...{nl}	라이마..{nl}				마신 길티네
QUEST_UNUSED_20151102_002708	Elle m'a adressé un sourire triste et s'est éloignée. Elle savait ce qui allait arriver... Et pourtant,{nl}elle a fait un choix difficile...{nl}	라이마는 제게 슬픈 미소만을 남기곤, 방랑을 떠났어요.{nl}이렇게 될 것을 알면서.. 알았으면서 왜 그렇게 힘든 길을 택했는지..{nl}				여신 라다
QUEST_UNUSED_20151102_002709	En vous voyant maintenant, je peux essayer de comprendre la raison de son choix. Le sens d'un{nl}sauveur... ce qu'elle a vu au terme de cette catastrophe.{nl}	하지만 그대를 보니 그녀가 왜 이런 위험한 선택을 했는지 조금이나마 알 것 같아요.{nl}구원자의 의미를.. 이 재앙의 끝에서 그녀가 무엇을 봤는지를요.{nl}				여신 라다
QUEST_UNUSED_20151102_002710	Vous avez dit que Laima vous a demandé de trouver les révélations. La plus proche d'ici se{nl}trouvera à Fedimian.{nl}	라이마가 계시를 찾아달라고 말했다 하셨지요.{nl}여기서 가장 가까운 계시는 페디미안에서 찾을 수 있을 거예요.{nl}				여신 라다
QUEST_UNUSED_20151102_002711	Je comprends le poids de cette tâche, mais nous devons agir maintenant. Ce doit être vous... nul{nl}autre que vous ne peut sauver Laima.{nl}	신성한 임무가 그대를 짓누르더라도 결코 지지 말아야 해요.{nl}당신이 아니면.. 아무도 이 세계와 라이마를 구할 수 없어요.{nl}				여신 라다
QUEST_UNUSED_20151102_002712	Je vais vous transmettre le pouvoir de l'orbe de Laima. Qu'il vous guide vers la révélation qu'elle{nl}a cachée.{nl}	마지막으로 라이마의 보주에 깃든 힘을 당신에게 전해드릴게요.{nl}그녀가 숨겨 둔 계시를 찾는 데 커다란 보탬이 될 거예요.{nl}				여신 라다
QUEST_UNUSED_20151102_002713	Je vous en prie, sauvez Laima... Arrachez-la des mains de Giltine...	부디 라이마를.. {nl}길티네의 손에서 그녀를 구해 주세요..				여신 라다
QUEST_UNUSED_20151102_002714	C'est le destin qui vous a amené ici ! Merci, merci d'avoir secouru la Déesse Lada.{nl}	전승이 당신을 여기까지 이끌어 주셨군요!{nl}라다 여신을 구해주셔서 정말 감사했습니다.{nl}	QUEST_LV_0100_20151016_009900	La légende disait vrai ! Vous avez réellement réussi à vaincre le démon et à sauver la Déesse{nl}Lada. Vous êtes vraiment celui dont la Déesse Laima nous a parlé. Merci !{nl}	결국 마족을 물리치고 라다 여신을 구해주셨군요!{nl}라이마 여신께서 남기신 전승이 맞았습니다. 감사합니다!{nl}	마을 사제
QUEST_UNUSED_20151102_002715	Un jour je rebâtirai un temple pour la Déesse Lada et la Déesse Laima, quand elles reviendront.{nl}	전 언젠가 돌아오실 라이마 여신과 라다 여신을 위해 신전을 재건하려고 합니다.{nl}	QUEST_UNUSED_20151022_001301	Le sanctuaire des déesses était bâti ici à l'origine, mais les démons ont brisé les sanctuaires.{nl}J'essaie de restaurer le sanctuaire avec les villageois pour Lada et Laima qui reviendront un jour.{nl}Mais beaucoup de démons rôdent encore. Nous devrions chasser les démons afin de restaurer le{nl}sanctuaire.{nl}	이 곳에는 원래 여신을 위한 신전이 세워져 있었지만 마족들이 신전을 무너뜨려버렸습니다.{nl}저는 라다 여신과 언젠가 돌아올 라이마 여신을 위해 마을 사람들과 함께 신전을 재건하려고 합니다.{nl}하지만 아직도 남은 마족들이 이 곳을 돌아다니고 있습니다.{nl}신전을 재건하기 전에 남은 마족들을 몰아내야 합니다.{nl}	마을 사제
QUEST_UNUSED_20151102_002716	Mais les démons n'abandonneront pas. Et l'état de Lada lui-même est encore instable.{nl}	하지만 마족들의 기세는 아직도 여전하지요.{nl}라다 여신께서도 보전하시기 어려운 상태이고요.{nl}	QUEST_LV_0100_20151016_009902	Alors, voici ce que je veux vous demander. Aidez-nous à nettoyer les restes des démons. Avec{nl}votre aide, nous pourrions les chasser bien plus vite.	이 곳에 남은 마족들을 몰아내려고 하는데 힘을 보태주실 수 있을까요?{nl}도와주신다면 좀 더 빨리 마족들을 몰아낼 수 있을 것 같습니다.	마을 사제
QUEST_UNUSED_20151102_002717	Nous aimerions chasser les démons qui restent dans les parages, voudriez-vous aider ?{nl}	이 곳에 남은 마족들을 몰아내려고 하는데 힘을 보태주실 수 있을까요?{nl}				마을 사제
QUEST_UNUSED_20151102_002718	La Déesse Lada ne se sent toujours pas bien. Nous prendrons soin d'elle désormais.	라다 여신께선 아직 많이 힘들어하세요.{nl}이젠 저희가 지켜드려야지요.	QUEST_UNUSED_20151022_001302	Je ne sais pas pourquoi des démons restent encore ici après avoir vu le seigneur démon expulsé.	마군주도 몰아냈는데 여기 남은 마족들은 뭘 건지겠다고 남은 걸까요?	마을 사제
QUEST_UNUSED_20151102_002719	Merci. Il y a beaucoup moins de démons dans les parages maintenant.	감사합니다. {nl}덕분에 마족들이 눈에 띄게 줄어들었네요.	QUEST_LV_0100_20151016_009904	Merci. Le nombre de démons a considérablement diminué !	감사합니다. 덕분에 마족들이 눈에 띄게 줄어들었네요.	마을 사제
QUEST_UNUSED_20151102_002720	Maintenant nous devons purifier la terre contaminée par l'énergie maléfique. Mais je ne sais pas{nl}comment.{nl}	이제 사악한 기운으로 오염된 대지를 정화해야 해요.{nl}하지만 방법을 도저히 모르겠어요.{nl}	QUEST_LV_0100_20151016_009905	Nous devons trouver un moyen de purifier la terre corrompue. Mais j'ignore comment. Même{nl}Dievdirbys Widas n'a pu concevoir aucun plan pour purifier la terre.{nl}	이제 마족들이 사악한 기운으로 물들인 대지를 정화해야합니다. 하지만 방법을 도저히 모르겠어요.{nl}딥디르비 위다스 씨도 당장은 대지를 정화할 방법을 찾지 못한 것 같습니다.{nl}	마을 사제
QUEST_UNUSED_20151102_002721	Ce n'était même pas l'œuvre de démons, mais d'un humain... Widas ne semble pas non plus{nl}trouver de solution immédiate.{nl}	이건 마족의 짓이 아니라 놀랍게도 사람이 저지른 것이라서..{nl}딥디르비인 위다스씨도 당장은 정화할 방법을 찾지 못하신 것 같고요.{nl}	QUEST_UNUSED_20151022_001303	Il y a une immense cité appelée Fedimian qui n'est pas si loin de cette forêt. Parmi les maîtres de{nl}Fedimian, il y a peut-être quelqu'un qui sait purifier la terre. Je dois le chercher, mais je ne peux{nl}pas partir maintenant car je suis trop occupé.. Pouvez-vous aller demander conseil à ma place{nl}au maître qui sait purifier la terre ?	이 숲에서 멀지 않은 곳에 페디미안이라는 대도시가 있어요.{nl}혹시 페디미안에 계신 마스터님들 중에 대지를 정화할 방법을 알고 계신 분이 계시지 않을까요?{nl}제가 찾아봐야하지만 이 곳의 일손이 부족해서 자리를 비우기 힘든 상황이네요..{nl}괜찮으시면 페디미안에서 대지를 정화할 방법을 아는 마스터님께 조언을 구해주실 수 있을까요?	마을 사제
QUEST_UNUSED_20151102_002722	Pas loin d'ici il y a une grande cité appelée Fedimian. Je me demande s'il y a là-bas un maître qui{nl}pourrait trouver quelque chose.{nl}	이 숲에서 멀지 않은 곳에 페디미안이라는 대도시가 있어요.{nl}혹시 페디미안에 계신 마스터님 중에 이런 경우에 해박한 분이 있지 않을까요?{nl}				마을 사제
QUEST_UNUSED_20151102_002723	Bien sûr, j'irais moi-même mais... Nous manquons déjà de bras ici, je ne crois pas qu'il serait{nl}bien que je parte.{nl}	물론 제가 직접 찾아 뵈는 것이 예의이지만.. {nl}이 곳의 일손이 부족해서 자리를 비우기가 힘든 상황이라서요.{nl}				마을 사제
QUEST_UNUSED_20151102_002724	Si vous le pouvez, j'aimerais que vous alliez à Fedimian demander conseil aux maîtres là-bas.	괜찮으시다면 페디미안에서 조언을 주실 마스터님을 찾아 주셨으면 합니다.				마을 사제
QUEST_UNUSED_20151102_002725	Ainsi la terre a été contaminée non par des démons, mais par un humain... Avec le monde tel{nl}qu'il est, qui l'aurait cru... ?{nl}	마족이 아니라 사람이 오염시킨 대지라고요.{nl}저런.. 세상이 이리도 어지러우니 헛된 꿈을 꾸는 이들이 생겨나는군요.{nl}	QUEST_UNUSED_20151022_001305	Ahah... je sais comment purifier la terre. Je ne peux pas partir maintenant, alors je vais inscrire le{nl}cercle magique de purification sur le parchemin.	아아.. 대지를 정화하는 방법이라면 제가 알고 있어요.{nl}저도 자리를 비울 상황은 못되서 정화의 마법진을 주문서에 써드릴게요.	드루이드 마스터
QUEST_UNUSED_20151102_002726	J'ai une solution. Je vais vous écrire un parchemin de purification. Cela devrait suffire à régler le{nl}problème.	일단 제가 방법은 알고 있으니 정화의 마법진을 주문서에 써 드리지요.{nl}이것이라면 충분히 해결될 겁니다.				드루이드 마스터
QUEST_UNUSED_20151102_002727	L'un des maîtres de Fedimian devrait pouvoir nous aider ! Je l'espère...	페디미안에 있는 마스터님들이라면 분명 해박한 분이 계실 거에요!{nl}계셔야 하는데..	QUEST_UNUSED_20151022_001306	Parmi les maîtres de Fedimian, il doit y avoir quelqu'un qui sait purifier la terre ! Il doit bien y{nl}avoir quelqu'un...	페디미안에 있는 마스터님들이라면 분명 대지를 정화하는 방법을 아시는 분이 계실거에요!{nl}계셔야 하는데..	마을 사제
QUEST_UNUSED_20151102_002728	Vous êtes déjà de retour. Avez... avez-vous trouvé un maître pour nous aider ?{nl}	금방 다녀오셨네요.{nl}저.. 아시는 분이 계시던가요?{nl}	QUEST_UNUSED_20151022_001307	Vous êtes revenu vite. Avez-vous trouvé la méthode ?{nl}	금방 다녀오셨군요. 방법은 알아오셨습니까?{nl}	마을 사제
QUEST_UNUSED_20151102_002729	Le Maître Druide a écrit ce parchemin elle-même ? C'est encore mieux que ce que j'espérais.{nl}Merci !	드루이드 마스터님께서 직접 주문서를 써 주셨다고요?{nl}이거 기대 이상의 수확인데요. 정말 감사합니다!	QUEST_UNUSED_20151022_001308	Le Maître Druide vous a écrit le parchemin lui-même ? Cela veut dire que ce qui est dessiné sur{nl}ce parchemin est le cercle magique de purification ! C'est plus que je n'espérais. Merci !	드루이드 마스터님께서 직접 주문서를 써주셨다구요?{nl}그러니까 그 주문서에 그려진 게 정화의 마법진이라는 소리군요!{nl}이거 기대 이상의 수확인데요? 감사합니다!	마을 사제
QUEST_UNUSED_20151102_002730	J'ai trouvé la source de la contamination. Les démons ont installé un autre totem.{nl}	일단 오염의 근원은 제가 찾아 놓았어요.{nl}마족들이 그새 또 토템을 세워놨더라고요.{nl}	QUEST_UNUSED_20151022_001309	Maintenant, avec le parchemin de purification que nous avons obtenu, nous devons purifier la{nl}terre. Il semble que les totems démoniaques dressés à travers la contrée soient à l'origine de la{nl}pollution. Mais, à cause des démons qui protègent les totems démoniaques, nous ne pouvons{nl}pas approcher..{nl}	이제 구해온 정화의 주문서로 대지를 정화하는 일만 남았군요.{nl}살펴보니 아무래도 곳곳에 세워진 마족 토템을 근원으로 대지가 물들고 있는 것 같습니다.{nl}그런데 마족 토템을 지키는 마족들 때문에 도저히 가까이 갈 엄두가 안나더라구요..{nl}	마을 사제
QUEST_UNUSED_20151102_002731	Ce parchemin de purification devrait suffire mais... Avec les démons qui le gardent, je ne peux{nl}pas m'approcher assez du totem.{nl}	이 정화의 주문서라면 문제 없겠지만..{nl}토템을 지키는 마족들 때문에 도저히 가까이 갈 엄두가 안나요.{nl}	QUEST_LV_0100_20151016_009912	Puis-je vous demander de détruire les totems et d'utiliser le Parchemin de purification sur{nl}l'endroit corrompu ?	마족 토템을 파괴하고 그 자리를 정화의 주문서로 정화해주실 수 있을까요?	마을 사제
QUEST_UNUSED_20151102_002732	Allez-vous détruire le totem démoniaque et le purifier avec le parchemin ?	마족 토템을 파괴하고 정화의 주문서로 정화해 주실 수 있을까요?				마을 사제
QUEST_UNUSED_20151102_002733	Je ne comprends pas pourquoi quelqu'un se rangerait du côté des démons... Quelle est donc la{nl}puissance de leur énergie maléfique, que même les Ferret ne peuvent y résister ?	도대체 마족 편에 섰다는 사람들은 무슨 생각으로..{nl}사악한 기운이 얼마나 지독하면 페릿까지도 정신을 못 차리는 걸까요?	QUEST_LV_0100_20151016_009913	Je me demande à quel point l'énergie maléfique est forte... puisque même les furets en ont été{nl}affectés.	사악한 기운이 얼마나 지독하면 대지도 물들이고 페릿들도 정신을 못 차리는 걸까요?	마을 사제
QUEST_UNUSED_20151102_002734	Révélateur, votre aide nous a redonné espoir. Nous n'aurions pas pu résoudre cela sans vous...{nl}	계시자님의 도움이 큰 힘이 되었습니다.{nl}마을 사람들만으론 엄청 오래 걸렸을 거예요..{nl}	QUEST_UNUSED_20151022_001310	Merci infiniment d'avoir résolu des affaires difficiles pour les villageois ! Votre grande puissance{nl}nous a beaucoup aidés. Quand le sanctuaire des déesses sera bâti ici à l'avenir, passez donc nous{nl}voir !	마을 사람들이 하기 어려운 일을 해결해주셔서 감사합니다!{nl}계시자님의 강한 힘이 큰 도움이 됐습니다.{nl}언젠가 이 곳에 여신을 위한 신전이 세워지면 계시자님도 한번 들리세요!	마을 사제
QUEST_UNUSED_20151102_002735	Une fois le nouveau temple achevé, n'hésitez pas à repasser, Révélateur !	언젠가 이 곳에 여신을 위한 신전이 세워지면 계시자님도 한번 들려 주세요!				마을 사제
QUEST_UNUSED_20151102_002736	Les nôtres se sentent en sécurité maintenant que tout est terminé... Vous êtes vraiment notre{nl}sauveur. Merci, merci !{nl}	우리 마을은 이제 다 끝났다고 생각했는데..{nl}자네는 우리 마을의 은일일세. 정말 고맙네, 고마워!{nl}	QUEST_LV_0100_20151016_009915	Nous étions sur le point de perdre tout espoir pour notre ville... Vous êtes vraiment un sauveur...{nl}Je ne saurais assez vous remercier !{nl}	우리 마을은 이제 다 끝났다고 생각했는데..{nl}자네는 우리 마을의 은인일세.. 고맙네.. 정말 고마워!{nl}	마을 대사제
QUEST_UNUSED_20151102_002737	Les nôtres vont unir leurs forces et bâtir un temple pour les déesses maintenant. Au fait, je{nl}cherchais autour de la Falaise d'Irbedi un emplacement pour bâtir le temple et j'ai trouvé un{nl}endroit doté d'une forte force vitale.	이제 마을 주민들과 힘을 합쳐서 여신을 위한 신전을 재건할 걸세.{nl}참. 어디에 신전을 지으면 좋을까 터를 둘러보다가 이르베디 절벽에서 생명력이 가득한 곳을 찾았지.{nl}	QUEST_UNUSED_20151022_001311	Maintenant, je vais travailler avec les villageois pour restaurer le sanctuaire des déesses. Je{nl}cherche où bâtir le sanctuaire et j'ai trouvé là-haut la terre pleine de vitalités. Les démons ont{nl}déboulé, je n'ai donc pas pu l'examiner attentivement, mais l'énergie du sol nous aiderait à{nl}restaurer les vitalités.{nl}	이제 마을 주민들과 힘을 합쳐서 여신을 위한 신전을 재건하려고 하네.{nl}어디에 신전을 지으면 좋을까 터를 돌아보고 있는데 저 위쪽에서 생명의 기운이 가득한 땅을 찾았지.{nl}마족들이 덤벼들어서 자세히 살펴보지는 못했지만 그 땅의 기운이라면 라다 여신께서{nl}기운을 회복하는 데 큰 도움이 될 것 같네.{nl}	마을 대사제
QUEST_UNUSED_20151102_002738	Je n'ai pas pu faire beaucoup plus à cause des démons... Mais l'énergie de cette terre, je suis sûr{nl}qu'elle aidera la Déesse Lada à retrouver la sienne.{nl}	마족들이 덤벼드는 통에 자세히 살펴보진 못했지만..{nl}그 땅의 기운이라면 필히 라다 여신께서 기운을 회복하는데 큰 도움이 될 게야.{nl}	QUEST_LV_0100_20151016_009917	Je vais vous donner la Graine de fleur de la terre. Cette fleur puise l'énergie du sol pour croître. À{nl}l'intérieur de la fleur, la force vitale se rassemble. Quand la fleur riche en force vitale éclora !{nl}Apportez-la à la Déesse Lada, je vous prie.	내 자네에게 대지의 꽃 씨앗을 주겠네.{nl}이 꽃은 자라난 땅의 성질을 그대로 품어서 꽃을 피운다네.{nl}생명의 기운이 가득한 땅에서 피운 꽃은 생명력을 가득 머금을테지.{nl}그럼 그 꽃을 라다 여신께 전해주게나.	마을 대사제
QUEST_UNUSED_20151102_002739	Alors je veux vous demander. On dit que cette graine donne une fleur qui prend les propriétés{nl}de la terre où elle est plantée.	내 자네에게 부탁이 있네.{nl}이 씨앗은 자라난 땅의 성질을 그대로 품어서 꽃을 피운다네.{nl}				마을 대사제
QUEST_UNUSED_20151102_002740	Si nous la plantons sur cette terre, la fleur aura elle aussi la même force vitale. Voulez-vous{nl}apporter cette fleur à la Déesse Lada ?	생명력이 가득한 땅에서 피운 꽃은 생명력을 가득 머금을 게야.{nl}부디 그 꽃을 라다 여신께 전해줄 수 있겠나?				마을 대사제
QUEST_UNUSED_20151102_002741	Je n'ai jamais senti une force aussi puissante. J'espère seulement que cette fleur pourra guérir les{nl}blessures du corps et de l'esprit de la Déesse Lada...	그렇게 강한 생명력은 처음이었어.{nl}라다 여신께서 이 꽃으로 상처받은 몸과 마음을 치유할 수 있길 바라네..	QUEST_LV_0100_20151016_009918	Je n'ai jamais senti une telle quantité de force vitale... Un temple avec des sources chaudes serait{nl}très renta...{nl}	그렇게 강한 생명력은 처음이었어.. 저 자리에 신전을 짓고 온천을 만들면.. 수입이..{nl}	마을 대사제
QUEST_UNUSED_20151102_002742	Même si cela s'est produit conformément à la prophétie de Laima, je suis tombé et j'ai laissé les{nl}habitants désemparés et inquiets.. Ma gratitude ne peut s'exprimer par de simples mots...	라이마가 예지했던 재앙이라곤 해도 주민들을 지키지 못했는데..{nl}이렇게 저를 생각해 주시니 너무 감사하네요.{nl}	QUEST_LV_0100_20151016_009921	Même si cela s'est produit conformément à la prophétie de Laima, je suis tombée et j'ai laissé les{nl}villageois impuissants et inquiets... Ma gratitude ne peut s'exprimer par de simples mots... Et{nl}cette fleur est emplie d'une grande force vitale... Mon rétablissement ne tardera pas grâce à elle.{nl}Encore une fois, je vous remercie profondément...	라이마가 예지한 일이라고는 하더라도 주민들을 지키지도 못하고 걱정만 끼쳤는데..{nl}이렇게 저를 생각해주시니 너무 감사하네요.. 정말 생명력이 가득한 꽃이에요..{nl}덕분에 금방 기운을 차릴 수 있을 것 같아요.. 정말 감사합니다..	여신 라다
QUEST_UNUSED_20151102_002743	Et cette fleur est emplie d'une grande force vitale... Mon rétablissement ne sera pas long avec{nl}cela. Encore une fois, merci...{nl}	정말.. 생명력이 가득한 꽃이예요.{nl}덕분에 금방 기운을 차릴 수 있을 것 같아요.{nl}				여신 라다
QUEST_UNUSED_20151102_002744	Merci. Puissiez-vous être béni par tous les êtres vivants de cette forêt...	감사합니다.{nl}그대에게 이 숲과 모든 생명의 가호가 깃들길..				여신 라다
QUEST_UNUSED_20151102_002745	Si seulement je pouvais échapper au Quartier de la rédemption... je retrouverais mon énergie.{nl}Dépêchez-vous, je vous en prie...	구속구에게서 벗어날 수 있다면.. 기운을 차릴 수 있을 것 같습니다.{nl}부디 서둘러주세요..	QUEST_UNUSED_20151022_001312	Même en ce moment, le Kruvina s'achève lentement. Nous devrions nous dépêcher.	지금도 크루비나는 조금씩 완성되고 있습니다.{nl}서둘러야 해요.	여신 라다
QUEST_UNUSED_20151102_002746	Le Kruvina est encore en production. Vous devez vous dépêcher...	지금도 크루비나가 만들어지고 있어요.{nl}어서 서둘러야 해요..	QUEST_UNUSED_20151022_001313	Si nous brisons le dispositif qui absorbe les vitalités, ma vitalité ne serait pas transmise au{nl}Kruvina.	생명력 흡수 장치를 파괴하면 더 이상 제 생명력이 크루비나로 전해지지 않을 거에요.	여신 라다
QUEST_UNUSED_20151102_002747	Prêtez-moi encore un peu de votre force, je vous prie. Vous seul pouvez le faire.	조금만 더 힘을 내 주세요.{nl}그대만이 해낼 수 있는 일입니다.	QUEST_UNUSED_20151022_001314	Continuons encore un peu. Tenez bon encore un peu, je vous prie. Sauveur.	이제 조금만 더 하면 됩니다.{nl}힘을 내세요. 구원자여.	여신 라다
QUEST_UNUSED_20151102_002748	Un humain rangé du côté des démons... Avec le monde tel qu'il est, qui l'aurait cru... ?	마족의 편에 선 인간..{nl}세상이 이리도 어지러우니 헛된 꿈을 꾸는 이들이 생겨나는군요.	QUEST_UNUSED_20151022_001315	Purifiez la terre que les démons ont polluée, je vous prie.	마족이 더럽힌 대지를 꼭 정화해주세요.	드루이드 마스터
QUEST_UNUSED_20151102_002749	Je... sens ma conscience s'effacer... Hâtez-vous de détruire les trois dispositifs... avant que le{nl}Kruvina ne soit achevé.{nl}	점점.. 정신이 아득해져가요..{nl}어서 크루비나가 완성되기 전에.. 세 개의 장치를 파괴해 주셔야 해요.{nl}	QUEST_UNUSED_20151022_001316	Le dispositif de liaison réprime tout mon pouvoir restant et m'entrave. Le dispositif de liaison{nl}n'est pas si puissant, vous pourriez donc le détruire avec votre force.	구속 장치가 미약하게나마 남아있는 제 힘을 모두 억눌러 저를 구속하고 있습니다.{nl}구속 장치 자체는 강한 장치가 아니기 때문에 당신의 힘으로도 충분히 파괴할 수 있을 거에요.	여신 라다
QUEST_UNUSED_20151102_002750	Heureusement, si je puis dire... ces dispositifs ont été fabriqués par un humain... Vos capacités{nl}devraient suffire à les détruire.{nl}	다행이라고 해야 할지.. 그 장치들은 인간이 만든 것이기에..{nl}그대의 힘으로도 쉽게 파괴할 수 있을 거예요.{nl}				여신 라다
QUEST_UNUSED_20151102_002751	Le Quartier de la rédemption d'abord... Je vous en prie, avant que je ne perde la raison...	먼저 구속구를..{nl}제가 정신을 잃기 전에 부탁드리겠습니다..				여신 라다
QUEST_UNUSED_20151102_002752	Vous... avez détruit le Quartier de la rédemption. Je vais bien. J'ai juste un peu le vertige.	구속구를.. 파괴하셨군요.{nl}저는 괜찮습니다. 조금 어지러울 뿐이예요.	QUEST_UNUSED_20151022_001317	Vous avez bien agi. Le pouvoir enfermé dans le dispositif de liaison est un peu revenu.{nl}Maintenant, nous devrions briser le dispositif d'absorption.	잘해주셨습니다.{nl}구속 장치에 갇혀있던 힘이 조금이나마 돌아왔습니다.{nl}이제 생명력 흡수 장치를 파괴해야합니다.	여신 라다
QUEST_UNUSED_20151102_002753	Il ne reste plus que le dispositif d'absorption de vitalité et le suppresseur. Si vous détruisez le{nl}dispositif d'absorption de vitalité, vous arrêterez la production du Kruvina.{nl}	이제 남은 건 생명력 흡수 장치와 제어 장치예요.{nl}그 중 생명력 흡수 장치를 파괴한다면 크루비나가 만들어지고 있는 걸 당장은 멈출 수 있어요.{nl}	QUEST_UNUSED_20151022_001318	Le dispositif absorbe mes vitalités à l'aide du cercle magique. Il a été créé pour n'absorber que{nl}les vitalités d'une déesse innocente, il cessera donc de fonctionner s'il absorbe d'autres vitalités.{nl}En particulier, quand le sang du démon, opposé à ma vitalité, s'y mêlera, il résistera beaucoup.	생명력 흡수 장치는 마법진으로 제 생명력을 흡수하고 있습니다.{nl}순수한 여신의 생명력만을 흡수하도록 만들어져 있기 때문에 다른 생명력이 흡수되면 작동을 멈출거에요.{nl}특히 저의 생명력과 반대되는 마족의 혈액을 섞는다면 더 강력한 반발력이 생길 겁니다.	여신 라다
QUEST_UNUSED_20151102_002754	Le dispositif a été conçu pour n'absorber que la vitalité des déesses... S'il absorbe celle d'un autre{nl}être, il s'arrêtera.{nl}	그 장치는 순수한 여신의 생명력만을 흡수하도록 만들어져 있기에..{nl}다른 생명력이 흡수되면 작동을 멈출 겁니다.{nl}				여신 라다
QUEST_UNUSED_20151102_002755	Le sang de démon, en particulier, est opposé à ma nature, et il provoquera une réaction encore{nl}plus forte sur le dispositif.	특히 저의 성질과 반대되는 마족의 혈액을 섞는다면 더 강력한 반발력이 생길 거예요.				여신 라다
QUEST_UNUSED_20151102_002756	Vous êtes vraiment l'élu de Laima... J'ai l'impression de retrouver un peu d'énergie maintenant.	역시 라이마가 선택하신 분..{nl}조금씩 제 생명력이 돌아오는 것이 느껴지고 있어요.{nl}	QUEST_UNUSED_20151022_001319	Vous êtes vraiment le sauveur préparé par Laima. Il ne nous reste plus que le dispositif de{nl}contrôle du Kruvina.{nl}	역시 라이마가 준비한 구원자답습니다.{nl}이제 크루비나 제어 장치만 남았습니다.{nl}	여신 라다
QUEST_UNUSED_20151102_002757	Enfin, le suppresseur de Kruvina. C'est le dispositif qui récolte ma vitalité et l'alimente au{nl}Kruvina.{nl}	마지막으로 남은 건 크루비나 제어 장치예요.{nl}제 생명력을 모아뒀다가 크루비나로 일정량씩 보내는 장치이지요.{nl}	QUEST_UNUSED_20151022_001320	Le dispositif de contrôle du Kruvina accumule les vitalités des déesses et en envoie une certaine{nl}quantité au Kruvina et réprime la création du Kruvina. Il fonctionne grâce à l'énergie{nl}démoniaque des démons, aussi, quand vous utiliserez l'orbe de la déesse le dispositif se{nl}surchargera et cessera de fonctionner.	크루비나 제어 장치는 여신의 생명력을 모아뒀다가 크루비나로 일정량씩 보내서{nl}크루비나 생성을 제어하는 장치입니다.{nl}마족의 마력으로 움직이고 있기 때문에 당신이 가지고 있는 여신의 보주를 사용하면{nl}마력 과부하를 일으켜 제어 장치가 작동을 멈출 겁니다.	여신 라다
QUEST_UNUSED_20151102_002758	Cela fonctionne uniquement grâce au pouvoir magique des démons. Utilisez l'orbe de Laima{nl}pour surcharger le dispositif.	이것 만큼은 마족의 마력으로 작동하고 있어요.{nl}그대가 가지고 있는 라이마의 보주로 마력 과부하를 일으키세요.				여신 라다
QUEST_UNUSED_20151102_002759	Fedimian est une très grande cité. Surtout parce qu'elle est proche de la Grande cathédrale, c'est{nl}une destination courante pour les pèlerins.{nl}	페디미안은 정말 거대한 도시예요.{nl}특히 대성당과도 가까워서 순례자라면 반드시 들르는 도시이기도 하지요.{nl}	QUEST_UNUSED_20151022_001321	La grande cathédrale est près de Fedimian, aussi la cité a-t-elle beaucoup prospéré sur le plan{nl}religieux. Fedimian n'a pas pu échapper à Medzio Diena, mais les survivants se sont regroupés et{nl}tentent de restaurer Fedimian.	페디미안은 근처에 대성당이 있어서 종교적으로 크게 부흥했던 대도시에요.{nl}페디미안 역시 신수의 날을 피해가진 못했지만 그 곳에 생존자들이 뭉쳐서{nl}페디미안을 복구하려는 움직임이 있다고 해요.	마을 사제
QUEST_UNUSED_20151102_002760	Fedimian aussi a été touchée par Medzio Diena... Mais bien que le quartier des affaires ait été{nl}détruit, un nombre surprenant de gens ont survécu.{nl}	페디미안도 신수의 날을 피해가진 못했지만..{nl}상업지구가 대파됐음에도 불구하고 기적처럼 정말 많은 사람들이 살아남았대요.{nl}				마을 사제
QUEST_UNUSED_20151102_002761	Les gens là-bas pensent que c'est parce que Fedimian se trouve dans la zone divine où s'élève la{nl}grande statue de la Déesse Austeja. Ils travaillent maintenant d'arrache-pied à reconstruire la{nl}cité.	그 곳 사람들은 신성지구에 있는 거대 아우스테야 여신상 덕분이라고 생각한다죠?{nl}어쨌든 지금은 도시를 복구하는데 온 힘을 쏟고 있다네요.				마을 사제
QUEST_UNUSED_20151102_002762	Descendez aux Croisements de Kraijwi et vous devriez voir Fedimian. Très bien alors, j'attends{nl}de bonnes nouvelles de votre part !	페디미안은 크라이쥐 사거리에서 아래쪽으로 내려가면 나올 거예요.{nl}그럼, 좋은 소식 기다리고 있겠습니다!				마을 사제
QUEST_UNUSED_20151102_002763	Je suis très heureux de l'entendre. Les totems sont près du Terrain vague d'Inega et dans{nl}l'Arrière-cour d'Odur.	그렇게 말씀해주시니 정말 기뻐요.{nl}토템은 이네갈 공터 근처와 오두르 안뜰에 있으니 부탁드릴게요.				마을 사제
QUEST_UNUSED_20151102_002764	La fille a disparu avec la lumière.	소녀는 빛과 함께 사라졌다.	QUEST_LV_0100_20151016_009923	(Et elle disparaît dans un éclair de lumière.)	그리고 소녀는 빛과 함께 사라졌다.	소녀
QUEST_UNUSED_20151102_002765	Ancien Eloizard	촌장 알로이자스				
QUEST_UNUSED_20151102_002766	Vous devez être bien doué pour être venu jusqu'ici. Je suis le chef d'un village en aval de ce lac.	이런 곳까지 오시다니 여행자님의 실력이 뛰어나신 것 같군요.{nl}저는 이 호수 하류에있는 마을의 촌장입니다.				촌장 알로이자스
QUEST_UNUSED_20151102_002767	Nous sommes montés ici pour tenter de découvrir pourquoi le lac est devenu rouge. J'ai regardé{nl}alentour un moment mais alors que j'allais repartir, des monstres m'ont barré le chemin. Si cela{nl}vous convient, voudriez-vous me donner un coup de main ?	헌데 호수가 붉게 오염되서 원인을 찾기위해 올라왔습니다.{nl}이 근방을 둘러보고 마을 사람들이 모여있는 곳으로 가려던 차에 몬스터들이 길을 막고 있어서 곤란했습니다.{nl}괜찮으시다면 도와주실 수 있겠습니까?				촌장 알로이자스
QUEST_UNUSED_20151102_002768	S'il vous plaît. J'ai juste besoin que vous éliminiez quelques monstres par ici.	잘부탁합니다.{nl}근방의 몬스터를 물리쳐주시면 고맙겠습니다!				촌장 알로이자스
QUEST_UNUSED_20151102_002769	Samsonas	삼소나스				
QUEST_UNUSED_20151102_002770	Vous êtes le voyageur ? Je vais prier les déesses pour que le lac redevienne pur. Avant que le lac{nl}ne soit contaminé, j'ai vu un jour des gens faire des offrandes à un obélisque par ici.	여행자이신가요?{nl}저는 호수가 정화될 수 있도록 여신께 기도를 드리려고 합니다.{nl}호수가 오염되기전 이 곳에서 어떤 사람들이 오벨리스크 앞에 공물을 받치고 기도하는 것을 본적이 있어요.				삼소나스
QUEST_UNUSED_20151102_002771	Vous êtes le voyageur ? Je vais prier les déesses pour que le lac redevienne pur. Avant que le lac{nl}ne soit contaminé, j'ai vu un jour des gens faire des offrandes à un obélisque par ici.	저도 그렇게 하고싶은데 호수가 오염된 이후로 곡식도 먹을 수 없게되고 물고기도 모두 죽어버려서 식량이 부족합니다.{nl}그래서 인근에 서식하는 체이퍼러의 고기라도 여신께 받치고 싶은데 저를 도와주실 수 있나요?				삼소나스
QUEST_UNUSED_20151102_002772	Rendez-moi ce service, je vous prie.	잘부탁드립니다.				삼소나스
QUEST_UNUSED_20151102_002773	Vous l'avez ! Merci pour votre aide.	모아주셨군요! 도와주셔서 감사합니다.				삼소나스
QUEST_UNUSED_20151102_002774	Nikodemas	니코데마스				
QUEST_UNUSED_20151102_002775	Vous n'auriez pas vu un jeune homme dans les parages ? Il a dit qu'il allait quelque part mais il{nl}n'est pas revenu depuis. Quelqu'un l'a vu se diriger vers le Réservoir d'Absenta. Si vous allez par{nl}là, voudriez-vous le chercher ?	혹시 이 근방에서 청년 한명을 보지 못하셨습니까?{nl}근방을 살펴본다며 나갔는데 한참이 지나도 돌아오지 않고있습니다.{nl}마지막으로 압셈타 수원지로 가는 길 인근에서 봤다는 주민이 있습니다.{nl}그 근방에 가시면 혹시 찾아봐주실 수 있겠습니까?				니코데마스
QUEST_UNUSED_20151102_002776	Ça ira, je l'espère...	무사히 돌아와야 할텐데...				니코데마스
QUEST_UNUSED_20151102_002777	Jeune Isolé	고립된 청년				
QUEST_UNUSED_20151102_002778	Merci. J'étais poursuivi par cet énorme monstre et j'ai dû me cacher ici, mais il ne bougeait pas,{nl}alors j'étais coincé. Vous m'avez sauvé.	감사합니다.{nl}저 거대한 몬스터에게 쫒겨서 여기에 숨게되었는데 몬스터가 움직이지 않아서 꼼짝없이 숨어있었습니다.{nl}덕분에 살았습니다.				고립된 청년
QUEST_UNUSED_20151102_002779	Est-ce que tout va bien pour lui ?	그에게 무슨 문제가 생긴건 아니겠지요?				니코데마스
QUEST_UNUSED_20151102_002780	Scalvis	스칼비스				
QUEST_UNUSED_20151102_002781	Vous êtes donc le voyageur qui a aidé notre chef. Depuis que le lac a été contaminé, il y a plus de{nl}monstres alentour et nous craignons qu'ils ne blessent quelqu'un. Voulez-vous en nettoyer{nl}quelques-uns par ici ?	촌장님을 도와주셨다는 여행자시군요{nl}호수가 오염된 후 몬스터들이 부쩍 늘어나서 마을 사람들이 다칠까 걱정입니다.{nl}혹시 근방의 몬스터의 수를 줄여주실 수 있겠습니까?				스칼비스
QUEST_UNUSED_20151102_002782	Espérons que nous n'aurons pas d'ennuis avant de retourner au village.	마을에 돌아갈때까지 별탈이 안생겼으면 좋겠습니다.				스칼비스
QUEST_UNUSED_20151102_002783	Merci de votre aide. J'espère que nous rentrerons tous sains et saufs.	도와주셔서 감사합니다.{nl}별탈 없이 모두 돌아갈 수 있다면 좋겠습니다.				스칼비스
QUEST_UNUSED_20151102_002784	Le lac contaminé est un gros problème. Nous devons vraiment nous hâter de trouver une{nl}solution...	호수가 오염되서 큰일입니다.{nl}하루 빨리 해결해야 할텐데...				촌장 알로이자스
QUEST_UNUSED_20151102_002785	Il y a bien plus de monstres ces derniers temps, cette zone est dangereuse maintenant.	최근 근방에 몬스터가 부쩍 늘어서 위험해진 것 같습니다.				니코데마스
QUEST_UNUSED_20151102_002786	Nous sommes montés tous ensemble mais c'est trop dangereux ici.	다같이 올라오긴 했지만 이 곳은 너무 위험합니다.				스칼비스
QUEST_UNUSED_20151102_002787	Grâce à vous j'ai pu revenir auprès des miens. Merci.	덕분에 무사히 마을 사람들 곁으로 돌아올 수 있어습니다.{nl}감사합니다.				고립된 청년
QUEST_UNUSED_20151102_002788	Hm... ? Pourquoi le sol tremble-t-il ?	음...?{nl}이 진동은 뭐지?				촌장 알로이자스
QUEST_UNUSED_20151102_002789	Je dois y aller, il a pu arriver quelque chose aux villageois. Je m'excuse si je manque un peu de{nl}retenue, mais voudriez-vous nous aider encore un peu ?	마을 사람들에게 무슨 일이 있을지도 모르니 서둘러 가보겠습니다.{nl}염치없지만 저희가 모여있는 곳에 오셔서 조금 더 도와주시면 감사하겠습니다.				촌장 알로이자스
QUEST_UNUSED_20151102_002790	Où ?	어디냐고 묻는다	QUEST_UNUSED_20151022_001356	Aller aider	도와주러 간다	
QUEST_UNUSED_20151102_002791	Cela n'a rien à voir avec moi	상관하지 않는다	QUEST_UNUSED_20151022_001357	Ne pas aider	도와주지 않는다	
QUEST_UNUSED_20151102_002792	Je vais vous aider à retrouver vos collègues	동료들을 찾는데 도와주겠다고 한다	QUEST_UNUSED_20151022_001358	Administrer le remède liquide	물약을 먹인다	
QUEST_UNUSED_20151102_002793	Retournons voir Rose	로제에게 돌아가자고 한다	QUEST_UNUSED_20151022_001363	Retourner voir Rose	로제에게 돌아가라고 한다	
QUEST_UNUSED_20151102_002794	Quels sont les symptômes ?	증상이 어떤지 묻는다	QUEST_UNUSED_20151022_001369	Aller rencontrer le Sous-maître Clerc	클레릭 서브 마스터에게 가본다	
QUEST_UNUSED_20151102_002795	Parler au Sous-maître Clerc des symptômes de Herboriste Tales	클레릭 서브 마스터에게 약초꾼 테일스의 증상을 알려주세요				
QUEST_UNUSED_20151102_002796	Donner le remède à Herboriste Tales	약초꾼 테일스에게 약 먹이는 중				
QUEST_UNUSED_20151102_002797	Continuer à chercher	찾아보고 있으라고 한다	QUEST_LV_0100_20151016_009994	Désolé, autre chose est survenu	다른 일이 생겼다고 한다	
QUEST_UNUSED_20151102_002798	Je vais parler à l'habitant du village	마을 주민과 대화한다				
QUEST_UNUSED_20151102_002799	Nous devrions nous dépêcher	서두르자고 한다				
QUEST_UNUSED_20151102_002800	Je vais trouver l'essence XX	XX의 정수 구하러 간다				
QUEST_UNUSED_20151102_002801	Faisons-le plus tard	조금있다가 하자고 한다				
QUEST_UNUSED_20151102_002802	Je vais t'aider	로제를 돕는다				
QUEST_UNUSED_20151102_002803	Je ne peux pas l'aider	돕지 않는다				
QUEST_UNUSED_20151102_002804	Je vais vérifier si j'ai une potion de récupération	회복 물약을 있는지 찾아본다				
QUEST_UNUSED_20151102_002805	Je vous en donnerai un plus tard	나중에 준다.				
QUEST_UNUSED_20151102_002806	Je vais vaincre les démons des environs	주변에 있는 마족을 처치한다				
QUEST_UNUSED_20151102_002807	Je devrais donc fuir	알아서 도망치라고 한다	QUEST_LV_0200_20150323_004558	Je ne peux pas vous aider là-dessus	그것까진 도울 수 없다고 한다	
QUEST_UNUSED_20151102_002808	Je vais trouver leurs affaires	유품을 찾아준다				
QUEST_UNUSED_20151102_002809	Trouve-les toi-même	혼자 찾으라고 한다				
QUEST_UNUSED_20151102_002810	Je les chercherai plus tard	나중에 찾는다				
QUEST_UNUSED_20151102_002811	Je vais entrer dans la pièce	방으로 가본다				
QUEST_UNUSED_20151102_002812	Je vais éteindre le dispositif de confinement	속박장치 끄러 간다				
QUEST_UNUSED_20151102_002813	Demander de l'aide à quelqu'un d'autre	다른 사람에게 도움을 요청한다				
QUEST_UNUSED_20151102_002814	Je vais aller chercher votre sac	배낭을 찾으러 간다				
QUEST_UNUSED_20151102_002815	Je le trouverai moi-même	직접 찾으라고 한다				
QUEST_UNUSED_20151102_002816	Je vais me rendre au site d'expérience	실험장소로 향한다				
QUEST_UNUSED_20151102_002817	J'irai plus tard	나중에 가겠다고 한다				
QUEST_UNUSED_20151102_002818	Je vais récupérer la sainte relique	성물을 회수하러 간다				
QUEST_UNUSED_20151102_002819	Je vais installer la sainte relique	성물을 설치하러 간다	QUEST_UNUSED_20151016_000829	Je reviendrai bientôt	금방 다녀오겠다고 한다	
QUEST_UNUSED_20151102_002820	Je vais l'installer moi-même	직접 설치하라고 한다				
QUEST_UNUSED_20151102_002821	Je vais essayer	찾아본다				
QUEST_UNUSED_20151102_002822	Je ne ferai pas cela	찾지 않는다	QUEST_LV_0200_20150714_008175	Lui dire que vous avez besoin de temps pour réfléchir	잠시 생각할 시간을 달라고 한다	
QUEST_UNUSED_20151102_002823	Je vais en récolter	모으러간다				
QUEST_UNUSED_20151102_002824	Je vais retirer le cristal	수정을 제거하러간다				
QUEST_UNUSED_20151102_002825	Je vais sauver Rose	로제를 구하러 간다				
QUEST_UNUSED_20151102_002826	Je vais aller voir le Sous-maître Mage	위자드 서브 마스터에게 가본다				
QUEST_UNUSED_20151102_002827	J'irai plus tard	조금 있다가 가본다				
QUEST_UNUSED_20151102_002828	Parler de Rose et de son frère	로제 남매 이야기를 하는 중				
QUEST_UNUSED_20151102_002829	Je vais vous chercher l'essence de démon	마족의 정수를 구하러 간다				
QUEST_UNUSED_20151102_002830	Je le chercherai plus tard	나중에 구하러 간다				
QUEST_UNUSED_20151102_002831	Je vais l'installer	설치하러간다				
QUEST_UNUSED_20151102_002832	Je l'installerai plus tard	나중에 설치한다				
QUEST_UNUSED_20151102_002833	Je vais trouver le journal d'expérience	실험 일지를 구하러 간다				
QUEST_UNUSED_20151102_002834	Je vais arrêter l'appareil	장치를 정지시키겠다고 한다				
QUEST_UNUSED_20151102_002835	Laisser Edmundas le faire	에드문다스에게 시킨다	QUEST_LV_0200_20150323_004558	Je ne peux pas vous aider là-dessus	그것까진 도울 수 없다고 한다	
QUEST_UNUSED_20151102_002836	Les Objectifs des Démons	마족의 목적				
QUEST_UNUSED_20151102_002837	Est-ce que ça va ?	괜찮냐고 묻는다				
QUEST_UNUSED_20151102_002838	Je dois y aller, désolé	갈 길 간다				
QUEST_UNUSED_20151102_002839	Trouver le Maire Romanas (1)	촌장 로마나스 찾아가기(1)				
QUEST_UNUSED_20151102_002840	Trouver le Maire Romanas (2)	촌장 로마나스 찾아가기(2)				
QUEST_UNUSED_20151102_002841	Sois prudent	조심하라고 한다	QUEST_LV_0100_20150317_002398	Accepter	수락	
QUEST_UNUSED_20151102_002842	Il n'y a pas besoin de se presser	급할 것 없다고 한다	QUEST_LV_0100_20150317_002379	Annuler	종료	
QUEST_UNUSED_20151102_002843	Trouver le Maire Romanas (3)	촌장 로마나스 찾아가기(3)				
QUEST_UNUSED_20151102_002844	Trouver le Maire Romanas (4)	촌장 로마나스 찾아가기(4)				
QUEST_UNUSED_20151102_002845	J'attendrai	기다려 주겠다고 한다	QUEST_LV_0200_20150323_004495	Je suis prêt	준비되었다고 한다	
QUEST_UNUSED_20151102_002846	Suivre la flèche verte pour entrer dans Orsha	녹색 화살표를 이용하여 오르샤로 이동하세요				
QUEST_UNUSED_20151102_002847	Vénérez la statue de la Déesse Ausrine sur la Place centrale !	중앙 광장의 여신 아우슈리네의 상에 경배하세요!				
QUEST_UNUSED_20151102_002848	Trouver le Marchand d'Objets	잡화상인을 찾아가세요				
QUEST_UNUSED_20151102_002849	Trouver le Marchand d'Accessoires	악세서리 상인을 찾아가세요				
QUEST_UNUSED_20151102_002850	Inesa Hamondale vous cherche	영주 이네사 헤먼대일이 당신을 찾고 있습니다				
QUEST_UNUSED_20151102_002851	Conversation	이야기 중				
QUEST_UNUSED_20151102_002852	Dites-moi seulement où aller	어딘지 알려만 달라고 한다	QUEST_UNUSED_20151022_001457	Je ne vais rien refuser	어떤 것도 마다않겠다고 한다	
QUEST_UNUSED_20151102_002853	Si c'est trop compliqué, je passe	귀찮은 시험이라면 포기하겠다고 한다	QUEST_UNUSED_20151022_001458	Je vais abandonner si c'est ennuyeux	귀찮다면 포기하겠다고 한다	
QUEST_UNUSED_20151102_002854	Ils sont en parfait état	만전의 상태라고 말한다	QUEST_UNUSED_20151022_001514	Dites-moi n'importe quoi	시켜만 달라고 한다	
QUEST_UNUSED_20151102_002855	Leur état n'a pas l'air bien fameux	어째 상태가 좋지 않아보인다고 한다	QUEST_UNUSED_20151022_001515	Je veux arrêter maintenant	이제 그만두고 싶다고 한다	
QUEST_UNUSED_20151102_002856	Je vais réparer les statues de la Déesse.	여신상을 보수하러 가겠다고 한다	QUEST_JOBSTEP_20150317_001145	Je vais aller m'occuper de la statue de la Déesse	여신상을 관리하러 가겠다고 한다	
QUEST_UNUSED_20151102_002857	Arrêter le Nouveau Complot	새로운 음모를 막아라				
QUEST_UNUSED_20151102_002858	Examiner les Objets Imprégnés de Magie	마법 깃든 물건 탐색				
QUEST_UNUSED_20151102_002859	Tout pour un Coup Plus Grand	보다 큰 한 방을 위해				
QUEST_UNUSED_20151102_002860	Débuter dans la Zone	주변부터 처리하기				
QUEST_UNUSED_20151102_002861	Détruire le Dispositif Générateur de Cercles Magiques	마법진 발생장치 폭파하기				
QUEST_UNUSED_20151102_002862	Préparatifs Terminés	사전 준비를 끝내고				
QUEST_UNUSED_20151102_002863	Des Preuves en Ruine	멸망의 증거				
QUEST_UNUSED_20151102_002864	Pour Ceux qui se Souviennent d'Eux	그들을 기억하는 사람을 위해				
QUEST_UNUSED_20151102_002865	Soyez Prévenant Envers la Personne Suivante	다음 사람을 위한 배려				
QUEST_UNUSED_20151102_002866	Réutiliser les Ressources	자원 재활용				
QUEST_UNUSED_20151102_002867	Méfiance Malheureuse	안타까운 불신				
QUEST_UNUSED_20151102_002868	Retour Rapide	급할수록 돌아가라				
QUEST_UNUSED_20151102_002869	L'Enquête se Poursuit	조사는 계속된다				
QUEST_UNUSED_20151102_002870	Jugement Hâtif	섣부른 판단				
QUEST_UNUSED_20151102_002871	Opération de Blocage du Dispositif	제조장치 저지작전				
QUEST_UNUSED_20151102_002872	Premiers Pas vers la Défense du Camp	거점 방어를 위한 첫걸음				
QUEST_UNUSED_20151102_002873	Manger ou Être Mangé	당하기 전에 먼저 쳐라				
QUEST_UNUSED_20151102_002874	Jouer Avec le Poison	독 나름의 활용방법				
QUEST_UNUSED_20151102_002875	Fournitures de Premiers Secours	응급약 비축				
QUEST_UNUSED_20151102_002876	Opération de Traque de Paustas (1)	파우스타스 추적작전(1)				
QUEST_UNUSED_20151102_002877	Opération de Traque de Paustas (2)	파우스타스 추적작전(2)				
QUEST_UNUSED_20151102_002878	Poser le Piège	집요한 함정 배치				
QUEST_UNUSED_20151102_002879	Échanger l'Esprit	영혼 바꿔치기				
QUEST_UNUSED_20151102_002880	Le Chemin vers Lui	그에게 가는 길				
QUEST_UNUSED_20151102_002881	Effets Secondaires Inattendus	예기치 않은 부작용				
QUEST_UNUSED_20151102_002882	Ce n'Est que le Début	이것은 시작일 뿐이다				
QUEST_UNUSED_20151102_002883	Pour que Cela ne se Reproduise Jamais	다시는 그같은 일이 없도록				
QUEST_UNUSED_20151102_002884	Coins Bien Polis	뒷마무리까지 깔끔하게				
QUEST_UNUSED_20151102_002885	Trouver des Indices sur le Complot	음모의 실마리를 찾아				
QUEST_UNUSED_20151102_002886	Procédure Minutieuse	빈틈없는 일처리				
QUEST_UNUSED_20151102_002887	Maintenant je peux enfin me reposer...	이제 편히 쉴 수 있겠어..				
QUEST_UNUSED_20151102_002888	J'y vais ; à quoi ressemblent les herbes ?	다녀올테니, 약초가 어떻게 생겼는지 묻는다	QUEST_LV_0100_20150729_007656	Je vais aider	도와주겠다고 한다.	
QUEST_UNUSED_20151102_002889	Rester silencieux	조용히 있는다	QUEST_LV_0100_20151016_010050	Content de t'Avoir Vu, Salut~	갈 길 가겠다고 한다	
QUEST_UNUSED_20151102_002890	Je vais détruire les totems	토템을 파괴하겠다고 한다	QUEST_JOBSTEP_20150317_000913	D'accord, je vais t'aider	도와주겠다고 한다	
QUEST_UNUSED_20151102_002891	Je refuse	의심받는 건 거절하겠다고 한다	QUEST_LV_0100_20151001_009056	Fais comme tu veux	알아서 하라고 한다	
QUEST_UNUSED_20151102_002892	C'est un peu trop	그건 너무한 것 같다고 한다	QUEST_LV_0100_20151001_009062	Fais comme tu veux	그 정도는 알아서 하라고 한다	
QUEST_UNUSED_20151102_002893	Récupérer l'eau rouge	븕은 물 뜨는 중	QUEST_LV_0100_20151001_009063	Puiser l'eau polluée	오염된 물을 뜨는 중	
QUEST_UNUSED_20151102_002894	J'y vais immédiatement	당장 쫓아가 보겠다고 한다	QUEST_JOBSTEP_20150317_000890	Je vais essayer de les trouver	찾아보겠다고 한다	
QUEST_UNUSED_20151102_002895	Je ne crois pas que ce sera nécessaire	그런 건 필요 없다고 한다				
QUEST_UNUSED_20151102_002896	Je le fais tout de suite	반드시 찾아오겠다고 한다	QUEST_JOBSTEP_20150317_000890	Je vais essayer de les trouver	찾아보겠다고 한다	
QUEST_UNUSED_20151102_002897	Jetons un œil au jeune arbre de la fille	소녀가 가리킨 묘목을 살펴보자	QUEST_LV_0100_20151016_010056	Hmm... Laissez-moi examiner les semis mystérieux	신비한 묘목을 살펴보겠다고 한다	
QUEST_UNUSED_20151102_002898	Attendons de voir ce qui se passe	일단 가만히 지켜보자	QUEST_LV_0200_20150317_001218	Ignorer	무시한다	
QUEST_UNUSED_20151102_002899	Je crains de ne pas pouvoir vous aider maintenant	지금은 도울 수 없다고 한다	QUEST_LV_0100_20151001_009069	Je suis trop paresseux pour le faire	귀찮다고 한다	
QUEST_UNUSED_20151102_002900	Laissez-moi mettre de l'ordre dans mes pensées	잠시 생각을 정리한다	QUEST_LV_0100_20151016_010069	Cela a l'air trop compliqué. Je passe	복잡해질 것 같으니 끼어들지 않는다	
QUEST_UNUSED_20151102_002901	Je vais essayer de le détruire	파괴해 보겠다고 한다	QUEST_UNUSED_20151022_001533	Je vais le briser	파괴해보겠다고 한다	
QUEST_UNUSED_20151102_002902	J'y vais tout de suite	당장 가 보겠다고 한다	QUEST_UNUSED_20151016_000825	J'irai	가보겠다고 한다	
QUEST_UNUSED_20151102_002903	Attendons un moment	잠시만 기다려 보자고 한다	QUEST_JOBSTEP_20150317_001113	C'est trop loin	너무 멀다고 한다	
QUEST_UNUSED_20151102_002904	Je pense que ce sera difficile	그러긴 힘들 것 같다고 한다	QUEST_LV_0100_20151016_010079	Pourquoi ne le faites-vous pas vous-même ?	직접 가보라고 한다	
QUEST_UNUSED_20151102_002905	Rue à Sens Unique	일방통행				
QUEST_UNUSED_20151102_002906	Je n'ai aucune raison d'y aller	갈일이 없다고 한다				
QUEST_UNUSED_20151102_002907	Prévention des Accidents	사고 예방				
QUEST_UNUSED_20151102_002908	Compris	알았다고 한다				
QUEST_UNUSED_20151102_002909	Le Maître Mage se plaint que personne ne se propose pour régler le problème des monstres malgré le danger constant. Rendez-vous au Bois de Siauliai est et vainquez l'Ironbaum.	위저드 마스터는 근처에 몬스터들의 위험이 도사리는데도 아무도 나서지 않는 행태에 불만이 많은 것 같습니다. 샤울레이 동쪽 숲으로 가서 아이언바움을 처치하세요.	QUEST_JOBSTEP_20150317_002147	Le Maître Mage est mécontent de la situation. Personne n'affronte les monstres en première ligne. Rends-toi aux Bois de Siauliai est et vaincs Ironbaum.	위자드 마스터는 근처에 몬스터들의 위험이 도사리는데도 아무도 나서지 않는 행태에 불만이 많은 것 같습니다. 샤울레이 동쪽 숲으로 가서 아이언바움을 처치하세요.	
QUEST_UNUSED_20151102_002910	Installer les Namott de Purification dans la Zone du Canyon 36_1	협곡지대 36_1에 정화의 나모트 설치				
QUEST_UNUSED_20151102_002911	Le Maître Oracle dit que l'énergie maléfique se renforce et interfère avec ses pouvoirs. Rendez-vous à la Zone du canyon 36_1, où l'énergie maléfique est la plus forte, et installez les Namott de Purification.	오라클 마스터는 최근 마기가 강해져서 자신의 능력이 방해받고 있다고 합니다. 특히 마기가 강해 방해가 심한 협곡지대 36_1에 가서 정화의 나모트를 설치하세요.	QUEST_UNUSED_20151001_000683	Le Maître Oracle vous a dit que l'énergie démoniaque se renforce ces derniers temps, si bien que ses capacités sont perturbées. Installez le Romuva de purification en 36_1 de la Région du canyon où l'énergie démoniaque est forte, d'où de nombreuses perturbations.	오라클 마스터는 최근 마기가 강해져서 자신의 능력이 방해받고 있다고 합니다. 특히 마기가 강해 방해가 심한 협곡지대 36_1에 가서 정화의 로무바를 설치하세요.	
QUEST_UNUSED_20151102_002912	Vous avez installé tous les Namott de purification. Retournez voir le Maître Oracle.	정화의 나모트를 모두 설치했습니다. 오라클 마스터에게 돌아가세요.	QUEST_UNUSED_20151001_000685	Vous avez installé tous les Romuva de purification. Retournez voir le Maître Oracle.	정화의 로무바를 모두 설치했습니다. 오라클 마스터에게 돌아가세요.	
QUEST_UNUSED_20151102_002913	Des écrits ont commencé à apparaître sur le pilier. Approchez-vous pour les lire.	기둥에 뭔가 새겨져 있는 것이 보이기 시작했습니다. 가까이 다가가 읽어 보세요.	QUEST_UNUSED_20151022_001545	Vous pouvez maintenant voir quelque chose d'écrit sur le pilier. Approchez-vous et lisez-le.	기둥에 뭔가 새겨져 있는 것이 보이기 시작했습니다. 가까히 다가가 읽어 보세요.	
QUEST_UNUSED_20151102_002914	Récolter des ŒUf d'Infro Holder Vert	초록 인프로홀더의 알 수집				
QUEST_UNUSED_20151102_002915	Pour découvrir où se trouvent les révélations, vous devez parler aux esprits indisciplinés de l'ère Ruklys, ce qui n'est pas une mince affaire. Récoltez des Œuf d'Infro Holder vert pour fabriquer un jeton de contrainte.	계시가 있는 곳을 알려면 루클리스 시대의 영혼들과 대화해야 하는데 워낙 난폭해서 쉽지가 않다고 합니다. 속박의 증표를 만들기 위해 초록 인프로홀더의 알을 수집하세요.	QUEST_LV_0100_20151016_010220	Les esprits de l'époque de Ruklys détiennent le savoir sur l'emplacement de la révélation, mais ils sont trop violents pour parler. Récoltez un Œuf de Rajatad pour créer le Token de contrainte.	계시가 있는 곳을 알려면 루클리스 시대의 영혼들과 대화해야 하는데 워낙 난폭해서 쉽지가 않다고 합니다. 속박의 증표를 만들기 위해 라자태드의 알을 수집하세요.	
QUEST_UNUSED_20151102_002916	Vous avez récolté les Œuf d'Infro Holder vert. Apportez-les au Vieux gérant.	초록 인프로홀더의 알을 구했습니다. 늙은 관리인에게 전해주세요.	QUEST_LV_0100_20151016_010221	Vous avez obtenu l'Œuf de Rajatad. Livrez-le au Vieux gérant.	라자태드의 알을 구했습니다. 늙은 관리인에게 전해주세요.	
QUEST_UNUSED_20151102_002917	Aider à restaurer l'endurance de Laswi	라쉬의 체력을 회복시키기	QUEST_UNUSED_20151022_001663	Restaurer l'endurance du chien	개의 체력을 회복시키기	
QUEST_UNUSED_20151102_002918	Rose veut utiliser Laswi pour retrouver les marchands éparpillés dans la zone. Cependant, Laswi n'est pas en bon état. Donnez à Laswi une potion de récupération d'endurance.	로제는 라쉬의 후각을 이용해 흩어진 행상인들을 찾자고 합니다. 하지만 라쉬의 체력이 좋지 않습니다. 라쉬에게 체력 회복 물약을 줘 체력을 회복시켜주세요	QUEST_UNUSED_20151022_001664	En utilisant l'odorat du chien, Rose veut chercher les marchands éparpillés alentour. Mais le chien n'a pas assez d'endurance. Restaurez l'endurance du chien, je vous prie.	로제는 개의 후각을 이용해 흩어진 행상인들을 찾자고 합니다. 하지만 개의 체력이 좋지 않습니다. 개의 체력을 회복시켜주세요	
QUEST_UNUSED_20151102_002919	Parler au Résident du Village XX	XX 마을 주민과 대화하세요	QUEST_LV_0100_20151016_010278	Guide de la Deuxième Étape	중간 설명	
QUEST_UNUSED_20151102_002920	Parler à Rose.	로제와 대호하세요	QUEST_LV_0100_20151016_010276	Guide de la Première Étape	시작 설명	
QUEST_UNUSED_20151102_002921	Détruire les dispositifs fixés au moine	수도사를 묶고 있는 장치 파괴하기				
QUEST_UNUSED_20151102_002922	Parler à Moine Goss	수도사 커스와 대화				
QUEST_UNUSED_20151102_002923	Parler à Moine Goss	수도사 커스와 대화하세요				
QUEST_UNUSED_20151102_002924	Obtenir XX Essence	XX의 정수 구하기	QUEST_LV_0100_20151016_010277	Deuxième Étape	중간 할 일	
QUEST_UNUSED_20151102_002925	Pour désactiver le cercle magique installé sur la porte de l'entrepôt, vous devez prouver que vous êtes un démon.	창고문에 설치된 마법진을 풀기 위해선 마족임을 증명해야 합니다. XX의 정수가 있으면 마족을 증명할 수 있을 겁니다.	QUEST_LV_0100_20151016_010278	Guide de la Deuxième Étape	중간 설명	
QUEST_UNUSED_20151102_002926	Vaincre XX pour obtenir %s	XX을 처치해 %s 획득하기				
QUEST_UNUSED_20151102_002927	Parler à Moine Goss	수도사 커스와 대화하세요.	QUEST_LV_0100_20151016_010276	Guide de la Première Étape	시작 설명	
QUEST_UNUSED_20151102_002928	Protéger Moine Goss et Rose	수도사 커스와 로제 지키기	QUEST_LV_0100_20151016_010277	Deuxième Étape	중간 할 일	
QUEST_UNUSED_20151102_002929	Protéger Moine Guss pendant qu'il ouvre la porte de l'entrepôt.	수도사 커스가 창고문을 열 때까지 수도사 커스를 보호하세요	QUEST_LV_0100_20151016_010278	Guide de la Deuxième Étape	중간 설명	
QUEST_UNUSED_20151102_002930	Aider les villageois à se mettre en sécurité	마을 주민을 안전하게 탈출시키기				
QUEST_UNUSED_20151102_002931	Aider les habitants du village à se mettre en sécurité.	마을 주민을 안전하게 탈출시키세요.	QUEST_LV_0100_20151016_010278	Guide de la Deuxième Étape	중간 설명	
QUEST_UNUSED_20151102_002932	Parler à la Victime d'Expérience (1)	실험피해자(1)와 대화				
QUEST_UNUSED_20151102_002933	Parler à la victime de l'expérience (1).	실험피해자(1)와 대화하세요				
QUEST_UNUSED_20151102_002934	Donner une Potion de Récupération à la Victime d'Expérience	실험피해자에게 회복 물약 전달하기	QUEST_LV_0100_20151016_010277	Deuxième Étape	중간 할 일	
QUEST_UNUSED_20151102_002935	La santé de la victime de l'expérience est mauvaise après les expériences des démons. Aidez-la avec une potion de récupération d'endurance.	실험피해자는 온갖 실험때문에 매우 지져보입니다. 회복 물약을 줘 체력을 회복시켜주세요.	QUEST_LV_0100_20151016_010278	Guide de la Deuxième Étape	중간 설명	
QUEST_UNUSED_20151102_002936	Vaincre les démons alentour	주변 마족 처치하기	QUEST_LV_0100_20151016_010277	Deuxième Étape	중간 할 일	
QUEST_UNUSED_20151102_002937	Vaincre les démons alentour pour permettre à la victime de l'expérience (1) de fuir le monastère.	실험피해자(1)이 안전하게 수도원을 빠져나갈 수 있도록 주변에 있는 마족을 처치하세요	QUEST_LV_0100_20151016_010278	Guide de la Deuxième Étape	중간 설명	
QUEST_UNUSED_20151102_002938	Vaincre les démons alentour	주변에 있는 마족 처치하기	QUEST_JOBSTEP_20150323_002333	Vaincre %s	%s 처치	
QUEST_UNUSED_20151102_002939	Parler à Victime d'Expérience (2)	실험피해자(2)와 대화				
QUEST_UNUSED_20151102_002940	Parler à Victime d'Expérience (2)	실험피해자(2)와 대화하세요				
QUEST_UNUSED_20151102_002941	Trouver les effets de la famille et des amis de la Victime d'expérience (2)	실험피해자(2)의 지인들 유품 챙기기	QUEST_LV_0100_20151016_010277	Deuxième Étape	중간 할 일	
QUEST_UNUSED_20151102_002942	L'experiment victim (2) veut récupérer les affaires de sa famille et de ses amis pour leurs funérailles. Retrouvez leurs affaires.	실험피해자(2)는 실험으로 죽은 자신의 친구들과 가족을 묻어주기 위해 유품을 찾길 원합니다. 실험피해자(2)의 지인들 유품을 찾으세요.	QUEST_LV_0100_20151016_010278	Guide de la Deuxième Étape	중간 설명	
QUEST_UNUSED_20151102_002943	Trouver Edmundas	에드문다스 찾기				
QUEST_UNUSED_20151102_002944	Trouver Edmundas dans la zone 64_2 du monastère.	수도원 64_2번 존에서 에드문다스를 찾으세요.	QUEST_LV_0100_20151016_010278	Guide de la Deuxième Étape	중간 설명	
QUEST_UNUSED_20151102_002945	Sauver Edmundas	에드문다스 구하기	QUEST_LV_0100_20151016_010277	Deuxième Étape	중간 할 일	
QUEST_UNUSED_20151102_002946	Trouver et détruire les engins qui font souffrir Edmundas.	에드문다스를 고통스럽게 하는 것을 찾아 파괴하세요	QUEST_LV_0100_20151016_010278	Guide de la Deuxième Étape	중간 설명	
QUEST_UNUSED_20151102_002947	Détruire les engins du Mage mystérieux	의문의 마법사가 소환한 소환물 파괴	QUEST_LV_0100_20151016_010277	Deuxième Étape	중간 할 일	
QUEST_UNUSED_20151102_002948	Les engins invoqués par le sorcier font souffrir Edmundas. Détruisez-les.	의문의 마법사가 소환한 소환물에 에드문다스가 고통스러워 합니다. 소환물을 파괴하세요	QUEST_LV_0100_20151016_010278	Guide de la Deuxième Étape	중간 설명	
QUEST_UNUSED_20151102_002949	Parler à Edmundas	에드문다스와 대화				
QUEST_UNUSED_20151102_002950	Parler à Edmundas	에드문다스와 대화하세요				
QUEST_UNUSED_20151102_002951	Détruire la Pierre Magique de Douleur	고통의 마법석 파괴하기	QUEST_JOBSTEP_20150323_002333	Vaincre %s	%s 처치	
QUEST_UNUSED_20151102_002952	Détruire le Dispositif de Confinement	속박장치 파괴하기	QUEST_LV_0100_20151016_010277	Deuxième Étape	중간 할 일	
QUEST_UNUSED_20151102_002953	Détruire le dispositif qui retient Edmundas captif.	에드문다스를 속박하고 있는 속박장치를 파괴하세요	QUEST_LV_0100_20151016_010278	Guide de la Deuxième Étape	중간 설명	
QUEST_UNUSED_20151102_002954	Parler à la Victime d'Expérience	실험피해자와 대화				
QUEST_UNUSED_20151102_002955	Parler à la Victime d'Expérience	실험피해자와 대화하세요				
QUEST_UNUSED_20151102_002956	Trouver le sac à dos de la victime de l'expérience	실험피해자의 배낭 찾기				
QUEST_UNUSED_20151102_002957	Trouver le sac à dos de la victime de l'expérience	실험피해자의 배낭을 찾아주세요	QUEST_LV_0100_20151016_010278	Guide de la Deuxième Étape	중간 설명	
QUEST_UNUSED_20151102_002958	Examiner la Zone d'Expérimentation	실험 장소 확인하기	QUEST_LV_0100_20151016_010277	Deuxième Étape	중간 할 일	
QUEST_UNUSED_20151102_002959	La victime de l'expérience vous a demandé de secourir les villageois depuis le lieu des expériences. Examinez la zone d'expérimentation des démons.	실험피해자는 마족이 마을 주민을 데리고 실험을 하던 장소에서 마을 주민을 구출해달라고 합니다. 마족의 실험 장소를 확인하세요	QUEST_LV_0100_20151016_010278	Guide de la Deuxième Étape	중간 설명	
QUEST_UNUSED_20151102_002960	Parler à la Victime d'Expérience	실험 피해자와 대화하세요	QUEST_LV_0100_20151016_010280	Guide de la Dernière Étape	마지막 설명	
QUEST_UNUSED_20151102_002961	Détruire l'Équipement d'Expérimentation	실험 시설 파괴하기	QUEST_LV_0100_20151016_010277	Deuxième Étape	중간 할 일	
QUEST_UNUSED_20151102_002962	Détruire l'Équipement d'Expérimentation	실험 시설을 파괴하세요	QUEST_LV_0100_20151016_010278	Guide de la Deuxième Étape	중간 설명	
QUEST_UNUSED_20151102_002963	Détruire les Outils d'Expérience des Démons	마족이 설치한 실험 도구를 파괴하기	QUEST_JOBSTEP_20150323_002333	Vaincre %s	%s 처치	
QUEST_UNUSED_20151102_002964	Parler au Moine	수도사와 대화				
QUEST_UNUSED_20151102_002965	Parler au Moine	수도사와 대화하세요				
QUEST_UNUSED_20151102_002966	Récupérer les Fragments de la Sainte Relique	마족이 파괴한 성물 파편 구하기	QUEST_LV_0100_20151016_010277	Deuxième Étape	중간 할 일	
QUEST_UNUSED_20151102_002967	Récupérer les fragments de la relique détruite par les démons.	마족이 파괴한 성물 파편을 구하세요	QUEST_LV_0100_20151016_010278	Guide de la Deuxième Étape	중간 설명	
QUEST_UNUSED_20151102_002968	Installer la relique	성물 설치하기				
QUEST_UNUSED_20151102_002969	Installer la relique	성물을 설치하세요	QUEST_LV_0100_20151016_010278	Guide de la Deuxième Étape	중간 설명	
QUEST_UNUSED_20151102_002970	Parler au Moine	수도사와 대화하기				
QUEST_UNUSED_20151102_002971	Trouver des objets pour surcharger le dispositif	장치를 과부화 시킬 수 있는 물건 찾기	QUEST_LV_0100_20151016_010277	Deuxième Étape	중간 할 일	
QUEST_UNUSED_20151102_002972	Chercher des objets susceptibles de surcharger le dispositif et les apporter à Edmundas.	장치를 과부화 시킬 수 있는 물건 찾아 에드문다스에게 가져다 주세요.	QUEST_LV_0100_20151016_010278	Guide de la Deuxième Étape	중간 설명	
QUEST_UNUSED_20151102_002973	Récolter des Gemmes Noires	검은 보석 모으기	QUEST_LV_0100_20151016_010277	Deuxième Étape	중간 할 일	
QUEST_UNUSED_20151102_002974	Récolter des Gemmes noires et surcharger le dispositif	검은 보석을 모아 장치를 과부화 시키세요	QUEST_LV_0100_20151016_010278	Guide de la Deuxième Étape	중간 설명	
QUEST_UNUSED_20151102_002975	Retirer le Cristal	수정 제거하기				
QUEST_UNUSED_20151102_002976	Utiliser la barrière de protection du dispositif et retirer le cristal	장치에서 보호막을 얻고 수정을 제거하세요	QUEST_LV_0100_20151016_010278	Guide de la Deuxième Étape	중간 설명	
QUEST_UNUSED_20151102_002977	Parler à Edmundas	에드문다스와 대호하세요	QUEST_LV_0100_20151016_010276	Guide de la Première Étape	시작 설명	
QUEST_UNUSED_20151102_002978	Sauver Rose	로제 구하기	QUEST_LV_0100_20151016_010277	Deuxième Étape	중간 할 일	
QUEST_UNUSED_20151102_002979	L'esprit de Rose est sous contrôle. Secourez-la.	정신 지배를 당하고 있는 로제를 구하세요	QUEST_LV_0100_20151016_010278	Guide de la Deuxième Étape	중간 설명	
QUEST_UNUSED_20151102_002980	Vaincre les Deathweaver	데스위버 처치하기				
QUEST_UNUSED_20151102_002981	Vaincre les monstres alentour	주변에 있는 몬스터 처치하기	QUEST_LV_0100_20151016_010277	Deuxième Étape	중간 할 일	
QUEST_UNUSED_20151102_002982	Vaincre les monstres autour d'Edmundas et Rose	에드문다스와 로제의 주변에 있는 몬스터를 처치해주세요	QUEST_LV_0100_20151016_010278	Guide de la Deuxième Étape	중간 설명	
QUEST_UNUSED_20151102_002983	Vaincre les monstres qui menacent Edmundas et Rose	에드문다스와 로제를 위협하는 몬스터 처치하기	QUEST_JOBSTEP_20150323_002333	Vaincre %s	%s 처치	
QUEST_UNUSED_20151102_002984	Parler au Sous-maître Mage	위자드 서브 마스터와 대화				
QUEST_UNUSED_20151102_002985	Parler au Sous-maître Mage	위자드 서브 마스터와 대화하세요				
QUEST_UNUSED_20151102_002986	Parler au Maître Mage	위자드 마스터와 대화	QUEST_LV_0100_20151016_010275	Première Étape	시작 할 일	
QUEST_UNUSED_20151102_002987	Parler au Maître Mage	위자드 마스터와 대화하세요	QUEST_LV_0100_20151016_010276	Guide de la Première Étape	시작 설명	
QUEST_UNUSED_20151102_002988	Obtenir l'Essence de Démon	마족의 정수 구하기	QUEST_LV_0100_20151016_010277	Deuxième Étape	중간 할 일	
QUEST_UNUSED_20151102_002989	Le Sous-maître Mage a besoin d'Essence de démon pour créer un Cristal de barrière de protection. Obtenez la quantité requise d'Essence de démon.	위자드 서브 마스터는 보호 결계 수정을 만들기 위해선 마족의 정수가 필요하다고 합니다. 마족의 정수를 구하세요	QUEST_LV_0100_20151016_010278	Guide de la Deuxième Étape	중간 설명	
QUEST_UNUSED_20151102_002990	Installer le Cristal de barrière de protection	보호 결계 수정 설치하기				
QUEST_UNUSED_20151102_002991	Installer le Cristal de barrière de protection	보호 결계 수정을 설치하세요	QUEST_LV_0100_20151016_010278	Guide de la Deuxième Étape	중간 설명	
QUEST_UNUSED_20151102_002992	Obtenir le Journal d'Expérience du Mage Mystérieux	의문의 마법사의 실험 일지 구하기	QUEST_LV_0100_20151016_010277	Deuxième Étape	중간 할 일	
QUEST_UNUSED_20151102_002993	Obtenir le Journal d'Expérience du Mage Mystérieux	의문의 마법사의 실험 일지를 구하세요	QUEST_LV_0100_20151016_010278	Guide de la Deuxième Étape	중간 설명	
QUEST_UNUSED_20151102_002994	Arrêter le Dispositif de reproduction	배양 장치 정지시키기	QUEST_LV_0100_20151016_010277	Deuxième Étape	중간 할 일	
QUEST_UNUSED_20151102_002995	Arrêter le dispositif de reproduction des spores de braken géant	거대 고사리 포자를 배양 장치하는 정지시키기	QUEST_LV_0100_20151016_010278	Guide de la Deuxième Étape	중간 설명	
QUEST_UNUSED_20151102_002996	Chercher le Maire Romanas	촌장 로마나스 찾아가기				
QUEST_UNUSED_20151102_002997	Perdu dans la Forêt	숲 속에서 길을 잃다				
QUEST_UNUSED_20151102_002998	L'Évêque Disparu	사라진 주교				
QUEST_UNUSED_20151102_002999	Les Lieux Calcinés	불타버린 행방				
QUEST_UNUSED_20151102_003000	Colonie de Monstres	몬스터 군락지				
QUEST_UNUSED_20151102_003001	Opération de Recherche à Grande Échelle	대규모 수색				
QUEST_UNUSED_20151102_003002	Vaincre les monstres du district 1 et récolter les notes de Prêtre Gelija	1번지역의 몬스터들을 처치하여 사제 겔리야의 쪽지를 수집하세요				
QUEST_UNUSED_20151102_003003	Agente Larena vous a demandé de prendre Jolly, le chien des prêtres, et de chercher leurs traces alentour.	정보원 라레나는 사제들이 기르던 잘리를 데리고 주변에서 사제들의 흔적을 찾아와 달라고 부탁했습니다				
QUEST_UNUSED_20151102_003004	Vaincre Monarque Spectre	스펙터 군주 처치				
QUEST_UNUSED_20151102_003005	Vaincre les monstres du Quartier 1	1번 지역 몬스터 처치				
QUEST_UNUSED_20151102_003006	Agent Orwen vous a demandé de vaincre les monstres du district 1 qui entravent les opérations de recherche des informateurs.	정보원 오르웬은 1번 지역에서 정보원들의 수색 활동 방해하는 몬스터들을 처치해달라고 부탁했습니다	QUEST_UNUSED_20151022_001798	Agent Orwen vous a demandé de vaincre les monstres qui perturbent les activités de recherche des agents.	정보원 오르웬은 정보원들의 수색 활동 방해하는 몬스터들을 처치해달라고 부탁했습니다	
QUEST_UNUSED_20151102_003007	Désactiver les Cercles Magiques Sinistres	불길한 마법진 해체				
QUEST_UNUSED_20151102_003008	Agent Orwen vous a demandé de dissiper les cercles magiques répandus dans les districts 1/2.	정보원 오르웬은 1/2 지역에 분포한 불길한 마법진을 해체해 달라고 부탁했습니다	QUEST_UNUSED_20151022_001800	Agent Orwen vous a demandé de dissiper les cercles magiques démoniaques éparpillés dans les 1er et 2e districts	정보원 오르웬은 1/2 지역에 분포한 마족의 마법진을 해체해 달라고 부탁했습니다	
QUEST_UNUSED_20151102_003009	Enquête Préliminaire	사전 조사				
QUEST_UNUSED_20151102_003010	Vaincre les monstres du Quartier 3	3번지역 몬스터 처치				
QUEST_UNUSED_20151102_003011	Agent Notres voit des signes de démons chez les monstres affectés. Vainquez les monstres du district 5 et récoltez leur sang contaminé, puis apportez-le à Agent Notres.	정보원 노토레스는 광포해진 몬스터들로부터 마족의 징후를 포착했다고 합니다. 5번지역 몬스터들을 처치하여 그들의 오염된 피를 수집해서 정보원 노토레스에게 전달합시다	QUEST_UNUSED_20151022_001809	Agent Notres Notores vous a dit qu'il a trouvé les traces des démons sur les monstres devenus fous. Vainquez les monstres, récoltez leur sang pollué et remettez-le à Agent Notres	정보원 노토레스는 광포해진 몬스터들로부터 마족의 징후를 포착했다고 합니다. 몬스터들을 처치하여 그들의 오염된 피를 수집해서 정보원 노토레스에게 전달합시다	
QUEST_UNUSED_20151102_003012	Traqueur Zegaus vous a demandé de vaincre les monstres du district 7 pour protéger les blessés.	추적자 제가우스는 부상당한 자신들을 위해 7번 지역의 몬스터를 처치해달라고 부탁했습니다	QUEST_UNUSED_20151022_001812	Le poursuivant Zegaus vous a demandé de vaincre les monstres alentour car il est blessé	추적자 제가우스는 부상당한 자신들을 위해 주변 몬스터를 처치해달라고 부탁했습니다	
QUEST_UNUSED_20151102_003013	La Trace Dangereuse	위험한 단서				
QUEST_UNUSED_20151102_003014	Où se Trouve Évêque Urbonas	우르보나스의 행방				
QUEST_UNUSED_20151102_003015	Détruire le totem maudit de la 3e zone	3구역 저주 토템 파괴				
QUEST_UNUSED_20151102_003016	Détruire les fragments du totem maudit de la 4e zone	4구역 저주 토템 파편 제거				
QUEST_UNUSED_20151102_003017	Examiner le totem maudit de la 4e zone	4구역 저주 토템 확인	QUEST_UNUSED_20151022_001792	Parler Avec Prêtre Pranas	사제 프라나스와 대화	
QUEST_UNUSED_20151102_003018	Parler à Traqueur Torvana	추적자 토르바나와 대화하세요				
QUEST_UNUSED_20151102_003019	Traqueur Torvana vous a demandé de récolter les pièces de bois noir réclamées par le 2e Commandement du renseignement de secteur.	추적자 토르바나는 2번지역에서 영주 직속 정보대에서 의뢰한 검은 나무 조각을 수집해달라고 부탁했습니다	QUEST_UNUSED_20151022_001839	Le poursuivant Torvana vous a demandé de récolter les morceaux d'arbre noir demandés par le commandement du renseignement qui dépend du seigneur.	추적자 토르바나는 영주 직속 정보대에서 의뢰한 검은 나무 조각을 수집해달라고 부탁했습니다	
QUEST_UNUSED_20151102_003020	Le poursuivant Daramaus vous a demandé d'examiner les objets utilisés par les démons, à la demande du commandement du renseignement du 3e quartier. Vainquez des démons pour récolter les sacs qu'ils portent.	추적자 다라마우스는 3번지역에서 영주 직속 정보대의 의뢰로 마족들이 사용하는 물건들을 조사해봐야 겠다고 합니다. 마족을 처치하여 마족 꾸러미를 습득하세요				
QUEST_UNUSED_20151102_003021	Parler à Traqueur Daramaus	추적자 다라마우스와 대화하세요				
QUEST_UNUSED_20151102_003022	Détruire le totem maudit du 2e quartier	2지역 저주 토템 파괴				
QUEST_UNUSED_20151102_003023	Parler à Prêtre Irma	사제 이르마와 대화하세요				
QUEST_UNUSED_20151102_003024	Vaincre Seigneur du Feu	파이어로드 처치				
QUEST_UNUSED_20151102_003025	Détruire le totem maudit du 4e quartier	4구역 감시 토템 파괴				
QUEST_UNUSED_20151102_003026	Prêtre Irma vous propose de détruire le totem de surveillance pour distraire Seigneur démon Marnox et de vous rendre à l'étage 3 de la Prison souterraine d'Ashaq pour récupérer les Ordres démoniaques. Fixez-y les pierres démoniaques incomplètes trouvées autour du deuxième totem et détruisez le totem.	사제 이르마는 감시 토템을 파괴하여 마군주 마르녹스의 관심을 다른 곳으로 돌리고 아샤크 지하 감옥 3층의 마족 지령서를 회수하러 가자고 합니다. 두 번째 감시토템 주변의 불안정한 마석을 수집하여 감시 토템에 부착 후 파괴하세요				
QUEST_UNUSED_20151102_003027	Parler à Gelija	겔리야와 대화하세요				
QUEST_UNUSED_20151102_003028	Et Si de Nouveau	만약에 또 만약에				
QUEST_UNUSED_20151102_003029	Parler à Prêtre Auranas	사제 아우라나스와 대화하세요				
QUEST_UNUSED_20151102_003030	Parler à Prêtre Draznie	사제 드라즈니에와 대화하세요				
QUEST_UNUSED_20151102_003031	Vaincre les monstres du Quartier 3	3구역 몬스터 처치				
QUEST_UNUSED_20151102_003032	Un Endroit Plus Profond	더 깊은 곳에서				
QUEST_UNUSED_20151102_003033	Parler à Prêtre Gelija	사제 겔리야와 대화하세요				
QUEST_UNUSED_20151102_003034	Tout Est Intact	모든 것이 제자리로				
QUEST_UNUSED_20151102_003035	Détruire le totem maudit du 1er quartier	1구역 저주 토템 파괴	QUEST_UNUSED_20151022_001823	Détruire le totem de malédiction	저주 토템 파괴	
QUEST_UNUSED_20151102_003036	Récolter de la Fourrure sur les Assassins Lepusbunny Vert	초록 레푸스버니 암살자로부터 털가죽 수집	QUEST_LV_0200_20151001_009635	Récolter le Cuir Poilu de Truflelia	트리펠리아로부터 털가죽 수집	
QUEST_UNUSED_20151102_003037	Baskez cherche de la fourrure d'Assassin Lepusbunny vert pour aider ses camarades à lutter contre le froid. Chassez les Assassins Lepusbunny vert pour récolter leur fourrure.	바스케즈는 초록 레푸스버니 암살자의 털가죽이면 자신과 동료들이 추위를 버틸 수 있다고 합니다. 초록 레푸스버니 암살자를 사냥하고 털가죽을 가져다 주세요.	QUEST_LV_0200_20151001_009636	Baskez vous a dit qu'avec le cuir poilu de Truflelia, ses camarades et lui pourraient endurer le froid. Chassez pour obtenir du cuir poilu de Truflelia.	바스케즈는 트리펠리아의 털가죽이면 자신과 동료들이 추위를 버틸 수 있다고 합니다. 트리펠리아를 사냥하고 털가죽을 가져다 주세요.	
QUEST_UNUSED_20151102_003038	Récolter des Nourriture d'Urgence du Mage Siaulav Bleu	푸른 샤울라브 메이지의 비상식량 수집	QUEST_LV_0200_20151001_009652	Récolter de la Viande d'Oiseau Bleu	청옥조 고기 수집	
QUEST_UNUSED_20151102_003039	L'officier d'approvisionnement Ronda veut utiliser les rations de secours des Mages Siaulav bleu pour résoudre la pénurie actuelle de vivres. Vainquez les Mages Siaulav bleu au Terrain de camping et récoltez leurs rations de secours.	보급병 론다는 부족한 식량 상황을 푸른 샤울라브 메이지의 비상식량으로 해결하고 싶다고 합니다. 야영지 근처에서 푸른 샤울라브 메이지를 사냥하고 비상식량을 모으세요.	QUEST_LV_0200_20151001_009653	Ronda veut résoudre le problème du manque de nourriture avec la viande des monstres. Chassez les Oiseaux bleux près du campement et récoltez la viande.	보급병 론다는 부족한 식량 상황을 몬스터 고기로 해결하고 싶다고 합니다. 야영지 근처에서 청옥조를 사냥하고 그 고기를 모으세요.	
QUEST_UNUSED_20151102_003040	Vous avez récolté les vivres demandés. Hâtez-vous de les apporter à Ronda.	부탁받은 양의 식량를 모았습니다. 서둘러 보급병 론다에게 전달하세요.	QUEST_LV_0200_20151001_009654	La viande est obtenue. Remettez-la à Ronda.	부탁받은 양의 고기를 모았습니다. 서둘러 보급병 론다에게 전달하세요.	
QUEST_UNUSED_20151102_003041	Récolter des Champignons de Lapasape Bleu	푸른 라프세이프의 버섯 수집	QUEST_LV_0200_20151001_009666	Récolter du Fluide Corporel de Worg	워그의 체액 수집	
QUEST_UNUSED_20151102_003042	L'officier commandant de Stogas, Ades, veut soigner le sorcier alité. Récoltez des Lapasape bleu Mushroom pour aider à faire baisser la fièvre.	스토가스 분대장 아데스는 고열로 몸져 누운 마법사를 치료하고 싶어합니다. 해열 작용이 있다는 푸른 라프세이프의 버섯을 모으세요.	QUEST_LV_0200_20151001_009667	Ades veut soigner le magicien qui a de la fièvre. Récoltez des fluides corporels de Worg, réputés efficaces pour faire baisser la fièvre.	스토가스 분대장 아데스는 고열로 몸져 누운 마법사를 치료하고 싶어합니다. 해열 작용이 있다는 워그의 체액을 모으세요.	
QUEST_UNUSED_20151102_003043	Vous avez récolté assez de Lapasape bleu Mushroom. Apportez-les à Ades.	푸른 라프세이프의 버섯을 충분히 모았습니다. 스토가스 분대장 아데스에게 전해 주세요.	QUEST_LV_0200_20151001_009669	Vous avez récolté assez de fluides corporels de Worg. Remettez-les à Ades.	워그의 체액을 충분히 모았습니다. 스토가스 분대장 아데스에게 전해 주세요.	
QUEST_UNUSED_20151102_003044	Obtenir des Décorations Métalliques de Lapeman et du Bois Sec	라페먼의 쇠장식과 젖지 않은 목재 구해오기	QUEST_UNUSED_20151022_001900	Rassembler des Décorations Métalliques de Lapeman et du Bois	라페먼의 쇠장식과 쓸만한 목재 구해오기	
QUEST_UNUSED_20151102_003045	Le Sous-maître Peltaste vous a chargé de récolter des matériaux pour bouclier. Rendez-vous à Croisement de Paupys et récoltez des décorations métalliques de Lapeman et du bois sec.	펠타스타 서브 마스터는 방패의 재료들을 구해오라고 합니다. 파우피스 나루에서 라페먼의 쇠장식과 젖지 않은 목재를 모으세요.	QUEST_UNUSED_20151022_001901	Le Sous-maître Peltaste vous a dit d'apporter les matériaux du bouclier. Récoltez les arbres utiles et les symboles de Lapeman à Croisement de Paupys.	펠타스타 서브 마스터는 방패의 재료들을 구해오라고 합니다. 파우피스 나루에서 라페먼의 쇠장식과 쓸만한 나무를 모으세요.	
QUEST_UNUSED_20151102_003046	Vainquez des monstres et chargez le joyau d'énergie. Puis utilisez le joyau de cristal énergisé pour allumer le porte-flamme auprès du Sous-maître Krivis.	몬스터들을 처치하여 주어진 보석에 기운을 채우세요. 충만한 수정으로 크리비 서브 마스터 곁의 성화대에 불을 붙이세요. 이 과제는 오직 혼자 해결해야 합니다.	QUEST_UNUSED_20151022_001915	Vaincre les monstres pour emplir les joyaux d'énergie. Allumez la torche à côté du Sous-maître Krivis avec le cristal plein.	몬스터들을 처치하여 주어진 보석에 기운을 채우세요. 충만한 수정으로 크리비 서브 마스터 곁의 성화대에 불을 붙이세요.	
QUEST_UNUSED_20151102_003047	Le Sous-maître Peltaste veut éprouver vos Skills au bouclier. Rendez-vous à la Forêt de fougères 63_3 avec votre bouclier équipé et vainquez des monstres pour récolter des cristaux. Les démons vous rapporteront des points supplémentaires. C'est une tâche que vous devez accomplir seul.	펠타스타 서브 마스터는 방패의 활용능력을 보겠다고 합니다. 고사리 숲 63_3에서 방패를 착용한 채로 몬스터를 사냥하고 결정을 모으세요. 마족을 처치하면 좀 더 좋은 평가를 얻을 수 있습니다. 이 과제는 오직 혼자 해결해야 합니다.	QUEST_UNUSED_20151022_001930	Le Sous-maître Peltaste veut voir à quel point vous maniez bien le bouclier. Chassez les monstres équipé d'un bouclier en 63_3 de la Forêt de fougères et récoltez les essences.	펠타스타 서브 마스터는 방패의 활용능력을 보겠다고 합니다. 고사리 숲 63_3에서 방패를 착용한 채로 몬스터를 사냥하고 결정을 모으세요.	
QUEST_UNUSED_20151102_003048	Vous avez vaincu le nombre de monstres demandé. Retournez voir le Sous-maître Peltaste.	정해진 수만큼 몬스터를 해치웠습니다. 펠타스타 서브 마스터에게 돌아가 보고하세요.	QUEST_UNUSED_20151022_001931	Vous avez pu récolter le nombre d'essences requis. Retournez voir le Sous-maître Peltaste et faites un rapport.	정해진 수의 결정을 모을 수 있었습니다. 펠타스타 서브 마스터에게 돌아가 보고하세요.	
QUEST_UNUSED_20151102_003049	Récolter des Herbes à la Forêt de Braken 63_1, 63_2 et 63_3	고사리 숲 63_1, 63_2, 63_3에서 각각 약초를 구하기	QUEST_UNUSED_20151022_001949	Obtenir des herbes à l'Étang de Lemprasa, aux Ponts reliés et à Croisement de Paupys.	렘파라사 연못, 덧댄다리 숲, 파우피스 나루에서 각각 약초를 구하기	
QUEST_UNUSED_20151102_003050	Le Sous-maître Prêtre vous a demandé de récolter des herbes à la Forêt de Braken 63_1, 63_2 et 63_3 pour fabriquer un onguent.	프리스트 서브 마스터는 연고의 재료로 고사리 숲 63_1과 63_2, 그리고 63_3에서 각각 약초를 구해오라고 합니다.	QUEST_UNUSED_20151022_001950	Le Sous-maître Prêtre vous a demandé d'obtenir des herbes à l'Étang de Lemprasa, aux Ponts reliés et à Croisement de Paupys pour en faire l'onguent.	프리스트 서브 마스터는 연고의 재료로 렘파라사 연못과 덧댄다리 숲, 그리고 파우피스 나루에서 각각 약초를 구해오라고 합니다.	
QUEST_UNUSED_20151102_003051	Récolter le Cristal d'âme de Pawndel et le Cristal mental de Pawnd à la Forêt de Braken 63_3.	고사리 숲 63_3에서 폰델의 영혼결정과 폰드의 정신결정을 수집하세요.{nl}	QUEST_UNUSED_20151022_001958	Vous avez reçu la recette de la poupée. Récoltez les matériaux indiqués dans la recette et fabriquez la Poupée de Bokor.	인형의 제작서를 받았습니다. 제작서를 참고해 재료를 모아 보코르 인형을 만들어내세요.	
QUEST_UNUSED_20151102_003052	Le Sous-maître Highlander veut voir à quel point vous avez perfectionné vos techniques de Highlander. Employez-les pour vaincre des monstres et faire vos preuves. C'est une tâche que vous devez accomplir seul.	하이랜더 서브 마스터는 그간 계시자가 하이랜더의 기술을 얼마나 갈고닦았는지 확인하고 싶어 합니다. 하이랜더 기술을 사용해서 몬스터를 처치하세요. 이 과제는 오직 혼자 해결해야 합니다.	QUEST_UNUSED_20151022_001976	Le Sous-maître Highlander veut vérifier ce que vous avez appris jusqu'ici. Vainquez des monstres en utilisant les Skills du Highlander.	하이랜더 서브 마스터는 그간 계시자가 하이랜더의 기술을 얼마나 갈고닦았는지 확인하고 싶어 합니다. 하이랜더 기술을 사용해서 몬스터를 처치하세요.	
QUEST_UNUSED_20151102_003053	Le Sous-maître Barbare vous a demandé de vaincre des monstres dans votre état de base, sans aucun effet d'amélioration. C'est une tâche que vous devez accomplir seul.	바바리안 서브 마스터는 아무런 강화효과 없는 기본 상태에서 페레토리 구릉의 몬스터들을 처치해 보라고 합니다. 이 과제는 오직 혼자 해결해야 합니다.	QUEST_UNUSED_20151022_001986	Le Sous-maître Barbare veut que vous vainquiez les monstres à Collines de Feretory sans aucun effet d'amélioration.	바바리안 서브 마스터는 아무런 강화효과 없는 기본 상태에서 페레토리 구릉의 몬스터들을 처치해 보라고 합니다.	
QUEST_UNUSED_20151102_003054	Vaincre les démons de Collines de Feretory	페레토리 구릉의 마족을 처치	QUEST_UNUSED_20151022_001991	Vaincre les monstres de type Bête à Collines de Feretory	페레토리 구릉의 야수 몬스터를 처치	
QUEST_UNUSED_20151102_003055	Vaincre les démons à Collines de Feretory et faire vos preuves auprès du Maître Cataphractaire.	페레토리 구릉에서 마족들을 처치하고 캐터프랙트 마스터에게 실력을 증명하세요.	QUEST_UNUSED_20151022_001992	Vaincre les monstres de type Bête à Collines de Feretory et prouver vos Skills au Maître Cataphractaire.	페레토리 구릉에서 야수형 몬스터들을 처치하고 캐터프랙트 마스터에게 실력을 증명하세요.	
QUEST_UNUSED_20151102_003056	Combattez les monstres de Collines de Feretory pour épuiser leur endurance, puis utilisez le joyau pour les purifier. Récoltez ensuite leurs cendres.	페레토리 구릉의 몬스터들과 전투하여 체력을 깎은 다음 주어진 보석을 사용해 몬스터를 정화해야 합니다. 정화후 몬스터의 재를 모으세요.	QUEST_UNUSED_20151022_001995	Combattez les monstres à Collines de Feretory, blessez-les et purifiez-les à l'aide du joyau. Récoltez les cendres des monstres après la purification.	페레토리 구릉의 몬스터들과 전투하여 상처를 입힌 다음 주어진 보석을 사용해 몬스터를 정화해야 합니다. 정화후 몬스터의 재를 모으세요.	
QUEST_UNUSED_20151102_003057	Rendez-vous à Collines de Feretory et utilisez l'énergie reçue du Maître Sadhu pour la combiner à une partie des esprits des monstres. Recueillez ensuite les esprits en les vainquant. C'est une tâche que vous devez accomplir seul.	사두 마스터에게 받은 기운을 사용해 페레토리 구릉 몬스터의 영혼 일부를 합쳐야 합니다. 기운에 합쳐진 몬스터를 처치해 영혼을 흡수하세요. 이 과제는 오직 혼자 해결해야 합니다.	QUEST_UNUSED_20151022_002012	En utilisant l'énergie obtenue du Maître Sadhu, vous devez combiner certaines parties de monstres à Collines de Feretory. Absorbez l'esprit en vainquant le monstre qui a été combiné à l'énergie.	사두 마스터에게 받은 기운을 사용해 페레토리 구릉 몬스터의 영혼 일부를 합쳐야 합니다. 기운에 합쳐진 몬스터를 처치해 영혼을 흡수하세요.	
QUEST_UNUSED_20151102_003058	Vaincre les monstres aux Carrefours d'Apsimesti sans bouclier	방패를 착용하지 않고 압시메스티 교차로의 몬스터 처치	QUEST_UNUSED_20151022_002023	Vaincre les monstres aux Carrefours d'Apsimesti sans utiliser le bouclier	방패를 쓰지 않고 압시메스티 교차로의 몬스터 처치	
QUEST_UNUSED_20151102_003059	Retirez votre bouclier et allez vaincre les monstres au Carrefour d'Apsimesti. C'est une tâche que vous devez accomplir seul.	방패를 착용하지 않은 상태에서 압시메스티 교차로의 몬스터를 처치하세요. 이 과제는 오직 혼자 해결해야 합니다.	QUEST_UNUSED_20151022_002024	Vaincre les monstres aux Carrefours d'Apsimesti sans bouclier équipé.	방패를 착용하지 않은 상태에서 압시메스티 교차로의 몬스터를 처치하세요.	
QUEST_UNUSED_20151102_003060	Vous avez reçu beaucoup de baume. Servez-vous-en pour réparer les statues de la Déesse Vakarine à Fedimian et à Orsha.	향유를 넉넉히 받았습니다. 페디미안과 오르샤의 바카리네 여신상을 보수해 주세요.	QUEST_UNUSED_20151022_002038	Assez d'huile parfumée obtenue. Occupez-vous des statues de la Déesse Vakarine à Fedimian et Orsha, je vous prie.	향유를 넉넉히 받았습니다. 페디미안과 오르샤의 바카리네 여신상을 관리해 주세요.	
QUEST_UNUSED_20151102_003061	Vous avez réparé toutes les statues de Déesse demandées. Retournez voir le Sous-maître Dievdirbys.	의뢰받은 모든 여신상의 보수를 마쳤습니다. 딥디르비 서브 마스터에게 돌아가 보세요.	QUEST_UNUSED_20151022_002039	Vous avez fini de vous occuper de toutes les statues des déesses. Retournez voir le Sous-maître Dievdirbys.	의뢰받은 모든 여신상의 관리를 마쳤습니다. 딥디르비 서브 마스터에게 돌아가 보세요.	
QUEST_UNUSED_20151102_003062	Récolter %s	%s 모으기				
QUEST_UNUSED_20151102_003063	Fouiller les objets et obtenir %s	잡동사니를 뒤져 %s 습득				
QUEST_UNUSED_20151102_003064	L'esprit de Carlyle vous a demandé de brûler la liste des propriétaires de jardins. 	칼라일의 영혼은 장원 소유자 명단을 불태워 달라고 합니다. 	QUEST_LV_0100_20151001_009495	Esprit de Carlyle vous a demandé de brûler la liste des propriétaires de manoirs. Il vous faudra un feu de camp pour brûler la liste. Allumez le feu de camp et brûlez la liste.	칼라일의 영혼은 장원 소유자 명단을 불태워 달라고 합니다. 장원 소유자 명단을 불태우기 위해서는 모닥불이 필요합니다. 장작으로 모닥불을 피운 뒤 장원 소유자 명단을 불태워주세요.	
QUEST_UNUSED_20151102_003065	 Appuyez sur la touche pour entrer en mode Repos et utilisez le bois de chauffage pour allumer un feu de camp et brûler la liste.	 키를 눌러 앉은 뒤에 장작으로 모닥불을 피워 장원 소유자 명단을 불태워주세요.				
QUEST_UNUSED_20151102_003066	Leja semble blessée et a besoin d'aide. Parlez-lui.	레야는 다쳤는지 도움이 필요해 보입니다. 그녀와 대화해 보세요.	QUEST_LV_0100_20151001_009497	Vous voyez quelqu'un de blessé dans la forêt. Parlez-lui et obtenez des informations.	숲에서 이 곳 주민으로 보이는 다친 사람이 보입니다. 그녀와 대화해 정보를 얻으세요.	
QUEST_UNUSED_20151102_003067	Récolter les herbes demandées par Druide Leja	드루이드 레야가 부탁한 약초 수집	QUEST_LV_0100_20151001_009498	Récolter les herbes que Druide Leja vous a demandé de récolter	드루이드 레야가 부탁한 약초 모아주기	
QUEST_UNUSED_20151102_003068	Druide Leja s'est blessée en tentant d'attraper les Ferret qui ont volé la nourriture du village. Rendez-vous à l'endroit qu'elle a indiqué et récoltez des herbes pour l'aider à retrouver son énergie.	드루이드 레야는 식량을 훔쳐 달아난 페릿들을 쫓다가 부상을 입었다고 합니다. 레야가 기운을 차릴 수 있게 그녀가 알려준 곳에서 약초를 모아 주세요.	QUEST_LV_0100_20151016_010319	Druide Leja s'est blessée en poursuivant les furets qui ont volé la nourriture. Pour lui rendre la santé, trouvez l'herbe appropriée à l'endroit qu'elle vous a indiqué.	드루이드 레야는 식량을 훔쳐 달아난 페릿들을 쫓다가 부상을 입었다고 합니다. 레야가 힘을 차릴 수 있게 그녀가 알려준 곳에서 약초를 모아주세요.	
QUEST_UNUSED_20151102_003069	Livrer les herbes à Druide Leja	드루이드 레야에게 약초 전달	QUEST_LV_0100_20151001_009500	Remettre les herbes à Druide Leja	드루이드 레야에게 약초 전해주기	
QUEST_UNUSED_20151102_003070	Rencontrer la Fille Mystérieuse	신비한 소녀와의 조우				
QUEST_UNUSED_20151102_003071	Une énergie sacrée se fait sentir dans l'air.	어디선가 신성한 기운이 느껴집니다.				
QUEST_UNUSED_20151102_003072	En allant livrer les herbes demandées par Druide Leja, vous avez croisé une fille mystérieuse. Pour l'instant, livrez les herbes à Leja.	드루이드 레야가 부탁한 약초를 모으고 돌아오는 길에 마족들에게 쫓기는 신비한 소녀를 만났습니다. 일단 레야에게 급한 약초 먼저 건네 주세요.	QUEST_LV_0100_20151001_009507	Alors que vous reveniez avec les herbes que Druide Leja vous avait demandé de récolter, vous avez rencontré la mystérieuse fille poursuivie par les démons. Parlez de la fille à Leja.	드루이드 레야가 부탁한 약초를 모으고 돌아오는 길에 마족들에게 쫓기는 신비한 소녀를 만났습니다. 레야에게 소녀에 대한 얘기를 해보세요.	
QUEST_UNUSED_20151102_003073	En allant livrer les herbes demandées par Druide Leja, vous avez croisé une fille mystérieuse. Parlez de la fille à Leja.	드루이드 레야가 부탁한 약초를 모으고 돌아오는 길에 마족에게 쫓기는 신비한 소녀를 목격했습니다. 레야에게 소녀에 대해 물어보세요.	QUEST_LV_0100_20151001_009508	Alors que vous reveniez avec les herbes que Druide Leja vous avait demandé de récolter, vous avez rencontré la mystérieuse fille poursuivie par les démons. Parlez de la fille à Leja.	드루이드 레야가 부탁한 약초를 모으고 돌아오는 길에 마족에게 쫓기는 신비한 소녀를 목격했습니다. 레야에게 소녀에 대한 이야기를 해보세요.	
QUEST_UNUSED_20151102_003074	Livrer la Nourriture Récupérée au Chef du Village	마을 촌장에게 되찾은 식량 전달	QUEST_LV_0100_20151001_009504	Rencontre avec la fille mystérieuse	신비한 소녀와 조우	
QUEST_UNUSED_20151102_003075	Vous avez récupéré toutes les denrées volées par les Ferret. Comme Leja l'a indiqué, allez trouver le chef du village près du Croisement d'Ephlysti.	페릿이 훔쳐간 식량을 전부 되찾았습니다. 레야가 알려준 대로 앱라이스티 삼거리 근처에 있는 마을 촌장을 찾아가세요.	QUEST_LV_0100_20151001_009505	Vous êtes attiré par un pouvoir mystérieux.	신비한 기운에 이끌리고 있습니다.	
QUEST_UNUSED_20151102_003076	Reprendre %s aux Ferret	페릿으로부터 %s 되찾기	QUEST_LV_0100_20151016_010322	Récupérer %s auprès des furets	페릿으로부터 %s를 되찾기	
QUEST_UNUSED_20151102_003077	Détruire les totems démoniaques qui manipulent les Ferret	페릿을 세뇌하는 마족 토템 파괴	QUEST_LV_0100_20151016_010324	Détruire les totems démoniaques qui contrôlent les furets	페릿을 세뇌한 마족 토템 파괴하기	
QUEST_UNUSED_20151102_003078	Le chef du village a déjà été berné par un faux Révélateur et hésite à vous faire confiance. Détruisez les totems démoniaques sur le Sentier forestier de Banaga pour prouver que vous êtes un vrai Révélateur.	촌장은 이미 한 번 가짜 계시자에게 속은 적이 있어 당신을 경계하고 있습니다. 바나가 숲길에서 페릿을 세뇌시키는 마족 토템을 파괴하여 진짜 계시자임을 보여주세요.	QUEST_UNUSED_20151022_002058	L'ancien du village vous a demandé de détruire les totems démoniaques installés par les démons puisqu'ils ont rendu les Ferret violents.	촌장은 마족들이 설치한 마족 토템이 페릿들을 사악하게 물들인 거라고 하며 마족 토템을 파괴해달라고 했습니다.	
QUEST_UNUSED_20151102_003079	Vous avez détruit tous les totems démoniaques. Retournez voir le chef du village et rapportez-le.	마족 토템을 모두 파괴했습니다. 마을 촌장에게 돌아가서 이 사실을 알리세요.	QUEST_LV_0100_20151001_009518	Vous avez vaincu les démons qui protégeaient le totem démoniaque et détruit le totem. Retournez voir le Chef du village et parlez-lui-en.	마족 토템을 지키는 마족을 처치하고 마족 토템을 파괴했습니다. 마을 촌장에게 돌아가서 이 사실을 알리세요.	
QUEST_UNUSED_20151102_003080	Le chef du village vous est reconnaissant d'avoir détruit les totems. Demandez-lui que faire ensuite.	마을 촌장은 마족 토템을 부숴준 것에 대해서 감사하다고 인사합니다. 마을 촌장에게서 앞으로 어떻게 해야할 지 이야기를 들어 보세요.	QUEST_LV_0100_20151001_009519	Le Chef du village vous a remercié d'avoir détruit le totem démoniaque. Écoutez le Chef du village vous dire ce que vous ferez désormais.	마을 촌장은 마족 토템을 부숴준 것에 대해서 감사하다고 인사합니다. 마을 촌장에게서 앞으로 어떻게 해야할지 이야기를 들으세요.	
QUEST_UNUSED_20151102_003081	Suivre la Fille Mystérieuse	신비한 소녀 쫓아가기	QUEST_LV_0100_20151001_009520	Chercher des traces de la fille mystérieuse	신비한 소녀의 흔적을 수색	
QUEST_UNUSED_20151102_003082	Le chef du village vous a raconté une vieille légende villageoise et croit que la fille a été envoyée par Laima. Suivez la fille jusqu'à Zeraha.	마을 촌장은 마을에 있었던 오래된 이야기를 들려주면서 그 소녀는 라이마의 사자임이 분명하다고 합니다. 제라하 쪽으로 사라진 소녀를 따라가세요.				
QUEST_UNUSED_20151102_003083	Récolter du Jus de fruit gigantesque sur les Ferret	페릿으로부터 거대 과일 과즙 수집	QUEST_LV_0100_20151016_010326	Rassembler du Jus de fruit gigantesque auprès des furets	페릿으로 부터 거대 과일 과즙 모아오기	
QUEST_UNUSED_20151102_003084	Le villageois dit que l'eau rouge de la rivière a contaminé leurs fruits, mais que les Ferret connaîtraient peut-être un moyen de les rendre comestibles. Récoltez du jus de fruit auprès des Ferret.	마을 주민은 붉은 강물 때문에 식수는 커녕 과일마저 먹을 수 없게 되었지만, 페릿들은 독성을 제거하는 방법을 아는 것 같다고 합니다. 페릿이 모아 놓은 과즙을 모아 오세요.	QUEST_LV_0100_20151016_010327	L'une des plus grandes préoccupations des villageois est le manque d'eau potable depuis que non seulement l'eau de la rivière mais aussi les fruits des plantes voisines sont empoisonnés. Les furets, en revanche, semblent connaître un moyen de purifier le jus des fruits géants et de le boire. Les villageois vous demandent de rapporter le jus de fruit extrait par les furets.	마을 주민은 오염된 강물과 과일 마저도 오염된 강물을 먹고 자라나서 독성을 지니고 있기 때문에 식수에 대한 걱정이 많습니다. 페릿들은 거대 과일에서 채취한 과즙을 식수로 사용하는데 페릿들은 과일에서 독성을 제거하는 방법을 아는 것 같다고 합니다. 주민은 페릿이 채취한 과즙을 식수 용으로 구해달라고 했습니다.	
QUEST_UNUSED_20151102_003085	Livrer au Villageois	마을 주민에게 전달	QUEST_LV_0100_20151001_009527	Remettre le jus de fruit géant au villageois	거대 과일 과즙 마을 주민에게 전달하기	
QUEST_UNUSED_20151102_003086	Récolter %s sur les Ferret	페릿으로부터 %s 수집	QUEST_LV_0100_20151016_010329	Voler %s aux furets	페릿으로부터 %s 뺏어오기	
QUEST_UNUSED_20151102_003087	Prendre l'eau rouge du Vieux puits	낡은 우물에서 붉은 물 뜨기				
QUEST_UNUSED_20151102_003088	Le villageois projette de contaminer avec de l'eau rouge la nourriture volée par les Ferret. D'abord, allez chercher de l'eau rouge au vieux puits.	마을 주민은 페릿들이 훔쳐간 식량에 붉은 물을 묻혀 혼쭐을 내 주고 싶어 합니다. 먼저 낡은 우물에서 붉은 물을 뜨세요.				
QUEST_UNUSED_20151102_003089	Contaminer la Nourriture Volée Avec l'Eau Rouge	훔쳐간 식량을 붉은 물로 오염시키기				
QUEST_UNUSED_20151102_003090	L'habitant du village vous a demandé de contaminer la viande séchée des Ferret avec l'eau rouge.	마을 주민은 페릿이 좋아하는 육포를 꼭 붉은 물로 오염시켜달라고 부탁했습니다.				
QUEST_UNUSED_20151102_003091	Vous avez trouvé la viande séchée et l'avez contaminée avec l'eau rouge. Retournez voir le villageois.	훔쳐간 식량 바구니들 중 육포를 찾아내 붉은 물로 오염시켰습니다. 마을 주민에게 돌아가세요.	QUEST_UNUSED_20151022_002063	Cherchez le bœuf séché dans les paniers suspects avec l'eau rouge. Retournez voir les villageois.	수상한 바구니들 중 육포를 찾아내 붉은 물로 오염시켰습니다. 마을 주민에게 돌아가세요.	
QUEST_UNUSED_20151102_003092	Le petit-fils du chef du village est revenu après avoir vérifié l'état des Ferret une fois le totem détruit. Il semble déçu. Parlez-lui.	촌장 손자는 마족 토템이 부서진 이후 페릿들이 온순해졌는지 살펴보고 왔다가 실망한 것 같습니다. 촌장 손자와 대화하세요.	QUEST_LV_0100_20151016_010334	Le petit-fils de l'ancien est revenu après être allé voir si les furets étaient redevenus normaux depuis la destruction des totems démoniaques mais l'expression de son visage annonce une mauvaise nouvelle. Parlez au petit-fils de l'ancien.	촌장 손자는 마족 토템이 부서진 이후 페릿들이 온순해졌는지 살펴보고 와서 당신에게 할 말이 있는 것 같습니다. 촌장 손자와 대화하세요.	
QUEST_UNUSED_20151102_003093	Le Dievdirbys Widas dit avoir sculpté une statue qui rayonne d'une bonne énergie d'après le totem qu'il a fait pour les démons. Reparlez à Widas.	딥디르비 위다스는 예전에 마족이 시켜서 만든 토템을 토대로 선한 기운을 내 뿜는 조각상을 만들어 보았다고 합니다. 위다스와 다시 대화해 보세요.	QUEST_LV_0100_20151001_009547	Dievdirbys Widas menait en réalité des recherches pour créer une sculpture qui contrerait les effets du totem démoniaque. Parlez à Widas.	딥디르비 위다스는 안 그래도 마족 토템을 보면서 반대 효과를 지닌 조각상을 만들 수는 없을지 연구하고 있었다고 합니다. 위다스와 대화하세요.	
QUEST_UNUSED_20151102_003094	Installer la statue de Widas près des Ferret	페릿 근처에 위다스의 조각상 세우기				
QUEST_UNUSED_20151102_003095	Le Dievdirbys Widas dit avoir sculpté une statue qui rayonne d'une bonne énergie d'après le totem qu'il a fait pour les démons. Installez la statue de Widas près des Ferret et observez leur réaction.	딥디르비 위다스는 예전에 마족이 시켜서 만든 토템을 토대로 선한 기운을 내 뿜는 조각상을 만들어 보았다고 합니다. 페릿 근처에 위다스의 조각상을 세운 후 페릿의 반응을 지켜보세요.	QUEST_UNUSED_20151022_002064	Le Dievdirbys Widas a créé la statue de la paix grâce aux résultats de ses recherches. Installez la sculpture de la paix près des Ferret et observez les réactions des Ferret.	딥디르비 위다스는 그동안의 연구한 결과로 평화의 조각상을 만들었다고 합니다. 페릿 근처에 평화의 조각상을 설치한 후 페릿의 반응을 지켜보세요.	
QUEST_UNUSED_20151102_003096	Après avoir dressé la statue de Widas parmi les Ferret, ils sont devenus étonnamment plus violents. Parlez-en à Widas.	위다스의 조각상을 세우자 페릿이 오히려 더 난폭하게 날뛰었습니다. 위다스에게 이 사실을 알리세요.	QUEST_LV_0100_20151016_010337	La sculpture de paix a été installée mais elle n'a fait que provoquer les furets, devenus encore plus violents. Parlez-en à Widas.	평화의 조각상을 설치하자 페릿이 오히려 더 난폭하게 날뛰었습니다. 위다스에게 이 사실을 알리세요.	
QUEST_UNUSED_20151102_003097	Suivre la fille dans la direction où elle se dirige.	신비한 소녀가 사라진 방향으로 소녀를 쫓아가세요.	QUEST_LV_0100_20151001_009553	Poursuivre la mystérieuse fille dans la direction où elle a disparu.	신비한 소녀가 사라진 방향으로 소녀를 쫓아갑니다.	
QUEST_UNUSED_20151102_003098	La fille a laissé des traces visibles. Suivez sa trace pour la retrouver.	계속해서 소녀의 흔적이 보입니다. 흔적을 따라가면 소녀를 만날 수 있을 것 같습니다.	QUEST_LV_0100_20151001_009554	Vous voyez les traces de la fille alors que vous la poursuiviez dans la direction qu'elle a prise. Il semble que vous pourrez la rejoindre en suivant les traces.	신비한 소녀가 사라진 방향으로 쫓아오자 소녀의 흔적이 보입니다. 흔적을 따라가면 소녀를 만날 수 있을 것 같습니다.	
QUEST_UNUSED_20151102_003099	Suivre la Fille	소녀가 사라진 쪽으로 따라가기	QUEST_LV_0100_20151001_009496	Parler à Druide Leja	드루이드 레야와 대화	
QUEST_UNUSED_20151102_003100	La fille semble vous dire de la suivre vers le bas. Continuez à la suivre.	소녀는 아래쪽으로 따라오라는 것 같습니다. 계속해서 소녀를 따라가세요.	QUEST_LV_0100_20151001_009555	Vous avez rencontré Druide Leja en poursuivant la fille. Demandez à Leja la direction où la fille est partie.	소녀를 쫓다가 드루이드 레야를 만났습니다. 레야에게 소녀가 사라진 방향을 물어보세요.	
QUEST_UNUSED_20151102_003101	En poursuivant la fille, vous avez rencontré Druide Leja. Demandez à Leja où se trouve la fille.	소녀를 따라가던 도중 드루이드 레야와 만났습니다. 레야에게 소녀의 행방을 물어 보세요.	QUEST_LV_0100_20151016_010338	Druide Leja allait inspecter la statue géante de la Déesse, mais les furets contrôlés par les démons lui ont entravé les pieds. Mais alors, la mystérieuse fille est soudain apparue et les furets se sont lancés à sa poursuite.	드루이드 레야는 거대 여신상을 먼저 살펴보러 왔지만 마족에게 세뇌당한 페릿들 때문에 발이 묶여있었다고 합니다. 그러는 와중에 신비한 소녀가 나타났고 페릿들이 소녀를 쫓아사라졌다고 합니다.	
QUEST_UNUSED_20151102_003102	Druide Leja dit que la fille était poursuivie par des Ferret. Vainquez les Ferret et sauvez la fille.	드루이드 레야는 소녀가 페릿에게 쫓기고 있었다고 합니다. 페릿들을 처치하며 소녀를 찾아 보세요.				
QUEST_UNUSED_20151102_003103	La fille mystérieuse a été emmenée par le seigneur démon Zaura. Discutez-en avec Druide Leja.	신비한 소녀가 마군주 자우라에게 잡혀갔습니다. 일단 드루이드 레야와 상의해 보는 것이 좋겠습니다.	QUEST_LV_0100_20151001_009563	La mystérieuse fille a été capturée par le Seigneur démon. Faites un rapport à Druide Leja.	신비한 소녀가 마군주에게 잡혀갔습니다. 이 사실을 드루이드 레야에게 알리세요.	
QUEST_UNUSED_20151102_003104	Vaincre les furets	습격해오는 페릿 처치	QUEST_UNUSED_20151022_002065	Vaincre les Ferret qui ont déboulé	습격한 페릿 처치	
QUEST_UNUSED_20151102_003105	Le seigneur démon a emmené la fille et a disparu. Discutez avec Druide Leja de la suite.	마군주가 소녀를 납치해서 사라졌습니다. 어떻게 해야 할지 드루이드 레야와 상의하는 것이 좋겠습니다.	QUEST_LV_0100_20151001_009564	Le Seigneur démon a capturé la fille et a disparu. Faites un rapport à Druide Leja.	마군주가 소녀를 납치해서 사라졌습니다. 이 사실을 드루이드 레야에게 알리세요.	
QUEST_UNUSED_20151102_003106	Druide Leja croit que les Ferret cachent la fille. Elle vous demande d'apporter des Herbes soporifiques pour qu'elle fabrique un encens à utiliser sur les Ferret.	드루이드 레야는 분명 페릿들이 소녀를 숨겼을 거라고 합니다. 레야는 페릿들의 정신을 빼놓을 향을 만들어 줄테니 몽롱초를 구해달라고 합니다.	QUEST_UNUSED_20151022_002066	Druide Leja vous a dit qu'elle avait vu les Ferret se déplacer en groupe et elle vous a aussi indiqué l'endroit où la fille se cache probablement. Leja vous a dit qu'avant de partir chercher la fille, elle fabriquerait le parfum qui rendrait les Ferret inconscients, elle veut donc que vous rapportiez des Herbes soporifiques.	드루이드 레야는 페릿들이 몰려가는 걸 봤다고 하며 페릿이 소녀를 숨길만한 위치를 알려줍니다. 레야는 근거지에 소녀를 찾으러 가기 전에 페릿들 정신을 빼놓을 향을 만들어 줄테니 몽롱초를 구해달라고 합니다.	
QUEST_UNUSED_20151102_003107	Livrer les Herbes Soporifiques à Druide Leja	몽롱초를 드루이드 레야에게 전달	QUEST_LV_0100_20151001_009567	Remettre les herbes à Druide Leja	채집한 몽롱초를 드루이드 레야에게 전달	
QUEST_UNUSED_20151102_003108	Druide Leja a créé un encens capable de plonger les Ferret en transe. Demandez à Druide Leja où pourraient se trouver la fille et les Ferret.	드루이드 레야는 몽롱해지는 향을 만들었습니다. 드루이드 레야에게 페릿이 소녀를 숨겼을 만한 위치를 물어보세요.	QUEST_LV_0100_20151016_010344	Druide Leja, avec le Parfum soporifique qu'elle a promis, vous indiquera les endroits possibles où les furets auraient pu emmener la fille. Parlez à Leja.	드루이드 레야는 몽롱해지는 향과 함께 페릿이 소녀를 숨겼을 만한 위치를 몇 군데 알려주겠다고 합니다. 레야와 대화하세요.	
QUEST_UNUSED_20151102_003109	Secourir la Fille Enlevée dans le Repaire des Furets	페릿 근거지에 납치된 소녀 구출				
QUEST_UNUSED_20151102_003110	La fille enlevée par les Ferret doit être secourue. Lancez le sac d'encens pour désorienter les Ferret, puis saisissez votre chance et sauvez la fille.	페릿이 납치한 소녀를 구출해야 합니다. 향 주머니를 던져 터뜨리면 페릿들이 정신을 차리지 못할 거라고 합니다. 그 틈을 이용하여 소녀를 구출하세요.	QUEST_UNUSED_20151022_002067	Vous devriez sauver la fille pendant que les Ferret sont inconscients après avoir répandu l'odeur qui endort. Mais, pour répandre l'odeur, il vous faudra un feu de camp et vous devriez être prudent car les effets sont brefs.	몽롱해지는 향을 피우고 페릿이 정신을 못차리는 동안 소녀를 구해야 합니다. 단, 몽롱해지는 향을 피우기 위해서는 모닥불이 필요하며 효과가 짧으니 주의해야 합니다.	
QUEST_UNUSED_20151102_003111	La fille enlevée par les Ferret doit être secourue. Faites éclater le sac d'encens pour désorienter les Ferret, puis saisissez votre chance et sauvez la fille.	페릿이 납치한 소녀를 구출해야 합니다. 향 주머니를 터뜨리면 페릿들이 정신을 차리지 못할 거라고 합니다. 그 틈을 이용하여 소녀를 구출하세요.	QUEST_LV_0100_20151016_010347	Sauver la fille pendant que les furets sont assoupis.	몽롱해지는 향으로 페릿들이 정신을 못차리는 틈에 소녀를 구출해야합니다.	
QUEST_UNUSED_20151102_003112	La fille mystérieuse s'est mise à courir dès que vous l'avez libérée. Suivez sa trace jusqu'à elle.	신비한 소녀를 풀어주자 어디론가로 황급히 뛰어갔습니다. 소녀의 흔적을 따라 소녀를 쫓아가세요.				
QUEST_UNUSED_20151102_003113	Vous avez trouvé la fille près de la grande statue de la Déesse. Parlez à la fille mystérieuse.	거대 여신상 발치에 서 있는 신비한 소녀를 찾았습니다. 신비한 소녀와 대화해 보세요.	QUEST_LV_0100_20151016_010351	Vous avez trouvé la fille debout au pied de la gigantesque Statue de la Déesse. Parlez à la fille.	거대 여신상 발치에 서있는 신비한 소녀를 찾았습니다. 신비한 소녀와 대화하세요.	
QUEST_UNUSED_20151102_003114	La fille mystérieuse montre du doigt un jeune arbre brillant. Parlez à la fille mystérieuse.	신비한 소녀는 빛나는 묘목을 지켜보고 있습니다. 신비한 소녀와 대화하세요.	QUEST_LV_0100_20151016_010352	La mystérieuse fille regarde d'un air absent un mystérieux jeune plant. Parlez-lui.	신비한 소녀는 멍하니 신비한 묘목을 지켜보고 있습니다. 그녀와 대화하세요.	
QUEST_UNUSED_20151102_003115	Examiner le Jeune Pousse Brillante	빛나는 묘목 조사				
QUEST_UNUSED_20151102_003116	La fille mystérieuse montre du doigt un jeune arbre brillant. Examinez le jeune arbre.	신비한 소녀는 빛나는 묘목을 가리킵니다. 묘목을 살펴 보세요.				
QUEST_UNUSED_20151102_003117	Druide Benes cherche quelqu'un pour l'aider dans ses recherches. Parlez à Druide Benes.	드루이드 베네스는 자신의 연구를 도울 사람을 찾고 있습니다. 드루이드 베네스와 대화해 보세요.	QUEST_LV_0100_20151016_010358	Druide Benes étudie les furets et ce qui les a rendus féroces. Demandez-lui s'il existe un moyen de les calmer.	드루이드 베네스는 난폭해진 페릿부족을 연구하고 있다고 합니다. 페릿들을 진정시킬 방법이 없는지 그와 대화해보세요.	
QUEST_UNUSED_20151102_003118	Druide Benes vous a demandé d'observer pour lui les schémas de comportement des Ferret. Utilisez un parchemin vierge auprès des Ferret pour prendre des notes.	드루이드 베네스는 자기 대신 페릿의 행동 양식을 관찰해 달라고 합니다. 페릿 근처에서 빈 주문서를 사용하면 행동 양식을 적을 수 있습니다.	QUEST_UNUSED_20151022_002068	Druide Benes vous a demandé de consigner le comportement des Ferret sur un parchemin vierge afin de bien les comprendre. En utilisant le parchemin vierge près des Ferret, vous pouvez consigner leurs comportements.	드루이드 베네스는 페릿을 이해하기 위해 페릿의 행동양식을 빈 주문서에 적어오라고 했습니다. 페릿 근처에서 빈 주문서를 사용하면 행동양식을 적을 수 있습니다.	
QUEST_UNUSED_20151102_003119	Vous avez noté les schémas de comportement des Ferret sur le parchemin vierge. Apportez-le à Benes.	빈 주문서에 페릿의 행동 양식을 수집했습니다. 드루이드 베네스에게 전해주세요.	QUEST_UNUSED_20151022_002069	Vous avez noté le comportement des Ferret sur un parchemin vierge après les avoir observés. Remettez-le à Druide Benes.	페릿을 관찰해서 빈 주문서에 페릿의 행동양식을 수집했습니다. 드루이드 베네스에게 전해주세요.	
QUEST_UNUSED_20151102_003120	Le Parchemin de transformation en Ferret donné par Druide Benes vous permet de vous changer en Ferret. Transformez-vous et découvrez pourquoi ils se sont rangés du côté des démons et attaquent les humains.	드루이드 베네스가 준 페릿 변신 주문서를 사용하면 페릿으로 변신할 수 있습니다. 페릿으로 변신해서 왜 페릿들이 마족 편에서 사람들을 공격하는지 알아보세요.	QUEST_LV_0100_20151016_010365	Le Parchemin de transformation en Furet que Druide Benes vous a donné vous permettra de vous transformer en furet. Interrogez les furets alentour et découvrez pourquoi ils attaquent les gens.	드루이드 베네스가 준 페릿 변신 주문서를 사용하면 페릿으로 변신할 수 있습니다. 페릿으로 변신해서 페릿이 왜 마족편에서 사람들을 공격하는지 알아보세요.	
QUEST_UNUSED_20151102_003121	Si les Ferret se sont mis à attaquer les humains, c'est parce que les démons les ont rendus plus forts. Parlez-en à Druide Benes.	페릿이 사람들을 공격하는 이유는 마족이 페릿을 강하게 해 주기 때문이라고 합니다. 드루이드 베네스에게 돌아가 이 사실을 알리세요.	QUEST_LV_0100_20151016_010366	La raison pour laquelle les furets attaquaient les gens était de les faire fuir. Retournez voir Druide Benes et rapportez-lui vos découvertes.	페릿이 사람들을 공격하는 이유는 이 기회에 사람들을 몰아내기 위해서라고 합니다. 드루이드 베네스에게 돌아가 이 사실을 알리세요.	
QUEST_UNUSED_20151102_003122	Placer la Morceau de bois envoûté et observer la réaction des Ferret	주술 걸린 나무토막을 놓고 페릿 반응 관찰	QUEST_LV_0100_20151016_010369	Poser le bloc de bois modifié et observer les réactions des furets	변형된 나무토막을 설치하고 페릿 반응 보기	
QUEST_UNUSED_20151102_003123	Druide Benes vous a demandé d'installer le morceau de bois envoûté ayant la forme d'un villageois blessé et d'observer la réaction des Ferret.	베네스는 부상당한 주민 모습을 한 주술 걸린 나무토막을 페릿 근처에 놓아 보고 페릿의 반응을 살펴보자고 했습니다.	QUEST_UNUSED_20151022_002070	Benes vous a demandé d'observer les réactions des Ferret après avoir installé les morceaux de bois qui ressemblent à un villageois blessé et d'observer le comportement des Ferret.	베네스는  부상당한 주민 모습을 한 주술 걸린 나무토막을 페릿 근처에 설치해보고 페릿의 반응을 살펴보자고 했습니다.	
QUEST_UNUSED_20151102_003124	Les Ferret semblent attaquer tous les humains sans distinction. Demandez à Druide Benes que faire ensuite.	페릿은 무차별적으로 사람을 공격하는 것 같습니다. 이제 어떻게 해야 할지 드루이드 베네스와 대화해 보세요.	QUEST_LV_0100_20151016_010373	Les furets ont attaqué le bloc de bois taillé en forme de villageois blessé. Faites un rapport à Druide Benes.	드루이드 베네스가 준 나무토막을 설치하자 페릿들이 나무토막을 공격했습니다. 이 사실을 베네스에게 알리세요.	
QUEST_UNUSED_20151102_003125	Chasser les Ferret autour du Atelier de la forêt de Bellai avec le répulsif	벨라이 숲 작업장 근처에서 지독한 향으로 페릿 쫓아내기				
QUEST_UNUSED_20151102_003126	Benes vous a demandé de répandre un répulsif malodorant autour du Atelier de la forêt de Bellai pour chasser les furets.	베네스는 페릿을 쫓기 위해 지독한 향을 벨라이 숲 작업장 근처에 피워달라고 부탁했습니다. 	QUEST_UNUSED_20151022_002071	Afin de chasser les Ferret, Benes vous a demandé de répandre l'odeur épouvantable dans la Forêt de Bellai. Allumez le feu de camp et brûlez l'odeur épouvantable.	베네스는 페릿을 쫓기 위해 지독한 향을 벨라이 숲에 피워달라고 부탁했습니다. 모닥불을 피워서 지독한 향을 태우세요.	
QUEST_UNUSED_20151102_003127	 touche pour entrer en mode Repos et utiliser le bois de chauffage pour allumer un feu de camp et répandre l'odeur.	키를 누른 뒤 휴식 상태에서 장작을 사용해 모닥불을 피워 지독한 향을 태우세요.				
QUEST_UNUSED_20151102_003128	Faire un Rapport à Druide Benes	드루이드 베네스에게 보고	QUEST_LV_0100_20151016_010376	Retourner Voir Druide Benes	드루이드 베네스에게 돌아가기	
QUEST_UNUSED_20151102_003129	Vous avez chassé les Ferret avec un répulsif. Retournez voir Druide Benes.	지독한 향으로 페릿을 쫓아냈습니다. 드루이드 베네스에게 돌아가세요.	QUEST_LV_0100_20151016_010377	L'Odeur terrible a servi à chasser les furets. Retournez voir Druide Benes.	지독한 향을 사용해서 페릿을 쫓아냈습니다. 드루이드 베네스에게 돌아가세요.	
QUEST_UNUSED_20151102_003130	Chercher la Déesse Lada	라다 여신 수색				
QUEST_UNUSED_20151102_003131	La Déesse Laima vous a demandé de secourir la Déesse Lada des démons et de déjouer leurs plans.	라이마 여신은 마족에게 잡혀있는 라다 여신을 구하고 마족들의 계획을 막아달라고 부탁했습니다.	QUEST_LV_0100_20151016_010379	La Déesse Laima vous demande de trouver la Déesse Lada emprisonnée et de déjouer le plan du démon.	라이마 여신이 마족들에게 잡혀있는 라다 여신을 찾고 마족들의 계획을 막아달라고 했습니다.	
QUEST_UNUSED_20151102_003132	La Déesse Laima vous a demandé de secourir la Déesse Lada des démons et de déjouer leurs plans. Elle est retenue captive par le seigneur démon Zaura dans la Forêt tropicale de Seir. Allez la retrouver.	라이마 여신은 마족들에게 잡혀있는 라다 여신을 구하고 마족들의 계획을 막아달라고 부탁했습니다. 세이르 숲에서 마군주 자우라에게 잡힌 라다 여신을 찾으세요.	QUEST_UNUSED_20151022_002072	Nous devrions chercher la Déesse Lada auprès du seigneur démon Zaura dans la Forêt tropicale de Seir.	세이르 숲에서 마군주 자우라에게 잡힌 라다 여신을 찾아야합니다.	
QUEST_UNUSED_20151102_003133	Le seigneur démon Zaura s'est peut-être échappé, mais la force autour de la Déesse Lada a disparu. Parlez à la Déesse Lada.	마군주 자우라는 도망갔지만 라다 여신에게 다가가지 못하게 가로막고 있던 힘은 사라졌습니다. 라다 여신과 대화해 보세요.	QUEST_LV_0100_20151016_010381	Pendant le combat contre Seigneur démon Zaura, la force qui vous empêchait d'approcher la Déesse Lada a disparu. Parlez à la Déesse Lada.	마군주 자우라와 전투를 벌이는 도중에 여신 라다에게 다가갈 수 없게 하는 힘이 사라진 것 같습니다. 여신 라다와 대화하세요.	
QUEST_UNUSED_20151102_003134	Pendant le combat contre le seigneur démon Zaura, la force autour de la Déesse Lada semble avoir disparu. Parlez à la Déesse Lada.	마군주 자우라와 전투 중에 여신 라다에게 다가가지 못하게 하던 힘이 사라진 것 같습니다. 라다 여신과 대화해 보세요.				
QUEST_UNUSED_20151102_003135	La Déesse Lada dit qu'avant de détruire le Kruvina, vous devez détruire les dispositifs fixés à elle. Parlez à la Déesse Lada.	라다 여신은 크루비나를 파괴해야 하지만 그러기 위해선 자신이 묶여 있는 여러 장치들을 파괴해야 한다고 합니다. 라다 여신과 대화해 보세요.	QUEST_LV_0100_20151016_010383	Vous devez trouver un moyen de libérer la Déesse Lada. Parlez-lui.	여신 라다를 구출하기 위한 방법을 찾아야합니다. 여신 라다와 대화해보세요.	
QUEST_UNUSED_20151102_003136	Secourir la Déesse Lada et lui demander comment déjouer les plans des démons.	라다 여신을 구출하고 마족의 음모를 막으려면 어떻게 해야하는지 라다 여신에게 물어보세요.	QUEST_UNUSED_20151022_002073	Demander à la Déesse Lada comment secourir Lada et empêcher la conspiration des démons.	여신 라다에게 라다를 구출하고 마족의 음모를 막으려면 어떻게 해야하는지 물어보세요.	
QUEST_UNUSED_20151102_003137	Détruire le Quartier de la Rédemption	구속구 파괴	QUEST_LV_0100_20151016_010384	Détruire le Dispositif d'Entrave	구속 장치 파괴	
QUEST_UNUSED_20151102_003138	La Déesse Lada semble perdre conscience. Essayez de détruire les Quartiers de la rédemption les plus proches de la Déesse Lada.	라다 여신이 점점 정신을 잃어가고 있는 것 같습니다. 먼저 라다 여신의 주변에 있는 구속구를 파괴하세요.	QUEST_LV_0100_20151016_010386	Murmure silencieux de la Déesse : Le dispositif de contention étouffe le peu de pouvoir qu'il me reste et me retient prisonnière. Le pouvoir de l'orbe suffit à détruire le dispositif.	여신의 전음: 구속 장치는 미약하게나마 남아있는 제 힘을 모두 억눌러 저를 구속하고 있는 장치입니다. 구속 장치를 파괴하는 건 지금 가지고 있는 보주의 힘으로도 충분할 거에요.	
QUEST_UNUSED_20151102_003139	Vous avez détruit tous les Quartiers de la rédemption. Demandez à la Déesse Lada si elle va bien.	구속구를 모두 파괴했습니다. 라다 여신은 괜찮은지 대화해 보세요.	QUEST_LV_0100_20151016_010387	Tous les dispositifs d'entrave sont détruits. Parlez à la Déesse Lada.	구속 장치를 모두 파괴했습니다. 여신 라다와 대화하세요.	
QUEST_UNUSED_20151102_003140	Vous avez détruit les Quartiers de la rédemption qui retenaient la Déesse Lada captive. Parlez-lui.	라다 여신을 구속하고 있는 구속구를 파괴하였습니다. 라다 여신과 대화해 보세요.	QUEST_UNUSED_20151022_002074	Vous avez détruit le dispositif qui retenait Lada et l'avez libérée. Parlez à Lada.	라다를 구속하고 있는 장치를 파괴하고 라다의 구속을 해방시켰습니다. 라다 여신과 대화하세요.	
QUEST_UNUSED_20151102_003141	La Déesse Lada croit qu'ajouter du sang de démon au dispositif d'absorption de vitalité l'inversera et le désactivera.	라다 여신은 마족으로부터 마족의 혈액을 구해서 생명력 흡수 장치에 뿌리면 반발력으로 인해 작동이 멈출거라고 합니다.	QUEST_UNUSED_20151022_002075	Lada vous a dit qu'en obtenant le sang des démons et en le répandant sur le dispositif qui absorbe les vitalités, celui-ci cesserait de fonctionner.	라다 여신은 마족으로부터 마족의 혈액을 구해서 생명력 흡수 장치에 뿌리면 작동이 멈출거라고 했습니다.	
QUEST_UNUSED_20151102_003142	Vous avez récolté assez de sang de démon. Appliquez-le sur le dispositif d'absorption de vitalité.	마족의 혈액을 충분히 모았습니다. 생명력 흡수 장치에 마족의 혈액을 뿌려 장치를 파괴하세요.	QUEST_UNUSED_20151022_002076	Assez de sang de démons obtenu. Répandez le sang des démons sur le dispositif qui absorbe les vitalités.	마족의 혈액을 충분히 모았습니다. 생명력 흡수 장치에 마족의 혈액을 뿌리세요.	
QUEST_UNUSED_20151102_003143	Vaincre des démons et récolter %s	마족을 처치해서 %s 수집	QUEST_LV_0100_20151016_010391	Vaincre des démons pour récolter %s	마족을 처치해서 %s 모으기	
QUEST_UNUSED_20151102_003144	Vous avez détruit tous les dispositifs de Kruvina. Parlez à la Déesse Lada.	크루비나 생성 장치를 모두 파괴했습니다. 여신 라다와 대화하세요.	QUEST_LV_0100_20151016_010396	Vous avez détruit les Générateurs de Kruvina comme la Déesse Lada vous l'a dit. Parlez à la Déesse Lada.	여신 라다의 말대로 크루비나 생성 장치를 모두 파괴했습니다. 여신 라다와 대화하세요.	
QUEST_UNUSED_20151102_003145	La Déesse Lada dit que même un Kruvina incomplet peut servir au mal et pense qu'il faut le détruire.	라다 여신은 불완전한 크루비나라도 악용할 수 있기 때문에 파괴해야 한다고 합니다.	QUEST_UNUSED_20151022_002079	La Déesse Lada a détruit tous les dispositifs générateurs de Kruvina, mais elle a aussi dit qu'elle devrait détruire quelques Kruvina inachevés.	여신 라다는 크루비나 생성 장치를 모두 부쉈지만 이미 일부 만들어진 불완전한 크루비나를 파괴해야한다고 합니다.	
QUEST_UNUSED_20151102_003146	Le seigneur démon Zaura a peut-être été vaincu, mais un beholder intrus a volé le Kruvina. Retournez voir la Déesse Lada.	마군주 자우라는 처치했지만 갑자기 난입한 주시자에게 크루비나를 빼앗기고 말았습니다. 라다 여신에게 돌아가 보세요.	QUEST_LV_0100_20151016_010399	Le Guetteur est intervenu brusquement et a pris la Kruvina. Vous avez toutefois bien vaincu Seigneur démon Zaura. Faites un rapport à la Déesse Lada.	갑자기 난입한 주시자 때문에 크루비나를 파괴하진 못했지만 마군주 자우라는 처치했습니다. 여신 라다에게 돌아가보세요.	
QUEST_UNUSED_20151102_003147	Se Rendre à la Statue de la Déesse Laima à Zeraha	제라하에 있는 라이마 여신상으로 가기	QUEST_LV_0100_20151016_010402	Examiner de près l'orbe de la déesse	여신의 수정구 살펴보기	
QUEST_UNUSED_20151102_003148	La Déesse Lada dit avoir entendu la voix de la Déesse Laima vous appeler. Rendez-vous à la statue de la Déesse Laima à Zeraha.	라다 여신은 당신을 부르는 라이마 여신의 목소리를 들었다고 합니다. 제라하의 라이마 여신상의 손 끝으로 가 보세요.	QUEST_UNUSED_20151022_002080	La déesse Lada dit avoir reçu un appel de la déesse Laima pour lui amener le sauveur qui les a délivrées du désastre. Apportez l'orbe de la déesse à la statue de la déesse Laima à Zeraha et regardez alentour.	라다 여신은 라이마가 자신에게 구원자가 재앙을 해결하면 제라하의 라이마 여신상 손 끝으로 인도해달라고 부탁 받았다고 합니다. 여신의 보주를 가지고 제라하의 라이마 여신상 손 끝을 살펴보세요.	
QUEST_UNUSED_20151102_003149	En approchant de la grande statue de la Déesse Laima, vous avez vu qu'elle était blessée par Giltine. Laima vous a demandé de trouver toutes les révélations. Parlez-en à la Déesse Lada.	거대 라이마 여신상의 손 끝에서 본 것은 길티네에게 고통받고 있는 라이마였습니다. 라이마는 당신에게 모든 계시를 찾아달라고 부탁했습니다. 라다 여신에게 이 사실을 알려 주세요.	QUEST_LV_0100_20151016_010404	Dans la main de la statue géante de la Déesse, vous avez compris que la Déesse démone Giltine retient la Déesse Laima en otage. La Déesse Laima vous a confié la mission en tant que sauveur. Rapportez cette découverte à la Déesse Lada.	거대 여신상의 손 끝에서 마신 길티네가 라이마 여신을 붙잡았다는 사실을 알게 됐습니다. 라이마는 당신에게 구원자로서의 임무를 줬습니다. 라다 여신에게 이 사실을 알리세요.	
QUEST_UNUSED_20151102_003150	Le prêtre du village veut rebâtir le temple effondré pour préparer le retour des déesses Laima et Lada. Mais d'abord, vous devez éliminer les démons et purifier la terre contaminée. Le prêtre du village espère que vous pourrez aider à chasser les démons.	마을 사제는 언젠가 돌아올 라이마 여신과 라다 여신을 위해 무너진 신전을 다시 재건하려고 합니다. 하지만 그 전에 남아있는 마족을 몰아내고 사악한 기운으로 물든 땅을 정화해야한다고 합니다. 마을 사제는 당신에게 마족들을 몰아내는데 힘을 보태달라고 부탁했습니다.	QUEST_LV_0100_20151016_010409	Le Prêtre du village tente de rebâtir le temple de Laima pour le jour où elle reviendra. Mais éliminer les démons restants et purifier la terre passeraient d'abord. Le Prêtre du village vous a demandé de les aider dans la mission consistant à chasser les démons.	마을 사제는 사람들과 함께 언젠가 돌아올 라이마 여신과 라다 여신을 위해 무너진 신전을 다시 재건하려고 합니다. 하지만 그 전에 남아있는 마족을 몰아내고 사악한 기운으로 물든 땅을 정화해야한다고 합니다. 마을 사제는 당신에게 마족들을 몰아내는데 힘을 보태달라고 부탁했습니다.	
QUEST_UNUSED_20151102_003151	Trouver à Fedimian un maître qui pourrait s'y connaître en purification	페디미안에서 정화에 대해 알 만한 마스터 찾기	QUEST_UNUSED_20151022_002082	Demande d'aide à Fedimian	페디미안에 도움 요청하기	
QUEST_UNUSED_20151102_003152	Le prêtre du village veut purifier la terre contaminée par l'énergie maléfique, mais ils ne savent pas quoi faire, car elle a été contaminée intentionnellement. Rendez-vous à Fedimian et demandez conseil aux maîtres là-bas sur la purification de la terre.	마을 사제는 사악한 기운으로 오염된 대지를 정화하려 하지만, 사람이 오염시킨 특별한 상황이라 방법을 잘 모르겠다고 합니다. 페디미안에 있는 마스터들에게 대지를 정화시킬 방법에 대해 조언을 구해보세요.	QUEST_UNUSED_20151022_002083	Le prêtre du village cherche un moyen de purifier la terre polluée par l'énergie malfaisante des démons. Le prêtre vous a demandé de chercher auprès des maîtres de Fedimian un moyen de purifier la terre.	마을 사제는 마족의 사악한 기운으로 오염된 대지를 정화할 방법을 찾고 있습니다. 사제는 페디미안에 있는 마스터들에게 대지를 정화시킬 방법에 대해 조언을 구해봐달라고 했습니다.	
QUEST_UNUSED_20151102_003153	Vous avez obtenu un Parchemin de purification du Maître Druide à Fedimian. Parlez au prêtre du village.	페디미안의 드루이드 마스터에게서 마을 사제가 찾던 대지 정화 주문서를 구해왔습니다. 마을 사제와 대화해보세요.	QUEST_LV_0100_20151016_010418	Le Parchemin de purification est acquis auprès du maître d'Orsha. Parlez au Prêtre du village.	오르샤 마스터에게서 마을 사제가 찾던 대지 정화 주문서를 구해왔습니다. 마을 사제와 대화해보세요.	
QUEST_UNUSED_20151102_003154	Le prêtre du village pense que les totems démoniaques pourraient être la cause de la contamination et veut que vous détruisiez ceux du Terrain vague d'Inega et de l'Arrière-cour d'Odur, puis que vous utilisiez le parchemin pour purifier la terre là-bas.	마을 사제는 마족 토템이 오염의 근원인 것 같다며 이네가 공터 근처와 오두르 안뜰의 마족 토템을 파괴하고 정화의 주문서로 대지를 정화해달라고 부탁했습니다.	QUEST_UNUSED_20151022_002086	Le prêtre vous a dit qu'il semble que le totem démoniaque soit la source de la pollution, il vous a donc demandé de détruire le totem démoniaque et de purifier la terre avec le parchemin de purification.	마을 사제는 마족 토템이 오염의 근원인 것 같다며 마족 토템을 파괴하고 정화의 주문서로 대지를 정화해달라고 부탁했습니다.	
QUEST_UNUSED_20151102_003155	Le grand prêtre du village vous a demandé de planter les graines de Fleur de terre et de livrer la fleur à la Déesse Lada	마을 대사제는 생명의 기운에서 대지의 꽃 씨앗을 심어 생명력 가득한 대지의 꽃을 피운 뒤, 라다 여신에게 그 꽃을 전해달라고 부탁했습니다.	QUEST_UNUSED_20151022_002089	Le grand prêtre du village vous a demandé de faire pousser les graines de Fleur de la terre sur une terre imprégnée de force vitale. Faites pousser les fleurs et apportez-les à la Déesse Lada.	마을 대사제는 생명의 기운에서 대지의 꽃 씨앗을 심어 생명력 가득한 대지의 꽃을 피워달라고 했습니다. 꽃이 피면 라다 여신에게 전해달라고 부탁했습니다.	
QUEST_UNUSED_20151102_003156	Livrer à la Déesse Lada	라다 여신에게 전달	QUEST_LV_0100_20151016_010426	Parler Avec la Déesse Lada	라다 여신과 대화	
QUEST_UNUSED_20151102_003157	L'Earth Flower a éclos. Apportez-la à la Déesse Lada.	생명력을 가득 머금은 대지의 꽃을 피웠습니다. 라다 여신에게 가져다 주세요.	QUEST_LV_0100_20151016_010427	L'Earth Flower a éclos. Parlez avec la Déesse Lada.	생명력을 가득 머금은 대지의 꽃을 피웠습니다. 라다 여신과 대화하세요.	
QUEST_UNUSED_20151102_003158	Parler à Nikodemas	니코데마스와 대화				
QUEST_UNUSED_20151102_003159	Nikodemas cherche de l'aide.	니코데마스가 도움을 줄 사람을 찾고 있습니다.				
QUEST_UNUSED_20151102_003160	Chercher la Personne Disparue	청년 수색하기				
QUEST_UNUSED_20151102_003161	Chercher la personne disparue.	돌아오지 않는 청년을 찾으세요.				
QUEST_UNUSED_20151102_003162	Parler au Jeune Isolé	고립된 청년과 대화				
QUEST_UNUSED_20151102_003163	Vérifier si le jeune isolé va bien.	고립된 청년의 상태를 확인하세요.				
QUEST_UNUSED_20151102_003164	Parler à Scalvis	스칼비스와 대화				
QUEST_UNUSED_20151102_003165	Scalvis cherche de l'aide.	스칼비스가 도와줄 사람을 찾고있습니다.				
QUEST_UNUSED_20151102_003166	Vaincre les monstres alentour	인근의 몬스터 처치				
QUEST_UNUSED_20151102_003167	Vaincre les monstres alentour pour protéger les villageois.	마을사람들의 안전을 위해 인근의 몬스터를 처치하세요				
QUEST_UNUSED_20151102_003168	Rapporter les résultats à Scalvis.	스칼비스에게 결과를 보고하세요				
QUEST_UNUSED_20151224_003169	Pierre des Requêtes	의뢰석				
QUEST_UNUSED_20151224_003170	L'association de magie accepte des échantillons de monstres de toutes les régions à des fins de{nl}recherche. Nous vous remercions de votre collaboration.	저희 마법협회에서는 각 지역의 몬스터를 연구하기 위해 몬스터의 표본을 수집하고 있습니다.{nl}많은 참여 부탁드립니다.				의뢰석
QUEST_UNUSED_20151224_003171	Vos échantillons seront soigneusement étudiés par l'association de magie. Merci de votre aide.	모아 주신 표본은 마법 협회에서 소중히 연구하도록 하겠습니다.{nl}협조해 주셔서 감사합니다.				의뢰석
QUEST_UNUSED_20151224_003172	Un Nécromancien a besoin d'un esprit bien entraîné pour résister aux dommages de l'énergie{nl}maléfique. Combattez-moi et montrez-moi la force de votre esprit.	네크로맨서의 주술은 술자의 영혼이 단련되지 않으면 사악한 기운에 잠식되어 버려.{nl}그대의 영혼이 얼마나 강한지 나와 싸워서 증명해 봐.	QUEST_JOBSTEP_20150317_000274	Les sorts de Nécromancien dévorent celui qui les lance si son âme n'est pas bien entraînée.{nl}Combats-moi et prouve la force de ton âme.	네크로맨서의 주술은 술자의 영혼이 단련되지 않으면 사악한 기운에 잠식되어 버린다.{nl}그대의 영혼이 얼마나 강한지 나와 싸워서 증명해 봐.	네크로맨서 마스터
QUEST_UNUSED_20151224_003173	Il y a un travail du Maître Lieur que je ne veux vraiment pas manquer. Si vous faites ce travail{nl}pour moi, je vous montrerai comment utiliser les pouvoirs psychiques. Qu'en dites-vous ?	링커 마스터에게 절대로 빼앗기고 싶지 않은 의뢰가 있네.{nl}자네가 바쁜 나 대신 그 의뢰를 처리해준다면 초능력의 운용법에 대해 가르쳐 주지. 어떤가?	QUEST_JOBSTEP_20150317_000595	J'ai une requête pour laquelle je ne veux pas être devancé par le Maître Lieur. Si tu pouvais t'en{nl}occuper en mon nom, je t'enseignerai à maîtriser ton énergie. Qu'en dis-tu ?	링커 마스터에게 절대로 빼앗기고 싶지 않은 의뢰가 있네.{nl}자네가 바쁜 나 대신 그 의뢰를 처리해준다면 염력의 운용법에 대해 가르쳐 주지. 어떤가?	사이코키노 마스터
QUEST_UNUSED_20151224_003174	Impressionnant ! Assez du Maître Lieur maintenant, vous et moi avons à parler de pouvoir{nl}psychique.	훌륭하군!{nl}링커 마스터는 이제 내버려두고, 우린 초능력에 대해 심도있는 대화나 나눠보세.	QUEST_JOBSTEP_20150317_000598	C'est parfait ! Laisse tomber le Maître Lieur et parlons de l'énergie en détail.	훌륭하군!{nl}링커 마스터는 이제 내버려두고, 우린 염력에 대해 심도있는 대화나 나눠보세.	사이코키노 마스터
QUEST_UNUSED_20151224_003175	Il devrait y avoir un Hallowventer dans les parages avec la clé... C'est étrange.	열쇠를 가진 할로우벤터가 주변에 있을 텐데..{nl}이상하군요.	QUEST_UNUSED_20150317_000066	Hollow Venter devrait être dans les environs de Yorusu~euru. C'est étrange.	열쇠을 가진 할로우벤터가 주변에 있을 텐데..{nl}이상하군요.	우울한 부엉이 조각상
QUEST_UNUSED_20151224_003176	Êtes-vous sûr de ne pas être blessé ? La prochaine pierre tombale est sur le chemin{nl}d'Embranchement de Dykyne.	역시 만만치 않군요. 다친 곳은 없으신지요.{nl}다음 비문은 디키네 갈림길로 가는 길에 있습니다.	QUEST_LV_0100_20150317_001860	Ça va ? La prochaine épitaphe est à Embranchement de Dykyne.	다친 곳은 없으신지요.{nl}다음 비문은 디키네 갈림길로 가는 길에 있습니다.	사학자 렉시퍼
QUEST_UNUSED_20151224_003177	Avant de vous enseigner, je peux vous faire goûter à ce qu'est un vrai combat.{nl}	내게 가르침을 받기 전에 실전의 느낌이란 게 어떤 것인지 내가 도와줄 수도 있겠구나.{nl}	QUEST_JOBSTEP_20150317_000648	{nl}Je peux peut-être t'aider, mais tu dois savoir ce qu'est un véritable combat avant de recevoir mes{nl}leçons.{nl}	{nl}내게 가르침을 받기 전에 실전의 느낌이란 게 어떤 것인지 내가 도와줄 수도 있겠구나.{nl}	소드맨 마스터
QUEST_UNUSED_20151224_003178	Demande de Récolte de l'Association de Magie	마법협회의 수집 의뢰				
QUEST_UNUSED_20151224_003179	Au plaisir de coopérer.	협조하도록 하자	QUEST_LV_0100_20150317_002398	Accepter	수락	
QUEST_UNUSED_20151224_003180	Je ne crois pas pouvoir aider.	도울 여유는 없을 것 같다	QUEST_LV_0200_20150317_001850	Refuser	거부	
QUEST_UNUSED_20151224_003181	Examiner la Pierre des Requêtes	의뢰석 확인	QUEST_UNUSED_20150918_000392	Parler avec le collectionneur	수집상과 대화	
QUEST_UNUSED_20151224_003182	Examiner la pierre des requêtes de l'association de magie.	마법협회의 의뢰석을 확인해 보세요.	QUEST_UNUSED_20150918_000392	Parler avec le collectionneur	수집상과 대화	
QUEST_UNUSED_20151224_003183	Obtenir des Échantillons de Monstres	몬스터 표본 획득	QUEST_UNUSED_20150918_000393	Collections obtenues	수집품 획득	
QUEST_UNUSED_20151224_003184	La pierre des requêtes vous demande de récolter des échantillons sur les monstres. Vainquez les monstres alentour et récoltez toute partie utilisable comme spécimen.	마법 협회의 의뢰석은 몬스터 연구를 위해 몬스터의 표본을 수집해 달라는 내용이었습니다. 주변의 몬스터를 처치하여 몬스터에게서 얻을 수 있는 부위들을 수집해 보세요.	QUEST_UNUSED_20150918_000393	Collections obtenues	수집품 획득	
QUEST_UNUSED_20151224_003185	Faire un Rapport à la Pierre des Requêtes	의뢰석에 보고	QUEST_UNUSED_20150918_000392	Parler avec le collectionneur	수집상과 대화	
QUEST_UNUSED_20151224_003186	Vous avez récolté assez d'échantillons de monstres. Apportez-les à la pierre des requêtes.	이 정도면 몬스터의 표본을 충분히 수집한 것 같습니다. 의뢰석에 가져가세요.	QUEST_UNUSED_20150918_000392	Parler avec le collectionneur	수집상과 대화	
QUEST_UNUSED_20151224_003187	Parler au Sous-maître Hoplite	하플라이트 서브 마스터와 대화				
QUEST_UNUSED_20151224_003188	Aller voir le Sous-maître Hoplite aux Bois de Siauliai ouest.	샤울레이 서쪽 숲에 있는 하플라이트 서브 마스터를 찾아가세요.	QUEST_JOBSTEP_20150317_001225	Trouver le Maître Hoplite aux Bois de Siauliai ouest.	샤울레이 서쪽 숲에 있는 하플라이트 마스터를 찾아가세요.	
QUEST_UNUSED_20151224_003189	Tous les matériaux nécessaires pour prouver ta détermination à devenir plus fort ont été rassemblés. Retourne voir le Maître Hoplite.	강해지고자 하는 마음가짐의 증명에 필요한 재료를 모두 모았습니다. 하플라이트 서브 마스터에게 돌아가 보세요.	QUEST_JOBSTEP_20150317_001228	Tous les matériaux nécessaires pour prouver ta détermination à devenir plus fort ont été rassemblés. Retourne voir le Maître Hoplite.	강해지고자 하는 마음가짐의 증명에 필요한 재료를 모두 모았습니다. 하플라이트 마스터에게 돌아가 보세요.	
QUEST_UNUSED_20151224_003190	Parler au Sous-maître Psychokinésiste	사이코키노 서브 마스터와 대화				
QUEST_UNUSED_20151224_003191	Trouver le Maître Psychokinésiste au Village des mineurs de Siauliai.	샤울레이 광산 마을에 있는 사이코키노 서브 마스터를 찾아가세요.	QUEST_JOBSTEP_20150317_001230	Trouver le Maître Psychokinésiste au Village des mineurs de Siauliai.	샤울레이 광산 마을에 있는 사이코키노 마스터를 찾아가세요.	
QUEST_UNUSED_20151224_003192	Le Maître Psychokinésiste vous a dit qu'il s'intéresse à ce domaine et vous a demandé de devenir son assistant. Obtenez les Épingles de queue de Desmodus au B1 d'Église de Tenet demandés par le Maître Psychokinésiste.	사이코키노 서브 마스터는 이 분야에 관심이 있다면 잠시 자신의 조수가 되어 보는 것을 권했습니다. 사이코키노 서브 마스터가 필요로 하는 테넷 성당 지하 1층에서 데스모두스의 꼬리침을 구해 오세요.	QUEST_JOBSTEP_20150729_003031	Le Maître Psychokinésiste t'a dit que ce domaine l'intéresse et t'a proposé de devenir son assistant. Obtiens les Épingles de queue de Desmodus dont le Maître Psychokinésiste a besoin au sous-sol 1 de l'Église de Tenet.	사이코키노 마스터는 이 분야에 관심이 있다면 잠시 자신의 조수가 되어 보는 것을 권했습니다. 사이코키노 마스터가 필요로 하는 테넷 성당 지하 1층에서 데스모두스의 꼬리침을 구해 오세요.	
QUEST_UNUSED_20151224_003193	Livrer au Sous-maître Psychokinésiste	사이코키노 서브 마스터에게 전달	QUEST_JOBSTEP_20150317_001233	Le remettre au Maître Psychokinésiste	사이코키노 마스터에게 전달	
QUEST_UNUSED_20151224_003194	Assez d'Épingle de queue de Desmodus obtenus. Retournez voir le Maître Psychokinésiste et donnez-les-lui.	데스모두스의 꼬리침을 충분히 구했습니다. 사이코키노 서브 마스터에게 돌아가 전해 주세요.	QUEST_JOBSTEP_20150729_003032	Assez d'Épingle de queue de Desmodus ont été obtenus. Retourne voir le Maître Psychokinésiste et remets-les-lui.	데스모두스의 꼬리침을 충분히 구했습니다. 사이코키노 마스터에게 돌아가 전해 주세요.	
QUEST_UNUSED_20151224_003195	Parler au Sous-maître Lieur	링커 서브 마스터와 대화				
QUEST_UNUSED_20151224_003196	Trouver le Maître Lieur au Village des mineurs de Siauliai.	샤울레이 광산 마을에 있는 링커 서브 마스터를 찾아가세요.				
QUEST_UNUSED_20151224_003197	Le Maître Lieur insiste sur l'importance de la capacité à ouvrir son esprit en tant que Lieur. Pour éprouver votre compétence de Lieur, obtenez des Noyaux de Corylus et du Sang de Galok au 1F d'Église de Tenet.	링커 서브 마스터는 사람의 마음을 여는 링커의 자질을 굉장히 강조하고 있습니다. 링커의 자질을 알아보는 시험에 필요한 코릴러스의 핵과 갈록의 피를 테넷 성당 지상 1층에서 구해 오세요.	QUEST_JOBSTEP_20150323_002339	Le Maître Lieur insiste sur l'importance de la capacité à ouvrir les esprits en tant que Lieur. Pour éprouver les compétences d'un Lieur, obtiens des Noyaux de Corylus et du Sang de Galok au 1er étage de l'Église de Tenet.	링커 마스터는 사람의 마음을 여는 링커의 자질을 굉장히 강조하고 있습니다. 링커의 자질을 알아보는 시험에 필요한 코릴러스의 핵과 갈록의 피를 테넷 성당 지상 1층에서 구해 오세요.	
QUEST_UNUSED_20151224_003198	Livrer les Matériaux au Sous-maître Lieur	링커 서브 마스터에게 재료 전달				
QUEST_UNUSED_20151224_003199	Vous avez récolté tous les matériaux nécessaires à l'expérience. Livrez-les au Sous-maître Lieur.	시험에 필요한 모든 재료를 구했습니다. 링커 서브 마스터에게 재료를 전달해 주세요.	QUEST_JOBSTEP_20150317_001245	Tous les matériaux pour l'épreuve ont été obtenus. Remets-les au Maître Lieur.	시험에 필요한 모든 재료를 구했습니다. 링커 마스터에게 재료를 전달해 주세요.	
QUEST_UNUSED_20151224_003200	Vous avez vaincu le Throneweaver qui détruisait les statues de hibou. Retournez parler au hibou triste.	부엉이 조각상을 마구 파괴하고 다니는 쓰론위버를 처치했습니다. 슬픈 부엉이와 다시 대화해 보세요.	QUEST_LV_0200_20150317_002203	Le Throneweaver qui détruisait les sculptures de chouette est vaincu. Reparlez à la chouette triste.	부엉이 조각상을 마구 파괴하고 다니는 쓰론위버을 처치했습니다. 슬픈 부엉이와 다시 대화해 보세요.	
QUEST_UNUSED_20151224_003201	Continuer à parler à Merrisa de la relique.	메리사와 성물에 대한 대화를 계속 해 보세요.	QUEST_UNUSED_20151001_000721	Poursuivre la conversation avec Jurate au sujet de l'objet sacré.	유라테와 성물에 대한 대화를 계속 해 보세요.	
QUEST_UNUSED_20151224_003202	Il semble que vous ayez trouvé la relique. Apportez-la à Merrisa.	성물을 찾은 것 같습니다. 메리사에게 가져다 주세요.	QUEST_UNUSED_20151001_000725	Il semble que vous ayez trouvé un objet sacré. Apportez-le à Jurate.	성물을 찾은 것 같습니다. 유라테에게 가져다 주세요.	
QUEST_UNUSED_20160718_003203	Je vois votre passion, mais qu'en est-il de vos capacités ? Rapportez-moi des Fragment de{nl}Phyracon et des Écailles de Drake vert de la Tour du mage.	열의는 알겠지만 실력은 어떨까?{nl}마법사의 탑에서 피라콘의 조각과 초록 드레이크의 비늘을 가져오는 거야.	QUEST_JOBSTEP_20150317_000253	Je vois ta passion, mais qu'en est-il de tes capacités ? Rapporte-moi un Fragment de Phyracon et{nl}une Écaille de Drake vert de la Tour du mage.	열의는 알겠다만 실력은 어떨까?{nl}마법사의 탑에서 피라콘의 조각과 초록 드레이크의 비늘을 가져오는 거야.	위저드 마스터
QUEST_UNUSED_20160718_003204	Pour prouver votre détermination à devenir plus fort, récoltez du Cuir de Glizardon au B1 d'Église de Tenet, des Canine de Galok au 1F, et des Poudre noire sur les Egnome au 2F. Pour trouver Église de Tenet, dirigez-vous vers la Gorge de Srautus et traversez Plateau de Gele.	먼저 샤울레이 광산 마을 너머의 스라우타스 협곡을 지나 겔리 고원을 거쳐 테넷 성당 안으로 진입하세요. 그 다음 강해지고자 하는 다짐의 증명을 위해 테넷 성당 지하 1층의 글리자돈의 가죽, 지상 1층의 갈록의 송곳니, 지상 2층의 이노움의 검은가루를 구해 오세요.	QUEST_JOBSTEP_20150323_002334	Pour prouver ta détermination à devenir plus fort, récolte du Cuir de Glizardon au sous-sol 1 de l'Église de Tenet, du Canine de Galok au 1er étage, et des Poudre noire sur les Egnome au 2e étage, je te prie.	강해지고자 하는 다짐의 증명을 위해 테넷 성당 지하 1층의 글리자돈의 가죽, 지상 1층의 갈록의 송곳니, 지상 2층의 이노움의 검은가루를 구해 오세요.	
QUEST_UNUSED_20160718_003205	Le Maître Psychokinésiste vous a dit qu'il s'intéresse à ce domaine et vous a demandé de devenir son assistant. D'abord, rendez-vous à Église de Tenet en traversant Gorge de Srautus et Plateau de Gele. Une fois arrivé, obtenez les Épingles de queue de Desmodus au B1 d'Église de Tenet demandés par le Maître Psychokinésiste.	사이코키노 서브 마스터는 이 분야에 관심이 있다면 잠시 자신의 조수가 되어 보는 것을 권했습니다. 스라우타스 협곡을 지나 겔리 고원을 거쳐 테넷 성당 지하 1층까지 가세요. 그 다음 사이코키노 서브 마스터가 필요로 하는 데스모두스의 꼬리침을 구해 오세요.	QUEST_UNUSED_20151224_003192	Le Maître Psychokinésiste vous a dit qu'il s'intéresse à ce domaine et vous a demandé de devenir son assistant. Obtenez les Épingles de queue de Desmodus au B1 d'Église de Tenet demandés par le Maître Psychokinésiste.	사이코키노 서브 마스터는 이 분야에 관심이 있다면 잠시 자신의 조수가 되어 보는 것을 권했습니다. 사이코키노 서브 마스터가 필요로 하는 테넷 성당 지하 1층에서 데스모두스의 꼬리침을 구해 오세요.	
QUEST_UNUSED_20160718_003206	Le Maître Lieur insiste sur l'importance de la capacité à ouvrir son esprit en tant que Lieur. D'abord, rendez-vous à Église de Tenet en traversant Gorge de Srautus et Plateau de Gele. Là, éprouvez votre compétence de Lieur, obtenez des Noyaux de Corylus et du Sang de Galok au 1F d'Église de Tenet.	링커 서브 마스터는 사람의 마음을 여는 링커의 자질을 굉장히 강조하고 있습니다. 우선 스라우타스 협곡을 지나 겔리 고원을 거쳐 테넷 성당까지 진입하세요. 그 후 링커의 자질을 알아보는 시험에 필요한 코릴러스의 핵과 갈록의 피를 테넷 성당 지상 1층에서 구해 오세요.	QUEST_UNUSED_20151224_003197	Le Maître Lieur insiste sur l'importance de la capacité à ouvrir son esprit en tant que Lieur. Pour éprouver votre compétence de Lieur, obtenez des Noyaux de Corylus et du Sang de Galok au 1F d'Église de Tenet.	링커 서브 마스터는 사람의 마음을 여는 링커의 자질을 굉장히 강조하고 있습니다. 링커의 자질을 알아보는 시험에 필요한 코릴러스의 핵과 갈록의 피를 테넷 성당 지상 1층에서 구해 오세요.	
QUEST_UNUSED_20160718_003207	Une épée et un bouclier pour le peuple [Avancement Highlander]	국민과 방패를 위한 검[하이랜더 전직]				
QUEST_UNUSED_20160718_003208	Le Trouble de la Bête Ailée [Avancement Peltaste]	날짐승의 방해[펠타스타 전직]				
QUEST_UNUSED_20160718_003209	Le Maître Highlander semble navré, mais tu ne peux pas renoncer. Parle-lui à nouveau.	하이랜더 마스터는 무척 미안한 듯 하지만, 물러설 수 없습니다. 하이랜더 마스터와 다시 대화해 보세요.				
QUEST_UNUSED_20160718_003210	La Première Flèche [Avancement Archer]	첫 번째 화살[아처 전직]				
QUEST_UNUSED_20160718_003211	La Voie du Guérisseur [Avancement Clerc]	치유사의 길[클레릭 전직]				
QUEST_UNUSED_20160718_003212	Culte Éternel [Avancement Krivis]	영원한 경배[크리비 전직]				
QUEST_UNUSED_20160811_003213	Je ne pensais pas que vous pourriez le vaincre.. Vous êtes bien plus fort que je ne le croyais. Je{nl}suis impressionné. Je crois que reprendre le monastère sera une tâche facile avec votre aide.	그 녀석을 쓰러뜨리실 줄이야..{nl}계시자님은 제 생각 이상으로 강력한 분이시로군요. 감탄했습니다.{nl}계시자님과 함께라면 수도원 수복도 손쉬운 일이 아닐까 싶군요.	QUEST_UNUSED_20150714_000243	Je ne m'attendais pas à ce que vous le vainquiez.. Vous êtes bien plus fort que je ne le pensais. Je{nl}suis surpris. Si je suis avec vous, reprendre le contrôle du monastère ne sera pas si difficile.	그 녀석을 쓰러뜨리실 줄이야...{nl}계시자님은 제 생각 이상으로 강력한 분이시로군요. 감탄했습니다.{nl}계시자님과 함께라면 수도원 수복도 손쉬운 일이 아닐까 싶군요.	수도사 제프리
QUEST_UNUSED_20160811_003214	Le Dispositif Secret Suspect de la Réserve	보관실의 수상한 비밀 장치				
QUEST_UNUSED_20160811_003215	Lettres de Prison (2)	죄수의 편지(2)				
QUEST_UNUSED_20160811_003216	Examiner le dispositif secret sur le chemin du Numéro du dépôt d'approvisionnement 1	제1 보관창고로 가는 길에 있는 비밀 장치 확인				
QUEST_UNUSED_20160811_003217	Il y a un dispositif secret sur le chemin du Numéro du dépôt d'approvisionnement 1. Cette fois, veillez à vérifier de quel type de dispositif il s'agit.	제1 보관창고로 가는 길에 비밀 장치가 있습니다. 이번엔 어떤 장치인지 한 번 살펴보세요.				
QUEST_UNUSED_20160811_003218	Détruire les cristaux de glace apparus à côté du dispositif secret	비밀 장치 주변에 나타난 빙결 수정 파괴				
QUEST_UNUSED_20160811_003219	Ce dispositif secret était un piège. Détruisez tous les cristaux de glace apparus alentour !	이 비밀 장치는 함정이었습니다. 주변에 나타난 빙결 수정을 모두 파괴하세요!				
QUEST_UNUSED_20161005_003220	Si vous voulez atteindre des stades supérieurs en tant que Krivis. Rendez-vous à la statue de la{nl}déesse à Fedimian. Le pèlerinage est un rite de passage.	크리비로서 더 높은 경지에 오르고 싶거든 페디미안의 여신상에 경배를 드리고 오게.{nl}성지순례야말로 여신께 의무를 다하는 통과의례 아니겠는가.	QUEST_JOBSTEP_20150317_000479	Si tu veux progresser en tant que Krivis, alors va vénérer la statue de la déesse à Fedimian. Un{nl}pèlerinage est un moyen sûr d'accomplir ses devoirs envers la déesse.	크리비로써 더 높은 경지에 오르고 싶거든 페디미안의 여신상에 경배를 드리고 오게.{nl}성지순례야말로 여신께 의무를 다하는 통과의례 아니겠는가.	크리비 마스터
QUEST_UNUSED_20161005_003221	Vous avez mis moins de temps que je ne le pensais. Vous êtes doué. Je veux vous accueillir non{nl}seulement comme mentor et élève mais comme camarades.	시간이 꽤 걸리리라 생각했는데 생각했던 것보다 더 뛰어나시군요.{nl}스승과 제자가 아닌 전우로서, 잘 부탁드립니다.	QUEST_JOBSTEP_20150317_000660	Je pensais que cela te prendrait plus de temps, tu es meilleur que je ne le croyais. Je compte sur{nl}toi comme collègue.	시간이 꽤 걸리리라 생각했는데 생각했던 것보다 더 뛰어나시군요.{nl}스승과 제자가 아닌 전우로써, 잘 부탁드립니다.	하플라이트 마스터
QUEST_UNUSED_20161005_003222	Si je peux mettre la main sur des matériaux de bois solide au centre de la Ville pétrifiée, je{nl}pourrais exaucer n'importe quel vœu... Peut-être accorder les enseignements du Dievdirbys.	석화된 도시의 중심 시가에 있는 늠름한 원목만 가질 수 있다면 뭐든 들어줄 텐데..{nl}가령 딥디르비의 가르침이라든가 말이오.	QUEST_JOBSTEP_20150317_000690	Si je pouvais obtenir du bois solide de la rue principale de la Ville pétrifiée, je pourrais accepter{nl}n'importe quelle requête... Par exemple, la leçon du Dievdirbys.	석화된 도시의 중심 시가에 있는 늠름한 원목만 가질 수 있다면 뭐든 들어줄 텐데..{nl}가령 딥디르비의 가르침이라던가 말이오.	조각가 테슬라
QUEST_UNUSED_20161005_003223	Certains dispositifs de l'Outter Wall sont assez dangereux. Je crains que les monstres ne les{nl}manipulent mal et ne créent un énorme problème.	외성벽의 장치들은 위험한 것들이 많아요.{nl}혹시라도 몬스터들이 잘못 건드려서 오작동하면 큰 문제가 될 수도 있어서 걱정이에요.				큐폴 밀다
QUEST_UNUSED_20161005_003224	Est-ce vrai ? C'est une bonne nouvelle.	정말인가요?{nl}한시름 놓겠네요.				큐폴 밀다
QUEST_UNUSED_20161005_003225	En enquêtant sur ce lieu, j'étais dans une peur constante.	여길 조사하면서도 엄청 조마조마했거든요.				큐폴 밀다
QUEST_UNUSED_20161005_003226	Quel soulagement. J'espère que ce sera la fin de tout cela.	다행이에요.{nl}이걸로 일단 문제없겠죠.				큐폴 밀다
QUEST_UNUSED_20161005_003227	Ma parole, les monstres se cachaient. Mais c'est un soulagement que vous soyez sain et sauf.	그럴수가.. 몬스터가 숨어있었군요.{nl}그래도 무사하시니 정말 다행입니다.	QUEST_LV_0200_20150414_006760	Comment avez-vous pu.. il y a des monstres cachés. Mais c'est vraiment bien que vous alliez{nl}bien.	그럴수가... 몬스터가 숨어있었군요.{nl}그래도 무사하시니 정말 다행입니다.	사제 라엘리에
QUEST_UNUSED_20161005_003228	Opération de Récupération du Noyau du Mur Extérieur(1)	외성벽 코어 회수 작전(1)				
QUEST_UNUSED_20161005_003229	Parler avec d'autres Kupole	다른 큐폴들과 조사한 내용 이야기 중				
QUEST_UNUSED_20161005_003230	Les monstres ont l'air terriblement agressifs.	몬스터들이 굉장히 위협적인 모양이라고 한다				
QUEST_UNUSED_20161005_003231	Bof, ils ont l'air plutôt inoffensifs.	별로 위험하지 않다고 한다				
QUEST_UNUSED_20161005_003232	Préserver les Preuves du Mur Extérieur	외성벽의 증거 보존				
QUEST_UNUSED_20161005_003233	Fuyons avant que cela n'arrive.	그전에 도망가자고 한다				
QUEST_UNUSED_20161005_003234	Opération de Récupération du Noyau du Mur Extérieur	외성벽 코어 회수 작전				
QUEST_UNUSED_20161005_003235	Parler à Kupole Milda	큐폴 밀다와 대화				
QUEST_UNUSED_20161005_003236	Le noyau du Mur extérieur a besoin d'être inspecté. Parlez à Kupole Milda dans le Mur extérieur District 9.	아무래도 외성벽에 있다는 코어에 대해 조사해봐야 할 것 같습니다. 외성벽 제 9구역에 있는 큐폴 밀다를 찾아가세요.				
QUEST_UNUSED_20161005_003237	Kupole Milda dit que le noyau est fortement protégé par plusieurs moyens et que les monstres sont nombreux	큐폴 밀다는 코어가 다중으로 보호되고 있는 데다 어쩐지 몬스터들이 많고 공격적이어서 일이 쉽지 않다고 합니다. 안전한 조사를 위해 주변의 몬스터를 처치하세요.				
QUEST_UNUSED_20161005_003238	Vous avez réduit dans une certaine mesure le nombre de monstres alentour. Faites un rapport à Kupole Milda	주변의 몬스터를 어느정도 정리했습니다. 큐폴 밀다에게 돌아가세요.				
QUEST_UNUSED_20161005_003239	Kupole Milda semble avoir quelque chose à dire. Parlez à Kupole Milda.	큐폴 밀다가 할 말이 있는 것 같습니다. 큐폴 밀다와 대화해보세요.				
QUEST_UNUSED_20161005_003240	Vaincre les Monstres du District 9 du Mur Extérieur	외성벽 제 9구역의 몬스터 처치				
QUEST_UNUSED_20161005_003241	Kupole Milda dit que les dispositifs de l'Outter Wall peuvent être dangereux si les monstres les manipulent mal. Vainquez les monstres avant qu'ils ne fassent des dégâts.	큐폴 밀다는 외성벽의 장치들을 몬스터가 잘못 건드려서 오작동하게 되면 위험하다고 합니다. 문제를 일으키기 전에 몬스터를 처치하세요.				
QUEST_UNUSED_20161005_003242	Faire un Rapport à Kupole Milda	큐폴 밀다에게 보고				
QUEST_UNUSED_20161005_003243	Assez de monstres ont été tués. Faites un rapport à Kupole Milda.	몬스터를 충분히 처치했습니다. 큐폴 밀다에게 말해주세요.				
QUEST_UNUSED_20161214_003244	Baron Munchausen	뮌히하우젠 남작				
QUEST_UNUSED_20161214_003245	Ah ! Vous avez dû être attiré ici par ma réputation toujours grandissante ! Oui, je suis LE Baron{nl}Munchausen.{nl}	오호라. 내 명성을 듣고 찾아왔나 보군!{nl}그래, 바로 내가 바로 그 유명한 뮌히하우젠 남작이라네!{nl}				뮌히하우젠 남작
QUEST_UNUSED_20161214_003246	Vous voulez probablement être mon disciple. Mais un grand homme comme moi doit choisir{nl}avec soin qui il prend sous son aile.{nl}	제자가 되고 싶어서 찾아왔겠지?{nl}하지만 나같이 위대한 해결사는 아무나 받아주지 않는다네.{nl}				뮌히하우젠 남작
QUEST_UNUSED_20161214_003247	Hmm, si vous insistez, je vous donnerai une chance.{nl}	흠, 하지만 자네가 정 원한다면 기회를 주도록 하지.{nl}				뮌히하우젠 남작
QUEST_UNUSED_20161214_003248	Ne soyez pas timide, jeune personne. C'est un simple test de Skills.{nl}	부끄러워 할 필요는 없다네, 젊은이.{nl}간단하게 실력을 보이면 될 일이야.{nl}				뮌히하우젠 남작
QUEST_UNUSED_20161214_003249	Les signalements de fantômes qui harcèlent les gens dans les Bois de Siauliai est. Exorciser les{nl}fantômes est ma spécialité mais je veux vous donner cette occasion de faire vos preuves.{nl}	최근 샤울레이 동쪽 숲에서 유령이 장난친다는 소문이 있네.{nl}물론 유령 퇴치라고 하면 내 특기중 하나이네만, 자네에게 기회를 주도록 하지.{nl}				뮌히하우젠 남작
QUEST_UNUSED_20161214_003250	Dans les Bois de l'est, vous tomberez sur des caisses de fournitures autour du camp de{nl}ravitaillement. C'est le contenu des caisses qui n'arrête pas de disparaître. Les fantômes sont,{nl}ipso facto, responsables de ces événements espiègles.{nl}	동쪽 숲에 가면 병사들의 보급을 위해 보급지 곳곳에 상자가 있을 걸세.{nl}그 상자안의 내용물만 감쪽같이 사라진다는데, 이건 필시 소문대로 유령의 소행이야!{nl}				뮌히하우젠 남작
QUEST_UNUSED_20161214_003251	Je vais vous donner cette poudre sacrée. Répandez-la sur les boîtes et remettez ces satanés{nl}fantômes à leur place. J'attends beaucoup de vous.	이 영험한 가루를 줄테니 가루를 뿌려 상자에 깃든 유령을 물리치고 돌아도록 하게나.{nl}기대함세.				뮌히하우젠 남작
QUEST_UNUSED_20161214_003252	Maintenant, jeune personne, prouvez que ce que je vois en vous est juste.	자, 젊은이의 실력을 기대하겠네!				뮌히하우젠 남작
QUEST_UNUSED_20161214_003253	Vous êtes revenu. Comment cela s'est-il passé ?{nl}	다녀왔는가?{nl}어때, 유령은 잘 퇴치하였나?{nl}				뮌히하우젠 남작
QUEST_UNUSED_20161214_003254	Un tisserand ? Je vous avais dit que c'étaient les fantômes.{nl}	위버가 나왔다구?{nl}하하, 유령의 소행이 맞구만!{nl}				뮌히하우젠 남작
QUEST_UNUSED_20161214_003255	Les fantômes ont été affaiblis par ma poudre et ils ont appelé le monstre. Vous avez réussi votre{nl}première épreuve, jeune personne.{nl}	나의 영험한 가루에 약해진 유령이 몬스터를 부르고 달아난 걸세!{nl}첫 시험을 잘 통과했군 젊은이!{nl}				뮌히하우젠 남작
QUEST_UNUSED_20161214_003256	Vous devriez être fier, vous avez réussi l'épreuve donnée par le GRAND Munchausen.	이 위대한 해결사 뮌히하우젠님의 시험을 통과하다니 대단허이!				뮌히하우젠 남작
QUEST_UNUSED_20170330_003257	Je vois votre passion, mais qu'en est-il de vos capacités ? Rapportez-moi des Fragment de{nl}Phyracon et des Fragment de carapace d'Infrorocktor rouge de la Tour du mage.	열의는 알겠지만 실력은 어떨까?{nl}마법사의 탑에서 피라콘의 조각과 붉은 인프로 락터 껍질 조각을 가져오는 거야.	QUEST_UNUSED_20160718_003203	Je vois votre passion, mais qu'en est-il de vos capacités ? Rapportez-moi des Fragment de{nl}Phyracon et des Écailles de Drake vert de la Tour du mage.	열의는 알겠지만 실력은 어떨까?{nl}마법사의 탑에서 피라콘의 조각과 초록 드레이크의 비늘을 가져오는 거야.	위저드 마스터
QUEST_UNUSED_20170330_003258	Le Maître Mage estime que l'effort est ce qu'il y a de plus important. Récoltez des Fragment de Phyracon et des Fragment de carapace d'Infrorocktor rouge à la Tour du mage.	위저드 마스터는 무엇보다도 노력을 가장 중요시 여긴다고 합니다. 마법사의 탑에서 위저드 마스터가 원하는 재료인 피라콘의 조각과 붉은 인프로 락터 껍질 조각을 모아 주세요.	QUEST_JOBSTEP_20150317_001505	Le Maître Mage considère l'effort comme la chose la plus importante. Récolte des Morceaux de Pyracon et des Écailles de Drake vert à la Tour du mage.	위저드 마스터는 무엇보다도 노력을 가장 중요시 여긴다고 합니다. 마법사의 탑에서 위저드 마스터가 원하는 재료인 피라콘의 조각과 초록 드레이크의 비늘을 모아 주세요.	
QUEST_UNUSED_20170330_003259	Fragment de Carapace d'Infrorocktor Rouge	붉은 인프로 락터 껍질 조각				
QUEST_UNUSED_20170330_003260	Utiliser l'orbe de provocation sur la Voie de pénitence dans la Grande cathédrale	대성당 참회로에서 도발용 보주 사용	QUEST_JOBSTEP_20150317_001670	Utiliser l'orbe de provocation à Voie de pénitence, dans la Grande cathédrale	대성당의 참회로에서 도발용 보주 사용	
QUEST_UNUSED_20170330_003261	Le Maître Épéiste vous a enseigné que le courage de protéger ses alliés est très important. Provoquez les monstres à l'aide de l'orbe de provocation sur la Voie de pénitence dans la Grande cathédrale et vainquez-les.	소드맨 마스터는 동료를 지켜줄 수 있는 용기를 중요시하고 있습니다. 대성당 참회로에서 도발용 보주로 몬스터를 도발한 후 처치하세요.	QUEST_JOBSTEP_20150317_001671	Le Maître Épéiste a enseigné que le courage de protéger ses alliés est très important. Provoque les monstres avec l'orbe de provocation à Voie de pénitence, dans la Grande cathédrale, et vaincs-les.	소드맨 마스터는 동료를 지켜줄 수 있는 용기를 중요시하고 있습니다. 대성당의 참회로에서 도발용 보주로 몬스터를 도발한 후 처치하세요.	
QUEST_UNUSED_20170330_003262	Rassembler des Pierres de Charbon de Bois à Voie de Pénitence	대성당 참회로에서 질 좋은 숫돌 모아오기	QUEST_JOBSTEP_20150317_001725	Rassembler des Pierres de Charbon de Bois à Voie de Pénitence	대성당의 참회로에서 질 좋은 숫돌 모아오기	
QUEST_UNUSED_20170330_003263	Le Maître Empenneur vous demande de rassembler des Pierres de charbon de bois de bonne qualité. Procurez-vous-les sur la Voie de pénitence.{nl}	플레쳐 마스터는 질 좋은 숫돌을 잔뜩 구해 오라고 합니다. 대성당 참회로에서 질 좋은 숫돌을 모아오세요.{nl}	QUEST_JOBSTEP_20150317_001726	Le Maître Empenneur te demande de rassembler des Pierres de charbon de bois de bonne qualité. Va les chercher à Voie de pénitence. {nl}	플레쳐 마스터는 질 좋은 숫돌을 잔뜩 구해 오라고 합니다. 대성당의 참회로에서 질 좋은 숫돌을 모아오세요.{nl}	
QUEST_UNUSED_20180418_003264	Combien de fois cela est-il déjà arrivé ? Je suis désolé mais allez rencontrer le Maître Empenneur{nl}pour découvrir ce qui s'est passé. Essayez d'aller au Ancien jardin de la Déesse. 	이게 도대체 몇 번째란 말인가!{nl}미안하지만 자네가 직접 플레쳐 마스터에게 가서 어찌 된 일인지 알아봐 주게.{nl}여신의 옛뜰로 가면 될 것이네.	QUEST_JOBSTEP_20150323_002256	Combien de fois est-ce déjà arrivé ? Je suis désolé, mais va voir le Maître Empenneur pour{nl}découvrir ce qui s'est passé, je te prie. Rends-toi au Village d'Escanciu.	이게 도대체 몇 번째란 말인가!{nl}미안하지만 자네가 직접 플레쳐 마스터에게 가서 어찌 된 일인지 알아봐 주게.{nl}에산치우 마을로 가면 될 것이네.	하이랜더 마스터
QUEST_UNUSED_20180418_003265	Ne m'avez-vous pas entendu ? Il faudra un moment avant que ce soit votre tour.	말귀를 못 알아 듣소?{nl}요청이 밀려서 당신들 차례는 한참 뒤란 말이오.	QUEST_JOBSTEP_20150317_000361	Ne m'as-tu pas entendu ? Il faudra longtemps avant que ton tour arrive.	말귀를 못 알아 듣소?{nl}주문이 밀려서 당신들 차례는 한참 뒤란 말이오.	플레쳐 마스터
QUEST_UNUSED_20190104_003266	Vos échantillons seront soigneusement étudiés par l'association de magie. Merci de votre aide.	모아 주신 표본은 마법협회에서 소중히 연구하도록 하겠습니다.{nl}협조해 주셔서 감사합니다.	QUEST_UNUSED_20151224_003171	Vos échantillons seront soigneusement étudiés par l'association de magie. Merci de votre aide.	모아 주신 표본은 마법 협회에서 소중히 연구하도록 하겠습니다.{nl}협조해 주셔서 감사합니다.	의뢰석
QUEST_UNUSED_20190104_003267	Ce fut très difficile pour nous, car les monstres n'arrêtaient pas de détruire la pierre des{nl}requêtes, mais heureusement vous nous avez aidés. Les échantillons que vous avez apportés{nl}seront soigneusement étudiés par l'association de magie. Merci.	위험지역이라 매번 몬스터가 의뢰석을 부숴버려서 새로 만드는 게 부담이었는데 이렇게 도와주시는 분들이 계셔서 보람이 있네요.{nl}모아주신 몬스터 표본은 연구에 소중히 사용할게요.{nl}정말 감사드려요.				헤느리카
QUEST_UNUSED_20190104_003268	Klaipeda 	클라페다 	QUEST_UNUSED_20151224_003185	Faire un Rapport à la Pierre des Requêtes	의뢰석에 보고	
QUEST_UNUSED_20190104_003269	Parlez à 	마법협회 클라페다 지부 헤느리카				
QUEST_UNUSED_20190104_003270	Henrika de l'Association de Magie de Klaipeda	와 대화				
QUEST_UNUSED_20190104_003271	Vous avez assez d'échantillons de monstres.{nl} 	이 정도면 몬스터의 표본을 충분히 수집한 것 같습니다.{nl}클라페다 	QUEST_UNUSED_20151224_003186	Vous avez récolté assez d'échantillons de monstres. Apportez-les à la pierre des requêtes.	이 정도면 몬스터의 표본을 충분히 수집한 것 같습니다. 의뢰석에 가져가세요.	
QUEST_UNUSED_20190104_003272	Retourner voir le PNJ.	 NPC에게 돌아가세요.				
QUEST_UNUSED_20220614_003273	Je crains qu'elle n'ait déjà rejoint Rephaim de Delmore. Descendons la retrouver.{nl}{nl}	델무어 르바임과 마주쳤을까봐 걱정이군요. {nl}아래쪽으로 가서 빠르게 합류하죠.{nl}{nl}	QUEST_LV_0100_20151224_013069	Je crains qu'elle n'ait déjà rejoint Rephaim de Delmore. Descendons la retrouver.{nl}{nl}	델무어 르바인과 마주쳤을까봐 걱정이군요. {nl}아래쪽으로 가서 빠르게 합류하죠.{nl}{nl}	계시자 미하일
QUEST_UNUSED_20220614_003274	Entrer dans la mission Scriptorium du couvent.{nl}Chassez les monstres du Scriptorium du couvent et récupérez les registres pillés du couvent	수녀원 기록실 미션에 참가하세요{nl}수녀원 기록실의 몬스터를 처치하고 약탈당한 수녀원 기록물을 회수하세요				
QUEST_UNUSED_20220614_003275	Chasser Rafene en entrant dans la Mission du lac et obtenir la Griffe de Rafene du lac	호수 미션에 참가하여 라페네를 처치 후 호수 라페네의 손톱을 획득하세요				
QUEST_UNUSED_20221125_003276	Ce fut très difficile pour nous, car les monstres n'arrêtaient pas de détruire la pierre des{nl}requêtes, mais heureusement vous nous avez aidés. Les échantillons que vous avez apportés{nl}seront soigneusement étudiés par l'association de magie.	위험지역이라 매번 몬스터가 의뢰석을 부숴버려서{nl}새로 만드는 게 부담이었는데 이렇게 도와주시는 분들이 계셔서 보람이 있네요.{nl}모아주신 몬스터 표본은 연구에 소중히 사용할게요.	QUEST_UNUSED_20190104_003267	Ce fut très difficile pour nous, car les monstres n'arrêtaient pas de détruire la pierre des{nl}requêtes, mais heureusement vous nous avez aidés. Les échantillons que vous avez apportés{nl}seront soigneusement étudiés par l'association de magie. Merci.	위험지역이라 매번 몬스터가 의뢰석을 부숴버려서 새로 만드는 게 부담이었는데 이렇게 도와주시는 분들이 계셔서 보람이 있네요.{nl}모아주신 몬스터 표본은 연구에 소중히 사용할게요.{nl}정말 감사드려요.	헤느리카
QUEST_UNUSED_20221125_003277	Merci beaucoup.	정말 감사드려요.				헤느리카
QUEST_UNUSED_20230904_003278	Le précédent chef est mort dans des circonstances suspectes et Ignas est devenu le nouveau chef{nl}de la Tour astrale. C'est là que sa tyrannie a commencé.{nl}	선대 단장이 의문의 죽음을 당했고, 이그나스가 별의 탑의 새로운 단장으로 추대되었죠.{nl}그때부터 그의 폭정은 시작되었습니다.{nl}	QUEST_LV_0100_20151001_008626	Le chef précédent est mort dans des circonstances suspectes et Ignas est devenu le nouveau chef{nl}de la Tour astrale. Puis sa tyrannie a commencé.{nl}	선대 단장이 의문의 죽음을 당했고, 이그나스가 별의 탑의 새로운 단장으로 추대되었죠.{nl}그 때부터 그의 폭정은 시작되었습니다.{nl}	단원 이르만타스
