QUEST_LV_0500_20190419_000001	Je préférerais que quelqu'un d'autre s'en charge si c'est quelque chose qu'il faut absolument{nl}faire. Pourquoi faut-il toujours que ce soit moi ?	누군가는 해야 할 일이면 다른 사람이 했으면 좋겠어요.{nl}왜 저한태 이런 걸 시키는 걸까요.				케도라 상단원 이네타
QUEST_LV_0500_20190419_000002	Les démons et les monstres sont toujours en liberté... Au moins nous n'avons pas à craindre{nl}d'être détroussés par des bandits de grand chemin. Si tant est que nous en sortions vivants.	몬스터와 마족들이 득실거리니..{nl}적어도 강도를 만날 걱정은 안 해도 되겠어.{nl}살아서 돌아갈 수 있다면 말이지.				케도라 상단원 타다스
QUEST_LV_0500_20190419_000003	Vous partez en reconnaissance pendant des jours puis vous devez rédiger un rapport pendant{nl}des jours encore ! Peut-on accomplir quoi que ce soit dans cet état ?	정찰하는 데 며칠, 보고하는 데 또 며칠!{nl}이러면 일은 언제 끝낼 생각인 거지?				바바리안 볼케
QUEST_LV_0500_20190419_000004	Je suis ici pour assister Tadas. Je ne suis pas là pour nettoyer les dégâts de Wolke.	전 타다스님을 도우러 온 것이지.{nl}볼케님이 사고 치는 걸 처리하러 온 게 아닙니다.				케도라 상단원 니르기
QUEST_LV_0500_20190419_000005	J'ai trompé Kartas et l'ai empêché de voler la graine de l'Arbre divin. Si je pouvais me libérer de{nl}ces sceaux, je pourrais me rétablir par moi-même.	카르타스의 눈을 속여 신수의 씨앗을 빼앗기지 않았어요.{nl}이 속박을 풀어낸다면 씨앗의 능력으로 힘을 다시 회복할 수 있을 거예요.				여신 메데이나
QUEST_LV_0500_20190419_000006	Pourquoi Kartas irait-il jusqu'à m'emprisonner sous cette barrière... Connaît-il vraiment les{nl}propriétés de cette graine... ?	카르타스가 이 숲에 거대한 결계를 펼치면서까지 저를 쫓는 이유가 무엇일까요..{nl}정말 이 씨앗의 존재를 알고 있는 걸까요?				여신 메데이나
QUEST_LV_0500_20190419_000007	Je vais trouver Mlle Neringa dès que je me sentirai un peu mieux. Je suis sûre qu'elle connaîtra{nl}un moyen de sauver Maître Medeina de Kartas.	저는 몸을 추스리는대로 네링가님을 찾아가 보려 해요.{nl}네링가님이라면 분명 카르타스로부터 메데이나님을 구할 방법을 알고 계실 거에요.				큐폴 아스트라
QUEST_LV_0500_20190419_000008	Révélateur ! Il y a une barrière maléfique qui entoure la forêt, c'est dangereux ici ! Je vous en{nl}prie, vous devez partir !	아! 계시자님! 이 숲에는 사악한 결계가 펼쳐져 있어서 들어오시면 위험해요!{nl}어서 벗어나세요!				큐폴 아스트라
QUEST_LV_0500_20190419_000009	Nous sommes pris au piège dans la barrière de Kartas, et les pouvoirs de Maître Medeina ne{nl}suffisent pas à la briser. Nous devons l'aider à retrouver sa force...	카르타스가 숲 일대에 펼친 결계 때문에 지금 메데이나님의 힘으로는 이곳을 벗어날 수 없어요.{nl}메데이나님이 어서 기운을 차리시고 회복하셔야 할 텐데..				큐폴 일로나
QUEST_LV_0500_20190419_000010	Si Kartas nous trouve, nous serons en grand danger. Aidez Maître Medeina à se rétablir, je vous{nl}en prie.	카르타스가 이곳을 발견하면 큰일이에요.{nl}메데이나님이 회복할 수 있도록 계시자님께서 도와주세요.				큐폴 일로나
QUEST_LV_0500_20190419_000011	Je suis content qu'Ilona soit au moins en sécurité, malgré la barrière. Révélateur, cherchez un{nl}moyen de désactiver la barrière, je vous prie.	속박의 결계에 걸리긴 했지만.. 그래도 일로나가 무사해서 다행이에요.{nl}계시자님. 결계를 해제할만한 방법이 있을지 찾아봐 주세요.				큐폴 율리아
QUEST_LV_0500_20190419_000012	Emmenez Ilona et trouvez Maître Medeina.	어서 일로나와 함께 메데이나님을 찾으러 가 봐요.				큐폴 율리아
QUEST_LV_0500_20190419_000013	Ses empreintes s'arrêtent ici. Devrions-nous regarder dans la cour ?	메데이나님의 흔적이 이 앞에서 끊겼으니 이 안뜰 안쪽을 확인해보는 게 어떨까요?				큐폴 율리아
QUEST_LV_0500_20190419_000014	Oh, je suis si contente que Maître Medeina soit saine et sauve ! Ce cercle magique de{nl}téléportation doit être détruit...	메데이나님이 무사하셔서 다행이에요!{nl}그보다 메데이나님에게 펼쳐진 마계 이동 마법진을 파훼해야 할텐데..				큐폴 율리아
QUEST_LV_0500_20190419_000015	Révélateur, détruisez le cercle magique, je vous en prie. C'est peut-être notre seule chance{nl}pendant l'absence de Kartas.	계시자님! 메데이나님에게 펼쳐진 마계 이동 마법진을 없애주세요.{nl}카르타스가 없는 지금이 기회에요.				큐폴 일로나
QUEST_LV_0500_20190419_000016	La barrière de Maître Medeina a enfin disparu. Nous devrions nous hâter maintenant...	계시자님 덕분에 메데이나님이 결계를 풀어낼 수 있었네요.{nl}어서 이곳을 벗어나야 할 텐데..				큐폴 일로나
QUEST_LV_0500_20190419_000017	Surcharger le second cercle magique a marché !	보조 마법진에 마력을 과부하 되게 주입하는 게 효과가 있었네요.				큐폴 율리아
QUEST_LV_0500_20190419_000018	Oh... Maître Medeina...	아.. 저희 때문에 메데이나님이..				큐폴 율리아
QUEST_LV_0500_20190419_000019	Elle...	메데이나님..				큐폴 일로나
QUEST_LV_0500_20190419_000020	J'étais trop tard...	제가 너무 늦었어요..				큐폴 아스트라
QUEST_LV_0500_20190419_000021	Bien que Maître Medeina ait été emmenée par Kartas... Votre aide précieuse restera à jamais{nl}dans les mémoires, Révélateur.{nl}	비록 메데이나님이 카르타스에게 붙잡혀 가셨지만..{nl}저희는 계시자님께서 메데이나님을 찾는 일에 적극적으로 도와주신 것을 기억하고 있어요.{nl}				큐폴 아스트라
QUEST_LV_0500_20200129_000022	Vaincre les Guerriers Nuka, Assassin Nuo	누카 전사, 누오 암살자 처치				
QUEST_LV_0500_20200129_000023	À la demande de la réceptionniste Ramda du Bureau des{nl}mercenaires{nl}vainquez le Guerrier Nuka et l'Assassin Nuo dans la Forteresse{nl}de Tvirtumas.	클라페다 의뢰소의 접수원 람다의 의뢰로{nl}트비르투마스 요새에서 누카 전사, 누오 암살자 처치를 수행해야 합니다.				
QUEST_LV_0500_20200129_000024	Vaincre le Guerrier Akhlass Petal	아클라스 페탈 전사 처치				
QUEST_LV_0500_20200129_000025	À la demande de la réceptionniste Ramda du Bureau des{nl}mercenaires{nl}vainquez le Guerrier Akhlass Petal dans la Forteresse de{nl}Tvirtumas.	클라페다 의뢰소의 접수원 람다의 의뢰로{nl}트비르투마스 요새에서 아클라스 페탈 전사 처치를 수행해야 합니다.				
QUEST_LV_0500_20200129_000026	Vaincre l'Armure Vivante	리빙 아머 처치				
QUEST_LV_0500_20200129_000027	À la demande de la réceptionniste Ramda du Bureau des{nl}mercenaires{nl}Vainquez l'Armure vivante dans la Forteresse de Tvirtumas.	클라페다 의뢰소의 접수원 람다의 의뢰로{nl}트비르투마스 요새에서 리빙 아머 처치를 수행해야 합니다.				
QUEST_LV_0500_20200129_000028	Vaincre l'Ilgaranka	일가란카 처치				
QUEST_LV_0500_20200129_000029	À la demande de la réceptionniste Ramda du Bureau des{nl}mercenaires{nl}Vainquez l'Ilgaranka dans la Forteresse de Tvirtumas.	클라페다 의뢰소의 접수원 람다의 의뢰로{nl}트비르투마스 요새에서 일가란카 처치를 수행해야 합니다.				
QUEST_LV_0500_20200129_000030	Vaincre les Cavaliers Gobelins de Bloguz, Necko	블로거즈 고블린 라이더, 넥코 처치				
QUEST_LV_0500_20200129_000031	À la demande de la réceptionniste Ramda du Bureau des mercenaires{nl}Vainquez le Cavalier gobelin de Bloguz et Necko aux Abords de Skalda.	클라페다 의뢰소의 접수원 람다의 의뢰로{nl}스칼다 외곽에서 블로거즈 고블린 라이더, 넥코 처치를 수행해야 합니다.				
QUEST_LV_0500_20200129_000032	Loup Gris	그레이 울프 처치				
QUEST_LV_0500_20200129_000033	À la demande de la réceptionniste Ramda du Bureau des{nl}mercenaires{nl}Vainquez le Loup gris aux Abords de Skalda.	클라페다 의뢰소의 접수원 람다의 의뢰로{nl}스칼다 외곽에서 그레이 울프 처치를 수행해야 합니다.				
QUEST_LV_0500_20200129_000034	Vaincre l'Archer Gobelin de Bloguz	블로거즈 고블린 궁수 처치				
QUEST_LV_0500_20200129_000035	À la demande de la réceptionniste Ramda du Bureau des{nl}mercenaires{nl}Vainquez l'Archer gobelin Bloguz aux Abords de Skalda.	클라페다 의뢰소의 접수원 람다의 의뢰로{nl}스칼다 외곽에서 블로거즈 고블린 궁수 처치를 수행해야 합니다.				
QUEST_LV_0500_20200129_000036	Vaincre le Chef des Loups Gris	그레이 울프 치프 처치				
QUEST_LV_0500_20200129_000037	À la demande de la réceptionniste Ramda du Bureau des{nl}mercenaires{nl}Vainquez le Chef des loups gris aux Abords de Skalda.	클라페다 의뢰소의 접수원 람다의 의뢰로{nl}스칼다 외곽에서 그레이 울프 치프 처치를 수행해야 합니다.				
QUEST_LV_0500_20200129_000038	Vaincre le Piquier Orque	오크 살수병 처치				
QUEST_LV_0500_20200129_000039	À la demande de la réceptionniste Ramda du Bureau des{nl}mercenaires{nl}Vainquez le Piquier orque aux Ruines de Rinksmas.	클라페다 의뢰소의 접수원 람다의 의뢰로{nl}링크스마스 폐허에서 오크 살수병 처치를 수행해야 합니다.				
QUEST_LV_0500_20200129_000040	Vaincre le Chaman Orque	오크 주술사 처치				
QUEST_LV_0500_20200129_000041	À la demande de la réceptionniste Ramda du Bureau des{nl}mercenaires{nl}Vainquez le Chaman orque aux Ruines de Rinksmas.	클라페다 의뢰소의 접수원 람다의 의뢰로{nl}링크스마스 폐허에서 오크 주술사 처치를 수행해야 합니다.				
QUEST_LV_0500_20200129_000042	Vaincre le Peltaste Orque	오크 방패병 처치				
QUEST_LV_0500_20200129_000043	À la demande de la réceptionniste Ramda du Bureau des{nl}mercenaires{nl}Vainquez le Peltaste orque aux Ruines de Rinksmas.	클라페다 의뢰소의 접수원 람다의 의뢰로{nl}링크스마스 폐허에서 오크 방패병 처치를 수행해야 합니다.				
QUEST_LV_0500_20200129_000044	Vaincre le Chef Orque	오크 리더 처치				
QUEST_LV_0500_20200129_000045	À la demande de la réceptionniste Ramda du Bureau des{nl}mercenaires{nl}Vainquez le Chef orque aux Ruines de Rinksmas.	클라페다 의뢰소의 접수원 람다의 의뢰로{nl}링크스마스 폐허에서 오크 리더 처치를 수행해야 합니다.				
QUEST_LV_0500_20200129_000046	Vaincre les monstres aux Ruines de Rinksmas	링크스마스 폐허의 몬스터 처치				
QUEST_LV_0500_20200129_000047	À la demande de la réceptionniste Ramda du Bureau des{nl}mercenaires{nl}Vainquez les monstres aux Ruines de Rinksmas.	클라페다 의뢰소의 접수원 람다의 의뢰로{nl}링크스마스 폐허에서 충분한 수의 몬스터 처치를 수행해야 합니다.				
QUEST_LV_0500_20200129_000048	Vaincre le Canonnier Orc	오크 캐논병 처치				
QUEST_LV_0500_20200129_000049	À la demande de la réceptionniste Ramda du Bureau des{nl}mercenaires{nl}Vainquez le Canonnier orc sur la Route du trépas.	클라페다 의뢰소의 접수원 람다의 의뢰로{nl}종언의 길에서 오크 캐논병 처치를 수행해야 합니다.				
QUEST_LV_0500_20200129_000050	Vaincre la Porte-étendard Orque	오크 깃발병 처치				
QUEST_LV_0500_20200129_000051	À la demande de la réceptionniste Ramda du Bureau des{nl}mercenaires{nl}Vainquez la Porte-étendard orque sur la Route du trépas.	클라페다 의뢰소의 접수원 람다의 의뢰로{nl}종언의 길에서 오크 깃발병 처치를 수행해야 합니다.				
QUEST_LV_0500_20200129_000052	Vaincre le Capitaine Orque	오크 대장 처치				
QUEST_LV_0500_20200129_000053	À la demande de la réceptionniste Ramda du Bureau des{nl}mercenaires{nl}Vainquez le Capitaine orque sur la Route du trépas.	클라페다 의뢰소의 접수원 람다의 의뢰로{nl}종언의 길에서 오크 대장 처치를 수행해야 합니다.				
QUEST_LV_0500_20200129_000054	Vaincre les Monstres sur la Route du Trépas	종언의 길의 몬스터 처치				
QUEST_LV_0500_20200129_000055	À la demande de la réceptionniste Ramda du Bureau des{nl}mercenaires{nl}Vainquez les monstres sur la Route du trépas.	클라페다 의뢰소의 접수원 람다의 의뢰로{nl}종언의 길에서 충분한 수의 몬스터 처치를 수행해야 합니다.				
QUEST_LV_0500_20200129_000056	À la demande de la réceptionniste Ramda du Bureau des mercenaires, vainquez le Guerrier Nuka et l'Assassin Nuo dans la Forteresse de Tvirtumas.	클라페다 의뢰소의 접수원 람다의 의뢰로 트비르투마스 요새에서 누카 전사, 누오 암살자 처치를 수행해야 합니다.				
QUEST_LV_0500_20200129_000057	À la demande de la réceptionniste Ramda du Bureau des mercenaires, vainquez le Guerrier Akhlass Petal dans la Forteresse de Tvirtumas.	클라페다 의뢰소의 접수원 람다의 의뢰로 트비르투마스 요새에서 아클라스 페탈 전사 처치를 수행해야 합니다.				
QUEST_LV_0500_20200129_000058	À la demande de la réceptionniste Ramda du Bureau des mercenaires, vainquez l'Armure vivante dans la Forteresse de Tvirtumas.	클라페다 의뢰소의 접수원 람다의 의뢰로 트비르투마스 요새에서 리빙 아머 처치를 수행해야 합니다.				
QUEST_LV_0500_20200129_000059	À la demande de la réceptionniste Ramda du Bureau des mercenaires, vainquez l'Ilgaranka dans la Forteresse de Tvirtumas.	클라페다 의뢰소의 접수원 람다의 의뢰로 트비르투마스 요새에서 일가란카 처치를 수행해야 합니다.				
QUEST_LV_0500_20200129_000060	À la demande de la réceptionniste Ramda du Bureau des mercenaires, vainquez le Cavalier gobelin de Bloguz et Necko aux Abords de Skalda.	클라페다 의뢰소의 접수원 람다의 의뢰로 스칼다 외곽에서 블로거즈 고블린 라이더, 넥코 처치를 수행해야 합니다.				
QUEST_LV_0500_20200129_000061	À la demande de la réceptionniste Ramda du Bureau des mercenaires, vainquez le Loup gris aux Abords de Skalda.	클라페다 의뢰소의 접수원 람다의 의뢰로 스칼다 외곽에서 그레이 울프 처치를 수행해야 합니다.				
QUEST_LV_0500_20200129_000062	À la demande de la réceptionniste Ramda du Bureau des mercenaires, vainquez l'Archer gobelin de Bloguz aux Abords de Skalda.	클라페다 의뢰소의 접수원 람다의 의뢰로 스칼다 외곽에서 블로거즈 고블린 궁수 처치를 수행해야 합니다.				
QUEST_LV_0500_20200129_000063	À la demande de la réceptionniste Ramda du Bureau des mercenaires, vainquez le Chef des loups gris aux Abords de Skalda.	클라페다 의뢰소의 접수원 람다의 의뢰로 스칼다 외곽에서 그레이 울프 치프 처치를 수행해야 합니다.				
QUEST_LV_0500_20200129_000064	À la demande de la réceptionniste Ramda du Bureau des mercenaires, vainquez le Piquier orque aux Ruines de Rinksmas.	클라페다 의뢰소의 접수원 람다의 의뢰로 링크스마스 폐허에서 오크 살수병 처치를 수행해야 합니다.				
QUEST_LV_0500_20200129_000065	À la demande de la réceptionniste Ramda du Bureau des mercenaires, vainquez le Chaman orque aux Ruines de Rinksmas.	클라페다 의뢰소의 접수원 람다의 의뢰로 링크스마스 폐허에서 오크 주술사 처치를 수행해야 합니다.				
QUEST_LV_0500_20200129_000066	À la demande de la réceptionniste Ramda du Bureau des mercenaires, vainquez le Peltaste orque aux Ruines de Rinksmas.	클라페다 의뢰소의 접수원 람다의 의뢰로 링크스마스 폐허에서 오크 방패병 처치를 수행해야 합니다.				
QUEST_LV_0500_20200129_000067	À la demande de la réceptionniste Ramda du Bureau des mercenaires, vainquez le Chef orque aux Ruines de Rinksmas.	클라페다 의뢰소의 접수원 람다의 의뢰로 링크스마스 폐허에서 오크 리더 처치를 수행해야 합니다.				
QUEST_LV_0500_20200129_000068	À la demande de la réceptionniste Ramda du Bureau des mercenaires, vainquez les monstres aux Ruines de Rinksmas.	클라페다 의뢰소의 접수원 람다의 의뢰로 링크스마스 폐허에서 충분한 수의 몬스터 처치를 수행해야 합니다.				
QUEST_LV_0500_20200129_000069	À la demande de la réceptionniste Ramda du Bureau des mercenaires, vainquez le Canonnier orc sur la Route du trépas.	클라페다 의뢰소의 접수원 람다의 의뢰로 종언의 길에서 오크 캐논병 처치를 수행해야 합니다.				
QUEST_LV_0500_20200129_000070	À la demande de la réceptionniste Ramda du Bureau des mercenaires, vainquez la Porte-étendard orque sur la Route du trépas.	클라페다 의뢰소의 접수원 람다의 의뢰로 종언의 길에서 오크 깃발병 처치를 수행해야 합니다.				
QUEST_LV_0500_20200129_000071	À la demande de la réceptionniste Ramda du Bureau des mercenaires, vainquez le Capitaine orque sur la Route du trépas.	클라페다 의뢰소의 접수원 람다의 의뢰로 종언의 길에서 오크 대장 처치를 수행해야 합니다.				
QUEST_LV_0500_20200129_000072	À la demande de la réceptionniste Ramda du Bureau des mercenaires, vainquez les monstres sur la Route du trépas.	클라페다 의뢰소의 접수원 람다의 의뢰로 종언의 길에서 충분한 수의 몬스터 처치를 수행해야 합니다.				
QUEST_LV_0500_20200320_000073	Attendez, se pourrait-il... êtes-vous le Révélateur ?	잠시만요, 혹시 계시자인가요?				세이지 파견원
QUEST_LV_0500_20200320_000074	Nous sommes en grand danger. Depuis Medzio Diena, la dimension s'est mise à s'effondrer de{nl}temps à autre.	큰일입니다.{nl}신수의 날 이후로 종종 차원이 붕괴하는 현상이 나타나고 있어요.{nl}				세이지 파견원
QUEST_LV_0500_20200320_000075	Les monstres alentour accélèrent l'effondrement. Cela s'étendra à tout le continent si l'on ne{nl}l'empêche pas au préalable. J'ai besoin de l'aide du Révélateur car cette affaire dépasse mon{nl}pouvoir. Je vous en prie, prêtez-moi main-forte.	더군다나 근처의 몬스터들이 붕괴를 가속하고 있죠.{nl}막지 않으면 차원 붕괴가 대륙 전역으로 번질 거예요.{nl}저 혼자서는 벅찬일이라 계시자들에게 도움을 구하고 있습니다.{nl}이렇게 부탁드립니다.				세이지 파견원
QUEST_LV_0500_20200320_000076	Prenez garde de ne pas être emporté par l'effondrement dimensionnel. Il serait sage d'approcher{nl}quand vous serez pleinement préparé.  	차원 붕괴에 휘말려 아까운 목숨을 잃지 않도록 주의하세요.{nl}준비가 충분하지 않으면 가까이 가지 않는 게 좋습니다.				세이지 파견원
QUEST_LV_0500_20200320_000077	Empêcher la dimension de s'effondrer	차원 붕괴 저지				
QUEST_LV_0500_20200320_000078	C'est exact.	계시자가 맞다고 한다.				
QUEST_LV_0500_20200320_000079	Pas vraiment.	계시자가 아니라고 한다.				
QUEST_LV_0500_20200320_000080	Parler à l'envoyé Sage.	세이지 파견원과 대화하기.				
QUEST_LV_0500_20200320_000081	L'envoyé Sage à la Cité déchue fournit quelque chose aux Révélateurs. Parlez à l'envoyé Sage.	폐도에 위치한 세이지 파견원이 계시자들에게 무언가를 지급하고 있습니다. 세이지 파견원과 대화하세요.				
QUEST_LV_0500_20200710_000082	Nous enquêtons sur une récente vague de froid intense survenue ici.{nl}	저희는 여기서 최근에 일어난 한파 현상에 대해 조사하고 있습니다.{nl}				크루세이더 마스터
QUEST_LV_0500_20200710_000083	Trois enquêtes ont révélé que les démons sous cette falaise étaient responsables de la vague de{nl}froid intense.{nl}	세 차례에 걸친 조사로 이 절벽 아래에 있는 마족이 한파의 원인이라는 건 알아냈습니다.{nl}				크루세이더 마스터
QUEST_LV_0500_20200710_000084	Le nom du démon est..{nl}	마족의 이름은..{nl}				크루세이더 마스터
QUEST_LV_0500_20200710_000085	Glacia.{nl}	글레이시어.{nl}				크루세이더 마스터
QUEST_LV_0500_20200710_000086	C'était un démon appelé Glacia. Nous avons aussi trouvé un cristal noir flottant sur un dispositif{nl}spécial. Je ne sais pas ce que c'est, mais il condensait un puissant pouvoir magique.{nl}	글레이시어라고 하는 마족입니다.{nl}그리고 특별한 장치 위에 떠 있는 검은 수정도 발견했습니다.{nl}정체가 확실하지는 않지만, 강한 마력을 응축하고 있었습니다.{nl}				크루세이더 마스터
QUEST_LV_0500_20200710_000087	Plusieurs tentatives ont été faites pour vaincre la Glacia, mais elles n'ont pas réussi à percer la{nl}vague de froid et les démons.{nl}	몇 차례 글레이시어 토벌을 시도했지만, 한파와 마족의 공세를 뚫는 데 실패했습니다.{nl}				크루세이더 마스터
QUEST_LV_0500_20200710_000088	J'ai entendu parler des activités des Révélateurs. Aidez-nous à vaincre la Glacia, je vous prie.	계시자들의 활약상은 들었습니다.{nl}글레이시어  처치를 도와주십시오.				크루세이더 마스터
QUEST_LV_0500_20200710_000089	Ma foi, je vous reverrai quand vous serez prêt à descendre la falaise.	그럼, 절벽 아래로 내려갈 준비를 마친 후 다시 뵙겠습니다.				크루세이더 마스터
QUEST_LV_0500_20200710_000090	Si vous descendez la falaise, il sera difficile de demander un soutien supplémentaire. Il ne sera{nl}pas facile de percer la vague de froid engendrée par la Glacia.{nl}	절벽 아래로 내려간다면, 추가 지원을 요청하기는 힘들 겁니다.{nl}글레이시어가 일으키고 있는 한파를 버젓이 뚫고 가기도 쉽지 않을 겁니다.{nl}				크루세이더 마스터
QUEST_LV_0500_20200710_000091	Nous serons ici pour aider le Révélateur à monter dans la cage et à descendre la falaise en{nl}sécurité.{nl}	저희는 여기서 계시자님이 철창을 타고 절벽 아래로 무사히 내려갈 수 있도록 돕겠습니다.{nl}				크루세이더 마스터
QUEST_LV_0500_20200710_000092	Je compte sur vous pour la Glacia.	글레이시어를 잘 부탁합니다.				크루세이더 마스터
QUEST_LV_0500_20200710_000093	Révélateur. Auriez-vous un instant ?{nl}	계시자님.{nl}잠시 시간 좀 내주시겠습니까?{nl}				크루세이더 파견원
QUEST_LV_0500_20200710_000094	La dernière fois, en explorant le bas de la falaise, j'ai trouvé quelques objets. Parmi eux, ce{nl}liquide rouge.. Il ne gelait pas dans le froid, il n'avait qu'une fine glace dessus.{nl}	지난 번, 절벽 아래를 조사하는 중에 몇 가지를 발견한 게 있습니다.{nl}그중 이 붉은 액체..{nl}그 추위 속에서 얼지 않고 살얼음만 띄고 있더군요.{nl}				크루세이더 파견원
QUEST_LV_0500_20200710_000095	Je l'ai récupéré car cela semblait si particulier. S'il y a quelqu'un à qui vous pouvez confier{nl}l'analyse, je vous le laisse, Révélateur.	아무래도 심상치 않아 채취했습니다.{nl}혹시 분석을 맡길 만한 사람이 있다면 계시자님께 맡기겠습니다.				크루세이더 파견원
QUEST_LV_0500_20200710_000096	Merci. Revenez me voir quand l'analyse sera terminée, je vous prie.	감사합니다.{nl}분석이 완료되면 다시 저를 찾아와 주세요.				크루세이더 파견원
QUEST_LV_0500_20200710_000097	Vous dites que vous voulez analyser la solution ? Ce n'est pas difficile à faire, mais j'ai un{nl}mauvais pressentiment.	용액을 분석해 달라는 말씀이신가요?{nl}어려운 일은 아니지만, 불길한 짐작이 드는군요.{nl}				플레이그 닥터 마스터
QUEST_LV_0500_20200710_000098	J'ai besoin d'une plante pour m'en assurer. Peu importe laquelle, alors pouvez-vous m'en{nl}rapporter une des environs ? Après tout, de longues plantes poussent non loin d'ici.	확실히 하기 위해서는 식물이 필요합니다.{nl}근처에서 어떤 것이든 상관없으니 하나만 구해주시겠습니까?{nl}그러고 보니 마침, 여기서 멀지 않은 쪽에 길게 자란 식물이 있으니 그게 좋겠네요.				플레이그 닥터 마스터
QUEST_LV_0500_20200710_000099	Revenez me voir quand l'analyse sera terminée, je vous prie.	분석이 완료되면 다시 저를 찾아와 주세요.				크루세이더 파견원
QUEST_LV_0500_20200710_000100	Ceci..{nl}	이건..{nl}				플레이그 닥터 마스터
QUEST_LV_0500_20200710_000101	semble être du Kruvina. J'en ai entendu parler par la rumeur. C'est sous forme de liquide, mais...{nl}C'est la première fois que j'en vois réellement.{nl}	아무래도 크루비나인 것 같군요.{nl}소문으로 들은 적이 있습니다.{nl}액체의 형태이지만.. 실제로 보는 건 처음이군요.{nl}				플레이그 닥터 마스터
QUEST_LV_0500_20200710_000102	Cependant, il y a plus de sang mêlé ici. Je crois... que quelqu'un a vomi cela avec du sang de son{nl}corps.{nl}	다만, 여기에는 피가 더 많이 섞여 있습니다.{nl}아무래도.. 누군가의 몸에 있다가 피와 함께 토해낸 거로 생각합니다.{nl}				플레이그 닥터 마스터
QUEST_LV_0500_20200710_000103	Par exemple, ce pourrait être la démone Glacia comme vous l'avez dit.{nl}	이를테면.. 말씀하신 글레이시어라는 마족이겠네요.{nl}				플레이그 닥터 마스터
QUEST_LV_0500_20200710_000104	C'est mauvais signe.	안 좋은 징조입니다.				플레이그 닥터 마스터
QUEST_LV_0500_20200710_000105	Nous vous demandons d'enquêter là-dessus avec sérieux. Une chose pareille, ce n'est pas{nl}seulement le démon ordinaire qui la convoitera.	이번 일에 대해서 책임을 갖고 조사해주시기를 부탁드립니다.{nl}이런 물건이라면 평범한 마족 정도만 탐낼 물건이 아닐 겁니다.				플레이그 닥터 마스터
QUEST_LV_0500_20200710_000106	Vous voilà de retour.{nl}	오셨습니까?{nl}				크루세이더 파견원
QUEST_LV_0500_20200710_000107	Bien. Nous nous occuperons du traitement et de l'analyse de cette solution. Merci beaucoup{nl}pour votre aide.	알겠습니다.{nl}이 용액에 대한 처리와 조사는 저희가 맡겠습니다.{nl}도와주셔서 정말 감사합니다.				크루세이더 파견원
QUEST_LV_0500_20200710_000108	Révélateur. J'ai entendu parler d'une mystérieuse femme aperçue parmi les soldats d'un camp{nl}sur le Plateau de Stogas.	계시자님.{nl}스토가스 고원의 야영지에 주둔한 병사 중에서 의문의 여인에 대한 목격담을 이야기했다는 소식을 들었습니다.				크루세이더 파견원
QUEST_LV_0500_20200710_000109	J'ai reçu l'ordre de conserver ma position actuelle. Comme l'enquête n'a pas été signalée au{nl}Maître, je ne crois pas pouvoir bouger. Pourriez-vous rencontrer les soldats du camp à ma place{nl}?	저는 현 위치를 유지하라는 명령을 받았습니다.{nl}아무래도 마스터님에게는 보고하지 않은 조사라 제가 움직이기는 힘들 것 같습니다.{nl}저를 대신해 야영지의 병사들을 만나봐 주실 수 있으실까요?				크루세이더 파견원
QUEST_LV_0500_20200710_000110	Merci pour votre aide. Si vous cherchez l'officier commandant de Stogas Ades dans le camp,{nl}vous vous épargnerez des efforts.	도와주셔서 정말 감사합니다.{nl}야영지에 있는 스토가스 분대장 아데스라는 사람을 찾아보시면 수고를 줄이실 수 있으실 겁니다.				크루세이더 파견원
QUEST_LV_0500_20200710_000111	Êtes-vous venu après avoir entendu un témoin oculaire parler d'une mystérieuse femme ?	의문의 여인에 대한 목격담을 듣고 오셨다고요?				스토가스 분대장 아데스
QUEST_LV_0500_20200710_000112	Je m'en souviens parfaitement. Le plus étrange, c'est qu'elle appelait à l'aide mais semblait nous{nl}ignorer quand nous essayions de l'aider. De plus, elle marmonnait que personne ne l'aidait. Elle{nl}avait l'air d'avoir perdu la raison.	분명히 기억하고 있어요.{nl}이상했던 게, 누구든지 자신을 도와달라며 울면서도 도와주려는 저희를 무시하는 듯했었죠.{nl}그러면서 아무도 자신을 돕지 않는다며 중얼거리기도 했습니다.{nl}제정신 같지가 않았어요.				스토가스 분대장 아데스
QUEST_LV_0500_20200710_000113	Si c'est difficile à comprendre, demandez à Mortimer. C'est lui qui l'a trouvée.	이해하기 힘드시다면, 고원병사 모티머에게 물어보시면 됩니다.{nl}그 여인을 발견했던 게 바로 모티머였습니다.				스토가스 분대장 아데스
QUEST_LV_0500_20200710_000114	Si vous cherchez l'officier commandant de Stogas Ades dans le camp, vous vous épargnerez des{nl}efforts.	야영지에 있는 스토가스 분대장 아데스라는 사람을 찾아보시면 수고를 줄이실 수 있으실 겁니다.				크루세이더 파견원
QUEST_LV_0500_20200710_000115	Oui ? Qu'y a-t-il ?{nl}	무슨 일이시죠?				고원병사 모티머
QUEST_LV_0500_20200710_000116	Interroger le soldat Motimer sur la femme. C'est lui qui l'a trouvée.	여인에 대해서라면 고원병사 모티머에게 물어보시면 됩니다.{nl}그 여인을 발견했던 게 바로 모티머였습니다.				스토가스 분대장 아데스
QUEST_LV_0500_20200710_000117	Vous posez des questions sur la femme.	여인에 대해서 여쭤보시는 거군요.				고원병사 모티머
QUEST_LV_0500_20200710_000118	Oh, mais ce n'est pas le bon moment. Je suis pressé. Pendant que je termine mon travail, vous{nl}pourriez examiner la route vers le Terrain vide de Gehima. C'est dans les parages que j'ai trouvé{nl}la femme pour la première fois.	아, 하지만 지금은 곤란합니다.{nl}서둘러 처리할 일이 있어서요.{nl}제가 일을 마무리하는 동안 게히마 공터로 가는 길목을 살펴보시는 게 좋을 겁니다.{nl}그 여인을 처음 발견했던 게 그 근처였습니다.				고원병사 모티머
QUEST_LV_0500_20200710_000119	Je vais expédier le travail, alors allez d'abord voir les routes du Terrain vide de Gehima, je vous{nl}prie.	그럼, 서둘러 일을 마무리할 테니 게히마 공터의 길목을 먼저 조사해 보십시오.				고원병사 모티머
QUEST_LV_0500_20200710_000120	Je vais expédier le travail, alors allez d'abord voir les routes du Terrain vide de Gehima. 	저는 서둘러 일을 마무리할 테니 게히마 공터의 길목을 먼저 조사해 보십시오.				고원병사 모티머
QUEST_LV_0500_20200710_000121	Je vous cherchais, Révélateur.	마침 계시자님을 찾던 중이었습니다.				고원병사 모티머
QUEST_LV_0500_20200710_000122	Cette entrave.. C'est l'entrave de la femme.	그 족쇄는..{nl}그 여인의 발목에 채워져 있던 족쇄군요.				고원병사 모티머
QUEST_LV_0500_20200710_000123	Elle fixait le vide et demandait de l'aide comme si elle ne pouvait ni nous voir ni nous entendre.{nl}J'ai essayé de l'aider, mais je n'ai pas pu. Elle s'est dirigée vers le Deuxième lieu de travail d'Almol{nl}en marmonnant que personne ne l'aidait.	그 여인은 마치 저희가 전혀 보이지도 들리지도 않는 것처럼 허공을 응시하며 도와달라고만 했습니다.{nl}제가 어떻게든 도우려고 했지만, 그럴 수도 없을 지경이었죠.{nl}여인은 아무도 자신을 돕지 않는다며 중얼거리면서 알몰 제2 노역장 방향으로 갔습니다.				고원병사 모티머
QUEST_LV_0500_20200710_000124	Il semblait difficile de survivre en ces lieux. À bien y penser, ses yeux fixant le vide étaient{nl}étranges. Je crois qu'il n'y avait aucune partie noire dans la pupille. Marcher semblait difficile{nl}pour elle, alors briser l'entrave était tout ce que je pouvais faire.	이런 지형에서 살아남기도 힘들어 보이는 상태였죠.{nl}그러고 보니 허공을 응시하고 있던 눈동자가 이상했습니다.{nl}검은자가.. 없었던 것 같습니다.{nl}걷는 것이 힘들어 보여 족쇄를 끊어 주는 것만이 제가 할 수 있는 전부였습니다.				고원병사 모티머
QUEST_LV_0500_20200710_000125	Vous voilà. Avez-vous terminé l'enquête sur la femme aperçue au camp ?	오셨군요.{nl}야영지에서 발견된 여인의 목격담에 대해 조사를 마치셨습니까?				크루세이더 파견원
QUEST_LV_0500_20200710_000126	Voilà donc ce qui s'est passé. Il est très probable qu'elle soit montée jusqu'ici et soit tombée de la{nl}falaise. Elle n'est sûrement pas en sécurité.	그렇게 된 것이군요.{nl}이곳까지 와서 절벽 아래로 떨어졌을 가능성이 높습니다.{nl}당연히 무사하진 못 했겠군요.				크루세이더 파견원
QUEST_LV_0500_20200710_000127	Du liquide de Kruvina se trouvait sur l'objet tombé, ce qui signifie... que cette femme doit être la{nl}Glacia.	떨어져 있던 물품에 크루비나 용액이 묻어 있었다는 말은.. 그 여인이 곧, 글레이시어겠군요.				크루세이더 파견원
QUEST_LV_0500_20200710_000128	D'après ce que le Révélateur a découvert et ce que nous avons nous-mêmes recherché, il semble{nl}que la Glacia ait été blessée par un être plus grand. Il doit y avoir derrière cela un démon qui lui{nl}a fait du mal.	계시자님께서 조사해주신 내용과 저희가 그동안 조사한 내용을 토대로 추측해봤을 때, 글레이시어는 더 큰 존재에게 해를 입었을 것으로 생각됩니다.{nl}아무래도 그녀의 정신을 해치고 마족화시킨 배후가 있겠군요.				크루세이더 파견원
QUEST_LV_0500_20200710_000129	Révélateur. Je crois qu'il est temps de descendre la falaise. Dites-moi tout ce que vous trouverez{nl}à la forêt de la sorcière blanche.	계시자님.{nl}이제는 저 절벽 아래로 내려가봐야 할 때인 것 같습니다.{nl}하얀 마녀의 숲에서 무엇이든지 발견하신다면 저에게 알려주시길 부탁드립니다.				크루세이더 파견원
QUEST_LV_0500_20200710_000130	La Glacia est peut-être devenue ainsi après être tombée de la falaise. Dites-moi tout ce que vous{nl}trouverez à la forêt de la sorcière blanche.	글레이시어는 절벽 아래로 떨어진 이후 지금에 이르렀을 겁니다.{nl}하얀 마녀의 숲에서 무엇이든지 발견하신다면, 저에게 알려주시길 부탁드립니다.				크루세이더 파견원
QUEST_LV_0500_20200710_000131	Révélateur pour l'instant..	계시자님 지금은..				크루세이더 파견원
QUEST_LV_0500_20200710_000132	Arrêtez, je vous prie.	멈춰주십시오.				크루세이더 마스터
QUEST_LV_0500_20200710_000133	Révélateur. J'ai quelque chose à vous dire.	계시자님.{nl}드릴 말씀이 있습니다.				크루세이더 마스터
QUEST_LV_0500_20200710_000134	C'est moi le commandant ici. Abstenez-vous de toute activité d'enquête non autorisée. Même si{nl}vous êtes un révélateur, vous serez en mauvaise posture si vous enfreignez les lois du Royaume.	이곳의 지휘를 담당하고 있는 것은 바로 저입니다.{nl}허가되지 않은 조사 활동은 삼가 주십시오.{nl}아무리 계시자님이라고 하셔도, 왕국의 법을 어기신다면 불리한 입장에 처하시게 될 겁니다.				크루세이더 마스터
QUEST_LV_0500_20200710_000135	Je tiens à exprimer ma sincère gratitude pour le dévouement du Révélateur qui a coopéré à{nl}l'enquête. Cependant, si un ennemi menace le nouveau monde, il doit être puni. C'est le seul{nl}devoir du Croisé.	조사에 협조해주신 계시자님의 헌신에 대해서는 분명한 감사를 표하겠습니다.{nl}다만, 적이 누구든지 신수에 위협이 될 존재라면 마땅히 처단해야 합니다.{nl}크루세이더가 가진 의무는 그것뿐입니다.				크루세이더 마스터
QUEST_LV_0500_20200710_000136	Abstenez-vous désormais de toute enquête arbitraire, je vous prie.	앞으로는 독단적인 조사는 지양해주십시오.				크루세이더 마스터
QUEST_LV_0500_20200710_000137	Nous enquêtons sur l'anormale vague de froid intense venue de la Falaise de Nubarsk.{nl}Cependant, nous rencontrons des difficultés par manque d'effectifs. Si cela vous convient,{nl}pouvez-vous m'aider ?	누바스크 절벽에서 발생하고 있는 이상 한파 현상에 대해 조사하고 있습니다.{nl}하지만, 인력이 부족한 탓에 어려움을 겪고 있습니다.{nl}괜찮으시다면 도와주실 수 있으십니까?				크루세이더 파견원
QUEST_LV_0500_20200710_000138	Merci. Allons à la Falaise de Nubarsk.	감사합니다.{nl}누바스크 절벽으로 가시죠.				크루세이더 파견원
QUEST_LV_0500_20200710_000139	Une vague de froid anormale vient de la Falaise de Nubarsk.	이상 한파는 누바스크 절벽에서 발생하고 있습니다.				크루세이더 파견원
QUEST_LV_0500_20200710_000140	Merci d'avoir aidé à l'enquête. Si assez de preuves sont réunies, je les porterai au royaume et{nl}préparerai des plans. Le manque d'effectifs m'inquiète en permanence.	조사를 도와주셔서 감사합니다.{nl}충분한 증거가 모이면 왕국에 가져가 대책을 마련할 생각입니다.{nl}항상 인력이 부족해서 고민이군요..				크루세이더 파견원
QUEST_LV_0500_20200710_000141	Je ne peux pas vous aider.	도울 수 없다고 한다.				
QUEST_LV_0500_20200710_000142	La Sorcière Blanche et le Croisé(1)	하얀 마녀와 크루세이더(1)				
QUEST_LV_0500_20200710_000143	Je suis occupé à autre chose pour l'instant.	지금은 다른 일 때문에 바쁘다고 한다.				
QUEST_LV_0500_20200710_000144	La Sorcière Blanche et le Croisé(2)	하얀 마녀와 크루세이더(2)				
QUEST_LV_0500_20200710_000145	Je ferai de mon mieux pour cette tâche.	이번 일에 최선을 다하겠다고 한다.				
QUEST_LV_0500_20200710_000146	Je veux abandonner.	이쯤에서 그만두고 싶다고 한다.				
QUEST_LV_0500_20200710_000147	La Sorcière Blanche et le Croisé(3)	하얀 마녀와 크루세이더(3)				
QUEST_LV_0500_20200710_000148	Je ne veux plus être impliqué.	더 관여하고 싶지 않다고 말한다.				
QUEST_LV_0500_20200710_000149	La Sorcière Blanche et le Croisé(4)	하얀 마녀와 크루세이더(4)				
QUEST_LV_0500_20200710_000150	Cela ne m'intéresse pas.	관심이 없다고 한다.				
QUEST_LV_0500_20200710_000151	La Sorcière Blanche et le Croisé(5)	하얀 마녀와 크루세이더(5)				
QUEST_LV_0500_20200710_000152	Partager le résultat de l'enquête.	조사 결과를 전한다.				
QUEST_LV_0500_20200710_000153	L'enquête n'est pas encore terminée.	아직 조사가 끝나지 않았다고 한다.				
QUEST_LV_0500_20200710_000154	La Sorcière Blanche et le Croisé(6)	하얀 마녀와 크루세이더(6)				
QUEST_LV_0500_20200710_000155	J'ai autre chose à faire.	지금은 다른 일이 있다고 한다.				
QUEST_LV_0500_20200710_000156	La Sorcière Blanche et le Croisé(7)	하얀 마녀와 크루세이더(7)				
QUEST_LV_0500_20200710_000157	Montrer la lettre.	편지를 보여준다.				
QUEST_LV_0500_20200710_000158	Faire semblant de ne pas savoir.	시치미를 뗀다.				
QUEST_LV_0500_20200710_000159	Vague de Froid Anormale du Plateau de Stogas 	스토가스 고원의 이상 한파				
QUEST_LV_0500_20200710_000160	Aider à l'enquête.	조사에 도움을 준다.				
QUEST_LV_0500_20200710_000161	Ne pas aider à l'enquête.	조사를 돕지 않는다.				
QUEST_LV_0500_20200710_000162	Parler au Maître Croisé	크루세이더 마스터와 대화하기				
QUEST_LV_0500_20200710_000163	Le Maître Croisé, chargé des enquêtes au Plateau de Stogas, demande l'aide des Révélateurs.{nl}Rendez-vous auprès de Zofija Eleonora, Maître Croisé du Plateau de Stogas, et écoutez son récit.	스토가스 고원 지대에서 조사 임무를 맡던 크루세이더 마스터가 계시자들에게 도움을 요청하고 있습니다.{nl}스토가스 고원의 크루세이더 마스터 조피아 엘레노라를 찾아가 이야기를 들어보세요.				
QUEST_LV_0500_20200710_000164	Préparez-vous et retournez voir le Maître Croisé	준비를 마치고 크루세이더 마스터에게 돌아가기				
QUEST_LV_0500_20200710_000165	On dit que Zofija a demandé l'aide des Révélateurs pour vaincre la Glacia au bas de la falaise.{nl}Si vous êtes prêt à descendre la falaise,  Retournez voir Zofija et parlez-lui-en.	조피아는 절벽 아래에 있는 글레이시어를 처치하기 위해 계시자들에게 도움을 요청했다고 합니다.{nl}절벽 아래로 내려 갈 준비를 마쳤다면 조피아에게 돌아가 이야기하세요.				
QUEST_LV_0500_20200710_000166	La Sorcière Blanche et le Croisé	하얀 마녀와 크루세이더				
QUEST_LV_0500_20200710_000167	Parler à l'Envoyé Croisé	크루세이더 파견원과 대화하기.				
QUEST_LV_0500_20200710_000168	L'envoyé Croisé semble avoir quelque chose à vous dire.{nl}Parlez à l'envoyé Croisé.	크루세이더 파견원이 당신에게 할 말이 있는 듯 합니다.{nl}크루세이더 파견원과 이야기를 나눠 보세요.				
QUEST_LV_0500_20200710_000169	Récolter des plantes.	식물을 채집하기.				
QUEST_LV_0500_20200710_000170	Le Croisé a ordonné une enquête sur les objets trouvés lors de l'exploration de la forêt de la sorcière blanche.{nl}Rendez-vous auprès du Maître Médecin de peste et demandez une analyse du Liquide Rouge Recouvert d'une Glace Mince.	크루세이더 파견원은 하얀 마녀의 숲을 탐사 중 발견한 물건에 대해 조사를 맡겼습니다.{nl}플레이그 닥터 마스터에게 찾아가 살얼음 띈 붉은 액체의 분석을 의뢰하세요.				
QUEST_LV_0500_20200710_000171	Retourner Voir le Maître Médecin de Peste	플레이그 닥터 마스터에게 돌아가기.				
QUEST_LV_0500_20200710_000172	Vous avez acquis la plante que le Maître Médecin de peste a demandée.{nl}Retournez voir le Maître Médecin de peste et remettez-lui la plante pour terminer l'analyse de la solution.	플레이그 닥터 마스터가 말한 식물을 구했습니다.{nl}플레이그 닥터 마스터에게 돌아가 의뢰를 용액 분석을 마무리할 수 있도록 식물을 전해주세요.				
QUEST_LV_0500_20200710_000173	Recevoir le résultat de l'enquête du Maître Médecin de peste	플레이그 닥터 마스터에게 조사 결과를 받기				
QUEST_LV_0500_20200710_000174	Reparler au Médecin de peste.	플레이그 닥터와 다시 이야기 하기.				
QUEST_LV_0500_20200710_000175	Le Maître Médecin de peste s'est inquiété que la nature de la solution soit du liquide de Kruvina.{nl}Il semble avoir une requête, alors reparlez au Maître Médecin de peste.	플레이그 닥터 마스터는 용액의 정체가 크루비나 용액이라는 사실을 알고 우려를 표했습니다.{nl}그가 당부할 것이 있는 것 같으니 다시 플레이그 닥터 마스터와 대화하세요.				
QUEST_LV_0500_20200710_000176	Retourner voir l'envoyé Croisé.	크루세이더 파견원에게 돌아가기.				
QUEST_LV_0500_20200710_000177	Analyse de la solution terminée.{nl}Retournez voir l'envoyé Croisé et rendez le liquide de Kruvina.	용액의 분석 의뢰를 완료했습니다.{nl}크루세이더 파견원에게 돌아가 크루비나 용액을 돌려주세요.				
QUEST_LV_0500_20200710_000178	L'envoyé Croisé a dit qu'il poursuivrait les recherches sur le liquide de Kruvina.{nl}Reparlez à l'envoyé pour demander s'il y a quelque chose à faire pour aider.	크루세이더 파견원은 크루비나 용액에 대한 이후 조사는 자신들이 맡겠다고 했습니다.{nl}파견원과 다시 이야기해서 도울 일이 있는지 물어보세요.				
QUEST_LV_0500_20200710_000179	Officier Commandant de Stogas Ades	스토가스 분대장 아데스 찾아가기.				
QUEST_LV_0500_20200710_000180	L'envoyé Croisé dit qu'il existe un endroit où une silhouette soupçonnée d'être la Glacia a été aperçue.{nl}Rendez-vous auprès de l'officier commandant de Stogas, Ades, au campement du Plateau de Stogas et écoutez-le.	크루세이더 파견원은 글레이시어로 추정되는 인물이 목격된 장소가 있다고 합니다.{nl}스토가스 고원의 야영지 지역에 있는 스토가스 분대장 아데스를 찾아가 관련된 이야기를 들어보세요.				
QUEST_LV_0500_20200710_000181	Aller voir le soldat Motimer.	고원병사 모티머 찾아가기.				
QUEST_LV_0500_20200710_000182	J'ai entendu d'Ades l'histoire d'une femme soupçonnée d'être une Glacia.{nl}Allez voir le soldat Motimer pour plus de détails.{nl} 	아데스로부터 글레이시어로 추정되는 여인의 이야기를 들었습니다.{nl}자세한 이야기를 듣기 위해 고원병사 모티머를 찾아세요.{nl}				
QUEST_LV_0500_20200710_000183	Parler au soldat Motimer.	고원병사 모티머와 대화하기.				
QUEST_LV_0500_20200710_000184	Écouter le soldat Motimer raconter l'histoire d'une femme soupçonnée d'être une Glacia.	고원병사 모티머에게 글레이시어로 추정되는 여인에 대한 이야기를 들으세요.				
QUEST_LV_0500_20200710_000185	Examiner le lieu de l'incident.	사건 장소 조사하기.				
QUEST_LV_0500_20200710_000186	Examiner l'endroit où la femme a été trouvée pendant que le soldat Motimer accomplit sa tâche.	고원병사 모티머가 자신의 일을 마무리하는 동안 여인이 발견되었던 장소를 조사해 보세요.				
QUEST_LV_0500_20200710_000187	Retourner voir le soldat Motimer.	고원병사 모티머에게 돌아가기.				
QUEST_LV_0500_20200710_000188	J'ai trouvé le liquide de Krubina sur les lieux de l'incident, et j'ai pu récupérer l'entrave sur les monstres.{nl}Retournez voir le soldat Motimer, montrez-lui les résultats de l'enquête et interrogez-le sur les circonstances de l'incident.	사건 현장에서 크루비나 용액을 발견했고, 몬스터로 부터 족쇄를 찾을 수 있었습니다.{nl}고원병사 모티머에게 돌아가 조사 결과를 보여주고 사건의 경위에 대해 물어보세요.				
QUEST_LV_0500_20200710_000189	Récupérer les Objets Perdus	유실된 물건 회수				
QUEST_LV_0500_20200710_000190	Remettre l'entrave usée à l'envoyé Croisé	크루세이더 파견원에게 닳고 닳은 족쇄 전해주기.				
QUEST_LV_0500_20200710_000191	Enquête au terrain de camping terminée.{nl}Retournez voir l'envoyé Croisé et rapportez le résultat de l'enquête.	야영지에서의 조사를 끝냈습니다.{nl}크루세이더 파견원에게 돌아가 조사 결과를 알려주세요.				
QUEST_LV_0500_20200710_000192	Parler à l'envoyé Croisé pour poursuivre l'enquête.	조사를 지속하기 위해 크루세이더 파견원과 이야기를 나누세요.				
QUEST_LV_0500_20200710_000193	Mener une enquête dans la Forêt de la sorcière blanche.	하얀 마녀의 숲에서 조사를 진행하기.				
QUEST_LV_0500_20200710_000194	L'envoyé Croisé a supposé que quelqu'un se cachait derrière cela.{nl}Examinez les traces de la Glacia dans la forêt de la sorcière blanche.	크루세이더 파견원은 이 일의 배후가 있을 것임을 짐작했습니다.{nl}하얀 마녀의 숲에서 글레이시어의 흔적을 조사하세요.				
QUEST_LV_0500_20200710_000195	Livrer le paquet de lettres à l'envoyé Croisé.	크루세이더 파견원에게 편지 뭉치를 전달하기.				
QUEST_LV_0500_20200710_000196	Apporter à l'envoyé Croisé des objets de la forêt de la sorcière blanche.	크루세이더 파견원에게 하얀 마녀의 숲에서 발견한 것들을 가져다주세요.				
QUEST_LV_0500_20200710_000197	Parler au Maître Croisé	크루세이더 마스터와 대화하기.				
QUEST_LV_0500_20200710_000198	Le Maître Croisé Zofija Eleanora semble avoir quelque chose à dire. {nl}Parlez-lui.	크루세이더 마스터 조피아 엘레노라가 할말이 있는 듯 합니다.{nl}그녀와 대화하세요.				
QUEST_LV_0500_20200710_000199	Trouver l'envoyé Croisé.	크루세이더 파견원을 찾아가기.				
QUEST_LV_0500_20200710_000200	Trouver l'envoyé Croisé qui enquête sur la vague de froid anormale du Plateau de Stogas.	스토가스 고원의 이상 한파를 조사하고 있는 크루세이더 파견원에게 찾아가세요.				
QUEST_LV_0500_20200710_000201	Enquêter sur la vague de froid anormale venant de la Falaise de Nubarsk.	누바스크 절벽에서 나타나는 이상 한파에 대해 조사하기.				
QUEST_LV_0500_20200710_000202	Enquêter sur la vague de froid anormale venant de la Falaise de Nubarsk et en parler à l'envoyé Croisé.	누바스크 절벽에서 이상 한파 현상에 대해 조사하고 결과를 크루세이더 파견원에게 들려주세요.				
QUEST_LV_0500_20200710_000203	Informer l'envoyé Croisé du résultat de l'enquête sur la vague de froid anormale.	이상 한파에 대한 조사 결과를 크루세이더 파견원에게 알려주세요.				
QUEST_LV_0500_20200826_000204	Vous voilà. Je vous ai demandé votre coopération.	오셨습니까?{nl}협조를 부탁드리려고 계시자님을 불렀습니다.				크루세이더 마스터
QUEST_LV_0500_20200826_000205	Puisque vous avez enquêté sur la Glacia, je crois que vous êtes celui qui connaît le mieux la{nl}vérité. Voulez-vous coopérer à l'enquête ?	글레이시어에 대한 조사를 진행하신 적이 있으시니, 아무래도 계시자님만큼 이 사건의 진상에 가까이 다가간 사람은 없을 거로 생각합니다.{nl}조사에 협조해 주실 수 있으십니까?				크루세이더 마스터
QUEST_LV_0500_20200826_000206	Merci de votre coopération. Ce que je vous ai donné est l'accessoire provenant du Tissu de{nl}Glacia. Nous devons enquêter sur la façon dont la Glacia a pu survivre au démon et se retrouver{nl}ici.	협조에 감사드립니다.{nl}계시자님께 드린 물건은 글레이시어의 옷에서 떨어져 나온 장신구입니다.{nl}글레이시어가 어떻게 이곳까지 마족으로부터 목숨을 지킬 수 있었는지 알아볼 필요가 있습니다.				크루세이더 마스터
QUEST_LV_0500_20200826_000207	Montrez cet accessoire au démon, je vous prie, et voyez sa réaction.	그 장신구를 마족에게 보여주고 반응을 살펴봐 주십시오.				크루세이더 마스터
QUEST_LV_0500_20200826_000208	Merci pour votre coopération. Montrez la merveille brillante au démon et voyez sa réaction.	협조에 감사드립니다.{nl}반짝이는 구슬을 마족에게 보여주고 반응을 살펴봐 주십시오.				크루세이더 마스터
QUEST_LV_0500_20200826_000209	Vous voilà de retour.	돌아오셨습니까?				크루세이더 마스터
QUEST_LV_0500_20200826_000210	Les démons se sont enfuis de peur ? Il est vrai que la Glacia est un démon puissant.. Elle était{nl}peut-être humaine quand elle passait par ici.	마족이 겁에 질려 도망갔다고요?{nl}글레이시어가 강력한 마족인 건 사실이지만.. 그녀가 여기를 지날 때는 아직 인간이었을 때입니다.				크루세이더 마스터
QUEST_LV_0500_20200826_000211	Alors.. Peut-être que plus que la Glacia est lié à cette affaire.	그렇다면.. 글레이시어 이상의 다른 마족이 이 사건과 연관되어 있을 가능성이 크군요.				크루세이더 마스터
QUEST_LV_0500_20200826_000212	Notre dernier envoyé a dit avoir vu une pièce suspecte avec du liquide de Kruvina dessus près{nl}de la racine sur le rocher. Nous n'avons touché à rien pour préserver la scène.	지난번 저희 파견원이 암벽에 있는 나무뿌리 근처에서 크루비나 용액이 묻은 수상한 조각을 봤다고 하더군요.{nl}현장 보존을 위해 건들지는 않았습니다.				크루세이더 마스터
QUEST_LV_0500_20200826_000213	Je mènerai l'enquête sur la pièce, alors cherchez la pièce suspecte et préparez-vous pour{nl}l'enquête, je vous prie.	제가 직접 그 조각을 조사할 테니 계시자님 께서는 수상한 조각을 찾아 조사를 준비해 주세요.				크루세이더 마스터
QUEST_LV_0500_20200826_000214	Descendez l'escalier à gauche, et continuez, la pièce suspecte est entre la paroi rocheuse et les{nl}racines de l'arbre. Révélateur, allez-y en premier et préparez l'enquête, je vous prie.	수상한 조각은 왼쪽 계단 아래로 내려가, 그대로 가시다 보면 암벽과 나무뿌리 사이에 있습니다.{nl}계시자님께서 먼저 가서 조사를 준비해주십시오.				크루세이더 마스터
QUEST_LV_0500_20200826_000215	Comment dire... Pour commencer par la conclusion..	어떻게 말씀을 드려야 할지..{nl}결론부터 말씀드리자면..				크루세이더 마스터
QUEST_LV_0500_20200826_000216	Cette pièce porte le pouvoir des démons accumulé au fil de longues années C'est plus de pouvoir{nl}que je n'en ai jamais rencontré. Peut-être que la Glacia est...	이 조각에는 오랜 시간에 걸쳐 마족의 힘이 배어있습니다.{nl}제가 마주쳤던 그 어떤 마족보다도 더욱 강한 힘이군요.{nl}어쩌면 글레이시어는..				크루세이더 마스터
QUEST_LV_0500_20200826_000217	Croiriez-vous que la Glacia n'a plus d'importance comparée au maître du pouvoir ?	이 힘의 주인에 비하면 글레이시어는 큰 걱정거리가 아닌 수준이라면 믿으시겠습니까?				크루세이더 마스터
QUEST_LV_0500_20200826_000218	L'enquête avance vite grâce à la coopération du Révélateur.	계시자님의 협조 덕분에 조사가 빠르게 진척되고 있습니다.				크루세이더 마스터
QUEST_LV_0500_20200826_000219	Fâcheusement.. Il nous faut des preuves plus convaincantes pour établir qui ou quoi se cache{nl}derrière la Glacia.	번거롭게도.. 글레이시어의 배후를 증명해내기 위해서는 더 확실한 증거가 필요합니다.				크루세이더 마스터
QUEST_LV_0500_20200826_000220	Avez-vous dit que l'endroit où vous avez trouvé la lettre de la Glacier la dernière fois était au bas{nl}de la falaise ? J'aimerais que vous y retourniez et vérifiiez de nouveau s'il y a des preuves qui{nl}m'ont échappé à ce moment-là.	지난번 글레이시어의 편지를 발견한 곳이 절벽 아래라고 하셨죠?{nl}그곳에 가서 그때 놓친 증거가 없는 지, 다시 확인해주셨으면 합니다.				크루세이더 마스터
QUEST_LV_0500_20200826_000221	Enquêtez sur la forêt de la sorcière blanche, je vous prie.	하얀 마녀의 숲을 조사해주시길 바랍니다.				크루세이더 마스터
QUEST_LV_0500_20200826_000222	L'instruction est assurément une preuve. Elle porte même le nom de Glacia.	지령서라면 확실한 증거입니다.{nl}글레이시어의 이름까지 적혀있군요.				크루세이더 마스터
QUEST_LV_0500_20200826_000223	Mais comment se fait-il que ce soit écrit dans la langue des humains ? Le pouvoir ressenti dans la{nl}pièce était assurément celui du démon.	그렇지만 어째서 인간의 언어로 적혀있을까요?{nl}조각에서 느꼈던 힘은 마족의 힘이 분명했습니다.				크루세이더 마스터
QUEST_LV_0500_20200826_000224	Cela veut signaler sa présence.	우리에게 자신의 존재를 알리고 싶어 하는군요.				크루세이더 마스터
QUEST_LV_0500_20200826_000225	La preuve que quelqu'un se cache derrière est maintenant certaine. Révélateur, pendant que{nl}vous étiez en bas de la falaise, j'ai demandé une coopération au Royaume.	배후가 있다는 증거는 확실해졌습니다.{nl}계시자님께서 절벽 아래로 내려가 있는 동안, 저는 조각을 조사하기 위해 왕국에 협조를 요청했습니다.				크루세이더 마스터
QUEST_LV_0500_20200826_000226	On dit qu'il y a dans le royaume une personne qui s'y connaît le mieux en matière de pouvoir{nl}des démons. Remettez les pièces au Maître Rangda Uolios Wahid, je vous prie. Peu souhaitable..{nl}mais c'est un ordre du Royaume.	왕국에서는 마족의 힘이라면 가장 잘 알만한 사람이 있다고 하더군요.{nl}랑다 마스터인 우올리오스 와히드에게 조각을 전해주십시오.{nl}탐탁지는 않지만.. 왕국의 명령입니다.				크루세이더 마스터
QUEST_LV_0500_20200826_000227	Nous comptons sur vous. Si vous transmettez cette pièce, il n'y aura plus rien pour quoi vous{nl}devrez aider.	그럼 부탁드립니다.{nl}그 조각만 전해주신다면 계시자님께서 도와주실 일은 더 없습니다.				크루세이더 마스터
QUEST_LV_0500_20200826_000228	Révélateur, merci pour votre aide.	계시자님, 도와주셔서 감사했습니다.				크루세이더 마스터
QUEST_LV_0500_20200826_000229	Glacia Casimila. C'est le nom humain de Glacia.	글레이시어 카시밀라.{nl}글레이시어가 인간이었을 때의 이름입니다.				크루세이더 마스터
QUEST_LV_0500_20200826_000230	Vous voilà. J'ai déjà entendu l'histoire.	오셨군요.{nl}이야기는 미리 들었습니다.				랑다 마스터
QUEST_LV_0500_20200826_000231	Une forte énergie. Sans l'intervention du Maître Croisé, il n'aurait pas été étrange que vous vous{nl}effondriez en chemin vers cet endroit.	강한 기운이군요.{nl}크루세이더 마스터님의 조치가 없었더라면, 이곳에 오는 중에 쓰러지셨어도 이상하지 않았을 겁니다.				랑다 마스터
QUEST_LV_0500_20200826_000232	Le propriétaire de ce pouvoir est le nom de la terre, donné par le nom du Beholder. Je vous en{nl}dirai plus plus tard si j'en ai l'occasion. Nous nous occuperons de cette pièce. Voulez-vous la{nl}remettre à la fille à côté de vous ?	이 힘의 주인은 이 땅의 명칭으로 주시자라는 이름의 존재군요.{nl}이 이상의 이야기는 나중에 기회가 된다면 말씀드리죠.{nl}이 조각은 저희가 관리하겠습니다.{nl}저 옆의 소녀에게 주시겠습니까?				랑다 마스터
QUEST_LV_0500_20200826_000233	Fille Rangda	랑다 소녀				
QUEST_LV_0500_20200826_000234	Traitez-la bien, c'est une enfant.	어린 아이이니 조심히 대해주세요.				랑다 마스터
QUEST_LV_0500_20200826_000235	Prenez garde de ne pas perdre la vie en vous impliquant dans Effondrement dimensionnel et{nl}Singularité de division. En particulier, comportez-vous prudemment dans Singularité de{nl}division. C'est un lieu extrêmement dangereux.	차원 붕괴와 분열 특이점에 휘말려 아까운 목숨을 잃지 않도록 주의하세요.{nl}특히 분열 특이점에서는 행동을 주의하세요. 무척 위험한 장소입니다.	QUEST_LV_0500_20200320_000076	Prenez garde de ne pas être emporté par l'effondrement dimensionnel. Il serait sage d'approcher{nl}quand vous serez pleinement préparé.  	차원 붕괴에 휘말려 아까운 목숨을 잃지 않도록 주의하세요.{nl}준비가 충분하지 않으면 가까이 가지 않는 게 좋습니다.	세이지 파견원
QUEST_LV_0500_20200826_000236	Si vous n'êtes pas assez prêt, n'approchez pas davantage. Préparez-vous à fond avant{nl}d'approcher.	준비가 충분하지 않으면 가까이 가지 않는 게 좋습니다. 철저한 준비를 하시고 접근하시기 바랍니다. 				세이지 파견원
QUEST_LV_0500_20200826_000237	La Sorcière Blanche et le Croisé(8)	하얀 마녀와 크루세이더(8)				
QUEST_LV_0500_20200826_000238	Coopérer à l'enquête.	조사에 협조한다.				
QUEST_LV_0500_20200826_000239	Ne pas coopérer à l'enquête.	협조하고 싶지 않다.				
QUEST_LV_0500_20200826_000240	La Sorcière Blanche et le Croisé(9)	하얀 마녀와 크루세이더(9)				
QUEST_LV_0500_20200826_000241	Je serais préparé.	준비해 두겠다고 한다.				
QUEST_LV_0500_20200826_000242	Lui dire d'y aller plus tard	나중에 가자고 한다.				
QUEST_LV_0500_20200826_000243	La Sorcière Blanche et le Croisé(10)	하얀 마녀와 크루세이더(10)				
QUEST_LV_0500_20200826_000244	C'est trop difficile à faire maintenant.	지금은 어렵다고 한다.				
QUEST_LV_0500_20200826_000245	La Sorcière Blanche et le Croisé(11)	하얀 마녀와 크루세이더(11)				
QUEST_LV_0500_20200826_000246	Je vais transmettre.	전해주겠다고 말한다.				
QUEST_LV_0500_20200826_000247	Je ne peux pas vous aider.	도울수 없다고 한다.				
QUEST_LV_0500_20200826_000248	La Sorcière Blanche et le Croisé(12)	하얀 마녀와 크루세이더(12)				
QUEST_LV_0500_20200826_000249	Je ne veux plus être impliqué.	더 이상 관여하고 싶지 않다고 한다.				
QUEST_LV_0500_20200826_000250	Trouver le Maître Croisé.	크루세이더 마스터를 찾아가기.				
QUEST_LV_0500_20200826_000251	Le Maître Croisé semble avoir quelque chose à vous dire.{nl}Allez la voir et demandez-lui ce qui ne va pas.	크루세이더 마스터가 당신에게 할 말이 있는 듯 합니다.{nl}그녀를 찾아가 무슨 일인지 물어보세요.				
QUEST_LV_0500_20200826_000252	Utiliser les affaires de Glacia sur le monstre.	글레이시어의 소지품을 몬스터에게 사용하기.				
QUEST_LV_0500_20200826_000253	Comme le Maître Croisé l'a demandé, montrez les affaires de Glacia aux monstres.	크루세이더 마스터의 요청대로, 글레시이어의 소지품을 몬스터들에게 보여주세요.				
QUEST_LV_0500_20200826_000254	Rapporter le résultat de l'enquête au Maître Croisé.	조사 결과를 크루세이더 마스터에게 보고하기.				
QUEST_LV_0500_20200826_000255	Les monstres se sont enfuis de peur quand vous avez montré les affaires de la Glacia !{nl}Rapportez le résultat de l'enquête.	글레시이서의 소지품을 몬스터에게 보여주니, 몬스터들은 허겁지겁 달아났습니다!{nl}조사 결과를 크루세이더 마스터에게 알려주세요.				
QUEST_LV_0500_20200826_000256	Le Maître Croisé cherche à demander votre coopération pour la prochaine enquête.{nl}Parlez au Maître Croisé.	크루세이더 마스터가 다음 조사를 위해 협조를 요청하려고 합니다.{nl}크루세이더 마스터와 대화하세요.				
QUEST_LV_0500_20200826_000257	Se préparer pour la pièce suspecte.	수상한 조각 조사 준비하기.				
QUEST_LV_0500_20200826_000258	Le Maître Croisé a reçu de l'envoyé un rapport sur la pièce suspecte que la Glacier aurait laissée tomber.{nl}Rendez-vous à la pièce suspecte et préparez à l'avance l'enquête du Maître Croisé.	크루세이더 마스터는 파견원으로부터 글레이시어가 흘린 것으로 추정되는 수상한 조각에 대한 보고를 받았습니다.{nl}수상한 조각이 있는 곳으로 가서 크루세이더 마스터가 조사할 수 있도록 미리 준비를 해두세요.				
QUEST_LV_0500_20200826_000259	Retourner voir le Maître Croisé.	크루세이더 마스터에게 돌아가기.				
QUEST_LV_0500_20200826_000260	Le Maître Croisé a pris la pièce suspecte.{nl}Retournez la voir et écoutez le résultat de l'enquête.	크루세이더 마스터가 수상한 조각을 가져갔습니다.{nl}그녀에게 돌아가 조사 결과에 대해 들어보세요.				
QUEST_LV_0500_20200826_000261	Demander au Maître Croisé ce qu'il faut pour la prochaine enquête.	크루세이더 마스터에게 다음 조사를 위해 필요한 건 무엇인지 물어보세요.				
QUEST_LV_0500_20200826_000262	Mener une enquête dans la forêt de la sorcière blanche(Légendaire).	하얀 마녀의 숲(레전드)에서 조사를 진행하기.	QUEST_LV_0500_20200710_000193	Mener une enquête dans la Forêt de la sorcière blanche.	하얀 마녀의 숲에서 조사를 진행하기.	
QUEST_LV_0500_20200826_000263	Le Maître Croisé dit qu'il faut des preuves plus convaincantes pour identifier l'existence des démons derrière la Glacier.{nl}Retournez à la forêt de la sorcière blanche et examinez la Bourse usée.	크루세이더 마스터는 글레이시어의 배후에 있는 마족의 존재를 특정하기 위해서는 더 확실한 증거가 필요하다고 합니다.{nl}하얀 마녀의 숲으로 돌아가 해진 주머니를 살펴보세요.				
QUEST_LV_0500_20200826_000264	Montrer au Maître Croisé l'ordre mystérieux trouvé dans la besace usée.	크루세이더 마스터에게 해진 주머니에서 발견한 의문의 지령서를 보여주세요.				
QUEST_LV_0500_20200826_000265	Demander au Maître Croisé s'il faut plus d'aide.	크루세이더 마스터에게 더 도와줄 일은 없는 지 물어보세요.				
QUEST_LV_0500_20200826_000266	Aller voir le Maître Rangda.	랑다 마스터를 찾아가기.				
QUEST_LV_0500_20200826_000267	Le Maître Croisé vous a remercié d'avoir coopéré à l'enquête, et a finalement demandé de rendre visite au Maître Rangda pour mener une enquête approfondie sur la sculpture suspecte.{nl}Rendez-vous auprès du Maître Rangda au Couvent de Saalus et interrogez-le sur la sculpture suspecte.	크루세이더 마스터는 조사에 협력해주어서 고맙다는 말을 전하며, 마지막으로 수상한 조각에 대해서 확실한 조사를 하기 위해 랑다 마스터를 찾아가 달라고했습니다.{nl}살러스 수녀원에 있는 랑다 마스터를 찾아가 수상한 조각에 대해 물어보세요.				
QUEST_LV_0500_20200826_000268	Parler au Maître Rangda.	랑다 마스터와 대화하기.				
QUEST_LV_0500_20200826_000269	Entendre l'avis du Maître Langda sur la sculpture suspecte.	랑다 마스터에게 수상한 조각에 대해서 의견을 들으세요.				
QUEST_LV_0500_20200826_000270	Remettre la sculpture suspecte à la fille Rangda.	수상한 조각을 랑다 소녀에게 전해주기.				
QUEST_LV_0500_20200826_000271	J'ai entendu l'explication du Maître Rangda au sujet de la sculpture suspecte.{nl}Parce qu'elle est dangereuse, nous devons confier cette sculpture aux Rangda, plus habiles à manier le pouvoir des démons.{nl}Remettez la sculpture à la Fille Rangda, je vous prie.	랑다 마스터에게 수상한 조각에 대한 설명을 들었습니다.{nl}위험한 물건이니 마족의 힘을 다루는 데 더 능숙한 랑다에게 조각을 맡겨야 합니다.{nl}조각을 랑다 소녀에게 전해주세요.				
QUEST_LV_0500_20210115_000272	Bien que nous ayons retiré tout le Mirtinas de Forêt d'Issaugoti, il resterait le Mirtinas récolté par{nl}le Beholder. Baubas et Baiga cherchent encore le Mirtinas.	비록 이사우고티 숲의 머티니스는 모두 제거했지만, 주시자가 모은 머티니스가 남아 있을 겁니다.{nl}그리고 바우바스와 바이가 역시 여전히 머티니스를 노리고 있는 상황입니다.				여신 라다
QUEST_LV_0500_20210115_000273	Le Mirtinas de toute la zone d'Orsha n'est pas complètement éliminé, les démons reviendront{nl}forcément.	오르샤 일대의 머티니스가 완전히 소멸한 건 아니니,{nl}마족들은 반드시 돌아올 겁니다.				여신 라다
QUEST_LV_0500_20210115_000274	Alors Révélateur, cette paix précaire frappera de nouveau Orsha dans un avenir proche.	그러니 계시자.{nl}이 위태로운 평화는 머지않은 미래에 다시 오르샤를 덮칠 것입니다.				여신 라다
QUEST_LV_0500_20210115_000275	Préparez-vous pleinement à la menace. En prenant pour leçon le destin que vous portez.	그 위협에 대비해 만반의 준비를 하세요.{nl}그대가 짊어진 운명을 교훈 삼아.				여신 라다
QUEST_LV_0500_20210115_000276	La forêt devant s'appelle Forêt d'Issaugoti.	앞에 있던 숲의 이름은 이사우고티 숲이라고 합니다.				여신 라다
QUEST_LV_0500_20210115_000277	Dans la forêt d'Issaugoti, je sens l'énergie de Mirtinas la plus puissante de toute la forêt.	이사우고티 숲에서는 숲의 어느 부분보다 강렬한 머티니스의 기운이 느껴집니다.				여신 라다
QUEST_LV_0500_20210115_000278	Il doit y avoir là du Mirtinas extrait par les démons du Beholder. Beaucoup de démons doivent{nl}dominer cet endroit.	분명히 그곳에 주시자의 마족들이 채굴한 머티니스가 있을 겁니다.{nl}분명히 많은 마족들이 그 곳을 장악하고 있겠죠.				여신 라다
QUEST_LV_0500_20210115_000279	Le Beholder a toujours agi avec des plans. Il a dû préparer un entrepôt de Mirtinas.	주시자는 항상 계획적으로 움직였습니다.{nl}분명 머티니스의 보관에도 대비책을 마련해놨겠죠.				여신 라다
QUEST_LV_0500_20210115_000280	Vous diriger vers la Forêt d'Issaugoti sans réfléchir vous ferait prendre un grand risque.	생각 없이 이사우고티 숲으로 향했다간 큰 위험을 감수해야 할 겁니다.				여신 라다
QUEST_LV_0500_20210115_000281	Les démons du Beholder ont déjà dû entreposer beaucoup de Mirtinas. Il est difficile de tout{nl}éliminer d'un coup avec votre pouvoir..	주시자의 마족들은 이미 많은 머티니스를 저장해두었을 겁니다.{nl}당신의 힘만으로는 한 번에 제거하기는 버거운 일..				여신 라다
QUEST_LV_0500_20210115_000282	Je crains que déplacer le Mirtinas avec mon pouvoir n'entre en collision avec le pouvoir contenu{nl}dans le Mirtinas. De plus les démons remarqueront bientôt mon énergie.	제 힘으로 머티니스를 제거하는 건 머티니스에 내재된 제 힘과의 충돌이 우려됩니다.{nl}게다가 마족들이 저의 기운을 금방 알아차릴 겁니다.				여신 라다
QUEST_LV_0500_20210115_000283	La bombe humaine conviendra pour éliminer le Mirtinas aussi vite et en aussi grande quantité{nl}que possible.	머티니스를 최대한 빨리, 최대한 많이 제거하기 위해서는 충분한 위력을 지닌 인간의 폭탄이 적당하겠군요.				여신 라다
QUEST_LV_0500_20210115_000284	Pouvez-vous obtenir les bombes ?	혹시 폭탄을 구하실 수 있겠습니까?				여신 라다
QUEST_LV_0500_20210115_000285	Le seigneur d'Orsha a dit de demander de l'aide en cas de besoin ? C'est une bonne chose.{nl}J'espère juste qu'il y a une bombe adaptée pour Orsha.	오르샤의 영주가 필요한 일이 있으면 도움을 요청하라고 했다고요?{nl}마침 다행입니다.{nl}오르샤에 적당한 폭탄이 있기만 바라죠.				여신 라다
QUEST_LV_0500_20210115_000286	[Seigneur d'Orsha]Inesa Hamondale	[오르샤 영주]이네사 해먼데일				
QUEST_LV_0500_20210115_000287	Vous avez besoin de l'aide d'Orsha ? C'est moi qui ai demandé de l'aide, alors je donnerai tout ce{nl}qui peut être utile.	오르샤의 도움이 필요하시다고요?{nl}제가 도움을 청한 입장이니, 힘이 될 수 있다면 무엇이든 드리겠습니다.				[오르샤 영주]이네사 해먼데일
QUEST_LV_0500_20210115_000288	Il vous faut une bombe. Les bombes seront dans l'Entrepôt d'armements. J'ordonnerai au garde{nl}d'aller la chercher.	폭탄이 필요하다는 말씀이시군요.{nl}폭탄이라면, 오르샤 군수 창고에 있을 겁니다.{nl}경비병에게 가져오라 지시하겠습니다.				[오르샤 영주]이네사 해먼데일
QUEST_LV_0500_20210115_000289	J'espère que ceci a assez de puissance à votre convenance..	부디 계시자님께서 바라시는 만큼 충분한 위력이길..				[오르샤 영주]이네사 해먼데일
QUEST_LV_0500_20210115_000290	Manipulez avec précaution, je vous prie. Ceci est une bombe magique d'une très grande{nl}puissance.	조심히 다루시길 바랍니다.{nl}매우 강한 위력을 가진 마법 폭탄입니다.				[오르샤 영주]이네사 해먼데일
QUEST_LV_0500_20210115_000291	Vous pourriez être pris dans l'explosion, alors soyez prudent, je vous prie. Vous devez l'activer{nl}après vous être mis à l'abri.	자칫하면 폭발에 휘말릴 수도 있으니, 꼭 주의하셔야 합니다.{nl}반드시 안전한 곳에 몸을 피하신 후에 작동하셔야 합니다.				[오르샤 영주]이네사 해먼데일
QUEST_LV_0500_20210115_000292	Soyez aussi prudent que possible, Révélateur. Merci de combattre pour Orsha.	모쪼록 몸조심하십시오, 계시자님.{nl}오르샤를 위해 싸워주셔서 감사합니다.				[오르샤 영주]이네사 해먼데일
QUEST_LV_0500_20210115_000293	Dépêchez-vous. Pour Orsha que vous devez protéger.	서둘러 움직이세요.{nl}당신이 지켜야 할 오르샤를 위해서라도.				여신 라다
QUEST_LV_0500_20210115_000294	Vous voilà. Est-ce la bombe que le seigneur d'Orsha a donnée ?	오셨습니까?{nl}그 폭탄이 오르샤 영주가 제공한 물건인가요?				여신 라다
QUEST_LV_0500_20210115_000295	Je vois. Nous avons trouvé un moyen de détruire le Mirtinas, il ne reste qu'à y accéder.	그렇군요.{nl}이제 머티니스를 파괴할 수단을 찾았으니, 접근을 하는 일만 남았습니다.				여신 라다
QUEST_LV_0500_20210115_000296	Le Beholder, Ragana, Baiga.. Trois démons se battent avec des buts différents.	주시자, 라가나, 바이가..{nl}세 마족은 각자 다른 목적으로 싸우고 있습니다.				여신 라다
QUEST_LV_0500_20210115_000297	Par conséquent, nous utiliserons leur désir. Retournez contre eux la suggestion que Ragana et{nl}Baiga ont faite au Révélateur et donnez-leur de fausses informations.	그러니, 우리는 그들의 욕망을 이용하죠.{nl}라가나와 바이가가 계시자님께 한 제안을 역으로 이용해, 그들에게 거짓 정보를 전해야 합니다.				여신 라다
QUEST_LV_0500_20210115_000298	Alors les forces de Ragana et celles de Baiga s'affronteront, et les forces du Beholder ne resteront{nl}pas à regarder. Profitez de la confusion sur le champ de bataille et approchez-vous du Mirtinas.{nl}Nous irons ensemble à la Forêt d'Issaugoti, mais si je bouge trop vite, cela ne servira à rien pour{nl}détourner les regards des démons.	그러면 라가나와 바이가의 세력이 대립할테고, 주시자의 세력도 지켜보고만 있지는 않을 겁니다.{nl}전장이 혼란한 틈을 타 머티니스 저장소로 접근하시면 됩니다.{nl}이사우고티 숲까지는 같이 이동하겠지만, 제가 섣불리 움직이면 마족들의 눈을 돌린 게 소용없어질 겁니다.				여신 라다
QUEST_LV_0500_20210115_000299	Comme vous le savez, nous ne pouvons pas nous déplacer ensemble.	아시다시피, 우리는 같이 움직일 수 없습니다.				여신 라다
QUEST_LV_0500_20210115_000300	Je verrai s'il y a un autre entrepôt de Mirtinas près d'Orsha.	저는 오르샤 근처에 또 다른 머티니스 저장소가 있는지 찾아보겠습니다.				여신 라다
QUEST_LV_0500_20210115_000301	N'oubliez pas. Trouver l'emplacement du Mirtinas passe avant les forces de Baiga et Ragana.	잊지마십시오.{nl}바이가와 라가나 세력의 마족들보다 머티니스의 위치를 알아내는 것이 우선입니다.				여신 라다
QUEST_LV_0500_20210115_000302	Déplacez-vous discrètement mais vite pour que les démons ne remarquent rien, je vous prie.	마족들에게 들키지 않도록, 조용하지만 신속하게 움직여 주십시오.				여신 라다
QUEST_LV_0500_20210115_000303	Prenez garde de ne pas être pris dans la lutte de pouvoir des démons.	마족들의 세력 다툼에 휘말리지 않도록 조심하십시오.				여신 라다
QUEST_LV_0500_20210115_000304	Avez-vous trouvé un endroit qui semble être l'entrepôt Mirtinas ?	머티니스 저장소로 보이는 곳은 발견하셨나요?				여신 라다
QUEST_LV_0500_20210115_000305	Heureusement, il ne semble pas y avoir d'autre entrepôt Mirtinas que celui-ci près d'Orsha.	다행히 이곳을 제외한 오르샤 근처에서 다른 머티니스 저장소는 보이지 않았습니다.				여신 라다
QUEST_LV_0500_20210115_000306	Comme prévu.. Les gardes des démons sont extraordinaires, comme prévu.	역시..{nl}예상대로 마족들이 경계가 심상치 않군요.				여신 라다
QUEST_LV_0500_20210115_000307	Comme prévu, utilisons les démons des forces de Ragana et de Baiga.	계획대로, 라가나와 바이가 세력의 마족들을 이용하도록 하죠.				여신 라다
QUEST_LV_0500_20210115_000308	Il serait bon d'attirer les démons dans une zone assez vaste. Si c'est trop loin de l'entrepôt, les{nl}démons du Beholder pourraient ne pas bouger. Trouvez un endroit approprié, je vous prie.	충분한 공간이 있는 곳에 마족들을 유인하면 좋겠군요.{nl}저장소와 너무 멀다면 주시자의 마족들이 움직이지 않을 수 있습니다.{nl}적당한 장소를 찾아주세요.				여신 라다
QUEST_LV_0500_20210115_000309	L'avez-vous trouvé ? Vous voulez dire le Terrain de Planas.	찾으셨습니까?{nl}플라나스 공터란 말씀이시군요.				여신 라다
QUEST_LV_0500_20210115_000310	Il n'y aura pas de problème dans cette zone.	그곳이라면 계획에 문제는 없을 겁니다.				여신 라다
QUEST_LV_0500_20210115_000311	Rencontrez d'abord le messager de Ragana. Je sens la présence du pouvoir de Ragana dans l'Abri{nl}de Praeiti. Le messager de Ragana dont elle a parlé s'y trouvera. Donnez de fausses informations{nl}au messager.	먼저 라가나의 전령을 만나죠.{nl}라가나의 기운을 지닌 존재가 프레이티 쉼터에서 느껴집니다.{nl}그 곳에 라가나가 말했던 그녀의 전령이 있을 겁니다.{nl}전령에게 거짓 정보를 넘겨주세요.				여신 라다
QUEST_LV_0500_20210115_000312	La fausse information peut être qu'il y a un entrepôt de Mirtinas extrait par les démons du{nl}Beholder au Terrain de Planas.	거짓 정보의 내용은 플라나스 공터에 주시자의 마족들이 채굴한 머티니스 저장소가 있다고 전하면 될 겁니다.				여신 라다
QUEST_LV_0500_20210115_000313	Et donnez la même information au messager de Baiga au Terrain de camping de Mesalas, je vous{nl}prie.	그리고 메살라스 야영지에 있을 바이가의 전령에게도 같은 내용을 전해주세요.				여신 라다
QUEST_LV_0500_20210115_000314	Le Messager de Ragana	라가나의 전령				
QUEST_LV_0500_20210115_000315	Hmm.. Cela semble vrai.	흠..{nl}보아하니 사실인 것 같군.				라가나의 전령
QUEST_LV_0500_20210115_000316	Je transmettrai cette information à Ragana. Ragana est infiniment clémente envers les fidèles.{nl}Vous devez pouvoir obtenir la grâce de Ragana.	이 정보는 라가나님께 전달하겠다.{nl}라가나님은 충성을 바치는 자에게 한없이 자비로운 분이지.{nl}네 녀석도 분명히 라가나님의 은총을 받을 수 있을 거다.				라가나의 전령
QUEST_LV_0500_20210115_000317	Sage décision.	현명한 선택이군.				라가나의 전령
QUEST_LV_0500_20210115_000318	Si vous provoquez le combat après avoir donné de fausses informations au messager de Ragana{nl}et Baiga, cela pourrait détourner les regards des démons de l'entrepôt Mirtinas. Dépêchez-vous,{nl}je vous prie.	라가나와 바이가의 전령들에게 거짓 정보를 주고 플라나스 공터에서 싸움을 일으키면,{nl}분명 머티니스 저장소에 있는 마족들의 시선을 돌릴 수 있을 겁니다.{nl}서둘러 주십시오.				여신 라다
QUEST_LV_0500_20210115_000319	 Hmm.. Hmm..	흐음..{nl}음..				바이가의 전령
QUEST_LV_0500_20210115_000320	Bien. Je dirai à Baiga ce que vous avez dit. Cependant, vous feriez mieux de ne pas trop vous{nl}enorgueillir.	좋아요.{nl}바이가님께 당신의 말을 전하도록 하겠습니다.{nl}하지만, 기고만장하지 않는 것이 좋을 겁니다.				바이가의 전령
QUEST_LV_0500_20210115_000321	Baiga n'aime pas les humains arrogants..	바이가님은 건방진 인간을 좋아하지 않으시니..				바이가의 전령
QUEST_LV_0500_20210115_000322	Beau travail. Il ne nous reste qu'à attendre la réaction des démons aux fausses informations.	고생하셨습니다.{nl}이제 거짓 정보에 대한 마족들의 반응을 기다리는 것만 남았군요.				여신 라다
QUEST_LV_0500_20210115_000323	Pendant que les démons qui ont réagi accaparent leur attention, accédez au Mirtinas. Partez{nl}quand vous serez prêt.	반응을 보인 마족들이 시선을 끄는 사이에 머티니스 저장소에 접근하시면 될 겁니다.{nl}준비가 되면 출발하세요.				여신 라다
QUEST_LV_0500_20210115_000324	Quand les bombes exploseront, les démons vous chercheront même dans la confusion. Ce{nl}pourrait être la raison de l'attaque des démons sur Orsha.	폭탄이 터지면, 마족들은 혼란 속에서도 당신을 찾을 겁니다.{nl}자칫하면 마족들이 오르샤를 공격하는 원인이 될 수도 있을 겁니다.				여신 라다
QUEST_LV_0500_20210115_000325	Les démons doivent passer ici pour aller à Orsha, et je dois récupérer le Mirtinas auprès des{nl}démons..	마족들이 오르샤로 향하기 위해서는 이곳을 지나야 할 터,{nl}마침 저는 마족들이 지니고 있을 머티니스를 회수해야 하니..				여신 라다
QUEST_LV_0500_20210115_000326	J'ai une raison de vaincre les démons qui se dirigent vers Orsha.	오르샤로 향하는 마족들을 제가 처리할 이유가 있군요.				여신 라다
QUEST_LV_0500_20210115_000327	Partez pour votre mission.	당신의 임무를 위해 움직이세요.				여신 라다
QUEST_LV_0500_20210115_000328	Ragana et Baiga sont tous deux des démons à l'orgueil démesuré. S'ils remarquent que vous les{nl}avez bernés, ils ne laisseront pas le Révélateur tranquille. N'essayez pas de les combattre. Une{nl}occasion évidente se présentera plus tard.	라가나와 바이가 모두 자긍심 높은 마족입니다.{nl}당신이 자신을 속였다는 것을 알면 계시자님을 내버려두지 않을 겁니다.{nl}그들과 함부로 싸우려 하지는 마세요.{nl}나중에 분명한 기회가 있을 겁니다.				여신 라다
QUEST_LV_0500_20210115_000329	Dieu Démon Raga	마신 라가				
QUEST_LV_0500_20210115_000330	Je vous attendais. Enfant de Laima.	기다리고 있었단다.{nl}라이마의 아이여.				마신 라가
QUEST_LV_0500_20210115_000331	Excellent ! Je me demandais ce qu'un humain fragile pouvait faire.	훌륭한 걸?{nl}부러지기 쉬운 인간이 해봤자 얼마나 할 수 있겠나 싶었는데..				마신 라가나
QUEST_LV_0500_20210115_000332	Vous avez fait sauter le Mirtinas du Beholder ?} Je suis fier de vous.	주시자의 머티니스를 아주 시원하게 날려버렸잖아?{nl}기특해.				마신 라가나
QUEST_LV_0500_20210115_000333	Que vous ayez tenté de me duper est impardonnable, mais.. vous avez fait sauter le Mirtinas{nl}récolté par le Beholder, alors je passerai l'éponge cette fois.	나를 속이려 든 건 용서할 수 없는 일이지만..{nl}주시자가 모은 머티니스를 날려버렸으니 특별히 이번은 넘어가도록 하마.				마신 라가나
QUEST_LV_0500_20210115_000334	Au fait, le Beholder ne vous laissera pas tranquille.. Si vous voulez vivre, fuyez vers le bas. Allez,{nl}ne vous faites pas tuer par le Beholder sans ma permission.	그건 그렇고, 주시자가 널 가만두지 않으려 할 테니..{nl}살고 싶다면 아래쪽으로 계속 도망치는 게 좋을 거야.{nl}어서,{nl}내 허락 없이 주시자 따위에게 죽지 말거라.				마신 라가나
QUEST_LV_0500_20210115_000335	Je l'ai enfin trouvé. Révélateur.	드디어 찾았군.{nl}계시자.				마왕 바이가
QUEST_LV_0500_20210115_000336	Êtes-vous prêt à mourir ? Vous devriez payer pleinement pour m'avoir trompé.	목숨을 내놓을 준비는 되어있겠지?{nl}나를 기만한 대가는 톡톡히 치러야 할 것이다.				마왕 바이가
QUEST_LV_0500_20210115_000337	Vous voilà de retour. J'ai assurément entendu le bruit de l'explosion de la bombe.	돌아오셨군요.{nl}폭탄이 터지는 소리는 분명히 들었습니다.				여신 라다
QUEST_LV_0500_20210115_000338	Vous avez rencontré Baubas ?	바우바스를 만났다고요?				여신 라다
QUEST_LV_0500_20210115_000339	Le dieu démon Baubas..	마신 바우바스..				여신 라다
QUEST_LV_0500_20210115_000340	Maintenant que Giltine n'est plus, Baubas est le plus puissant des dieux démons. Le fait que{nl}Baubas ait sauvé Baiga signifie que la relation entre les deux est plus étroite que nous ne le{nl}pensions.	길티네가 사라진 지금, 마신들 중에서 가장 강한 존재입니다.{nl}바우바스가 바이가를 구했다는 건, 생각보다 둘의 협력 관계가 원만한 수준인 거군요.				여신 라다
QUEST_LV_0500_20210115_000341	Ce n'est pas une bonne nouvelle, mais sans Baubas, vous auriez subi d'énormes dégâts de la part{nl}du Beholder.. Cela aurait pu être pire.	반가운 소식은 아니지만, 바우바스가 아니었다면 주시자에게 큰 화를 입을 뻔했으니..{nl}불행 중 다행이겠군요.				여신 라다
QUEST_LV_0500_20210115_000342	Quoi qu'il en soit, il est temps d'achever votre mission. Allez à Orsha rencontrer le seigneur. Les{nl}démons de Ragana, de Baiga et les forces du Beholder sont assurément découragés.	아무튼 지금은 당신의 임무를 끝낼 때이군요.{nl}오르샤로 가서 영주를 만나세요.{nl}라가나와 바이가, 주시자 세력의 마족들은 확실히 기세가 한풀 꺾였습니다.				여신 라다
QUEST_LV_0500_20210115_000343	La situation n'est pas encore complètement réglée, mais j'attendrai avec impatience d'entendre{nl}cette nouvelle.	아직 상황이 완전히 종식된 건 아니지만,{nl}분명 이 소식을 기다리고 있을 겁니다.				여신 라다
QUEST_LV_0500_20210115_000344	Vous voilà de retour. J'ai supposé que c'était le Révélateur puisque j'ai entendu le bruit de la{nl}forte explosion.	돌아오셨습니까.{nl}큰 폭팔음이 들려서 계시자님일 거라 짐작했습니다.				[오르샤 영주]이네사 해먼데일
QUEST_LV_0500_20210115_000345	Je suis content que vous ayez l'air d'aller bien.	무사하신 것 같아 다행입니다.				[오르샤 영주]이네사 해먼데일
QUEST_LV_0500_20210115_000346	Je vois. Orsha a de nouveau été aidée par le Révélateur.	그렇군요.{nl}오르샤는 이렇게 또 한 번 계시자님의 도움을 받게되었군요.				[오르샤 영주]이네사 해먼데일
QUEST_LV_0500_20210115_000347	Merci au nom d'Orsha et de la province de Kiren. Au moins Orsha a gagné du temps pour se{nl}préparer à la prochaine bataille.	오르샤와 키렌 지방을 대표하여 감사드립니다.{nl}적어도 우리 오르샤는 다음 전투를 준비할 시간을 벌었습니다.				[오르샤 영주]이네사 해먼데일
QUEST_LV_0500_20210115_000348	Beaucoup de gens ont été blessés et se sont effondrés, mais nous ne resterons pas les bras croisés.{nl}Après avoir sauvé les gens qui n'ont pas évacué l'heure de la contre-attaque viendra.	많은 이들이 다치고 쓰러졌지만, 이대로 우리는 당하고만 있지는 않을 겁니다.{nl}아직 피난하지 못한 사람들을 구하고 나면{nl}반격의 시간이 오겠지요.				[오르샤 영주]이네사 해먼데일
QUEST_LV_0500_20210115_000349	Merci encore au Révélateur.	계시자님께 다시 한 번 감사의 말씀을 드리겠습니다.				[오르샤 영주]이네사 해먼데일
QUEST_LV_0500_20210115_000350	Les démons n'attaqueront pas directement Orsha pour l'instant.	당분간은 마족들이 오르샤를 직접 공격하는 일은 없을 겁니다.				여신 라다
QUEST_LV_0500_20210115_000351	Mais Révélateur, vous savez bien que cette paix précaire ne durera pas longtemps.	하지만 이 위태로운 평화가 오래가지 못할 것은 계시자, 그대도 잘 알고 있겠지요.				여신 라다
QUEST_LV_0500_20210115_000352	Vous avez été fidèle à votre devoir de protéger Orsha. J'ai moi aussi été assez responsable.	당신은 오르샤를 지키는 임무에 충실히 임했고,{nl}저 또한 충분할 만큼 책임을 질 수 있었습니다.				여신 라다
QUEST_LV_0500_20210115_000353	Hors de ma vue !	꺼져라!				마신 길티네
QUEST_LV_0500_20210115_000354	Merci d'être venu. Orsha est en danger.	부름에 달려와 주셔서 감사합니다.{nl}오르샤는 지금 위기에 처했습니다.				이네사 해먼데일
QUEST_LV_0500_20210115_000355	De puissants ennemis jamais vus auparavant ont soudain envahi toute la province de Kiren.{nl}Pour protéger Orsha et les environs, j'ai demandé de l'aide à	일전에 본 적 없던 강력한 적들이 돌연 키렌 지방 전역을 침공했습니다.{nl}저는 오르샤와 그 일대를 지키고자, 대륙 곳곳에서 활약을 펼치던 계시자분들..				이네사 해먼데일
QUEST_LV_0500_20210115_000356	Le Révélateur actif dans tout le continent, et vous. Aidez et combattez pour Orsha, je vous prie.	그리고 당신에게 도움을 청하게 되었습니다.{nl}부디 오르샤를 도와 함께 싸워주시길 바랍니다.				이네사 해먼데일
QUEST_LV_0500_20210115_000357	Merci de votre aide. Orsha, que les ancêtres de la famille ont préservée au prix de leur vie, sera{nl}désormais protégée par nous.	도움의 손길을 잡아주셔서 감사합니다.{nl}가문의 선조들께서 목숨을 바쳐 지켰던 오르샤를 이제는 우리가 함께 지켜낼 겁니다.				이네사 해먼데일
QUEST_LV_0500_20210115_000358	Cependant, avant cela, quelqu'un vous cherche. Rendez-vous au Sanctuaire de Laima par la{nl}statue de la Déesse Ausrine et cette personne vous y attendra. Elle a dit que vous seul pouviez y{nl}venir.	그러나 그 전에, 당신을 찾는 분이 계십니다.{nl}마을의 여신 아우슈리네의 상을 통해 라이마의 성소라 불리는 곳으로 간다면 그 분께서 기다리고 계실 겁니다.{nl}당신만은 그 곳에 올수 있으리라 하시더군요.				이네사 해먼데일
QUEST_LV_0500_20210115_000359	 Enchanté. Révélateur.	반갑습니다.{nl}계시자여.				여신 라다
QUEST_LV_0500_20210115_000360	Je ne suis pas à l'aise de vous rencontrer en un moment pareil. Les nuages de guerre au-dessus{nl}d'Orsha étendent leurs mains à travers le continent jusqu'au monde entier.	이런 때에 만나게 되니 마음이 편하지는 않습니다.{nl}오르샤에 일어난 전운이 대륙을 넘어 세계로 그 손아귀를 뻗고 있습니다.				여신 라다
QUEST_LV_0500_20210115_000361	Si je vous ai appelé, c'est parce que vous et moi portons tous deux la responsabilité de cet{nl}incident. Je parlerai des détails à l'Étang de Lemprasa. Si vous êtes prêt, je vous attendrai à l'Étang{nl}de Lemprasa.	당신을 부르게 된 건 당신과 나, 우리 둘은 이번 사건에 대해 분명한 책임이 있다는 사실 때문입니다.{nl}자세한 이야기는 렘파라사 연못에서 이야기하겠습니다.{nl}준비되셨다면 렘파라사 연못에서 기다리겠습니다.				여신 라다
QUEST_LV_0500_20210115_000362	Vous êtes prêt. Je vous attendrai à l'Étang de Lemprasa.	준비되셨군요.{nl}렘파라사 연못에서 기다리겠습니다.				여신 라다
QUEST_LV_0500_20210115_000363	Vous voilà. Pour vous parler de notre responsabilité..	오셨군요.{nl}당신과 제가 가진 책임에 대해 말씀드리자면..				여신 라다
QUEST_LV_0500_20210115_000364	Lors du précédent incident du Kruvina dans cette région, j'ai été capturé par le seigneur démon{nl}Zaura, et c'est alors qu'un puissant Kruvina a été créé avec ma force vitale. Et vous avez vu lors{nl}du dernier voyage que le Beholder en possédait une partie.	이 일대에서 벌어진 과거의 크루비나 사건 속에서 저는 마군주 자우라에게 붙잡혔고,{nl}그때 제 생명력으로 강력한 크루비나가 만들어졌습니다.{nl}그리고 당신은 지난 여정에서 주시자가 그 일부를 가지고 있는 걸 보았죠.				여신 라다
QUEST_LV_0500_20210115_000365	Cela peut sembler déraisonnable, mais nous sommes les seuls à pouvoir voir le principal{nl}coupable de cette situation	불합리한 이야기처럼 들릴 수 있으나,{nl}이 사태의 원흉을 똑바로 볼 수 있는 건 우리뿐입니다.				여신 라다
QUEST_LV_0500_20210115_000366	Mais nous devons être un peu plus certains qu'il s'agit bien d'une manœuvre du Beholder.{nl}Pourriez-vous obtenir des informations utiles auprès des démons alentour ?	그러나 이 사태가 확실히 주시자의 행보인지는 조금 더 확신이 필요합니다.{nl}주변의 마족들로부터 도움이 될 정보를 얻어와 주시겠습니까?				여신 라다
QUEST_LV_0500_20210115_000367	Je vous donnerai plus de détails après avoir compris la situation.	더 자세한 이야기는 사태를 파악하며 말씀드리겠습니다.				여신 라다
QUEST_LV_0500_20210115_000368	Trouvez auprès des démons alentour des preuves liées au Beholder, je vous prie.	주변의 마족들로부터 주시자와 연관이 있을만한 증거를 찾아주세요.				여신 라다
QUEST_LV_0500_20210115_000369	Voulez-vous dire que les démons ont le minerai à la magie maléfique ?	그 사악한 마력을 품은 광석을 마족들이 가지고 있었다는 말입니까?				여신 라다
QUEST_LV_0500_20210115_000370	Vous avez manifestement vu le Beholder emporter ce minerai dans le chaos.	당신은 분명 주시자가 혼돈을 통해 이 광석을 취하는 걸 본 적이 있으시죠.				여신 라다
QUEST_LV_0500_20210115_000371	Mais comment les démons peuvent-ils avoir ce minerai qui peut sortir du chaos..	그러나 혼돈에서 나와야 할 이 광석이 어떻게 마족들이 가지고 있는 건지..				여신 라다
QUEST_LV_0500_20210115_000372	Quoi qu'il en soit je dois trouver où les démons ont eu ce minerai. On peut le découvrir par la{nl}mémoire des démons. 	아무래도 마족들이 이 광석을 어디서 얻었는지 찾아야겠습니다.{nl}마족들의 기억을 통해 찾을 수 있을 겁니다.				여신 라다
QUEST_LV_0500_20210115_000373	L'Aire de repos de Randoluma n'attirera pas trop l'attention.	란돌루마 쉼터라면 큰 이목을 끌지 않을 겁니다.				여신 라다
QUEST_LV_0500_20210115_000374	Ce n'est pas suffisant mais j'ai vu la trace du Beholder à travers la mémoire des démons. Mais{nl}c'est insuffisant pour en être sûre.	충분하지는 않았으나 마족들의 기억을 통해 분명히 주시자의 흔적을 보았습니다.{nl}그러나 아직 확신을 얻기에는 모자라는군요.				여신 라다
QUEST_LV_0500_20210115_000375	L'identité du minerai n'est pas encore claire.	여전히 광석의 정체는 분명하지 않습니다.				여신 라다
QUEST_LV_0500_20210115_000376	Réessayons. Davantage de souvenirs pourraient être lisibles en purifiant l'esprit des démons{nl}avec l'énergie divine.	다시 한번 시도해보죠.{nl}마족들의 영혼을 신성력으로 정화하면 더 많은 기억을 읽어낼 수 있을 겁니다.				여신 라다
QUEST_LV_0500_20210115_000377	Je partagerai mon pouvoir avec vous. L'esprit des démons sera purifié et guidé jusqu'à moi si{nl}vous utilisez ma bénédiction sur les démons de la Route d'Adata.	제 권능을 조금 나누어 드리겠습니다.{nl}아다타 가도의 마족들에게 제가 드린 축복을 사용하면 마족의 영혼이 정화되어 저에게 인도될 겁니다.				여신 라다
QUEST_LV_0500_20210115_000378	J'irai d'abord à la Route d'Adata et ouvrirai l'alimentation.	저는 먼저 아다타 가도로 가서 힘을 개방해두겠습니다.				여신 라다
QUEST_LV_0500_20210115_000379	Heureusement, l'identité du minerai est devenue claire. Le nom du minerai est Mirtinas.. Le{nl}Beholder appelait ainsi ce minerai maléfique.	다행히 광석의 정체를 알아냈습니다.{nl}광석의 이름은 머티니스..{nl}주시자는 이 사악한 광석을 두고 그렇게 이름 불렀습니다.				여신 라다
QUEST_LV_0500_20210115_000380	Révélateur, le Beholder tente de détruire le monde.. plus précisément l'Arbre divin avec le{nl}Mirtinas.	계시자여,{nl}주시자가 머티니스를 통해 세계를..{nl}정확하게는 신수를 파괴하려 하고 있습니다.				여신 라다
QUEST_LV_0500_20210115_000381	Le Mirtinas est une source de magie comparable au Belorb. Giltine a coupé l'approvisionnement{nl}en Belorb et inondé l'Arbre divin.	머티니스는 벨로브에 견줄 수 있는 마력원입니다.{nl}길티네는 벨로브의 공급을 중단하여 신수를 폭주 시켰습니다.				여신 라다
QUEST_LV_0500_20210115_000382	D'un autre côté.. Si le Beholder fournit le Mirtinas sans fin, le monde pourrira avec la racine de{nl}l'Arbre divin et deviendra un monde horrible. Si la quantité de Mirtinas est suffisante.	반대로..{nl}주시자가 이 머티니스를 신수에 끊임없이 공급한다면 세계는 신수의 뿌리와 함께 통째로 썩어 끔찍한 세계로 변해버릴 겁니다.{nl}머티니스의 양이 충분하다면 말이죠.				여신 라다
QUEST_LV_0500_20210115_000383	J'ai vu une crevasse extraordinaire dans la Zone abattue de Malkos dans la mémoire du démon.{nl}Le Mirtinas pourrait venir de cette crevasse.	마족의 기억 속 말코스 벌목지에서 심상치 않은 균열을 보았습니다.{nl}머티니스는 그 균열에서 나왔을 겁니다.				여신 라다
QUEST_LV_0500_20210115_000384	Je vérifierai le chemin vers les Bois des Ponts reliés Vérifiez la Zone abattue de Malkos, je vous{nl}prie. Je vous retrouverai aux Bois des Ponts reliés.	저는 덧댄다리 숲으로 가는 길을 확인하겠습니다.{nl}당신은 말코스 벌목지를 확인해주세요.{nl}덧댄다리 숲에서 뵙겠습니다.				여신 라다
QUEST_LV_0500_20210115_000385	Je vous attendais.	기다리고 있었습니다.				여신 라다
QUEST_LV_0500_20210115_000386	Voulez-vous dire que cela se trouvait vraiment sur le front des démons comme une corne ?	이게 정말 마족의 이마에 뿔처럼 나있었다는 말인가요?				여신 라다
QUEST_LV_0500_20210115_000387	C'est du Kruvina.	이건 크루비나 입니다.				여신 라다
QUEST_LV_0500_20210115_000388	Mais c'est un peu différent. Pensez-vous que cela puisse jaillir à travers le corps ? Le seigneur{nl}démon Zaura qui a créé le Kruvina à travers moi a aussi été aidé par le dispositif.	그런데 조금은 다르군요.{nl}이게 몸을 뚫고 솟아날 수 있다고 생각하시나요?{nl}마군주 자우라가 저를 통해 만들어낸 크루비나도 장치의 도움을 받아서 만들어냈습니다.				여신 라다
QUEST_LV_0500_20210115_000389	Le Kruvina transforme l'humain en démon.	크루비나는 인간을 마족으로 만들기도 합니다.				여신 라다
QUEST_LV_0500_20210115_000390	Vous avez vous aussi vu un enfant se transformer après avoir utilisé le Kruvina.	당신도 크루비나를 사용하고 변해 가던 한 아이를 본 적이 있으시죠.				여신 라다
QUEST_LV_0500_20210115_000391	Je sens ma force vitale dans ce Kruvina. Peut-être le Beholder a-t-il utilisé le Kruvina créé à{nl}travers moi pour transformer des humains en démons. Voilà pourquoi je devrais être{nl}responsable de cette situation.	이 크루비나에는 제 생명력도 조금 느껴집니다.{nl}아마도 주시자가 저를 통해 만들어낸 크루비나로 인간을 마족으로 만들었을 겁니다.{nl}제가 이 사태에 대해 책임을 져야 할 이유죠.				여신 라다
QUEST_LV_0500_20210115_000392	Tous les habitants d'Orsha pourraient se transformer en démons. Vous devez sauver Orsha, alors{nl}nous allons dans la même direction.	오르샤의 주민들도 모두 마족이 될지도 모르는 상황입니다.{nl}당신은 오르샤를 구해야 하니 지금은 당신과 제가 가야 할 방향이 같습니다.				여신 라다
QUEST_LV_0500_20210115_000393	Nous allons simplement dans la même direction, et gardez à l'esprit que nous agissons chacun{nl}selon nos propres responsabilités.	우리는 방향이 같을 뿐, 언제까지나 각자의 책임을 위해 움직이고 있다는 사실을 명심해야 합니다.				여신 라다
QUEST_LV_0500_20210115_000394	Si je vous aide, Ausrine ne restera pas les bras croisés.	제가 당신을 돕게 된다면 아우슈리네님께서 가만히 있지는 않을 겁니다.				여신 라다
QUEST_LV_0500_20210115_000395	C'est un passage reliant à l'Étang de Lemprasa par lequel vous venez de passer. Les démons{nl}rassemblés pour traquer le Mirtinas et attaquer Orsha dominent les Bois des Ponts reliés.	여기는 방금 당신이 지나온 렘파라사 연못과 연결되는 통로입니다.{nl}머티니스 채굴과 오르샤를 공격하기 위해 집결한 마족들이 덧댄다리 숲을 장악하고 있습니다.				여신 라다
QUEST_LV_0500_20210115_000396	Je dois récupérer le Mirtinas que les démons extraient. Que ferez-vous ?	저는 이 마족들이 채굴하고 있는 머티니스를 회수할 필요가 있습니다.{nl}당신은 무슨 일을 하실 거죠?				여신 라다
QUEST_LV_0500_20210115_000397	Vous comprenez bien. Alors, à plus tard.	잘 이해하고 계시는군요.{nl}그럼 다시 뵙겠습니다.				여신 라다
QUEST_LV_0500_20210115_000398	J'ai vu les habitants d'Orsha qui n'avaient pas pu fuir entrer sains et saufs dans le village pendant{nl}que vous vous occupiez des démons.	당신이 마족을 상대하고 있는 사이 미처 피하지 못했던 오르샤의 주민들이 무사히 마을 안으로 들어가는 걸 봤습니다.				여신 라다
QUEST_LV_0500_20210115_000399	Vous accomplissez votre mission à merveille. J'ai moi aussi pu récupérer un peu de Mirtinas.	당신의 임무를 훌륭히 수행하고 있군요.{nl}저 역시 머티니스를 일부 회수할 수 있었습니다.				여신 라다
QUEST_LV_0500_20210115_000400	Je vais me rendre dans la zone plus profonde des Bois du Pont relié pour continuer à récupérer{nl}du Mirtinas.	저는 머티니스 회수를 계속하기 위해 덧댄다리 숲의 더 깊은 곳으로 갈 생각입니다.				여신 라다
QUEST_LV_0500_20210115_000401	Les Carrefours de Gyvenimo tout près possèdent la crevasse dont les démons se servaient pour{nl}extraire le Mirtinas. Contrairement à la crevasse que vous avez vue à l'Étang de Lemprasa, elle ne{nl}vaut pas la peine d'être examinée car elle est durcie.	마침 여기서 가까운 지베니 대로에서 마족들이 머티니스를 채굴하던 균열이 있습니다.{nl}그곳의 균열은 당신이 봤던 렘파라사 연못의 균열과 달리 굳어있지 않으니 조사할 가치도 있습니다.				여신 라다
QUEST_LV_0500_20210115_000402	C'est le seul chemin vers les Bois des Ponts reliés, et les démons l'occupent.	여기서 덧댄다리 숲으로 들어가는 유일한 길이고, 마족들이 점거하고있습니다.				여신 라다
QUEST_LV_0500_20210115_000403	Je me suis arrêté ici en sentant la magie. C'est assurément la magie du Beholder.	저도 마침 그 마력을 느끼고 여기서 멈춰섰습니다.{nl}틀림없이 주시자의 마력이군요.				여신 라다
QUEST_LV_0500_20210115_000404	Ce n'est qu'une supposition, mais je pense que les démons ont assurément besoin de cette magie{nl}pour extraire le Mirtinas. Autrement dit, si nous pouvons trouver et détruire la source de magie,{nl}nous pourrons arrêter l'extraction du Mirtinas.	추측이지만, 마족들이 머티니스를 채굴하기 위해서는 반드시 이 마력이 필요할 겁니다.{nl}다시 말해, 마력의 근원지를 찾아 파괴할 수만 있다면 머티니스 채굴을 막을 수 있습니다.				여신 라다
QUEST_LV_0500_20210115_000405	Si cela arrive nous pourrons empêcher le Mirtinas de tomber entre les mains du Beholder. Et{nl}aussi affaiblir les démons rassemblés pour attaquer Orsha.	그렇게 된다면 주시자의 손에 머티니스가 들어가는 일을 막을 수 있겠군요.{nl}그리고 오르샤를 침공하기 위해 집결한 마족들에게도 적지 않은 피해를 줄 수 있습니다.				여신 라다
QUEST_LV_0500_20210115_000406	Je vais trouver la source de magie. Je chercherai dans les falaises où des humains comme vous{nl}ne peuvent pas voler.	저는 마력의 근원지를 찾아보려고 합니다.{nl}당신처럼 날 수 없는 인간이 가기에는 어려운 절벽을 찾아볼 겁니다.				여신 라다
QUEST_LV_0500_20210115_000407	On dirait que la Déesse Lada a laissé tomber la bénédiction exprès Cherchez la source de magie à{nl}la Ferme de Morku en utilisant la bénédiction.	라다 여신이 일부로 축복을 흘려둔 것 같다{nl}축복을 이용해 모르꼬스 농장에서 마력의 근원지를 찾아보자				PC
QUEST_LV_0500_20210115_000408	Le cristal noir du Beholder, source de la magie, a été trouvé Vérifiez s'il peut être détruit	마력의 근원지인 주시자의 검은 수정을 발견했다{nl}파괴할 수 있는지 확인해 보자				안내
QUEST_LV_0500_20210115_000409	Utilisons la bénédiction de la Déesse Lada.	라다 여신의 축복을 사용해볼까?				안내
QUEST_LV_0500_20210115_000410	Le liquide dans la crevasse bout encore	균열 속의 액체가 여전히 끓고 있다				PC
QUEST_LV_0500_20210115_000411	Voulez-vous examiner la crevasse ?	균열을 조사하시겠습니까?				안내
QUEST_LV_0500_20210115_000412	Je sens encore la magie imprégner la crevasse Rendez-vous en direction de la Route forestière de{nl}Bonan et cherchez le cristal noir du Beholder	균열로 스며드는 마력이 여전히 느껴진다{nl}아직 조사하지 않은 보난 숲길 방향으로 가서 주시자의 검은 수정을 찾아보자				PC
QUEST_LV_0500_20210115_000413	Allez-vous attaquer le cristal noir du Beholder ?	주시자의 검은 수정을 공격하시겠습니까?				안내
QUEST_LV_0500_20210115_000414	Il y avait beaucoup de cristaux en plus des deux cristaux noirs que vous avez trouvés. Tous les{nl}cristaux des Bois des Ponts reliés ont été détruits.	당신이 발견한 두 개의 검은 수정 외에도 많은 수정이 있었습니다.{nl}덧댄다리 숲에 있던 수정은 모두 파괴했습니다.				여신 라다
QUEST_LV_0500_20210115_000415	Les crevasses Mirtinas des Bois des Ponts reliés sont toutes durcies.	덧댄다리 숲의 머티니스 균열들은 굳었습니다.				여신 라다
QUEST_LV_0500_20210115_000416	Cependant Il doit y avoir du Mirtinas que les démons ont extrait, mais aucun Mirtinas n'a été{nl}trouvé.	그러나{nl}그동안 마족들이 채굴한 머티니스가 있을 텐데,{nl}여기서는 머티니스를 찾을 수 없었습니다.				여신 라다
QUEST_LV_0500_20210115_000417	Ce Mirtinas ne doit pas tomber entre les mains du Beholder. Je dois trouver l'entrepôt et{nl}récupérer le Mirtinas.	그 머티니스들이 주시자의 손에 들어가서는 안 됩니다.{nl}저는 그 저장소를 찾아 머티니스를 회수해야 합니다.				여신 라다
QUEST_LV_0500_20210115_000418	Révélateur, vous avez vous aussi à faire.	계시자여,{nl}그대도 해야 할 일이 있습니다.				여신 라다
QUEST_LV_0500_20210115_000419	Trouver la Déesse Lada à Croisement de Paupys.	파우피스 나루에서 라다 여신을 찾으세요				PC
QUEST_LV_0500_20210115_000420	J'ai poursuivi le Beholder mais je vous ai attendu après avoir vu cet endroit.	주시자를 쫓았으나, 이곳의 상황을 보고 계시자님을 기다리고 있었습니다.				여신 라다
QUEST_LV_0500_20210115_000421	Avez-vous remarqué ? Le Beholder n'est pas le seul à avoir envahi Orsha. Deux puissances{nl}démoniaques de plus font trois forces qui ont envahi Orsha, le Beholder compris.	눈치 채셨겠죠?{nl}오르샤를 침공한 건 주시자 뿐만이 아니라는 이야기입니다.{nl}방금 본 두개 세력의 마족들만 하더라도 주시자를 포함하여 세 개의 세력이 오르샤를 침공했군요.				여신 라다
QUEST_LV_0500_20210115_000422	Mais il est évident que leur but à tous est le Mirtinas. Ce sont les démons respectifs du roi démon{nl}Kartas et du dieu démon Ragana.	하지만 모두 머티니스가 목표인 건 확실합니다.{nl}저들은 각각 마왕 카르타스의 마족과 마신 라가나의 휘하 마족들입니다.				여신 라다
QUEST_LV_0500_20210115_000423	Cependant, nous ne pouvons pas en être sûrs. Surtout, je n'arrive pas à croire que le roi démon{nl}Kartas s'oppose au dieu démon Ragana.	그렇지만, 확신을 가질 수는 없습니다.{nl}특히나 마왕 카르타스가 마신인 라가나와 대적한다는 건 믿을 수가 없군요.				여신 라다
QUEST_LV_0500_20210115_000424	Il y a peut-être un autre être qui les contrôle.	저들을 움직이는 다른 존재가 있을지도 모릅니다.				여신 라다
QUEST_LV_0500_20210115_000425	D'abord, nous devons trouver le véritable supérieur qui commande les serviteurs du roi démon{nl}Kartas. Pouvez-vous vous occuper de ces démons qui ont envahi Orsha ?	먼저, 마왕 카르타스의 부하들을 움직이는 진짜 상급자가 누구인지 확인해 둘 필요가 있겠군요.{nl}당신은 오르샤를 침공한 저 마족들을 어떻게 하시겠습니까?				여신 라다
QUEST_LV_0500_20210115_000426	Merci de comprendre la situation.	묵묵히 이해해주셔서 감사합니다.				여신 라다
QUEST_LV_0500_20210115_000427	Je découvrirai moi aussi qui en veut au Mirtinas.	그럼 저 역시 머티니스를 노리는 존재들이 누구인지 찾아보겠습니다.				여신 라다
QUEST_LV_0500_20210115_000428	À bientôt ici.	이 자리에서 다시 뵙겠습니다.				여신 라다
QUEST_LV_0500_20210115_000429	Vaincre les Vynmedis et obtenir le symbole du supérieur	파슬랍 은거지에서 빈미디스를 처치하고 상급자의 징표를 획득하세요				PC
QUEST_LV_0500_20210115_000430	Ce sont les jetons de Baiga et Ragana.. Voulez-vous dire que les démons de Kartas détenaient le{nl}jeton de Baiga ?	이건 바이가와 라가나의 증표..{nl}바이가의 증표를 카르타스의 마족들이 가지고 있었다는 말씀이신가요?				여신 라다
QUEST_LV_0500_20210115_000431	Le roi démon Kartas ne résistera pas à Ragana.. Mais Baiga le peut peut-être.	마왕 카르타스가 라가나에게 대항할 수 없겠지만..{nl}바이가라면 가능할지도 모릅니다.				여신 라다
QUEST_LV_0500_20210115_000432	Le roi démon Baiga coopère étroitement avec le dieu démon Baubas depuis longtemps. Le dieu{nl}démon Baubas doit être le démon le plus puissant en l'absence de Giltine à l'heure actuelle.	마왕 바이가는 오랜 옛날부터 마신 바우바스와 긴밀한 협력을 이루고 있습니다.{nl}마신 바우바스는 길티네가 없는 지금으로서는 가장 강한 마족임이 틀림없습니다.				여신 라다
QUEST_LV_0500_20210115_000433	Je me rends compte de nouveau que c'est un monde où Giltine a disparu.	길티네가 사라진 세상이라는 게 새삼 실감이 나는군요.				여신 라다
QUEST_LV_0500_20210115_000434	Les démons de Baiga en avaient manifestement après le Mirtinas. Il est étrange que les démons{nl}de Ragana n'aient cherché qu'à interrompre l'extraction du Mirtinas, sans qu'il y ait eu d'indices{nl}qu'ils en voulaient au Mirtinas.	바이가의 마족들은 확실히 머티니스를 노리고 있었습니다.{nl}라가나의 마족들은 이상하게도 머티니스 채굴을 방해하려고만 했지, 머티니스 자체를 노리는 정황은 없더군요.				여신 라다
QUEST_LV_0500_20210115_000435	Quoi qu'il en soit, quel que soit leur but, ce ne sera bon ni pour les humains ni pour les déesses si{nl}le démon devient le propriétaire du Mirtinas. Nous devrions nous hâter de trouver l'entrepôt{nl}Mirtinas.	아무튼 그들의 목적을 떠나 머티니스의 주인이 마족이 되는 건 여신에게든 인간에게든 좋을 수 없을 겁니다.{nl}서둘러 머티니스 저장소를 찾는게 좋겠습니다.				여신 라다
QUEST_LV_0500_20210115_000436	C'est simplement que de puissants démons se déchaînent de toutes parts depuis notre arrivée{nl}ici. On ne sait pas s'il s'agit d'un cristal noir du Beholder, ou d'une autre existence équivalente. 	다만, 여기에 들어온 후로 사방에서 강력한 마력들이 휘몰아치고 있습니다.{nl}주시자의 검은 수정인지, 혹은 그에 버금갈 다른 존재인지는 확실하지 않습니다.				여신 라다
QUEST_LV_0500_20210115_000437	Vous êtes le pion de Laima.	너는 라이마의 끄나풀이로군.				마왕 바이가
QUEST_LV_0500_20210115_000438	À vrai dire, j'ai été surpris. Même si Laima a aidé, on peut parler de talent : un humain a acculé{nl}Giltine.	솔직하게 말하자면 놀라웠다.{nl}비록 라이마가 도왔다고는 하나, 인간 애송이가 길티네를 몰아넣었으니 재주라면 재주겠지.				마왕 바이가
QUEST_LV_0500_20210115_000439	Êtes-vous curieux de savoir pourquoi je suis venu ici ?	내가 이곳에 온 이유가 궁금한가?				마왕 바이가
QUEST_LV_0500_20210115_000440	La racine de l'Arbre divin n'est pas une chose dont vous devriez vous soucier.	신수의 뿌리는 너같은 애송이가 신경쓸 물건이 아니다.				마왕 바이가
QUEST_LV_0500_20210115_000441	Le monde que vous connaissez n'est pas même un grain du monde existant. L'humain mortel{nl}qui mourra au terme d'une vie éphémère a une curiosité arrogante.	네 녀석이 알고 있는 세계는 실제 존재하는 세계의 티끌 만큼도 안 된다.{nl}고작 순간의 삶을 살다 죽을 필멸의 인간따위가 건방진 호기심을 가지고 있군.				마왕 바이가
QUEST_LV_0500_20210115_000442	Laissez tomber.	신경꺼라.				마왕 바이가
QUEST_LV_0500_20210115_000443	Vous avez rencontré Baiga. J'étais si concentrée sur la poursuite de Ragana que j'ai remarqué la{nl}présence de Baiga tardivement.	바이가를 만나셨군요.{nl}라가나를 쫓는 데 집중한 나머지 뒤늦게 바이가의 존재를 알아차렸습니다.				여신 라다
QUEST_LV_0500_20210115_000444	Dans le cas de Ragana, je n'ai pas pu la poursuivre car il était presque impossible de la suivre{nl}dans la forêt.	라가나는,{nl}숲 속에서 그녀를 쫓는 건 거의 불가능한 일이라 놓치고 말았습니다.				여신 라다
QUEST_LV_0500_20210115_000445	Il est évident que Ragana et Baiga sont en conflit. Leur proposition pourrait au bout du compte{nl}nous sembler avantageuse, mais on ne peut pas croire aux intentions d'un démon. Par{nl}conséquent, nous ne devrions accepter aucune tentation de bon gré.	라가나와 바이가가 서로 대립하고 있는 건 확실하군요.{nl}그들의 제안은 궁극적으로 우리에게 이점인 것 처럼 보이겠지만,{nl}마족의 속내는 믿을 수 없습니다.{nl}그러니 어떤 유혹에도 결코 선뜻 받아들여서는 안 됩니다.				여신 라다
QUEST_LV_0500_20210115_000446	D'un autre côté.. Il est dangereux d'affronter à la fois le Beholder, Ragana, Baiga et Baubas.	한 편으로는..{nl}지금 당장 주시자, 라가나, 바이가와 그 뒤의 바우바스까지 모두를 대적하기에는 위험합니다.				여신 라다
QUEST_LV_0500_20210115_000447	Contrairement à l'époque où vous avez combattu Giltine, Ausrine est la seule Déesse qui{nl}conserve assez de pouvoir pour vous aider.. Mais vous saurez qu'Ausrine ne veut pas être mêlée{nl}à cela.	당신이 길티네와 싸웠을 때와는 달리,{nl}당신을 도울 수 있을 정도로 힘을 보존한 여신은 아우슈리네님 뿐..{nl}그러나 아우슈리네님께서는 이 일에 개입하시기를 원하지 않으신다는 걸 당신도 아실 겁니다.				여신 라다
QUEST_LV_0500_20210115_000448	Il y a un moyen.	방법은 있습니다.				여신 라다
QUEST_LV_0500_20210115_000449	Si vous trouvez le Mirtinas extrait par les démons avant eux, vous aurez évidemment l'initiative.{nl}Aussi, hâtons-nous de trouver l'entrepôt Mirtinas.	주시자의 마족들이 채굴한 머티니스를 그들보다 먼저 찾아내 확보한다면,{nl}분명히 주도권을 쥘 수 있습니다.{nl}그러니 서둘러 머티니스의 저장소를 찾죠.				여신 라다
QUEST_LV_0500_20210115_000450	J'ai besoin de temps pour me rétablir car j'ai dépensé beaucoup de pouvoir à combattre Ragana.	다만, 지금은 제가 라가나와의 싸움으로 힘을 많이 소모한 탓에 회복할 시간이 필요합니다.				여신 라다
QUEST_LV_0500_20210115_000451	Bien sûr. Le rétablissement ne sera pas long.	그러시죠.{nl}회복하는데 오래 걸리지는 않을 겁니다.				여신 라다
QUEST_LV_0500_20210115_000452	Gardez à l'esprit que nous agissons encore chacun selon nos propres responsabilités.	여전히 우리는 각자의 책임을 위해 움직이고 있다는 걸 명심하세요.				여신 라다
QUEST_LV_0500_20210115_000453	Je vois.. La Grand-route de Gatves est un chemin qui mène dans la forêt.	그렇군요..{nl}갓베스 가도라면 숲의 안쪽으로 이어지는 길입니다.				여신 라다
QUEST_LV_0500_20210115_000454	Nous devons bien nous rendre à la Grand-route de Gatves.	갓베스 가도로 가 볼 필요가 있겠군요.				여신 라다
QUEST_LV_0500_20210115_000455	Il me faut encore plus de temps.	저는 아직 시간이 조금 더 필요합니다.				여신 라다
QUEST_LV_0500_20210115_000456	Nous ne faisons de toute façon que notre travail, alors vous pouvez y aller en premier.	어차피 우리는 각자가 해야할 일을 하고 있을 뿐이니,{nl}계시자님 께서 먼저 가셔도 괜찮습니다.				여신 라다
QUEST_LV_0500_20210115_000457	Bien. Je vous suivrai dès que je serai rétabli.	알겠습니다.{nl}저도 회복되는대로 따라가겠습니다.				여신 라다
QUEST_LV_0500_20210115_000458	Il y a une crevasse Mirtinas sur la Grand-route de Gatves. Allez d'abord à la Grand-route de{nl}Gatves.	갓베스 가도에도 머티니스 균열이 있습니다.{nl}갓베스 가도로 먼저 가세요				여신 라다
QUEST_LV_0500_20210115_000459	Je vous suivrai dès que je serai rétabli.	저도 회복되는대로 따라가겠습니다.				여신 라다
QUEST_LV_0500_20210115_000460	La trace de roue de chariot se dirige vers la Forêt d'Issaugoti.	수레 바퀴 자국의 방향이 이사우고티 숲을 향하고있다				PC
QUEST_LV_0500_20210115_000461	Je savais que vous viendriez par ici. Trop de pouvoir de Mirtinas émane de cette forêt profonde.	이쪽으로 오실 줄 알았습니다.{nl}이 앞으로 들어가는 깊은 숲에서 너무 많은 머티니스의 힘이 흘러나오고 있습니다.				여신 라다
QUEST_LV_0500_20210115_000462	L'entrepôt Mirtinas doit être ici Il est vrai que c'est une urgence, mais les choses prennent de{nl}l'ampleur, nous ferions mieux de retourner au Sanctuaire de Laima.	분명 머티니스 저장소는 이 안쪽에 있을 겁니다.{nl}상황이 위급한 건 사실이지만,{nl}생각보다 일이 커지고 있으니 재정비를 위해 잠시 라이마의 성소로 돌아가는 게 좋겠습니다.				여신 라다
QUEST_LV_0500_20210115_000463	Bien, je vous reverrai dans le Sanctuaire de Laima.	그럼,{nl}라이마의 성소에서 다시 뵙죠.				여신 라다
QUEST_LV_0500_20210115_000464	Préparez-vous..	준비하세요..				뮬리아
QUEST_LV_0500_20210115_000465	Le désastre approche..	재앙이 오고 있습니다..				뮬리아
QUEST_LV_0500_20210115_000466	Les humains seront détruits..	인간들은 파멸할 거예요..				뮬리아
QUEST_LV_0500_20210115_000467	Soyez prudent..	조심..				라이마
QUEST_LV_0500_20210115_000468	Je vous en prie.. Soyez prudent..	부디..{nl}조심..				라이마
QUEST_LV_0500_20210115_000469	Ce que vous devez emporter.. Si cela ne vous dérange pas.. Fermez les yeux, je vous prie..	당신이 가져가야할 게..{nl}괜찮으시다면..{nl}눈을 감아주세요..				라이마
QUEST_LV_0500_20210115_000470	J'espère pouvoir me reposer davantage.	조금 더 쉴 수 있으면 좋겠어요.				뮬리아
QUEST_LV_0500_20210115_000471	Une caisse d'où émane une énergie funeste. Elle semble contenir le Mirtinas extrait.	불길한 기운이 뿜어져 나오는 상자다.{nl}채굴한 머티니스를 보관 중인 것 같다.				안내
QUEST_LV_0500_20210115_000472	Installez la bombe dans la caisse que nous venons de trouver.	방금 발견한 저 상자 더미에 폭탄을 설치하자.				PC
QUEST_LV_0500_20210115_000473	{nl}On dirait que la bombe est bien installée.	{nl}무사히 폭탄을 설치한 것 같다.				PC
QUEST_LV_0500_20210115_000474	Exécuteur Saugumas	소거마스 집행자				
QUEST_LV_0500_20210115_000475	Êtes-vous le voleur qui en veut au précieux Mirtinas du Beholder ?	주시자님의 소중한 머티니스를 탐내는 도둑이 네 녀석인가?				소거마스 집행자
QUEST_LV_0500_20210115_000476	Désormais, j'appliquerai la peine de mort au voleur !	지금부터 도둑에 대한 사형을 집행하겠다!				소거마스 집행자
QUEST_LV_0500_20210115_000477	[Reconstruction du Royaume] Officier d'Orsha	[왕국 재건단] 오르샤 담당인				
QUEST_LV_0500_20210115_000478	Vous avez entendu parler de nous ? Nous avons aussi entendu des rumeurs sur vous,{nl}Révélateur.	저희에 대한 소식을 들으셨다구요?{nl}마침 저희도 계시자님에 대한 소문을 들었습니다.				[왕국 재건단] 오르샤 담당인
QUEST_LV_0500_20210115_000479	Nous sommes rassemblés au nom de la Reconstruction du Royaume. Nous nous sommes{nl}rassemblés pour reconstruire le royaume effondré et le monde à cause de Medzio Diena.	저희는 왕국 재건단이라는 이름으로 뭉쳐있습니다.{nl}우리는 신수의 날로 인해 무너진 왕국과 세계를 다시 일으키기 위해 모였죠.				[왕국 재건단] 오르샤 담당인
QUEST_LV_0500_20210115_000480	Plutôt que de compter sur la disparition de la Déesse, nous devrions reconstruire le royaume par{nl}nous-mêmes.	사라진 여신들의 대답을 기다리기보다, 우리 인간들 스스로 왕국을 재건해야 합니다.				[왕국 재건단] 오르샤 담당인
QUEST_LV_0500_20210115_000481	Ah, mais ne vous méprenez pas. Nous sommes des gens pieux envers la Déesse. C'est{nl}simplement que cette situation est peut-être la volonté de la Déesse pour que les humains se{nl}renforcent par eux-mêmes.	아, 그러나 오해하진 마세요.{nl}우리도 역시 여신들에게 신앙심을 가진 사람들입니다.{nl}다만 지금 이 상황이 어쩌면 여신들께서 인간들이 스스로 더 강해지길 바라시기 때문일 수도 있죠.				[왕국 재건단] 오르샤 담당인
QUEST_LV_0500_20210115_000482	Alors nous, la Reconstruction du Royaume, sommes dépêchés à travers le monde et faisons de{nl}notre mieux pour aider sur le terrain.	그래서 우리 왕국 재건단은 대륙은 물론 세계 곳곳으로 파견되어 현장의 문제를 돕는데 최선을 다하고 있습니다.				[왕국 재건단] 오르샤 담당인
QUEST_LV_0500_20210115_000483	J'ai beaucoup entendu parler de vous, Révélateur. Ce serait d'une grande aide si vous pouviez{nl}nous aider.	계시자님의 이야기는 익히 들었습니다.{nl}계시자님께서 저희를 도와주신다면 큰 힘이 될 겁니다.				[왕국 재건단] 오르샤 담당인
QUEST_LV_0500_20210115_000484	Rencontrer les membres de la Reconstruction du Royaume dépêchés sur chaque site. Ils auront{nl}besoin de vous.	각 현장에 파견되어 있는 왕국 재건단 단원들을 만나보세요.{nl}그들이 계시자님을 필요로 할 겁니다.				[왕국 재건단] 오르샤 담당인
QUEST_LV_0500_20210115_000485	[Reconstruction du Royaume] Soldat d'Orsha	[왕국 재건단] 오르샤 파견병				
QUEST_LV_0500_20210115_000486	Si vous nous aidez, nous vous le revaudrons assurément. Votre histoire héroïque se répandra{nl}dans le monde entier.	계시자님께서 저희를 도와주신다면 반드시 상응하는 보답을 하겠습니다.{nl}계시자님의 영웅담은 세계 각지로 뻗어나가게 될 겁니다.				[왕국 재건단] 오르샤 파견병
QUEST_LV_0500_20210115_000487	[Reconstruction du Royaume] Volontaire d'Orsha	[왕국 재건단] 오르샤 자원병				
QUEST_LV_0500_20210115_000488	Ce qui peut reconstruire le continent en deuil après Medzio Diena, c'est la solidarité des{nl}humains. Bientôt, nous combattrons tous pour reconstruire le royaume. Joignez-vous à nous,{nl}Révélateur.	신수의 날 이후로 비탄에 빠진 대륙을 다시 일으킬 수 있는 건 바로 우리 인간들의 결속력입니다.{nl}곧 우리 모두가 왕국을 일으키기 위해 싸울 겁니다.{nl}계시자님께서도 함께 하시죠.				[왕국 재건단] 오르샤 자원병
QUEST_LV_0500_20210115_000489	[Reconstruction du Royaume] Enquêteur d'Orsha	[왕국 재건단] 오르샤 조사원				
QUEST_LV_0500_20210115_000490	Nous, la Reconstruction du Royaume, enquêtons continuellement sur les lieux du désastre pour{nl}aider les gens en crise. Cet endroit est aussi un désastre.	저희 왕국 재건단이 위기에 빠진 사람들을 도울 수 있도록 재난 현장을 지속적으로 조사 중 입니다.{nl}여기도 만만치 않게 엉망이군요.				[왕국 재건단] 오르샤 조사원
QUEST_LV_0500_20210115_000491	[Reconstruction du Royaume] Soldat Médecin d'Orsha	[왕국 재건단] 오르샤 의료지원병				
QUEST_LV_0500_20210115_000492	Nous faisons de notre mieux, mais il est déchirant de voir les soldats mourir. Je souhaite{nl}seulement que leur âme retourne à la Déesse Ausrine.	항상 최선을 다하고 있지만 죽어가는 병사들의 모습을 볼 때면 가슴이 아려오네요.{nl}부디 그들의 영혼이 아우슈리네 여신에게 돌아갈 수 있기를 바라고 있어요.				[왕국 재건단] 오르샤 의료지원병
QUEST_LV_0500_20210115_000493	[Reconstruction du Royaume] Messager d'Orsha	[왕국 재건단] 오르샤 전령				
QUEST_LV_0500_20210115_000494	Nous devons rester en contact avec le quartier général afin que les soldats ne soient pas{nl}abandonnés sur le champ de bataille. Mais il n'est pas facile de briser le blocus.	전투 지역에 병사들이 버려지지 않도록 본부와의 연락을 계속해야 합니다.{nl}그러나 마족들의 포위망을 뚫는 건 여간 쉬운일이 아니군요.				[왕국 재건단] 오르샤 전령
QUEST_LV_0500_20210115_000495	Ce que Giltine a Laissé Derrière Elle	길티네가 남긴 것				
QUEST_LV_0500_20210115_000496	Fermez les yeux	눈을 감는다				
QUEST_LV_0500_20210115_000497	Gardez les yeux grands ouverts	눈을 감지 않는다				
QUEST_LV_0500_20210115_000498	Orsha en danger	위기에 빠진 오르샤				
QUEST_LV_0500_20210115_000499	J'aiderai Orsha	오르샤를 돕겠다고 한다				
QUEST_LV_0500_20210115_000500	Je dois y réfléchir	생각이 필요하다고 한다				
QUEST_LV_0500_20210115_000501	L'Appel de la Déesse	여신의 부름				
QUEST_LV_0500_20210115_000502	Lancer l'Enquête (1)	조사 개시(1)				
QUEST_LV_0500_20210115_000503	Il me faut plus de temps	조금 더 시간이 필요하다고 한다				
QUEST_LV_0500_20210115_000504	Lancer l'Enquête (2)	조사 개시(2)				
QUEST_LV_0500_20210115_000505	Retrouvons-nous au Aire de repos de Randoluma	란돌루마 쉼터에서 만나자고 한다				
QUEST_LV_0500_20210115_000506	Lancer l'Enquête (3)	조사 개시(3)				
QUEST_LV_0500_20210115_000507	Je me dirigerai vers la Route d'Adata	아다타 가도로 향하겠다고 한다				
QUEST_LV_0500_20210115_000508	Je viendrai après avoir fait autre chose	다른 일을 먼저 하고 오겠다고 한다				
QUEST_LV_0500_20210115_000509	Leur but est	그들의 목적은				
QUEST_LV_0500_20210115_000510	J'examinerai la Zone abattue de Malkos 	말코스 벌목지를 조사하겠다고 한다				
QUEST_LV_0500_20210115_000511	Installation Minière des Bois des Ponts Reliés	덧댄다리 숲의 채굴 시설				
QUEST_LV_0500_20210115_000512	Le rétablissement d'Orsha passe en premier, je combattrai avec vous 	오르샤의 회복이 우선이니 함께 싸우겠다고 한다				
QUEST_LV_0500_20210115_000513	Je ne veux pas me mêler des dieux	더는 신들과 엮이고 싶지 않다고 한다				
QUEST_LV_0500_20210115_000514	Pour protéger Orsha	오르샤를 수호하기 위해				
QUEST_LV_0500_20210115_000515	J'arrêterai les monstres qui se dirigent vers Orsha	오르샤로 가는 마족들을 저지하겠다고 한다				
QUEST_LV_0500_20210115_000516	Je m'occuperai d'abord du travail d'un autre endroit	다른 곳의 일을 우선 처리하겠다고 한다				
QUEST_LV_0500_20210115_000517	Examiner la Crevasse	균열 조사				
QUEST_LV_0500_20210115_000518	J'étais sur le point d'aller aux Carrefours de Gyvenimo	지베니 대로로 갈 참이었다고 한다				
QUEST_LV_0500_20210115_000519	Je m'occuperai d'abord du travail d'un autre endroit	다른 곳의 일을 먼저 해결하겠다고 한다				
QUEST_LV_0500_20210115_000520	Source de Magie	마력의 근원지				
QUEST_LV_0500_20210115_000521	J'irai à la Ferme de Morku	모르꼬스 농장으로 갈 생각이라고 한다				
QUEST_LV_0500_20210115_000522	J'ai besoin de temps pour me réorganiser	지금은 재정비가 필요하다고 한다				
QUEST_LV_0500_20210115_000523	Détruire le Cristal Noir	검은 수정 파괴				
QUEST_LV_0500_20210115_000524	Utiliser la Bénédiction de la Déesse Lada	라다 여신의 축복을 사용한다				
QUEST_LV_0500_20210115_000525	Arrêter car cela semble dangereux	위험해 보이니 그만둔다				
QUEST_LV_0500_20210115_000526	Un Autre Cristal Noir	또 다른 검은 수정				
QUEST_LV_0500_20210115_000527	Examiner la Crevasse	균열을 조사한다				
QUEST_LV_0500_20210115_000528	Faire autre chose pour l'instant	지금은 다른 일을 한다				
QUEST_LV_0500_20210115_000529	Détruire le dernier cristal noir	마지막 검은 수정 파괴				
QUEST_LV_0500_20210115_000530	Attaquer le Cristal Noir	검은 수정을 공격한다				
QUEST_LV_0500_20210115_000531	Arrêter car c'est dangereux	위험하니 그만둔다				
QUEST_LV_0500_20210115_000532	Le But du Beholder	주시자의 목적				
QUEST_LV_0500_20210115_000533	L'ennemi peut être affaibli en détruisant l'entrepôt Mirtinas	머티니스 저장소를 파괴하면 적에게 큰 타격을 줄 수 있다고 한다				
QUEST_LV_0500_20210115_000534	Je vais d'abord réorganiser	우선 재정비를 하겠다고 한다				
QUEST_LV_0500_20210115_000535	Les Forces qui Ont Occupé Croisement de Paupys (1)	파우피스 나루를 점거한 세력들(1)				
QUEST_LV_0500_20210115_000536	Je veux entendre parler de Croisement de Paupys	파우피스 나루의 상황을 듣고 싶다고 한다				
QUEST_LV_0500_20210115_000537	Il y a un problème plus urgent	보다 더 급한 일이 있다고 한다				
QUEST_LV_0500_20210115_000538	Les Forces qui Ont Occupé Croisement de Paupys (2)	파우피스 나루를 점거한 세력들(2)				
QUEST_LV_0500_20210115_000539	Je vaincrai les démons qui ont attaqué Orsha	오르샤를 공격한 마족들을 처치하겠다고 한다				
QUEST_LV_0500_20210115_000540	Je dois me précipiter ailleurs pour l'instant	지금은 급히 가봐야 할 곳이 있다고 한다				
QUEST_LV_0500_20210115_000541	Les Forces qui Ont Occupé Croisement de Paupys (3)	파우피스 나루를 점거한 세력들(3)				
QUEST_LV_0500_20210115_000542	La Suggestion de Ragana	라가나의 제안				
QUEST_LV_0500_20210115_000543	J'irai enquêter sur la Falaise de Rohonsa	로혼사 절벽을 조사하러 가겠다고 한다				
QUEST_LV_0500_20210115_000544	J'ai besoin d'une pause	쉬어야겠다고 한다				
QUEST_LV_0500_20210115_000545	La Suggestion de Baiga	바이가의 제안				
QUEST_LV_0500_20210115_000546	Demander le but	목적을 묻는다				
QUEST_LV_0500_20210115_000547	Quitter les lieux.	묵묵히 자리를 떠난다				
QUEST_LV_0500_20210115_000548	Se renseigner sur la racine de l'Arbre divin	신수의 뿌리에 대해 묻는다				
QUEST_LV_0500_20210115_000549	Où se Trouve le Mirtinas (1)	머티니스의 행방(1)				
QUEST_LV_0500_20210115_000550	Entre-temps, j'examinerai la crevasse Mirtinas à proximité	그동안 근처의 머티니스 균열을 조사하겠다고 한다				
QUEST_LV_0500_20210115_000551	Il y a autre chose à faire, alors reposez-vous	마침 다른 일이 있으니 쉬고 있으라고 한다				
QUEST_LV_0500_20210115_000552	Où se Trouve le Mirtinas (2)	머티니스의 행방(2)				
QUEST_LV_0500_20210115_000553	J'irai d'abord à la Grand-route de Gatves	먼저 갓베스 가도로 가겠다고 한다				
QUEST_LV_0500_20210115_000554	Il n'y a pas d'urgence	서두를 필요가 없다고 한다				
QUEST_LV_0500_20210115_000555	Où se Trouve le Mirtinas (3)	머티니스의 행방(3)				
QUEST_LV_0500_20210115_000556	C'est une bonne idée	좋은 의견이라고 한다				
QUEST_LV_0500_20210115_000557	Ce n'est pas une bonne idée	좋지 않은 생각이라고 한다				
QUEST_LV_0500_20210115_000558	[Hebdomadaire] Annihilation - Monstre de type Mutant	[주간] 섬멸 - 변이형 몬스터				
QUEST_LV_0500_20210115_000559	[Hebdomadaire] Annihilation - Monstre de type Insecte,Diable, Plante	[주간] 섬멸 - 곤충, 악마, 식물형 몬스터				
QUEST_LV_0500_20210115_000560	[Hebdomadaire] Annihilation - Monstre de type Bête	[주간] 섬멸 - 야수형 몬스터				
QUEST_LV_0500_20210115_000561	[Hebdomadaire] Annihilation - Monstre de grande taille	[주간] 섬멸 - 대형 몬스터				
QUEST_LV_0500_20210115_000562	[Hebdomadaire] Annihilation - Monstre de taille moyenne	[주간] 섬멸 - 중형 몬스터				
QUEST_LV_0500_20210115_000563	[Hebdomadaire] Annihilation - Monstre de petite taille	[주간] 섬멸 - 소형 몬스터				
QUEST_LV_0500_20210115_000564	[Hebdomadaire] Annihilation - Purification d'Orsha	[주간] 섬멸 - 오르샤 정화				
QUEST_LV_0500_20210115_000565	[Hebdomadaire] Conquête - Vestiges de Bernice	[주간] 정복 - 베르니케 파편 던전				
QUEST_LV_0500_20210115_000566	[Hebdomadaire] Conquête - Donjon Assister	[주간] 정복 - 어시스터 던전				
QUEST_LV_0500_20210115_000567	[Hebdomadaire] Conquête - Chasse Solitaire	[주간] 정복 - 1인 레이드				
QUEST_LV_0500_20210115_000568	[Hebdomadaire] Conquête - Raid Legend	[주간] 정복 - 레전드 레이드				
QUEST_LV_0500_20210115_000569	[Hebdomadaire] Conquête - Raid de Boss Hebdomadaire	[주간] 정복 - 주간 보스 레이드				
QUEST_LV_0500_20210115_000570	[Hebdomadaire] Fer de Lance - Raid Frappe Conjointe	[주간] 선봉 - 협동전				
QUEST_LV_0500_20210115_000571	[Hebdomadaire] Fer de Lance - Donjon de Niveau	[주간] 선봉 - 레벨 던전				
QUEST_LV_0500_20210115_000572	[Hebdomadaire] Fer de Lance - Défi	[주간] 선봉 - 챌린지				
QUEST_LV_0500_20210115_000573	[Hebdomadaire] Fer de Lance - Singularité de Division 	[주간] 선봉 - 분열 특이점				
QUEST_LV_0500_20210115_000574	[Quotidien] Reconquête - Étang de Lemprasa	[일일] 수복 - 렘파라사 연못				
QUEST_LV_0500_20210115_000575	[Quotidien] Reconquête - Bois des Ponts Reliés	[일일] 수복 - 덧댄다리 숲				
QUEST_LV_0500_20210115_000576	[Quotidien] Reconquête - Croisement de Paupys	[일일] 수복 - 파우피스 나루				
QUEST_LV_0500_20210115_000577	[Quotidien] Reconquête - Forêt d'Issaugoti	[일일] 수복 - 이사우고티 숲				
QUEST_LV_0500_20210115_000578	[Quotidien] Reconquête - Forêt de Kirtimas	[일일] 수복 - 키르티마스 숲				
QUEST_LV_0500_20210115_000579	[Quotidien] Récupération - Étang de Lemprasa	[일일] 회수 - 렘파라사 연못				
QUEST_LV_0500_20210115_000580	[Quotidien] Récupération - Bois des Ponts Reliés	[일일] 회수 - 덧댄다리 숲				
QUEST_LV_0500_20210115_000581	[Quotidien] Récupération - Croisement de Paupys	[일일] 회수 - 파우피스 나루				
QUEST_LV_0500_20210115_000582	[Quotidien] Récupération - Forêt d'Issaugoti	[일일] 회수 - 이사우고티 숲				
QUEST_LV_0500_20210115_000583	[Quotidien] Récupération - Forêt de Kirtimas	[일일] 회수 - 키르티마스 숲				
QUEST_LV_0500_20210115_000584	[Répétition] Salut - Purification du Monde	[반복] 구원 - 세계 정화				
QUEST_LV_0500_20210115_000585	[Répétition] Salut - Raid Legend	[반복] 구원 - 레전드 레이드				
QUEST_LV_0500_20210115_000586	[Répétition] Salut - Défi	[반복] 구원 - 챌린지				
QUEST_LV_0500_20210115_000587	Préparation Préalable	사전 준비				
QUEST_LV_0500_20210115_000588	En Quête de Moyens	방법을 찾아서				
QUEST_LV_0500_20210115_000589	Quelqu'un me vient à l'esprit	생각나는 사람이 있다고 한다.				
QUEST_LV_0500_20210115_000590	Je n'en suis pas sûr	잘 모르겠다고 한다.				
QUEST_LV_0500_20210115_000591	Entrepôt Mirtinas	머티니스 저장소				
QUEST_LV_0500_20210115_000592	Je pars immédiatement pour la Forêt d'Issaugoti	이사우고티 숲으로 바로 출발하겠다고 한다.				
QUEST_LV_0500_20210115_000593	Diviser pour régner (1)	이이제이(1)				
QUEST_LV_0500_20210115_000594	Patientez un peu, je vous prie	잠시만 기다려달라고 한다.				
QUEST_LV_0500_20210115_000595	Diviser pour régner (2)	이이제이(2)				
QUEST_LV_0500_20210115_000596	Je vais le remettre et revenir	전달하고 오겠다고 한다.				
QUEST_LV_0500_20210115_000597	Il reste encore des choses à faire	아직 할 것이 남았다고 한다.				
QUEST_LV_0500_20210115_000598	Diviser pour régner (3)	이이제이(3)				
QUEST_LV_0500_20210115_000599	Diviser pour régner (4)	이이제이(4)				
QUEST_LV_0500_20210115_000600	Je vais vérifier l'entrepôt Mirtinas	머티니스 저장소를 살펴보고 오겠다고 한다.				
QUEST_LV_0500_20210115_000601	Ce n'est pas encore le moment	아직 때가 아닌 것 같다고 한다.				
QUEST_LV_0500_20210115_000602	Diviser pour régner (5)	이이제이(5)				
QUEST_LV_0500_20210115_000603	Explosion	발파				
QUEST_LV_0500_20210115_000604	Éradiquer le Mirtinas (1)	소멸한 머티니스(1)				
QUEST_LV_0500_20210115_000605	Éradiquer le Mirtinas (2)	소멸한 머티니스(2)				
QUEST_LV_0500_20210115_000606	Éradiquer le Mirtinas (3)	소멸한 머티니스(3)				
QUEST_LV_0500_20210115_000607	Éradiquer le Mirtinas (4)	소멸한 머티니스(4)				
QUEST_LV_0500_20210115_000608	Je vais aller le dire.	전하러 가겠다고 한다.				
QUEST_LV_0500_20210115_000609	J'ai encore à faire ici.	아직 이곳에 볼일이 남았다고 한다.				
QUEST_LV_0500_20210115_000610	Éradiquer le Mirtinas (5)	소멸한 머티니스(5)				
QUEST_LV_0500_20210115_000611	Menace sans Fin	끝나지 않은 위협				
QUEST_LV_0500_20210115_000612	Reconstruction du Royaume	왕국 재건단				
QUEST_LV_0500_20210115_000613	Je parrainerai et aiderai la reconstruction royale	왕국 재건단을 후원하고 돕겠다고 한다				
QUEST_LV_0500_20210115_000614	Je n'arrive pas à croire que vous	당신들을 믿을 수 없다고 한다				
QUEST_LV_0500_20210115_000615	Rencontrer la Déesse Laima dans le Sanctuaire de Laima	라이마의 성소에서 라이마를 만나기				
QUEST_LV_0500_20210115_000616	Rencontrer la Déesse Laima dans le Sanctuaire de Laima	라이마의 성소에서 라이마를 만나세요				
QUEST_LV_0500_20210115_000617	S'approcher de l'autel	제단으로 다가가기				
QUEST_LV_0500_20210115_000618	Vous êtes entré dans le Sanctuaire{nl}de Laima{nl}Approchez-vous de l'autel	라이마의 성소 내부로 들어왔습니다{nl}제단으로 다가가세요				
QUEST_LV_0500_20210115_000619	Mener une enquête dans la forêt de la sorcière blanche(Unique).	하얀 마녀의 숲(유니크)에서 조사를 진행하기.	QUEST_LV_0500_20200710_000193	Mener une enquête dans la Forêt de la sorcière blanche.	하얀 마녀의 숲에서 조사를 진행하기.	
QUEST_LV_0500_20210115_000620	Trouver le Seigneur d'Orsha Inesa Hamondale	오르샤의 영주 이네사 헤먼데일을 찾아가기				
QUEST_LV_0500_20210115_000621	Un accident s'est produit à Orsha{nl}Le seigneur d'Orsha Inesa Hamondale vous cherche, vous et d'autres Révélateurs, pour{nl}demander une aide urgente	오르샤에 이변이 일어났습니다{nl}오르샤의 영주인 이네사 헤먼데일은 계시자들을 비롯한 당신에게 급한 도움을 부탁하기 위해 당신을 찾고 있습니다				
QUEST_LV_0500_20210115_000622	Un accident s'est produit à Orsha{nl}Le seigneur d'Orsha Inesa Hamondale vous cherche, vous et d'autres Révélateurs, pour{nl}demander une aide urgente	오르샤에 이변이 일어났습니다{nl}오르샤의 영주인 이네사 헤먼데일은 계시자들을 비롯한 당신에게 급한 도움을 부탁하기 위해 당신을 찾고있습니다				
QUEST_LV_0500_20210115_000623	Un accident s'est produit à Orsha{nl}Le seigneur d'Orsha Inesa Hamondale vous cherche, vous et d'autres Révélateurs, pour{nl}demander une aide urgente	오르샤에 이변이 일어났습니다{nl}오르샤의 영주인 이네사 헤먼데일은 계시자들을 비롯, 당신에게 급한 도움을 부탁하기 위해 당신을 찾고있습니다				
QUEST_LV_0500_20210115_000624	Rencontrer la Déesse Lada dans le Sanctuaire de Laima{nl}Vous pouvez vous rendre au Sanctuaire de Laima par la statue de la Déesse à Klaipeda,{nl}Orsha et Fedimian	라이마의 성소에서 라다 여신을 만나기{nl}라이마의 성소는 클라페다, 오르샤, 페디미안의 여신상으로 이동할 수 있습니다				
QUEST_LV_0500_20210115_000625	Le seigneur d'Orsha Inesa Hamondale a dit que vous devriez vous rendre au Sanctuaire de Laima car un être vous y cherche avant la bataille{nl}Rendez-vous au Sanctuaire de Laima par la statue de la Déesse à Klaipeda, Orsha et Fedimian	이네사 헤먼데일은 본격적인 전투에 앞서, 당신을 찾는 존재가 있으니 라이마의 성소로 가보라고 합니다{nl}클라페다, 오르샤, 페디미안의 여신상을 이용해 라이마의 성소로 이동하세요				
QUEST_LV_0500_20210115_000626	Trouver la Déesse Lada à l'Étang de Lemprasa	렘파라사 연못에서 라다 여신을 찾기				
QUEST_LV_0500_20210115_000627	La Déesse Lada attend à l'Étang de Lemprasa{nl}Parlez à la Déesse Lada à l'Étang de Lemprasa	라다 여신은 렘파라사 연못에서 기다리고 있습니다{nl}렘파라사 연못에서 라다 여신과 대화하세요				
QUEST_LV_0500_20210115_000628	Parler à la Déesse Lada	라다 여신과 대화하기				
QUEST_LV_0500_20210115_000629	Parler à la Déesse Lada pour savoir quoi faire ici	이곳에서 해야 할 일을 찾기 위해 라다 여신과 대화하세요				
QUEST_LV_0500_20210115_000630	Vaincre les démons alentour et obtenir les produits qu'ils récoltent	주변의 마족을 처치하여 마족이 모으고 있는 물건을 찾아오기				
QUEST_LV_0500_20210115_000631	La Déesse Lada a demandé de vaincre les démons alentour et de découvrir ce que les démons récoltent à Orsha	라다 여신은 주변의 마족을 처치하고 마족들이 오르샤 일대에서 모으고 있는 것을 알아 와 주길 부탁했습니다				
QUEST_LV_0500_20210115_000632	Minerai non identifié obtenu, supposé être le produit que les démons récoltent{nl}Apportez-le à la Déesse Lada et montrez-lui la substance non identifiée 	마족이 모으고 있는 물건으로 추정되는 정체불명의 광석을 획득했습니다{nl}라다 여신에게 가져가 정체불명의 물질을 보여주세요				
QUEST_LV_0500_20210115_000633	Après avoir vaincu les démons, un minerai non identifié a été trouvé sur eux{nl}Le minerai semble dangereux au premier coup d'œil{nl}Apportez-le à la Déesse Lada et demandez ce que c'est	마족들을 처치하자 그들의 소지품 속에서 정체불명의 광석을 발견했습니다{nl}한 눈에 보기에도 위험해 보이는 광석입니다{nl}라다 여신에게 가져가 정체를 물어보세요				
QUEST_LV_0500_20210115_000634	Objectif obtenu après avoir vaincu %s 	%s 처치 후 목표 획득				
QUEST_LV_0500_20210115_000635	Demander à la Déesse Lada quoi faire ensuite	라다 여신에게 다음 해야 할 일에 관해 물어보세요				
QUEST_LV_0500_20210115_000636	Aider la Déesse Lada à interroger les démons au Aire de repos de Randoluma	란돌루마 쉼터에서 라다 여신의 마족 심문을 돕기				
QUEST_LV_0500_20210115_000637	La Déesse Lada a dit de tirer parti des démons pour révéler les plans des démons qui ont envahi Orsha{nl}Examinez les démons dans le coin du Aire de repos de Randoluma	라다 여신은 오르샤를 침공한 마족들의 계획을 밝히기 위해 마족들을 이용하자고 합니다{nl}란돌루마 쉼터의 외진 곳에서 마족들을 조사하세요				
QUEST_LV_0500_20210115_000638	Après avoir vaincu les démons, la Déesse Lada a lu les souvenirs à travers l'âme{nl}des démons{nl}Demandez-lui ce qu'elle a découvert	마족들을 처치하고 라다 여신이 마족의 영혼을 통해 기억을 읽어냈습니다{nl}라다 여신이 무엇을 알아냈는지 물어보세요				
QUEST_LV_0500_20210115_000639	La Déesse Lada est plongée dans ses pensées{nl}Demandez à la Déesse Lada ce qu'elle a lu dans l'âme{nl}des démons	라다 여신이 생각에 잠겨 있습니다{nl}라다 여신에게 마족들의 영혼으로부터 읽은 기억이 무엇인지 물어보세요				
QUEST_LV_0500_20210115_000640	Récolter l'âme des démons et l'apporter à la Déesse Lada sur la Route d'Adata	마족들의 영혼을 모아 아다타 가도에 있는 라다 여신에게 가져가기				
QUEST_LV_0500_20210115_000641	La Déesse Lada a lu l'énergie du Beholder dans l'âme des démons{nl}Maintenant que la situation s'est aggravée avec l'implication du Beholder, la Déesse Lada a besoin de plus d'informations{nl}Vainquez les démons de la Route d'Adata et utilisez la bénédiction de la Déesse Lada sur l'âme du démon restante, alors l'âme du démon se purifiera et la Déesse Lada pourra en lire la mémoire	라다 여신은 마족들의 영혼으로부터 주시자의 기운을 읽었습니다{nl}주시자가 엮여 있는 만큼 더 심각해진 상황에 라다 여신은 더 많은 정보가 필요하다고 합니다{nl}아다타 가도에서 마족을 처치하고 잔류한 마족의 영혼에 라다 여신의 축복을 사용하면, 마족의 영혼이 정화되어 라다 여신이 영혼의 기억을 읽을 수 있습니다				
QUEST_LV_0500_20210115_000642	Interroger la Déesse Lada sur les résultats	라다 여신에게 결과를 묻기				
QUEST_LV_0500_20210115_000643	Assez de démons purifiés et envoyés à la Déesse Lada{nl}Trouvez la Déesse Lada et demandez-lui si elle a{nl}découvert quelque chose	충분한 마족의 영혼을 정화했고 라다 여신에게 보냈습니다{nl}라다 여신에게 찾아가 알아낸 게 있는지 물어보세요				
QUEST_LV_0500_20210115_000644	Parler à la Déesse Lada du prochain objectif	라다 여신과 다음 목표에 관해 이야기하세요				
QUEST_LV_0500_20210115_000645	La Déesse Lada a découvert le but du Beholder dans la mémoire du démon{nl}Parlez à la Déesse Lada du prochain objectif	라다 여신은 마족의 기억으로부터 주시자의 목적을 알아냈습니다{nl}라다 여신과 다음 목표에 관해 이야기하세요				
QUEST_LV_0500_20210115_000646	Examiner la crevasse non identifiée de la Zone abattue de Malkos	말코스 벌목지에서 정체불명의 균열을 조사하기				
QUEST_LV_0500_20210115_000647	D'un autre côté, la déesse Lada a dit avoir vu une étrange crevasse dans la mémoire du démon{nl}Comme la déesse Lada est partie la première vers les Bois des ponts reliés, si vous trouvez quoi que ce soit après avoir examiné la Zone abattue de Malkos, rendez-vous aux Bois du pont relié et{nl}remettez-le à la déesse Lada.	라다 여신은 한편으로, 마족의 기억으로부터 낯선 균열을 목격했다고 한다{nl}라다 여신은 먼저 덧댄다리 숲으로 향했으니 말코스 벌목지를 조사 후 무엇이든 발견하면 덧댄다리 숲에서 라다 여신을 만나 건네주자				
QUEST_LV_0500_20210115_000648	Rencontrer la Déesse Lada dans les Bois des Ponts Reliés	덧댄다리 숲에서 라다 여신을 만나기				
QUEST_LV_0500_20210115_000649	Le Firebug Liepsna apparu pendant l'examen de la crevasse a été vaincu, et une partie du cristal de sa tête a été arrachée{nl}Rendez-vous auprès de la Déesse Lada et montrez-le-lui	정체불명의 균열을 조사 중 나타난 리프스나 파이어버그를 처치했고, 리프스나 파이어버그의 머리에 솟아난 수정을 일부 떼어냈습니다{nl}라다 여신에게 가져가 보여주는 게 좋겠습니다				
QUEST_LV_0500_20210115_000650	Preuve obtenue après avoir examiné la Zone abattue de Malkos	말코스 벌목지 조사 후 증거 획득				
QUEST_LV_0500_20210115_000651	%s envahissant vaincu 	습격한 %s 처치				
QUEST_LV_0500_20210115_000652	Entendre de la Déesse Lada les plans concernant les Bois du pont relié	라다 여신에게 덧댄 다리 숲에서의 계획을 듣기				
QUEST_LV_0500_20210115_000653	Arrivé sain et sauf dans les Bois des ponts reliés{nl}Il semble que la Déesse Lada soit venue plus tôt et ait observé la situation des Bois des ponts reliés{nl}Interrogez la Déesse Lada sur le morceau de cristal que vous avez apporté et sur ce qu'elle a vu	무사히 덧댄다리 숲에 도착했습니다{nl}라다 여신은 앞서 이곳에 와서 덧댄다리 숲의 정황을 살핀 듯합니다{nl}당신이 가져온 수정 조각에 대한 것과 라다 여신이 무엇을 봤는지 물어보세요				
QUEST_LV_0500_20210115_000654	Il semble qu'il y ait plus de crevasses dans les Bois des ponts reliés qu'à l'Étang de Lemprasa{nl}Les démons extrayaient encore le Mirtinas de la crevasse qui émettait lumière et fumée{nl}Parlez à la Déesse Lada	덧댄다리 숲에는 렘파라사 연못에서 보았던 균열이 더 많아 보입니다{nl}여전히 빛과 연기를 뿜어내는 균열 속에서 마족들이 머티니스를 채굴 중이었습니다{nl}라다 여신과 대화하세요				
QUEST_LV_0500_20210115_000655	Décidé de faire route ensemble à cause de votre mission de protection d'Orsha et parce que la Déesse Lada devait régler une affaire du passé.	라다 여신은 과거 일로, 당신은 오르샤 수호의 임무로 함께 움직이기로 했습니다{nl}라다 여신에게 계획을 물어보세요				
QUEST_LV_0500_20210115_000656	Vaincre les démons de la Route d'accès dans les Bois des Ponts reliés	덧댄다리 숲 진입로의 마족 처치				
QUEST_LV_0500_20210115_000657	Vous devriez vaincre les démons afin d'empêcher les démons des Bois des Ponts reliés de se rendre à l'Étang de Lemprasa	당신은 덧댄다리 숲의 마족들이 렘파라사 연못으로 이동하는 걸 저지하기 위해 마족들을 처치해야 합니다				
QUEST_LV_0500_20210115_000658	Retourner Voir la Déesse Lada	라다 여신에게 돌아가기				
QUEST_LV_0500_20210115_000659	Une partie des démons près du passage reliant les Bois des Ponts reliés et l'Étang de Lemprasa a été éliminée{nl}Retournez voir la Déesse Lada	덧댄다리 숲과 렘파라사 연못이 이어진 통로 부근 마족들을 일부 정리했습니다{nl}라다 여신에게 돌아가세요				
QUEST_LV_0500_20210115_000660	Vaincre les démons de la Route d'accès	진입로의 마족 처치				
QUEST_LV_0500_20210115_000661	Route d'accès vers l'Étang de Lemprasa dégagée{nl}Vous devez vaincre les démons des Bois des Ponts reliés, et demander à la Déesse Lada si elle va dans la même direction 	렘파라사 연못으로 가는 진입로는 정리했습니다{nl}당신은 이제 덧댄 다리 숲의 마족들을 소탕해야 하며, 라다 여신에게 가는 길이 같을지 이야기해 보세요				
QUEST_LV_0500_20210115_000662	Examiner la Crevasse Mirtinas des Carrefours de Gyvenimo	지베니 대로의 머티니스 균열 조사하기				
QUEST_LV_0500_20210115_000663	La Déesse Lada dit qu'elle se rend aux Carrefours de Gyvenimo pour récupérer le Mirtinas{nl}Vous devez aussi y passer pour aller au plus profond des Bois des Ponts reliés{nl}Cela vaut la peine d'enquêter puisque la crevasse Mirtinas s'y trouve	라다 여신은 머티니스 회수를 위해 지베니 대로로 향한다고 합니다{nl}당신 역시, 덧댄다리 숲의 깊은 곳으로 들어가기 위해서는 그곳을 지나야만 합니다{nl}마침 그곳에는 머티니스 균열이 있으니 조사할 가치가 있습니다				
QUEST_LV_0500_20210115_000664	Rencontrer la Déesse Lada dans la partie haute des Carrefours de Gyvenimo	지베니 대로 위쪽에서 라다 여신을 만나기				
QUEST_LV_0500_20210115_000665	Crevasse Mirtinas examinée{nl}La Déesse Lada est aussi arrivée dans la partie haute des Carrefours de Gyvenimo{nl}Rencontrez la Déesse Lada	머티니스 균열을 조사했습니다{nl}마침 라다 여신도 지베니 대로 위쪽에 도착했습니다{nl}라다 여신을 만나세요				
QUEST_LV_0500_20210115_000666	Interroger la Déesse Lada sur la magie	라다 여신에게 마력의 정체에 관해 묻기				
QUEST_LV_0500_20210115_000667	La Déesse Lada a dit que la magie qui fait fondre la crevasse est celle{nl}du Beholder{nl}Écoutez la suite du récit de la Déesse	라다 여신은 균열을 녹이고 있는 마력의 정체가 주시자의 마력이라고 했습니다{nl}라다 여신의 이야기를 더 들어보세요				
QUEST_LV_0500_20210115_000668	Traverser le Pont de Bulvytes et trouver la source de magie à la Ferme de Morku	부뷜비떼 다리를 건너 모르꼬스 농장에서 마력의 근원지를 찾기				
QUEST_LV_0500_20210115_000669	La Déesse Lada dit qu'il faut trouver et détruire la source de magie pour arrêter l'extraction{nl}du Mirtinas{nl}Il semble que la source de magie puisse être trouvée en utilisant la bénédiction que la Déesse{nl}Lada a laissée tomber 	라다 여신은 머티니스 채굴을 막기 위해 마력의 근원지를 찾아 파괴할 필요가 있다고 합니다{nl}라다 여신이 떨어뜨린 축복으로 마력의 근원지를 찾을 수 있을 듯합니다				
QUEST_LV_0500_20210115_000670	Vérifier le Cristal Noir du Beholder	주시자의 검은 수정을 확인하기				
QUEST_LV_0500_20210115_000671	Le cristal noir du Beholder peut être trouvé en utilisant la bénédiction{nl}de la Déesse Lada{nl}Voyez s'il peut être détruit	라다 여신의 축복을 이용해 주시자의 검은 수정을 찾을 수 있었습니다{nl}파괴가 가능할지 살펴보세요				
QUEST_LV_0500_20210115_000672	Détruire le Cristal Noir du Beholder	주시자의 검은 수정을 파괴하기				
QUEST_LV_0500_20210115_000673	Détruire le cristal noir en utilisant la bénédiction de la Déesse Lada	라다 여신의 축복을 사용해 검은 수정을 파괴하기				
QUEST_LV_0500_20210115_000674	Vérifier la Crevasse Mirtinas	머티니스 균열을 확인하기				
QUEST_LV_0500_20210115_000675	La bénédiction de la Déesse Lada a réussi à détruire le cristal noir du Beholder{nl}Vérifiez si la crevasse Mirtinas est durcie	라다 여신의 축복이 주시자의 검은 수정을 파괴하는 데 성공했습니다{nl}머티니스 균열이 굳었는지 확인해보세요				
QUEST_LV_0500_20210115_000676	Examiner de nouveau la crevasse Mirtinas	머티니스 균열을 다시 조사하기				
QUEST_LV_0500_20210115_000677	Bien que le cristal noir ait été détruit à la Ferme de Morku, la crevasse Mirtinas des Carrefours de Gyvenimo bouillonne encore{nl}Il doit y avoir un autre cristal noir{nl}Examinez la crevasse Mirtinas et trouvez un indice	모르꼬스 농장에서 주시자의 검은 수정을 파괴했지만 지베니 대로의 머티니스 균열은 여전히 끓고 있었습니다{nl}다른 검은 수정이 있는 게 분명합니다{nl}머티니스 균열을 조사해 단서를 얻으세요				
QUEST_LV_0500_20210115_000678	Utiliser la bénédiction de la Déesse Lada sur la Route forestière de Bonan pour trouver le cristal noir du Beholder	보난 숲길에서 라다 여신의 축복을 사용해 주시자의 검은 수정 찾기				
QUEST_LV_0500_20210115_000679	Je sens encore la magie imprégner la crevasse Mirtinas{nl}Cherchez le cristal noir du Beholder sur la Route forestière de Bonan où vous n'avez pas encore enquêté	머티니스 균열로 스며드는 마력이 여전히 느껴집니다{nl}아직 조사하지 않은 보난 숲길에서 주시자의 검은 수정을 찾아보세요				
QUEST_LV_0500_20210115_000680	Cristal noir du Beholder trouvé sur la Route forestière de Bonan{nl}Utilisez de nouveau la bénédiction de la Déesse Lada et détruisez le cristal{nl}noir du Beholder	보난 숲길에서 주시자의 검은 수정을 찾아냈습니다{nl}다시 라다 여신의 축복을 사용하여 주시자의 검은 수정을 파괴하세요				
QUEST_LV_0500_20210115_000681	Détruire le Cristal Noir	검은 수정을 파괴하기				
QUEST_LV_0500_20210115_000682	Bien que la bénédiction de la Déesse Lada ait disparu, nous devons détruire le cristal noir	라다 여신의 축복을 잃었지만, 어떻게든 주시자의 검은 수정을 파괴해야만 합니다{nl}주시자의 검은 수정을 파괴하세요				
QUEST_LV_0500_20210115_000683	Vaincre les démons envahisseurs	습격한 마족들을 처치하기				
QUEST_LV_0500_20210115_000684	La Déesse Lada est sur le point de détruire le cristal noir du Beholder pour empêcher{nl}l'extraction du Mirtinas{nl}Vainquez les démons qui ont envahi Orsha	라다 여신은 머티니스 채굴을 막기 위해 주시자의 검은 수정을 파괴할 생각입니다{nl}당신은 오르샤를 침공한 마족들을 처리하세요				
QUEST_LV_0500_20210115_000685	Pendant que vous vainquiez les démons qui envahissaient Orsha, la Déesse Lada semble avoir atteint son but{nl}Parlez à la Déesse Lada	당신이 오르샤를 침공한 마족들을 상대하는 동안 라다 여신은 자신의 목표를 이룬 듯합니다{nl}라다 여신과 대화하세요				
QUEST_LV_0500_20210115_000686	Parler à la Déesse Lada	라다 여신과 대화하세요				
QUEST_LV_0500_20210115_000687	La Déesse Lada a réussi à détruire le dernier cristal noir{nl}Parlez à la Déesse Lada	라다 여신이 마지막 검은 수정을 파괴하는 데 성공했습니다{nl}라다 여신과 이야기하세요				
QUEST_LV_0500_20210115_000688	Monter la Route forestière de Bonan pour aller à Croisement de Paupys	파우피스 나루로 가기 위해 보난 숲길의 윗길로 올라가기				
QUEST_LV_0500_20210115_000689	Nous devrions trouver l'entrepôt Mirtinas et le détruire, afin de récupérer le Mirtinas dans le cas de la Déesse Lada, et de déjouer les plans des démons dans le vôtre{nl}Nous devrions nous diriger vers Croisement de Paupys pour nous enfoncer dans la forêt	머티니스 저장소를 찾아 라다 여신은 머티니스의 회수를 위해, 당신은 마족의 목적을 무산시키기 위해 파괴해야합니다{nl}숲 깊이 들어가기 위해 지금은 파우피스 나루로 향해야 합니다				
QUEST_LV_0500_20210115_000690	Nous devrions trouver l'entrepôt Mirtinas et le détruire, afin de récupérer le Mirtinas dans le cas de la Déesse Lada, et de déjouer les plans des démons dans le vôtre{nl}Nous devrions nous diriger vers Croisement de Paupys pour nous enfoncer dans la forêt	머티니스 저장소를 찾아 라다 여신은 머티니스의 회수를 위해, 당신은 마족의 목적을 무산시키기 위해 파괴해야 합니다{nl}숲 깊이 들어가기 위해 지금은 파우피스 나루로 향해야 합니다				
QUEST_LV_0500_20210115_000691	Vaincre le Broyeur Darbas	다르바스 스매셔 처치				
QUEST_LV_0500_20210115_000692	Les Forces qui Ont Occupé Croisement de Paupys	파우피스 나루를 점거한 세력들				
QUEST_LV_0500_20210115_000693	Rencontrer la Déesse Lada à Croisement de Paupys	파우피스 나루에서 라다 여신을 만나기				
QUEST_LV_0500_20210115_000694	La Déesse Lada a poursuivi le Beholder disparu{nl}Il a dû s'enfoncer dans la forêt, rendez-vous à Croisement de Paupys et rencontrez la Déesse Lada	사라진 주시자를 라다 여신이 쫓아갔습니다{nl}숲의 더 깊은 곳으로 갔을 테니 파우피스 나루로 가서 라다 여신을 만나세요				
QUEST_LV_0500_20210115_000695	Parler à la Déesse Lada	라다 여신과 이야기하기				
QUEST_LV_0500_20210115_000696	Les démons s'affrontent à Croisement de Paupys{nl}Parlez à la Déesse Lada	파우피스 나루에는 마족들끼리 서로 대치 중입니다{nl}라다 여신과 이야기하세요				
QUEST_LV_0500_20210115_000697	La Déesse Lada a parlé de la situation à Croisement de Paupys {nl}Parlez à la Déesse Lada de ce que chacun de vous devrait faire	파우피스 나루의 상황을 라다 여신으로부터 들었습니다{nl}여기서부터 각자 할 일이 무엇일지 라다 여신과 이야기하세요				
QUEST_LV_0500_20210115_000698	Vaincre les démons du carrefour désert et obtenir le symbole du supérieur	인적없는 나루터에서 마족들을 처치하고 상급자의 증표 획득하기				
QUEST_LV_0500_20210115_000699	Nous devons vérifier qui contrôle les subordonnés de Kartas{nl}Vainquez le Gardien de la Biblioteca et récupérez le symbole du supérieur qu'il{nl}possède.	카르타스의 부하를 움직이는 존재가 누구인지 확인해야 합니다{nl}비블리오테카 키퍼를 처치하고 그들이 가지고 있는 상급자의 증표를 회수하세요				
QUEST_LV_0500_20210115_000700	Vaincre le Gardien de la Biblioteca et obtenir le symbole du supérieur	비블리오테카 키퍼를 처치하고 상급자의 증표 획득				
QUEST_LV_0500_20210115_000701	Vaincre les démons du Repaire de Paslaptis et obtenir le symbole du supérieur	파슬랍 은거지에서 마족들을 처치하고 상급자의 징표를 얻기				
QUEST_LV_0500_20210115_000702	Démons vaincus au croisement vacant et symbole du supérieur récolté{nl}Vainquez les démons qui occupent le Repaire de Paslaptis et récoltez le symbole du supérieur des démons du{nl}Repaire de Paslaptis	인적 없는 나루터에서 마족들을 처치하고 상급자의 징표를 모았습니다{nl}파슬랍 은거지를 점거하고 있는 마족들을 처치하고 파슬랍 은거지 마족들의 상급자 징표를 모으세요				
QUEST_LV_0500_20210115_000703	Parler à la Déesse Lada venue au Repaire de Paslaptis	파슬랍 은거지로 온 라다 여신과 이야기하세요				
QUEST_LV_0500_20210115_000704	Vous avez récolté assez de symboles du supérieur des deux forces{nl}Parlez à la Déesse Lada qui vient d'arriver au Repaire de Paslaptis au bon moment.	두 세력의 상급자 징표를 충분히 모았습니다{nl}마침 파슬랍 은거지로 온 라다 여신과 이야기하세요				
QUEST_LV_0500_20210115_000705	Vynmedis vaincus et symbole du supérieur obtenu	빈미디스를 처치하고 상급자의 징표 획득				
QUEST_LV_0500_20210115_000706	La Déesse Lada a vérifié que le roi démon Baiga et le dieu démon Ragana sont ceux qui contrôlent les démons{nl}Continuez à parler à la Déesse Lada 	라다 여신으로부터 마족들을 움직이고 있는 건 각각 마왕 바이가와 마신 라가나임을 확인했습니다{nl}라다 여신과 계속 이야기하세요				
QUEST_LV_0500_20210115_000707	Enquêter sur la Falaise de Rohonsa	로혼사 절벽을 조사하기				
QUEST_LV_0500_20210115_000708	Quel que soit le but de Ragana et Baiga, nous ne devons pas laisser le Mirtinas tomber entre{nl}les mains des démons{nl}Nous devrions enquêter à Croisement de Paupys pour trouver l'entrepôt Mirtinas au plus vite{nl}Enquêtez sur la Falaise de Rohonsa	라가나와 바이가가 어떤 목적이든 머티니스가 마족의 손에 넘어가는 건 막아야 할 일입니다{nl}서둘러 머티니스 저장소를 찾기 위해 파우피스 나루를 조사해야 합니다{nl}로혼사 절벽을 조사하세요				
QUEST_LV_0500_20210115_000709	Suivez la Déesse Lada et Ragana Jusqu'à la Tour de Guet	라다 여신과 라가나를 쫓아 감시탑으로 가기				
QUEST_LV_0500_20210115_000710	Comme Ragana a disparu, la Déesse Lada a aussi disparu pour la suivre{nl}Nous devrions aller à la Tour de guet puisque leur énergie a disparu vers le Tour de guet.	라가나가 사라지자 라다 여신이 쫓기 위해 사라졌습니다{nl}둘의 기운이 감시탑 쪽으로 사라졌으니 감시탑으로 쫓아가야 합니다				
QUEST_LV_0500_20210115_000711	Parler à Baiga	바이가와 대화하세요				
QUEST_LV_0500_20210115_000712	Bien qu'ayant suivi Ragana et la Déesse Lada, c'est le roi démon Baiga qui se trouvait à la Tour de guet{nl}Rien n'indique pourquoi Baiga est ici, mais il ne semble pas être venu pour se battre, du moins pour l'instant{nl}Mieux vaudrait parler à Baiga	라가나와 라다 여신을 쫓아왔지만 감시탑에서 만난 건 다름아닌 마왕 바이가였습니다{nl}바이가가 왜 이곳에 있는지는 모르지만, 적어도 지금 바이가는 싸울 생각이 있어 보이지 않습니다{nl}바이가와 대화를 해보는 게 좋겠습니다				
QUEST_LV_0500_20210115_000713	Bien qu'ayant suivi Ragana et la Déesse Lada, c'est le roi démon Baiga qui se trouvait à la Tour de guet{nl}Rien n'indique pourquoi Baiga est ici, mais il ne semble pas chercher le combat pour l'instant{nl}Vous feriez mieux de parler à Baiga	라가나와 라다 여신을 쫓아왔지만, 감시탑에서 만난 건 다름 아닌 마왕 바이가였습니다{nl}바이가가 왜 이곳에 있는지는 모르지만, 적어도 지금 바이가는 싸울 생각이 있어 보이지 않습니다{nl}바이가와 대화를 해보는 게 좋겠습니다				
QUEST_LV_0500_20210115_000714	Suivre la Déesse Lada du côté droit de la Tour de guet	감시탑의 오른쪽 길로 라다 여신을 쫓아가기				
QUEST_LV_0500_20210115_000715	Baiga a proposé une nouvelle négociation{nl}Vous ne pouvez pas lui faire confiance, mais il ne servira à rien de vous opposer à lui pour l'instant{nl}Trouver la Déesse Lada est votre priorité en ce moment	바이가는 당신에게 이전처럼 또다시 협상을 제안했습니다{nl}믿을 수 있는 건 아니지만, 현재로서는 그와 대적해서 좋을 게 없습니다{nl}지금은 라다 여신을 찾는 게 우선입니다				
QUEST_LV_0500_20210115_000716	Rapporter à la Déesse Lada ce que Baiga vous a dit	라다 여신에게 바이가와 나누었던 이야기를 전하세요				
QUEST_LV_0500_20210115_000717	Examiner la Crevasse de Mirtinas à proximité	근처의 머티니스의 균열을 조사하기				
QUEST_LV_0500_20210115_000718	La Déesse Lada semble avoir besoin d'un moment pour se rétablir après l'affrontement contre Ragana{nl}Il y a une crevasse Mirtinas portant des traces d'extraction à proximité{nl}Vérifiez s'il y a un indice	라다 여신은 라가나와의 충돌 이후 잠시동안 회복이 필요해 보입니다{nl}마침 근처에는 채굴한 흔적이 있는 머티니스 균열이 있습니다{nl}단서가 될만한 게 있는지 확인해 보세요				
QUEST_LV_0500_20210115_000719	Retourner voir la Déesse Lada et lui dire le résultat de l'enquête	라다 여신에게 돌아가 조사한 결과를 알려주기				
QUEST_LV_0500_20210115_000720	En examinant la crevasse Mirtinas voisine, vous avez découvert la trace et la direction prise par le Mirtinas déplacé{nl}Retournez voir la Déesse Lada et rapportez-lui le résultat de l'enquête	근처의 머티니스 균열을 조사한 결과 머티니스를 옮긴 흔적과 그 방향을 알아냈습니다{nl}라다 여신에게 돌아가 조사 결과를 알려주세요				
QUEST_LV_0500_20210115_000721	Interroger la Déesse Lada sur son état	라다 여신의 상태를 묻기				
QUEST_LV_0500_20210115_000722	En examinant la crevasse Mirtinas voisine, vous avez découvert que le Mirtinas extrait a pris la direction de la Grand-route de Gatves{nl}Avant de partir, vérifiez l'état de la Déesse Lada	주변 머티니스 균열 조사로 채굴된 머티니스가 갓베스 가도를 향해 갔다는 사실을 알아냈습니다{nl}자리를 뜨기 전에, 라다 여신의 상태를 확인하세요				
QUEST_LV_0500_20210115_000723	Enquêter sur la Crevasse Mirtinas à la Grand-route de Gatves	갓베스 가도의 머티니스 균열 조사				
QUEST_LV_0500_20210115_000724	La Déesse Lada a besoin d'encore un peu de temps pour se rétablir{nl}Mais comme le temps manque, vous devez d'abord vous rendre à la{nl}Grand-route de Gatves	라다 여신은 조금 더 회복할 시간이 필요합니다{nl}그러나 시간이 많지 않은 만큼 당신은 먼저 갓베스 가도로 향해야 합니다				
QUEST_LV_0500_20210115_000725	Examiner la Crevasse Mirtinas	머티니스 균열을 조사하기				
QUEST_LV_0500_20210115_000726	Querelle de la Grand-route de Gatves{nl}réglée sans encombre{nl}Examinez la crevasse Mirtinas	갓베스 가도의 난전을 무사히 정리했습니다{nl}머티니스 균열을 조사하세요				
QUEST_LV_0500_20210115_000727	Rencontrer la Déesse Lada à l'entrée de Forêt d'Issaugoti	이사우고티 숲 입구에서 라다 여신을 만나기				
QUEST_LV_0500_20210115_000728	La trace de roue de chariot se dirige vers la Forêt d'Issaugoti{nl}Rencontrez la Déesse Lada à l'entrée de Forêt d'Issaugoti	수레의 바퀴 자국이 이사우고티 숲을 향하고 있습니다{nl}이사우고티 숲 입구에서 라다 여신을 만나세요				
QUEST_LV_0500_20210115_000729	Rencontrer la Déesse Lada dans le Sanctuaire de Laima	라이마의 성소에서 라다 여신을 만나기				
QUEST_LV_0500_20210115_000730	Vous, qui avez combattu sans relâche, et la Déesse Lada, qui a affronté Ragana, avez tous deux besoin de{nl}temps pour vous rétablir{nl}Retournez au Sanctuaire de Laima où c'est sûr et retrouvez la Déesse Lada	계속된 전투로 당신은 물론, 라가나와의 전투를 겪은 라다 여신은 재정비가 필요하다고 판단했습니다{nl}안전한 라이마의 성소로 돌아가 라다 여신을 찾으세요				
QUEST_LV_0500_20210115_000731	Vaincre 2000 monstres de type Mutant dans la zone de l'Épisode 13	Episode13 지역에서 변이형 몬스터 2000마리 처치				
QUEST_LV_0500_20210115_000732	Vaincre les monstres de type Mutant de la zone de l'Épisode 13	Episdoe13 지역의 변이형 몬스터 처치				
QUEST_LV_0500_20210115_000733	Vaincre 2000 monstres de type Insecte, Diable, Plante dans la zone de l'Épisode 13	Episode13 지역에서 곤충, 악마, 식물형 몬스터 2000마리 처치				
QUEST_LV_0500_20210115_000734	Vaincre les monstres de type Insecte, Diable, Plante dans la zone de l'Épisode 13	Episode13 지역의 곤충, 악마, 식물형 몬스터 처치				
QUEST_LV_0500_20210115_000735	Vaincre 2000 monstres de type Bête dans la zone de l'Épisode 13	Episode13 지역에서 야수형 몬스터 2000마리 처치				
QUEST_LV_0500_20210115_000736	Vaincre les monstres de type Bête de la zone de l'Épisode 13	Episode13 지역의 야수형 몬스터 처치				
QUEST_LV_0500_20210115_000737	Vaincre 3000 monstres de grande taille dans la zone de l'Épisode 13	Episode13 지역에서 대형 몬스터 3000마리 처치				
QUEST_LV_0500_20210115_000738	Vaincre les monstres de grande taille de la zone de l'Épisode 13	Episode13 지역의 대형 몬스터 처치				
QUEST_LV_0500_20210115_000739	Vaincre 3000 monstres de taille moyenne dans la zone de l'Épisode 13	Episode13 지역에서 중형 몬스터 3000마리 처치				
QUEST_LV_0500_20210115_000740	Vaincre les monstres de taille moyenne de la zone de l'Épisode 13	Episode13 지역의 중형 몬스터 처치				
QUEST_LV_0500_20210115_000741	Vaincre 3000 monstres de petite taille dans la zone de l'Épisode 13	Episode13 지역에서 소형 몬스터 3000마리 처치				
QUEST_LV_0500_20210115_000742	Vaincre les monstres de petite taille de la zone de l'Épisode 13	Episode13 지역의 소형 몬스터 처치				
QUEST_LV_0500_20210115_000743	Vaincre 8000 monstres dans la zone de l'Épisode 13	Episode13 지역에서 몬스터 8000마리 처치				
QUEST_LV_0500_20210115_000744	Vaincre les monstres de la zone de l'Épisode 13	Episode13 지역의 몬스터 처치				
QUEST_LV_0500_20210115_000745	Terminer Vestiges de Bernice 50e étage ou plus	베르니케 파편 던전 50층 이상 클리어				
QUEST_LV_0500_20210115_000746	Achever le Donjon Assister section 6 ou plus	어시스터 던전 6구간 이상 클리어				
QUEST_LV_0500_20210115_000747	Achever la Chasse Solitaire	1인 레이드 클리어				
QUEST_LV_0500_20210115_000748	Achever le Raid Legend 10 fois	레전드 레이드 10회 클리어				
QUEST_LV_0500_20210115_000749	Infliger 500 millions de dégâts cumulés ou plus dans les Raid de boss hebdomadaire	주간 보스 레이드 누적 대미지 5억 이상 달성				
QUEST_LV_0500_20210115_000750	Participer au Raid Frappe conjointe 2 fois	협동전 2회 참가				
QUEST_LV_0500_20210115_000751	Achever le Donjon de niveau 10 fois	레벨 던전 10회 클리어				
QUEST_LV_0500_20210115_000752	Achever le mode Défi étape 3 ou plus 30 fois{nl}L'Auto Match peut se dérouler dans la zone 3.	챌린지 모드 3단 이상으로 30회 클리어{nl}자동 매칭은 제 3구역에서 진행할 수 있습니다.				
QUEST_LV_0500_20210115_000753	Achever le mode Défi : Singularité de division étape 3 ou plus, en Correspondance auto 10 fois	챌린지 모드 : 분열 특이점 3단 이상, 자동 매칭 10회 클리어				
QUEST_LV_0500_20210115_000754	Vaincre 200 monstres dans les champs normaux de l'Étang de Lemprasa	렘파라사 연못의 일반 필드에서 몬스터 200마리 처치				
QUEST_LV_0500_20210115_000755	Vaincre 200 monstres dans les champs normaux des Bois des Ponts reliés	덧댄다리 숲의 일반 필드에서 몬스터 200마리 처치				
QUEST_LV_0500_20210115_000756	Vaincre 200 monstres dans les champs normaux de Croisement de Paupys	파우피스 나루의 일반 필드에서 몬스터 200마리 처치				
QUEST_LV_0500_20210115_000757	Vaincre les monstres de Croisement de Paupys	파우피스 나루의 몬스터 처치				
QUEST_LV_0500_20210115_000758	Vaincre 200 monstres dans les champs normaux de Forêt d'Issaugoti	이사우고티 숲의 일반 필드에서 몬스터 200마리 처치				
QUEST_LV_0500_20210115_000759	Vaincre les monstres de Forêt d'Issaugoti	이사우고티 숲의 몬스터 처치				
QUEST_LV_0500_20210115_000760	Vaincre 200 monstres dans les champs normaux de la Forêt de Kirtimas	키르티마스 숲의 일반 필드에서 몬스터 200마리 처치				
QUEST_LV_0500_20210115_000761	Vaincre les monstres de la Forêt de Kirtimas	키르티마스 숲의 몬스터 처치				
QUEST_LV_0500_20210115_000762	Vaincre les monstres dans les champs normaux de l'Étang de Lemprasa et obtenir 50 produits	렘파라사 연못의 일반 필드에서 몬스터를 처치하고 부산물 50 획득				
QUEST_LV_0500_20210115_000763	Récupérer le tissu de Liepsna après avoir vaincu les monstres de l'Étang de Lemprasa	렘파라사 연못의 몬스터 처치 후 리프스나의 조직 회수				
QUEST_LV_0500_20210115_000764	Vaincre les monstres dans les champs normaux des Bois des Ponts reliés et obtenir 50 produits	덧댄다리 숲의 일반 필드에서 몬스터를 처치하고 부산물 50 획득				
QUEST_LV_0500_20210115_000765	Vaincre les monstres des Bois des Ponts reliés et récupérer les vivres des Darbas 	덧댄다리 숲의 몬스터 처치 후 다르바스의 보급품 회수				
QUEST_LV_0500_20210115_000766	Vaincre les monstres dans les champs normaux de Croisement de Paupys et obtenir 50 produits	파우피스 나루의 일반 필드에서 몬스터를 처치하고 부산물 50 획득				
QUEST_LV_0500_20210115_000767	Vaincre les monstres de Croisement de Paupys et récupérer le sang de démon	파우피스 나루의 몬스터 처치 후 마족의 피 회수				
QUEST_LV_0500_20210115_000768	Vaincre les monstres dans les champs normaux de Forêt d'Issaugoti et obtenir 50 produits	이사우고티 숲의 일반 필드에서 몬스터를 처치하고 부산물 50 획득				
QUEST_LV_0500_20210115_000769	Vaincre les monstres de Forêt d'Issaugoti et récupérer l'âme de Saugumas	이사우고티 숲의 몬스터 처치 후 소거마스의 영혼 회수				
QUEST_LV_0500_20210115_000770	Vaincre les monstres dans les champs normaux de la Forêt de Kirtimas et obtenir 50 produits	키르티마스 숲의 일반 필드에서 몬스터를 처치하고 부산물 50 획득				
QUEST_LV_0500_20210115_000771	Vaincre les monstres de la Forêt de Kirtimas et récupérer les fragments	키르티마스 숲의 몬스터 처치 후 파편 회수				
QUEST_LV_0500_20210115_000772	Vaincre 60000 monstres dans la zone de l'Épisode 13	Episode13 지역에서 몬스터 60000마리 처치				
QUEST_LV_0500_20210115_000773	Achever le Raid Legend 50 fois	레전드 레이드 50회 클리어				
QUEST_LV_0500_20210115_000774	Achever le mode Défi étape 3 ou plus 250 fois{nl}L'Auto Match peut se dérouler dans la zone 3.	챌린지 모드 3단 이상으로 250회 클리어{nl}자동 매칭은 제 3구역에서 진행할 수 있습니다.				
QUEST_LV_0500_20210115_000775	Demander de l'aide à Inesa Hamondale, seigneur d'Orsha	오르샤 영주 이네사 해먼데일에게 도움을 요청해 봅시다				
QUEST_LV_0500_20210115_000776	Demander de l'aide à Inesa Hamondale	이네사 해먼데일에게 도움을 요청해보세요				
QUEST_LV_0500_20210115_000777	Recevoir les objets d'Inesa Hamondale	이네사 해먼데일이 지원해주는 물품을 받으세요				
QUEST_LV_0500_20210115_000778	Trouver l'Entrepôt Mirtinas	머티니스 저장소 찾기				
QUEST_LV_0500_20210115_000779	Se rendre à la Forêt d'Issaugoti et trouver l'endroit où le Mirtinas est entreposé	이사우고티 숲으로 이동하여 머티니스가 저장된 곳을 찾아봅시다				
QUEST_LV_0500_20210115_000780	S'éloigner de l'entrepôt	저장소에서 물러나기				
QUEST_LV_0500_20210115_000781	Un endroit qui semble être l'entrepôt a été trouvé mais il faut reculer car il y a trop d'ennemis	저장소로 보이는 곳을 찾았지만 적들이 너무 많으니 물러나야 합니다				
QUEST_LV_0500_20210115_000782	Trouver un endroit propice pour attirer les démons	마족들을 유인하기 적합한 장소 찾기				
QUEST_LV_0500_20210115_000783	Trouver un endroit propice pour attirer les démons selon le plan de la Déesse Lada	라다 여신의 계획대로 마족들을 유인하기 적합한 장소를 찾아보세요				
QUEST_LV_0500_20210115_000784	Examiner un endroit propice pour attirer les démons	마족들을 유인하기 적합한 장소 조사하기				
QUEST_LV_0500_20210115_000785	Trouver un endroit propice pour attirer les démons des forces de Ragana et Baiga	라가나와 바이가 세력의 마족을 유인하기에 적합한 장소를 찾아보세요				
QUEST_LV_0500_20210115_000786	Vérifier le dernier lieu d'enquête	마지막 조사 장소 확인하기				
QUEST_LV_0500_20210115_000787	Vérifier si le dernier endroit convient	마지막 장소가 적합한지 확인하세요				
QUEST_LV_0500_20210115_000788	Parler à la Déesse Lada et poursuivre le prochain plan	라다 여신과 대화하여 다음 계획을 진행하세요				
QUEST_LV_0500_20210115_000789	Donner de fausses informations à la force de Ragana	라가나 세력에게 거짓 정보 전달				
QUEST_LV_0500_20210115_000790	Donner de fausses informations au démon qui semble être le subordonné de Ragana et duper Ragana	라가나의 직속 부하로 보이는 마족에게 거짓 정보를 전달하여 라가나를 속이세요				
QUEST_LV_0500_20210115_000791	Fausses informations données au messager de Ragana	라가나의 전령에게 거짓 정보를 전달하였습니다				
QUEST_LV_0500_20210115_000792	Parler avec le messager de Baiga	바이가의 전령과 대화				
QUEST_LV_0500_20210115_000793	Donner de fausses informations au démon qui semble être le subordonné de Baiga	바이가의 직속 부하로 보이는 마족에게 거짓 정보를 전달하세요				
QUEST_LV_0500_20210115_000794	Donner de fausses informations à la force de Baiga	바이가의 세력에게 거짓 정보 전달				
QUEST_LV_0500_20210115_000795	Fausses informations données au messager de Baiga	바이가의 전령에게 거짓 정보를 전달하였습니다.				
QUEST_LV_0500_20210115_000796	Informer la Déesse Lada que vous avez transmis les fausses informations sans encombre	라다 여신에게 거짓 정보를 무사히 넘겼음을 알리세요				
QUEST_LV_0500_20210115_000797	Approcher de l'entrepôt Mirtinas	머티니스 저장소 근처로 가기				
QUEST_LV_0500_20210115_000798	Vérifier si les démons sont dupés par les fausses informations	마족들이 거짓 정보에 속았는지 확인해봅시다				
QUEST_LV_0500_20210115_000799	Fouiller l'entrepôt Mirtinas	머티니스 저장소 살펴보기				
QUEST_LV_0500_20210115_000800	L'infiltration semble avoir réussi.{nl}Regardez autour et voyez où est le Mirtinas entreposé	무사히 침투한 것 같습니다.{nl}저장된 머티니스가 어디에 있는지 살펴봅시다				
QUEST_LV_0500_20210115_000801	Vaincre les gardes démoniaques restants	남아있는 마족 경비병 처치하기				
QUEST_LV_0500_20210115_000802	Fouiller l'entrepôt Mirtinas et trouver un endroit propice pour installer la bombe	머티니스 저장소를 살펴보고 폭탄을 설치하기 적당한 곳을 찾으세요				
QUEST_LV_0500_20210115_000803	Installer la Bombe dans l'Entrepôt Mirtinas	머티니스 저장소에 폭탄 설치하기				
QUEST_LV_0500_20210115_000804	Installer la bombe dans le tas de Mirtinas extrait 	그동안 채굴한 머티니스가 쌓인 곳에 폭탄을 설치하세요				
QUEST_LV_0500_20210115_000805	Installer le reste des bombes	폭탄을 마저 설치하기				
QUEST_LV_0500_20210115_000806	Installer le reste des bombes	폭탄을 마저 설치합시다				
QUEST_LV_0500_20210115_000807	Vaincre l'exécuteur Saugumas qui interrompt l'installation des bombes	폭탄 설치를 방해하는 소거마스 집행자 처치하기				
QUEST_LV_0500_20210115_000808	Fuir les lieux	자리 벗어나기				
QUEST_LV_0500_20210115_000809	Rester à l'écart pour éviter les effets de l'explosion	폭발의 영향에서 벗어나기 위해 멀리 떨어지세요				
QUEST_LV_0500_20210115_000810	Activer la bombe	폭탄 작동시키기				
QUEST_LV_0500_20210115_000811	Je crois que c'est assez sûr. Faisons sauter la bombe avec un parchemin de contrôle à distance.	이 정도면 안전한 것 같으니 폭탄을 원격 조작 스크롤로 폭파시킵시다				
QUEST_LV_0500_20210115_000812	On dirait que la bombe a bien explosé	폭탄이 무사히 터진 것 같습니다				
QUEST_LV_0500_20210115_000813	Examiner le Mirtinas	머티니스 살펴보기				
QUEST_LV_0500_20210115_000814	Vérifier si la bombe a complètement éliminé le Mirtinas	폭탄이 머티니스를 완벽하게 제거하였는지 살펴봅시다				
QUEST_LV_0500_20210115_000815	Fuir l'attaque du Beholder	주시자의 공격으로부터 도망치기				
QUEST_LV_0500_20210115_000816	Fuir l'attaque du Beholder enragé	분노한 주시자의 공격으로부터 도망치세요				
QUEST_LV_0500_20210115_000817	Parler à l'être qui vous attend	기다리고 있는 존재와 대화				
QUEST_LV_0500_20210115_000818	Il semble que quelqu'un attende sur les lieux	도망친 곳에 누군가가 기다리고 있는 것 같습니다				
QUEST_LV_0500_20210115_000819	Parler à Ragana	라가나와 대화				
QUEST_LV_0500_20210115_000820	Parler à Ragana	라가나와 대화하세요				
QUEST_LV_0500_20210115_000821	Fuir le Beholder	주시자에게서 도망치기				
QUEST_LV_0500_20210115_000822	Fuir l'attaque du Beholder	주시자의 공격으로부터 도망치세요				
QUEST_LV_0500_20210115_000823	Aller voir l'être qui vous attend	기다리고 있는 존재 확인				
QUEST_LV_0500_20210115_000824	On dirait que quelqu'un attend	누군가가 기다리고 있는 것 같습니다				
QUEST_LV_0500_20210115_000825	Parler à Baiga	바이가와 대화				
QUEST_LV_0500_20210115_000826	Baiga vous attend	바이가가 당신을 기다리고 있습니다				
QUEST_LV_0500_20210115_000827	Faire Son Rapport à la Déesse Lada	라다 여신에게 보고				
QUEST_LV_0500_20210115_000828	Rapporter le fait que vous avez rencontré le dieu démon Baubas.	마신 바우바스와 만난 사실을 라다 여신에게 보고합시다				
QUEST_LV_0500_20210115_000829	Expliquer à la Déesse Lada ce qui s'est passé	라다 여신에게 겪었던 일을 설명하세요				
QUEST_LV_0500_20210115_000830	Parler de la situation à Inesa Hamondale, seigneur d'Orsha	오르샤 영주 이네사 해먼데일에게 상황을 전달하세요				
QUEST_LV_0500_20210115_000831	Retourner Voir la Déesse Lada	라다 여신에게 돌아갑시다.				
QUEST_LV_0500_20210115_000832	Interroger la Déesse Lada sur les plans à venir	라다 여신에게 앞으로의 여정에 대해 물어보세요				
QUEST_LV_0500_20210115_000833	Retourner Voir la Déesse Lada	라다 여신에게 돌아가세요				
QUEST_LV_0500_20210115_000834	Rencontrer l'officier chargé de la reconstruction d'Orsha	왕국 재건단 오르샤 담당인과 만나기				
QUEST_LV_0500_20210115_000835	Maintenant que Medzio Diena a laissé le royaume et le reste du monde dévastés par le désastre, il y a partout dans le monde des gens qui se remettent en marche avec espoir.{nl}La Reconstruction du Royaume a été créée par un groupe de personnes qui ne comptaient pas sur la disparition de la Déesse mais voulaient que le royaume se relève par lui-même.{nl}Les membres de la Reconstruction du Royaume sont déjà dispersés dans le monde entier et se consacrent à la reconstruction du royaume.{nl}Parlez au responsable de la Reconstruction du Royaume d'Orsha 	신수의 날로 왕국을 비롯한 세계가 재앙의 피해로 무너진 지금, 세계 곳곳에는 다시 희망을 갖고 움직이는 사람들이 있습니다{nl}왕국 재건단은 사라진 여신들에 의지 하지 않고, 인간 스스로의 힘으로 다시 왕국이 부흥하기를 바라는 사람들이 모여 만들어졌습니다{nl}이미 세계 곳곳에는 왕국 재건단의 단원들이 흩어져 왕국 재건에 헌신하고 있습니다.{nl}그들의 이야기를 들어보기 위해 오르샤의 왕국 재건단 담당인과 만나세요				
QUEST_LV_0500_20210518_000836	On dirait que la Déesse Lada a laissé tomber la bénédiction exprès Cherchez la source de magie à{nl}la Ferme de Morku en utilisant la bénédiction.	라다 여신이 일부러 축복을 흘려둔 것 같다{nl}축복을 이용해 모르꼬스 농장에서 마력의 근원지를 찾아보자	QUEST_LV_0500_20210115_000407	On dirait que la Déesse Lada a laissé tomber la bénédiction exprès Cherchez la source de magie à{nl}la Ferme de Morku en utilisant la bénédiction.	라다 여신이 일부로 축복을 흘려둔 것 같다{nl}축복을 이용해 모르꼬스 농장에서 마력의 근원지를 찾아보자	PC
QUEST_LV_0500_20210809_000837	Équipe de Réparation des Dégâts d'Orsha	오르샤 피해복구반 단원				
QUEST_LV_0500_20210809_000838	J'ai entendu dire que le Révélateur est à Orsha, mais je ne m'attendais pas à recevoir une telle{nl}aide. La dernière fois que j'étais ici, il n'y avait que quelques Kepa.	계시자님이 오르샤에 계신다는 이야기는 들었습니다만{nl}이렇게 저희를 도와주실 줄은 몰랐군요.{nl}마지막으로 이곳에 왔을 땐, 고작 케파 몇 마리가 전부였건만..				오르샤 피해복구반 단원
QUEST_LV_0500_20210809_000839	Beaucoup de gens affluent de tout le Sud pour aider la Reconstruction du Royaume... mais je ne{nl}crois pas que quiconque puisse entrer dans la cité en sécurité s'il y a des monstres partout dans{nl}la forêt.	남부 각지에서 왕국 재건단을 돕기 위해 모이고 있습니다만..{nl}숲 사이 샛길조차 이렇게 괴물들이 들끓어서야 누구 하나 무사히 도시로 진입하기 힘들 것 같군요.				오르샤 피해복구반 단원
QUEST_LV_0500_20210809_000840	Nous aideriez-vous si vous le pouvez ?	여유가되신다면 저희를 좀 도와주실 수 있겠습니까?				오르샤 피해복구반 단원
QUEST_LV_0500_20210809_000841	Oh là là, vous êtes LE Révélateur ! J'en ai entendu parler par les membres, mais c'est un honneur{nl}de vous rencontrer en personne.	이럴 수가, 계시자님이셨군요!{nl}단원들에게 이야기는 익히 들었습니다만 실제로 뵙게 되어 영광입니다.				오르샤 피해복구반 단원
QUEST_LV_0500_20210809_000842	{nl}J'imagine que je suis le veinard du jour. Je n'aurais jamais cru voir le héros du Royaume et le{nl}Révélateur le même jour ! Peut-être pourrez-vous aussi rencontrer Pajauta.	{nl}오늘은 제게 운이 따르나 봅니다.{nl}이렇게 왕국의 영웅과 계시자를 한날한시에 뵙게 될 줄이야!{nl}계시자님도 어쩌면 파야우타님과 만날 수도 있겠군요.				오르샤 피해복구반 단원
QUEST_LV_0500_20210809_000843	J'aimerais pouvoir vous présenter à Pajauta, mais malheureusement, Pajauta a franchi la Route{nl}d'Adata tôt ce matin. Et voyez-vous...	계시자님께도 파야우타님을 소개시켜드리면 좋겠지만,{nl}안타깝게도 이른 아침에 파야우타님은 아다타 가도 너머로 수색을 나가셨습니다.{nl}그리고 말입니다...				오르샤 피해복구반 단원
QUEST_LV_0500_20210809_000844	Peu après le départ de Pajauta, nous avons trouvé des démons se rassemblant dans la zone du{nl}Camp de colons temporaire. Je crois qu'ils projettent d'occuper les environs, et je crains que{nl}Pajauta ne tombe sur eux à son retour. Alors voilà, pourquoi n'iriez-vous pas vous en occuper au{nl}Camp de colons temporaire ?	파야우타님이 출발하시고 얼마 후에 임시 이주민 캠프 지역에 마족들이 집결하는 걸 발견 했습니다.{nl}아마도 이 주변을 장악할 생각인 것 같은데, 파야우타님이 돌아오실 때 맞닥뜨릴까 걱정이군요.{nl}그래서 말인데, 계시자님이 임시 이주민 캠프에서 녀석들을 처리해주시는 게 어떻겠습니까?				오르샤 피해복구반 단원
QUEST_LV_0500_20210809_000845	J'ai entendu dire que la situation était mauvaise, mais c'est pire que je ne le pensais. J'ai entendu{nl}dire que vous faites du bon travail un peu partout. On dit que même les déesses n'ont d'yeux{nl}que pour vous.	상황이 안 좋다는 건 들었지만, 예상보다 훨씬 안 좋아.{nl}듣기론 아주 대단한 일을 하며 돌아다니고 있던데, 여신들도 너만 바라본다고 하더구나.{nl}아주 대단해.				파야우타
QUEST_LV_0500_20210809_000846	Révélateur... Révélateur, Révélateur... Toutes les Kupole que j'ai croisées en chemin faisaient{nl}votre éloge. La prochaine fois que vous rencontrerez les déesses, leur parlerez-vous de moi ?	계시자.. 계시자.. 계시자..{nl}이곳에 오며 만난 큐폴들도 모두 널 칭송하고 있더구나.{nl}다음에 여신들을 만나면 내 이야기도 좀 해주겠어?				파야우타
QUEST_LV_0500_20210809_000847	Qu'il y a un être humain qui a tout perdu à cause de vous.	당신들 때문에 모든 걸 잃어버린 인간이 있다고.				파야우타
QUEST_LV_0500_20210809_000848	Trouvez-vous que je suis trop grognon ? Alors que tout ce que vous avez fait, c'est aider les{nl}déesses à sauver le monde.	내가 너무 투덜거린 걸까?{nl}너는 그저 여신들을 도와 세상을 구한 것 뿐인데 말이야.				파야우타
QUEST_LV_0500_20210809_000849	Bon, assez de charabia pour aujourd'hui, avançons. Vous venez avec moi, n'est-ce pas ?	잡담은 여기까지 하고 다시 떠나야겠어.{nl}너도 물론 함께 가겠지?				파야우타
QUEST_LV_0500_20210809_000850	Nous devons d'abord nous rendre au Fourche d'Amzina. Nous devons y arrêter les démons afin{nl}que les réfugiés des Bois des Ponts reliés puissent atteindre Orsha en sécurité.	우선 암지나 갈림길로 향해야 해.{nl}거기서 마족들을 처리해야 덧댄다리 숲에서 도망쳐 온 피난민들이 오르샤까지 무사히 갈 수 있어.				파야우타
QUEST_LV_0500_20210809_000851	Dites-le-moi quand vous serez prêt.	출발할 준비가 되면 말해줘.				파야우타
QUEST_LV_0500_20210809_000852	Avez-vous déjà rencontré une Kupole nommée Velad ?	혹시 블라드라는 큐폴을 만난 적 있어?				파야우타
QUEST_LV_0500_20210809_000853	Rien.	아무것도 아니야.				파야우타
QUEST_LV_0500_20210809_000854	Vous êtes toujours en forme. Eh bien, allons-nous à la zone suivante ? 	실력이 여전하구나.{nl}그럼 다음 지역으로 가볼까?				파야우타
QUEST_LV_0500_20210809_000855	Prochaine étape : la Zone abattue de Malkos. La Reconstruction du Royaume, convoquée de{nl}Klaipeda à Orsha, passe par là. Ils sont proches d'un marchand qui voyage sur de longues{nl}distances, il leur sera donc difficile de faire face aux démons de cette région. 	다음은 말코스 벌목지야.{nl}클라페다령에서 오르샤로 소집된 왕국 재건단들이 말코스 벌목지를 지나서 오고 있어.{nl}먼거리를 이동하는 상단 정도의 집단이어서 이 지역의 마족들을 제대로 상대하기 힘들 거야.				파야우타
QUEST_LV_0500_20210809_000856	Allons-y quand vous serez prêt.	준비되면 출발하자.				파야우타
QUEST_LV_0500_20210809_000857	J'ai croisé beaucoup de Kupole dans les zones du Mémorial et de la Banlieue quand j'ai fouillé la{nl}capitale.. et la plupart me méprisaient, à quelques exceptions près.	수도 근처를 수색할 때 기념구 지역과 외곽지역에서 큐폴들을 꽤 많이 마주쳤는데..{nl}몇 녀석 빼곤 날 무시했어.				파야우타
QUEST_LV_0500_20210809_000858	Même si je leur ai sauvé la vie, un humain reste un humain, n'est-ce pas ?	목숨을 살려줘도 인간은 어차피 인간이란 걸까?				파야우타
QUEST_LV_0500_20210809_000859	Je pensais que vous seriez là à l'heure qu'il est. Je m'inquiétais derrière le rocher de ce qui{nl}arriverait si vous ne veniez pas. Pajauta a l'air d'aller bien aussi.	지금쯤이면 오실 거라 생각했습니다.{nl}뒤쪽 바위에서 안 오면 어쩌나 걱정하고 있었습니다.{nl}파야우타님도 무사해 보이는 군요.				오르샤 피해복구반 단원
QUEST_LV_0500_20210809_000860	Allons ensemble aux Bois des Ponts reliés. Je partirai devant et jetterai un œil alentour.	그럼 덧댄다리 숲으로 함께 가시죠.{nl}저는 먼저 가서 주변을 살피고 있겠습니다.				오르샤 피해복구반 단원
QUEST_LV_0500_20210809_000861	Maintenant les membres venus de Klaipeda pourront rejoindre Orsha en sécurité. Mais il faut{nl}aussi aider les gens qui se dirigent vers Orsha depuis d'autres directions. Retournons voir{nl}l'Équipe de réparation des dégâts d'Orsha.	이제 클라페다에서 오는 단원들이 안전하게 오르샤까지 갈 수 있을 거야.{nl}하지만 다른 방향에서 오르샤로 향하는 사람들도 도와야 해.{nl}오르샤 피해복구반 단원에게 돌아가자.				파야우타
QUEST_LV_0500_20210809_000862	Merci d'être venu immédiatement.	이렇게 바로 와주셔서 감사합니다.				오르샤 피해복구반 단원
QUEST_LV_0500_20210809_000863	Je viens de parler au messager du seigneur. Il y a tant de réfugiés à Orsha qu'il faut leur créer une{nl}résidence temporaire. Cependant, le seigneur a demandé l'aide de la Reconstruction du{nl}Royaume car il n'y a pas de matériaux.	방금전 영주님의 전령과 이야기를 나눴습니다.{nl}오르샤에 피난민들이 너무 많아져서 그들을 쉬게 할 임시 거주지를 만들어야한다고 하는군요.{nl}하지만 물자가 없어서 왕국 재건단원들에게 도움을 요청하고 있다고 하십니다.				오르샤 피해복구반 단원
QUEST_LV_0500_20210809_000864	C'est difficile. C'est un problème que la cité soit saturée, mais les réfugiés qui ont souffert n'ont{nl}nulle part où se reposer.	난감하군요.{nl}도시가 포화되는 것도 문제지만 고생한 피난민들이 쉴 곳이 없다니..				오르샤 피해복구반 단원
QUEST_LV_0500_20210809_000865	Révélateur, y a-t-il un bon moyen ?	계시자님, 뭔가 좋은 방법이 없을까요?				오르샤 피해복구반 단원
QUEST_LV_0500_20210809_000866	Ne me regardez pas ainsi. Je ne suis pas la Déesse Vaivora, cela ne sort pas comme cela d'une{nl}poche. 	그런 눈으로 보지 말아줘.{nl}난 바이보라 여신이 아니야, 그런 걸 주머니에서 꺼내줄 수 없다고.				파야우타
QUEST_LV_0500_20210809_000867	Attendez, j'ai une idée.	잠깐, 내게 좋은 생각이 있어.				파야우타
QUEST_LV_0500_20210809_000868	Avez-vous vu ce que tiennent les démons ? Pourquoi ne pas les leur « emprunter » après une{nl}petite « conversation » avec eux ?	이곳의 마족들이 손에 쥐고 있는 물건들 봤어?{nl}녀석들을 손봐주고 그걸 좀 빌려 가는 게 어떨까?				파야우타
QUEST_LV_0500_20210809_000869	{nl}Si le propriétaire a disparu, nous n'aurons même pas besoin de le rendre, aucun problème. Ne{nl}trouvez-vous pas que c'est une bonne idée ? 	{nl}어차피 주인은 없어졌으니 돌려줄 필요도 없고 뒤탈은 없을 거 같은데 말이지.{nl}좋은 생각 같지 않아?				파야우타
QUEST_LV_0500_20210809_000870	Les gens extraordinaires ont des idées extraordinaires ! Je vous laisse cela et je guiderai les{nl}messagers ici.	역시 비범한 분들은 생각도 비범하군요!{nl}저는 여러분만 믿고 여기서 전령들을 안내하고 있겠습니다.				오르샤 피해복구반 단원
QUEST_LV_0500_20210809_000871	Eh bien, récoltons-les un par un. Je tiendrai les matériaux, vous vous en occupez.	좋아 그럼 하나하나 모아볼까?{nl}일단 자재들은 내가 들고 있을 태니 네가 처리하는 게 좋겠어.				파야우타
QUEST_LV_0500_20210809_000872	Tout d'abord, vous feriez mieux d'emprunter une pelle au Porteur Darbas, non ?{nl}	우선 다르바스 캐리어에게 삽을 빌려오는 게 좋겠지?{nl}				파야우타
QUEST_LV_0500_20210809_000873	Bien, cela satisfera le seigneur. À qui allons-nous emprunter...	좋아, 이 정도면 영주님도 만족할 거야.{nl}다음은 어느녀석껄 빌려볼까..				파야우타
QUEST_LV_0500_20210809_000874	D'accord... celui-là fera l'affaire. Pourquoi ne pas prendre une pioche au Mineur Darbas ?	좋아, 저 녀석이 좋겠어.{nl}다르바스 마이너에게 곡괭이를 얻어볼까?				파야우타
QUEST_LV_0500_20210809_000875	Nous ferions mieux d'en jeter quelques-uns. C'est trop lourd.	몇 개는 좀 버리고 가야겠어.{nl}너무 무거우니까.				파야우타
QUEST_LV_0500_20210809_000876	Prenons une dernière chose. Nous ne pourrons pas en porter davantage.	마지막으로 하나만 더 구해보자.{nl}더 들고 다니긴 무리니까.				파야우타
QUEST_LV_0500_20210809_000877	Je crois que nous pourrons obtenir ceci et cela du Chargeur Darbas...	다르바스 로더에게 이것저것 모을 수 있을 거 같은데..				파야우타
QUEST_LV_0500_20210809_000878	Vous voilà de retour ! Qu'avez-vous apporté ? Ce sera sans nul doute quelque chose d'utile{nl}puisque vous avez travaillé à deux. Voyons voir...	돌아오셨군요!{nl}어떤 걸 모아오셨습니까?{nl}분명 두 분이 힘을 합치셨으니 큰 도움이 되는 물건일 겁니다.{nl}어디보자..				오르샤 피해복구반 단원
QUEST_LV_0500_20210809_000879	Une pelle.. le manche est cassé.	삽.. 이건 손잡이가 부러졌군요.				오르샤 피해복구반 단원
QUEST_LV_0500_20210809_000880	Une pioche.. cela sera utile aux mineurs une fois réparée.	곡괭이.. 이건 복구가 끝나면 광부들에게 유용하겠어요.				오르샤 피해복구반 단원
QUEST_LV_0500_20210809_000881	Une pierre.. ceci.. mieux vaut la jeter.	석재.. 이건.. 버리고 가는 게 좋겠군요.				오르샤 피해복구반 단원
QUEST_LV_0500_20210809_000882	Merci à vous deux pour votre dur travail au nom des membres. Mais ce n'est pas ce dont nous{nl}avons besoin en ce moment.	단원을 대신하여 두 분의 노고에 감사드립니다.{nl}하지만 지금 당장 필요한 물건들은 아니군요.				오르샤 피해복구반 단원
QUEST_LV_0500_20210809_000883	Pajauta semble chercher autre chose	파야우타는 뭔가 다른 것을 찾는 것 같다.				파야우타
QUEST_LV_0500_20210809_000884	Pas besoin de trop s'inquiéter. Vous deux donnerez de l'espoir aux gens d'Orsha rien qu'en{nl}restant là.	너무 걱정하실 필요는 없습니다.{nl}두 분께서 오르샤에 있다는 것만으로 많은 주민들에게 희망이 되어줄 겁니다.				오르샤 피해복구반 단원
QUEST_LV_0500_20210809_000885	Oh, au fait, j'ai croisé le messager pendant que vous étiez parti chercher des provisions. Il paraît{nl}que des habitants se cacheraient dans la cabane de la forêt alentour, incapables de fuir vers{nl}Orsha.	아참, 두 분께서 물자를 구하러 가시는 동안 전령과 만났습니다.{nl}주변 숲 속에 오르샤로 도망치지 못하고 오두막에 숨어있는 주민들이 있을 거라고 하는군요.				오르샤 피해복구반 단원
QUEST_LV_0500_20210809_000886	{nl}Je songe à aller d'abord à Croisement de Paupys Et vous deux ?	{nl}저는 우선 파우피스 나루로 가볼까 합니다만..{nl}두 분께서는 어떻게 하시겠습니까?				오르샤 피해복구반 단원
QUEST_LV_0500_20210809_000887	Ce chemin mène à Croisement de Paupys. J'y serai le premier. À l'entrée de Croisement de{nl}Paupys quand vous serez prêt. 	이 길로 나아가면 파우피스 나루입니다.{nl}먼저 가 있을 태니 준비되시면 파우피스 나루 초입에서 뵙지요.				오르샤 피해복구반 단원
QUEST_LV_0500_20210809_000888	Ah, vous voilà. J'ai regardé autour avant votre venue, et les démons prospèrent.	아, 오셨군요.{nl}오시기 전에 제가 잠시 둘러봤는데 마족들이 너무 많군요.				오르샤 피해복구반 단원
QUEST_LV_0500_20210809_000889	Il devait y avoir des gens qui vivaient à côté, à en juger par la fumée. Je me demande ce qui s'est{nl}passé... 	옆 집은 연기가 나는 거로 봐선 얼마 전까지 사람이 있었나 봅니다.{nl}지금은 어떻게 된 건지..				오르샤 피해복구반 단원
QUEST_LV_0500_20210809_000890	Si cela vous convient, j'aimerais vous confier à vous deux le reste des recherches. Je ferais mieux{nl}de chercher le messager et les habitants plus profondément dans les bois.	두 분이 괜찮으시다면 이곳에서 나머지 수색을 부탁드리고 싶군요.{nl}저는 좀 더 깊은 숲으로 가서 전령과 주민들을 찾아봐야겠습니다.				오르샤 피해복구반 단원
QUEST_LV_0500_20210809_000891	Ce n'est pas le moment d'être ainsi...	이러고 있을 때가 아닌데..				파야우타
QUEST_LV_0500_20210809_000892	{nl}Bien. Allons-y.	{nl}알겠어.{nl}가자.				파야우타
QUEST_LV_0500_20210809_000893	Rendez-vous à l'endroit indiqué par le membre. J'ai marqué l'emplacement sur la carte.	단원이 알려준 곳으로 우선 가보자.{nl}위치는 내가 지도에 표기해 뒀어.				파야우타
QUEST_LV_0500_20210809_000894	Je ne crois pas qu'il y ait d'autre endroit à Croisement de Paupys. Bien joué.	적어도 파우피스 나루에는 확인할 곳이 더 없는 것 같아.{nl}수고했어.				파야우타
QUEST_LV_0500_20210809_000895	Nous séparons-nous ici ? Je dois vérifier encore quelque chose dans cet endroit.{nl}Retournerez-vous à Orsha ?	그럼 동행은 여기까지만 할까?{nl}난 좀 더 이곳에서 확인해야 할 게 있어.{nl}넌 오르샤로 돌아갈꺼야?				파야우타
QUEST_LV_0500_20210809_000896	Quelle situation difficile.. Même les villages qui ont survécu par ici sont en plus mauvais état{nl}qu'Orsha, nous ne pouvons donc pas obtenir leur aide.	난감하군요..{nl}이 주변에 살아남은 마을도 오르샤보단 상황이 좋지 못하니 그들의 도움을 받을 수도 없습니다.				오르샤 피해복구반 단원
QUEST_LV_0500_20210809_000897	Bien, exposez notre plan au membre de l'équipe, je vous prie ! J'attendrai à l'écart.	좋아, 그럼 단원 아저씨에게 우리 계획을 말해줘!{nl}난 옆에서 기다리고 있을게.				파야우타
QUEST_LV_0500_20210809_000898	Hmm...	음....				파야우타
QUEST_LV_0500_20210809_000899	Cela sera utile pour réparer le mur de la cité. Retournons voir l'équipe de réparation.	성벽 보수하는 데 쓸만하겠는데.{nl}이제 복구반 단원에게 돌아가자.				파야우타
QUEST_LV_0500_20210809_000900	Portez ceux qui viennent d'être récoltés, je vous prie. Je porterai le reste.	방금 모은 건 네가 들어줘.{nl}나머지는 내가 가지고 갈게.				파야우타
QUEST_LV_0500_20210809_000901	Vraiment ? C'est assez rassurant que vous soyez tous les deux ici. Je vous retrouverai devant{nl}Croisement de Paupys.	그래 주시겠습니까?{nl}두 분이 계셔서 정말 든든하군요.{nl}그럼 파우피스 나루 앞에서 뵙겠습니다.				오르샤 피해복구반 단원
QUEST_LV_0500_20210809_000902	Quelle fiabilité ! Je vous dirai où les gens pourraient se cacher.	역시 믿음직스럽군요!{nl}제가 사람들이 숨어있을 만한 곳을 알려드리겠습니다.				오르샤 피해복구반 단원
QUEST_LV_0500_20210809_000903	Eh bien, je vous fais confiance à tous les deux et je m'en vais.	그럼 잘 부탁드립니다.{nl}두 분만 믿고 저는 먼저 가보겠습니다.				오르샤 피해복구반 단원
QUEST_LV_0500_20210809_000904	Terminons ce travail sans traîner.	꾸물거리지 말고 어서 일을 끝내자.				파야우타
QUEST_LV_0500_20210809_000905	D'accord.. Alors fouillons encore un peu par ici.	그래..{nl}그럼 좀 더 이 근처를 수색해볼까.				파야우타
QUEST_LV_0500_20210809_000906	D'une manière ou d'une autre, je crois que je pourrai trouver ce que je cherchais.	뭔가 내가 찾는 걸 발견할 수 있을 거 같아.				파야우타
QUEST_LV_0500_20210809_000907	Vous là-bas, avez-vous entendu parler du sacellum du saint ?	자네,{nl}성자의 기도소에 대해 들어본 적이 있는가?				채플린 마스터
QUEST_LV_0500_20210809_000908	C'est un lieu sacré où le légendaire sage Silvestro Maven a prié toute sa vie.	전설적인 인물이셨던 대현자 실베스트로 메이번께서 살아생전 늘 기도를 올리시던 신성한 장소이지.				채플린 마스터
QUEST_LV_0500_20210809_000909	Personne ne sait exactement où il se trouve. Tant que le sage Maven ne le souhaite pas, le{nl}sacellum ne se montrera à personne. Cela n'a jamais changé, même après la mort du sage{nl}Maven.	그곳이 정확히 어디에 있는지는 모르네.{nl}메이번께서 스스로 바라지 않는 한 그 누구에게도 기도소의 모습은 보이지 않거든.{nl}메이번께서 이 세상을 떠난 지 오랜 지금까지도 마찬가지라네.				채플린 마스터
QUEST_LV_0500_20210809_000910	Malgré tout, j'ai une raison de vous dire cela. Vilnius, le Maître Arbalétrier, et sa famille se{nl}trouvaient dans les Bois des Ponts reliés près d'Orsha lors de Medzio Diena. On raconte qu'alors{nl}qu'ils étaient poursuivis par un puissant démon, la famille de Vilnius et le démon ont tous été{nl}pris dans une mystérieuse explosion et ont disparu.	그러나, 자네에게 이런 이야기를 하는 이유가 있네.{nl}신수의 날 당시 아발리스터 마스터인 빌리우스와 그 가족들이 오르샤 근방의 덧댄다리 숲에 있었네.{nl}그 당시 강력한 마족에게 쫓기다가 그의 가족들과 마족이 함께 의문의 폭발에 휩 싸이고는 감쪽같이 사라졌다고 하지.				채플린 마스터
QUEST_LV_0500_20210809_000911	On dit que le sacellum du saint a été construit d'après le lieu où Maven lui-même a été ordonné.{nl}Ce lieu est le Salle d'honneur, aujourd'hui appelé Abbaye de Maven.	성자의 기도소는 메이번께서 서품을 받았던 장소를 본따 만들었다고 전해지네.{nl}바로 그 장소가 지금은 메이번 대수도원으로 불리는 곳의 영광의 홀이라네.				채플린 마스터
QUEST_LV_0500_20210809_000912	Or, Abbaye de Maven et le lieu où la famille de Vilnius a disparu sont assez proches,{nl}géologiquement parlant. Si c'est là que se trouve le sacellum du saint... Je crois que cette{nl}disparition était due à la volonté de Maven. 	마침, 빌리우스의 가족들이 사라진 지점과 메이번 대수도원은 지리적으로 꽤 가깝지.{nl}만약 그곳이 성자의 기도소라면..{nl}분명 메이번님의 뜻으로 그런 일이 벌어진 거로 생각하네.				채플린 마스터
QUEST_LV_0500_20210809_000913	Maintenant que Vilnius vient d'apprendre la situation d'Orsha et s'est rendu aux Bois des Ponts{nl}reliés, pourquoi ne pas aller le rencontrer ?	마침 빌리우스가 오르샤의 상황을 듣고 덧댄다리 숲으로 갔으니 그를 만나보는 게 어떻겠나?				채플린 마스터
QUEST_LV_0500_20210809_000914	Bonne idée. Villius doit avoir un lourd fardeau sur l'esprit contrairement aux apparences.	좋은 생각일세.{nl}빌리우스는 겉과 달리 마음속에 큰 짐을 지니고 있을게야.				채플린 마스터
QUEST_LV_0500_20210809_000915	Allez-y et rencontrez-le.	어서 가서 그를 만나보게나.				채플린 마스터
QUEST_LV_0500_20210809_000916	Le sacellum du saint ?	성자의 기도소?				아발리스터 마스터
QUEST_LV_0500_20210809_000917	Vous dites donc que le démon est peut-être encore en vie.	그렇다면 아직 그 마족이 살아 있을지도 모른다는 말이구나.				아발리스터 마스터
QUEST_LV_0500_20210809_000918	Si c'est vrai, je demanderai volontiers de l'aide. Je n'espère pas que ma famille soit en vie après{nl}tout ce temps.	그렇다면 기꺼이 도움을 청할게.{nl}이제 와서 가족들이 살아있기까지는 바라지 않아.				아발리스터 마스터
QUEST_LV_0500_20210809_000919	Cependant, si ce démon s'échappe par hasard... Orsha sera en ruines en un rien de temps.	다만,{nl}그 마족이 만에 하나 그곳을 빠져나오게 된다면..{nl}오르샤는 순식간에 쑥대밭이 될 거야.				아발리스터 마스터
QUEST_LV_0500_20210809_000920	Préparons-nous et allons-y.	단단히 준비하고 출발하자.				아발리스터 마스터
QUEST_LV_0500_20210809_000921	Si c'est l'endroit où Maven a prié toute sa vie... Ce doit être un lieu sacré comparable à une{nl}cathédrale ou à un lieu sacré des déesses.	메이번께서 평생을 기도하던 장소라면..{nl}분명 대성당이나 여신을 모시는 성소에 버금가는 신성력이 존재하는 성역일걸세.				채플린 마스터
QUEST_LV_0500_20210809_000922	Dans un tel endroit, la famille de Vilnius pourrait encore être en vie même si des années ont{nl}passé depuis Medzio Diena. Cela peut aussi se dire du démon, cependant... 	그런 장소라면 신수의 날로부터 몇 년이 지난 지금도 여전히 빌리우스의 가족들이 살아있을지도 모를 일이지.{nl}어쩌면 그 마족도 마찬가지겠지만..				채플린 마스터
QUEST_LV_0500_20210809_000923	Allez trouver Vilnius. J'ai entendu dire qu'il est dans les Bois des Ponts reliés.	어서 가서 빌리우스를 찾아보게.{nl}빌리우스는 덧댄다리 숲에 있다고 들었네.				채플린 마스터
QUEST_LV_0500_20210809_000924	Je suis venu aider après avoir appris ce qui est arrivé à Orsha. C'est aussi ici que repose ma{nl}famille. Je ne laisserai aucun démon s'emparer de cet endroit.	오르샤의 상황을 듣고 도우러 왔어.{nl}여긴 내 가족들의 무덤이기도 해.{nl}그 어떤 마족에게도 넘겨줄 수 없어.	QUEST_20200128_011902	Je suis ici pour aider aux travaux du couvent. J'irai partout où l'on a besoin d'aide.	지금은 여기서 수녀원의 일을 돕고 있어.{nl}도움이 필요한 곳이 있다면 언제든지 달려갈 생각이야.	아발리스터 마스터
QUEST_LV_0500_20210809_000925	C'était moins une.	하마터면 큰일 날 뻔했어.				파야우타
QUEST_LV_0500_20210809_000926	Je ne sais pas exactement comment j'ai détruit l'arc du Beholder...	내가 어떻게 주시자의 활을 파괴했는지는 잘 모르겠지만..				파야우타
QUEST_LV_0500_20210809_000927	L'âme de Paulius... le Beholder l'a prise au bout du compte, n'est-ce pas ?	파울루스의 영혼은 결국 주시자가 가져간 거지?				파야우타
QUEST_LV_0500_20210809_000928	Hâtons-nous vers Delmore.	서둘러 델무어로 갈 준비를 하자.				파야우타
QUEST_LV_0500_20210809_000929	Pourriez-vous remettre pour moi les preuves recueillies ici au seigneur d'Orsha ? Nous nous{nl}retrouverons à Delmore quand vous serez prêt.	나 대신 오르샤 영주에게 여기서 모은 증거품들을 전해줄래?{nl}준비되면 델무어에서 다시 만나자.				파야우타
QUEST_LV_0500_20210809_000930	Montrer la preuve à Inesa Hamondale, le seigneur d'Orsha 	오르샤의 영주인 이네사 해먼데일에게 증거품들을 보여주자				PC
QUEST_LV_0500_20210809_000931	Merci beaucoup pour vos efforts en faveur d'Orsha en crise.	위기에 처한 오르샤를 위해서 애써주셔서 정말 감사합니다.				이네사 해먼데일
QUEST_LV_0500_20210809_000932	Vous voulez dire que vous avez trouvé cela dans la Prison souterraine d'Ashaq.	이것들을 아샤크 지하 감옥에서 발견했다는 말씀이시군요.				이네사 해먼데일
QUEST_LV_0500_20210809_000933	Merci. Il est honteux de penser que nous n'avons pas su sauver la vie d'innocents des{nl}expériences inhumaines du démon. 	감사합니다.{nl}마족의 반인격적인 실험으로부터 무고한 백성들의 목숨을 지키지 못했다고 생각하니 면목이 없군요..				이네사 해먼데일
QUEST_LV_0500_20210809_000934	Vous devez vous préparer avant de partir pour Delmore. Nous espérons que vous, Révélateur,{nl}nous montrerez la voie.	델무어로 가기 위해 만반의 준비를 해야겠습니다.{nl}부디, 계사자께서 우리의 선봉에 서주시기를 바랍니다.				이네사 해먼데일
QUEST_LV_0500_20210809_000935	Révélateur. Avez-vous vu le mur de Kruvina massif s'élever du côté de Kiren, Croisement de{nl}Paupys ? 	계시자님.{nl}키렌 지방의 파우피스 나루 한쪽에 거대한 크루비나 장벽이 솟아오른 걸 혹시 보셨습니까?				이네사 해먼데일
QUEST_LV_0500_20210809_000936	C'était relié à l'entrée du premier étage de Prison souterraine d'Ashaq par le passé. Pourquoi{nl}dans un tel endroit... C'est un phénomène très peu naturel, à mon avis.	그곳은 과거 아샤크 지하 감옥의 1층의 입구와 이어져 있던 길입니다.{nl}그런 곳에 어째서..{nl}너무나도 부자연스러운 현상이라고 생각합니다.				이네사 해먼데일
QUEST_LV_0500_20210809_000937	Je pourrais demander à d'autres d'enquêter mais quelque chose me dit que c'est dangereux, à{nl}voir ce Kruvina géant.	다른 이에게 조사를 맡길 수도 있겠지만,{nl}유독 심상치 않은 커다란 크루비나인만큼 위험한 예감이 듭니다.				이네사 해먼데일
QUEST_LV_0500_20210809_000938	J'aimerais que vous vous penchiez là-dessus.	계시자님께서 부디 조사해주셨으면 합니다.				이네사 해먼데일
QUEST_LV_0500_20210809_000939	Merci de votre coopération. Les murs de Kruvina bloquent l'entrée du premier étage de Prison{nl}souterraine d'Ashaq, mais si vous passez par un chemin latéral, vous pourrez entrer au{nl}deuxième étage de Prison souterraine d'Ashaq.	군말 없이 협조해주셔서 감사합니다.{nl}크루비나 장벽이 아샤크 지하 감옥 1층의 입구를 막고 있지만, {nl}샛길을 통한다면 아샤크 지하 감옥 2층으로 진입하실 수 있을 겁니다.				이네사 해먼데일
QUEST_LV_0500_20210809_000940	Vous feriez mieux d'examiner d'abord le mur de Kruvina massif et d'entrer au deuxième étage{nl}de Prison souterraine d'Ashaq	거대 크루비나 장벽을 먼저 조사해보시고 아샤크 지하 감옥 2층으로 진입하시는 게 좋을 겁니다.				이네사 해먼데일
QUEST_LV_0500_20210809_000941	Un mur de Kruvina massif bloque le chemin vers la Prison souterraine d'Ashaq 1F	거대한 크루비나 장벽이 아샤크 지하 감옥 1층으로 가는 길을 막아서고 있다				PC
QUEST_LV_0500_20210809_000942	Vous pourrez entrer au deuxième étage de Prison souterraine d'Ashaq par une route latérale.	샛길을 통한다면 아샤크 지하 감옥 2층으로 진입하실 수 있을 겁니다.				이네사 해먼데일
QUEST_LV_0500_20210809_000943	Révélateur ?	계시자?				파야우타
QUEST_LV_0500_20210809_000944	Vous êtes celui qu'on appelle « Révélateur ».	당신은 계시자라 불리는 사람이군요.				파울루스
QUEST_LV_0500_20210809_000945	Le Beholder parlait parfois de gens désignés par ce titre. Ce sont ceux qui ont rêvé de la déesse{nl}Laima, n'est-ce pas ? Vous semblez aussi connaître ma petite sœur, Pajauta.	간혹 주시자가 그렇게 불리는 사람들에 대한 이야기를 한 적이 있습니다.{nl}라이마 여신의 꿈을 꾼 사람들이라지요?{nl}제 동생 파야우타와 인연이 있으신 듯하네요.				파울루스
QUEST_LV_0500_20210809_000946	Si vous êtes ici pour enquêter, pourriez-vous aider ma sœur ? Il vaut mieux que je passe{nl}inaperçu auprès des démons qui suivent le Beholder.	혹시 이곳을 조사하러 오신 거라면 제 동생을 도와주시겠습니까?{nl}저는 주시자를 따르는 마족들에게 보여서 좋을 게 없습니다.				파울루스
QUEST_LV_0500_20210809_000947	Je crois que les démons alentour ont été éliminés. Nous pourrons nous enfoncer davantage.	주변의 마족들은 이제 정리가 된 거 같네.{nl}이 정도면 좀 더 깊이 들어갈 수 있겠어.				파야우타
QUEST_LV_0500_20210809_000948	Regardez ce que portent les démons ici. Cela ressemble plutôt à... un Alchimiste ou un Médecin{nl}de peste.	여기 있는 마족들의 복장을 봐봐.{nl}알케미스트나 플레이그 닥터랑 비슷한 느낌이야.				파야우타
QUEST_LV_0500_20210809_000949	C'est manifestement lié à ce que Paulius a dit de l'expérience.	파울루스가 말한 실험과 분명 연관이 있어.				파야우타
QUEST_LV_0500_20210809_000950	Peut-être pourrons-nous y trouver quelque chose.	녀석들에게서 뭐라도 찾을 수 있을지도 몰라.				파야우타
QUEST_LV_0500_20210809_000951	Les Mokslas auront quelque chose. Capturons-les et voyons ce qu'ils ont.	모크슬라들이 뭐라도 가지고 있을 거야.{nl}녀석들을 잡아서 소지품을 보자.				파야우타
QUEST_LV_0500_20210809_000952	Des données de recherche sur les humains... Il y a pas mal de contenus qui se recoupent. Je crois{nl}que cela suffit.	인간에 관한 연구 자료..{nl}이 중에서도 겹치는 내용이 꽤 있네.{nl}이 정도면 충분한 거 같아.				파야우타
QUEST_LV_0500_20210809_000953	Je garderai la preuve.	증거물들은 내가 가지고 있을게.				파야우타
QUEST_LV_0500_20210809_000954	Paulius doit être tout près. Cherchons Paulius.	근처에 파울루스가 있을 거야.{nl}파울루스를 찾아보자.				파야우타
QUEST_LV_0500_20210809_000955	Content de vous revoir sain et sauf. Pajauta, merci d'avoir pris la place de votre frère.	무사히 들어오셨군요.{nl}파야우타, 이 오빠를 대신해줘서 정말 고맙다.				파울루스
QUEST_LV_0500_20210809_000956	Révélateur. L'étagère que vous voyez par ici est l'endroit où les Mokslas conservent les archives{nl}des recherches ou les matériaux nécessaires.	계시자님.{nl}이 근처에 보이시는 책장들은 모크슬라들이 연구의 기록지나 필요한 자료들을 보관하는 곳입니다.				파울루스
QUEST_LV_0500_20210809_000957	Il doit y avoir quelque chose qui aurait été nécessaire à cette terrible expérience.	분명히 그 끔찍한 실험을 위해 필요했을 무언가가 있을 겁니다.				파울루스
QUEST_LV_0500_20210809_000958	Revenez ici quand vous trouverez les données, je vous prie. Je resterai à l'écart un moment.	자료를 찾으시면 다시 이곳으로 와주세요.{nl}저는 잠시 피해 있겠습니다.				파울루스
QUEST_LV_0500_20210809_000959	L'expérience du Quipmage...	큅메이지의 연구라..				파울루스
QUEST_LV_0500_20210809_000960	Le Quipmage est un humain devenu démon. Le Beholder a mené des expériences utilisant le{nl}Kruvina pour transformer les humains en démons...	큅 메이지는 마족이 된 인간이죠.{nl}주시자는 크루비나를 이용해 인간을 마족으로 만드는 실험을 강행했으니..				파울루스
QUEST_LV_0500_20210809_000961	Ces données seront une preuve solide.	그 자료는 확실한 증거가 될 겁니다.				파울루스
QUEST_LV_0500_20210809_000962	Je garderai aussi ces données de recherche.	이 연구 자료도 내가 보관하고 있을게.				파야우타
QUEST_LV_0500_20210809_000963	Les Mokslas auront les affaires des victimes de l'expérience.	실험에 희생당한 사람들의 소지품을 모크슬라들이 가지고 있을 겁니다.				파울루스
QUEST_LV_0500_20210809_000964	Ils ont l'habitude de bourrer leurs besaces. Mais ils sont aussi maladroits et ont tendance à{nl}laisser tomber leurs affaires ici et là.	녀석들은 자기 주머니에 물건을 채워 넣는 습성이 있습니다.{nl}하지만 꼼꼼한 녀석들은 아니라 바닥에 곧, 잘 흘리고 다닙니다.				파울루스
QUEST_LV_0500_20210809_000965	Cherchez les affaires des morts dans la besace des Mokslas au sol.	바닥에 떨어진 모크슬라들의 주머니에서 죽은 사람들의 소지품을 찾아보세요.				파울루스
QUEST_LV_0500_20210809_000966	Si les gens morts dans l'expérience étaient des aristocrates, la famille royale ne fermera pas les{nl}yeux sur l'affaire. Le passage central est un lieu où les Mokslas passent fréquemment, vous{nl}trouverez donc facilement les bourses.	실험으로 죽은 사람들이 귀족이라면, 왕실에서도 예민한 반응을 보일 겁니다.{nl}중앙 통로는 모크슬라들이 자주 지나다니는 곳이니 주머니를 쉽게 찾으실 수 있을 겁니다.				파울루스
QUEST_LV_0500_20210809_000967	Et quand vous irez dans la salle d'examen, vous trouverez un important matériel de recherche{nl}appelé Lieur d'âmes. Je vous y retrouverai.	그리고 검사실에 가면 영혼 구속제라는 중요한 연구 재료가 보관되어 있을 겁니다.{nl}그곳에서 뵙죠.				파울루스
QUEST_LV_0500_20210809_000968	C'est un peu drôle de penser qu'ils prenaient des bijoux pendant que le royaume s'effondrait.	왕국이 무너지는 와중에도 보석이나 챙기고 있었다고 생각하니 조금은 우습네.				파야우타
QUEST_LV_0500_20210809_000969	Donnez-le-moi, je le garderai.	내게 줘, 보관하고 있을게.				파야우타
QUEST_LV_0500_20210809_000970	Paulus a dit qu'un important matériel de recherche appelé Lieur d'âmes se trouve dans la salle{nl}d'examen au-dessus d'ici.	파울루스는 영혼 구속제라는 중요한 연구 재료가 이 위에 있는 검사실에 있다고 했어.				파야우타
QUEST_LV_0500_20210809_000971	Hâtons-nous vers la salle d'examen.	서둘러 검사실로 가자.				파야우타
QUEST_LV_0500_20210809_000972	Le Lieur d'âmes sera dans la salle d'examen.	영혼 구속제는 검사실에 보관되어 있을 거야.				파야우타
QUEST_LV_0500_20210809_000973	Dieu merci. Allons vérifier l'entrepôt.	다행이야.{nl}보관함을 확인해 보자.				파야우타
QUEST_LV_0500_20210809_000974	Quelque chose est étrange... Pourquoi ne réagit-il pas ?	이상해..{nl}왜 아무 반응도 없는 거지?				파야우타
QUEST_LV_0500_20210809_000975	L'âme de Paulius est revenue saine et sauve.	파울루스의 영혼이 무사히 돌아왔다				PC
QUEST_LV_0500_20210809_000976	Mon dieu... J'imagine que mon âme a été brisée.	이런..{nl}제 영혼이 부서졌었나 보군요..				파울루스
QUEST_LV_0500_20210809_000977	Pajauta, désolé de vous avoir inquiétée. Merci, Révélateur.	파야우타, 걱정시켜서 미안하구나.{nl}계시자님께도 감사합니다.				파울루스
QUEST_LV_0500_20210809_000978	Devant se trouve l'entrée de la zone de confinement de Prison souterraine d'Ashaq. Cependant,{nl}ce ne sera pas facile car Mokslas Vhaldobas, le chef des Mokslas, s'y trouve.	이 앞은 아샤크 지하 감옥 격리 구역으로 통하는 입구가 있습니다.{nl}그러나, 모크슬라 발도바스라는 모크슬라들의 우두머리가 그 안에 있어서 쉽지 않을 겁니다.				파울루스
QUEST_LV_0500_20210809_000979	Nous ferions mieux d'attirer Mokslas Vhaldobas ici et de passer entre-temps. Si vous,{nl}Révélateur, attirez d'abord Vhaldobas, Pajauta et moi entrerons les premiers dans la zone de{nl}confinement et dégagerons le chemin pour que vous suiviez.	모크슬라 발도바스를 이쪽으로 불러들이고 그 사이에 통과하는 게 좋겠습니다.{nl}계시자님께서 발도바스를 유인해주신다면,{nl}파야우타와 제가 먼저 격리 구역으로 진입해 계시자님이 무사히 따라 올 수 있도록 그곳을 정리해두겠습니다.				파울루스
QUEST_LV_0500_20210809_000980	Semble inconsciente Vérifiez l'état de Pajauta	의식을 잃었다{nl}파야우타의 상태를 확인하자				PC
QUEST_LV_0500_20210809_000981	Je suis... désolé J'ai baissé ma garde.	미안..{nl}방심했어.				파야우타
QUEST_LV_0500_20210809_000982	Et Paulius ?	파울루스는?				파야우타
QUEST_LV_0500_20210809_000983	Je n'arrive pas à contrôler mon corps... Ça va ?	몸이 말을 듣지 않아..{nl}너는 괜찮은 거야?				파야우타
QUEST_LV_0500_20210809_000984	Je vous en prie. Ne laissez pas le Beholder s'échapper.	부탁이야.{nl}주시자를 놓치지 마.				파야우타
QUEST_LV_0500_20210809_000985	Bien qu'il nous ait trahis, Paulus est ma famille. Aidez-moi à récupérer l'âme de Paulius, je vous{nl}en prie.	비록 우리를 배신했지만 파울루스는 내 가족이야.{nl}파울루스의 영혼을 되찾아 줘.				파야우타
QUEST_LV_0500_20210809_000986	Si vous, Révélateur, attirez Vhaldobas à l'aide du levier, Pajauta et moi entrerons les premiers{nl}dans la zone de confinement et dégagerons le chemin pour que vous suiviez.	계시자님께서 레버를 사용해 발도바스를 유인해주신다면,{nl}파야우타와 제가 먼저 격리 구역으로 진입해 계시자님이 따라 올 수 있도록 그곳을 정리해두겠습니다.				파울루스
QUEST_LV_0500_20210809_000987	Il vaudra mieux nous séparer en deux avec Pajauta pour empêcher le Marnox dément de fuir.{nl}Choisissez d'abord le côté où vous souhaitez aller, je vous prie.	광기의 마르녹스가 도망가지 못하도록 파야우타와 양쪽으로 나뉘어 녀석을 몰아넣는 게 좋습니다.{nl}원하시는 방향으로 먼저 출발하시죠.				파울루스
QUEST_LV_0500_20210809_000988	Mystérieux Conteur	의문의 이야기꾼				
QUEST_LV_0500_20210809_000989	{#FF0000}※ Quête tutoriel du récit héroïque.{/}{nl}Salutations, Révélateur.	{#FF0000}※ 영웅담 진행을 위한 튜토리얼 퀘스트입니다.{/}{nl}계시자 님 안녕하세요?				의문의 이야기꾼
QUEST_LV_0500_20210809_000990	Je vous ai appelé parce que je voulais vous raconter une histoire que je connais.	계시자님에게 들려 드리고 싶은 이야기가 있어서 계시자님을 불렀습니다.				의문의 이야기꾼
QUEST_LV_0500_20210809_000991	Qu'en dites-vous ?	어떠실까요?				의문의 이야기꾼
QUEST_LV_0500_20210809_000992	[Récit héroïque] Histoires qui n'ont pas duré	[영웅담] 남지 못한 이야기들				
QUEST_LV_0500_20210809_000993	L'histoire m'intrigue.	이야기가 궁금하다고 한다				
QUEST_LV_0500_20210809_000994	Secrets Cachés sous Terre (1)	지하에 감춘 비밀들(1)				
QUEST_LV_0500_20210809_000995	Secrets Cachés sous Terre (2)	지하에 감춘 비밀들(2)				
QUEST_LV_0500_20210809_000996	Je ne peux pas faire confiance à Paulius	파울루스를 믿을 수 없다고 한다				
QUEST_LV_0500_20210809_000997	Secrets Cachés sous Terre (3)	지하에 감춘 비밀들(3)				
QUEST_LV_0500_20210809_000998	Reposons-nous un moment	잠시 쉬자고 한다				
QUEST_LV_0500_20210809_000999	Secrets Cachés sous Terre (4)	지하에 감춘 비밀들(4)				
QUEST_LV_0500_20210809_001000	Je vais d'abord m'occuper d'autre chose	다른 일을 먼저 하겠다고 한다				
QUEST_LV_0500_20210809_001001	Secrets Cachés sous Terre (5)	지하에 감춘 비밀들(5)				
QUEST_LV_0500_20210809_001002	Secrets Cachés sous Terre (6)	지하에 감춘 비밀들(6)				
QUEST_LV_0500_20210809_001003	Secrets Cachés sous Terre (7)	지하에 감춘 비밀들(7)				
QUEST_LV_0500_20210809_001004	Allons vérifier	어서 확인하자고 한다				
QUEST_LV_0500_20210809_001005	Veuillez patienter un instant	미안하지만 기다려달라고 한다				
QUEST_LV_0500_20210809_001006	Secrets Cachés sous Terre (8)	지하에 감춘 비밀들(8)				
QUEST_LV_0500_20210809_001007	Seigneur Démon Tourmenté	고통받는 마군주				
QUEST_LV_0500_20210809_001008	Vers la droite (1)	우측으로(1)				
QUEST_LV_0500_20210809_001009	Vers la droite (2)	우측으로(2)				
QUEST_LV_0500_20210809_001010	Vers la gauche (1)	좌측으로(1)				
QUEST_LV_0500_20210809_001011	Vers la gauche (2)	좌측으로(2)				
QUEST_LV_0500_20210809_001012	Rejoindre	합류				
QUEST_LV_0500_20210809_001013	Mourir en humain (1)	인간다운 죽음(1)				
QUEST_LV_0500_20210809_001014	Mourir en humain (2)	인간다운 죽음(2)				
QUEST_LV_0500_20210809_001015	Évanoui	기절헀다고 한다				
QUEST_LV_0500_20210809_001016	Je vais revérifier	다시 확인해보겠다고 한다				
QUEST_LV_0500_20210809_001017	Poursuivre le Prédicateur (1)	설교자 쫓기(1)				
QUEST_LV_0500_20210809_001018	Poursuivre le Prédicateur (2)	설교자 쫓기(2)				
QUEST_LV_0500_20210809_001019	Poursuivre le Prédicateur (3)	설교자 쫓기(3)				
QUEST_LV_0500_20210809_001020	Poursuivre le Prédicateur (4)	설교자 쫓기(4)				
QUEST_LV_0500_20210809_001021	Poursuivre le Prédicateur (5)	설교자 쫓기(5)				
QUEST_LV_0500_20210809_001022	Poursuivre le Prédicateur (6)	설교자 쫓기(6)				
QUEST_LV_0500_20210809_001023	Poursuivre le Prédicateur (7)	설교자 쫓기(7)				
QUEST_LV_0500_20210809_001024	Poursuivre le Prédicateur (8)	설교자 쫓기(8)				
QUEST_LV_0500_20210809_001025	Poursuivre le Prédicateur (9)	설교자 쫓기(9)				
QUEST_LV_0500_20210809_001026	Poursuivre le Prédicateur (10)	설교자 쫓기(10)				
QUEST_LV_0500_20210809_001027	Poursuivre le Prédicateur (11)	설교자 쫓기(11)				
QUEST_LV_0500_20210809_001028	J'ai besoin d'une pause	지금은 쉬어야겠다고 한다				
QUEST_LV_0500_20210809_001029	Sacellum du Saint	성자의 기도소				
QUEST_LV_0500_20210809_001030	En demander plus sur le sacellum du saint	성자의 기도소에 대해 더 묻는다				
QUEST_LV_0500_20210809_001031	Carrefour	갈림길				
QUEST_LV_0500_20210809_001032	La Requête de la Reconstruction du Royaume	왕국 재건단의 부탁				
QUEST_LV_0500_20210809_001033	Je suis le Révélateur et je vous aiderai volontiers	계시자임을 밝히고 기꺼이 돕겠다고 한다				
QUEST_LV_0500_20210809_001034	Démon à l'Étang de Lemprasa	렘파라사 연못의 마족들				
QUEST_LV_0500_20210809_001035	Sans renfort, non	지원이 없으면 싫다고 한다				
QUEST_LV_0500_20210809_001036	Visages Familiers	반가운 얼굴				
QUEST_LV_0500_20210809_001037	L'attaque est la meilleure défense (1)	최선의 방어는 공격(1)				
QUEST_LV_0500_20210809_001038	Le plan ne me plaît pas	계획이 마음에 들지 않는다고 한다				
QUEST_LV_0500_20210809_001039	L'attaque est la meilleure défense (2)	최선의 방어는 공격(2)				
QUEST_LV_0500_20210809_001040	Je vais montrer le chemin	앞장서겠다고 한다				
QUEST_LV_0500_20210809_001041	Aller aux Bois des Ponts Reliés	덧댄다리 숲으로 향하세요				
QUEST_LV_0500_20210809_001042	Manque de Tout	모든 것이 부족한 상황				
QUEST_LV_0500_20210809_001043	Je discuterai de l'affaire avec Pajauta	파야우타와 의논해보겠다고 한다				
QUEST_LV_0500_20210809_001044	J'imagine qu'il n'y a pas d'autre moyen	별 수 없다고 한다				
QUEST_LV_0500_20210809_001045	Bonne Idée (1)	좋은 방법(1)				
QUEST_LV_0500_20210809_001046	Quelle idée géniale	천재적인 발상이라고 한다				
QUEST_LV_0500_20210809_001047	Je suis perdu	혼란스럽다고 한다				
QUEST_LV_0500_20210809_001048	Bonne Idée (2)	좋은 방법(2)				
QUEST_LV_0500_20210809_001049	Bonne Idée (3)	좋은 방법(3)				
QUEST_LV_0500_20210809_001050	Bonne Idée (4)	좋은 방법(4)				
QUEST_LV_0500_20210809_001051	Ravitaillement Splendide	훌륭한 물자				
QUEST_LV_0500_20210809_001052	Je viens avec vous	같이 가겠다고 한다				
QUEST_LV_0500_20210809_001053	J'en parlerai	의논해보겠다고 한다				
QUEST_LV_0500_20210809_001054	Aller à Croisement de Paupys avec l'équipe de réparation des dégâts d'Orsha	오르샤 피해 복구반을 따라 파우피스 나루로 이동하세요				
QUEST_LV_0500_20210809_001055	Autres Victimes	또 다른 피해자들				
QUEST_LV_0500_20210809_001056	Je le chercherai autant que je le peux	최대한 찾아보겠다고 한다				
QUEST_LV_0500_20210809_001057	N'Abandonner Personne	남겨지는 사람이 없도록				
QUEST_LV_0500_20210809_001058	C'est sans espoir	가망 없는 이야기라고 한다				
QUEST_LV_0500_20210809_001059	Souvenirs Perdus	잃어버린 기억				
QUEST_LV_0500_20210809_001060	Je vous accompagnerai encore un peu	좀 더 함께 다니겠다고 한다				
QUEST_LV_0500_20210809_001061	Quelqu'un a une histoire à vous raconter.	누군가 당신에게 들려줄 이야기가 있습니다				
QUEST_LV_0500_20210809_001062	Quelqu'un veut vous raconter, Révélateur, une histoire particulière.	누군가 계시자인 당신에게 특별한 이야기를 해주고 싶어합니다				
QUEST_LV_0500_20210809_001063	Lire l'introduction de l'histoire perdue	잊혀진 이야기의 서문을 읽어보세요				
QUEST_LV_0500_20210809_001064	Vous êtes entré dans un espace empli de sensations étranges et familières.{nl}Écoutez l'histoire du conteur pas à pas.	낯설기도 하지만 익숙한 느낌이 가득한 공간으로 이동했습니다{nl}이야기꾼의 이야기를 차근차근 들어보세요				
QUEST_LV_0500_20210809_001065	Parler au Conteur	이야기꾼과 대화하세요.				
QUEST_LV_0500_20210809_001066	L'histoire du conteur est terminée	이야기꾼의 이야기가 끝났습니다				
QUEST_LV_0500_20210809_001067	Rencontrer le seigneur d'Orsha	오르샤의 영주를 만나기				
QUEST_LV_0500_20210809_001068	Inesa Hamondale, seigneur d'Orsha, vous attend{nl}Allez voir le seigneur d'Orsha et écoutez ce qu'elle a à dire{nl}	오르샤의 영주 이네사 해먼데일이 당신을 기다리고 있습니다{nl}오르샤의 영주를 찾아가 이야기를 들어보세요{nl}				
QUEST_LV_0500_20210809_001069	Examiner les murs de Kruvina qui bloquent l'entrée de Prison souterraine d'Ashaq 1F	아샤크 지하 감옥 1층의 입구를 막아선 크루비나 장벽을 조사하기				
QUEST_LV_0500_20210809_001070	Le seigneur d'Orsha vous a parlé des immenses murs de Kruvina qui bloquent l'entrée de Croisement de Paupys et du premier étage de Prison souterraine d'Ashaq.{nl}Elle vous a demandé d'enquêter sur la Prison souterraine d'Ashaq.{nl}Examinez les murs de Kruvina avant d'entrer au 2F de Prison souterraine d'Ashaq	오르샤의 영주는 당신에게 파우피스 나루와 아샤크 지하 감옥 1층의 입구를 차단하고 있는 거대한 크루비나 장벽에 대해 의문을 이야기했습니다{nl}그와 함께 아샤크 지하 감옥에 대한 조사를 부탁했습니다{nl}아샤크 지하 감옥 2층으로 진입하기 전에 크루비나 장벽을 먼저 조사해보세요				
QUEST_LV_0500_20210809_001071	Entrer dans la Prison souterraine d'Ashaq 2F	아샤크 지하 감옥 2층 진입하기				
QUEST_LV_0500_20210809_001072	Il est suspect qu'un immense mur de Kruvina se dresse près de la vaste Orsha.{nl}Rendez-vous au 2F de Prison souterraine d'Ashaq par le passage indiqué par le seigneur d'Orsha	넓은 오르샤 근방에 거대한 크루비나 장벽이 서 있는 게 수상합니다{nl}오르샤의 영주가 일러준 진입로를 통해 아샤크 지하 감옥 2층으로 이동하세요				
QUEST_LV_0500_20210809_001073	Parler à Paulius	파울루스와 이야기하기				
QUEST_LV_0500_20210809_001074	Vous avez rencontré le frère de Pajauta,{nl}Paulius{nl}Parlez-lui	파야우타의 오빠인 파울루스를 만났습니다{nl}그와 이야기해보세요				
QUEST_LV_0500_20210809_001075	Traquer les monstres avant de commencer les recherches proprement dites	본격적인 조사에 앞서 몬스터들을 정리하세요				
QUEST_LV_0500_20210809_001076	Nous devons ouvrir une enquête pour réunir des preuves de la brutalité commise par le Beholder.{nl}Vainquez les monstres alentour pour les empêcher de gêner l'enquête	주시자가 벌인 만행에 대한 증거를 모으기 위해 조사를 시작해야 합니다{nl}조사에 방해가 되지 않도록 주변 몬스터를 처치하세요				
QUEST_LV_0500_20210809_001077	Parler à Pajauta	파야우타와 대화하기				
QUEST_LV_0500_20210809_001078	Vous avez vaincu assez de monstres{nl}Discutez du prochain objectif avec Pajauta	공격해오는 몬스터들을 충분히 제거했습니다{nl}다음 목표를 위해 파야우타와 상의하세요				
QUEST_LV_0500_20210809_001079	Discuter du prochain objectif avec Pajauta	이다음을 위해 파야우타와 논의하세요				
QUEST_LV_0500_20210809_001080	Voler les données de recherche aux monstres	몬스터들로부터 연구자료 훔치기				
QUEST_LV_0500_20210809_001081	Les données de recherche que détiennent les Mokslas{nl}sont une preuve importante{nl}Chassez les Mokslas et volez leurs données de recherche 	모크슬라들이 가지고 있는 연구 자료는 중요한 증거물입니다{nl}모크슬라들을 처치하고 그들의 연구자료를 탈취하세요				
QUEST_LV_0500_20210809_001082	Vous avez volé assez de données aux{nl}Mokslas{nl}Parlez à Pajauta de la suite	모크슬라들로부터 충분한 자료들을 훔쳤습니다{nl}파야우타와 대화하고 다음 할 일을 이야기하세요				
QUEST_LV_0500_20210809_001083	Chasser les Mokslas	모크슬라 처치				
QUEST_LV_0500_20210809_001084	Trouver Paulius	파울루스를 찾기				
QUEST_LV_0500_20210809_001085	Chercher Paulius	파울루스를 찾으세요				
QUEST_LV_0500_20210809_001086	Examiner les Données de Recherche	연구 자료를 조사하기				
QUEST_LV_0500_20210809_001087	Les données de recherche des Mokslas sont importantes, mais il existe un document distinct qui contient le cœur même des recherches.{nl}Trouvez les données sur l'étagère.	모크슬라들의 연구 자료는 중요한 자료이지만, 정작 중요한 핵심적인 연구의 성과를 이룰 수 있는 연구에 대해 적힌 자료는 따로 있다고 합니다{nl}책장에서 자료를 찾아야합니다				
QUEST_LV_0500_20210809_001088	Vous avez trouvé un livre relatant la transaction entre le Beholder et le Quipmage.{nl}Montrez le livre à Paulius	주시자와 퀩 메이지의 거래에 관한 이야기가 적힌 서적을 찾았습니다{nl}파울루스에게 서적을 보여주세요				
QUEST_LV_0500_20210809_001089	Données de recherche importantes acquises{nl}Les données de recherche importantes ne sont pas{nl}partagées avec le groupe	중요한 연구 자료 획득{nl}중요한 연구 자료는 파티 공유로 획득되지 않습니다.				
QUEST_LV_0500_20210809_001090	Parler à Paulius	파울루스와 대화하기				
QUEST_LV_0500_20210809_001091	Vous avez la preuve du type de recherches que vise le Beholder.{nl}Parlez à Paulius du prochain objectif	주시자가 어떤 연구를 목표로하는 지에 대한 증거를 확보했습니다{nl}파울루스와 다음 할 일에 대해 이야기하세요				
QUEST_LV_0500_20210809_001092	Récupérer les affaires laissées par les Mokslas	모크슬라들이 떨어뜨린 분실물 회수				
QUEST_LV_0500_20210809_001093	Il nous faut des preuves que les victimes étaient des humains.{nl}Les Mokslas sont maladroits et ont tendance à faire tomber facilement leurs affaires.{nl}Récupérez les effets des victimes humaines que les Mokslas ont laissés tomber.	연구에 희생된 대상이 인간들임을 증명할 수 있는 증거가 필요합니다{nl}모크슬라들은 꼼꼼하지 못한 성격이니 쉽게 소지품을 떨어뜨린다고 합니다{nl}모크슬라들이 떨어뜨린 희생된 인간들의 소지품을 회수하세요				
QUEST_LV_0500_20210809_001094	Nous avons trouvé des objets coûteux qui appartiendraient à des dignitaires royaux.{nl}Remettez les objets à Pajauta et parlez du prochain objectif	왕실 고위 인사들의 소지품으로 추정되는 값비싼 물건들을 발견했습니다{nl}파야우타에게 소지품들을 맡기고 다음 목표에 관해 이야기하세요				
QUEST_LV_0500_20210809_001095	Parler à Pajauta du prochain objectif	파야우타와 다음 목표에 관해 이야기 하세요				
QUEST_LV_0500_20210809_001096	Examiner l'Armoire Brisée	고장 난 보관함 조사하기				
QUEST_LV_0500_20210809_001097	Examiner l'Armoire Brisée	고장 난 보관함을 조사하세요				
QUEST_LV_0500_20210809_001098	Vous avez repoussé l'embuscade des monstres{nl}Parlez à Pajauta	몬스터들의 습격을 방어했습니다{nl}파야우타와 대화하세요				
QUEST_LV_0500_20210809_001099	Vérifier l'Armoire Brisée	고장난 보관함 확인하기				
QUEST_LV_0500_20210809_001100	Vérifier l'Armoire Brisée	고장 난 보관함을 확인하세요				
QUEST_LV_0500_20210809_001101	Récupérer l'âme divisée de Paulius{nl}Après avoir récolté chaque morceau de l'âme, vous pourrez la restaurer en vous rendant dans un{nl}endroit sûr	조각난 파울루스의 영혼을 회수하기{nl}영혼을 모두 모으면 안전한 곳으로 이동해 파울루스의 영혼을 복구할 수 있습니다				
QUEST_LV_0500_20210809_001102	Vous avez réussi à obtenir un Lieur d'âmes du Armoire cassée{nl}Cependant, l'âme de Paulius s'est fragmentée à cause de l'explosion{nl}Récoltez les fragments de l'âme de Paulius avant que son âme ne disparaisse complètement{nl}Après avoir récolté chaque fragment de l'âme, vous pourrez la restaurer en vous rendant dans un endroit sûr	고장 난 보관함에서 성공적으로 영혼 구속제를 획득했습니다{nl}그러나, 폭발의 영향으로 파울루스의 영혼까지 조각나버렸습니다{nl}파울루스의 영혼이 완전히 사라지기 전에 그의 영혼들을 다시 모으세요{nl}영혼을 모두 모으면 안전한 곳으로 이동해 파울루스의 영혼을 복구할 수 있습니다				
QUEST_LV_0500_20210809_001103	Parler à Paulius{nl}Après avoir récolté chaque morceau de l'âme, rendez-vous dans un endroit sûr pour{nl}restaurer l'âme de Paulius	파울루스와 대화하기{nl}영혼을 모두 모으면 안전한 곳으로 이동해 파울루스의 영혼을 복구하세요				
QUEST_LV_0500_20210809_001104	Heureusement, chaque morceau de l'âme de Paulius{nl}est réuni{nl}Parlez à Paulius	다행히 파울루스의 영혼을 모두 모았습니다{nl}파울루스와 이야기하세요				
QUEST_LV_0500_20210809_001105	Parler à Paulius	파울루스와 대화하세요				
QUEST_LV_0500_20210809_001106	Activer le Levier	레버 작동시키기				
QUEST_LV_0500_20210809_001107	Afin d'entrer dans la zone de confinement de Prison souterraine d'Ashaq, vous devez éliminer le chef des Mokslas{nl}Activez le levier pour appeler Mokslas Vhaldobas	아샤크 지하 감옥 격리 구역으로 진입하기 위해서는 모크슬라들의 우두머리를 처치해야 합니다{nl}레버를 작동시켜 모크슬라 발도바스를 부르세요				
QUEST_LV_0500_20210809_001108	Entrer dans la Zone de Confinement de Prison Souterraine d'Ashaq	아샤크 지하 감옥 격리구역으로 진입하기				
QUEST_LV_0500_20210809_001109	Vous avez vaincu Mokslas Vhaldobas{nl}Vous pouvez maintenant entrer sans danger{nl}dans la zone de quarantaine	모크슬라 발도바스를 처치했습니다{nl}이제 안전하게 격리 구역으로 진입할 수 있습니다				
QUEST_LV_0500_20210809_001110	Se Rendre à la Zone de Confinement de Prison Souterraine d'Ashaq	아샤크 지하 감옥 격리 구역으로 향하기				
QUEST_LV_0500_20210809_001111	Aller à la zone de confinement de Prison{nl}souterraine d'Ashaq{nl}Pajauta et Paulius vous attendent	아샤크 지하 감옥 격리 구역으로 이동하세요{nl}파울루스와 파야우타가 기다리고 있습니다				
QUEST_LV_0500_20210809_001112	Arrêter le Marnox Dément	광기의 마르녹스 막기				
QUEST_LV_0500_20210809_001113	Arrêter le Marnox dément embusqué	습격한 광기의 마르녹스를 저지하세요				
QUEST_LV_0500_20210809_001114	Le Marnox dément s'est enfui, dépassé.{nl}Parlez à Paulius	광기의 마르녹스가 수세에 몰리자 도망쳤습니다{nl}파울루스와 대화하세요				
QUEST_LV_0500_20210809_001115	Empêcher Marnox de fuir vers la droite	우측으로 마르녹스의 퇴로를 차단하기				
QUEST_LV_0500_20210809_001116	Empêcher Marnox de fuir en allant vers le passage de droite	오른쪽의 길로 이동하며 마르녹스의 퇴로를 차단하세요				
QUEST_LV_0500_20210809_001117	Vaincre les subordonnés de Marnox et installer les pièges	마르녹스의 부하들을 처치하고 함정 설치하기				
QUEST_LV_0500_20210809_001118	Empêcher Marnox de fuir en vainquant les subordonnés qui suivent le Marnox dément et installer les pièges	광기의 마르녹스를 따르는 무리를 처치하고 함정을 설치해 퇴로를 차단하세요				
QUEST_LV_0500_20210809_001119	Acculer le Marnox dément au point suivant	다음 지점으로 광기의 마르녹스를 계속 몰아넣기				
QUEST_LV_0500_20210809_001120	Vous avez installé une bombe au premier point et vaincu les fidèles de Marnox{nl}Rendez-vous au point suivant	첫 번째 지점에 폭탄을 설치하고 마르녹스를 따르는 무리를 처치했습니다{nl}다음 지점을 향해 이동하세요				
QUEST_LV_0500_20210809_001121	Affronter le Marnox dément et installer la bombe	광기의 마르녹스를 상대하고 폭탄을 설치하기				
QUEST_LV_0500_20210809_001122	Vous avez trouvé le Marnox dément{nl}Vainquez le Marnox dément et installez la{nl}bombe	광기의 마르녹스를 발견했습니다{nl}광기의 마르녹스를 격퇴하고 폭탄을 설치하세요				
QUEST_LV_0500_20210809_001123	Empêcher Marnox de fuir vers la gauche	좌측으로 마르녹스의 퇴로를 차단하기				
QUEST_LV_0500_20210809_001124	Empêcher Marnox de fuir en allant vers le passage de gauche	왼쪽의 길로 이동가며 마르녹스의 퇴로를 차단하세요				
QUEST_LV_0500_20210809_001125	Rejoindre Pajauta	파야우타와 합류하기				
QUEST_LV_0500_20210809_001126	Vous avez bloqué tout un passage.{nl}Rejoignez Pajauta au point de jonction	한 쪽 길의 퇴로를 모두 막았습니다{nl}합류 지점에서 파야우타와 합류하세요				
QUEST_LV_0500_20210809_001127	Vaincre les monstres qui attaquent	습격하는 몬스터들 격퇴하기				
QUEST_LV_0500_20210809_001128	Le Marnox dément s'est enfui vers la zone de surveillance centrale après avoir été acculé{nl}Vainquez les monstres qui poursuivent le Marnox dément et Pajauta	광기의 마르녹스가 막다른 길에 몰리자 중앙 감시 지역으로 도망쳤습니다{nl}광기의 마르녹스와 파야우타의 뒤를 쫓기 위해 습격해오는 몬스터들을 처치하세요				
QUEST_LV_0500_20210809_001129	Parler à Pajauta	파야우타와 이야기하기				
QUEST_LV_0500_20210809_001130	Le Marnox dément s'est enfui vers la zone de{nl}surveillance centrale{nl}Parlez à Pajauta avant de le poursuivre une dernière{nl}fois.	광기의 마르녹스가 중앙 감시 지역으로 도망쳤습니다{nl}마지막으로 그를 쫓기 전에 파야우타와 대화하세요				
QUEST_LV_0500_20210809_001131	Vaincre les monstres attaquants	습격해오는 몬스터들 처치				
QUEST_LV_0500_20210809_001132	Se Rendre à la Zone de Surveillance Centrale	중앙 감시 구역으로 가기				
QUEST_LV_0500_20210809_001133	Vous avez arrêté l'attaque des monstres{nl}Rendez-vous à la Zone de surveillance centrale, où le Marnox dément s'est enfui,{nl}avec Pajauta 	몬스터들의 습격을 막아냈습니다{nl}파야우타와 광기의 마르녹스가 사라진 중앙 감시 구역으로 이동하세요				
QUEST_LV_0500_20210809_001134	Vaincre Paulius	파울루스 처치하기				
QUEST_LV_0500_20210809_001135	Paulius a montré son vrai visage et a attaqué Pajauta.{nl}Arrêtez Paulius qui contrôle le corps du Marnox dément	파울루스가 본색을 드러내고 파야우타를 습격했습니다{nl}광기의 마르녹스의 몸을 지배하고 있는 파울루스를 저지하세요				
QUEST_LV_0500_20210809_001136	Vérifier l'état de Paulius assommé 	쓰러진 파울루스의 상태를 확인하기				
QUEST_LV_0500_20210809_001137	Vérifier l'état de Paulius assommé	쓰러진 파울루스의 상태를 확인하세요				
QUEST_LV_0500_20210809_001138	Vaincre Paulius	파울루스 처치				
QUEST_LV_0500_20210809_001139	Vérifier l'État de Pajauta	파야우타의 상태를 확인하기				
QUEST_LV_0500_20210809_001140	Vérifier l'État de Pajauta	파야우타의 상태를 확인하세요				
QUEST_LV_0500_20210809_001141	Parler à Pajauta avant de poursuivre le Beholder 	주시자를 쫓기 전에 파야우타와 이야기하세요				
QUEST_LV_0500_20210809_001142	Poursuivre le Beholder	주시자를 추적하기				
QUEST_LV_0500_20210809_001143	Poursuivre le Beholder	주시자를 추적하세요				
QUEST_LV_0500_20210809_001144	Poursuivre le Beholder	주시자 추격하기				
QUEST_LV_0500_20210809_001145	Poursuivre le Beholder	주시자를 쫓아가세요				
QUEST_LV_0500_20210809_001146	Le Beholder se dirige quelque part tout en vous parlant.{nl}Poursuivez le Beholder en perçant l'attaque des monstres	주시자는 어딘가로 향하며 당신에게 이야기하고 있습니다{nl}몬스터들의 공격을 뚫고 주시자를 쫓으세요				
QUEST_LV_0500_20210809_001147	Poursuivre le Beholder dans la direction où il a disparu	주시자가 사라진 방향으로 주시자를 추격하세요				
QUEST_LV_0500_20210809_001148	Vaincre le monstre et poursuivre le Beholder	몬스터를 처치하고 주시자 추격하기				
QUEST_LV_0500_20210809_001149	Arrêter l'attaque des monstres et poursuivre le Beholder	몬스터들의 습격을 저지하고 주시자를 추격하세요				
QUEST_LV_0500_20210809_001150	Poursuivre le Beholder dans la direction où il a disparu	주시자가 사라진 방향으로 주시자를 쫓아가세요				
QUEST_LV_0500_20210809_001151	Arrêter l'attaque des monstres et poursuivre le Beholder	몬스터들의 습격을 저지하고 주시자를 쫓으세요				
QUEST_LV_0500_20210809_001152	Vaincre l'Abomination inutile	쓸모없는 어보미네이션을 처치하기				
QUEST_LV_0500_20210809_001153	L'Abomination inutile est apparue{nl}Poursuivez le Beholder après avoir vaincu l'Abomination	쓸모없는 어보미네이션이 나타났습니다{nl}어보미네이션을 처치하고 주시자를 추격하세요				
QUEST_LV_0500_20210809_001154	Poursuivre le Beholder	주시자 추격				
QUEST_LV_0500_20210809_001155	Défense contre les attaques	습격을 막아내기				
QUEST_LV_0500_20210809_001156	Vaincre les monstres qui attaquent et continuer à poursuivre le Beholder	습격해오는 몬스터들을 처치하고 주시자를 계속 추격하세요				
QUEST_LV_0500_20210809_001157	Briser les Murs de Kruvina	크루비나 장벽을 부수기				
QUEST_LV_0500_20210809_001158	Poursuivre le Beholder après avoir brisé les murs de Kruvina qu'il a créés	주시자가 만들어낸 크루비나 장벽을 부수고 주시자를 추격하세요				
QUEST_LV_0500_20210809_001159	Briser %s	%s 부수기				
QUEST_LV_0500_20210809_001160	Vaincre tous les ennemis sur le chemin	막아서는 적들을 모두 처치하기				
QUEST_LV_0500_20210809_001161	Vaincre tous les ennemis qui tentent de vous empêcher de poursuivre le Beholder	주시자를 추격하기 위해 막아서고 있는 적들을 모두 처치하세요				
QUEST_LV_0500_20210809_001162	Vaincre le monstre qui barre le chemin	길을 막아서고 있는 몬스터 처치				
QUEST_LV_0500_20210809_001163	Bataille contre le Beholder	주시자와 전투				
QUEST_LV_0500_20210809_001164	Le Beholder vous fait face{nl}Vainquez le Beholder	주시자가 당신과 대면합니다{nl}주시자를 상대하세요				
QUEST_LV_0500_20210809_001165	Face au Beholder	주시자와 대면하기				
QUEST_LV_0500_20210809_001166	Affronter le Beholder	주시자와 대면하세요				
QUEST_LV_0500_20210809_001167	Parler au Seigneur d'Orsha	오르샤의 영주와 대화하기				
QUEST_LV_0500_20210809_001168	Parler au Seigneur d'Orsha	오르샤의 영주와 대화하세요				
QUEST_LV_0500_20210809_001169	Écouter du Maître Aumônier une rumeur sur le sacellum du saint	채플린 마스터에게서 성자의 기도소에 관한 소문을 듣기				
QUEST_LV_0500_20210809_001170	Le Maître Aumônier a une requête spéciale pour le Révélateur alors qu'Orsha est envahie{nl}par les démons{nl}Rendez-vous auprès du Maître Aumônier et écoutez la rumeur sur le sacellum du saint	채플린 마스터는 오르샤가 마족에게 침공당한 시점에서 계시자에게 특별히 부탁하고 싶은 일이 있다고 합니다{nl}채플린 마스터를 찾아가 성자의 기도소에 관한 소문을 들으세요				
QUEST_LV_0500_20210809_001171	Aller voir le Maître Arbalétrier dans les Bois des Ponts reliés	덧댄다리 숲의 아발리스터 마스터를 찾아가기				
QUEST_LV_0500_20210809_001172	Le Maître Aumônier dit qu'il y a de fortes chances que le lieu dont a parlé le Maître Arbalétrier soit le sacellum du saint{nl}Rendez-vous auprès du Maître Arbalétrier dépêché à Orsha	채플린 마스터는 아발리스터 마스터가 말했던 장소가 성자의 기도소일 확률이 크다고합니다.{nl}오르샤에 지원 간 아발리스터 마스터를 찾아가세요.				
QUEST_LV_0500_20210809_001173	Choisir un côté du passage et acculer le Marnox dément 	양쪽의 길 중 한 방향을 선택해 광기의 마르녹스 포위하기				
QUEST_LV_0500_20210809_001174	Vous devez choisir la gauche ou la droite et acculer le Marnox dément	오른쪽 길과 왼쪽 길 중 한 곳을 선택해 광기의 마르녹스를 포위해야 하세요				
QUEST_LV_0500_20210809_001175	Vaincre 2000 monstres de type Mutant dans la zone de l'Épisode 13-1	Episode13-1 지역에서 변이형 몬스터 2000마리 처치				
QUEST_LV_0500_20210809_001176	Vaincre les monstres de type Mutant de la zone de l'Épisode 13-1	Episode13-1 지역의 변이형 몬스터 처치	QUEST_LV_0500_20210115_000732	Vaincre les monstres de type Mutant de la zone de l'Épisode 13	Episdoe13 지역의 변이형 몬스터 처치	
QUEST_LV_0500_20210809_001177	Vaincre 2000 monstres de type Insecte, Diable, Plante dans la zone de l'Épisode 13-1	Episode13-1 지역에서 곤충, 악마, 식물형 몬스터 2000마리 처치				
QUEST_LV_0500_20210809_001178	Vaincre les monstres de type Insecte, Diable, Plante dans la zone de l'Épisode 13-1	Episode13-1 지역의 곤충, 악마, 식물형 몬스터 처치	QUEST_LV_0500_20210115_000734	Vaincre les monstres de type Insecte, Diable, Plante dans la zone de l'Épisode 13	Episode13 지역의 곤충, 악마, 식물형 몬스터 처치	
QUEST_LV_0500_20210809_001179	Vaincre 2000 monstres de type Bête dans la zone de l'Épisode 13-1	Episode13-1 지역에서 야수형 몬스터 2000마리 처치				
QUEST_LV_0500_20210809_001180	Vaincre les monstres de type Bête de la zone de l'Épisode 13-1	Episode13-1 지역의 야수형 몬스터 처치	QUEST_LV_0500_20210115_000736	Vaincre les monstres de type Bête de la zone de l'Épisode 13	Episode13 지역의 야수형 몬스터 처치	
QUEST_LV_0500_20210809_001181	Vaincre 3000 monstres de grande taille dans la zone de l'Épisode 13-1	Episode13-1 지역에서 대형 몬스터 3000마리 처치				
QUEST_LV_0500_20210809_001182	Vaincre les monstres de grande taille de la zone de l'Épisode 13-1	Episode13-1 지역의 대형 몬스터 처치	QUEST_LV_0500_20210115_000738	Vaincre les monstres de grande taille de la zone de l'Épisode 13	Episode13 지역의 대형 몬스터 처치	
QUEST_LV_0500_20210809_001183	Vaincre 3000 monstres de taille moyenne dans la zone de l'Épisode 13-1	Episode13-1 지역에서 중형 몬스터 3000마리 처치				
QUEST_LV_0500_20210809_001184	Vaincre les monstres de taille moyenne de la zone de l'Épisode 13-1	Episode13-1 지역의 중형 몬스터 처치	QUEST_LV_0500_20210115_000740	Vaincre les monstres de taille moyenne de la zone de l'Épisode 13	Episode13 지역의 중형 몬스터 처치	
QUEST_LV_0500_20210809_001185	Vaincre 3000 monstres de petite taille dans la zone de l'Épisode 13-1	Episode13-1 지역에서 소형 몬스터 3000마리 처치				
QUEST_LV_0500_20210809_001186	Vaincre les monstres de petite taille de la zone de l'Épisode 13-1	Episode13-1 지역의 소형 몬스터 처치	QUEST_LV_0500_20210115_000742	Vaincre les monstres de petite taille de la zone de l'Épisode 13	Episode13 지역의 소형 몬스터 처치	
QUEST_LV_0500_20210809_001187	Vaincre 8000 monstres dans la zone de l'Épisode 13-1	Episode13-1 지역에서 몬스터 8000마리 처치				
QUEST_LV_0500_20210809_001188	Vaincre les monstres de la zone de l'Épisode 13-1	Episode13-1 지역의 몬스터 처치	QUEST_LV_0500_20210115_000744	Vaincre les monstres de la zone de l'Épisode 13	Episode13 지역의 몬스터 처치	
QUEST_LV_0500_20210809_001189	Achever Vestiges de Bernice étape 20 ou plus	베르니케 파편 던전 20 스테이지 이상 클리어				
QUEST_LV_0500_20210809_001190	Achever le mode Défi 10 fois{nl}Vous pouvez poursuivre le Défi de terrain (Solo) à partir de l'étape 3.	챌린지 모드 10회 클리어{nl}필드 챌린지(1인)는 3단 이상에서 진행할 수 있습니다.				
QUEST_LV_0500_20210809_001191	Vaincre 60000 monstres dans la zone de l'Épisode 13-1	Episode13-1 지역에서 몬스터 60000마리 처치				
QUEST_LV_0500_20210809_001192	Achever le mode Défi 80 fois{nl}Vous pouvez poursuivre le Défi de terrain (Solo) à partir de l'étape 3.	챌린지 모드 80회 클리어{nl}필드 챌린지(1인)는 3단 이상에서 진행할 수 있습니다.				
QUEST_LV_0500_20210809_001193	Parler à l'Équipe de Réparation des Dégâts d'Orsha	오르샤 피해복구반 단원과 대화				
QUEST_LV_0500_20210809_001194	L'équipe de réparation des dégâts d'Orsha vous attend à l'Étang de Lemprasa.	렘파라사 연못에서 오르샤 피해복구반 단원이 당신을 기다리고 있습니다				
QUEST_LV_0500_20210809_001195	Vaincre les démons au Camp de colons temporaire	임시 이주민 캠프의 마족 처치				
QUEST_LV_0500_20210809_001196	Vaincre les démons au Camp de colons temporaire de l'Étang de Lemprasa	렘파라사 연못에 위치한 임시 이주민 캠프의 마족 처치				
QUEST_LV_0500_20210809_001197	Attaque Surprise du Démon	마족의 급습				
QUEST_LV_0500_20210809_001198	Vaincre les démons qui attaquent	마족의 급습을 물리치세요				
QUEST_LV_0500_20210809_001199	Pajauta vous attend à l'Étang de Lemprasa	렘파라사 연못에서 파야우타가 당신을 기다리고 있습니다				
QUEST_LV_0500_20210809_001200	Vaincre les démons au Fourche d'Amzina	암지나 갈림길의 마족 처치				
QUEST_LV_0500_20210809_001201	Aller à l'Étang de Lemprasa et vaincre les démons au Fourche d'Amzina 	렘파라사 연못으로 이동 후 암지나 갈림길의 마족을 처치 하세요				
QUEST_LV_0500_20210809_001202	Vaincre les démons à la Zone abattue de Malkos	말코스 벌목지의 마족 처치				
QUEST_LV_0500_20210809_001203	Aller à l'Étang de Lemprasa et vaincre les démons à la Zone abattue de Malkos	렘파라사 연못으로 이동 후 말코스 벌목지의 마족을 처치하세요				
QUEST_LV_0500_20210809_001204	L'équipe de réparation des dégâts d'Orsha vous attend dans les Bois des Ponts reliés.	덧댄다리 숲에서 오르샤 피해복구반 단원이 당신을 기다리고 있습니다				
QUEST_LV_0500_20210809_001205	Pajauta vous attend aux Bois des Ponts reliés	덧댄다리 숲에서 파야우타가 당신을 기다리고 있습니다				
QUEST_LV_0500_20210809_001206	Prendre la Pelle au Porteur Darbas	다르바스 캐리어에게 삽 빼앗기				
QUEST_LV_0500_20210809_001207	Vaincre le Porteur Darbas aux Bois des Ponts reliés, prendre la pelle, et la remettre à Pajauta.	덧댄다리 숲에서 다르바스 캐리어를 처치하고 삽을 빼앗아 파야우타에게 건네주세요				
QUEST_LV_0500_20210809_001208	Prendre la Pioche au Porteur Darbas	다르바스 캐리어에게 곡괭이 빼앗기				
QUEST_LV_0500_20210809_001209	Vaincre le Mineur Darbas aux Bois des Ponts reliés, prendre la pioche, et la remettre à Pajauta.	덧댄다리 숲에서 다르바스 캐리어를 처치하고 곡괭이를 빼앗아 파야우타에게 건네주세요				
QUEST_LV_0500_20210809_001210	Prendre la Pioche au Mineur Darbas	다르바스 마이너에게 곡괭이 빼앗기				
QUEST_LV_0500_20210809_001211	Prendre les Pierres au Chargeur Darbas	다르바스 로더에게 석재 빼앗기				
QUEST_LV_0500_20210809_001212	Vaincre le Chargeur Darbas aux Bois des Ponts reliés, prendre la pierre, et la remettre à Pajauta.	덧댄다리 숲에서 다르바스 로더를 처치하고 석재를 빼앗아 파야우타에게 건네주세요				
QUEST_LV_0500_20210809_001213	L'équipe de réparation des dégâts d'Orsha vous attend à Croisement de Paupys.	파우피스 나루에서 오르샤 피해복구반 단원이 당신을 기다리고 있습니다				
QUEST_LV_0500_20210809_001214	Pajauta vous attend à Croisement de Paupys.	파우피스 나루에서 파야우타가 당신을 기다리고 있습니다				
QUEST_LV_0500_20210809_001215	Chercher les habitants isolés à Croisement de Paupys	파우피스 나루의 고립된 주민 수색				
QUEST_LV_0500_20210809_001216	Chercher les habitants isolés dans les maisons près de Croisement de Paupys	파우피스 나루 지역에 위치한 민가에서 고립된 주민이 있는지 수색하세요				
QUEST_LV_0500_20210809_001217	Chercher la direction de Prison souterraine d'Ashaq	아샤크 지하 감옥 방향 수색				
QUEST_LV_0500_20210809_001218	Pajauta souhaite fouiller Croisement de Paupys un peu plus. Fouillez Croisement de Paupys avec Pajauta	파야우타는 파우피스 나루를 좀 더 확인해보겠다고 합니다. 파야우타와 함께 파우피스 나루를 수색하세요.				
QUEST_LV_0500_20220204_001219	Prenez garde de ne pas perdre la vie en vous impliquant dans Singularité de division.{nl}Comportez-vous prudemment dans Singularité de division. C'est un lieu extrêmement{nl}dangereux.	분열 특이점에 휘말려 아까운 목숨을 잃지 않도록 주의하세요.{nl}분열 특이점에서는 행동을 주의하세요. 무척 위험한 장소입니다.	QUEST_LV_0500_20200826_000235	Prenez garde de ne pas perdre la vie en vous impliquant dans Effondrement dimensionnel et{nl}Singularité de division. En particulier, comportez-vous prudemment dans Singularité de{nl}division. C'est un lieu extrêmement dangereux.	차원 붕괴와 분열 특이점에 휘말려 아까운 목숨을 잃지 않도록 주의하세요.{nl}특히 분열 특이점에서는 행동을 주의하세요. 무척 위험한 장소입니다.	세이지 파견원
QUEST_LV_0500_20220204_001220	Gardes de l'Ambassade	공관 경비병				
QUEST_LV_0500_20220204_001221	Halte ! Nous vérifions l'identité de chaque visiteur et le motif de sa visite. Vous devez donc{nl}attendre votre tour.	멈추십시오!{nl}방문객들은 모두 신분과 방문 사유를 검사하고 있습니다.{nl}그러니 당신도 차례가 올 때까지 기다리셔야 합니다.				공관 경비병
QUEST_LV_0500_20220204_001222	L'Illusion de la Fille	소녀의 환영				
QUEST_LV_0500_20220204_001223	Vous êtes arrivé jusqu'ici en suivant ma guidance. Votre présence est nette même parmi des{nl}gens anxieux.	내 인도를 따라 여기까지 왔구나.{nl}불안한 인간들 사이에서도 네 존재가 확실히 느껴져.				소녀의 환영
QUEST_LV_0500_20220204_001224	Vous êtes lié à mon destin. Aussi acceptez et suivez ma guidance, je vous prie.	너는 내 숙명에 묶여 있어.{nl}그러니 내 인도를 받아들이고 따라줬으면 해.				소녀의 환영
QUEST_LV_0500_20220204_001225	Je veillerai à ce que vous arriviez à Orsha à temps. Alors vous ne pouvez pas perdre votre temps{nl}ici.	난 너를 정해진 시간에 오르샤에 도착할 수 있게 할 거야.{nl}그러니 여기서 이렇게 시간을 낭비하고 있을 수 없다.				소녀의 환영
QUEST_LV_0500_20220204_001226	Le combat va bientôt commencer. C'est un affrontement à votre mesure, alors dites-le-moi{nl}quand vous serez prêt.	곧 전투가 시작될 거야.{nl}네가 충분히 상대할 수 있는 상대이니 준비되면 말해줘.				소녀의 환영
QUEST_LV_0500_20220204_001227	Le Grand Général Ramin	대장군 라민				
QUEST_LV_0500_20220204_001228	Est-ce vous qui avez vaincu les démons à l'entrée ? On dirait que vous n'êtes pas qu'un simple{nl}réfugié. Qui êtes-vous ?	입구의 마족들을 처치한 게 자네인가?{nl}단순한 피난민은 아닌 것 같군.{nl}자넨 누구지?				대장군 라민
QUEST_LV_0500_20220204_001229	Vous êtes donc venu après avoir rêvé d'une révélation.	계시의 꿈을 꾸고 왔단 말이군.				대장군 라민
QUEST_LV_0500_20220204_001230	J'ai entendu dire qu'il y a des gens comme cela dans le Royaume. Beaucoup.	왕국에도 그런 자들이 있다는 소식을 들었지.{nl}그것도 아주 많이.				대장군 라민
QUEST_LV_0500_20220204_001231	Une nuit, une déesse est apparue dans le rêve de gens comme vous et leur a dit qu'ils allaient{nl}quelque part. Imaginez des dizaines et des centaines de personnes rassemblées. Si vous étiez{nl}commandant, croiriez-vous de telles gens ?	여신이 어느 날 밤 자네 같은 사람들의 꿈에 나타나 어딘가로 향한다는 이야기를 했고.{nl}그래서 수십 수 백명이 몰려든다고 생각해보게.{nl}자네가 지휘관이라면 그런 사람들을 믿을 수 있겠나?				대장군 라민
QUEST_LV_0500_20220204_001232	{nl}De plus, prétendre être un Révélateur des Îles de Moroth... Enfin, ce n'est pas exactement le{nl}continent, n'est-ce pas ? Plus difficile à croire.	{nl}게다가 왕국 본토도 아닌, 모로스 섬에서 계시자라 주장하다니.{nl}신뢰하기 힘들어.				대장군 라민
QUEST_LV_0500_20220204_001233	{nl}Cependant, la princesse Kaonilla a dit qu'elle recevrait quiconque prétend être un Révélateur...{nl}Allez rendre visite à la princesse.{nl}	{nl}하지만 카오닐라 공주님께서 계시자라 주장하는 사람이 오면 일단 만나보겠다고 하셨으니..{nl}공주님을 찾아가 보게.{nl}				대장군 라민
QUEST_LV_0500_20220204_001234	Des gens prétendant être des Révélateurs se sont rassemblés autour de Klaipeda. C'est une vieille{nl}histoire, mais Laima a caché un véritable Révélateur parmi eux. Ainsi Giltine ne peut pas trouver{nl}le Révélateur.	계시자라 주장하는 자들이 왕국의 클라페다로 모여들기 시작했어.{nl}오래된 이야기지만 라이마는 그들 사이에 진실된 계시자 한 명을 숨겼지.{nl}길티네가 찾을 수 없도록 말이야.				소녀의 환영
QUEST_LV_0500_20220204_001235	Cependant, le rêve que je vous ai montré ne vient pas de Laima. Vous êtes ici pour moi et la{nl}révélation de Laima n'a rien à voir avec vous. Mais il n'y a pas meilleure position que celle de{nl}Révélateur pour gagner la confiance du peuple du royaume. Vivez en tant que Révélateur pour{nl}l'instant, je vous prie.	하지만 내가 네게 보여준 꿈은 라이마가 보여준 게 아니야.{nl}넌 나를 위해 여기 온 것이고 라이마의 계시는 너와 상관없어.{nl}하지만 왕국의 인간들에게 신뢰를 얻으려면 계시자만큼 훌륭한 신분도 없으니까.{nl}당분간 계시자로 살아가 줘.				소녀의 환영
QUEST_LV_0500_20220204_001236	Avant de rencontrer la princesse, vous devez montrer que vous êtes assez talentueux. Bien sûr,{nl}tuer les démons apparus dans l'ambassade compte pour cela, et ce sera convaincant s'il s'agissait{nl}d'une révélation dont vous avez rêvé.	공주를 만나기 전에 네가 실력자라는 사실을 보여줄 필요가 있어.{nl}물론 공관에 나타난 마족들을 처치한 것만으로도 충분하고 그게 계시의 꿈을 꾼 계시라면 설득력이 있겠지.				소녀의 환영
QUEST_LV_0500_20220204_001237	{nl}Malgré tout, cela ne suffira pas à garantir votre capacité et votre identité. Je vais donner	{nl}하지만 그것만으로는 실력과 신분을 보장받기 힘들 거야.{nl}내가 				소녀의 환영
QUEST_LV_0500_20220204_001238	 à vous.	를 줄 테니.				소녀의 환영
QUEST_LV_0500_20220204_001239	{nl}Ouvrez l'inventaire (F2) et utilisez	{nl}인벤토리(F2)의 				소녀의 환영
QUEST_LV_0500_20220204_001240	pour ajouter une classe.{nl}	를 사용해서 직업을 추가해봐.{nl}				소녀의 환영
QUEST_LV_0500_20220204_001241	D'après ce qu'ont dit les maîtres du Royaume, vous, les Révélateurs, pouvez changer ou{nl}réinitialiser les Skills apprises. Vous recevrez beaucoup de soutien, Révélateur, à votre arrivée à{nl}Orsha.	왕국의 마스터들이 말하길.{nl}너희 계시자들은 배운 직업을 변경하거나 학습한 스킬을 초기화할 수 있는 것 같아.{nl}오르샤에 도착하면 계시자인 너에게 많은 지원이 있을 거야.				소녀의 환영
QUEST_LV_0500_20220204_001242	Sélectionnez simplement la classe sans hésiter pour l'instant.	지금은 망설이지 말고 직업을 선택해줘.				소녀의 환영
QUEST_LV_0500_20220204_001243	C'est une décision audacieuse. Il y a un costume de la classe à laquelle vous avez avancé dans{nl}l'inventaire (F2). Essayez-le si vous voulez vous démarquer.	과감한 결정이구나.{nl}인벤토리(F2)에 전직한 직업의 코스튬도 있으니 신분을 돋보이고 싶다면 입어보도록 해.				소녀의 환영
QUEST_LV_0500_20220204_001244	Allez voir la personne responsable ici. Elle fait partie de la famille royale qui a fui le royaume{nl}pour échapper au Beholder. Elle s'est installée ici car elle entretenait de bonnes relations avec les{nl}Îles de Moroth au sein de la famille royale.	이제 이곳의 책임자를 만나러 가봐.{nl}그녀는 주시자를 피해 왕국에서 도망친 왕족 중 한 명이야.{nl}비교적 왕족 중에선 모로스 군도와 좋은 관계를 유지하고 있어서 이곳에 정착할 수 있었지.				소녀의 환영
QUEST_LV_0500_20220204_001245	La première chose à faire est de gagner sa confiance. Je reviendrai vers vous une fois qu'elle{nl}croira en vous.	그녀에게 신뢰를 얻는 게 지금 네가 해야 할 일이야.{nl}그녀가 충분히 널 신뢰할 수 있게 되면 다시 널 찾아올게.				소녀의 환영
QUEST_LV_0500_20220204_001246	Après la disparition de la famille royale fuyant le Beholder, les gens du royaume ont vécu dans la{nl}peur et l'angoisse. Maintenant que l'on ignore où se trouvent le roi et ses descendants, la{nl}princesse Kaonilla est le seul espoir du peuple du royaume.	왕족들이 주시자를 피해 사라진 후 왕국민들은 공포와 불안 속에 살아왔지.{nl}국왕과 그 후손들의 행방이 묘연해진 지금, 카오닐라 공주만이 왕국민들의 유일한 희망이야.				소녀의 환영
QUEST_LV_0500_20220204_001247	Kaoneela Henrjusi	카오닐라 헨류시				
QUEST_LV_0500_20220204_001248	J'ai appris que vous aviez vaincu le démon qui a envahi l'ambassade. Je voudrais vous remercier{nl}au nom du royaume.	공관에 마족이 침입했고 그걸 당신이 처리했다고 들었습니다.{nl}왕국을 대표하여 감사를 표합니다.				카오닐라 헨류시
QUEST_LV_0500_20220204_001249	{nl}De plus, j'ai entendu dire que vous aviez rêvé d'une révélation. J'ai entendu parler de{nl}Révélateurs comme vous à Orsha et Klaipeda. Le Royaume a été violé par le dieu démon Giltine{nl}et ses démons. Il semble que la Déesse démon Giltine cherche à détruire le royaume.	{nl}그리고 계시의 꿈을 꾸셨다고 하시더군요.{nl}오르샤와 클라페다로부터 당신 같은 계시자의 이야기를 전해 들었습니다.{nl}왕국은 지금 마신 길티네와 그분의 마족들에게 유린당하고 있습니다.{nl}아무래도 마신 길티네는 왕국을 멸망시키려고 하시는 것 같더군요.				카오닐라 헨류시
QUEST_LV_0500_20220204_001250	Vous l'avez peut-être vu en rêve, mais si la prescience de la Déesse Laima n'était pas fausse, à{nl}l'heure qu'il est...	당신도 꿈에서 보았겠지만 라이마 여신의 예지가 틀리지 않았다면 지금쯤이면..				카오닐라 헨류시
QUEST_LV_0500_20220204_001251	{nl}Un autre Révélateur que vous doit avoir du mal à l'arrêter.	{nl}당신이 아닌 다른 계시자가 그분을 막아서기 위해 분투 중일 것입니다.				카오닐라 헨류시
QUEST_LV_0500_20220204_001252	{nl}Bien sûr, je ne veux pas dire que vous êtes un faux Révélateur. Ceux qui se disent Révélateurs{nl}obtiennent d'excellents résultats grâce à leurs remarquables Skills dans les combats contre les{nl}démons. J'espère que vous aussi avez des Skills plus que suffisantes.	{nl}물론 당신이 가짜 계시자라는 의미는 아닙니다.{nl}계시자라 주장하는 자들은 뛰어난 실력으로 마족들과의 전투에서 성과를 보이고 있다고 합니다.{nl}당신도 그에 걸맞은 실력이 있겠죠.				카오닐라 헨류시
QUEST_LV_0500_20220204_001253	C'est l'un des rares endroits où les gens du royaume peuvent rester en sécurité dans les Îles de{nl}Moroth. Cependant, les démons envahissent fréquemment ces temps-ci. Ce serait bien s'il ne{nl}s'agissait que d'une reconnaissance, mais cela pourrait être une approche délibérée.	이곳은 모로스 군도에서 왕국민들이 비교적 안전하게 지낼 수 있는 몇 안 되는 곳 중 하나입니다.{nl}하지만 최근 마족들이 빈번하게 침입하고 있습니다.{nl}그저 정찰대라면 다행이겠지만, 뭔가 목적을 갖고 접근하는 것일 수도 있습니다.				카오닐라 헨류시
QUEST_LV_0500_20220204_001254	J'ai une idée en tête, mais.. Pour l'instant, je n'ai d'autre choix que de faire confiance et d'attendre{nl}qu'Owynia Dilben règle cela puisque je le lui ai confié.	짐작가는 게 있지만..{nl}지금은 오위니아 딜벤에게 맡겨두었으니 그녀가 해결할 때까지 믿고 기다리는 수밖에 없습니다.				카오닐라 헨류시
QUEST_LV_0500_20220204_001255	Je vais vous donner cette lettre. Allez la voir si vous comptez rester dans cette ambassade et nous{nl}aider. La sage vous assignera la tâche qu'il faut.	당신이 이 공관에 머물며 우릴 도와줄 계획이라면 이 편지를 드릴 테니 그녀를 찾아가 보십시오.{nl}지혜로운 그녀라면 당신에게 적절한 일을 배정해 줄 것입니다.				카오닐라 헨류시
QUEST_LV_0500_20220204_001256	C'est vous qui venez de régler cette agitation. D'habitude on m'appelle quand les choses{nl}s'enveniment. Mais comme personne ne l'a fait, je me demandais qui c'était.	방금 전 소란을 해결한 게 당신이군요.{nl}일이 커지면 저를 부를 텐데 아무런 연락도 없어서 누군지 궁금해하던 참이에요.				오위니아 딜벤
QUEST_LV_0500_20220204_001257	Nous avons appris de Klaipeda que les démons enlèvent les habitants du royaume en se{nl}déguisant en humains. Nous devons nous préparer.	클라페다로부터 마족들이 인간으로 변해 왕국민들을 납치한다는 이야기를 들었습니다.{nl}우리도 뭔가 대비를 해야 합니다.				카오닐라 헨류시
QUEST_LV_0500_20220204_001258	Hmm.. La princesse a vraiment beaucoup de doutes. Un démon qui se transforme en humain..{nl}De telles histoires ne servent qu'à effrayer les petits quand ils font des bêtises.	음..{nl}공주님은 정말 의심이 많군요.{nl}인간으로 변하는 마족이라니..{nl}그런건 어린 아이들이 말썽부릴 때나 써먹는 건데.				오위니아 딜벤
QUEST_LV_0500_20220204_001259	Malgré tout, je n'y peux rien puisque c'est l'ordre de la princesse. Je devrais vous confier du{nl}travail aussi, non ?	그래도 공주님의 명령이니 어쩔 수 없네요.{nl}당신에게도 뭔가 일거리를 줘야겠죠?				오위니아 딜벤
QUEST_LV_0500_20220204_001260	Regardez autour de l'ambassade pendant que je fabrique des outils. Je vous appellerai quand{nl}j'aurai fini.	제가 적절한 도구를 만드는 동안 잠시 공관을 돌아보고 계세요.{nl}다 만들면 당신을 부를게요.				오위니아 딜벤
QUEST_LV_0500_20220204_001261	Je ne peux pas empêcher la princesse Kaonilla d'avoir beaucoup de doutes. Beaucoup de gens{nl}ont été tués quand le Beholder a traqué la famille royale.	카오닐라 공주가 의심이 많은 건 어쩔 수 없어.{nl}주시자가 벌이는 왕족 사냥에 여러 인간이 당했으니까.				소녀의 환영
QUEST_LV_0500_20220204_001262	Owynia Dilben est plus respectée que vous ne le pensez parmi les humains. Si la princesse{nl}Kaonilla peut régner ici comme régente, c'est entièrement grâce à elle.	오위니아 딜벤은 네가 생각하는 것보다 인간들 사이에선 추앙받는 인물이야.{nl}카오닐라 공주가 이곳에서 섭정 노릇을 영유할 수 있는 것도 다 그녀 덕이지.				소녀의 환영
QUEST_LV_0500_20220204_001263	Vous semblez parcourir de longues distances seul à chaque fois. Je crois qu'il reste encore{nl}beaucoup à vous dire..	그런데 너는 매번 먼 거리를 직접 이동하는 것 같은데, 내가 알려줄 게 아직 많이 남은 것 같구나..				소녀의 환영
QUEST_LV_0500_20220204_001264	Je vous appellerai quand j'aurai fini. Entre-temps, prenez le temps de regarder autour.	다 만들면 부를게요.{nl}그 동안 주변을 둘러보세요.				오위니아 딜벤
QUEST_LV_0500_20220204_001265	Vous n'avez pas assez de temps pour parcourir seul de si longues distances. Le royaume est bien{nl}plus vaste que vous ne le pensez et il y aura à l'avenir encore plus de gens qui auront besoin de{nl}vous. Utiliser la statue de Vakarine est bien, mais utiliser 	매번 먼 거리를 직접 걸어 다닐 만큼, 네 여정은 여유롭지 않아.{nl}왕국은 네가 생각하는 것보다 훨씬 넓고 앞으로 널 필요로하는 사람들 더 많아질 거야.{nl}바카리네 여신상을 사용하는 것도 하나의 방법이지만 				소녀의 환영
QUEST_LV_0500_20220204_001266	sera bien plus facile.	 기능을 이용하면 훨씬 편할 거야.				소녀의 환영
QUEST_LV_0500_20220204_001267	Si vous avez accompli la requête ou la quête de quelqu'un, vous pouvez vous rendre{nl}immédiatement auprès du commanditaire. Owynia Dilben doit probablement vous chercher à{nl}l'heure qu'il est.{nl}	누군가의 의뢰나 퀘스트를 완료했다면 의뢰인에게 바로 이동할 수 있어.{nl}아마 지금쯤 오위니아 딜벤이 널 찾을 거야.{nl}				소녀의 환영
QUEST_LV_0500_20220204_001268	 doit être utilisé pour la rejoindre rapidement.	 기능을 써서 그녀에게 빠르게 이동해봐.				소녀의 환영
QUEST_LV_0500_20220204_001269	Oh ? Comment saviez-vous que j'allais vous appeler ? Est-il vrai que les Révélateurs ont au{nl}moins une capacité particulière ?	어? 마침 부르려고 했는데 어떻게 알고 딱 맞춰 온 거죠?{nl}계시자들은 다들 신기한 능력이 하나씩 있다고 하던데, 그런 건가요?				오위니아 딜벤
QUEST_LV_0500_20220204_001270	Quoi qu'il en soit, j'ai réalisé un chef-d'œuvre qui satisfera les attentes de la princesse. J'espère{nl}que vous l'essaierez.	아무튼 공주님의 기대에 부응할만한 역작을 만들었으니 이걸 당신이 시험해봤으면 해요.				오위니아 딜벤
QUEST_LV_0500_20220204_001271	Aller voir Owynia Dilben.{nl}	어서 오위니아 딜벤에게 가봐.{nl}				소녀의 환영
QUEST_LV_0500_20220204_001272	 sera utile désormais. Veillez à apprendre cette fonction.	 기능은 앞으로도 유용하게 쓰일 테니 꼭 익혀둬.				소녀의 환영
QUEST_LV_0500_20220204_001273	Laissez-moi vous présenter cet outil..	이 도구를 소개하자면..				오위니아 딜벤
QUEST_LV_0500_20220204_001274	Vous pouvez voir la couleur de l'âme de l'adversaire en mélangeant simplement de la topaze à{nl}diverses pierres magiques et en projetant un peu de lumière dessus. Elle apparaîtra{nl}normalement blanche si l'objet projeté n'est pas un Sadhu. Un Sadhu apparaît généralement en{nl}bleu.	토파즈와 여러 마석을 섞고 살짝 빛을 비추는 것만으로 수정 너머로 상대방의 영혼의 색을 볼 수 있죠.{nl}투영하는 대상이 사두가 아니라면 보통 흰색으로 보일 거에요.{nl}사두는 보통 파란색으로 보이거든요.				오위니아 딜벤
QUEST_LV_0500_20220204_001275	Alors, allez-vous projeter mon âme avec ceci ? Vous verrez du rouge ou du violet si je suis un{nl}démon.	그래서 이걸로 한 번 제 영혼을 투영해서 봐주시겠어요?{nl}제가 마족이라면 붉은색이나 보라색으로 보이겠죠.				오위니아 딜벤
QUEST_LV_0500_20220204_001276	Alors ? De quelle couleur mon âme est-elle apparue ?	어때요? 제 영혼의 색깔이 어떤 색이었나요?				오위니아 딜벤
QUEST_LV_0500_20220204_001277	{nl}Bien alors, j'ai besoin que vous fassiez quelque chose avec ceci.	{nl}자, 그럼 이걸 가지고 다음에 당신이 해줘야할 일이 있어요.				오위니아 딜벤
QUEST_LV_0500_20220204_001278	Je viens de vous sonder. Vous n'êtes pas un démon.	당신은 방금 잠시 들여다보았는데.{nl}마족은 아니더군요.				오위니아 딜벤
QUEST_LV_0500_20220204_001279	Utilisez ce Projecteur d'âme et vérifiez les réfugiés entrés dans l'ambassade avec vous, je vous{nl}prie. La princesse Kaonilla ne sera plus inquiète une fois qu'elle saura qu'il n'y a aucun démon.{nl}Venez me le dire après l'avoir vérifié de vos propres yeux. La princesse Kaonilla déteste les{nl}menteurs.	이 영혼 투사기를 써서 당신과 함께 공관에 들어온 피난민들을 확인해주세요.{nl}이렇게 해서 마족이 없다는 걸 알게 되면 카오닐라 공주님도 불안해하지 않겠죠.{nl}꼭 두 눈으로 확인하고 말해주세요.{nl}카오닐라 공주님은 거짓말 하는 사람을 정말 싫어하니까요.				오위니아 딜벤
QUEST_LV_0500_20220204_001280	C'est une situation grave à moins que cet outil ne soit cassé. Des démons se cachent parmi les{nl}réfugiés. Que devons-nous faire ?	제가 만든 도구가 고장 난 게 아니라면 정말 심각한 상황이네요.{nl}피난민들 사이에 마족들이 숨어있다니.{nl}이제 어쩌면 좋죠?				오위니아 딜벤
QUEST_LV_0500_20220204_001281	Cela fonctionne-t-il ? Tout va bien... ?	잘 되고 있나요?{nl}별일 없는 거겠죠...?				오위니아 딜벤
QUEST_LV_0500_20220204_001282	Allez à votre logement et reposez-vous. Je discuterai avec la princesse Kaonilla des démons que{nl}vous avez découverts.	당신은 일단 숙소로 돌아가 쉬고 계세요.{nl}저는 카오닐라 공주님과 당신이 발견한 마족에 대해 논의해봐야겠어요.				오위니아 딜벤
QUEST_LV_0500_20220204_001283	Grâce à vos efforts, nous avons vérifié que les démons ont envahi sur ordre du Beholder. Le but{nl}n'est pas encore clair, mais étant donné qu'il ne s'est pas montré...	당신이 활약해주신 덕에 이 마족들이 주시자의 명령으로 이곳 공관에 침입했다는 걸 알아냈어요.{nl}목적이 무엇인지 모르겠지만 아직까지 본색을 드러내지 않는 거로 봐서는..				오위니아 딜벤
QUEST_LV_0500_20220204_001284	Peut-être y a-t-il un but que nous ignorons.	우리가 모르는 목적이 있는 것 같아요.				오위니아 딜벤
QUEST_LV_0500_20220204_001285	Nous ne pouvons pas perdre notre temps sans connaître le but de l'ennemi. Je n'ai d'autre choix{nl}que de trouver le chef des démons et de l'interroger. Rendez-vous à la chapelle, je vous prie.	적의 목적도 모른 채 이렇게 시간을 보낼 순 없습니다.{nl}이 녀석들의 통솔자로 보이는 마족을 찾아 심문해 보는 수밖에 없겠어요.{nl}예배당으로 가주세요.				오위니아 딜벤
QUEST_LV_0500_20220204_001286	{nl}Cette fois, je dois vraiment découvrir ce qu'ils préparent.	{nl}무슨짓을 꾸미는지 이번에는 꼭 알아내야겠어요.				오위니아 딜벤
QUEST_LV_0500_20220204_001287	J'espère que les plans de la princesse Kaonilla ne seront pas découverts...	카오닐라 공주님의 계획이 들킨 건 아니겠지..				오위니아 딜벤
QUEST_LV_0500_20220204_001288	C'est à cause des Rangda ? Mais pourquoi ?	그 랑다들 때문이라고요?{nl}어째서?				오위니아 딜벤
QUEST_LV_0500_20220204_001289	On dirait qu'ils nous cachent quelque chose. Nous devons prévenir la princesse. Les Rangda{nl}partiront bientôt !	그녀들이 우리게 뭔가 숨기는 게 있는 모양이군요.{nl}어서 공주님께 알려야해요.{nl}곧 그 랑다들이 떠날거라고요!				오위니아 딜벤
QUEST_LV_0500_20220204_001290	Allez voir la princesse ! Et dites-lui que nous devons empêcher les Rangda de partir pour{nl}l'instant !	공주님께 가세요!{nl}그리고 일단 랑다들을 붙잡아 두어야한다고 말해주세요!				오위니아 딜벤
QUEST_LV_0500_20220204_001291	Un pouvoir lointain et noble que les humains ne peuvent avoir.	인간이 손에 넣을 수 없는 아득하고 고귀한 힘.				소녀의 환영
QUEST_LV_0500_20220204_001292	Les pouvoirs de la Déesse et du dieu démon qui finiront par disparaître reviendront aussi un{nl}jour.	이윽고 사라질 여신과 마신의 힘들도 언젠가는 되돌아 오게 돼.				소녀의 환영
QUEST_LV_0500_20220204_001293	Vous devez être furieux. Mais c'est ainsi. C'est votre rôle, à vous les humains.	분하겠지.{nl}그래도 어쩔 수 없어.{nl}그게 너희 인간의 역할이니까.				소녀의 환영
QUEST_LV_0500_20220204_001294	Allez !	어서 빨리요!				오위니아 딜벤
QUEST_LV_0500_20220204_001295	Vous ne pouvez pas arrêter les Rangda. Ils doivent se rendre au berceau du dieu d'où l'on ne{nl}revient pas.	너희는 랑다들을 막아선 안 돼.{nl}그녀들은 이제 돌아올 수 없는 신의 요람으로 향해야만 하니까.				소녀의 환영
QUEST_LV_0500_20220204_001296	Alors maintenant, gardez pour vous ce que vous avez vu et retournez voir Owynia Dilben{nl}comme je le souhaite. Dites-lui que vous n'avez rien vu.	그러니 이제 내 바람대로 네가 본 것을 네 마음속 깊이 묻고 오위니아 딜벤에게 돌아가.{nl}아무것도 보지 못했다고 말하렴.				소녀의 환영
QUEST_LV_0500_20220204_001297	Que voulez-vous dire, vous l'avez manquée ? La princesse Kaonilla est-elle en sécurité ?	놓쳤다니요?{nl}카오닐라 공주님은 무사하신 건가요?				오위니아 딜벤
QUEST_LV_0500_20220204_001298	Que se passe-t-il dans cette ambassade ?	이 공관에 무슨 일이 벌어지고 있는 거죠?				오위니아 딜벤
QUEST_LV_0500_20220204_001299	L'humain ne peut pas sonder l'esprit du dieu. Suivez simplement sa volonté.	인간이 신들의 마음을 들여다볼 순 없어.{nl}오직 그들 뜻만을 따르렴.				소녀의 환영
QUEST_LV_0500_20220204_001300	Je ne peux pas les laisser partir sans rien savoir ! Je la suivrai par ici, alors prévenez la princesse,{nl}je vous prie.	이렇게 아무것도 알아내지 못하고 그녀들을 보낼 수 없어요!{nl}저는 이 길로 그녀들을 쫓아갈 테니 공주님께 전해주세요.				오위니아 딜벤
QUEST_LV_0500_20220204_001301	C'est vous. Qu'est-ce qui vous fait venir ici si vite ?	당신이군요.{nl}무슨 일로 이렇게 급히 찾아오신 겁니까?				카오닐라 헨류시
QUEST_LV_0500_20220204_001302	Owynia a suivi les Rangda ?	오위니아가 랑다들을 쫓아갔단 말입니까?				카오닐라 헨류시
QUEST_LV_0500_20220204_001303	Allez voir la princesse, je vous prie. Je pars dans quelques minutes.	저는 곧 떠날 테니 당신은 공주님께 가주세요.				오위니아 딜벤
QUEST_LV_0500_20220204_001304	Je vois. Je savais qu'Owynia ferait cela. Elle se dirigera vers Orsha, en suivant les Rangda.	그렇군요.{nl}오위니아가 그런 행동을 할 거란 건 알고 있었습니다.{nl}랑다들을 따라 오르샤로 향하겠지요.				카오닐라 헨류시
QUEST_LV_0500_20220204_001305	Mais les Rangda ne se sont pas dirigés vers Orsha, mais vers la Capitale du Royaume.	하지만 그 랑다들은 오르샤가 아닌 왕국의 수도로 향했습니다.				카오닐라 헨류시
QUEST_LV_0500_20220204_001306	Ce que veulent les démons qui ont envahi l'ambassade, c'est que les Rangda se dirigent vers{nl}Orsha. Voilà pourquoi ils m'ont épargné. Ils voulaient que les Rangda arrivent à Orsha sains et{nl}saufs.	공관에 침입한 마족들이 원하는 건 그 랑다들이 오르샤로 향하는 것.{nl}그러니 저를 살려둬서 그녀들이 무사히 오르샤에 도착하길 원했겠죠.				카오닐라 헨류시
QUEST_LV_0500_20220204_001307	Vous ne le savez peut-être pas, mais la tribu Rangda suivait Giltine et les chefs de tribu se le sont{nl}transmis de génération en génération.. le	당신은 모르시겠지만 랑다 부족이 마신 길티네를 추종하고 그들의 부족장들이 대대로 전승한..				카오닐라 헨류시
QUEST_LV_0500_20220204_001308	Le destin.	숙명.				카오닐라 헨류시
QUEST_LV_0500_20220204_001309	La seule clé pour reconstruire le Royaume. Ne perturbez pas le destin.	그 숙명을 방해하지 않는 것이.{nl}왕국을 재건할 수 있는 유일한 방법입니다.				카오닐라 헨류시
QUEST_LV_0500_20220204_001310	Vous ne comprenez pas. C'est logique. La volonté des dieux dépasse toujours l'imagination{nl}humaine. Ni vous ni moi ne pouvons rien changer face à leur fatalisme.	이해할 수 없다는 표정이군요.{nl}그럴 수 있습니다.{nl}신의 뜻은 언제나 인간의 상상을 초월하니까요.{nl}저도 당신도 그들의 숙명론 앞에선 그 무엇도 바꿀 수 없으니까요.				카오닐라 헨류시
QUEST_LV_0500_20220204_001311	Il n'y a rien de plus que vous puissiez faire ici. Je vais vous donner ce document. Allez voir le{nl}général Heosha. Elle vous enverra à Orsha.	이제 이곳에서 당신이 더 이상 할 일이 없습니다.{nl}이 해도를 드릴 테니 헤오샤 장군에게 찾아가십시오.{nl}그녀가 당신을 오르샤로 보내줄 것입니다.				카오닐라 헨류시
QUEST_LV_0500_20220204_001312	Heosha	헤오샤				
QUEST_LV_0500_20220204_001313	Ah, c'est vous, Révélateur La princesse vous envoie ?	아, 계시자님이시군요.{nl}공주님이 보내셨다고요?				헤오샤
QUEST_LV_0500_20220204_001314	Mon armée et moi allons maintenant commencer à préparer le départ. J'attendrai le moment{nl}venu.	저와 제 군대도 이제 이곳을 떠날 준비를 시작할 것입니다.{nl}그때를 기다리겠습니다.				카오닐라 헨류시
QUEST_LV_0500_20220204_001315	Il n'y a pas longtemps, la princesse m'a parlé de vous. Elle m'a dit de vous emmener sur un autre{nl}bateau vers Orsha... En avez-vous appris davantage ?	얼마 전에 공주님께서 당신에 대한 이야기를 하셨죠.{nl}오르샤로 향하는 다른 배를 태우라고 하셨는데..{nl}더 들으신 이야기가 있으십니까?				헤오샤
QUEST_LV_0500_20220204_001316	{nl}On dirait que vous ne savez pas.	{nl}표정을 보니 모르시는 모양이군요.				헤오샤
QUEST_LV_0500_20220204_001317	Il y a quelques jours, la rumeur d'un retour à Orsha s'est répandue dans toute l'ambassade. La{nl}princesse a séparé les réfugiés et les démons qui avaient envahi l'ambassade pour les{nl}embarquer. Les deux bateaux sont partis ensemble, mais celui où sont les démons doit{nl}maintenant être entré dans le domaine de la Déesse Jurate. Il leur sera difficile d'être en sécurité.	얼마 전에 오르샤로 돌아간다는 이야기가 공관 내에 퍼진 적이 있습니다.{nl}공주님은 피난민과 공관에 침입한 마족들을 분류해서 배에 태우셨죠.{nl}두 배는 같이 출발했지만, 마족들이 탄 배는 지금쯤 유라테 여신의 영역으로 들어갔을 겁니다.{nl}아마 녀석들은 무사하기 힘들 겁니다.				헤오샤
QUEST_LV_0500_20220204_001318	La princesse m'a dit de veiller à ce que le bateau que vous prenez contourne le domaine de la{nl}Déesse Jurate et rejoigne Orsha en sécurité. Dites-moi quand vous serez prêt. Ce sera un long{nl}voyage.	공주님은 당신이 탈 배는 유라테 여신의 영역을 우회하여 무사히 오르샤로 갈 수 있게 하라고 하시더군요.{nl}준비가 되면 말씀해주십시오.{nl}먼 항해가 될 겁니다.				헤오샤
QUEST_LV_0500_20220204_001319	La princesse Kaonilla vous a envoyé en sécurité. 	카오닐라 공주가 널 무사히 보내줬구나.				소녀의 환영
QUEST_LV_0500_20220204_001320	Et aussi les Jurate..{nl}	그리고 유라테도..{nl}				소녀의 환영
QUEST_LV_0500_20220204_001321	Maintenant que vous êtes arrivé à Orsha, aidez le seigneur d'Orsha jusqu'à ce que je vous trouve,{nl}je vous prie.	이제 오르샤에 도착했으니 내가 다시 찾을 때까지 오르샤 영주를 도와줘야 해.				소녀의 환영
QUEST_LV_0500_20220204_001322	Quoi que vous traversiez, qui que vous rencontriez.	앞으로 네가 무엇을 겪던, 누구를 만나건.				소녀의 환영
QUEST_LV_0500_20220204_001323	Je vous couvre.	난 항상 네 뒤에 있을 거니까.				소녀의 환영
QUEST_LV_0500_20220204_001324	Restez en vie.	살아 남아줘.				소녀의 환영
QUEST_LV_0500_20220204_001325	On dirait que vous n'êtes pas encore prêt à survivre. Il vaut mieux ouvrir votre inventaire (F2) et{nl}équiper votre matériel.	아직까지 살아남을 준비가 되지 않은 것 같구나.{nl}인벤토리(F2)를 열어서 장비를 착용하는 게 좋겠어.				소녀의 환영
QUEST_LV_0500_20220204_001326	Vous ne vous êtes pas encore équipé ? Comment cela ?	아직 장비를 꺼내입지 않은 거야?{nl}어째서?				소녀의 환영
QUEST_LV_0500_20220204_001327	Cela vous suffira pour survivre au combat.	그 정도면 곧 있을 전투에서 살아남을 수 있을 거야.				소녀의 환영
QUEST_LV_0500_20220204_001328	Comme je suis occupé, allez voir la princesse.	난 바쁘니 어서 공주님께 찾아가게.				대장군 라민
QUEST_LV_0500_20220204_001329	Le réfugié dont vous m'avez parlé... Nous avons pris le petit-déjeuner ensemble. Comment cela{nl}peut-il arriver..	당신이 말한 그 피난민...{nl}오늘 아침에 저와 아침 식사를 했어요.{nl}어떻게 이런 일이..				오위니아 딜벤
QUEST_LV_0500_20220204_001330	Révélateur. J'ai remis au Royaume les preuves récupérées dans la Prison souterraine d'Ashaq.	계시자님.{nl}지난번 아샤크 지하감옥에서 회수했던 증거물들을 왕실에 전달했습니다.				이네사 해먼데일
QUEST_LV_0500_20220204_001331	Et enfin, nous voici de nouveau armés pour affronter les forces du Beholder qui ont attaqué la{nl}province de Kiren et Orsha. L'armée royale, menée par le général Ramin, a déjà frappé Delmore,{nl}le bastion du Beholder.	그리고 마침내, 키렌 지방과 오르샤를 공격한 주시자의 군세에 맞서기 위해 우리는 다시금 검을 쥐었습니다.{nl}주시자의 본거지인 델무어를 향해 라민 대장군이 이끄는 왕국군이 대대적인 공격을 개시했습니다.				이네사 해먼데일
QUEST_LV_0500_20220204_001332	Plusieurs batailles, grandes et petites, se seraient déjà déroulées à l'heure qu'il est. Pajauta est{nl}passée, avant de rejoindre elle-même l'armée, pour vous demander de vous joindre à elle{nl}également.	지금쯤이면, 크고 작은 전투가 몇 차례 치러진 후일 겁니다.{nl}공격에 앞서서 공격대에 합류한 파야우타씨께서 당신께 합류해 달라는 부탁을 남기기 위해 이곳에 들렀습니다.				이네사 해먼데일
QUEST_LV_0500_20220204_001333	Révélateur. Vous êtes respecté par notre peuple et redouté par l'ennemi. Je vous en prie, en tant{nl}que seigneur d'Orsha, je vous demande sincèrement de faire de votre mieux pour protéger{nl}Kiren.	계시자님.{nl}당신께서는 많은 이들에게 존경의 대상으로, 적에게는 경외의 대상입니다.{nl}부디, 키렌 지방의 수호를 위해 힘써주시길 오르샤의 영주로서 간곡히 부탁드리겠습니다.				이네사 해먼데일
QUEST_LV_0500_20220204_001334	Merci d'avoir pris une décision si importante. Je vous revaudrai vos efforts et votre sacrifice.	크나큰 결정을 해주셔서 감사합니다.{nl}당신의 희생과 노고에 반드시 보답하겠습니다.				이네사 해먼데일
QUEST_LV_0500_20220204_001335	Le Hameau de Delmore est l'entrée de Delmore, et vous pouvez y accéder en traversant la Forêt{nl}de Kirtimas. La route de ravitaillement reliant directement les Abords de Delmore et l'Étang de{nl}Lemprasa a été bloquée par les combats.	델무어의 초입지인 델무어 소작촌은 현재 키르티마스 숲을 지나 도달하실 수 있을 겁니다.{nl}렘파라사 연못과 연결된 델무어 외성으로 곧바로 갈 수 있는 보급로는 전투의 여파로 차단되어 버렸습니다.				이네사 해먼데일
QUEST_LV_0500_20220204_001336	Bonne chance et soyez prudent.	그럼 부디 무사하시길 바랍니다.				이네사 해먼데일
QUEST_LV_0500_20220204_001337	Le Hameau de Delmore est l'entrée de Delmore, et vous pouvez y accéder en traversant la Forêt{nl}de Kirtimas. La route de ravitaillement reliant directement les Abords de Delmore et l'Étang de{nl}Lemprasa a été bloquée par les combats.	델무어의 초입지인 델무어 소작촌은 현재 키르티마스 숲을 지나 도달하실 수 있을 겁니다.{nl}렘파라사 연못과 연결된 델무어 외성으로 곧바로 갈 수 있는 보급로는 현재는 전투의 여파로 차단되어 버렸습니다.				이네사 해먼데일
QUEST_LV_0500_20220204_001338	Vous êtes donc le Révélateur dont Pajauta m'a parlé. C'est un honneur de vous rencontrer.	당신이 파야우타씨 께서 말씀하신 계시자로군요.{nl}뵙게 되어 영광입니다.				센츄리온 마스터
QUEST_LV_0500_20220204_001339	J'ai beaucoup entendu parler de vous. Mais vu l'endroit où nous sommes, gardons les{nl}bavardages pour un meilleur moment.	당신의 이야기라면 익히 들었습니다.{nl}하지만 여긴 전쟁터이니 사담은 다음을 기약하기로 하죠.				센츄리온 마스터
QUEST_LV_0500_20220204_001340	Pajauta a dit que vous êtes le seul à pouvoir mettre fin à cette guerre.	파야우타씨께서는 당신만이 이 전쟁의 종지부를 찍을 수 있는 사람이라고 말했습니다.				센츄리온 마스터
QUEST_LV_0500_20220204_001341	Je montais la garde ici en attendant de vous accueillir. Je n'ai cependant pas pu tenir longtemps,{nl}car les ennemis attaquaient.	저는 여기서 당신을 맞이하기 위해 이곳을 지키고 있었습니다.{nl}하지만 적들의 공세에 오래 버티지는 못했습니다.				센츄리온 마스터
QUEST_LV_0500_20220204_001342	La querelle se poursuit et les soldats se sont dispersés. Il ne sera pas difficile de vous faire entrer{nl}à travers tout cela, mais nous devons aussi gagner cette guerre.	난전이 계속되고 있고 와중에 병사들이 흩어져 버렸습니다.{nl}계시자님 한 분을 안쪽으로 들여보내기는 어렵지 않겠지만, 전쟁에서의 승리도 중요합니다.				센츄리온 마스터
QUEST_LV_0500_20220204_001343	Nous devons rassembler les soldats et renforcer l'escouade principale. Voulez-vous m'aider à{nl}régler la situation ici ?	흩어진 병사들을 다시 합류시키고 본대를 증원할 필요가 있습니다.{nl}우선 저와 함께 이곳 상황을 정리해주시겠습니까?				센츄리온 마스터
QUEST_LV_0500_20220204_001344	Trouvons les soldats dispersés.	서둘러 흩어진 병사들을 찾죠.				센츄리온 마스터
QUEST_LV_0500_20220204_001345	Les soldats devaient être en difficulté. Heureusement, la bataille ne semble pas en être affectée.	병사들이 꽤 고전 중이었나 보군요.{nl}다행히 전투에는 지장이 없을 거 같습니다.				센츄리온 마스터
QUEST_LV_0500_20220204_001346	Il reste d'autres soldats. Commençons par le point le plus proche.	아직 흩어진 병사들이 더 많습니다.{nl}가까운 지점부터 찾아보도록 하죠.				센츄리온 마스터
QUEST_LV_0500_20220204_001347	Hâtons-nous. La situation ne semble pas bien se présenter.	서두르죠.{nl}전황이 좋지 않습니다.				센츄리온 마스터
QUEST_LV_0500_20220204_001348	Comme je le pensais... certains sont blessés. J'en vois aussi d'autres avec des armes{nl}endommagées.	역시나 부상자도 나오고 있군요.{nl}무기가 손상된 병사들도 더러 보입니다.				센츄리온 마스터
QUEST_LV_0500_20220204_001349	Il y a des soldats qui peuvent encore combattre, mais les armes sont endommagées. Prenons les{nl}armes aux {#003399}Blickferret{/}, et donnons-les aux soldats.	싸울 수 있는 병사들은 있지만 정작 무기들이 제구실을 못하고 있습니다.{nl}{#003399}블릭페릿{/}들에게서 무기를 탈취한다면 병사들이 쓸 무기를 확보할 수 있을 겁니다.				센츄리온 마스터
QUEST_LV_0500_20220204_001350	Une fois que nous aurons pris les armes aux {#003399}Blickferret{/}, nous aurons assez d'armes pour les{nl}soldats.	{#003399}블릭페릿{/}들에게서 무기를 탈취한다면 병사들이 쓸 무기를 확보할 수 있을 겁니다.				센츄리온 마스터
QUEST_LV_0500_20220204_001351	Ça suffira.	이 정도면 부족하지 않을 겁니다.				센츄리온 마스터
QUEST_LV_0500_20220204_001352	Il semble que la plupart des soldats dispersés dans le Hameau de Delmore soient revenus. Grâce{nl}au Révélateur, nous avons aussi pu nous procurer les armes qui manquaient… alors même si{nl}c'est peu, on peut dire que nous avons retrouvé de la force.	델무어 소작촌에서 흩어진 병사들은 대부분 모인 거 같습니다.{nl}계시자님 덕에 부족한 무기도 확보할 수 있었으니 미약하지만, 전력을 회복했다고 볼 수 있겠군요.				센츄리온 마스터
QUEST_LV_0500_20220204_001353	Il semble que les ennemis se soient aussi mis à suivre nos mouvements Nous sommes moins{nl}nombreux, il n'y a donc aucun moyen de les repousser quand les ennemis commenceront à se{nl}rassembler.	우리의 움직임에 따라 적들도 움직이기 시작한 거 같습니다.{nl}아무래도 수적으로는 열세이니 적들이 모이기 시작하면 당해낼 도리가 없습니다.				센츄리온 마스터
QUEST_LV_0500_20220204_001354	Débarrassons-nous d'abord des contacts qui transmettent les informations entre ennemis. Cela{nl}nous fera gagner du temps.	적들의 무리와 무리 사이의 연락을 넘기는 연락책을 미리 제거하도록 하죠.{nl}적들이 집결할 시간을 조금이나마 벌 수 있을 겁니다.				센츄리온 마스터
QUEST_LV_0500_20220204_001355	Eh bien, en route.	그럼 어서 움직이죠.				센츄리온 마스터
QUEST_LV_0500_20220204_001356	Une fois les contacts éliminés, cela nous fera gagner du temps.	연락책들을 제거한다면 적들이 집결할 시간을 조금이나마 늦출 수 있을 겁니다.				센츄리온 마스터
QUEST_LV_0500_20220204_001357	Cela marchera assurément puisque nous sommes au milieu d'un champ de bataille chaotique.	혼란스러운 전쟁터의 한가운데이니 확실히 효과가 있을 겁니다.				센츄리온 마스터
QUEST_LV_0500_20220204_001358	Il y a un ascenseur vers le Manoir de Delmore à proximité. Pourquoi ne pas vérifier puisque cela{nl}pourrait être une issue en cas de crise inattendue ?	근처에 델무어 장원으로 가는 승강기가 있습니다.{nl}혹시 모를 위기에 퇴로가 될 수도 있을 테니 미리 확인해 보는 게 어떠십니까?				센츄리온 마스터
QUEST_LV_0500_20220204_001359	Très bien. Vous pouvez rejoindre l'ascenseur en suivant la route supérieure aux Carrefours{nl}d'Ishinti.	좋습니다.{nl}이쉰티 사거리에서 윗길을 따라가면 승강기가 있는 곳입니다.				센츄리온 마스터
QUEST_LV_0500_20220204_001360	Vous pouvez rejoindre l'ascenseur en suivant la route supérieure aux Carrefours d'Ishinti.	이쉰티 사거리에서 윗길을 따라가면 승강기가 있는 곳입니다.				센츄리온 마스터
QUEST_LV_0500_20220204_001361	Oh non..	이런..				센츄리온 마스터
QUEST_LV_0500_20220204_001362	Les soldats perdront leur combativité s'ils découvrent qu'il n'y a pas d'issue.	병사들이 퇴로가 없다는 사실을 알게 되면 전의를 잃게 될 겁니다.				센츄리온 마스터
QUEST_LV_0500_20220204_001363	Le mur de Kruvina jailli du sol a détruit le dispositif de transport	솟아난 크루비나 장벽이 이동 장치를 파괴했다				PC
QUEST_LV_0500_20220204_001364	Le seul moyen désormais est de sécuriser la route reliée au Manoir de Delmore.	방법은 델무어 장원으로 이어진 육로를 확보하는 방법뿐입니다.				센츄리온 마스터
QUEST_LV_0500_20220204_001365	Les soldats seront grandement motivés si vous rejoignez la bataille.	계사자님 께서 참전해주신다면 병사들에게도 큰 힘이 될 겁니다.				센츄리온 마스터
QUEST_LV_0500_20220204_001366	Merci au nom des soldats.	병사들을 대신하여 감사드립니다.				센츄리온 마스터
QUEST_LV_0500_20220204_001367	Vous pouvez rejoindre le Manoir de Delmore par la route supérieure du cimetière. C'est là que{nl}nous attaquerons.	공동묘지의 윗길을 통해 델무어 장원으로 갈 수 있습니다.{nl}그곳을 공격하죠.				센츄리온 마스터
QUEST_LV_0500_20220204_001368	Sans vous, Révélateur, les soldats n'auraient pas pu combattre aussi bravement.	계시자님이 없었더라면 병사들도 용맹하게 싸우지 못했을 겁니다.				센츄리온 마스터
QUEST_LV_0500_20220204_001369	J'irai au Manoir de Delmore.	델무어 장원으로 이동하겠습니다.				센츄리온 마스터
QUEST_LV_0500_20220204_001370	Il y aura aussi là-bas beaucoup de soldats en difficulté.	그곳에서도 고전 중인 병사들이 많이 있을 겁니다.				센츄리온 마스터
QUEST_LV_0500_20220204_001371	La situation de la bataille ne s'annonce pas très bien.	전황이 제 생각보다 안 좋습니다.				센츄리온 마스터
QUEST_LV_0500_20220204_001372	Les soldats sont épuisés.	병사들이 지쳐있습니다.				센츄리온 마스터
QUEST_LV_0500_20220204_001373	C'est probablement parce qu'ils ont paniqué dans l'isolement. Il nous faut un endroit pour{nl}rassembler et réorganiser nos soldats, même en plein champ de bataille.	아무래도 고립된 상황에서 공황을 겪은 탓일 겁니다.{nl}전장의 한가운데지만 병사들을 집결하고 재정비할 장소가 필요합니다.				센츄리온 마스터
QUEST_LV_0500_20220204_001374	Une simple barricade faite de vivres brisés alentour soulagera les soldats.	주변에 부서진 물자들을 이용한 간단한 바리케이드만 있어도 병사들이 조금은 안심할 수 있을 겁니다.				센츄리온 마스터
QUEST_LV_0500_20220204_001375	C'est peut-être une corvée mineure pour quelqu'un comme vous, mais merci de nous aider.{nl}Regardez autour du logement de travailleur abandonné, je vous prie.	시답지 않은 일이겠지만, 나서주셔서 감사합니다.{nl}근처에 버려진 인부 숙소 근처를 찾아보시길 바랍니다.				센츄리온 마스터
QUEST_LV_0500_20220204_001376	Grâce à vous qui avez récolté les matériaux pour la tente, les soldats blessés ont maintenant un{nl}endroit où s'allonger.	텐트 자재까지 모아 주신 덕에 부상병들의 몸을 누일 곳이 생겼군요.				센츄리온 마스터
QUEST_LV_0500_20220204_001377	Maintenant nous devons installer la barricade.	이제 바리케이드를 배치하면 되겠군요.				센츄리온 마스터
QUEST_LV_0500_20220204_001378	Êtes-vous partant pour le travail ?	그렇게 해주시겠습니까?				센츄리온 마스터
QUEST_LV_0500_20220204_001379	Nous pourrons assurer la sécurité de la base temporaire en plaçant les barricades{nl}convenablement.	바리케이드를 적당히 배치해주시면 임시 거점의 안전을 확보할 수 있을 겁니다.				센츄리온 마스터
QUEST_LV_0500_20220204_001380	Cela suffit.	충분합니다.				센츄리온 마스터
QUEST_LV_0500_20220204_001381	Il y aura des soldats au Manoir de Delmore, dispersés et combattant en différents endroits.	델무어 장원에 곳곳에 흩어져 교전 중인 병사들이 있을 겁니다.				센츄리온 마스터
QUEST_LV_0500_20220204_001382	Nous pourrions soutenir les combats à venir si vous rameniez les soldats dispersés à la base{nl}temporaire et les réorganisiez.	흩어진 병사들을 이곳 임시 거점으로 모아 재정비한다면 추후 있을 전투를 지원할 수 있을 겁니다.				센츄리온 마스터
QUEST_LV_0500_20220204_001383	Nous ne pouvons pas laisser ces deux soldats en panique. Je resterai ici pour renforcer la base{nl}temporaire. Pourriez-vous envoyer ici les soldats dispersés ?	공황에 빠진 저 두 병사만 이곳에 두고 가기는 곤란합니다.{nl}저는 여기 남아 임시 거점을 보강할 테니 계시자님께서 흩어진 병사들을 이곳으로 보내주실 수 있겠습니까?				센츄리온 마스터
QUEST_LV_0500_20220204_001384	Merci. Rendez-vous au Quartier de reconstruction du rempart, après l'embranchement et la{nl}Place centrale ensevelie, je vous prie.	감사합니다.{nl}삼거리와 매몰된 광장을 지나 성벽 재건 구역으로 가보십시오.				센츄리온 마스터
QUEST_LV_0500_20220204_001385	C'est un vaste terrain. Vous pourrez les y trouver si les soldats sont en difficulté.	넓은 지형이니 병사들이 교전 중이라면 그곳부터 찾아보실 수 있을 겁니다.				센츄리온 마스터
QUEST_LV_0500_20220204_001386	Rendez-vous au Quartier de reconstruction du rempart, après l'embranchement et la Place{nl}centrale ensevelie, je vous prie.	삼거리와 매몰된 광장을 지나 성벽 재건 구역으로 가보십시오.				센츄리온 마스터
QUEST_LV_0500_20220204_001387	C'est un vaste terrain. Vous pourrez les y trouver si les soldats sont en difficulté.	넓은 지형이니 병사들이 교전 중이라면 그 곳부터 찾아 보실 수 있을 겁니다.				센츄리온 마스터
QUEST_LV_0500_20220204_001388	C'était moins une. Grâce à votre arrivée juste à temps, voilà une crise surmontée.	하마터면 큰일 날 뻔 했군요.{nl}제때 와주신 덕에 위기를 넘겼습니다.				센츄리온 마스터
QUEST_LV_0500_20220204_001389	Je pense que je devrais rester ici et trouver les soldats qui n'ont pas encore rejoint. Le gros de{nl}l'armée royale mené par le grand général combattra aux côtés de votre collègue, Pajauta.	아무래도 저는 여기 남아 주변에서 아직 합류하지 못한 병사들을 찾아야겠습니다.{nl}이 앞으로는 대장군께서 이끄는 왕국군의 본대와 당신의 동료인 파야우타씨가 교전 중일 겁니다.				센츄리온 마스터
QUEST_LV_0500_20220204_001390	Cela nous aidera beaucoup.	그렇게 해주신다면 큰 도움이 될 겁니다.				센츄리온 마스터
QUEST_LV_0500_20220204_001391	Eh bien, à bientôt.	그럼, 다시 뵙겠습니다,				센츄리온 마스터
QUEST_LV_0500_20220204_001392	Le gros des troupes de l'armée royale mené par le grand général et votre collègue, Pajauta,{nl}combattra à partir d'ici.	이 앞으로는 대장군께서 이끄는 왕국군의 본대와 당신의 동료인 파야우타씨가 교전 중일 겁니다.				센츄리온 마스터
QUEST_LV_0500_20220204_001393	Eh bien, à bientôt.	그럼, 다시 뵙겠습니다.				센츄리온 마스터
QUEST_LV_0500_20220204_001394	Il semble que nos rencontres se ressemblent toujours.	우리는 항상 이런 식으로 만나는 거 같네.				파야우타
QUEST_LV_0500_20220204_001395	Vous l'avez peut-être vu en chemin, mais les choses ne s'annoncent pas très bien. Je suis soulagé{nl}que vous soyez venu.	여기까지 지나오며 봤겠지만, 상황이 마냥 좋지 않아.{nl}그래도 네가 와줬으니 안심이야.				파야우타
QUEST_LV_0500_20220204_001396	Le grand général et le gros de l'armée royale se trouvent plus à l'intérieur. Je me déplace{nl}séparément pour chercher la base des {#003399}Blickferret{/}.	대장군과 왕국군 본대는 더 안쪽에 있어.{nl}나는 여기에 거점을 잡고 있는 {#003399}블릭페릿{/}들의 거점을 찾으며 별도로 움직이고 있어.				파야우타
QUEST_LV_0500_20220204_001397	Ils doivent avoir le plan de défense et les documents opérationnels de Delmore. Nous pourrons{nl}renverser la situation défavorable une fois que nous les aurons. 	녀석들이 델무어 전체의 방어 계획과 작전 계획서를 가지고 있을 거야.{nl}그것만 손에 넣는다면 불리한 전황을 뒤집을 수 있어.				파야우타
QUEST_LV_0500_20220204_001398	Bien. Vainquons d'abord les ennemis rassemblés sur la Voie d'accès de Degalm.	좋아.{nl}데가름 진입로에 집결한 적들을 먼저 처리하자.				파야우타
QUEST_LV_0500_20220204_001399	Les {#003399}Blickferret{/} d'ici doivent avoir le plan de défense et les documents opérationnels de Delmore.{nl}Nous pourrons renverser la situation défavorable une fois que nous les aurons. 	이곳의 {#003399}블릭페릿{/}들이 델무어 전체의 방어 계획과 작전 계획서를 가지고 있을 거야.{nl}그것만 손에 넣는다면 불리한 전황을 뒤집을 수 있어.				파야우타
QUEST_LV_0500_20220204_001400	Le plan de défense du Hameau de Delmore et du Manoir de Delmore... Il ne sert à rien puisque{nl}l'armée royale est déjà passée par ces endroits.	델무어 소작촌과 델무어 장원의 방어 계획..{nl}왕국군 본대가 이미 돌파한 곳이라 큰 소용은 없겠어.				파야우타
QUEST_LV_0500_20220204_001401	Au moins il est clair que les ennemis ont le plan de défense.	적어도 적들이 방어 계획을 가지고 있다는 사실은 명확해졌네.				파야우타
QUEST_LV_0500_20220204_001402	Cherchons la base des ennemis.	적들이 거점으로 삼고 있는 곳을 찾자.				파야우타
QUEST_LV_0500_20220204_001403	Les Carrefours de Tagika sont un lieu de passage de nombreux ennemis. Nous pourrions trouver{nl}le chemin en y suivant les empreintes.	타지카 갈림길은 적들이 많이 지나는 곳이니 그곳에서 족적을 추적해보면 길을 찾을 수 있을 거야.				파야우타
QUEST_LV_0500_20220204_001404	Examiner les empreintes des ennemis aux Carrefours de Tagika.	타지카 갈림길에서 적들의 족적을 조사해보자.				파야우타
QUEST_LV_0500_20220204_001405	Il y a beaucoup d'empreintes menant à la Salle de réunion d'Orem.	유난히 오렘 집회장으로 이어지는 족적이 많아.				파야우타
QUEST_LV_0500_20220204_001406	Allons à la Salle de réunion d'Orem. Leur base y est peut-être, ou du moins nous pourrions y{nl}comprendre quelque chose.	오렘 집회장으로 가보자.{nl}그곳에 적들의 거점이 있거나, 적어도 뭔가를 알아낼 수 있을 거야.				파야우타
QUEST_LV_0500_20220204_001407	Hâtons-nous. Nous perdrons plus de gens si nous tardons.	서두르자, 우리가 늦으면 더 많은 사람이 희생될 거야.				파야우타
QUEST_LV_0500_20220204_001408	Si nous trouvons la base de l'ennemi, mieux vaut la détruire.	적의 거점이 있다면 시설을 파괴하는 게 좋겠어.				파야우타
QUEST_LV_0500_20220204_001409	Nous ne pouvons pas laisser la base de l'ennemi ainsi. Cela leur causera une belle panique si{nl}nous la détruisons.	적들의 거점을 이대로 놔둘 수 없어.{nl}시설을 파괴하면 적들을 혼란에 빠뜨릴 수 있을 거야.				파야우타
QUEST_LV_0500_20220204_001410	Le plan de défense n'est pas ici. Je crois qu'ils l'ont déjà emporté ailleurs.	방어 계획은 여기에 없어 이미 다른 곳으로 가져간 거 같아.				파야우타
QUEST_LV_0500_20220204_001411	Le chemin là-haut. Il mène à l'Étang de Lemprasa.	저 윗길.{nl}렘파라사 연못으로 이어지는 길이야.				파야우타
QUEST_LV_0500_20220204_001412	Ce sera un avantage pour nous si nous pouvons utiliser ce chemin.	저 길을 쓸 수 있다면 아군에게 큰 이점이 될 거야.				파야우타
QUEST_LV_0500_20220204_001413	Bien, allons-y.	좋아 움직이자.				파야우타
QUEST_LV_0500_20220204_001414	Si nous sécurisons ce chemin, nous pourrons aussi utiliser la route reliant les Abords de{nl}Delmore et l'Étang de Lemprasa.	저 길을 확보하면 델무어 외성과 렘파라사 연못이 이어진 길을 사용할 수 있어.				파야우타
QUEST_LV_0500_20220204_001415	Beau travail ! Laissons cela aux soldats maintenant.	성공이야 이제 여긴 병사들에게 맡기자.				파야우타
QUEST_LV_0500_20220204_001416	À en juger par les empreintes alentour, il ne semble pas y avoir longtemps que les ennemis ont{nl}quitté cette base.	주변의 족적들을 보니 적들이 이 거점에서 무리 지어 떠나간 지 얼마 되지 않았어.				파야우타
QUEST_LV_0500_20220204_001417	Nous pourrions les rattraper si nous nous hâtons.	서두르면 따라잡을 수 있을 거야.				파야우타
QUEST_LV_0500_20220204_001418	Les empreintes mènent à la Place centrale des faubourgs. Hâtons-nous.	족적이 외성 광장을 향해 이어져 있어.{nl}어서 가자.				파야우타
QUEST_LV_0500_20220204_001419	C'est le plan de défense des Abords de Delmore.	델무어 외성의 방어 계획이야.				파야우타
QUEST_LV_0500_20220204_001420	Cela nous aidera à trouver leur base principale.	이거라면 녀석들의 중요 거점을 찾을 수 있어.				파야우타
QUEST_LV_0500_20220204_001421	D'après le plan, leur base supérieure est au Montée de la forteresse. À en juger par l'échelle, le{nl}reste du plan de défense et d'opération devrait aussi être ici.	계획도에 따르면 성채 마루에 녀석들의 상부 거점이 있어.{nl}규모를 보니 나머지 방어 계획과 작전 계획서도 여기 있을 거야.				파야우타
QUEST_LV_0500_20220204_001422	Détruisons aussi l'installation du Montée de la forteresse.	성채 마루에 있는 시설도 파괴하자.				파야우타
QUEST_LV_0500_20220204_001423	Bien, je crois que nous approchons de notre but.	좋아 목표가 머지않은 거 같아.				파야우타
QUEST_LV_0500_20220204_001424	Le but est si proche. Détruisons aussi l'installation du Montée de la forteresse.	목표가 머지않았어.{nl}성채 마루에 있는 거점 시설도 파괴하자.				파야우타
QUEST_LV_0500_20220204_001425	Ils doivent être paniqués puisque leur base a disparu.	거점이 사라졌으니 녀석들이 꽤 곤란할 거야.				파야우타
QUEST_LV_0500_20220204_001426	Là-haut se trouve leur base supérieure.	저 계단을 올라가면 녀석들의 상부 거점이야.				파야우타
QUEST_LV_0500_20220204_001427	Ce sera d'une grande aide si nous leur prenons le plan de défense et le document opérationnel{nl}de la Citadelle de Delmore et du Jardin de Delmore.	녀석들에게서 델무어 내성과 델무어 정원의 방어 계획, 작전 계획서를 빼앗는다면 아군에게 큰 도움이 될 거야.				파야우타
QUEST_LV_0500_20220204_001428	Bien. Fiable comme toujours.	좋아.{nl}역시 너는 믿음직한 친구구나.				파야우타
QUEST_LV_0500_20220204_001429	Que vient-il de m'arriver.. ?	방금 내게 무슨 일이 일어난 거지..?				파야우타
QUEST_LV_0500_20220204_001430	Si cela ne vous dérange pas, gardez ce qui vient de se passer entre vous et moi.	괜찮다면 방금 있었던 일은 비밀로 해줘.				파야우타
QUEST_LV_0500_20220204_001431	Les soldats de l'armée royale ont de grandes attentes envers moi. J'en paierai le prix plus tard{nl}mais... Pour l'instant, nous devons gagner cette guerre.	왕국군의 병사들이 내게 걸고 있는 기대가 클 거야.{nl}죗값은 나중에 치러야 겠지만..{nl}지금은 일단 이 전쟁에서 이기는 게 우선이야.				파야우타
QUEST_LV_0500_20220204_001432	Si vous suivez la route supérieure, il y a la base du gros des troupes menées par le général{nl}Ramin. Allons-y.	윗길을 따라가면 라민 대장군이 이끄는 본대가 거점으로 삼은 곳이 있어.{nl}그곳으로 가자.				파야우타
QUEST_LV_0500_20220204_001433	Nous devons remettre leur plan de défense et d'opération à l'armée royale.	서둘러 적들의 방어 계획과 작전 계획서를 왕국군에게 넘겨줘야 해.				파야우타
QUEST_LV_0500_20220204_001434	Ramin	라민				
QUEST_LV_0500_20220204_001435	Pajauta. Avez-vous apporté les documents ?	파야우타로군.{nl}지시한 문서들은 가져왔겠지?				라민
QUEST_LV_0500_20220204_001436	Ramin, le grand général de l'armée royale, est un homme rigoureux sur le champ de bataille.{nl}C'est un guerrier talentueux et un héros admiré par bien des soldats.	왕국군의 대장군인 라민은 전장에서만큼은 규율에 철저한 사람이야.{nl}유능한 전사이고 많은 병사가 존경하는 영웅과도 같아.				파야우타
QUEST_LV_0500_20220204_001437	Et vous devez être le Révélateur dont Pajauta a parlé. Je suis Ramin, le grand général du{nl}Royaume.	네가 파야우타가 이야기한 계시자군.{nl}난 왕국의 대장군인 라민이라고 한다.				라민
QUEST_LV_0500_20220204_001438	Ceci est un champ de bataille, et si vous aidez l'armée royale, sachez que vous êtes sous mes{nl}ordres.	이곳은 전장이고 네가 왕국군을 돕는 사람이라면, 이곳의 책임자인 나의 부하라는 건 알아두도록.				라민
QUEST_LV_0500_20220204_001439	À propos des documents que vous avez rapportés… je serais fou de tout croire sans{nl}recoupement. Je vais faire vérifier par les soldats. Pajauta, allez les aider.	가져온 방어 계획과 작전 계획서를 곧이곧대로 믿을 수는 없다.{nl}병사에게 시켜 사실 여부를 판단하겠다.{nl}파야우타는 이 일을 돕도록.				라민
QUEST_LV_0500_20220204_001440	Révélateur, je vais vous confier une autre mission. J'ai envoyé un éclaireur surveiller la situation,{nl}mais il n'est pas encore revenu.	계시자 네게는 다른 임무를 주겠다.{nl}한참 전에 적들의 동향을 살피러 정찰병을 내보냈으나 아직 돌아오지 않았다.				라민
QUEST_LV_0500_20220204_001441	Il a peut-être des informations importantes, alors ramenez-le, je vous prie.	중요한 정보를 획득했을 수도 있으니 그 병사를 찾아 데려오도록.				라민
QUEST_LV_0500_20220204_001442	Si le soldat est mort, rapportez ses affaires.	만약 전사했다면 병사의 소지품이라도 가지고 와라.				라민
QUEST_LV_0500_20220204_001443	Avancer.	움직이도록.				라민
QUEST_LV_0500_20220204_001444	Vous pourrez le trouver en suivant la route de soutien bloquée par les ennemis.	적들에게 차단된 보급로를 따라가면 찾을 수 있을 거다.				라민
QUEST_LV_0500_20220204_001445	Sois prudent.	조심히 다녀와.				파야우타
QUEST_LV_0500_20220204_001446	Heureusement, il n'était pas trop tard. Bien joué.	다행히 늦지 않았군.{nl}수고했다.				라민
QUEST_LV_0500_20220204_001447	L'éclaireur semble avoir trouvé quelque chose. Venez ici écouter cela avec moi.	아무래도 정찰병이 무언가를 알아낸 거 같다.{nl}자네도 함께 듣도록.				라민
QUEST_LV_0500_20220204_001448	Éclaireur Sauvé	구출된 정찰병				
QUEST_LV_0500_20220204_001449	Je fais mon rapport, chef !	보고드립니다!				구출된 정찰병
QUEST_LV_0500_20220204_001450	Les {#003399}Grasme{/}, ces étranges corbeaux qui rôdent ici, sont les mêmes êtres que les Furets qui{nl}gardaient le Hameau et le Manor.	이곳을 떠돌고 있는 기이한 까마귀인 일명 {#003399}그레스미{/}들은 앞선 소작촌과 장원을 지키던 페릿들과 같은 존재들입니다.				구출된 정찰병
QUEST_LV_0500_20220204_001451	Nous avons confirmé l'existence d'un puissant démon qui transforme les Furets en {#003399}Grasme{/}.	페릿들을 {#003399}그레스미{/}로 변형시키는 강력한 마족을 확인했습니다.				구출된 정찰병
QUEST_LV_0500_20220204_001452	Et ce puissant démon doit être le chef de ce lieu.	그 강력한 마족이 이 지역의 우두머리임이 확실하다.				라민
QUEST_LV_0500_20220204_001453	Notre armée a encore besoin d'être réorganisée. Puisque nous avons à la fois Pajauta et le{nl}Révélateur, mieux vaut régler cela avec un minimum de soldats.	우리 군은 아직 재정비가 필요하다.{nl}마침 파야우타와 계시자가 있으니 최소한의 인원으로 해결을 해보는 게 좋겠군.				라민
QUEST_LV_0500_20220204_001454	Pajauta, Révélateur. Vous deux rassemblerez une force détachée avec moi et trouverez ce{nl}démon.	파야우타, 계시자.{nl}너희는 나와 함께 별동대를 꾸려 그 마족을 찾아낸다.				라민
QUEST_LV_0500_20220204_001455	Révélateur. Vainquez les démons qui entourent notre base pendant que je rassemble la force{nl}détachée.	계시자.{nl}별동대를 꾸리는 동안 아군 거점을 포위하고 있는 마족들을 처리하도록.				라민
QUEST_LV_0500_20220204_001456	Vainquez les démons qui entourent notre base pendant que je rassemble la force détachée.	별동대를 꾸리는 동안 아군 거점을 포위한 마족들을 처리해라.				라민
QUEST_LV_0500_20220204_001457	Bien joué. La force détachée pourra partir en sécurité.	수고했다.{nl}별동대가 안전히 출발할 수 있을 거다.				라민
QUEST_LV_0500_20220204_001458	Les préparatifs sont presque terminés. Nous irons au centre et nous séparerons pour trouver le{nl}chef.	준비는 거의 끝났다.{nl}중심지로 이동한 뒤 나뉘어 우두머리를 찾도록 한다.				라민
QUEST_LV_0500_20220204_001459	Révélateur, prenez la tête.	계시자가 앞장서도록.				라민
QUEST_LV_0500_20220204_001460	Je suivrai avec la force détachée.	별동대를 이끌고 따라가겠다.				라민
QUEST_LV_0500_20220204_001461	Cela a assurément marché.	확실히 효과가 있었군.				라민
QUEST_LV_0500_20220204_001462	Menez maintenant tous les soldats capables de combattre et entrez.	이제 싸울 수 있는 병사들을 모두 이끌고 안쪽으로 진입한다.				라민
QUEST_LV_0500_20220204_001463	Nous devons rassembler les soldats dispersés. Cela peut être une grande force en renfort du gros{nl}des troupes.	흩어진 병사들을 규합해야 합니다.{nl}본대를 증원할 때 막강한 전력이 될 수 있습니다.				센츄리온 마스터
QUEST_LV_0500_20220204_001464	Avez-vous vu les ennemis qui errent alentour ? C'étaient autrefois des soldats, des citoyens et{nl}des marchands d'Orsha. Certains réfugiés qui ont fui vers Delmore après Medzio Diena{nl}pourraient aussi en faire partie.	이 곳을 배회하고 있는 적들의 모습을 보았나?{nl}오르샤에 소속되었던 병사이거나, 시민 혹은 상인들이 었다.{nl}신수의 날 이후 델무어로 피신한 피난민들도 다수 있었겠지.				라민
QUEST_LV_0500_20220204_001465	Il est clair qu'ils sont maintenant nos ennemis, barrant la route à l'armée royale. Mais je vois{nl}l'hésitation dans les yeux des soldats.	그러나 저들이 우리 왕국군의 길을 막고 있으니 적이라는 사실은 명확하다.{nl}다만 병사들의 눈빛에 망설임이 만연하군.				라민
QUEST_LV_0500_20220204_001466	Si la bataille commence ainsi, nous serons anéantis sans véritable combat. Nous devons{nl}encourager les soldats.	이대로 전투가 시작되면 제대로 싸워보지도 못하고 전멸당할 거다.{nl}병사들을 독려할 필요가 있다.				라민
QUEST_LV_0500_20220204_001467	Pour le combat, sécurisez les vivres abandonnés par les soldats corrompus et réorganisez-vous.	아군의 전투를 준비하기 위해 변질된 병사들이 버려둔 보급품을 확보하고 재정비해라.				라민
QUEST_LV_0500_20220204_001468	Bien. Dépêchez-vous.	좋다.{nl}서둘러 움직이도록.				라민
QUEST_LV_0500_20220204_001469	Sécuriser les vivres abandonnés par les soldats corrompus.	변질된 병사들이 버려둔 보급품을 확보해라.				라민
QUEST_LV_0500_20220204_001470	Tout est prêt ? Et ceci est un drapeau d'Orsha, à ce que je vois.{nl}	준비가 끝났나?{nl}이건 오르샤의 깃발이군.{nl}				라민
QUEST_LV_0500_20220204_001471	Nous ne pouvons plus attendre. Êtes-vous prêt ?	시간을 더 지체할 수는 없다.{nl}자네도 준비가 끝났나?				라민
QUEST_LV_0500_20220204_001472	Bien.	좋다.				라민
QUEST_LV_0500_20220204_001473	Retournez à votre position et préparez-vous. Placez le drapeau d'Orsha aux côtés de celui de{nl}l'armée royale. Cela aura un effet positif au combat si nous pouvons donner à nos soldats une{nl}motivation de vengeance.	자리로 가서 준비해라.{nl}왕국군의 깃발과 함께 오르샤의 깃발을 함께 세워라.{nl}적당한 복수심을 심어준다면 전투에 있어서도 큰 효과를 가져올 거다.				라민
QUEST_LV_0500_20220204_001474	Vous avez fait du bon travail. On trouve parfois des monstres hostiles à l'extérieur de Delmore,{nl}mais pas assez pour menacer l'armée royale.	잘 싸워주었다.{nl}델무어 외부에는 간간히 적대적인 무리들이 발견되긴 하지만, 왕국군에 큰 위협이 될 정도는 아니다.				라민
QUEST_LV_0500_20220204_001475	Nous avons confié la frontière arrière et les restes au Maître Centurion.	센츄리온 마스터에게는 후방 경계와 잔당 처리를 맡겼다.				라민
QUEST_LV_0500_20220204_001476	J'ai appris la nouvelle. J'éliminerai les ennemis restants dans la zone arrière sur ordre du grand{nl}général.	소식을 들었습니다.{nl}저는 대장군의 명령에 따라 후방 지역의 잔당을 소탕하겠습니다.				센츄리온 마스터
QUEST_LV_0500_20220204_001477	L'armée royale apprécie votre performance.	당신의 활약에 대해 왕국군은 높이 사고 있습니다.				센츄리온 마스터
QUEST_LV_0500_20220204_001478	Ce n'est pas la fin. Rassemblez les soldats capables de combattre.	아직 전쟁이 끝난 건 아니다.{nl}싸울 수 있는 동료들을 모아라.				라민
QUEST_LV_0500_20220204_001479	En position. Il n'y a pas de temps à perdre.	자리로 이동해라.{nl}뭉그적거릴 여유는 없다.				라민
QUEST_LV_0500_20220204_001480	Attendez, j'entends des soldats crier. Révélateur, avez-vous entendu ?	잠깐, 병사들의 비명 소리가 들린다.{nl}계시자 너도 들었나?				라민
QUEST_LV_0500_20220204_001481	L'arme de siège d'Orsha est arrivée. Beaucoup de soldats de l'armée royale ont sacrifié leur vie{nl}rien que pour faire passer l'arme de siège par-dessus la barricade.	오르샤의 공성장비가 도착했다.{nl}공성장비를 바리케이드 너머로 옮기는 데에만 많은 왕국군이 희생을 치렀다.				라민
QUEST_LV_0500_20220204_001482	On dit que les Révélateurs qui ont reçu une révélation de la Déesse manifestent des pouvoirs{nl}dépassant les limites humaines. Votre histoire s'est répandue parmi les soldats qui ont combattu{nl}à vos côtés lors de la dernière bataille.	여신의 계시를 받은 계시자들은 인간의 한계를 넘어선 힘을 발휘한다고 하지.{nl}지난 전투에서 너와 함께 싸운 병사들 사이에서 네 이야기가 들리더군.				라민
QUEST_LV_0500_20220204_001483	Vous êtes leur héros. Si les soldats n'ont pas abandonné en perdant des amis ou en se retrouvant{nl}isolés sur le champ de bataille, c'est uniquement parce que vous combattiez avec eux.{nl}	그들에게 너는 영웅이 되었다.{nl}친구이자 전우를 잃고 전장에 고립된 상황에서도 병사들이 포기하지 않은 건{nl}네가 병사들과 함께 싸워주고 있기 때문이었다.				라민
QUEST_LV_0500_20220204_001484	Ils ont risqué leur vie et ont réussi à amener l'arme de siège sur le champ de bataille pour aider{nl}votre combat. Maintenant c'est votre tour.	병사들이 목숨을 걸고 너의 전투를 돕기위해 공성장비를 전장에 들여 놓는 데는 성공했다.{nl}이제 네 차례다.				라민
QUEST_LV_0500_20220204_001485	Allez ouvrir la {#003399}porte{/}.	가서 {#003399}성문{/}을 열어라.				라민
QUEST_LV_0500_20220204_001486	Entrez sur le {#003399}champ de bataille{/}.	{#003399}격전지{/}로 진입한다.				라민
QUEST_LV_0500_20220204_001487	Entrez sur le {#003399}champ de bataille{/}.	{#003399}격전지{/}로 진입하도록.				라민
QUEST_LV_0500_20220204_001488	La route menant à l'intérieur de Delmore est ouverte grâce à vous. Cet exploit sera grandement{nl}apprécié par la princesse Kaonilla.	덕분에 델무어 내부로 가는 길이 열렸군.{nl}이 공로는 카오닐라 공주님께서 크게 치하하실 거다.				라민
QUEST_LV_0500_20220204_001489	Bien sûr, j'apprécie aussi votre exploit. Vous vous êtes bien débrouillé.	물론, 나 역시 네 공로를 인정하고 있다.{nl}잘 싸워주었다.				라민
QUEST_LV_0500_20220204_001490	Je vous rappellerai une fois les préparatifs d'entrée terminés.	내부로 들어갈 준비가 끝나면 다시 너를 찾겠다.				라민
QUEST_LV_0500_20220204_001491	{img GuideQuest_StartLine3_MiniMap_2 300 240}{nl}Cette carte d'aspect grossier permet d'estimer la distance entre Orsha et l'ambassade de Moroth{nl}du Royaume.	      {img GuideQuest_StartLine3_MiniMap_2 300 240}{nl}조잡해 보이는 해도는 오르샤와 왕국령 모로스 공관이 얼마나 멀리 떨어져 있는지 가늠하게 한다.				PC
QUEST_LV_0500_20220204_001492	Révélateur de Moroth (1)	모로스의 계시자(1)				
QUEST_LV_0500_20220204_001493	Entrer dans l'Ambassade de Moroth du Royaume	왕국령 모로스 공관으로 진입하세요				
QUEST_LV_0500_20220204_001494	[Tutoriel] Dialogue et Interaction	[튜토리얼] 대화와 상호작용				
QUEST_LV_0500_20220204_001495	Il semble y avoir un problème.{nl}Parlons aux réfugiés qui attendent l'examen.	문제가 있는 것 같습니다.{nl}검사를 기다리고 있는 피난민들과 대화해봅시다.				
QUEST_LV_0500_20220204_001496	Parler à l'Illusion de la Fille 	소녀의 환영과 대화해봅시다.				
QUEST_LV_0500_20220204_001497	[Tutoriel] Équiper l'Équipement de Croissance	[튜토리얼] 성장 장비 착용				
QUEST_LV_0500_20220204_001498	Révélateur de Moroth (2)	모로스의 계시자(2)				
QUEST_LV_0500_20220204_001499	Révélateur de Moroth (3)	모로스의 계시자(3)				
QUEST_LV_0500_20220204_001500	L'illusion de la fille vous cherche.	소녀의 환영이 당신을 찾고 있습니다.				
QUEST_LV_0500_20220204_001501	[Tutoriel] Premier Avancement	[튜토리얼] 첫 번째 전직				
QUEST_LV_0500_20220204_001502	Je vais tenter l'avancement	전직해 보겠다고 한다				
QUEST_LV_0500_20220204_001503	Révélateur de Moroth (4)	모로스의 계시자(4)				
QUEST_LV_0500_20220204_001504	Vous êtes irresponsable	무책임하다고 한다				
QUEST_LV_0500_20220204_001505	Révélateur de Moroth (5)	모로스의 계시자(5)				
QUEST_LV_0500_20220204_001506	J'irai voir Owynia Dilben	오위니아 딜벤을 찾아가겠다고 한다				
QUEST_LV_0500_20220204_001507	Je ne compte pas rester ici longtemps	이곳에 오래 머무를 생각이 없다고 한다				
QUEST_LV_0500_20220204_001508	Révélateur de Moroth (6)	모로스의 계시자(6)				
QUEST_LV_0500_20220204_001509	Je vais jeter un œil alentour	잠시 둘러보고 오겠다고 한다				
QUEST_LV_0500_20220204_001510	Révélateur de Moroth (7)	모로스의 계시자(7)				
QUEST_LV_0500_20220204_001511	Je vais simplement marcher	걸어가겠다고 한다				
QUEST_LV_0500_20220204_001512	[Tutoriel] Utiliser un objet de quête	[튜토리얼] 퀘스트 아이템 사용				
QUEST_LV_0500_20220204_001513	Cela semble suspect. Je ne veux pas le faire	수상해서 하기 싫다고 한다				
QUEST_LV_0500_20220204_001514	Révélateur de Moroth (8)	모로스의 계시자(8)				
QUEST_LV_0500_20220204_001515	Je ne veux pas causer d'ennuis	문제를 일으키고 싶지 안핟고 한다				
QUEST_LV_0500_20220204_001516	Révélateur de Moroth (9)	모로스의 계시자(9)				
QUEST_LV_0500_20220204_001517	[Tutoriel] Combat contre un monstre boss	[튜토리얼] 보스 몬스터와의 전투				
QUEST_LV_0500_20220204_001518	Je vais le découvrir	알아내겠다고 한다				
QUEST_LV_0500_20220204_001519	C'est trop dangereux de le faire seul	혼자선 위험하다고 한다				
QUEST_LV_0500_20220204_001520	Révélateur de Moroth (10)	모로스의 계시자(10)				
QUEST_LV_0500_20220204_001521	Révélateur de Moroth (11)	모로스의 계시자(11)				
QUEST_LV_0500_20220204_001522	N'avoir d'autre choix que de suivre	어쩔 수 없이 따른다				
QUEST_LV_0500_20220204_001523	Révélateur de Moroth (12)	모로스의 계시자(12)				
QUEST_LV_0500_20220204_001524	Restez calme	흥분하지 말라고 한다				
QUEST_LV_0500_20220204_001525	Révélateur de Moroth (13)	모로스의 계시자(13)				
QUEST_LV_0500_20220204_001526	Révélateur de Moroth (14)	모로스의 계시자(14)				
QUEST_LV_0500_20220204_001527	Je suis prêt à partir	떠날 준비가 되었다고 한다				
QUEST_LV_0500_20220204_001528	Vers le combat	전장 속으로				
QUEST_LV_0500_20220204_001529	Je vous rejoins immédiatement	곧장 합류하겠다고 한다				
QUEST_LV_0500_20220204_001530	Rassembler la Troupe (1)	병력 재집결(1)				
QUEST_LV_0500_20220204_001531	Il est difficile d'aider	돕기 어렵다고 한다				
QUEST_LV_0500_20220204_001532	Rassembler la Troupe (2)	병력 재집결(2)				
QUEST_LV_0500_20220204_001533	Dépêchons-nous	서둘러 가자고 한다				
QUEST_LV_0500_20220204_001534	Rassembler la Troupe (3)	병력 재집결(3)				
QUEST_LV_0500_20220204_001535	Rassembler la Troupe (4)	병력 재집결(4)				
QUEST_LV_0500_20220204_001536	Vérifier le Dispositif de Transport	이동 장치 확인				
QUEST_LV_0500_20220204_001537	C'est trop	번거롭다고 한다				
QUEST_LV_0500_20220204_001538	Vers le Manoir de Delmore	델무어 장원으로				
QUEST_LV_0500_20220204_001539	Je me joins à vous	참전하겠다고 한다				
QUEST_LV_0500_20220204_001540	Base Temporaire	임시 거점				
QUEST_LV_0500_20220204_001541	Allons au Manoir de Delmore	델무어 장원으로 가자고 한다				
QUEST_LV_0500_20220204_001542	J'ai encore d'autres choses à faire	아직 할 일이 있다고 한다				
QUEST_LV_0500_20220204_001543	Récolter les vivres	물자 모으기				
QUEST_LV_0500_20220204_001544	Je vais trouver les vivres	물자들을 찾아보겠다고 한다				
QUEST_LV_0500_20220204_001545	C'est inutile	시답지 않은 일이라고 한다				
QUEST_LV_0500_20220204_001546	Construire une Barricade	바리케이드 구축				
QUEST_LV_0500_20220204_001547	Je vais l'installer	직접 설치해주겠다고 한다				
QUEST_LV_0500_20220204_001548	Régler la Querelle (1)	난전 해결 (1)				
QUEST_LV_0500_20220204_001549	Je vais aller trouver les soldats	병사들을 찾아보겠다고 한다				
QUEST_LV_0500_20220204_001550	Régler la Querelle (2)	난전 해결 (2)				
QUEST_LV_0500_20220204_001551	Régler la Querelle (3)	난전 해결 (3)				
QUEST_LV_0500_20220204_001552	L'Homme qu'Il Faut à la Place qu'Il Faut 	적재 적소				
QUEST_LV_0500_20220204_001553	La Tâche de Chacun	각자가 할 일				
QUEST_LV_0500_20220204_001554	Je préparerai le chemin vers les Abords de Delmore	그럼 델무어 외성으로 가는 길을 정리해두고 가겠다고 한다				
QUEST_LV_0500_20220204_001555	J'ai d'abord autre chose à faire	먼저 할 일이 있다고 한다				
QUEST_LV_0500_20220204_001556	Le collègue venu plus tôt	먼저 온 동료				
QUEST_LV_0500_20220204_001557	Le Plan de Défense du Démon (1)	마족의 방어 계획 (1)				
QUEST_LV_0500_20220204_001558	Le Plan de Défense du Démon (2)	마족의 방어 계획 (2)				
QUEST_LV_0500_20220204_001559	Je suis d'accord pour trouver la base	거점을 찾는 데 동의한다				
QUEST_LV_0500_20220204_001560	Le Plan de Défense du Démon (3)	마족의 방어 계획 (3)				
QUEST_LV_0500_20220204_001561	Le Plan de Défense du Démon (4)	마족의 방어 계획 (4)				
QUEST_LV_0500_20220204_001562	Traquons-les	어서 추적하자고 한다				
QUEST_LV_0500_20220204_001563	Le Plan de Défense du Démon (5)	마족의 방어 계획 (5)				
QUEST_LV_0500_20220204_001564	Le Plan de Défense du Démon (6)	마족의 방어 계획 (6)				
QUEST_LV_0500_20220204_001565	Sauver l'Armée Royale	왕국군 구조				
QUEST_LV_0500_20220204_001566	Ramin le Grand Général 	라민 대장군				
QUEST_LV_0500_20220204_001567	Plutôt se reposer un peu	조금 쉬는 게 좋겠다고 한다				
QUEST_LV_0500_20220204_001568	Chercher les survivants	생존자 탐색				
QUEST_LV_0500_20220204_001569	Je suivrai vos ordres	명령을 따르겠다고 한다				
QUEST_LV_0500_20220204_001570	Je dois me préparer à suivre vos ordres	명령을 따르기 위해 준비가 필요하다고 한다				
QUEST_LV_0500_20220204_001571	Lever le Siège	포위 해제				
QUEST_LV_0500_20220204_001572	Force Détachée	별동대				
QUEST_LV_0500_20220204_001573	L'Identité de Grasme	그레스미의 정체				
QUEST_LV_0500_20220204_001574	La Réalité du Présage Funeste	흉조의 실체				
QUEST_LV_0500_20220204_001575	Arme Abandonnée	버려진 무기들				
QUEST_LV_0500_20220204_001576	Guerre totale	총력전				
QUEST_LV_0500_20220204_001577	Je serai à mon poste	자리로 가겠다고 한다				
QUEST_LV_0500_20220204_001578	Je ne suis pas encore prêt	아직 준비가 끝나지 않았다고 한다				
QUEST_LV_0500_20220204_001579	Front Gauche (1)	좌측 전선(1)				
QUEST_LV_0500_20220204_001580	Front Gauche (2)	좌측 전선(2)				
QUEST_LV_0500_20220204_001581	Vers le centre	중앙 진출				
QUEST_LV_0500_20220204_001582	Front Droit 	우측 전선				
QUEST_LV_0500_20220204_001583	Percer sur le Flanc	측면 돌파				
QUEST_LV_0500_20220204_001584	Nouvelle de la Victoire	승전보				
QUEST_LV_0500_20220204_001585	L'Obstacle Humain	인간의 관문				
QUEST_LV_0500_20220204_001586	Je l'ai entendu	들었다				
QUEST_LV_0500_20220204_001587	Je n'ai rien entendu	못 들었다				
QUEST_LV_0500_20220204_001588	Champ de Bataille de Delmore	델무어 격전지				
QUEST_LV_0500_20220204_001589	Je suis prêt	준비가 끝났다고 한다				
QUEST_LV_0500_20220204_001590	Franchir le Seuil	문턱을 넘는다				
QUEST_LV_0500_20220204_001591	Révélateur de Moroth	모로스의 계시자				
QUEST_LV_0500_20220204_001592	Entrer dans l'Ambassade de Moroth	왕국령 모로스 공관 진입				
QUEST_LV_0500_20220204_001593	Vous êtes enfin arrivé ici grâce à la persuasion insistante de la fille de votre rêve. Sera-ce un nouveau départ ? Nous n'en savons encore rien, mais nous pourrions trouver un indice en interrogeant les gens d'ici. Parlez au garde et trouvez quelqu'un à qui parler. 	꿈 속 소녀의 집요한 설득으로 당신은 결국 이 곳에 도착했습니다. 이것이 새로운 시작일까요? 아직 아무것도 알 수 없지만 이 곳 사람들에게 물어보면 실마리를 찾을 수 있을 것 같습니다. 공관 경비병에게 사정을 이야기하고 말이 통하는 사람을 찾아봅시다.				
QUEST_LV_0500_20220204_001594	Parler au réfugié	피난민들과 대화하기				
QUEST_LV_0500_20220204_001595	Il faudra peut-être un moment pour entrer dans l'ambassade. Parlez aux réfugiés près de l'entrée et découvrez ce qui est arrivé à Moroth récemment.	아무래도 공관으로 들어가려면 시간이 걸릴 것 같습니다. 입구의 피난민들과 대화하며 최근 모로스에서 벌어진 일들을 알아봅시다.				
QUEST_LV_0500_20220204_001596	Parler à l'Illusion de la Fille 	소녀의 환영과 대화하기				
QUEST_LV_0500_20220204_001597	L'illusion de la fille qui venait dans vos rêves depuis longtemps et vous a dit de visiter cette ambassade, ainsi que le rêve de la Révélation, sont apparus. Parlez à L'illusion de la fille.	오랜 기간 당신의 꿈 속에 나타나 계시의 꿈과 이 공관을 찾아가라고 말하던 소녀의 환영이 나타났습니다. 소녀의 환영과 대화해 봅시다.				
QUEST_LV_0500_20220204_001598	Équiper l'Équipement de Croissance	성장 장비 착용				
QUEST_LV_0500_20220204_001599	Ouvrir l'inventaire et sélectionner l'équipement de croissance à équiper	인벤토리를 열어 성장 장비를 선택하고 착용하세요				
QUEST_LV_0500_20220204_001600	Parler à l'Illusion de la Fille 	소녀의 환영과 대화				
QUEST_LV_0500_20220204_001601	Parler au Général Ramin	대장군 라민과 대화				
QUEST_LV_0500_20220204_001602	Avancement accompli 1 fois	전직 1회 완료				
QUEST_LV_0500_20220204_001603	Trouver l'Ambassade	공관실 찾아가기				
QUEST_LV_0500_20220204_001604	Parler à Kaoneela Henrjusi	카오닐라 헨류시와 대화				
QUEST_LV_0500_20220204_001605	Retourner Voir Owynia Dilben	오위니아 딜벤에게 되돌아 가기				
QUEST_LV_0500_20220204_001606	Utiliser le Projecteur d'Âmes	영혼 투사기 사용				
QUEST_LV_0500_20220204_001607	Utiliser le Projecteur d'Âme sur Owynia Dilben	오위니아 딜벤에게 영혼 투사기 사용				
QUEST_LV_0500_20220204_001608	Repos	휴식 취하기				
QUEST_LV_0500_20220204_001609	Vaincre le Démon Clé Caché	숨어든 마족 간부 처치				
QUEST_LV_0500_20220204_001610	Suivre le Maître Rangda	랑다 마스터 따라가기				
QUEST_LV_0500_20220204_001611	Parler au Général de la Garde Heosha	호위대장 헤오샤와 대화				
QUEST_LV_0500_20220204_001612	Trouver le Seigneur d'Orsha Inesa Hamondale	오르샤의 영주 이네사 해먼데일을 찾아가기				
QUEST_LV_0500_20220204_001613	Le seigneur d'Orsha vous cherche d'urgence{nl}Allez à Orsha rencontrer le seigneur	오르샤의 영주가 급히 당신을 찾고 있습니다{nl}오르샤로 가 영주를 만나세요				
QUEST_LV_0500_20220204_001614	Traverser Forêt de Kirtimas et se diriger vers Delmore	키르티마스 숲을 지나 델무어 소작촌으로 가기				
QUEST_LV_0500_20220204_001615	D'après le seigneur d'Orsha, l'armée royale a attaqué le bastion du Beholder, Delmore, afin de contrer les forces du Beholder qui ont envahi la province de Kiren{nl}Pajauta a déjà rejoint l'armée royale et elle espère que vous la rejoindrez aussi{nl}Vous pouvez gagner le Hameau de Delmore par la route terrestre qui longe l'Étang de Lemprasa et la Forêt de Kirtimas, mais le passage vers l'Étang de Lemprasa est bloqué par la guerre{nl}Rendez-vous au Hameau de Delmore en traversant la Forêt de Kirtimas{nl}	오르샤 영주의 말에 의하면, 키렌 지방을 침공한 주시자의 군세에 맞서기 위하여 왕국군이 주시자의 본거지인 델무어를 공격했다고 합니다{nl}파야우타는 일찍이 왕국군에 합류했으며 그녀는 당신 역시 왕국군에 가세해 주기를 바라고 있습니다{nl}델무어 소작촌으로 가는 방법은 렘파라사 연못과 키르티마스 숲을 통해 이어진 육로가 있으나, 전쟁의 여파로 렘파라사 연못과 이어진 통로는 차단된 상태입니다{nl}키르티마스 숲을 지나 델무어 소작촌으로 이동하세요{nl}				
QUEST_LV_0500_20220204_001616	Parler au Maître Centurion	센츄리온 마스터와 대화하기				
QUEST_LV_0500_20220204_001617	En entrant dans le Delmore Halmet, vous avez rencontré l'armée royale et le Maître Centurion en train de combattre{nl}Il semble que le Maître Centurion vous connaisse.{nl}Parlez au Maître Centurion.	델무어 소작촌에 진입하자 교전 중이던 왕국군과 센츄리온 마스터를 만났습니다{nl}센츄리온 마스터는 당신을 알고 있는 눈치입니다{nl}센츄리온 마스터와 이야기하세요				
QUEST_LV_0500_20220204_001618	Pajauta a parlé de vous au Maître Centurion{nl}Cependant, laissez de côté la conversation personnelle et{nl}demandez-lui de se joindre à vous	센츄리온 마스터는 파야우타로 부터 당신의 이야기를 들었다고 합니다{nl}그러나 사담은 다음을 기약하고 센츄리온 마스터와 합류할 수 있도록 그와 이야기하세요				
QUEST_LV_0500_20220204_001619	Trouver les Soldats Dispersés	흩어진 병사들을 찾기				
QUEST_LV_0500_20220204_001620	Le Maître Centurion montait la garde ici à la demande de Pajauta afin que vous puissiez rejoindre sans danger le gros de l'armée{nl}royale.{nl}Cependant, il n'a pas pu tenir longtemps face à l'attaque ennemie, et les soldats qui le suivaient se sont dispersés pour{nl}combattre en divers endroits{nl}Vous devez aider le Maître Centurion à rassembler les soldats et à les faire se rejoindre pour que l'armée royale puisse vaincre.	센츄리온 마스터는 파야우타의 부탁으로 당신을 왕국군 본대에 무사히 합류시키기 위해 이곳을 지키던 중이었습니다{nl}그러나 적의 공세에 오래 버티지는 못했고 그를 따르던 병사들이 흩어져 곳곳에서 교전 중이라고 합니다{nl}전쟁에서 왕국군이 승리할 수 있도록 센츄리온 마스터를 도와 흩어진 병사들을 합류시켜야 합니다				
QUEST_LV_0500_20220204_001621	Des soldats en train de combattre trouvés{nl}Parlez au Maître Centurion avant de passer à la zone suivante	교전 중이던 병사들을 일부 찾았습니다{nl}다음 지역으로 이동하기 전에 센츄리온 마스터와 대화하세요				
QUEST_LV_0500_20220204_001622	Des soldats trouvés{nl}Parlez au Maître Centurion avant de passer à la zone suivante	병사들을 일부 찾았습니다{nl}다음 지역으로 이동하기 전에 센츄리온 마스터와 대화하세요				
QUEST_LV_0500_20220204_001623	Trouver les soldats cachés par infériorité	열세 속에 숨어 있는 병사들을 찾아보기				
QUEST_LV_0500_20220204_001624	Se rendre dans une zone proche pour chasser les ennemis et trouver des soldats	가까운 지역으로 이동해 적들을 몰아내고 병사들을 찾으세요				
QUEST_LV_0500_20220204_001625	Des soldats cachés trouvés{nl}Parlez au Maître Centurion avant de passer à la zone suivante	숨어있던 병사들을 일부 찾았습니다{nl}다음 지역으로 이동하기 전에 센츄리온 마스터와 대화하세요				
QUEST_LV_0500_20220204_001626	Parler au Maître Centurion	센츄리온 마스터와 대화하세요				
QUEST_LV_0500_20220204_001627	Vaincre les ennemis alentour et acquérir des objets utiles comme armes	주변의 몬스터를 처치하고 무기로 쓸만한 것들을 획득하기				
QUEST_LV_0500_20220204_001628	Pour préparer la bataille à venir, les soldats doivent être prêts à combattre{nl}Prenez les armes aux Blickferret	앞으로 있을 전투에 대비하기 위해 병사들이 싸울 수 있는 여건이 되어야 합니다{nl}블릭페릿들로부터 무기를 탈취하세요				
QUEST_LV_0500_20220204_001629	Vous avez sécurisé assez d'armes{nl}Parlez au Maître Centurion	충분히 많은 무기를 확보했습니다{nl}센츄리온 마스터와 대화하세요				
QUEST_LV_0500_20220204_001630	Discuter du prochain objectif avec le Maître Centurion	센츄리온 마스터와 다음 목표에 대해 상의하세요				
QUEST_LV_0500_20220204_001631	Trouver le contact parmi les Blickferret et le vaincre	블릭페릿 사이에서 연락책을 찾아 처치하기				
QUEST_LV_0500_20220204_001632	La plupart des soldats dispersés du Hameau de Delmore ont été retrouvés{nl}Cependant, les Furets noirs ont détecté vos mouvements et ceux du Maître Centurion{nl}Trouvez et éliminez l'agent de liaison des ennemis pour retarder leur rassemblement	델무어 소작촌에 흩어진 병사들은 대부분 찾았습니다{nl}그러나 당신과 센츄리온 마스터의 움직임을 블릭페릿들도 감지했습니다{nl}적들의 집결 시간을 지연시키기 위해 연락책을 맡은 적들을 찾아 제거하세요				
QUEST_LV_0500_20220204_001633	Assez de contacts éliminés{nl}Parlez au Maître Centurion	연락책들을 찾아 충분히 제거했습니다{nl}센츄리온 마스터와 대화하세요				
QUEST_LV_0500_20220204_001634	Vérifier le Dispositif de Transport vers le Manoir de Delmore	델무어 장원으로 가는 이동 장치 확인하기				
QUEST_LV_0500_20220204_001635	Il y avait un ascenseur reliant le Hameau de Delmore et les Abords de Delmore{nl}Pour voir s'il est utilisable, suivez la route supérieure depuis les Carrefours d'Ishinti et{nl}vérifiez l'ascenseur 	과거 델무어 소작촌과 델무어 외성을 잇던 승강기가 있습니다{nl}승강기를 사용할 수 있는 지 확인하기 위해 이쉰티 사거리에서 윗길을 따라가 승강기를 확인하세요				
QUEST_LV_0500_20220204_001636	Le Kruvina massif a totalement détruit l'ascenseur{nl}Parlez au Maître Centurion	거대한 크루비나 장벽이 승강기를 완전히 박살 냈습니다{nl}센츄리온 마스터와 대화하세요				
QUEST_LV_0500_20220204_001637	Discuter avec le Maître Centurion pour trouver un moyen d'atteindre le Manoir de Delmore	델무어 장원으로 이동할 방법을 모색하기 위해 센츄리온 마스터와 상의하세요				
QUEST_LV_0500_20220204_001638	Sécuriser la Zone d'Entrée du Manoir de Delmore	델무어 장원 입구 지역을 확보하기				
QUEST_LV_0500_20220204_001639	Le seul moyen est de sécuriser la route terrestre vers le Manoir de Delmore{nl}Sécurisez l'entrée en attaquant près de la Manoir de Delmore Entrance avec le Maître Centurion et ses soldats	델무어 장원으로 이어진 육로를 확보하는 게 유일한 방법입니다{nl}센츄리온 마스터와 그의 병사들과 함께 델무어 장원 진입지 근처를 공격해 입구를 확보하세요				
QUEST_LV_0500_20220204_001640	Les abords de l'entrée du Manoir de Delmore ont été{nl}sécurisés{nl}Parlez au Maître Centurion près de l'entrée du Manoir de{nl}Delmore	델무어 장원 진입지 근처를 성공적으로 확보했습니다{nl}델무어 장원 입구 근처의 센츄리온 마스터와 대화하세요				
QUEST_LV_0500_20220204_001641	Parler au Maître Centurion avant de se rendre au Manoir de Delmore	델무어 장원으로 이동하기 전에 센츄리온 마스터와 대화하세요				
QUEST_LV_0500_20220204_001642	Rejoindre le Maître Centurion au Manoir de Delmore et enquêter alentour	델무어 장원에서 센츄리온 마스터와 합류하고 근처를 조사하기				
QUEST_LV_0500_20220204_001643	L'armée royale combattra au Manoir de Delmore{nl}D'abord, rejoignez le Maître Centurion au Manoir de Delmore et enquêtez alentour 	델무어 장원에서도 교전 중인 왕국군들이 있을 겁니다{nl}우선 델무어 장원에서 센츄리온 마스터와 합류하고 근처를 조사하세요				
QUEST_LV_0500_20220204_001644	L'armée royale en crise au Manoir de Delmore a été secourue.{nl}Parlez au Maître Centurion	델무어 장원에서 위기에 처해 죽을 뻔한 왕국군을 구했습니다{nl}센츄리온 마스터와 대화하세요				
QUEST_LV_0500_20220204_001645	Le Maître Centurion a exprimé son inquiétude quant à la mauvaise{nl}tournure de la situation{nl}Mais dans une telle situation, nous devons trouver ce qui peut être fait{nl}Consultez le Maître Centurion.	센츄리온 마스터는 전황이 안좋다는 우려를 표했습니다{nl}그러나 이런 상황에서 할 수 있는 일을 찾아야만 합니다{nl}센츄리온 마스터와 상의하세요				
QUEST_LV_0500_20220204_001646	Récolter les vivres pour renforcer la base temporaire	임시 거점을 보강할 물자를 모으기				
QUEST_LV_0500_20220204_001647	Le Maître Centurion a dit que les soldats paniqués ou blessés avaient besoin d'un endroit sûr pour se reposer un moment{nl}Il y a beaucoup de matériaux brisés alentour puisque c'est un champ de bataille{nl}Vous pouvez récolter des matériaux pour faire une simple barricade	센츄리온 마스터는 공황을 겪고 있거나 다친 병사들이 잠시나마 안전한 휴식을 취할 수 있는 장소가 필요하다고 합니다{nl}현재 이곳은 전쟁터이고 주변에는 부서진 자재들이 많습니다{nl}간단한 바리케이드를 만들 수 있는 물자를 모을 수 있습니다				
QUEST_LV_0500_20220204_001648	Apporter le Matériau au Maître Centurion	센츄리온 마스터에게 물자를 가져다주기				
QUEST_LV_0500_20220204_001649	Assez de matériaux récoltés{nl}et quelques tentes abandonnées découpées pour en tirer des matériaux utilisables{nl}Apportez les matériaux au Maître Centurion	부족하지 않을 만큼 부서진 자재를 확보했으며{nl}근처에서 버려진 텐트의 일부를 잘라내 쓸만한 텐트 자재도 모았습니다{nl}센츄리온 마스터에게 모은 물자들을 가져가세요				
QUEST_LV_0500_20220204_001650	Grâce aux matériaux que vous avez récoltés, nous avons préparé une tente temporaire pour allonger les{nl}soldats blessés{nl}Parlez au Maître Centurion	당신이 모아온 물자 덕분에 부상병들을 눕게 할 임시 텐트도 마련했습니다{nl}센츄리온 마스터와 대화하세요				
QUEST_LV_0500_20220204_001651	Installer une barricade dans la base	거점에 바리게이트 설치하기				
QUEST_LV_0500_20220204_001652	Installer une barricade dans une zone désignée pour défendre la base temporaire	임시 거점을 방어할 수 있도록 지정된 곳에 바리케이드를 설치하세요				
QUEST_LV_0500_20220204_001653	Rapporter les Résultats au Maître Centurion	센츄리온 마스터에게 결과를 보고하기				
QUEST_LV_0500_20220204_001654	Assez de barricades installées{nl}Parlez au Maître Centurion	바리케이드를 충분히 설치했습니다{nl}센츄리온 마스터와 대화하세요				
QUEST_LV_0500_20220204_001655	Aider les soldats au combat au Quartier de reconstruction du rempart et les guider jusqu'à la base	성벽 재건 구역에서 전투 중인 병사들을 돕고 병사들을 거점으로 안내하기				
QUEST_LV_0500_20220204_001656	Trouver l'armée royale engagée au Quartier de reconstruction du rempart, chasser les ennemis engagés, et ordonner à l'armée royale de se replier vers une base temporaire	성벽 재건 구역에서 교전 중인 왕국군들을 찾아 그들과 교전 중인 적들을 몰아내고, 왕국군들이 임시 거점으로 후퇴하도록 명령하세요				
QUEST_LV_0500_20220204_001657	Aider les soldats au combat au Terrain vague de Kalbos et les guider jusqu'à la base	칼보스 공터에서 전투 중인 병사들을 돕고 병사들을 거점으로 안내하기				
QUEST_LV_0500_20220204_001658	Trouver l'armée royale engagée au Terrain vague de Kalbos, chasser les ennemis engagés, et ordonner à l'armée royale de se replier vers une base temporaire	칼보스 공터에서 교전 중인 왕국군들을 찾아 그들과 교전 중인 적들을 몰아내고, 왕국군들이 임시 거점으로 후퇴하도록 명령하세요				
QUEST_LV_0500_20220204_001659	Aider les soldats au combat aux Carrefours de Ratas et les guider jusqu'à la base	라타스 사거리에서 전투 중인 병사들을 돕고 병사들을 거점으로 안내하기				
QUEST_LV_0500_20220204_001660	Trouver l'armée royale engagée aux Carrefours de Ratas, chasser les ennemis engagés, et ordonner à l'armée royale de se replier vers une base temporaire	라타스 사거리에서 교전 중인 왕국군들을 찾아 그들과 교전 중인 적들을 몰아내고, 왕국군들이 임시 거점으로 후퇴하도록 명령하세요				
QUEST_LV_0500_20220204_001661	Se Rendre à la Distance de l'Atelier d'Artisanat	공방 거리로 이동하기				
QUEST_LV_0500_20220204_001662	Trouver l'armée royale engagée à la Distance de l'atelier d'artisanat, chasser les ennemis engagés, et ordonner à l'armée royale de se replier vers une base temporaire	공방 거리에서 교전 중인 왕국군들을 찾아 그들과 교전 중인 적들을 몰아내고, 왕국군들이 임시 거점으로 후퇴하도록 명령하세요				
QUEST_LV_0500_20220204_001663	Empêcher les ennemis d'attaquer votre base	아군 거점을 공격하는 적들을 저지하기				
QUEST_LV_0500_20220204_001664	Les ennemis se sont rassemblés pour attaquer la base temporaire de{nl}l'armée royale{nl}Arrêtez les ennemis qui attaquent	적들이 왕국군의 임시 거점을 공격하기 위해 집결했습니다{nl}공격해오는 적들을 막으세요				
QUEST_LV_0500_20220204_001665	Parce que vous êtes arrivé à temps, nous avons pu protéger la base temporaire .{nl}Parlez au Maître Centurion.	다행히 당신이 늦지 않은 덕에 임시 거점을 지켜낼 수 있었습니다{nl}센츄리온 마스터와 대화하세요				
QUEST_LV_0500_20220204_001666	Sécuriser l'entrée des Abords de Delmore et se rendre aux Abords de Delmore	델무어 외성 진입로를 확보하고 델무어 외성으로 이동하기				
QUEST_LV_0500_20220204_001667	Le Maître Centurion a décidé de rester à la base temporaire pour rassembler les{nl}soldats dispersés{nl}Il prévoit de rejoindre le gros des troupes après réorganisation{nl}D'ici là, vainquez les ennemis qui gardent le passage vers les Abords de Delmore	센츄리온 마스터는 아직 흩어져 있는 병사들을 규합하기 위해 이곳 임시 거점에 남겠다고 합니다{nl}추후 그가 재정비를 마치면 본대에 합류할 계획입니다{nl}그때를 위해 델무어 외성으로 이어지는 통로를 지키는 적들을 몰아내세요				
QUEST_LV_0500_20220204_001668	Se Rendre aux Abords de Delmore	델무어 외성으로 이동하기				
QUEST_LV_0500_20220204_001669	Se Rendre aux Abords de Delmore	델무어 외성으로 이동하세요				
QUEST_LV_0500_20220204_001670	Vous avez rencontré Pajauta aux Abords{nl}de Delmore{nl}Parlez à Pajauta	델무어 외성에서 파야우타를 만났습니다{nl}파야우타와 이야기를 나누세요				
QUEST_LV_0500_20220204_001671	Demander ce que Pajauta faisait ici	파야우타가 이곳에서 무엇을 하고 있었는 들어보세요				
QUEST_LV_0500_20220204_001672	Vaincre les ennemis dans la zone ciblée et saisir leurs affaires	목표 지점의 적들을 소탕하고 소지품을 탈취하기				
QUEST_LV_0500_20220204_001673	Pajauta cherchait la base ennemie sur ordre du grand général, commandant de l'armée royale.{nl}Trouvez avec Pajauta les plans de défense et documents opérationnels que l'ennemi pourrait détenir dans sa base{nl} Attaquez les ennemis rassemblés sur la Voie d'accès de Degalm	파야우타는 왕국군의 지휘관인 대장군의 명령으로 적들의 거점을 찾고 있었습니다{nl}적의 거점에서 적들이 가지고 있을 거라 추정되는 방어 계획서들과 작전 문서를 찾기 위해 파야우타와 함께 움직이세요{nl}데가름 진입로에 집결 중인 적들을 공격하세요				
QUEST_LV_0500_20220204_001674	Vous avez reçu le plan de défense du Hameau de Delmore et du{nl}Manoir de Delmore{nl}Parlez à Pajauta	델무어 소작촌과 델무어 장원의 방어 계획도를 획득했습니다{nl}파야우타와 대화하세요				
QUEST_LV_0500_20220204_001675	Obtenir le Plan de Défense	방어 계획도 획득				
QUEST_LV_0500_20220204_001676	Parler à Pajauta du prochain plan	파야우타와 다음 계획을 이야기하기				
QUEST_LV_0500_20220204_001677	Ces plans de défense ne servent à rien, puisque nous sommes{nl}déjà passés{nl}Parlez à Pajauta du prochain plan.	두 방어 계획도는 이미 지나온 곳이라 큰 소용이 있지는 않습니다{nl}다음 계획을 위해 파야우타와 대화하세요				
QUEST_LV_0500_20220204_001678	Examiner les empreintes des monstres dans la zone ciblée	목표 지점에서 몬스터들의 족적을 조사하기				
QUEST_LV_0500_20220204_001679	Pajauta a assuré qu'elle avait au moins confirmé que l'ennemi disposait d'un plan de défense.{nl}Examinez les empreintes des Carrefours de Tagika qui traversent les Abords de Delmore pour trouver la base ennemie	파야우타는 적어도 적들이 방어 계획도를 가지고 있다는 사실을 확인했다며 의기를 다졌습니다{nl}적의 거점을 찾기 위해 델무어 외성 곳곳으로 이어져 있는 타지카 갈림길에서 족적을 조사하세요				
QUEST_LV_0500_20220204_001680	Parler à Pajauta du résultat de l'examen des empreintes	족적의 조사 결과를 파야우타와 이야기하기				
QUEST_LV_0500_20220204_001681	Un nombre exceptionnel d'empreintes mène à la Salle de réunion d'Orem{nl}Discutez des empreintes avec Pajauta	유난히 많은 족적이 오렘 집회장으로 이어져 있습니다{nl}파야우타와 족적에 대해 논의하세요				
QUEST_LV_0500_20220204_001682	Discuter du prochain plan avec Pajauta	파야우타와 다음 계획을 논의하기				
QUEST_LV_0500_20220204_001683	Discuter du prochain plan avec Pajauta	다음 계획에 대해 파야우타와 상의하세요				
QUEST_LV_0500_20220204_001684	Suivre les empreintes et attaquer la base de l'ennemi 	족적을 따라 적의 거점을 습격하기				
QUEST_LV_0500_20220204_001685	Pajauta dit que la base de l'ennemi sera à la Salle de réunion d'Orem{nl}Rendez-vous à la Salle de réunion d'Orem, vainquez les ennemis et{nl}détruisez la base	파야우타는 오렘 집회장으로 가면 적들의 거점이 있을 거라고 합니다{nl}오렘 집회장으로 이동해 적들을 처치하고 거점을 파괴하세요				
QUEST_LV_0500_20220204_001686	La base est détruite, mais le plan de défense reste{nl}introuvable{nl}Parlez à Pajauta	거점을 파괴했지만, 방어 계획도는 찾지 못했습니다{nl}파야우타와 이야기하세요				
QUEST_LV_0500_20220204_001687	Pajauta examine attentivement la route supérieure de la Salle de réunion d'Orem{nl}Demandez ce que Pajauta en pense	파야우타는 오렘 집회장의 윗길을 유심히 살피고 있습니다{nl}파야우타의 생각을 들어보세요				
QUEST_LV_0500_20220204_001688	Sécuriser la route de soutien menant à l'Étang de Lemprasa	렘파라사 연못과 이어지는 보급로의 안전을 확보하기				
QUEST_LV_0500_20220204_001689	La route supérieure de la Salle de réunion d'Orem est directement reliée à l'Étang de Lemprasa, comme l'a dit le seigneur d'Orsha, mais elle{nl}a été bloquée par la guerre{nl}Sécurisez le chemin pour assurer la route de soutien des alliés.	오렘 집회장의 윗길이 바로 오르샤의 영주가 말한 렘파라사 연못과 연결되었으나 전쟁의 여파로 차단된 통로입니다{nl}아군의 보급로를 확보하기 위해 통로를 확보하세요				
QUEST_LV_0500_20220204_001690	Ennemis venus bloquer le chemin obstrué vaincus{nl}Parlez à Pajauta	차단된 통로를 막아서기 위해 몰려오는 적들을 저지했습니다{nl}파야우타와 대화하세요				
QUEST_LV_0500_20220204_001691	Discuter du prochain plan avec Pajauta	파야우타와 다음 계획에 대해 상의하세요				
QUEST_LV_0500_20220204_001692	Sortir de la base et suivre les monstres en mouvement	거점에서 벗어나 이동 중인 몬스터를 추적하기				
QUEST_LV_0500_20220204_001693	D'après Pajauta, d'autres empreintes se poursuivent depuis la base.{nl}C'est une trace récente, vous pouvez donc la suivre{nl}Rendez-vous à la Place centrale des faubourgs où mènent les empreintes, vainquez les ennemis et trouvez le plan de défense.	파야우타의 말에 의하면 거점에서 이어지는 또 다른 족적들이 있다고 합니다{nl}생긴 지 얼마 안 된 족적이니 추적할 수 있습니다{nl}족적이 이어지는 외성 광장으로 이동해 적들을 처치하고 방어 계획서를 찾으세요				
QUEST_LV_0500_20220204_001694	Plan de défense des Abords de Delmore trouvé{nl}Montrez-le à Pajauta	델무어 외성의 방어 계획서를 찾았습니다{nl}파야우타에게 보여주세요				
QUEST_LV_0500_20220204_001695	Plan de Défense Obtenu	방어 계획서 획득				
QUEST_LV_0500_20220204_001696	Discuter du prochain plan avec Pajauta d'après le plan de défense des Abords de Delmore	다음 계획에 대해 델무어 외성의 방어 계획도를 토대로 파야우타와 상의하세요				
QUEST_LV_0500_20220204_001697	Détruire la base principale de l'ennemi	적의 주요 거점을 파괴하기				
QUEST_LV_0500_20220204_001698	D'après le plan de défense des Abords de Delmore, il y a une base de grande envergure au Montée de la forteresse{nl}Vous y trouverez peut-être le reste du plan de défense et des documents opérationnels{nl}Vainquez les ennemis du Montée de la forteresse et détruisez la base	델무어 외성의 방어 계획도에 따르면 성채 마루 지역에 규모가 큰 거점이 있습니다{nl}그곳이라면 나머지 방어 계획도와 작전 문서를 찾을 수 있을 겁니다{nl}성채 마루에 있는 적들을 처치하고 거점을 파괴하세요				
QUEST_LV_0500_20220204_001699	Toutes les bases détruites{nl}Parlez à Pajauta	거점을 모조리 파괴했습니다{nl}파야우타와 대화하세요				
QUEST_LV_0500_20220204_001700	Parler à Pajauta du prochain plan	다음 계획을 위해 파야우타와 대화하세요				
QUEST_LV_0500_20220204_001701	Attaquer la Base Supérieure	상부 거점을 공격하기				
QUEST_LV_0500_20220204_001702	Attaquer la base supérieure reliée au Montée de la forteresse	성채 마루와 이어져 있는 상부 거점을 공격하세요				
QUEST_LV_0500_20220204_001703	Détruire %s dans le temps imparti	시간내에 %s 파괴하기				
QUEST_LV_0500_20220204_001704	Trouver Pajauta dans la Citadelle de Delmore	델무어 내성에서 파야우타를 찾기				
QUEST_LV_0500_20220204_001705	Tous les plans de défense et documents opérationnels de la Citadelle de Delmore et{nl}du Jardin sécurisés{nl}Rendez-vous à la Citadelle de Delmore et trouvez Pajauta	모든 델무어 내성과 정원의 방어 계획도와 작전문서를 확보했습니다{nl}델무어 내성으로 이동해 파야우타를 찾으세요				
QUEST_LV_0500_20220204_001706	Survivre Avec Pajauta	파야우타와 함께 살아남기				
QUEST_LV_0500_20220204_001707	Le pouvoir mystérieux émané de Pajauta a englouti les ennemis proches et jusqu'à l'armée royale.{nl}J'ignore ce que c'est, mais survivez aux ennemis qui accourent en réaction au tumulte	파야우타로 부터 방출된 의문의 힘이 근처의 적들과 왕국군까지 집어삼켰습니다{nl}어떻게 된 영문인지는 모르겠지만, 소란에 반응해 몰려오는 적들로부터 살아남으세요				
QUEST_LV_0500_20220204_001708	Heureusement, l'attaque semble s'être calmée.{nl}Vérifiez l'état de Pajauta	다행히 공격이 잠잠해진 듯합니다{nl}파야우타의 상태를 확인하세요				
QUEST_LV_0500_20220204_001709	Pajauta elle-même semble un peu perdue{nl}aussi{nl} Parlez à Pajauta	파야우타 본인도 적지 않게 당황해 보입니다{nl}파야우타와 대화하세요				
QUEST_LV_0500_20220204_001710	Aller à la Base de l'Armée Royale	왕국군의 거점을 찾아가기				
QUEST_LV_0500_20220204_001711	Le gros des troupes de l'armée royale mené par le général Ramin a bâti une base{nl}près d'ici{nl}Rendez-vous à la base de l'armée royale	라민 대장군이 이끄는 왕국군 본대가 근처에 거점을 지었다고 합니다{nl}왕국군 거점을 찾아가세요				
QUEST_LV_0500_20220204_001712	Trouver le Général Ramin	대장군 라민을 찾기				
QUEST_LV_0500_20220204_001713	Trouver le général Ramin dans la base de l'armée royale	왕국군 거점에서 라민 대장군을 찾으세요				
QUEST_LV_0500_20220204_001714	Parler au Général Ramin	대장군 라민과 대화하기				
QUEST_LV_0500_20220204_001715	Général Ramin Trouvé{nl}Parlez au Grand Général	라민 대장군을 찾았습니다{nl}대장군과 이야기를 나누세요				
QUEST_LV_0500_20220204_001716	Trouver l'éclaireur perdu et l'escorter jusqu'à la base	낙오된 정찰병을 찾아 거점까지 호위하기				
QUEST_LV_0500_20220204_001717	Pajauta a décidé de rester à la base pour aider à déchiffrer les documents{nl}Entre-temps, Ramin vous a ordonné de retrouver les éclaireurs restés en arrière{nl}Fouillez la route de ravitaillement bloquée, trouvez les éclaireurs restés en arrière et escortez-les jusqu'à la base.	파야우타는 거점에 남아 문서들의 판독을 돕기로 했습니다{nl}그사이 라민은 당신에게 낙오된 정찰병을 찾을 것을 지시했습니다{nl}차단된 보급로를 수색하고 낙오된 정찰병을 찾아 거점까지 호위하세요				
QUEST_LV_0500_20220204_001718	Éclaireurs à la traîne escortés sains et saufs{nl}jusqu'à la base{nl}Rapportez-le au général Ramin	낙오되었던 정찰병을 무사히 거점까지 호위했습니다{nl}라민 대장군에게 보고하세요				
QUEST_LV_0500_20220204_001719	Entendre les rapports des éclaireurs secourus avec le général Ramin	라민 대장군과 함께 구출된 정찰병의 보고를 들으세요				
QUEST_LV_0500_20220204_001720	Vaincre les ennemis devant la base	거점 앞의 적들을 처치하기				
QUEST_LV_0500_20220204_001721	Vous, Pajauta et le général formerez un détachement pour trouver le chef des démons{nl}Vainquez les ennemis devant vous pendant que le général Ramin et Pajauta rassemblent{nl}le détachement	적의 우두머리로 추정되는 마족을 찾기 위해 당신과 파야우타, 대장군은 별동대를 꾸려 움직일 겁니다{nl}라민 대장군과 파야우타가 별동대를 꾸리는 동안 거점을 포위하고 있는 전방의 적들을 처치하세요				
QUEST_LV_0500_20220204_001722	Faire Son Rapport au Général Ramin	대장군 라민에게 보고하기				
QUEST_LV_0500_20220204_001723	Vous avez suffisamment éliminé les ennemis entourant la base.{nl}Faites votre rapport au général Ramin.	거점을 포위하고 있던 적들을 적당히 정리했습니다{nl}라민 대장군에게 보고하세요				
QUEST_LV_0500_20220204_001724	La force détachée sera bientôt prête{nl}Parlez au général Ramin	곧 별동대가 준비를 마칠 겁니다{nl}라민 대장군과 대화하세요				
QUEST_LV_0500_20220204_001725	Vers le Centre	중심지로 향하기				
QUEST_LV_0500_20220204_001726	Se déplacer vers le centre afin que la force détachée puisse partir{nl}La force détachée se séparera, chacun de son côté.	별동대가 출발하기 위해 중심지로 향하세요{nl}별동대는 각자 맡은 길로 흩어질 겁니다{nl}당신도 한 경로를 맡아 적들을 처치하고 나아가세요				
QUEST_LV_0500_20220204_001727	Vaincre l'ennemi et avancer	적을 처치하고 나아가기				
QUEST_LV_0500_20220204_001728	Examiner la silhouette sombre sur le chemin du point suivant	다음 지점으로 가는 길의 검은 형상을 확인하기				
QUEST_LV_0500_20220204_001729	Il y a un mystérieux sujet noir sur la route entre le centre et la zone d'érosion{nl}Examinez le sujet noir.	중심지와 침식 지역 사이를 잇는 길에 정체를 알 수 없는 검은 형상이 있습니다{nl}검은 형상을 조사하세요				
QUEST_LV_0500_20220204_001730	Il y a un cristal noir du Beholder dans la zone d'érosion{nl}Le cristal noir du Beholder érode les Furets{nl}Si nous le laissons faire, cela causera de grands dégâts à l'armée{nl}royale{nl}Trouvez un moyen de détruire le cristal noir du Beholder{nl}Peut-être trouverons-nous le pouvoir de surcharger le cristal noir{nl}du Beholder.	침식 지역에 주시자의 검은 수정이 있습니다{nl}주시자의 검은 수정이 페릿들을 침식하고 있습니다{nl}이대로 둔다면 왕국군에게도 큰 피해를 가져올 겁니다{nl}주시자의 검은 수정을 파괴할 방법을 찾아보세요{nl}어쩌면 주시자의 검은 수정을 과부하 시킬 힘을 찾아볼 수 있을 겁니다				
QUEST_LV_0500_20220204_001731	Se Rendre au Nid de Corbeau	까마귀 둥지로 이동하기				
QUEST_LV_0500_20220204_001732	Le cristal noir du Beholder a été détruit avec succès{nl}Rendez-vous au Nid de corbeau	주시자의 검은 수정을 성공적으로 파괴했습니다{nl}까마귀 둥지 지역으로 이동하세요				
QUEST_LV_0500_20220204_001733	Vaincre le Poutre de Grasme	그레스미 트루스를 처치하기				
QUEST_LV_0500_20220204_001734	En arrivant au Nid de corbeau, un boss ennemi qu'un éclaireur aurait vu est apparu{nl}Vainquez le Poutre de Grasme	까마귀 둥지에 도착하자, 정찰병이 보았을 법한 적의 우두머리가 나타났습니다{nl}그레스미 트루스를 처치하세요				
QUEST_LV_0500_20220204_001735	Parler au Général Ramin	라민 대장군과 이야기하기				
QUEST_LV_0500_20220204_001736	Poutre de Grasme vaincu avec le général Ramin et Pajauta arrivés juste à temps{nl}Parlez au général Ramin avant de passer à la zone suivante	때마침 도착한 라민 대장군과 파야우타와 함께 그레스미 트루스를 처치했습니다{nl}다음 지역으로 이동하기 전에 라민 대장군과 대화하세요				
QUEST_LV_0500_20220204_001737	Rejoindre le Général Ramin au Jardin de Delmore	델무어 정원에서 라민 대장군과 합류하기				
QUEST_LV_0500_20220204_001738	Aller au Jardin de Delmore et rejoindre le général Ramin 	델무어 정원으로 가서 라민 대장군과 합류하세요				
QUEST_LV_0500_20220204_001739	Récolter les vivres que les soldats corrompus ont jetés	변질되어 버린 병사들이 버려둔 보급품을 모으세요				
QUEST_LV_0500_20220204_001740	Le général Ramin a dit que nous devrions encourager les soldats épuisés avant le début de la bataille.{nl}Puisque les soldats corrompus qui errent dans le Jardin de Delmore ont jeté les armes dont ils se servaient de leur vivant, il a donné l'ordre d'aider à la réorganisation{nl} Examinez les fournitures abandonnées pour la réorganisation et installez le drapeau pour le discours du général Ramin.	라민 대장군은 전투에 앞서 많은 피로감이 누적된 병사들을 독려해야한다고 합니다{nl}델무어 정원을 활보하는 변질된 병사들이 생전에 사용하던 무기들을 버려두었으니, 재정비를 도우라는 명령 하달했습니다{nl}재정비를 위해 버려진 보급품을 확인하고, 라민 대장군의 연설을 위해 깃발을 설치하세요				
QUEST_LV_0500_20220204_001741	Rapporter au général Ramin que les préparatifs sont terminés.	라민 대장군에게 준비가 끝났음을 보고하기				
QUEST_LV_0500_20220204_001742	Les vivres sont sécurisés et le drapeau est installé{nl}Allez voir le général Ramin et rapportez que les{nl}préparatifs sont terminés	보급품을 확보 했고 깃발을 설치했습니다{nl}라민 대장군에게 준비가 끝났음을 보고하세요				
QUEST_LV_0500_20220204_001743	Prendre l'arme dans les vivres abandonnés	방치된 보급품에서 무기 회수				
QUEST_LV_0500_20220204_001744	Prendre le kit de réparation d'urgence dans les vivres abandonnés	방치된 보급품에서 긴급 구급 키트 회수				
QUEST_LV_0500_20220204_001745	Récupérer le Drapeau d'Orsha Brisé	부러진 오르샤 깃발 회수				
QUEST_LV_0500_20220204_001746	Parler au Général Ramin	라민 대장군과 대화하기				
QUEST_LV_0500_20220204_001747	Le discours du général Ramin va commencer{nl}Parlez au général Ramin	라민 대장군의 연설이 곧 시작됩니다{nl}라민 대장군과 이야기하세요				
QUEST_LV_0500_20220204_001748	Se Rendre à Destination	목표 지점으로 이동하기				
QUEST_LV_0500_20220204_001749	Le discours du général Ramin va commencer{nl}Rendez-vous à destination	라민 대장군의 연설이 곧 시작됩니다{nl}목표 지점으로 이동하세요				
QUEST_LV_0500_20220204_001750	Attaquer le Front Gauche	좌측 전선을 공격하기				
QUEST_LV_0500_20220204_001751	Le combat a commencé !{nl}Attaquez le front gauche	전투가 시작되었습니다!{nl}좌측 전선을 공격하세요				
QUEST_LV_0500_20220204_001752	Continuer vers le Front Gauche	좌측 전선으로 계속 나아가기				
QUEST_LV_0500_20220204_001753	Se déplacer au centre et renforcer le général Ramin	중앙으로 이동해 라민 대장군을 증원하기				
QUEST_LV_0500_20220204_001754	Le front gauche est bloqué{nl}Rendez-vous au front central et soutenez le général Ramin	좌측 전선이 막혔습니다{nl}중앙 전선으로 이동해 라민 대장군을 지원하세요				
QUEST_LV_0500_20220204_001755	Rejoindre le Front Droit et Aider Pajauta	우측 전선으로 합류해 파야우타를 돕기				
QUEST_LV_0500_20220204_001756	Suivre les ordres du général Ramin et assister Pajauta sur le front droit.	라민 대장군의 명령에 따라 우측 전선에서 파야우타를 도우세요				
QUEST_LV_0500_20220204_001757	Suivre la Ligne de Front Droite	우측 전선을 따라 나아가기				
QUEST_LV_0500_20220204_001758	Pajauta rejointe{nl}Percez le front droit avec Pajauta	파야우타와 합류했습니다{nl}함께 우측 전선을 돌파하세요				
QUEST_LV_0500_20220204_001759	Attaque générale sur la cour avant	앞마당 지역을 총공격하기				
QUEST_LV_0500_20220204_001760	Enfin, il ne reste que le dernier point{nl}d'attaque{nl}Attaquez la cour avant avec l'armée{nl}royale	마침내 마지막 공격 지점만이 남았습니다{nl}왕국군의 총공격과 함께 앞마당을 공격하세요				
QUEST_LV_0500_20220204_001761	Vous avez remporté tous les combats{nl}Le général Ramin attend de vous parler{nl}Parlez au général Ramin	모든 전투에서 승리했습니다{nl}라민 대장군이 당신과 대화하기를 기다리고 있습니다{nl}라민대장군과 대화하세요				
QUEST_LV_0500_20220204_001762	Les chances de victoire semblent pencher du côté des alliés{nl}Parlez au général Ramin du prochain plan	전쟁의 승기가 아군 쪽으로 기울어 보입니다{nl}라민 대장군과 다음 계획에 대해서 이야기하세요				
QUEST_LV_0500_20220204_001763	Nous avons gagné la bataille mais la guerre{nl}n'est pas finie{nl}Parlez au général Ramin.	방금의 전투는 이겼으나, 전쟁은 아직 끝나지 않았습니다{nl}라민 대장군과 대화하세요				
QUEST_LV_0500_20220204_001764	Rejoindre le Général Ramin	라민 대장군과 합류하기				
QUEST_LV_0500_20220204_001765	Le général Ramin et l'armée royale achèvent leur réorganisation.{nl}Rejoignez le général Ramin pour la bataille finale afin d'entrer dans Delmore.	라민 대장군과 왕국군이 재정비를 끝마쳐갑니다.{nl}델무어 내부로 들어가기 위한 마지막 전투를 위해 라민 대장군과 합류하세요.				
QUEST_LV_0500_20220204_001766	Achever [Déesse : Champ de bataille de Delmore]	[가디스 : 델무어 격전지] 완수하기				
QUEST_LV_0500_20220204_001767	Achever le Raid de la Déesse Champ de Bataille de Delmore	가디스 레이드 델무어 격전지를 완수하세요				
QUEST_LV_0500_20220204_001768	Parler au Général Ramin	라민 대장군과 대화하세요				
QUEST_LV_0500_20220426_001769	Bien que nous ayons retiré tout le {#003399}Mirtinas{/} de Forêt d'Issaugoti, il reste le {#003399}Mirtinas{/} récolté par le{nl}Beholder. Baubas et Baiga cherchent encore le {#003399}Mirtinas{/}.	비록 이사우고티 숲의 {#003399}머티니스{/}는 모두 제거했지만, 주시자가 모은 {#003399}머티니스{/}가 남아 있을 겁니다.{nl}그리고 바우바스와 바이가 역시 여전히 {#003399}머티니스{/}를 노리고 있는 상황입니다.	QUEST_LV_0500_20210115_000272	Bien que nous ayons retiré tout le Mirtinas de Forêt d'Issaugoti, il resterait le Mirtinas récolté par{nl}le Beholder. Baubas et Baiga cherchent encore le Mirtinas.	비록 이사우고티 숲의 머티니스는 모두 제거했지만, 주시자가 모은 머티니스가 남아 있을 겁니다.{nl}그리고 바우바스와 바이가 역시 여전히 머티니스를 노리고 있는 상황입니다.	여신 라다
QUEST_LV_0500_20220426_001770	Le {#003399}Mirtinas{/} de toute la région d'Orsha n'a pas été complètement éliminé, ce qui signifie que les{nl}démons reviendront très certainement.	오르샤 일대의 {#003399}머티니스{/}가 완전히 소멸한 건 아니니,{nl}마족들은 반드시 돌아올 겁니다.	QUEST_LV_0500_20210115_000273	Le Mirtinas de toute la zone d'Orsha n'est pas complètement éliminé, les démons reviendront{nl}forcément.	오르샤 일대의 머티니스가 완전히 소멸한 건 아니니,{nl}마족들은 반드시 돌아올 겁니다.	여신 라다
QUEST_LV_0500_20220426_001771	Dans la forêt d'Issaugoti, je sens l'énergie de {#003399}Mirtinas{/} la plus puissante de toute la forêt.	이사우고티 숲에서는 숲의 어느 부분보다 강렬한 {#003399}머티니스{/}의 기운이 느껴집니다.	QUEST_LV_0500_20210115_000277	Dans la forêt d'Issaugoti, je sens l'énergie de Mirtinas la plus puissante de toute la forêt.	이사우고티 숲에서는 숲의 어느 부분보다 강렬한 머티니스의 기운이 느껴집니다.	여신 라다
QUEST_LV_0500_20220426_001772	Il doit y avoir là du {#003399}Mirtinas{/} extrait par les démons du Beholder. Beaucoup de démons doivent{nl}dominer cet endroit.	분명히 그곳에 주시자의 마족들이 채굴한 {#003399}머티니스{/}가 있을 겁니다.{nl}분명히 많은 마족들이 그 곳을 장악하고 있겠죠.	QUEST_LV_0500_20210115_000278	Il doit y avoir là du Mirtinas extrait par les démons du Beholder. Beaucoup de démons doivent{nl}dominer cet endroit.	분명히 그곳에 주시자의 마족들이 채굴한 머티니스가 있을 겁니다.{nl}분명히 많은 마족들이 그 곳을 장악하고 있겠죠.	여신 라다
QUEST_LV_0500_20220426_001773	Le Beholder a toujours agi avec des plans. Il a dû préparer un entrepôt de {#003399}Mirtinas{/}.	주시자는 항상 계획적으로 움직였습니다.{nl}분명 {#003399}머티니스{/}의 보관에도 대비책을 마련해놨겠죠.	QUEST_LV_0500_20210115_000279	Le Beholder a toujours agi avec des plans. Il a dû préparer un entrepôt de Mirtinas.	주시자는 항상 계획적으로 움직였습니다.{nl}분명 머티니스의 보관에도 대비책을 마련해놨겠죠.	여신 라다
QUEST_LV_0500_20220426_001774	Les démons du Beholder ont déjà dû entreposer beaucoup de {#003399}Mirtinas{/}. Avec votre pouvoir, il ne{nl}sera pas facile de tout éliminer d'un coup..	주시자의 마족들은 이미 많은 {#003399}머티니스{/}를 저장해두었을 겁니다.{nl}당신의 힘만으로는 한 번에 제거하기는 버거운 일..	QUEST_LV_0500_20210115_000281	Les démons du Beholder ont déjà dû entreposer beaucoup de Mirtinas. Il est difficile de tout{nl}éliminer d'un coup avec votre pouvoir..	주시자의 마족들은 이미 많은 머티니스를 저장해두었을 겁니다.{nl}당신의 힘만으로는 한 번에 제거하기는 버거운 일..	여신 라다
QUEST_LV_0500_20220426_001775	Je crains que déplacer le {#003399}Mirtinas{/} avec mon pouvoir n'entre en collision avec le pouvoir contenu{nl}dans le {#003399}Mirtinas{/}. De plus les démons remarqueront bientôt mon énergie.	제 힘으로 {#003399}머티니스{/}를 제거하는 건 {#003399}머티니스{/}에 내재된 제 힘과의 충돌이 우려됩니다.{nl}게다가 마족들이 저의 기운을 금방 알아차릴 겁니다.	QUEST_LV_0500_20210115_000282	Je crains que déplacer le Mirtinas avec mon pouvoir n'entre en collision avec le pouvoir contenu{nl}dans le Mirtinas. De plus les démons remarqueront bientôt mon énergie.	제 힘으로 머티니스를 제거하는 건 머티니스에 내재된 제 힘과의 충돌이 우려됩니다.{nl}게다가 마족들이 저의 기운을 금방 알아차릴 겁니다.	여신 라다
QUEST_LV_0500_20220426_001776	Les bombes fabriquées par les humains conviendront pour éliminer le {#003399}Mirtinas{/} aussi vite et en{nl}aussi grande quantité que possible.	{#003399}머티니스{/}를 최대한 빨리, 최대한 많이 제거하기 위해서는 충분한 위력을 지닌 인간의 폭탄이 적당하겠군요.	QUEST_LV_0500_20210115_000283	La bombe humaine conviendra pour éliminer le Mirtinas aussi vite et en aussi grande quantité{nl}que possible.	머티니스를 최대한 빨리, 최대한 많이 제거하기 위해서는 충분한 위력을 지닌 인간의 폭탄이 적당하겠군요.	여신 라다
QUEST_LV_0500_20220426_001777	Je vois. Nous avons trouvé un moyen de détruire le {#003399}Mirtinas{/}, il ne reste qu'à y accéder.	그렇군요.{nl}이제 {#003399}머티니스{/}를 파괴할 수단을 찾았으니, 접근을 하는 일만 남았습니다.	QUEST_LV_0500_20210115_000295	Je vois. Nous avons trouvé un moyen de détruire le Mirtinas, il ne reste qu'à y accéder.	그렇군요.{nl}이제 머티니스를 파괴할 수단을 찾았으니, 접근을 하는 일만 남았습니다.	여신 라다
QUEST_LV_0500_20220426_001778	Alors les forces de Ragana et celles de Baiga s'affronteront, et les forces du Beholder ne resteront{nl}pas à regarder. Profitez de la confusion sur le champ de bataille et approchez-vous du {#003399}Mirtinas{/}.{nl}Nous irons ensemble à la Forêt d'Issaugoti, mais si je bouge trop vite, cela ne servira à rien pour{nl}détourner les regards des démons.	그러면 라가나와 바이가의 세력이 대립할테고, 주시자의 세력도 지켜보고만 있지는 않을 겁니다.{nl}전장이 혼란한 틈을 타 {#003399}머티니스{/} 저장소로 접근하시면 됩니다.{nl}이사우고티 숲까지는 같이 이동하겠지만, 제가 섣불리 움직이면 마족들의 눈을 돌린 게 소용없어질 겁니다.	QUEST_LV_0500_20210115_000298	Alors les forces de Ragana et celles de Baiga s'affronteront, et les forces du Beholder ne resteront{nl}pas à regarder. Profitez de la confusion sur le champ de bataille et approchez-vous du Mirtinas.{nl}Nous irons ensemble à la Forêt d'Issaugoti, mais si je bouge trop vite, cela ne servira à rien pour{nl}détourner les regards des démons.	그러면 라가나와 바이가의 세력이 대립할테고, 주시자의 세력도 지켜보고만 있지는 않을 겁니다.{nl}전장이 혼란한 틈을 타 머티니스 저장소로 접근하시면 됩니다.{nl}이사우고티 숲까지는 같이 이동하겠지만, 제가 섣불리 움직이면 마족들의 눈을 돌린 게 소용없어질 겁니다.	여신 라다
QUEST_LV_0500_20220426_001779	Je verrai s'il y a un autre entrepôt de {#003399}Mirtinas{/} près d'Orsha.	저는 오르샤 근처에 또 다른 {#003399}머티니스{/} 저장소가 있는지 찾아보겠습니다.	QUEST_LV_0500_20210115_000300	Je verrai s'il y a un autre entrepôt de Mirtinas près d'Orsha.	저는 오르샤 근처에 또 다른 머티니스 저장소가 있는지 찾아보겠습니다.	여신 라다
QUEST_LV_0500_20220426_001780	N'oubliez pas. Trouver l'emplacement du {#003399}Mirtinas{/} avant les forces de Baiga et Ragana est notre{nl}priorité.	잊지마십시오.{nl}바이가와 라가나 세력의 마족들보다 {#003399}머티니스{/}의 위치를 알아내는 것이 우선입니다.	QUEST_LV_0500_20210115_000301	N'oubliez pas. Trouver l'emplacement du Mirtinas passe avant les forces de Baiga et Ragana.	잊지마십시오.{nl}바이가와 라가나 세력의 마족들보다 머티니스의 위치를 알아내는 것이 우선입니다.	여신 라다
QUEST_LV_0500_20220426_001781	Avez-vous trouvé l'endroit qui ressemble à l'entrepôt de {#003399}Mirtinas{/} ?	{#003399}머티니스{/} 저장소로 보이는 곳은 발견하셨나요?	QUEST_LV_0500_20210115_000304	Avez-vous trouvé un endroit qui semble être l'entrepôt Mirtinas ?	머티니스 저장소로 보이는 곳은 발견하셨나요?	여신 라다
QUEST_LV_0500_20220426_001782	Heureusement, cela semble être le seul entrepôt de {#003399}Mirtinas{/} près d'Orsha.	다행히 이곳을 제외한 오르샤 근처에서 다른 {#003399}머티니스{/} 저장소는 보이지 않았습니다.	QUEST_LV_0500_20210115_000305	Heureusement, il ne semble pas y avoir d'autre entrepôt Mirtinas que celui-ci près d'Orsha.	다행히 이곳을 제외한 오르샤 근처에서 다른 머티니스 저장소는 보이지 않았습니다.	여신 라다
QUEST_LV_0500_20220426_001783	La fausse information peut être qu'il y a un entrepôt de {#003399}Mirtinas{/} extrait par les démons du{nl}Beholder au Terrain de Planas.	거짓 정보의 내용은 플라나스 공터에 주시자의 마족들이 채굴한 {#003399}머티니스{/} 저장소가 있다고 전하면 될 겁니다.	QUEST_LV_0500_20210115_000312	La fausse information peut être qu'il y a un entrepôt de Mirtinas extrait par les démons du{nl}Beholder au Terrain de Planas.	거짓 정보의 내용은 플라나스 공터에 주시자의 마족들이 채굴한 머티니스 저장소가 있다고 전하면 될 겁니다.	여신 라다
QUEST_LV_0500_20220426_001784	Si vous engagez le combat après avoir donné de fausses informations au messager de Ragana et{nl}Baiga, cela pourrait détourner les regards des démons de l'entrepôt {#003399}Mirtinas{/}. Dépêchez-vous, je{nl}vous prie.	라가나와 바이가의 전령들에게 거짓 정보를 주고 플라나스 공터에서 싸움을 일으키면,{nl}분명 {#003399}머티니스{/} 저장소에 있는 마족들의 시선을 돌릴 수 있을 겁니다.{nl}서둘러 주십시오.	QUEST_LV_0500_20210115_000318	Si vous provoquez le combat après avoir donné de fausses informations au messager de Ragana{nl}et Baiga, cela pourrait détourner les regards des démons de l'entrepôt Mirtinas. Dépêchez-vous,{nl}je vous prie.	라가나와 바이가의 전령들에게 거짓 정보를 주고 플라나스 공터에서 싸움을 일으키면,{nl}분명 머티니스 저장소에 있는 마족들의 시선을 돌릴 수 있을 겁니다.{nl}서둘러 주십시오.	여신 라다
QUEST_LV_0500_20220426_001785	Pendant que les démons qui ont réagi attirent l'attention, rejoignez l'entrepôt de {#003399}Mirtinas{/}. Partez{nl}quand vous serez prêt.	반응을 보인 마족들이 시선을 끄는 사이에 {#003399}머티니스{/} 저장소에 접근하시면 될 겁니다.{nl}준비가 되면 출발하세요.	QUEST_LV_0500_20210115_000323	Pendant que les démons qui ont réagi accaparent leur attention, accédez au Mirtinas. Partez{nl}quand vous serez prêt.	반응을 보인 마족들이 시선을 끄는 사이에 머티니스 저장소에 접근하시면 될 겁니다.{nl}준비가 되면 출발하세요.	여신 라다
QUEST_LV_0500_20220426_001786	Les démons doivent passer ici pour aller à Orsha, et je dois récupérer le {#003399}Mirtinas{/} auprès des{nl}démons..	마족들이 오르샤로 향하기 위해서는 이곳을 지나야 할 터,{nl}마침 저는 마족들이 지니고 있을 {#003399}머티니스{/}를 회수해야 하니..	QUEST_LV_0500_20210115_000325	Les démons doivent passer ici pour aller à Orsha, et je dois récupérer le Mirtinas auprès des{nl}démons..	마족들이 오르샤로 향하기 위해서는 이곳을 지나야 할 터,{nl}마침 저는 마족들이 지니고 있을 머티니스를 회수해야 하니..	여신 라다
QUEST_LV_0500_20220426_001787	Vous avez fait sauter le {#003399}Mirtinas{/} du Beholder ?} Je suis fier de vous.	주시자의 {#003399}머티니스{/}를 아주 시원하게 날려버렸잖아?{nl}기특해.	QUEST_LV_0500_20210115_000332	Vous avez fait sauter le Mirtinas du Beholder ?} Je suis fier de vous.	주시자의 머티니스를 아주 시원하게 날려버렸잖아?{nl}기특해.	마신 라가나
QUEST_LV_0500_20220426_001788	Que vous ayez tenté de me duper est impardonnable, mais.. vous avez fait sauter le {#003399}Mirtinas{/}{nl}récolté par le Beholder, alors je passerai l'éponge cette fois.	나를 속이려 든 건 용서할 수 없는 일이지만..{nl}주시자가 모은 {#003399}머티니스{/}를 날려버렸으니 특별히 이번은 넘어가도록 하마.	QUEST_LV_0500_20210115_000333	Que vous ayez tenté de me duper est impardonnable, mais.. vous avez fait sauter le Mirtinas{nl}récolté par le Beholder, alors je passerai l'éponge cette fois.	나를 속이려 든 건 용서할 수 없는 일이지만..{nl}주시자가 모은 머티니스를 날려버렸으니 특별히 이번은 넘어가도록 하마.	마신 라가나
QUEST_LV_0500_20220426_001789	Heureusement, l'identité du minerai est devenue claire. Le nom du minerai est {#003399}Mirtinas{/}.. Le{nl}Beholder appelait ainsi ce minerai maléfique.	다행히 광석의 정체를 알아냈습니다.{nl}광석의 이름은 {#003399}머티니스{/}..{nl}주시자는 이 사악한 광석을 두고 그렇게 이름 불렀습니다.	QUEST_LV_0500_20210115_000379	Heureusement, l'identité du minerai est devenue claire. Le nom du minerai est Mirtinas.. Le{nl}Beholder appelait ainsi ce minerai maléfique.	다행히 광석의 정체를 알아냈습니다.{nl}광석의 이름은 머티니스..{nl}주시자는 이 사악한 광석을 두고 그렇게 이름 불렀습니다.	여신 라다
QUEST_LV_0500_20220426_001790	Révélateur, le Beholder tente de détruire le monde.. plus précisément l'Arbre divin avec le{nl}{#003399}Mirtinas{/}.	계시자여,{nl}주시자가 {#003399}머티니스{/}를 통해 세계를..{nl}정확하게는 신수를 파괴하려 하고 있습니다.	QUEST_LV_0500_20210115_000380	Révélateur, le Beholder tente de détruire le monde.. plus précisément l'Arbre divin avec le{nl}Mirtinas.	계시자여,{nl}주시자가 머티니스를 통해 세계를..{nl}정확하게는 신수를 파괴하려 하고 있습니다.	여신 라다
QUEST_LV_0500_20220426_001791	Le {#003399}Mirtinas{/} est une source de magie comparable au Belorb. Giltine a inondé l'Arbre divin en{nl}coupant l'approvisionnement en Belorb.	{#003399}머티니스{/}는 벨로브에 견줄 수 있는 마력원입니다.{nl}길티네는 벨로브의 공급을 중단하여 신수를 폭주시켰습니다.	QUEST_LV_0500_20210115_000381	Le Mirtinas est une source de magie comparable au Belorb. Giltine a coupé l'approvisionnement{nl}en Belorb et inondé l'Arbre divin.	머티니스는 벨로브에 견줄 수 있는 마력원입니다.{nl}길티네는 벨로브의 공급을 중단하여 신수를 폭주 시켰습니다.	여신 라다
QUEST_LV_0500_20220426_001792	D'un autre côté.. Si le Beholder fournit le {#003399}Mirtinas{/} sans fin, le monde pourrira avec la racine de{nl}l'Arbre divin et se changera en cauchemar. À condition que la quantité de {#003399}Mirtinas{/} soit{nl}suffisante, bien sûr.	반대로..{nl}주시자가 이 {#003399}머티니스{/}를 신수에 끊임없이 공급한다면 세계는 신수의 뿌리와 함께 통째로 썩어 끔찍한 세계로 변해버릴 겁니다.{nl}{#003399}머티니스{/}의 양이 충분하다면 말이죠.	QUEST_LV_0500_20210115_000382	D'un autre côté.. Si le Beholder fournit le Mirtinas sans fin, le monde pourrira avec la racine de{nl}l'Arbre divin et deviendra un monde horrible. Si la quantité de Mirtinas est suffisante.	반대로..{nl}주시자가 이 머티니스를 신수에 끊임없이 공급한다면 세계는 신수의 뿌리와 함께 통째로 썩어 끔찍한 세계로 변해버릴 겁니다.{nl}머티니스의 양이 충분하다면 말이죠.	여신 라다
QUEST_LV_0500_20220426_001793	J'ai vu une crevasse extraordinaire dans la Zone abattue de Malkos dans la mémoire du démon.{nl}Le {#003399}Mirtinas{/} pourrait venir de cette crevasse.	마족의 기억 속 말코스 벌목지에서 심상치 않은 균열을 보았습니다.{nl}{#003399}머티니스{/}는 그 균열에서 나왔을 겁니다.	QUEST_LV_0500_20210115_000383	J'ai vu une crevasse extraordinaire dans la Zone abattue de Malkos dans la mémoire du démon.{nl}Le Mirtinas pourrait venir de cette crevasse.	마족의 기억 속 말코스 벌목지에서 심상치 않은 균열을 보았습니다.{nl}머티니스는 그 균열에서 나왔을 겁니다.	여신 라다
QUEST_LV_0500_20220426_001794	C'est un passage reliant à l'Étang de Lemprasa par lequel vous venez de passer. Les démons{nl}rassemblés pour traquer le {#003399}Mirtinas{/} et attaquer Orsha dominent les Bois des Ponts reliés. 	여기는 방금 당신이 지나온 렘파라사 연못과 연결되는 통로입니다.{nl}{#003399}머티니스{/} 채굴과 오르샤를 공격하기 위해 집결한 마족들이 덧댄다리 숲을 장악하고 있습니다.	QUEST_LV_0500_20210115_000395	C'est un passage reliant à l'Étang de Lemprasa par lequel vous venez de passer. Les démons{nl}rassemblés pour traquer le Mirtinas et attaquer Orsha dominent les Bois des Ponts reliés.	여기는 방금 당신이 지나온 렘파라사 연못과 연결되는 통로입니다.{nl}머티니스 채굴과 오르샤를 공격하기 위해 집결한 마족들이 덧댄다리 숲을 장악하고 있습니다.	여신 라다
QUEST_LV_0500_20220426_001795	Je dois récupérer le {#003399}Mirtinas{/} que les démons extraient. Que ferez-vous ?	저는 이 마족들이 채굴하고 있는 {#003399}머티니스{/}를 회수할 필요가 있습니다.{nl}당신은 무슨 일을 하실 거죠?	QUEST_LV_0500_20210115_000396	Je dois récupérer le Mirtinas que les démons extraient. Que ferez-vous ?	저는 이 마족들이 채굴하고 있는 머티니스를 회수할 필요가 있습니다.{nl}당신은 무슨 일을 하실 거죠?	여신 라다
QUEST_LV_0500_20220426_001796	Vous accomplissez votre mission à merveille. J'ai moi aussi pu récupérer un peu de {#003399}Mirtinas{/}.	당신의 임무를 훌륭히 수행하고 있군요.{nl}저 역시 {#003399}머티니스{/}를 일부 회수할 수 있었습니다.	QUEST_LV_0500_20210115_000399	Vous accomplissez votre mission à merveille. J'ai moi aussi pu récupérer un peu de Mirtinas.	당신의 임무를 훌륭히 수행하고 있군요.{nl}저 역시 머티니스를 일부 회수할 수 있었습니다.	여신 라다
QUEST_LV_0500_20220426_001797	Je m'enfonce dans les Bois du Pont relié pour continuer à récupérer le {#003399}Mirtinas{/}.	저는 {#003399}머티니스{/} 회수를 계속하기 위해 덧댄다리 숲의 더 깊은 곳으로 갈 생각입니다.	QUEST_LV_0500_20210115_000400	Je vais me rendre dans la zone plus profonde des Bois du Pont relié pour continuer à récupérer{nl}du Mirtinas.	저는 머티니스 회수를 계속하기 위해 덧댄다리 숲의 더 깊은 곳으로 갈 생각입니다.	여신 라다
QUEST_LV_0500_20220426_001798	Les Carrefours de Gyvenimo tout près possèdent la crevasse dont les démons se servaient pour{nl}extraire le {#003399}Mirtinas{/}. Contrairement à la crevasse que vous avez vue à l'Étang de Lemprasa, elle{nl}vaut la peine d'être examinée car elle n'a pas encore durci.	마침 여기서 가까운 지베니 대로에서 마족들이 {#003399}머티니스{/}를 채굴하던 균열이 있습니다.{nl}그곳의 균열은 당신이 봤던 렘파라사 연못의 균열과 달리 굳어있지 않으니 조사할 가치도 있습니다.	QUEST_LV_0500_20210115_000401	Les Carrefours de Gyvenimo tout près possèdent la crevasse dont les démons se servaient pour{nl}extraire le Mirtinas. Contrairement à la crevasse que vous avez vue à l'Étang de Lemprasa, elle ne{nl}vaut pas la peine d'être examinée car elle est durcie.	마침 여기서 가까운 지베니 대로에서 마족들이 머티니스를 채굴하던 균열이 있습니다.{nl}그곳의 균열은 당신이 봤던 렘파라사 연못의 균열과 달리 굳어있지 않으니 조사할 가치도 있습니다.	여신 라다
QUEST_LV_0500_20220426_001799	C'est le seul chemin vers les Bois des Ponts reliés, et les démons l'occupent.	여기서 덧댄다리 숲으로 들어가는 유일한 길이고, 마족들이 점거하고 있습니다.	QUEST_LV_0500_20210115_000402	C'est le seul chemin vers les Bois des Ponts reliés, et les démons l'occupent.	여기서 덧댄다리 숲으로 들어가는 유일한 길이고, 마족들이 점거하고있습니다.	여신 라다
QUEST_LV_0500_20220426_001800	Ce n'est qu'une supposition, mais les démons ont assurément besoin de cette magie pour{nl}extraire le {#003399}Mirtinas{/}. Autrement dit, si nous pouvons trouver et détruire la source de magie, nous{nl}pourrons arrêter l'extraction du {#003399}Mirtinas{/}.	추측이지만, 마족들이 {#003399}머티니스{/}를 채굴하기 위해서는 반드시 이 마력이 필요할 겁니다.{nl}다시 말해, 마력의 근원지를 찾아 파괴할 수만 있다면 {#003399}머티니스{/} 채굴을 막을 수 있습니다.	QUEST_LV_0500_20210115_000404	Ce n'est qu'une supposition, mais je pense que les démons ont assurément besoin de cette magie{nl}pour extraire le Mirtinas. Autrement dit, si nous pouvons trouver et détruire la source de magie,{nl}nous pourrons arrêter l'extraction du Mirtinas.	추측이지만, 마족들이 머티니스를 채굴하기 위해서는 반드시 이 마력이 필요할 겁니다.{nl}다시 말해, 마력의 근원지를 찾아 파괴할 수만 있다면 머티니스 채굴을 막을 수 있습니다.	여신 라다
QUEST_LV_0500_20220426_001801	Si cela arrive nous pourrons empêcher le {#003399}Mirtinas{/} de tomber entre les mains du Beholder. Et{nl}aussi affaiblir les démons rassemblés pour attaquer Orsha.	그렇게 된다면 주시자의 손에 {#003399}머티니스{/}가 들어가는 일을 막을 수 있겠군요.{nl}그리고 오르샤를 침공하기 위해 집결한 마족들에게도 적지 않은 피해를 줄 수 있습니다.	QUEST_LV_0500_20210115_000405	Si cela arrive nous pourrons empêcher le Mirtinas de tomber entre les mains du Beholder. Et{nl}aussi affaiblir les démons rassemblés pour attaquer Orsha.	그렇게 된다면 주시자의 손에 머티니스가 들어가는 일을 막을 수 있겠군요.{nl}그리고 오르샤를 침공하기 위해 집결한 마족들에게도 적지 않은 피해를 줄 수 있습니다.	여신 라다
QUEST_LV_0500_20220426_001802	Le fait est que, il doit y avoir quelque part du {#003399}Mirtinas{/} que les démons ont extrait tout ce temps,{nl}mais pas un seul {#003399}Mirtinas{/} n'a été trouvé ici.	그러나{nl}그동안 마족들이 채굴한 {#003399}머티니스{/}가 있을 텐데,{nl}여기서는 {#003399}머티니스{/}를 찾을 수 없었습니다.	QUEST_LV_0500_20210115_000416	Cependant Il doit y avoir du Mirtinas que les démons ont extrait, mais aucun Mirtinas n'a été{nl}trouvé.	그러나{nl}그동안 마족들이 채굴한 머티니스가 있을 텐데,{nl}여기서는 머티니스를 찾을 수 없었습니다.	여신 라다
QUEST_LV_0500_20220426_001803	Ce {#003399}Mirtinas{/} ne doit pas tomber entre les mains du Beholder. Je dois trouver l'entrepôt et{nl}récupérer le {#003399}Mirtinas{/}.	그 {#003399}머티니스{/}들이 주시자의 손에 들어가서는 안 됩니다.{nl}저는 그 저장소를 찾아 {#003399}머티니스{/}를 회수해야 합니다.	QUEST_LV_0500_20210115_000417	Ce Mirtinas ne doit pas tomber entre les mains du Beholder. Je dois trouver l'entrepôt et{nl}récupérer le Mirtinas.	그 머티니스들이 주시자의 손에 들어가서는 안 됩니다.{nl}저는 그 저장소를 찾아 머티니스를 회수해야 합니다.	여신 라다
QUEST_LV_0500_20220426_001804	Avez-vous remarqué ? Le Beholder n'est pas le seul à avoir envahi Orsha. Les deux puissances{nl}démoniaques que vous venez de voir font trois forces qui ont envahi Orsha, le Beholder{nl}compris.	눈치채셨겠죠?{nl}오르샤를 침공한 건 주시자뿐만이 아니라는 이야기입니다.{nl}방금 본 두 개 세력의 마족들만 하더라도 주시자를 포함하여 세 개의 세력이 오르샤를 침공했군요.	QUEST_LV_0500_20210115_000421	Avez-vous remarqué ? Le Beholder n'est pas le seul à avoir envahi Orsha. Deux puissances{nl}démoniaques de plus font trois forces qui ont envahi Orsha, le Beholder compris.	눈치 채셨겠죠?{nl}오르샤를 침공한 건 주시자 뿐만이 아니라는 이야기입니다.{nl}방금 본 두개 세력의 마족들만 하더라도 주시자를 포함하여 세 개의 세력이 오르샤를 침공했군요.	여신 라다
QUEST_LV_0500_20220426_001805	Mais il est évident que le but de tous porte sur le {#003399}Mirtinas{/}. Ce sont les démons respectifs du roi{nl}démon Kartas et du dieu démon Ragana.	하지만 모두 {#003399}머티니스{/}가 목표인 건 확실합니다.{nl}저들은 각각 마왕 카르타스의 마족과 마신 라가나의 휘하 마족들입니다.	QUEST_LV_0500_20210115_000422	Mais il est évident que leur but à tous est le Mirtinas. Ce sont les démons respectifs du roi démon{nl}Kartas et du dieu démon Ragana.	하지만 모두 머티니스가 목표인 건 확실합니다.{nl}저들은 각각 마왕 카르타스의 마족과 마신 라가나의 휘하 마족들입니다.	여신 라다
QUEST_LV_0500_20220426_001806	Je découvrirai moi aussi qui en veut au {#003399}Mirtinas{/}.	그럼 저 역시 {#003399}머티니스{/}를 노리는 존재들이 누구인지 찾아보겠습니다.	QUEST_LV_0500_20210115_000427	Je découvrirai moi aussi qui en veut au Mirtinas.	그럼 저 역시 머티니스를 노리는 존재들이 누구인지 찾아보겠습니다.	여신 라다
QUEST_LV_0500_20220426_001807	Les démons de Baiga en avaient manifestement après le {#003399}Mirtinas{/}. Il est étrange que les démons{nl}de Ragana n'aient cherché qu'à interrompre l'extraction du {#003399}Mirtinas{/}, sans qu'il y ait eu d'indices{nl}qu'ils en voulaient au {#003399}Mirtinas{/} lui-même.	바이가의 마족들은 확실히 {#003399}머티니스{/}를 노리고 있었습니다.{nl}라가나의 마족들은 이상하게도 {#003399}머티니스{/} 채굴을 방해하려고만 했지, {#003399}머티니스{/} 자체를 노리는 정황은 없더군요.	QUEST_LV_0500_20210115_000434	Les démons de Baiga en avaient manifestement après le Mirtinas. Il est étrange que les démons{nl}de Ragana n'aient cherché qu'à interrompre l'extraction du Mirtinas, sans qu'il y ait eu d'indices{nl}qu'ils en voulaient au Mirtinas.	바이가의 마족들은 확실히 머티니스를 노리고 있었습니다.{nl}라가나의 마족들은 이상하게도 머티니스 채굴을 방해하려고만 했지, 머티니스 자체를 노리는 정황은 없더군요.	여신 라다
QUEST_LV_0500_20220426_001808	Quoi qu'il en soit, quel que soit leur but, ce ne sera bon ni pour les humains ni pour les déesses si{nl}un démon devient le propriétaire du {#003399}Mirtinas{/}. Nous devrions nous hâter de trouver l'entrepôt{nl}{#003399}Mirtinas{/}.	아무튼 그들의 목적을 떠나 {#003399}머티니스{/}의 주인이 마족이 되는 건 여신에게든 인간에게든 좋을 수 없을 겁니다.{nl}서둘러 {#003399}머티니스{/} 저장소를 찾는 게 좋겠습니다.	QUEST_LV_0500_20210115_000435	Quoi qu'il en soit, quel que soit leur but, ce ne sera bon ni pour les humains ni pour les déesses si{nl}le démon devient le propriétaire du Mirtinas. Nous devrions nous hâter de trouver l'entrepôt{nl}Mirtinas.	아무튼 그들의 목적을 떠나 머티니스의 주인이 마족이 되는 건 여신에게든 인간에게든 좋을 수 없을 겁니다.{nl}서둘러 머티니스 저장소를 찾는게 좋겠습니다.	여신 라다
QUEST_LV_0500_20220426_001809	Il est évident que Ragana et Baiga sont en conflit. Leur proposition pourrait finalement nous{nl}sembler avantageuse, mais je ne peux pas croire aux intentions d'un démon. Par conséquent,{nl}nous ne devrions accepter aucune tentation de bon gré.	라가나와 바이가가 서로 대립하고 있는 건 확실하군요.{nl}그들의 제안은 궁극적으로 우리에게 이점인 것처럼 보이겠지만,{nl}마족의 속내는 믿을 수 없습니다.{nl}그러니 어떤 유혹에도 결코 선뜻 받아들여서는 안 됩니다.	QUEST_LV_0500_20210115_000445	Il est évident que Ragana et Baiga sont en conflit. Leur proposition pourrait au bout du compte{nl}nous sembler avantageuse, mais on ne peut pas croire aux intentions d'un démon. Par{nl}conséquent, nous ne devrions accepter aucune tentation de bon gré.	라가나와 바이가가 서로 대립하고 있는 건 확실하군요.{nl}그들의 제안은 궁극적으로 우리에게 이점인 것 처럼 보이겠지만,{nl}마족의 속내는 믿을 수 없습니다.{nl}그러니 어떤 유혹에도 결코 선뜻 받아들여서는 안 됩니다.	여신 라다
QUEST_LV_0500_20220426_001810	Si vous trouvez le {#003399}Mirtinas{/} extrait par les démons avant eux, vous aurez évidemment l'initiative.{nl}Alors, hâtons-nous de trouver l'entrepôt {#003399}Mirtinas{/}.	주시자의 마족들이 채굴한 {#003399}머티니스{/}를 그들보다 먼저 찾아내 확보한다면,{nl}분명히 주도권을 쥘 수 있습니다.{nl}그러니 서둘러 {#003399}머티니스{/}의 저장소를 찾죠.	QUEST_LV_0500_20210115_000449	Si vous trouvez le Mirtinas extrait par les démons avant eux, vous aurez évidemment l'initiative.{nl}Aussi, hâtons-nous de trouver l'entrepôt Mirtinas.	주시자의 마족들이 채굴한 머티니스를 그들보다 먼저 찾아내 확보한다면,{nl}분명히 주도권을 쥘 수 있습니다.{nl}그러니 서둘러 머티니스의 저장소를 찾죠.	여신 라다
QUEST_LV_0500_20220426_001811	Il y a une crevasse de {#003399}Mirtinas{/} sur la Grand-route de Gatves. Allez d'abord à la Grand-route de{nl}Gatves.	갓베스 가도에도 {#003399}머티니스{/} 균열이 있습니다.{nl}갓베스 가도로 먼저 가세요	QUEST_LV_0500_20210115_000458	Il y a une crevasse Mirtinas sur la Grand-route de Gatves. Allez d'abord à la Grand-route de{nl}Gatves.	갓베스 가도에도 머티니스 균열이 있습니다.{nl}갓베스 가도로 먼저 가세요	여신 라다
QUEST_LV_0500_20220426_001812	Je savais que vous viendriez par ici. Trop de pouvoir de {#003399}Mirtinas{/} émane de cette forêt profonde.	이쪽으로 오실 줄 알았습니다.{nl}이 앞으로 들어가는 깊은 숲에서 너무 많은 {#003399}머티니스{/}의 힘이 흘러나오고 있습니다.	QUEST_LV_0500_20210115_000461	Je savais que vous viendriez par ici. Trop de pouvoir de Mirtinas émane de cette forêt profonde.	이쪽으로 오실 줄 알았습니다.{nl}이 앞으로 들어가는 깊은 숲에서 너무 많은 머티니스의 힘이 흘러나오고 있습니다.	여신 라다
QUEST_LV_0500_20220426_001813	L'entrepôt {#003399}Mirtinas{/} doit être ici. C'est une urgence, mais les choses dégénèrent et nous ferions{nl}mieux de retourner au Sanctuaire de Laima pour un rapide regroupement.	분명 {#003399}머티니스{/} 저장소는 이 안쪽에 있을 겁니다.{nl}상황이 위급한 건 사실이지만,{nl}생각보다 일이 커지고 있으니 재정비를 위해 잠시 라이마의 성소로 돌아가는 게 좋겠습니다.	QUEST_LV_0500_20210115_000462	L'entrepôt Mirtinas doit être ici Il est vrai que c'est une urgence, mais les choses prennent de{nl}l'ampleur, nous ferions mieux de retourner au Sanctuaire de Laima.	분명 머티니스 저장소는 이 안쪽에 있을 겁니다.{nl}상황이 위급한 건 사실이지만,{nl}생각보다 일이 커지고 있으니 재정비를 위해 잠시 라이마의 성소로 돌아가는 게 좋겠습니다.	여신 라다
QUEST_LV_0500_20220426_001814	Êtes-vous le voleur qui en veut au précieux {#003399}Mirtinas{/} du Beholder ?	주시자님의 소중한 {#003399}머티니스{/}를 탐내는 도둑이 네 녀석인가?	QUEST_LV_0500_20210115_000475	Êtes-vous le voleur qui en veut au précieux Mirtinas du Beholder ?	주시자님의 소중한 머티니스를 탐내는 도둑이 네 녀석인가?	소거마스 집행자
QUEST_LV_0500_20220426_001815	[Hebdomadaire] Conquête - Chasse Solitaire	[주간] 정복 - 프리던전 레이드				
QUEST_LV_0500_20220426_001816	Achever la Chasse Solitaire	프리던전 레이드 클리어				
QUEST_LV_0500_20220614_001817	Cependant, avant cela, quelqu'un vous cherche. Rendez-vous au Sanctuaire de Laima par la{nl}statue de la Déesse Ausrine en ville et celui qui vous attend s'y trouvera. On m'a dit que vous,{nl}entre tous, pourriez y accéder.	그러나 그 전에, 당신을 찾는 분이 계십니다.{nl}마을의 여신 아우슈리네의 상을 통해 라이마의 성소라 불리는 곳으로 간다면 그분께서 기다리고 계실 겁니다.{nl}당신만은 그곳에 올 수 있으리라 하시더군요.	QUEST_LV_0500_20210115_000358	Cependant, avant cela, quelqu'un vous cherche. Rendez-vous au Sanctuaire de Laima par la{nl}statue de la Déesse Ausrine et cette personne vous y attendra. Elle a dit que vous seul pouviez y{nl}venir.	그러나 그 전에, 당신을 찾는 분이 계십니다.{nl}마을의 여신 아우슈리네의 상을 통해 라이마의 성소라 불리는 곳으로 간다면 그 분께서 기다리고 계실 겁니다.{nl}당신만은 그 곳에 올수 있으리라 하시더군요.	이네사 해먼데일
QUEST_LV_0500_20220614_001818	Trouvez auprès des démons alentour des preuves liées au Beholder, je vous prie.	주변의 마족들로부터 주시자와 연관이 있을 만한 증거를 찾아주세요.	QUEST_LV_0500_20210115_000368	Trouvez auprès des démons alentour des preuves liées au Beholder, je vous prie.	주변의 마족들로부터 주시자와 연관이 있을만한 증거를 찾아주세요.	여신 라다
QUEST_LV_0500_20220614_001819	Voulez-vous dire que cela se trouvait vraiment sur le front des démons, comme une corne ?	이게 정말 마족의 이마에 뿔처럼 나 있었다는 말인가요?	QUEST_LV_0500_20210115_000386	Voulez-vous dire que cela se trouvait vraiment sur le front des démons comme une corne ?	이게 정말 마족의 이마에 뿔처럼 나있었다는 말인가요?	여신 라다
QUEST_LV_0500_20220614_001820	Je me suis arrêté ici, sentant la magie. C'est assurément la magie du Beholder.	저도 마침 그 마력을 느끼고 여기서 멈춰 섰습니다.{nl}틀림없이 주시자의 마력이군요.	QUEST_LV_0500_20210115_000403	Je me suis arrêté ici en sentant la magie. C'est assurément la magie du Beholder.	저도 마침 그 마력을 느끼고 여기서 멈춰섰습니다.{nl}틀림없이 주시자의 마력이군요.	여신 라다
QUEST_LV_0500_20220614_001821	La racine de l'Arbre divin n'est pas une chose dont vous devriez vous soucier.	신수의 뿌리는 너 같은 애송이가 신경 쓸 물건이 아니다.	QUEST_LV_0500_20210115_000440	La racine de l'Arbre divin n'est pas une chose dont vous devriez vous soucier.	신수의 뿌리는 너같은 애송이가 신경쓸 물건이 아니다.	마왕 바이가
QUEST_LV_0500_20220614_001822	Le monde que vous connaissez ne ferait même pas un grain du monde existant. L'humain{nl}mortel qui mourra au terme d'une vie éphémère a une curiosité arrogante.	네 녀석이 알고 있는 세계는 실제 존재하는 세계의 티끌만큼도 안 된다.{nl}고작 순간의 삶을 살다 죽을 필멸의 인간 따위가 건방진 호기심을 가지고 있군.	QUEST_LV_0500_20210115_000441	Le monde que vous connaissez n'est pas même un grain du monde existant. L'humain mortel{nl}qui mourra au terme d'une vie éphémère a une curiosité arrogante.	네 녀석이 알고 있는 세계는 실제 존재하는 세계의 티끌 만큼도 안 된다.{nl}고작 순간의 삶을 살다 죽을 필멸의 인간따위가 건방진 호기심을 가지고 있군.	마왕 바이가
QUEST_LV_0500_20220614_001823	Dans le cas de Ragana, je n'ai pas pu la poursuivre car c'était presque impossible dans la forêt.	라가나는,{nl}숲속에서 그녀를 쫓는 건 거의 불가능한 일이라 놓치고 말았습니다.	QUEST_LV_0500_20210115_000444	Dans le cas de Ragana, je n'ai pas pu la poursuivre car il était presque impossible de la suivre{nl}dans la forêt.	라가나는,{nl}숲 속에서 그녀를 쫓는 건 거의 불가능한 일이라 놓치고 말았습니다.	여신 라다
QUEST_LV_0500_20220614_001824	Très bien. Le rétablissement ne prendra pas trop longtemps.	그러시죠.{nl}회복하는 데 오래 걸리지는 않을 겁니다.	QUEST_LV_0500_20210115_000451	Bien sûr. Le rétablissement ne sera pas long.	그러시죠.{nl}회복하는데 오래 걸리지는 않을 겁니다.	여신 라다
QUEST_LV_0500_20220614_001825	Nous ne faisons de toute façon que notre travail. Vous pouvez y aller en premier, Révélateur.	어차피 우리는 각자가 해야 할 일을 하고 있을 뿐이니,{nl}계시자님께서 먼저 가셔도 괜찮습니다.	QUEST_LV_0500_20210115_000456	Nous ne faisons de toute façon que notre travail, alors vous pouvez y aller en premier.	어차피 우리는 각자가 해야할 일을 하고 있을 뿐이니,{nl}계시자님 께서 먼저 가셔도 괜찮습니다.	여신 라다
QUEST_LV_0500_20220614_001826	La trace de la roue de chariot se dirige vers la Forêt d'Issaugoti.	수레바퀴 자국의 방향이 이사우고티 숲을 향하고 있다	QUEST_LV_0500_20210115_000460	La trace de roue de chariot se dirige vers la Forêt d'Issaugoti.	수레 바퀴 자국의 방향이 이사우고티 숲을 향하고있다	PC
QUEST_LV_0500_20220614_001827	J'ai entendu dire que Singularité de division a été repérée à {#003399}Delmore{/}. Je me rendrai à {#003399}Delmore{/}{nl}dès que j'aurai nettoyé cette zone et que je serai prêt.	지금은 {#003399}델무어{/} 지역에 분열 특이점이 발견되고 있다고 들었어요.{nl}저도 준비가 끝나는대로 여기를 정리하고 {#003399}델무어{/}로 이동할 생각입니다.	QUEST_LV_0500_20220204_001219	Prenez garde de ne pas perdre la vie en vous impliquant dans Singularité de division.{nl}Comportez-vous prudemment dans Singularité de division. C'est un lieu extrêmement{nl}dangereux.	분열 특이점에 휘말려 아까운 목숨을 잃지 않도록 주의하세요.{nl}분열 특이점에서는 행동을 주의하세요. 무척 위험한 장소입니다.	세이지 파견원
QUEST_LV_0500_20220614_001828	Vous pouvez vous rendre directement auprès du commanditaire si vous avez accompli la{nl}requête ou les quêtes de quelqu'un. Cliquez sur l'icône à gauche de la quête dans la liste des{nl}quêtes sous la mini-carte.	누군가의 의뢰나 퀘스트를 완료했다면 의뢰인에게 바로 이동할 수 있어.{nl}미니맵 아래에 있는 퀘스트 목록에서 퀘스트 왼쪽에 띄워져있는 아이콘을 클릭하면 될거야.	QUEST_LV_0500_20220204_001267	Si vous avez accompli la requête ou la quête de quelqu'un, vous pouvez vous rendre{nl}immédiatement auprès du commanditaire. Owynia Dilben doit probablement vous chercher à{nl}l'heure qu'il est.{nl}	누군가의 의뢰나 퀘스트를 완료했다면 의뢰인에게 바로 이동할 수 있어.{nl}아마 지금쯤 오위니아 딜벤이 널 찾을 거야.{nl}	소녀의 환영
QUEST_LV_0500_20220614_001829	Je crois qu'Owynia Dilben doit vous appeler à l'heure qu'il est.{nl}	지금쯤 오위니아 딜벤이 널 찾을 거야.{nl}	ETC_20150317_003683	Retour	되돌아가기	소녀의 환영
QUEST_LV_0500_20220614_001830	Maintenant que vous êtes arrivé ici à Orsha, allez aider Inesa Hamondale, le seigneur de ce lieu,{nl}jusqu'à ce que je vous appelle.	이제 오르샤에 도착했으니 내가 다시 찾을 때까지 오르샤 영주 이네사 헤먼데일 도와줘야 해.	QUEST_LV_0500_20220204_001321	Maintenant que vous êtes arrivé à Orsha, aidez le seigneur d'Orsha jusqu'à ce que je vous trouve,{nl}je vous prie.	이제 오르샤에 도착했으니 내가 다시 찾을 때까지 오르샤 영주를 도와줘야 해.	소녀의 환영
QUEST_LV_0500_20220614_001831	Inesa Hamondale	이네사 헤먼데일				
QUEST_LV_0500_20220614_001832	La princesse Kaonilla m'a parlé de vous. Elle nous a dit d'assister les Révélateurs.	카오닐라 공주님께 연락을 받았습니다.{nl}계시자님들의 편의를 봐달라는 이야기를 전달받았습니다.				이네사 헤먼데일
QUEST_LV_0500_20220614_001833	Avant cela, cependant, nous devons nous assurer que vous êtes bien un Révélateur. Les{nl}imposteurs prolifèrent, voyez-vous. Voulez-vous patienter un instant ?	그러나 계시자를 사칭하는 이가 많아서 잠시 확인이 필요합니다.{nl}조금만 기다려주시겠나요?				이네사 헤먼데일
QUEST_LV_0500_20220614_001834	Toutes mes excuses de vous avoir fait attendre. C'est une procédure nécessaire, et nous{nl}apprécierions votre indulgence.	불편을 끼쳐드려서 죄송합니다.{nl}그러나 필요한 절차인지라 너그럽게 봐주시면 감사하겠습니다.				이네사 헤먼데일
QUEST_LV_0500_20220614_001835	Maintenant qu'il est prouvé que vous êtes le vrai Révélateur voici les objets qui aideront votre{nl}aventure.	계시자님이 진짜 계시자라는 것이 증명되었으니{nl}계시자님의 모험에 도움이 되는 물품을 전달해드려고 합니다.				이네사 헤먼데일
QUEST_LV_0500_20220614_001836	Ceci n'est donné qu'{#FF0000}une seule fois{/}, alors utilisez-le à bon escient.	그러나 {#FF0000}한번 밖에 드릴 수 없는 물품{/}이니 신중하게 쓰시기 바랍니다.				이네사 헤먼데일
QUEST_LV_0500_20220614_001837	Voici votre {#003399}Pack de saut de niveau (Niv.460){/} et votre {#003399}Parchemin d'achèvement de quête - EP12{/}.{nl}Cela vous aidera à devenir puissant.	물품은 {#003399}460레벨 점핑권{/}과 {#003399}에피소드 12 클리어권{/}입니다.{nl}사용하시면 계시자님의 성장에 도움이 되실 겁니다.				이네사 헤먼데일
QUEST_LV_0500_20220614_001838	Ouvrez les {#003399}Hauts Faits{/} en appuyant sur F4 et accomplissez le {#003399}Haut Fait majeur - Quête - [Début{nl}de l'Aventure, Croissance accélérée]{/}. Vous pourrez recevoir les objets dont je viens de parler.{nl}J'espère que cela aidera votre voyage.	F4를 눌러{#003399} 업적{/}에 들어가셔서 {#003399}주요업적 - 퀘스트 - [모험의 시작! 빠른 성장]{/}이라는 업적을 완료해주십시오.{nl}말씀드린 물품을 받으실 수 있을 겁니다.{nl}모험에 큰 도움이 되셨으면 합니다.				이네사 헤먼데일
QUEST_LV_0500_20220614_001839	Officier d'Entrée du Port d'Orsha	오르샤 입항 수속 담당자				
QUEST_LV_0500_20220614_001840	Halte ! Montrez-moi votre 	정지!{nl}신분과 소속을 밝히십시오.				오르샤 입항 수속 담당자
QUEST_LV_0500_20220614_001841	Ce que vous devez emporter est.. Si cela ne vous dérange pas.. Fermez les yeux, je vous prie..	당신이 가져가야 할 게..{nl}괜찮으시다면..{nl}눈을 감아주세요..	QUEST_LV_0500_20210115_000469	Ce que vous devez emporter.. Si cela ne vous dérange pas.. Fermez les yeux, je vous prie..	당신이 가져가야할 게..{nl}괜찮으시다면..{nl}눈을 감아주세요..	라이마
QUEST_LV_0500_20220614_001842	Officier d'Entrée du Port	입항 수속 담당자				
QUEST_LV_0500_20220614_001843	Les recherches ?	수색 작업이요?				입항 수속 담당자
QUEST_LV_0500_20220614_001844	Vous avez raison. Nous fouillons actuellement la zone car des personnes figurant sur la liste des{nl}réfugiés manquent à l'appel du navire venu de l'ambassade de Moroth.	맞습니다.{nl}모로스 공관에서 입항한 배의 피난민 명단에서 일부 인원이 보이지 않아 일대를 수색 중입니다.				입항 수속 담당자
QUEST_LV_0500_20220614_001845	Mais le fait est que nous avons fouillé le navire de fond en comble sans trouver la moindre trace{nl}des disparus. Nous commencions à penser qu'ils n'étaient probablement jamais montés à bord.	하지만, 배를 샅샅이 수색했지만 실종된 인원들의 흔적이 전혀 보이질 않습니다.{nl}애초에 배에 타지 못한 게 아닐까 싶네요.				입항 수속 담당자
QUEST_LV_0500_20220614_001846	Ce sera d'une grande aide si vous, Révélateur, nous aidez.	계시자님께서 도와주신다면 큰 도움이 될 겁니다.				입항 수속 담당자
QUEST_LV_0500_20220614_001847	Au fait, il y avait quelque chose que je voulais demander à quelqu'un de fort et qui peut voyager,{nl}comme vous.	마침, 계시자님처럼 여행이 가능하시고 강한 분께 부탁드리고 싶은 일이 있었습니다.				입항 수속 담당자
QUEST_LV_0500_20220614_001848	Nous avons trouvé quelque chose qui était en possession d'un démon en fouillant le navire{nl}venant de l'ambassade de Moroth.	모로스 공관에서 입항한 배에서 마족의 소지품을 일부 발견했습니다.				입항 수속 담당자
QUEST_LV_0500_20220614_001849	D'après notre enquête, le nom {#003399}	조사해보니 {#003399}				입항 수속 담당자
QUEST_LV_0500_20220614_001850	{/} a été repéré. C'est un nom courant, mais quelque chose semble louche, surtout parce que nous{nl}l'avons trouvé dans les possessions d'un démon.	{/}라는 이름이 언급되더군요.{nl}흔한 인간의 이름인데 아무래도 마족의 소지품에서 발견되어서 의심스럽습니다.				입항 수속 담당자
QUEST_LV_0500_20220614_001851	Enquêtez pour savoir s'il y a un traître parmi les humains, et si cela a un rapport avec la{nl}disparition, je vous prie.	마족과 내통하고 있는 인간이 있는 건 아닌지,{nl}무엇보다 실종 사건과 연관이 있을지 모르니 조사를 부탁드립니다.				입항 수속 담당자
QUEST_LV_0500_20220614_001852	Nous avons déjà mené notre petite enquête nous-mêmes.	계시자님이 오시기 전까지 가능한 조사는 이미 해두었습니다.				입항 수속 담당자
QUEST_LV_0500_20220614_001853	Il y a une certaine Nijole au Plateau de Fasika, au Portail du Grand Roi et à la Côte d'Igti.{nl}Commencez par là, je vous prie.	파사카 협곡과 대왕의 관문, 이기티 연안에 니욜레라는 이름을 가진 사람이 있다고 하니 조사를 부탁드립니다.				입항 수속 담당자
QUEST_LV_0500_20220614_001854	Quoi ? Me présenter ?{nl}	네?{nl}저에 대한 소개요?{nl}				니욜레
QUEST_LV_0500_20220614_001855	Je... je m'appelle Nijole, et je viens de Nestospa. Je porte la foi de croire en la Déesse jusqu'au{nl}bout...{nl} 	제.. 이름은 니욜레고, 네스토스파의 사람이에요.{nl}여신을 끝까지 믿고자 하는 신념을..{nl}				니욜레
QUEST_LV_0500_20220614_001856	Attendez. Qui êtes-vous au juste ?	아니.{nl}그보다 당신은 누구신 거죠?				니욜레
QUEST_LV_0500_20220614_001857	Je vois. Quelle affaire. Je comprends maintenant, mais je n'ai rien à voir avec ce qui s'est passé{nl}là-bas. Cela fait bien longtemps que j'ai quitté cet endroit.	오르샤에서 그런 일이 있었군요.{nl}사정은 이해하겠습니다만, 저는 그 일과는 상관이 없다고 말씀드리고 싶네요.{nl}저는 이곳에 머문 지 오래됐거든요.{nl}				니욜레
QUEST_LV_0500_20220614_001858	Vous pouvez demander autour de vous si vous ne me croyez pas.	믿지 못하시겠다면, 다른 분께 확인해보셔도 괜찮습니다.				니욜레
QUEST_LV_0500_20220614_001859	Mon nom ? Je suis Nijole. Je suis avec les chercheurs ici.	제 이름을 묻는 건가요?{nl}저는 니욜레라고 합니다.{nl}이곳에서 연구원들과 함께하고 있어요.				니욜레
QUEST_LV_0500_20220614_001860	Je ne reste pas toujours ici, mais j'ai passé la majeure partie de ma vie dans les environs. Comme{nl}vous le savez fort bien, il se passe ici beaucoup de choses qui piquent la curiosité d'un chercheur{nl}depuis Medzio Diena.	항상 이곳에 머물고 있지는 않지만, 이 일대에서 대부분의 일생을 보냈죠.{nl}아시겠지만 신수의 날 이후로는 연구원의 호기심을 자극할만한 것들이 더 많아졌죠.{nl}				니욜레
QUEST_LV_0500_20220614_001861	Je suis désolé pour ceux qui ont disparu. J'espère qu'ils sont tous saufs.	실종자들의 일은 유감입니다.{nl}모두 무사하길 바랄게요.				니욜레
QUEST_LV_0500_20220614_001862	Je suis Nijole. Une Loremaster, au service de la Déesse Jurate.	제 이름은 니욜레입니다.{nl}유라테 여신을 모시는 전승자이죠.				니욜레
QUEST_LV_0500_20220614_001863	Des gens ont disparu du navire entré à Orsha ? Et un nom identique au mien est sorti des{nl}possessions du démon, je vois. 	오르샤에 입항한 배에서 실종자가 발생했다는 말씀이신가요?{nl}숨어든 마족의 소지품에서 저와 같은 이름이 언급되었다는 말씀이시군요.				니욜레
QUEST_LV_0500_20220614_001864	Vous voulez donc dire que deux navires ont quitté l'ambassade de Moroth, et que des réfugiés{nl}sont montés dans le mauvais et ont été attaqués par le démon.	모로스에서 출발한 배가 두 개였고,{nl}이쪽 배에 탔어야 할 피난민들이 착오로 다른 배에 승선했다가 마족의 습격을 받았다는 말씀이시군요.				입항 수속 담당자
QUEST_LV_0500_20220614_001865	Alors, qui était cette personne appelée « Nijole » ?	그럼 그, 니욜레라는 인물의 정체는 무엇이었나요?				입항 수속 담당자
QUEST_LV_0500_20220614_001866	Pardon ? Vous voulez dire que ce n'est qu'une herbe ?	네?{nl}약초라는 말씀입니까?				입항 수속 담당자
QUEST_LV_0500_20220614_001867	Ma foi, cela n'a servi à rien..	허무하네요..				입항 수속 담당자
QUEST_LV_0500_20220614_001868	Je rapporterai que nous vous avons demandé, Révélateur, de secourir les disparus.	그럼 실종자들의 구출은 계시자님께 의뢰하였다고 상부에 보고하겠습니다.				입항 수속 담당자
QUEST_LV_0500_20220614_001869	Tout s'est-il bien passé ?{nl}	잘 처리하고 오셨나요?{nl}				니욜레
QUEST_LV_0500_20220614_001870	Une... herbe ? Et ont-ils gobé cette excuse ?{nl}	약초.. 말입니까?{nl}그걸 믿던가요?{nl}				니욜레
QUEST_LV_0500_20220614_001871	{nl}Peu importe. Ce n'est pas cela l'important.{nl}{nl}Êtes-vous prêt ?	{nl}상관은 없습니다.{nl}중요한 건 그 부분이 아니니.{nl}{nl}준비 되셨습니까?				니욜레
QUEST_LV_0500_20220614_001872	Accomplissez la requête en cachant la présence du dieu démon Nijole à la personne qui vous a{nl}demandé d'enquêter. Après cela nous entrerons dans le domaine de la Déesse Jurate.	오르샤에서 당신께 이 일을 의뢰한 자에게 마신 니욜레의 존재를 숨길 수 있도록 처리하고 오십시오.{nl}그 후에 유라테 여신의 영역으로 들어가도록 하죠.				니욜레
QUEST_LV_0500_20220614_001873	N'étiez-vous pas parti ? S'il vous reste le moindre doute, comprenez qu'il s'agit d'un malentendu,{nl}je vous prie.	아직 이곳에 계셨군요.{nl}저를 계속 의심하고 계신다면 오해라는 점을 알아주시길 바랍니다.				니욜레
QUEST_LV_0500_20220614_001874	Je comprends que votre mission soit importante, mais j'espère que vous ne me prendrez pas{nl}trop de temps. Je suis vraiment, vraiment occupé en ce moment.	당신의 임무가 중요한 건 알겠지만,{nl}더는 저의 시간을 빼앗지 않으셨으면 좋겠네요.{nl}정말 정말 바쁘거든요.				니욜레
QUEST_LV_0500_20220614_001875	Révélateur de Moroth (15)	모로스의 계시자(15)				
QUEST_LV_0500_20220614_001876	Ce n'est rien.	아무것도 아니라고 한다.				
QUEST_LV_0500_20220614_001877	Les Personnes Disparues	실종된 인원				
QUEST_LV_0500_20220614_001878	J'aiderai aux recherches	수색을 돕겠다고 한다				
QUEST_LV_0500_20220614_001879	Ce ne sont pas mes affaires	신경끈다				
QUEST_LV_0500_20220614_001880	Ceux Nommés Nijole (1)	동명이인의 니욜레 (1)				
QUEST_LV_0500_20220614_001881	Ceux Nommés Nijole (2)	동명이인의 니욜레 (2)				
QUEST_LV_0500_20220614_001882	Je suis désolé de vous avoir soupçonné	의심해서 미안하다고 한다				
QUEST_LV_0500_20220614_001883	(Garder le Silence)	침묵한다				
QUEST_LV_0500_20220614_001884	Ceux Nommés Nijole (3)	동명이인의 니욜레 (3)				
QUEST_LV_0500_20220614_001885	Emprise Engloutissante (1)	가라앉는 나포선 (1)				
QUEST_LV_0500_20220614_001886	Que signifie ce silence ?	침묵의 의미에 대해 묻는다				
QUEST_LV_0500_20220614_001887	Emprise Engloutissante (2)	가라앉는 나포선 (2)				
QUEST_LV_0500_20220614_001888	Pas encore	아직이라고 한다				
QUEST_LV_0500_20220614_001889	Parler à l'Officier d'Entrée d'Orsha	오르샤 수속 담당자와 이야기하기				
QUEST_LV_0500_20220614_001890	Vous êtes arrivé à Orsha depuis l'ambassade de Moroth.{nl} L'Illusion de la Fille vous a dit d'aider le seigneur d'Orsha.{nl}Parlez à l'officier d'entrée d'Orsha pour découvrir où se trouve Inesa.	모로스 공관에서 오르샤로 도착했다. {nl} 소녀의 환영은 영주를 도우라고 했다. {nl} 입항 수속자에게 말을 걸어 이네사의 위치에 대해서 물어보자.				
QUEST_LV_0500_20220614_001891	Une fois que vous avez révélé être le Révélateur, l'officier d'entrée vous a aimablement indiqué où trouver Inesa.{nl}Parlez au seigneur d'Orsha Inesa Hamondale.	수속 담당자는 계시자인 것을 밝히자 친절하게 영주의 위치에 대해서 알려주었다.{nl}오르샤의 영주 이네사 헤먼데일과 이야기를 하자.				
QUEST_LV_0500_20220614_001892	Parler à Inesa Hamondale	이네사 헤먼데일과 이야기하기				
QUEST_LV_0500_20220614_001893	Croyant que vous êtes un Révélateur, Inesa a décidé de vous apporter le soutien dont vous avez besoin.{nl}Parlez à Inesa.	우리가 계시자임을 안 이네사는 우리에게 필요한 지원을 해주기로 한다.{nl}이네사와 이야기하자.				
QUEST_LV_0500_20220614_001894	Raid de la Déesse	가디스 레이드 				
QUEST_LV_0500_20220614_001895	Saisie Engloutie	 가라앉는 나포선				
QUEST_LV_0500_20220614_001896	Trouver l'Officier d'Entrée du Port d'Orsha	오르샤의 입항 수속 담당자를 찾기				
QUEST_LV_0500_20220614_001897	L'officier d'entrée du port d'Orsha cherche les réfugiés disparus.{nl}Découvrez ce qui se passe et aidez l'officier d'entrée du port.	오르샤로 들어오는 선박들의 입항 수속 담당자가 실종된 피난민들을 수색하고 있다고 합니다.{nl}무슨 일이 있는지 파악하고 입항 수속 담당자를 도우세요.				
QUEST_LV_0500_20220614_001898	Trouver Nijole au Plateau de Fasika et enquêter 	파사카 협곡에서 니욜레를 찾아 조사하기				
QUEST_LV_0500_20220614_001899	Dans le navire où des gens ont disparu, un démon s'est glissé à l'intérieur. Nous avons trouvé le nom	실종자가 발생한 배에 숨어든 마족이 있었고 해당 마족의 소지품 일부에서 				
QUEST_LV_0500_20220614_001900	 de la possession du démon.{nl}	라는 이름이 언급되었습니다.{nl}				
QUEST_LV_0500_20220614_001901	 est un nom courant mais l'officier d'entrée du port y trouve quelque chose de louche, surtout parce qu'il provient des possessions d'un démon.{nl}Vous devez enquêter pour découvrir qui est Nijole. D'abord, rendez visite à Nijole au Plateau de Fasika et enquêtez.	는 흔한 인간의 이름이지만, 입항 수속 담당자는 마족에게 언급되어 의심스러운 부분이 있다고합니다.{nl}니욜레의 정체를 알아내기 위해 조사가 필요합니다. 먼저 파사카 협곡에 있는 니욜레를 찾아가 조사하세요.				
QUEST_LV_0500_20220614_001902	Parler à Nijole au Plateau de Fasika	파사카 협곡의 니욜레와 대화하기				
QUEST_LV_0500_20220614_001903	Vous avez trouvé Nijole au Plateau de Fasika.{nl}Parlez à Nijole au Plateau de Fasika.	파사카 협곡에서 니욜레를 찾았습니다.{nl}파사카 협곡의 니욜레와 대화하세요				
QUEST_LV_0500_20220614_001904	Trouver Nijole au Portail du Grand Roi et enquêter	대왕의 관문에서 니욜레를 찾아 조사하기				
QUEST_LV_0500_20220614_001905	La Nijole du Plateau de Fasika n'avait rien à voir avec cet incident.{nl}Trouvez Nijole au Portail du Grand Roi et enquêtez.	파사카 협곡에서 찾은 니욜레라는 사람은 적어도 이번 사건과는 연관이 없었습니다.{nl}다음은 대왕의 관문에서 니욜레를 찾아 조사하세요				
QUEST_LV_0500_20220614_001906	Parler à Nijole au Portail du Grand Roi	대왕의 관문의 니욜레와 대화하기				
QUEST_LV_0500_20220614_001907	Vous avez trouvé Nijole au Portail du Grand Roi.{nl}La Nijole du Portail du Grand Roi s'est présentée comme chercheuse.{nl}Parlez à Nijole	대왕의 관문에서 니욜레를 찾았습니다.{nl}대왕의 관문에 있는 니욜레는 자신을 연구원이라고 소개했습니다.{nl}니욜레와 대화하세요				
QUEST_LV_0500_20220614_001908	Trouver Nijole à la Côte d'Igti et enquêter	이기티 연안에서 니욜레를 찾아 조사하기				
QUEST_LV_0500_20220614_001909	La Nijole du Portail du Grand Roi ne semble pas non plus avoir de rapport avec cet incident.{nl}Trouvez Nijole à la Côte d'Igti et enquêtez une dernière fois.	대왕의 관문에서 찾은 니욜레도 이번 사건과는 연관성이 없어보입니다.{nl}마지막으로 이기티 연안에 있다는 니욜레를 찾아가세요.				
QUEST_LV_0500_20220614_001910	Parler à la Maître du Savoir Nijole à la Côte d'Igti	이기티 연안의 전승자 니욜레와 대화하기				
QUEST_LV_0500_20220614_001911	Vous avez trouvé la Maître du savoir Nijole à la Côte d'Igti, qui sert la{nl}Déesse Jurate{nl}Parlez à la Maître du savoir Nijole	이기티 연안에서 유라테 여신을 모시는 전승자 니욜레를 찾았습니다{nl}전승자 니욜레와 대화하세요				
QUEST_LV_0500_20220614_001912	Parler à l'Officier d'Entrée du Port d'Orsha	오르샤의 입항 수속 담당자와 대화하기				
QUEST_LV_0500_20220614_001913	Vous avez reçu une prophétie de la Déesse Jurate par l'intermédiaire de la Maître du savoir Nijole.{nl}Comme la Déesse Jurate vous a dit de garder la vérité pour vous, allez donner les informations superficielles à l'officier d'entrée du port.	전승자 니욜레를 통해 유라테 여신으로부터 신탁을 받았습니다.{nl}유라테 여신은 사건의 진상에 대해 함구하라 하였으니, 필요한 부분만 입항 수속 담당자에게 보고하세요.				
QUEST_LV_0500_20220614_001914	Retourner Voir Nijole à la Côte d'Igti	이기티 연안의 니욜레에게 돌아가기				
QUEST_LV_0500_20220614_001915	Vous avez inventé une histoire à raconter à l'officier d'entrée du port d'Orsha.{nl}Il avait l'air plutôt mal à l'aise, mais heureusement, il ne semble pas soupçonneux.{nl}Retournez voir Nijole à la Côte d'Igti	오르샤 입항 수속 담당자에게는 적당히 이야기를 둘러댔습니다{nl}입항 수속 담당자는 다소 찜찜한 기분을 내비쳤지만, 다행히 의심은 없어보입니다{nl}이기티 연안의 니욜레에게 돌아가세요				
QUEST_LV_0500_20220614_001916	Achever Raid de la Déesse : Saisie engloutie	가디스 레이드 : 가라앉는 나포선 완료하기				
QUEST_LV_0500_20220614_001917	Allez vaincre Nijole en suivant le chemin qu'elle a ouvert à la Côte d'Igti{nl}Vous devez achever Raid de la Déesse : Saisie engloutie une fois, quelle{nl}que soit la difficulté.	이기티 연안에서 니욜레가 열어준 길을 따라 젤리젤을 처치하러 가십시오{nl}가디스 레이드 : 가라앉는 나포선을 난이도에 상관 없이 1회 완료하여야 합니다				
QUEST_LV_0500_20220823_001918	Je me sens un peu soulagé de voir que je suis arrivé sain et sauf.	무사히 도착한 것을 보니 조금 안심이 되는군.				대장군 라민
QUEST_LV_0500_20220823_001919	Après avoir eu des indices et traqué l'endroit où se trouve le Beholder, j'ai découvert qu'il se{nl}cachait quelque part ici.	주시자가 사라진 곳에 대한 단서를 얻고 추적한 결과, 이 곳 어딘가에 놈이 숨었다는 사실을 알았다.				대장군 라민
QUEST_LV_0500_20220823_001920	Il est trop dangereux d'engager des soldats à grande échelle car cet endroit est comme un lieu{nl}secret créé par le seigneur Delmore.	이 곳은 델무어 영주가 만든 비밀의 장소 같은 곳이라{nl}대규모로 병사들을 투입하는 것은 너무 위험하다고 판단했다.				대장군 라민
QUEST_LV_0500_20220823_001921	Voilà pourquoi je n'ai demandé qu'à Pajauta, vous et quelques soldats de venir.	그래서 파야우타와 자네 그리고 소수의 병사들만 오라고 했다.				대장군 라민
QUEST_LV_0500_20220823_001922	Je suis sûr que le Beholder est ici. Cherchons où il se cache.	이 곳에 주시자가 있는 것은 분명해.{nl}그러나 어디에 숨었는지는 지금부터 수색해야겠지.				대장군 라민
QUEST_LV_0500_20220823_001923	Quand vous serez prêt à écraser ses ambitions, avançons.	놈의 야욕을 부술 준비가 되었다면 움직여 보자.				대장군 라민
QUEST_LV_0500_20220823_001924	Quelque chose ne va pas.	심상치 않아.				대장군 라민
QUEST_LV_0500_20220823_001925	Qu'est-ce que le Beholder essaie de faire ici ?	주시자는 도대체 이곳에서 무엇을 하려는 거지? 				대장군 라민
QUEST_LV_0500_20220823_001926	Ce n'est pas bon. S'il n'y a pas de conclusion ici...	어쩐지 불길해. 여기서조차 결론이 나지 않는다면…				대장군 라민
QUEST_LV_0500_20220823_001927	Les soldats sont agités. Je partirai après avoir calmé les soldats. Examinez le signe qui vient de se{nl}produire avec Pajauta, je vous prie.	병사들이 동요하고 있다.{nl}나는 병사들을 진정시킨 뒤에 출발할테니{nl}파야우타와 방금 전 징조에 대해 조사해 주겠나?				대장군 라민
QUEST_LV_0500_20220823_001928	J'imagine qu'il y avait des rumeurs parmi les soldats.	병사들 사이에서 흉흉한 말들이 돌았나봐.				파야우타
QUEST_LV_0500_20220823_001929	C'est l'un des devoirs du général de calmer les soldats agités.	불안해 하는 병사들을 진정시키는 일도 대장군님의 임무겠지.				파야우타
QUEST_LV_0500_20220823_001930	Alors, faisons bien notre travail nous aussi ! Pendant que j'inspecte la zone, restez ici et éliminez{nl}les monstres alentour.	그러니 우리도 우리의 임무를 잘 해내자!{nl}나는 주변을 정찰할테니까 계시자 너는 그쪽 주변 몬스터들을 정리해줘.				파야우타
QUEST_LV_0500_20220823_001931	Il n'y a pas beaucoup de temps. Faisons vite notre part.	이러고 있을 때가 아니야.{nl}빨리 각자 할 일을 하자.				파야우타
QUEST_LV_0500_20220823_001932	On dirait que le général Ramin a fini de réorganiser les soldats. Allons-y !	라민 대장군님이 병사들의 재정비를 마친 거 같아.{nl}이제 가 보자!				파야우타
QUEST_LV_0500_20220823_001933	D'abord, j'ai fait un pas vers les soldats agités.	우선 동요하는 병사들에게는 적당한 조치를 취했다.				대장군 라민
QUEST_LV_0500_20220823_001934	Commençons l'enquête. Êtes-vous prêt ?	이제 조사를 시작하도록 하지.{nl}준비는 되었나?				대장군 라민
QUEST_LV_0500_20220823_001935	Cependant, nous n'avons pas assez d'informations pour avancer avec des soldats agités. D'abord,{nl}je retournerai à Orsha pour réorganiser les soldats, et obtenir des informations du seigneur{nl}Inesa.	그러나 동요하는 병사들을 두고 이동하기에는 정보가 너무 부족하다.{nl}난 우선 다시 오르샤로 돌아가 병사를 정돈하고,{nl} 이네사 영주로부터 정보를 구해서 돌아오지.				대장군 라민
QUEST_LV_0500_20220823_001936	D'ici là, récoltez toutes les informations possibles avec Pajauta, je vous prie.	그때까지 파야우타와 함께 최대한 모을 수 있는 정보를 모아주게.				대장군 라민
QUEST_LV_0500_20220823_001937	Jusqu'au retour du général Ramin d'Orsha, mieux vaut faire ce que nous pouvons.	라민 대장군님이 오르샤에 다녀오실 동안 우리는 우리가 할 수 있는 일을 하는 게 좋겠어.				파야우타
QUEST_LV_0500_20220823_001938	J'ai regardé autour pendant que vous chassiez les monstres et il y avait des traces rouges ici et là.	네가 몬스터를 잡고 있는 동안 주변을 조사했는데,{nl}여기저기에서 붉은 흔적 같은 것이 있었어.				파야우타
QUEST_LV_0500_20220823_001939	Ceci… ressemble au Kruvina d'il y a bien longtemps. J'ai senti chez eux une onde magique{nl}semblable à la vibration de tout à l'heure. Pourriez-vous découvrir s'il existe une sorte de cristal{nl}qui émet des traces rouges comme celle-ci dans la Zone d'attente de Liepsnos ? Je me pencherai{nl}sur les traces rouges que j'examine déjà.	이건 … 오래 전의 크루비나 같은 느낌이야. 그것들에서 방금 전 진동과 비슷한 마력 파장 같은 게 느껴졌거든. 너는 라이프스노스 대기실에 혹시 이런 붉은 흔적을 뿜는 수정 같은 게 있나 알아봐줄래?{nl}난 내가 조사한 붉은 흔적들을 좀 살펴봐야겠어.				파야우타
QUEST_LV_0500_20220823_001940	À en juger par ces traces, cela ressemble à du Kruvina...	이 흔적들을 볼 때, 이건 크루비나 같아보이는데..				파야우타
QUEST_LV_0500_20220823_001941	J'imagine que j'avais raison, en vous voyant venir de cette direction. Donnez-moi ces cristaux{nl}rouges.	그쪽에서 돌아오는 걸 보니 역시, 예상이 맞았네. {nl}그 붉은 수정들을 줘봐.				파야우타
QUEST_LV_0500_20220823_001942	Exactement comme je m'y attendais, le cristal rouge que vous avez apporté est lié au {#003399}Kruvina{/}.	네가 가져온 붉은 수정들은 내 예상대로, {#003399}크루비나{/}와 관련된 게 틀림없어.				파야우타
QUEST_LV_0500_20220823_001943	Si votre prédiction est juste, les monstres autour du centre de la salle d'attente auront aussi ces{nl}cristaux rouges plantés en eux. Si vous suivez ce chemin, vous pourriez rencontrer le Beholder.	네 예상이 맞다면, 대합실 중앙 주변의 몬스터들에게도 이 붉은 수정들이 박혀있을거고,{nl}그 길을 따라 가면 주시자놈을 만날 수 있겠는걸?				파야우타
QUEST_LV_0500_20220823_001944	Retrouvons-nous après avoir vaincu les monstres en chemin pour leur récolter les cristaux. Ce{nl}cristal rouge sera utile.	길을 따라 몬스터들을 잡아서 수정들을 모은 뒤에 만나자.{nl}이 붉은 수정이 쓸모가 있을 거야.				파야우타
QUEST_LV_0500_20220823_001945	Vous êtes venu tout de suite. Maintenant, les cristaux que vous avez apportés aideront à ouvrir{nl}cette barrière.	역시 바로 찾아왔네.{nl}이제 네가 가져온 수정들이 이 결계를 여는 데 도움이 될 것 같아.				파야우타
QUEST_LV_0500_20220823_001946	Approchons-nous de la barrière.	한 번 결계에 다가가 볼까?				파야우타
QUEST_LV_0500_20220823_001947	Si le cristal rouge est vraiment du Kruvina pur, et que la barrière est celle du Beholder, nous{nl}pourrions peut-être briser la barrière... !	붉은 수정이 정말 순수한 크루비나라면,{nl}그리고 저 결계가 주시자의 결계라면 결계를 부술 수 있을거야…!				파야우타
QUEST_LV_0500_20220823_001948	Allez-y.	어서 한 번 가봐.				파야우타
QUEST_LV_0500_20220823_001949	Beau travail. Avez-vous découvert quelque chose ?	고생했다.{nl}무언가 수확이 있었나?				대장군 라민
QUEST_LV_0500_20220823_001950	C'est un parchemin. Bien sûr. La réponse est toujours près de la question.	그건 스크롤이군.{nl}역시. 언제나 해답은 문제의 근처에 있는 법.				대장군 라민
QUEST_LV_0500_20220823_001951	Maintenant, retirons cette barrière avec ce parchemin. Ce sera votre travail. Je monterai la{nl}garde.	이제 그 스크롤을 이용해서 저 결계를 해제하는 것이다.{nl}그 역할은 자네가 해 주게.{nl}난 뒤에서 주변을 살피도록 하지.				대장군 라민
QUEST_LV_0500_20220823_001952	Retirez la barrière, je vous prie. Votre énergie divine suffira à faire réagir le parchemin.	결계를 해제해 주게.{nl}아마 자네의 신성력이라면 충분히 스크롤이 반응할거다.				대장군 라민
QUEST_LV_0500_20220823_001953	La barrière est retirée. Marchez vers le passage caché.	결계가 해제되었군.{nl}숨겨진 통로로 진군한다.				대장군 라민
QUEST_LV_0500_20220823_001954	Le Beholder a dû activer la barrière après être entré ici par la Zone d'attente. Entrons.	주시자는 대합실을 통해서 이 곳으로 진입한 뒤 결계를 작동해 두었을 것이다.{nl}안쪽으로 들어가 보자.				대장군 라민
QUEST_LV_0500_20220823_001955	Mauvaise impression ici... Vous devez trouver et détruire le Beholder ici...	기분나쁜 기운이군....{nl}이 곳에서 반드시 주시자를 찾아 없애야 한다....				대장군 라민
QUEST_LV_0500_20220823_001956	D'après les informations d'Orsha, Rephaim de Delmore a installé des dispositifs de contrôle{nl}magique en divers endroits au cas où il perdrait le contrôle du pouvoir du Kruvina.	오르샤에서 들은 정보에 의하면,{nl}이 곳에는 아마도 델무어 르바임이 자신이 크루비나의 힘을 제어할 수 없을 때를 대비해서{nl}곳곳에 마력 제어장치를 만들어 두었다는 것이다.				대장군 라민
QUEST_LV_0500_20220823_001957	Que le Beholder les ait utilisés ou non, il serait bon de trouver le dispositif de contrôle et un{nl}moyen de maîtriser leur magie. Pour préparer la suite et sécuriser un chemin vers les{nl}profondeurs.	주시자가 그 장치들을 이용했는지의 여부와는 관계없이,{nl}우선 나중을 대비하고 심부로의 길을 확보하기 위해{nl}그 제어장치들을 찾아 마력을 제어할 방도를 만들어 두면 좋을 것이다.				대장군 라민
QUEST_LV_0500_20220823_001958	Voici la carte qui indique l'emplacement du dispositif de contrôle...	제어 장치의 위치를 표시한 지도를 여기 받아왔는데…				대장군 라민
QUEST_LV_0500_20220823_001959	Un monstre attaque juste au moment où j'ouvre la carte avec l'emplacement du dispositif de{nl}contrôle... Est-ce une coïncidence ?	제어 장치가 표시된 지도를 펼치는 순간에 몬스터의 습격이라니....{nl}우연인가?				대장군 라민
QUEST_LV_0500_20220823_001960	Quoi qu'il en soit, puisque nous avons arrêté l'attaque, laissez-moi vous parler du dispositif de{nl}contrôle magique.	어쨌든 습격을 막았으니 마력 제어 장치에 대한 설명을 하도록 하지.				대장군 라민
QUEST_LV_0500_20220823_001961	Nous devons maintenant contrôler 4 dispositifs de contrôle magique.	우리는 이제 이 4개의 마력 제어 장치를 조작해야만 한다.				대장군 라민
QUEST_LV_0500_20220823_001962	Le premier dispositif de contrôle magique est au Vestibule de Delmore. Allez vérifier.	첫번째 마력 제어 장치는 델무어 연결로 쪽에 있으니 자네가 확인 해 보도록.				대장군 라민
QUEST_LV_0500_20220823_001963	Pour l'autre côté, allez-y, Pajauta.	다른 쪽은 파야우타 자네가 다녀오게.				대장군 라민
QUEST_LV_0500_20220823_001964	Rendez-vous au premier dispositif marqué sur cette page et activez-le. L'emplacement est{nl}marqué sur la carte.	이 쪽에 표시된 첫 번째 장치로 가서 작동을 시켜라.{nl}위치는 지도에 표시되어 있다.				대장군 라민
QUEST_LV_0500_20220823_001965	Le dispositif de contrôle n'a pas fonctionné ? Peut-être a-t-il épuisé son pouvoir magique après{nl}être resté longtemps inutilisé.	제어 장치가 작동하지 않았다는 것인가?{nl}아마도 오랜 시간 사용하지 않아서 마력이 떨어진 모양이군. 				대장군 라민
QUEST_LV_0500_20220823_001966	En prévision d'une telle situation, le seigneur d'Orsha a donné son pendentif. On dit que malgré{nl}sa petite taille, ce pendentif peut contenir une grande quantité de pouvoir magique.	이런 상황을 대비해서 오르샤의 영주가 자신의 펜던트를 내주었다.{nl}작은 펜던트지만 대량의 마력을 주입할 수 있다고 한다.				대장군 라민
QUEST_LV_0500_20220823_001967	Si vous vainquez les monstres alentour et injectez le pouvoir magique dans le pendentif, vous{nl}pourrez de nouveau manœuvrer le dispositif de contrôle.	주변의 몬스터들을 처치해서 펜던트에 마력을 주입해 두면 제어 장치를 다시 가동할 수 있을 것이다.				대장군 라민
QUEST_LV_0500_20220823_001968	Vaincre les ennemis alentour et remplir le pendentif de pouvoir magique.	이 일대에 있는 몬스터를 잡아 펜던트에 마력을 채우면 된다.				대장군 라민
QUEST_LV_0500_20220823_001969	Parfait. Cela fera l'affaire.	훌륭하군.{nl}이 정도면 제어 장치가 작동할 것이다.				대장군 라민
QUEST_LV_0500_20220823_001970	Le pendentif semble contenir assez de pouvoir magique. Apportez-le au dispositif de contrôle et{nl}activez-le.	펜던트에 마력이 충분히 모인 듯 하다.{nl}이제 그걸 가지고 다시 제어 장치로 가서 작동시키도록.				대장군 라민
QUEST_LV_0500_20220823_001971	Le dispositif de contrôle magique s'est-il activé ?	마력 제어 장치는 작동되었나?				대장군 라민
QUEST_LV_0500_20220823_001972	Le premier dispositif de contrôle magique est activé.	첫 번째 마력 제어 장치가 작동되었군.				대장군 라민
QUEST_LV_0500_20220823_001973	Bien sûr. Il semble que la désagréable sensation de pression intense ait un peu disparu après{nl}l'activation du dispositif de contrôle. Vous avez fait du bon travail.	역시. 제어장치가 작동되니 기분 나쁜 위압감이 조금 사라진 것 같다.{nl}수고했다.				대장군 라민
QUEST_LV_0500_20220823_001974	Il est temps d'activer le reste des dispositifs de contrôle magique. Enfin... On dirait que c'est juste{nl}après l'Esplanade centrale.	그럼 이제 나머지 마력 제어 장치를 작동시킬 차례다.{nl}어디… 중앙 광장을 넘어가면 있는 모양이군.				대장군 라민
QUEST_LV_0500_20220823_001975	Rejoindre Pajauta à l'Esplanade centrale et y aller ensemble.	중앙 광장에서 파야우타와 합류해서 간다.				대장군 라민
QUEST_LV_0500_20220823_001976	Ça va ?	괜찮나?				대장군 라민
QUEST_LV_0500_20220823_001977	Le dernier du Beholder doit être...	주시자의 마지막은 반드시…….				대장군 라민
QUEST_LV_0500_20220823_001978	Oh, je dois parler au général Ramin. Pouvons-nous avoir une minute seuls ?	아, 나는 잠시 라민 대장군님이랑 할 이야기가 있어.{nl}자리를 좀 비켜주지 않을래? 				파야우타
QUEST_LV_0500_20220823_001979	Se faire prendre en embuscade en baissant sa garde un instant... Quelle honte.	잠시 방심한 사이에 기습을 당하다니...{nl}대장군으로서 부끄럽군.				대장군 라민
QUEST_LV_0500_20220823_001980	Quoi qu'il en soit, activons vite le dispositif de contrôle et poursuivons le Beholder.	어쨌든 빨리 제어 장치를 작동하고 주시자를 추격하도록 하지.				대장군 라민
QUEST_LV_0500_20220823_001981	Je reviendrai après avoir vérifié l'état des soldats. S'il se passe quelque chose, parlez à Pajauta.	난 잠시 병사들의 상태를 확인하고 오겠다.{nl}무슨 일이 생기면 파야우타와 이야기를 하도록.				대장군 라민
QUEST_LV_0500_20220823_001982	J'ai presque senti le second dispositif de contrôle magique fonctionner aussitôt ! Beau travail !	두 번째 마력 장치가 작동한게 바로 느껴질 정도였어!{nl}고생했어!				파야우타
QUEST_LV_0500_20220823_001983	Le dernier dispositif de contrôle magique devrait aller. Le pouvoir magique du pendentif est{nl}encore suffisant. Activons le dernier dispositif de contrôle magique tout de suite.	펜던트의 마력도 아직 충분한 걸 보니 마지막 마력 제어 장치는 문제 없을거야.{nl}바로 마지막 마력 장치를 작동해보자.				파야우타
QUEST_LV_0500_20220823_001984	Les choses avancent bien. Maintenant...	일이 차근차근 진행되고 있어.{nl}이대로 놈을…				파야우타
QUEST_LV_0500_20220823_001985	Qu'étaient cette vibration et ce bruit assourdissant ? Général Ramin, les avez-vous entendus ?	방금 진동이랑 굉음은 뭐지?{nl}라민 대장군님은 들으셨나요?				파야우타
QUEST_LV_0500_20220823_001986	Quel était ce bruit assourdissant ?	방금 전 굉음은 뭐지?				대장군 라민
QUEST_LV_0500_20220823_001987	Le bruit assourdissant venait de l'activation du dernier dispositif de contrôle magique ?{nl}Dirigeons-nous vers l'Esplanade centrale, la source du son.	마지막 마력 제어 장치를 작동시켰더니 이런 굉음이 발생했다고?{nl}일단 소리의 근원인 중앙 광장 쪽으로 가보자.				대장군 라민
QUEST_LV_0500_20220823_001988	Enfin arrivé à la Salle d'assemblée où se cache le Beholder. Nous pouvons préciser{nl}l'emplacement du Beholder. J'imagine qu'il prépare quelque chose ici.	드디어 주시자가 숨어있는 의사당에 도착했다.{nl}주시자가 있는 위치는 특정할 수 있다.{nl}녀석은 여기서 무언가를 꾸미고 있는 모양이야.				대장군 라민
QUEST_LV_0500_20220823_001989	Il y a une barrière là où le Beholder se trouve probablement. Je n'ai pas eu de nouvelles du{nl}seigneur depuis ici.	일단 주시자가 있을 법한 곳에 결계가 있다.{nl}여기서부터는 나도 영주에게 들은 것이 없다.				대장군 라민
QUEST_LV_0500_20220823_001990	Révélateur, votre pouvoir peut détruire la barrière. Détruisez la barrière.	계시자, 너의 힘이라면 결계를 파괴할 수도 있을지 모른다.{nl}결계를 파괴해봐라.				대장군 라민
QUEST_LV_0500_20220823_001991	Le temps nous manque. Dépêchez-vous de détruire la barrière.	시간은 일각을 다투고 있다.{nl}어서 결계를 파괴해라.				대장군 라민
QUEST_LV_0500_20220823_001992	Cela ne peut même pas être détruit par l'énergie divine de celui qui a reçu la révélation... ?{nl}Pajauta, il doit y avoir un autre moyen.	한 때 계시를 받은 자의 신성력으로도 파괴는 힘들다는 건가…{nl}파야우타, 무언가 방법이 없나?				대장군 라민
QUEST_LV_0500_20220823_001993	Je l'ai senti depuis la salle d'attente… Il y a aussi ici un Kruvina que je croyais disparu depuis{nl}longtemps, et ce Kruvina n'a guère réagi à la barrière. On dirait que quelque chose de plus{nl}puissant... garde cette barrière magique.	내가 대합실에서부터 느꼈지만…{nl}이 곳에 오래 전 모두 사라진 줄 알았던 크루비나도 있고, 그 크루비나가 결계에 큰 반응도 없었거든.{nl}뭔가 더 엄청난 힘이… 이 마법 장벽을 지키고 있는 것 같았어.				파야우타
QUEST_LV_0500_20220823_001994	J'ai fait des recherches en espérant m'être trompé, mais... 	내 예상이 틀리길 바라면서 조사를 해봤는데...				파야우타
QUEST_LV_0500_20220823_001995	C'est...	이건…				파야우타
QUEST_LV_0500_20220823_001996	{#003399}Mirtinas{/}.	{#003399}머티니스{/}야.				파야우타
QUEST_LV_0500_20220823_001997	Je pensais que tout était détruit...	분명 모두 파괴되었다고 알고 있었는데....				파야우타
QUEST_LV_0500_20220823_001998	J'imagine qu'il y a plusieurs {#003399}Mirtinas{/} comme celui-ci, et que ce pouvoir maintient la barrière.	이런 {#003399}머티니스{/}가 몇 개 있고, 그 힘 때문에 장벽이 사라지지 않는거지. 				파야우타
QUEST_LV_0500_20220823_001999	Nous devons trouver le {#003399}Mirtinas{/} et le détruire.	그 {#003399}머티니스{/}를 찾아서 파괴해야 해.				파야우타
QUEST_LV_0500_20220823_002000	Le {#003399}Mirtinas{/} doit être détruit une fois trouvé.	{#003399}머티니스{/}를 찾으면 반드시 파괴하자.				파야우타
QUEST_LV_0500_20220823_002001	.... Pajauta...	....{nl}파야우타...				대장군 라민
QUEST_LV_0500_20220823_002002	La destruction du monde... Le Beholder préparait une chose si terrible... Nous devons faire{nl}quelque chose.	세상의 파멸....{nl}주시자는 이런 끔찍한 것을 계획하고 있었다니....{nl}이러고 있을 때가 아니다.				대장군 라민
QUEST_LV_0500_20220823_002003	Arrêtons le plan du Beholder, et sauvons Pajauta.	주시자의 계략을 막고, 파야우타를 구해낸다.				대장군 라민
QUEST_LV_0500_20220823_002004	Je dois dire à la princesse à quel point la situation est grave. Je veux que vous alliez à Orsha en{nl}parler au seigneur.	난 이 일을 공주님께 사태의 심각성을 알려야겠네.{nl}자네는 오르샤에 가서 영주에게 이 사실을 알려주길 바란다.				대장군 라민
QUEST_LV_0500_20220823_002005	Révélateur, vous voilà. Où sont Pajauta et le général Ramin ?	계시자님, 돌아오셨군요.{nl}파야우타 씨와 라민 대장군은 어디에 계신거죠?				이네사 헤먼데일
QUEST_LV_0500_20220823_002006	Le Beholder a emmené Pajauta et a disparu, et le véritable but du Beholder est de détruire{nl}l'Arbre divin...	주시자가 파야우타 씨를 데리고 사라졌고, 주시자의 진정한 목표는 신수를 파괴하는 것....				이네사 헤먼데일
QUEST_LV_0500_20220823_002007	Je n'arrive pas à y croire... Bien que... je ne crois pas que vous mentiez.	믿겨지지 않군요...{nl}믿겨지지 않지만... 거짓을 말씀하시는 거 같진 않습니다.				이네사 헤먼데일
QUEST_LV_0500_20220823_002008	Par précaution, le général Ramin et le Révélateur ont dépêché une équipe d'enquête dans la{nl}zone où ils sont déjà allés. Nous vous informerons immédiatement si nous trouvons des traces{nl}liées au Révélateur.	혹시 몰라 라민 대장군과 계시자님이 앞서 간 곳에 조사대를 파견했습니다.{nl}주시자에 관련된 흔적을 찾는다면 바로 말씀을 드리겠습니다.				이네사 헤먼데일
QUEST_LV_0500_20220823_002009	Il semble que l'équipe d'enquête de la Salle d'assemblée de l'association de magie ait trouvé{nl}quelque chose. Rendez-vous à la Salle d'assemblée de l'association de magie, je vous prie.	마침 마법 결사의 의사당에 있던 조사대가 뭔가 발견한 모양입니다.{nl}마법 결사의 의사당으로 향해 주십시오.				이네사 헤먼데일
QUEST_LV_0500_20220823_002010	Inesa Hamondale	이네사 헤먼데일 				
QUEST_LV_0500_20220823_002011	Il semble y avoir une trace dans la Salle d'assemblée de l'association de magie. Vérifions au cas{nl}où ce serait une information sur le Beholder.	마법 결사의 의사당에 무언가 흔적이 있는 듯 합니다.{nl}혹시 주시자에 대한 정보일지도 모르니 한번 확인해보시죠.				이네사 헤먼데일 
QUEST_LV_0500_20220823_002012	Enquêteur d'Orsha	오르샤 조사원				
QUEST_LV_0500_20220823_002013	Bonjour Révélateur, j'enquête ici sur ordre du seigneur.	안녕하세요. 계시자님, 저는 영주님의 명을 받아서 이곳을 조사하는 중입니다.				오르샤 조사원
QUEST_LV_0500_20220823_002014	Certains de nos enquêteurs sont entrés dans ce cristal pour enquêter et ne sont pas revenus.	저희 조사원 중 일부가 저 수정 안으로 들어가서 조사를 한 뒤에 돌아오지 못하고 있습니다.				오르샤 조사원
QUEST_LV_0500_20220823_002015	Un jour, une note est tombée du cristal. La note disait que le réservoir de corruption est vivant.	그러던 어느 날 수정 안에서 쪽지가 한 장 떨어졌습니다.{nl}내용은 쓰러뜨린 줄 알았던 변질의 전파자가 살아있다고 합니다.				오르샤 조사원
QUEST_LV_0500_20220823_002016	Il paraît que ce que nous prévoyons de tuer, ce sont les clones. D'après la note, les enquêteurs{nl}sont pourchassés par l'Épandeur. Sauvez mes collègues, je vous prie.	아마 저희가 쓰러뜨리는 것은 분신일 거라는 이야기가 있습니다.{nl}쪽지에 따르면 현재 조사원들은 전파자에게 쫓기고 있다고 합니다.{nl}제 동료들을 구해주십시오.				오르샤 조사원
QUEST_LV_0500_20220823_002017	Révélateur... Merci de nous avoir aidés...	계시자님.... 도와주셔서 감사합니다...				오르샤 조사원
QUEST_LV_0500_20220823_002018	Je retournerai au Noyau turbulent et trouverai les corps et les affaires de mes collègues morts.	저는 다시 격동의 핵으로 들어가서 죽은 동료들의 시신이나 물건들을 찾아보겠습니다...				오르샤 조사원
QUEST_LV_0500_20220823_002019	Merci d'avoir évité davantage de dégâts.	더 큰 피해가 발생하지 않게 해주셔서 감사합니다.				오르샤 조사원
QUEST_LV_0500_20220823_002020	Le dispositif de contrôle magique que Pajauta a activé. Pajauta semble avoir maîtrisé le pouvoir{nl}magique du dispositif de contrôle magique.	파야우타가 가동한 마력 제어 장치이다.{nl}파야우타는 다른 수단으로 마력 제어 장치에 마력을 제어한 모양이다.				마력 제어 장치
QUEST_LV_0500_20220823_002021	Révélateur, j'ai entendu parler de votre grand fait d'armes au Champ de bataille de Delmore.	계시자님, 델무어 격전지에서의 활약은 전해들었습니다.				이네사 헤먼데일
QUEST_LV_0500_20220823_002022	Nous avons trouvé où se trouve le Beholder en enquêtant à l'intérieur du champ de bataille. Le{nl}général Ramin et Pajauta se dirigent déjà là où est le Beholder.	격전지 내부를 조사해보니 주시자가 행방을 찾았습니다.{nl}이미 라민 대장군과 파야우타 씨가 먼저 주시자가 있는 곳으로 향했습니다.				이네사 헤먼데일
QUEST_LV_0500_20220823_002023	Voudriez-vous nous donner un coup de main, Révélateur ?	계시자님도 힘을 빌려주시겠습니까?				이네사 헤먼데일
QUEST_LV_0500_20220823_002024	Rendez-vous à la Zone d'attente de Delmore en passant par le Jardin de Delmore, je vous prie.{nl}S'il y a quelque chose où je peux aider, je serai ravi de le faire.	델무어 정원을 통해서 델무어 대합실로 향해주십시오.{nl}도와드릴 일이 있다면 성심성의껏 도움을 드리겠습니다.				이네사 헤먼데일
QUEST_LV_0500_20220823_002025	Je suis occupé en ce moment.	지금은 바쁘다고 한다.				
QUEST_LV_0500_20220823_002026	Sécuriser l'Entrée (1)	입구 확보(1)				
QUEST_LV_0500_20220823_002027	Je reviendrai quand j'en aurai fini avec d'autres courses.	다른 일을 마치고 온다고 한다.				
QUEST_LV_0500_20220823_002028	Sécuriser l'Entrée (2)	입구 확보(2)				
QUEST_LV_0500_20220823_002029	J'ai autre chose à faire pour l'instant.	지금은 다른 것을 해야한다고 한다.				
QUEST_LV_0500_20220823_002030	Ordre d'Enquête	조사 지시				
QUEST_LV_0500_20220823_002031	J'ai d'autres choses à faire pour l'instant.	지금은 다른 일을 해야 한다고 한다.				
QUEST_LV_0500_20220823_002032	Cristal Rouge Funeste (1)	불길한 붉은 수정(1)				
QUEST_LV_0500_20220823_002033	Je suis prêt.	준비가 되었다고 한다.				
QUEST_LV_0500_20220823_002034	Je viendrai après avoir fait autre chose	다른 일은 먼저하고 오겠다고 한다.				
QUEST_LV_0500_20220823_002035	Cristal Rouge Funeste (2)	불길한 붉은 수정(2)				
QUEST_LV_0500_20220823_002036	C'est trop dangereux d'y aller seul.	혼자 가는 것은 위험하다고 한다.				
QUEST_LV_0500_20220823_002037	Cristal Rouge Funeste (3)	불길한 붉은 수정(3)				
QUEST_LV_0500_20220823_002038	Examiner la Barrière	결계 조사				
QUEST_LV_0500_20220823_002039	Je viendrai après avoir fait autre chose.	다른 일을 처리하고 오겠다고 한다.				
QUEST_LV_0500_20220823_002040	D'Où Fuit l'Énergie Funeste (1)	불길한 기운이 새어나오는 곳(1)				
QUEST_LV_0500_20220823_002041	D'Où s'Échappe l'Énergie Sinistre (2)	불길한 기운이 새어나오는 곳(2)				
QUEST_LV_0500_20220823_002042	Il est dangereux de toucher la barrière sans précaution.	결계를 함부로 건드는 것은 위험하다고 한다.				
QUEST_LV_0500_20220823_002043	Aura Funeste Grandissante (1)	강해지는 불길한 기운(1)				
QUEST_LV_0500_20220823_002044	Je viendrai après avoir fait autre chose.	다른 일을 처리하고 온다고 한다.				
QUEST_LV_0500_20220823_002045	Aura Funeste Grandissante (2)	강해지는 불길한 기운(2)				
QUEST_LV_0500_20220823_002046	Que s'est-il passé ?	무슨 일이 있는 건가 물어본다.				
QUEST_LV_0500_20220823_002047	Parlons plus tard.	좀 있다가 이야기하라고 한다.				
QUEST_LV_0500_20220823_002048	Contrôle Magique (1)	마력 제어(1)				
QUEST_LV_0500_20220823_002049	Je vais d'abord m'occuper d'autre chose.	다른 일을 먼저 해결하겠다고 한다.				
QUEST_LV_0500_20220823_002050	Activation du dispositif...	장치를 작동하는 중...				
QUEST_LV_0500_20220823_002051	On dirait que le pouvoir magique du dispositif de contrôle magique est épuisé !	마력 제어 장치의 마력이 텅 비어 있는 것 같다!				
QUEST_LV_0500_20220823_002052	Contrôle Magique (2)	마력 제어(2)				
QUEST_LV_0500_20220823_002053	Contrôle Magique (3)	마력 제어(3)				
QUEST_LV_0500_20220823_002054	Il nous faut plus de pouvoir magique.	마력을 더 모아야한다고 한다.				
QUEST_LV_0500_20220823_002055	L'Armée Démoniaque Barre le Chemin	가로막는 악마군단				
QUEST_LV_0500_20220823_002056	Je ne suis pas encore prêt	준비가 아직 안됐다고 한다.				
QUEST_LV_0500_20220823_002057	Contrôle Magique (4)	마력 제어(4)				
QUEST_LV_0500_20220823_002058	Les blessures doivent être soignées d'abord.	부상을 먼저 치료해야 한다고 한다.				
QUEST_LV_0500_20220823_002059	Contrôle Magique (5)	마력 제어(5)				
QUEST_LV_0500_20220823_002060	Nous devons nous réorganiser.	잠시 정비를 해야한다고 한다.				
QUEST_LV_0500_20220823_002061	Inquiétante Énergie Noire	음산한 검은 기운				
QUEST_LV_0500_20220823_002062	Allons-y.	바로 가자고 한다.				
QUEST_LV_0500_20220823_002063	Je vais me préparer davantage puisque c'est dangereux.	위험하니 조금 더 준비를 한다고 한다.				
QUEST_LV_0500_20220823_002064	Dans la Salle d'Assemblée	의사당 안으로				
QUEST_LV_0500_20220823_002065	Barrière Magique Barrant le Chemin	가로막는 마법 장벽				
QUEST_LV_0500_20220823_002066	J'ai encore d'autres choses à faire	아직 처리할 일이 있다고 한다.				
QUEST_LV_0500_20220823_002067	Retirer le Mirtinas (1)	머티니스 제거(1)				
QUEST_LV_0500_20220823_002068	Je viendrai après avoir retiré le Mirtinas.	머티니스를 제거하고 온다고 한다.				
QUEST_LV_0500_20220823_002069	J'ai besoin de temps pour me préparer.	준비할 시간이 필요한다고 한다.				
QUEST_LV_0500_20220823_002070	Retirer le Mirtinas (2)	머티니스 제거(2)				
QUEST_LV_0500_20220823_002071	Retirer le Mirtinas (3)	머티니스 제거(3)				
QUEST_LV_0500_20220823_002072	Arrêter le Beholder (1)	주시자 저지(1)				
QUEST_LV_0500_20220823_002073	Arrêter le Beholder (2)	주시자 저지(2)				
QUEST_LV_0500_20220823_002074	Signe de Turbulence	격동의 조짐				
QUEST_LV_0500_20220823_002075	Raconter ce qui s'est passé.	그 동안의 이야기를 전한다.				
QUEST_LV_0500_20220823_002076	J'ai besoin de me préparer.	마음의 준비가 필요하다고 한다.				
QUEST_LV_0500_20220823_002077	Vers le Noyau turbulent : RAID_CASTLE_EP14_2_MQ_2	격동의 핵으로 : RAID_CASTLE_EP14_2_MQ_2				
QUEST_LV_0500_20220823_002078	Vers le cœUr Turbulent	격동의 핵으로				
QUEST_LV_0500_20220823_002079	Traquer le Beholder	주시자 추적				
QUEST_LV_0500_20220823_002080	Je me joins à vous.	합류하겠다고 한다.				
QUEST_LV_0500_20220823_002081	Parler au Général Ramin	대장군 라민과 이야기하기				
QUEST_LV_0500_20220823_002082	Enfin arrivé à la Salle d'attente de Delmore. {nl} Parlez au général Ramin du plan à venir.	마침내 델무어 대합실에 도착했다. {nl} 대장군 라민과 앞으로의 작전에 대해서 이야기를 해보자.				
QUEST_LV_0500_20220823_002083	Le général Ramin a dit de venir le voir une fois prêt.{nl}Préparez-vous pleinement et parlez au général Ramin.	대장군 라민은 준비가 되면 자신에게 오라고 한다. {nl} 만전의 준비를 하고 대장군 라민에게 이야기를 하자.				
QUEST_LV_0500_20220823_002084	Les soldats sont en plein chaos à cause de la vibration.{nl}Parlez au général Ramin.	방금 전의 진동으로 병사들이 혼란에 빠져있다. {nl} 대장군 라민과 이야기를 하자.				
QUEST_LV_0500_20220823_002085	Les soldats sont en plein chaos à cause de la vibration.{nl}Demandez au général Ramin quoi faire.	방금 전 진동으로 오르샤 병사들이 혼란에 빠졌다. {nl} 대장군 라민과 어떻게 해야할지 이야기를 하자.				
QUEST_LV_0500_20220823_002086	Le général Ramin est occupé à réorganiser les soldats d'Orsha.{nl}Parlons à Pajauta des plans à venir.	대장군 라민은 오르샤 군을 재정비하느라 바쁘다. {nl} 파야우타와 앞으로의 계획에 대해 이야기를 하자.				
QUEST_LV_0500_20220823_002087	Vaincre les Blickferret 	블릭페릿 처치				
QUEST_LV_0500_20220823_002088	L'anxiété s'est encore accrue avec la vibration et l'attaque des monstres.{nl}Parlez à Pajauta pour trouver une solution.	한 차례 진동과 몬스터의 습격으로 불안감이 더욱 고조되었다. {nl} 파야우타와 이야기를 해서 해결책을 찾아보자.				
QUEST_LV_0500_20220823_002089	Vaincre xxx	xxx 처치				
QUEST_LV_0500_20220823_002090	Vaincre les xxx alentour.	주변에 xxx를 처치하자.				
QUEST_LV_0500_20220823_002091	Monstres alentour éliminés.{nl}Parlez à Pajauta.	주변에 있던 몬스터들을 정리를 했다. {nl} 파야우타에게 이야기를 하자.				
QUEST_LV_0500_20220823_002092	Il semble que Ramin ait fini de réorganiser les soldats d'Orsha pendant que vous nettoyiez les monstres alentour.{nl} Parlez à Ramin.	주변 몬스터들을 정리한 사이에 라민이 오르샤 군의 정비를 마친 모양이다. {nl} 라민과 대화하자.				
QUEST_LV_0500_20220823_002093	Entendre les détails du général Ramin	대장군 라민의 설명듣기				
QUEST_LV_0500_20220823_002094	Ramin est parti chercher des informations à Orsha.	라민은 오르샤에서 정보를 얻기 위해서 떠났다.				
QUEST_LV_0500_20220823_002095	Ramin est retourné à Orsha chercher des informations. {nl} Pendant son absence, nous devons enquêter ici avec Pajauta.{nl}Parlez à Pajauta.	라민은 정보를 찾기 위해 오르샤로 돌아갔다. {nl} 그가 돌아올 동안 파야우타와 이곳을 조사해야한다. {nl} 파야우타와 이야기하자.				
QUEST_LV_0500_20220823_002096	Récolter le Cristal Rouge	붉은 수정 채취하기				
QUEST_LV_0500_20220823_002097	Pajauta dit que les cristaux rouges de la salle d'attente de Liepsnos ressemblent à l'onde magique de la vibration précédente.{nl}Récoltez des cristaux et apportez-les à Pajauta.	파야우타는 라이프스노스 대기실 쪽의 붉은 수정들이 방금 전 진동의 마력 파장과 비슷하다고 한다. {nl} 수정을 캐서 파야우타에게 가져가자.				
QUEST_LV_0500_20220823_002098	Cristal rouge récolté comme Pajauta l'a dit.{nl}Retournez voir Pajauta.	파야우타가 시킨대로 붉은 수정을 채취했다. {nl} 파야우타에게 돌아가자.				
QUEST_LV_0500_20220823_002099	Pajauta semble connaître le cristal. {nl}Parlons à Pajauta.	파야우타는 가져온 수정을 보고 무언가 안 거 같다.{nl}파야우타에게 이야기를 걸어보자.				
QUEST_LV_0500_20220823_002100	Obtenir le cristal en vainquant les monstres au centre de la Zone d'attente	대합실 중앙의 몬스터를 처치해 수정 획득				
QUEST_LV_0500_20220823_002101	Comme il n'y a pas de temps à perdre, Payauta examine une autre zone.{nl}Récoltons les cristaux en vainquant les monstres près de Liepsnos.	파야우타는 지체할 시간이 없다며 다른 곳을 조사해보겠다고 한다.{nl}라이프스노스 주변의 몬스터를 처치해 나온 수정을 모아보자.				
QUEST_LV_0500_20220823_002102	%s obtenu	%s를 획득				
QUEST_LV_0500_20220823_002103	Cristaux demandés par Pajauta récoltés.{nl}Rendez-vous à l'emplacement marqué sur la carte et rejoignez Pajauta.	파야우타가 부탁했던 수정을 모았다.{nl}지도에 표시된 위치로 가서 파야우타와 합류하자.				
QUEST_LV_0500_20220823_002104	Monstres alentour éliminés.{nl}Allez voir Pajauta.	주변 몬스터들을 정리했다.{nl}파야우타에게 가보자.				
QUEST_LV_0500_20220823_002105	Pajauta a dit avoir trouvé un indice...{nl}Parlons-lui de l'indice.	파야우타가 무언가 단서를 찾았다고 하는데....{nl}그녀와 이야기를 해 단서에 대해서 알아보자.				
QUEST_LV_0500_20220823_002106	Examiner la barrière dont Pajauta a parlé	파야우타가 알려준 결계 조사				
QUEST_LV_0500_20220823_002107	Pajauta dit que si nous perçons la barrière, nous pourrons utiliser le passage par lequel l'observateur est entré.{nl}Examinez la barrière.	파야우타는 결계를 뚫고 나가면 주시자가 들어간 통로를 사용할 수 있다고 말한다.{nl}결계를 조사해보자.				
QUEST_LV_0500_20220823_002108	La barrière semble incassable par des moyens normaux.{nl}Parlons à Pajauta.	일반적인 방법으론 결계를 제거할 수 없는 것 같다.{nl}파야우타와 이야기를 하자.				
QUEST_LV_0500_20220823_002109	Vous n'avez pas pu briser la barrière.{nl}Parlons à Pajauta.	결계를 해제할 수 없어서 난관에 봉착했다.{nl}어떻게 해야할까?{nl}파야우타와 이야기를 해보자.				
QUEST_LV_0500_20220823_002110	Trouver le Parchemin de Retrait de Barrière	결계 해제 스크롤 찾기				
QUEST_LV_0500_20220823_002111	Ramin dit que Delmor Rephaim a laissé un parchemin pour retirer la barrière quelque part dans la Zone d'attente. {nl}Vainquez les monstres du laboratoire pour trouver le Parchemin de suppression de barrière.	라민은 대합실 어딘가에 델무어 르하임이 결계를 해제할 스크롤을 남겨놨다고 한다.{nl}실험실 쪽의 몬스터들을 처치해 결계 해제 스크롤을 찾자.				
QUEST_LV_0500_20220823_002112	J'ai trouvé l'indice dont Ramin a parlé.{nl}Parlez à Ramin.	라민이 말했던 단서를 찾은 거 같다.{nl}라민과 이야기를 해보자.				
QUEST_LV_0500_20220823_002113	Recevoir %s en vainquant les Blickferret	블릭페릿을 처치해 %s 획득				
QUEST_LV_0500_20220823_002114	Parler à Ramin	라민과 이야기하기				
QUEST_LV_0500_20220823_002115	Parchemin de retrait de barrière obtenu.{nl}Allez voir Ramin et découvrez si le parchemin est authentique.	결계 해제 스크롤을 획득했다.{nl}라민에게 스크롤의 진위여부를 파악하자.				
QUEST_LV_0500_20220823_002116	Retirer la Barrière	결계를 해제하기				
QUEST_LV_0500_20220823_002117	Le parchemin que vous avez apporté peut retirer la barrière.{nl}Utilisez le parchemin pour retirer la barrière.	가져온 스크롤은 결계를 해제할 수 있는 스크롤이었다.{nl}스크롤을 사용해서 결계를 해제하자.				
QUEST_LV_0500_20220823_002118	Barrière retirée.{nl}Rapportez-le à Ramin.	결계를 해제했다.{nl}라민에게 보고하자.				
QUEST_LV_0500_20220823_002119	Vous sentez une énergie extraordinaire dans le passage caché où vous êtes arrivé après avoir brisé la barrière.{nl}Parlez à Ramin et élaborez une stratégie.	결계를 해제해서 도착한 숨겨진 통로에서 심상치 않은 기운이 느껴진다.{nl}라민과 이야기를 해서 대책을 생각해보자.				
QUEST_LV_0500_20220823_002120	Pendant que je parlais avec Ramin, j'ai senti une forte vibration chargée d'énergie sombre.{nl}Parlez à Ramin et élaborez une stratégie.	라민과 이야기를 하던 도중, 어둠의 기운과 함께 강한 진동이 느껴졌다.{nl}라민과 이야기를 해 대책을 세우자.				
QUEST_LV_0500_20220823_002121	La vibration semble plus forte et plus dangereuse que celle que j'ai sentie dans la salle d'attente.{nl}Parlons à Ramin.	방금 전 진동은 대합실에서 느꼈던 진동보다 강하고, 위험해보인다.{nl}라민과 이야기를 해보자.				
QUEST_LV_0500_20220823_002122	Vaincre les monstres attaquants	습격한 몬스터를 처치하기				
QUEST_LV_0500_20220823_002123	Pendant que vous parliez à Ramin du passage caché, des monstres ont attaqué.{nl}Vainquez les monstres.	라민과 숨겨진 통로에 대해서 이야기를 하던 도중 몬스터가 습격했다.{nl}몬스터들을 처치하자.				
QUEST_LV_0500_20220823_002124	Monstres attaquants vaincus.	몬스터의 습격을 물리쳤다.				
QUEST_LV_0500_20220823_002125	Monstres attaquants éliminés.{nl}Parlez à Ramin et décidez de la suite.	몬스터들의 습격을 정리했다.{nl}라민과 이야기를 해 무엇을 해야할 지 알아보자.				
QUEST_LV_0500_20220823_002126	Trouver le Dispositif de Contrôle Magique	마력 제어 장치 찾기				
QUEST_LV_0500_20220823_002127	Ramin dit que si nous nous emparons des 3 dispositifs de contrôle magique laissés par Rephaim de Delmore, nous pourrons aller à la Salle d'assemblée de l'association de magie où se cache le Beholder.{nl}Trouvez le dispositif de contrôle magique et actionnez-le.	라민은 델무어 르바임이 남긴 마력 제어 장치 3개를 장악하면 주시자가 숨어있는 마법 결사의 의사당으로 갈 수 있다고 말한다.{nl}마력 제어 장치를 찾은 뒤에 조작해보자.				
QUEST_LV_0500_20220823_002128	Nous avons trouvé le dispositif de contrôle magique mais ne pouvons pas le manœuvrer car il n'a aucun pouvoir magique.{nl}Rapportez-le à Ramin.	마력 제어 장치를 찾았지만, 마력이 텅 비어서 제어할 수 없다고 한다.{nl}라민에게 보고하자.				
QUEST_LV_0500_20220823_002129	Rapporté à Ramin qu'il n'y a aucun pouvoir magique dans le dispositif de contrôle magique.{nl}A-t-il des solutions ?{nl}Parlez à Ramin.	마력 제어 장치에 마력이 없다는 사실을 라민에 보고했다.{nl}라민은 대책이 있는 걸까?{nl}라민과 이야기를 해보자.				
QUEST_LV_0500_20220823_002130	Vaincre les Monstres Alentour	주변 몬스터를 처치하기				
QUEST_LV_0500_20220823_002131	Le pendentif reçu de Ramin peut récolter le pouvoir magique, mais pas assez.{nl}Vainquez les monstres alentour et absorbez le pouvoir magique.	라민에게 받은 펜던트는 마력을 모을 수 있지만, 충분한 양의 마력이 모이지 않았다.{nl}주변 몬스터를 처치해 마력을 흡수하자.				
QUEST_LV_0500_20220823_002132	Cela semble être assez de pouvoir magique.{nl}Retournons voir Ramin.	이 정도면 마력이 충분히 모인 듯하다. {nl}라민에게 돌아가자.				
QUEST_LV_0500_20220823_002133	Vaincre les Monstres de Delmore	델무어 연결로의 몬스터 처치				
QUEST_LV_0500_20220823_002134	ManœUvrer le Dispositif de Contrôle Magique	마력 제어 장치 조작하기				
QUEST_LV_0500_20220823_002135	Premier dispositif de contrôle magique activé.{nl}Maintenant, trouvons le second dispositif de contrôle magique.{nl}Parlez à Ramin.	첫번째 마력 제어 장치를 가동했다.{nl}이제 두번째 마력 제어 장치의 위치를 찾아야한다.{nl}라민과 이야기를 해보자.				
QUEST_LV_0500_20220823_002136	Aller au Second Dispositif de Contrôle Magique	두번째 마력 제어 장치로 가기				
QUEST_LV_0500_20220823_002137	Aller au second dispositif de contrôle magique et vérifier son état.	두번째 마력 제어 장치로 가서 마력 제어 장치의 상태를 확인해보자.				
QUEST_LV_0500_20220823_002138	Déplacé dans un endroit sûr à proximité pour éviter l'attaque des monstres.{nl}Parlez à Ramin.	몬스터들의 습격을 피해 주변의 안전한 장소로 이동했다.{nl}라민과 이야기를 하자.				
QUEST_LV_0500_20220823_002139	On dirait que les soldats de Ramin ont été blessés dans l'embuscade.{nl}Parlez à Ramin.	라민의 병사들이 기습으로 인해서 부상을 당한 모양이다.{nl}라민와 이야기를 하자.				
QUEST_LV_0500_20220823_002140	Activer le Second Dispositif de Contrôle Magique	두 번째 마력 제어 장치 가동하기				
QUEST_LV_0500_20220823_002141	Aller au second dispositif de contrôle magique indiqué par Ramin et l'activer.	라민이 알려준 두번째 마력 제어 장치의 위치로 가 장치를 가동하자.				
QUEST_LV_0500_20220823_002142	Vaincre les monstres qui étaient en embuscade	매복해있던 몬스터 처치				
QUEST_LV_0500_20220823_002143	Activer le Second Dispositif de Contrôle Magique	두번째 마력 제어 장치 작동시키기				
QUEST_LV_0500_20220823_002144	En vainquant les monstres, assez de pouvoir magique a été récolté dans le pendentif d'Inesa.{nl}Activez le second dispositif de contrôle magique	기습한 몬스터들을 처치해 이네사의 펜던트에 충분한 마력이 모인 것 같다.{nl}두번째 마력 제어 장치를 작동시켜보자.				
QUEST_LV_0500_20220823_002145	Second dispositif de contrôle magique activé.{nl}Ramin se remet de ses blessures, alors allons parler à Pajauta.	두번째 마력 제어 장치를 작동시켰다.{nl}라민은 부상을 치료 중이니 파야우타에게 가서 이야기를 하자.				
QUEST_LV_0500_20220823_002146	Second dispositif de contrôle magique activé.{nl}Parlez à Pajauta pendant que Ramin s'occupe des soldats.	두번째 마력 제어 장치를 가동시켰다.{nl}라민이 병사들을 돌보는 동안 파야우타와 이야기를 나눠보자.				
QUEST_LV_0500_20220823_002147	Activer le Dernier Dispositif de Contrôle Magique	마지막 마력 제어 장치 가동하기				
QUEST_LV_0500_20220823_002148	Activer le dernier dispositif de contrôle magique.	마지막 마력 제어 장치를 가동하자.				
QUEST_LV_0500_20220823_002149	Activer le dernier dispositif de contrôle magique.{nl}Il y a eu un bruit assourdissant en activant le dernier dispositif de contrôle magique...{nl}Parlez à Pajauta.	마지막 마력 제어 장치까지 가동을 했다.{nl}마지막 마력 장치를 가동하니 뭔가 엄청난 굉음이 들렸는데...{nl}파야우타와 이야기를 해보자.				
QUEST_LV_0500_20220823_002150	À cause du bruit assourdissant, Ramin semble avoir affaire à vous.{nl}Parlez à Ramin.	방금 전 굉음으로 라민이 당신에게 용건이 있는 모양이다.{nl}라민과 이야기를 해보자.				
QUEST_LV_0500_20220823_002151	Se Rendre à l'Esplanade Centrale	중앙 광장으로 이동하기				
QUEST_LV_0500_20220823_002152	Ramin demande de se rendre à l'Esplanade centrale pour une enquête.{nl}Rendez-vous à l'Esplanade centrale et enquêtez.	라민은 원인을 조사하기 위해서 중앙 광장으로 가보자고 한다.{nl}중앙 광장으로 이동해 원인을 조사하자.				
QUEST_LV_0500_20220823_002153	Vaincre les Proies Blickferret	블릭페릿 프레이 처치				
QUEST_LV_0500_20220823_002154	Entrer dans la Salle d'Assemblée	의사당으로 진입하기				
QUEST_LV_0500_20220823_002155	Après que nous avons vaincu les proies Blickferret, un portail s'est créé.{nl}Prenez ceci et allez à la Société magique.	블랙페릿 프레이를 처리하자, 포탈이 생겼다.{nl}이것을 타고, 마볍 결사의 의사당으로 가자.				
QUEST_LV_0500_20220823_002156	Entré dans la Salle d'assemblée.{nl}Parlez à Ramin.	의사당에 진입했다.{nl}라민과 이야기를 해보자.				
QUEST_LV_0500_20220823_002157	Enfin arrivé à la Salle d'assemblée de l'association de magie en poursuivant le Beholder.{nl}Parlez à Ramin.	주시자를 쫓아 드디어 마법 결사의 의사당에 도착했다.{nl}라민과 이야기를 하자.				
QUEST_LV_0500_20220823_002158	Enquêter dans la Barrière Magique	마법 장벽 조사				
QUEST_LV_0500_20220823_002159	Il y a une barrière magique à un endroit où le Beholder semble se trouver.{nl}Examinons cela.	주시자가 있을 법한 장소에 마력 장벽이 쳐져 있다고 한다.{nl}그것에 대해 조사해보자.				
QUEST_LV_0500_20220823_002160	La barrière magique est bloquée par un pouvoir.{nl}Rapportez le résultat à Ramin.	마력 장벽은 무언가의 힘에 의해 막혀있는 거 같다.{nl}조사 결과를 라민에게 보고하자.				
QUEST_LV_0500_20220823_002161	On dirait que Pajauta sait comment percer la barrière magique.{nl}Parlez à Pajauta.	마법 장벽의 돌파구를 파야우타가 알고 있는 모양이다.{nl}파야우타와 이야기를 해보자.				
QUEST_LV_0500_20220823_002162	Retirer le Mirtinas	머티니스 제거하기				
QUEST_LV_0500_20220823_002163	D'après Pajauta, il y a trois Mirtinas qui fournissent le pouvoir magique à la barrière magique et au Beholder.{nl} Retirons-les un par un dans l'ordre.	파야우타의 말에 의하면 마법 장벽과 주시자에게 마력을 공급하는 3개의 머티니스가 있다고 한다.{nl}순서대로 하나씩 제거해보자.				
QUEST_LV_0500_20220823_002164	Voilà le Mirtinas.{nl}Retirons-le un par un dans l'ordre.	머티니스가 있다고 한다.{nl}순서대로 하나씩 제거해보자.				
QUEST_LV_0500_20220823_002165	Vaincre les monstres qui étaient en embuscade	매복하고 있던 몬스터 처치				
QUEST_LV_0500_20220823_002166	Vaincre le Réservoir de Corruption	변질의 전파자 처치				
QUEST_LV_0500_20220823_002167	Après avoir retiré trois Mirtinas, la barrière magique a disparu.{nl}Dirigeons-nous vers le Beholder.	세 개의 머티니스를 제거하니 마법 장벽이 사라졌다.{nl}주시자가 있는 곳으로 향하자.				
QUEST_LV_0500_20220823_002168	Vaincre le Réservoir de Corruption	앞을 가로막는 변질의 전파자를 처리하자.				
QUEST_LV_0500_20220823_002169	Arrêter le Beholder	주시자 저지하기				
QUEST_LV_0500_20220823_002170	Réservoir de corruption vaincu.{nl}Maintenant, arrêtez le Beholder.	변질의 전파자를 처리했다.{nl}이제 주시자를 막아야 한다.				
QUEST_LV_0500_20220823_002171	Le Beholder a emmené Pajauta.{nl}Et maintenant ?{nl}Parlez à Ramin.	주시자가 파야우타를 데리고 갔다.{nl}이제 어떻게 해야할까?{nl}라민과 이야기를 해보자.				
QUEST_LV_0500_20220823_002172	Le Beholder a emmené Pajauta.{nl}Et maintenant ?{nl}Parlez à Ramin.	주시자가 파야우타를 데리고 갔다.{nl}이제 어떻게 해야할까?{nl}라민과 이야기를 해보자				
QUEST_LV_0500_20220823_002173	Le général Ramin s'est rendu auprès de la princesse Kaonilla pour retrouver la trace du Beholder.{nl}Racontez au seigneur d'Orsha ce qui s'est passé.	라민 대장군은 주시자의 흔적을 찾기 위해서 카오닐라 공주에게 향했다.{nl}그 동안의 일을 오르샤의 영주와 이야기를 하자.				
QUEST_LV_0500_20220823_002174	Parler à l'Enquêteur d'Orsha	오르샤 조사원과 이야기하기				
QUEST_LV_0500_20220823_002175	Inesa Hamondale enquête dans la Salle d'assemblée de l'association de magie.{nl}Rendez-vous à la Salle d'assemblée de l'association de magie et rencontrez l'enquêteur.	이네사 헤먼데일이 마법 결사의 의사당을 중심으로 조사를 진행하고 있다고 한다.{nl}마법 결사 의사당으로 가서 조사원을 만나자.				
QUEST_LV_0500_20220823_002176	Parler à l'Enquêteur d'Orsha	오르샤 조사원에게 이야기하기				
QUEST_LV_0500_20220823_002177	Après avoir entendu l'enquêteur d'Orsha, nous avons décidé d'entrer dans le Cristal de racine.	오르샤 조사원의 이야기를 듣고, 뿌리 수정의 내부로 들어가기로 했다.				
QUEST_LV_0500_20220823_002178	Terminer [Raid de la Déesse : Noyau turbulent]	[가디스 레이드 : 격동의 핵] 클리어하기				
QUEST_LV_0500_20220823_002179	Achever le Raid de la Déesse Noyau Turbulent	[가디스 레이드 : 격동의 핵]을 완수하세요				
QUEST_LV_0500_20220823_002180	Parler à l'Enquêteur d'Orsha	오르샤 조사원과 이야기하세요				
QUEST_LV_0500_20220823_002181	Il semble qu'une information soit venue d'un soldat d'Orsha qui enquêtait au Champ de bataille de Delmore.{nl}Parlez au seigneur d'Orsha Inesa Hamondale.	델무어 격전지에서 조사를 하던 오르샤 군에게서 정보가 들어온 모양이다.{nl}오르샤의 영주 이네사 헤먼데일과 이야기를 하자.				
QUEST_LV_0500_20220823_002182	Rejoindre le Général Ramin dans la Zone d'Attente de Delmore	델무어 대합실로 가 라민 대장군과 합류하기				
QUEST_LV_0500_20220823_002183	D'après Inesa, le général Ramin et Pajauta se sont déjà rendus à la Zone d'attente de Delmore.{nl}Rendez-vous à la Zone d'attente de Delmore.	이네사에 말에 따르면 라민 대장군과 파야우타는 이미 델무어 대합실로 향한거 같다.{nl}델무어 정원을 넘어 델무어 대합실로 가자.				
QUEST_LV_0500_20221125_002184	Révélateur, merci d'avoir vaincu le réservoir de corruption pendant l'enquête sur le Noyau{nl}turbulent.	계시자님, 지난번 격동의 핵 조사 중에 변질의 전파자를 처리해주셔서 감사합니다.				오르샤 조사원
QUEST_LV_0500_20221125_002185	Après avoir traqué le réservoir de corruption et poursuivi l'enquête, nous avons trouvé un{nl}monstre jamais vu auparavant.	변질의 전파자를 처리하고,{nl}조사를 진행하던 와중에 이때까지 본 적 없던 새로운 종류의 몬스터가 발견되었습니다.				오르샤 조사원
QUEST_LV_0500_20221125_002186	C'était un monstre qui ressemblait à un démon dans sa moitié supérieure et à un cheval dans{nl}l'autre.	상체는 마족의 모습을 그리고 하체는 말과 같은 몬스터였습니다.				오르샤 조사원
QUEST_LV_0500_20221125_002187	Le monstre a fui avant d'être découvert mais il semble hautement improbable d'enquêter sans{nl}rencontrer cette créature.	그 괴물에 발각되기 전에 도망은 쳤지만, 그것을 피해서 조사하는 것은 어려울 거 같습니다.				오르샤 조사원
QUEST_LV_0500_20221125_002188	J'ai besoin de votre aide.	계시자님의 도움이 필요합니다.				영주 호위병
QUEST_LV_0500_20221125_002189	Nous devons chasser le monstre dans le Noyau turbulent pour poursuivre l'enquête.	조사 진행을 위해 격동의 핵 안의 괴물을 빨리 처리해야 합니다.				오르샤 조사원
QUEST_LV_0500_20221125_002190	Enquêter à Orsha	오르샤 조사				
QUEST_LV_0500_20221125_002191	Vous avez vaincu les monstres.	몬스터를 처치해주셨군요.				오르샤 조사
QUEST_LV_0500_20221125_002192	Je rapporterai cela au seigneur. Merci pour votre coopération.	저는 이 사실을 영주님께 보고를 드리겠습니다.{nl}협력해주셔서 감사합니다.				오르샤 조사
QUEST_LV_0500_20221125_002193	Vous pouvez toujours devenir une cible si vous baissez votre garde.	재규어가 되었다고 방심하면 적들의 표적이 된다.				[재규어 마스터] 엘 이트샤
QUEST_LV_0500_20221125_002194	Entraînez-vous maintenant en tant que Jaguar.	이제 재규어로서 자신을 단련하도록.				[재규어 마스터] 엘 이트샤
QUEST_LV_0500_20221125_002195	Assez de paresse. Allez vous entraîner.	게으름 피우지 말고, 어서 가서 자신을 단련해라.				[재규어 마스터] 엘 이트샤
QUEST_LV_0500_20221125_002196	Bien joué. En tant que Jaguar, n'oubliez jamais de vous entraîner.	고생했다.{nl}항상 재규어로서 단련을 잊지 말도록.				[재규어 마스터] 엘 이트샤
QUEST_LV_0500_20221125_002197	Et envoyez vos ennemis en un douloureux voyage vers les déesses.	그리고 적들을 고통스럽게 여신의 곁으로 보내라.				[재규어 마스터] 엘 이트샤
QUEST_LV_0500_20221125_002198	Monstre mystérieux : Falouros	의문의 몬스터 : 팔로우로스				
QUEST_LV_0500_20221125_002199	[Jaguar] Chasseur	[재규어] 사냥꾼의 증표				
QUEST_LV_0500_20221125_002200	Je dois d'abord m'occuper d'autre chose/	다른 일이 먼저라고 한다.				
QUEST_LV_0500_20221125_002201	L'enquêteur d'Orsha semble avoir trouvé quelque chose venant du Noyau turbulent.{nl}Allons voir ce que c'est.	오르샤 조사원이 격동의 핵에서 무언가 발견한 모양이다.{nl}무슨 일인지 알아보자.				
QUEST_LV_0500_20221125_002202	Achever Noyau turbulent : Falouros	격동의 핵 : 팔로우로스 클리어하기				
QUEST_LV_0500_20221125_002203	Vaincre Falouros, un monstre mystérieux apparu du Noyau turbulent.	격동의 핵에 나타난 의문의 몬스터 팔로우로스를 처치하자.				
QUEST_LV_0500_20221125_002204	Vous avez vaincu Falouros.{nl}Allez le dire à l'enquêteur d'Orsha	팔로우로스를 쓰러뜨렸다.{nl}오르샤 조사원에게 이 사실을 전하자.				
QUEST_LV_0500_20221125_002205	Le Maître Jaguar souhaite vous exposer les devoirs du Jaguar.{nl}Parlez au Maître Jaguar	재규어 마스터는 당신이 재규어가 됨으로써 재규어로써 해야할 일을 알려주려고 한다.{nl}재규어 마스터와 이야기하자				
QUEST_LV_0500_20221125_002206	S'occuper des tâches confiées par le Maître Jaguar	재규어 마스터가 준 의뢰 처리하기				
QUEST_LV_0500_20221125_002207	Le Maître Jaguar vous dit de ne pas négliger l'entraînement parce que vous êtes devenu un Jaguar.{nl}Occupez-vous des tâches que le Maître Jaguar vous a confiées.	재규어 마스터는 재규어가 되었다고 단련을 게을리하지 말라고 한다.{nl}재규어 마스터가 준 의뢰를 처리하자.				
QUEST_LV_0500_20230130_002208	Révélateur, nous cherchons Pajauta depuis sa disparition, mais nous revenons les mains vides.	계시자님, 파야우타 씨가 사라진 이후로 계속해서 수색을 진행하고 있지만, 단서가 될만한 것이 보이지 않고 있습니다.				이네사 헤먼데일
QUEST_LV_0500_20230130_002209	En même temps que les recherches nous prions la Déesse, mais elle ne répond pas.	수색과 함께 여신께 기도를 올려도 아무런 답이 없으십니다.				이네사 헤먼데일
QUEST_LV_0500_20230130_002210	Peut-être pourriez-vous obtenir quelques réponses ?	계시자님이라면 어떠한 답변을 들으실 수 있지 않을까요?				이네사 헤먼데일
QUEST_LV_0500_20230130_002211	Que la bénédiction de la Déesse soit avec vous.	부디 여신의 가호가 계시자님과 함께 하길 바랍니다.				이네사 헤먼데일
QUEST_LV_0500_20230130_002212	Je vous attendais. Révélateur.	기다리고 있었습니다. 계시자님.				라이마
QUEST_LV_0500_20230130_002213	Nous vous avons fait venir ici par Neringa, afin de pouvoir vous aider dans votre voyage à{nl}résoudre les deux problèmes auxquels vous faites face.	네링가를 통해서 계시자님을 이 곳으로 오도록 한 이유는, 눈 앞에 놓은 두 가지 의문에 대한 답으로 가는 길을 알려 드리기 위해서입니다. 				라이마
QUEST_LV_0500_20230130_002214	Deux questions : où se trouvent {#003399}Pajauta{/} et le Beholder.	두 가지 의문이란, 바로 {#003399}파야우타{/}와 주시자의 행방일 것입니다.				라이마
QUEST_LV_0500_20230130_002215	Des deux, celui qui peut mettre le monde en péril est le Beholder. Je commencerai par savoir où{nl}il se trouve.	그 중 세상을 또 다른 위기에 빠뜨릴 수 있는 주시자. 우선 그 자의 행방부터 알려드리도록 하지요.				라이마
QUEST_LV_0500_20230130_002216	Le Beholder était autrefois un dieu démon... il est allé à Novaha retrouver sa véritable forme.	주시자의 원래 모습은 마신... 그 마신의 모습을 되찾기 위해 노바하로 향했습니다.				라이마
QUEST_LV_0500_20230130_002217	Tous ses méfaits accomplis si longtemps... tout cela pour éveiller les gants scellés du dieu démon{nl}avec les pouvoirs du Kruvina et du chaos...	그 자의 그토록 오랜 세월간 악행의 원인은, 봉인해 둔 마신의 장갑을 크루비나와 혼돈의 힘으로 일깨우기 위함...				라이마
QUEST_LV_0500_20230130_002218	Vous serez guidé de la statue de la Déesse ici jusqu'à Novaha.	이 곳의 여신상으로부터 노바하로 인도해 드리겠습니다.				라이마
QUEST_LV_0500_20230130_002219	Révélateur ? Qu'est-ce qui vous amène ici...	계시자님, 아니십니까?{nl}여긴 어쩐 일로...				에드문다스
QUEST_LV_0500_20230130_002220	Ah, après l'incident j'ai compris que ma sœur et moi ne pouvions pas vivre avec les villageois,{nl}alors nous nous cachons simplement ici dans la Forêt de fougères.	아, 저와 제 동생은 그 일 이후로, 마을 사람들과 살 수 없다고 생각해서, 이렇게 고사리 숲에서 은둔 중입니다.				에드문다스
QUEST_LV_0500_20230130_002221	Cela fait si longtemps que nous pensions que vous nous aviez oubliés. Que se passe-t-il ?	너무 오랜만이라 저희를 잊으신 줄 알았습니다.{nl}어쩐 일이십니까?				에드문다스
QUEST_LV_0500_20230130_002222	À l'époque...	그때...				에드문다스
QUEST_LV_0500_20230130_002223	Vous, Révélateur, nous avez sauvés d'être victimes du magicien à la Forêt de fougères.	고사리 숲에서 마법사의 희생양이 될 뻔했던 위기를 계시자님께서 구해주셨지요.				에드문다스
QUEST_LV_0500_20230130_002224	Cependant nous étions des sujets d'expérience, et nous pensions que les spores de fougère que{nl}nous portons pourraient infecter les villageois, raison pour laquelle nous ne pouvons pas{nl}revenir...	하지만 저희는 실험의 대상이었고, 저희가 지닌 고사리 포자가 마을 사람들에게 감염될 수도 있다고 생각해서 마을로 돌아가지 못하고 있습니다...				에드문다스
QUEST_LV_0500_20230130_002225	Après cela je me suis quelque peu rétabli....	그 이후 저는 그럭저럭 회복이 되었지만....				에드문다스
QUEST_LV_0500_20230130_002226	Ma sœur Rose ne montre aucun signe de rétablissement. Je ne sais pas quoi faire.	제 동생 로제는 도저히 회복의 기미가 보이질 않습니다.{nl}어쩌면 좋을지 모르겠습니다.				에드문다스
QUEST_LV_0500_20230130_002227	Tout ce que je peux faire, c'est garder Rose en vie avec le peu d'herbes que je trouve par ici.	계속해서 주변에서 구할 수 있는 약재로 겨우 로제를 쓰러지지 않게 해줄 수 밖에 없습니다.				에드문다스
QUEST_LV_0500_20230130_002228	Le Beholder ?	주시자요?				에드문다스
QUEST_LV_0500_20230130_002229	Le mystérieux magicien qui nous a utilisés pour son expérience, est-ce son nom ? Je ne l'ai pas{nl}vu.	그, 의문의 마법사, 저희를 실험 대상으로 썼던 그 마법사의 원래 이름인가요?{nl}저는 그를 본 적이 없습니다.				에드문다스
QUEST_LV_0500_20230130_002230	Rose sait peut-être quelque chose mais dans son état je doute qu'elle puisse finir une phrase.	하지만 로제라면 무언가 알고 있을텐데 지금 상태로는 말하기 힘들 것 같습니다.				에드문다스
QUEST_LV_0500_20230130_002231	Je dois maintenir ses forces, mais la menace des Vubbe a empiré et je ne peux pas me déplacer{nl}seul.	어떻게든 기력이 더 떨어지지 않게 해줘야 하는데, 최근 부베들의 위협이 부쩍 심해져 혼자 움직일 수가 없습니다.				에드문다스
QUEST_LV_0500_20230130_002232	Révélateur, je dois garder Rose en sécurité ici, son remède nécessite du Fougère rouge,{nl}pourriez-vous m'en récolter, je vous prie ?	그, 계시자님 제가 로제를 지켜야 하니, 로제의 약으로 쓸 붉은 고사리를 좀 구해주실 수 있을까요?				에드문다스
QUEST_LV_0500_20230130_002233	Le Fougère rouge pousse partout dans ces parages. Ce devrait être à moi d'y aller... s'il n'y avait{nl}pas les Vubbe...	주변에서 구할 수 있는 붉은 고사리입니다.{nl}부베놈들만 아니면… 제가 가도 되는데…				에드문다스
QUEST_LV_0500_20230130_002234	Merci. Je peux fabriquer un remède avec cela...	감사합니다.{nl}이걸로 약을 만들 수 있겠는데…				에드문다스
QUEST_LV_0500_20230130_002235	Nous devons aller dans un endroit sûr. Il sera difficile de fabriquer le remède ici.	이제 안전한 곳으로 가야합니다.{nl}이곳에서 약을 만들기는 힘들 거 같거든요.				에드문다스
QUEST_LV_0500_20230130_002236	Il semble y avoir de plus en plus de Vubbe alentour, pensez-vous que c'est à cause du Beholder ?	부베들이 요즘 부쩍 많아진 것이 혹시 그 주시자 때문일까요?				에드문다스
QUEST_LV_0500_20230130_002237	Il y a tant de Vubbe... Je m'inquiète pour Rose...	부베들이… 너무 많아서… 로제가 다치면 안되는데…				에드문다스
QUEST_LV_0500_20230130_002238	Révélateur, je vais me cacher avec Rose.	계시자님, 저는 로제를 데리고 피난처로 가겠습니다.				에드문다스
QUEST_LV_0500_20230130_002239	J'ai marqué l'endroit sur la carte. Venez à cet endroit, je vous prie.	장소를 지도에 표시해드렸으니 이곳으로 오시면 됩니다.				에드문다스
QUEST_LV_0500_20230130_002240	Euh... Révélateur...	저... 계시자님...				에드문다스
QUEST_LV_0500_20230130_002241	En essayant d'éviter les Vubbe, nous n'avons pas eu le luxe d'un repas décent.	부베들을 피해다니면서 생활하던 터라 제대로 된 것을 먹지 못했습니다.				에드문다스
QUEST_LV_0500_20230130_002242	Pour que Rose prenne son remède elle doit manger quelque chose... pourriez-vous par hasard{nl}nous rapporter de la nourriture ?	로제가 약을 먹으려면 무언가 먹어야 하기도 해서... 어떻게 좀... 식량이 될 만한 걸 구해주실 수 있을까요?				에드문다스
QUEST_LV_0500_20230130_002243	Elle a besoin de son énergie... Je vous en prie.	로제가 너무 기력이 없어서... {nl}꼭 부탁드립니다.				에드문다스
QUEST_LV_0500_20230130_002244	Merci beaucoup, Révélateur...	정말 감사합니다, 계시자님...				에드문다스
QUEST_LV_0500_20230130_002245	Rose, Rose ! Vous sentez-vous mieux ?	로제, 로제! 정신이 좀 드니? 				에드문다스
QUEST_LV_0500_20230130_002246	Ah... ah ? Je vois clairement maintenant.	아...아? 이제 좀 제대로 뭔가가 보여요.				로제
QUEST_LV_0500_20230130_002247	Il y a un instant à peine, j'avais l'impression de flotter dans les ténèbres... Je ne pouvais pas{nl}respirer...	조금 전까지는 눈 앞이 깜깜한 채 발이 둥둥 떠 있는 것 같았거든요... {nl}숨도 잘 안쉬어지고…				로제
QUEST_LV_0500_20230130_002248	Mais maintenant je peux... Attendez !	그런데 이제 좀 ...그런데!				로제
QUEST_LV_0500_20230130_002249	Est-ce vous, Révélateur ? Ahh... quel plaisir de vous revoir...	계시자님이셨어요? 아아... 너무 반가워요...				로제
QUEST_LV_0500_20230130_002250	Après vous avoir envoyé ainsi... Je voulais retourner en ville si j'allais mieux pour retrouver{nl}Anne et quelques amis marchands...	저는... 그때 그렇게 계시자님을 보내고 나서...{nl}다시 건강해지면 마을로 돌아가서 안네도 만나고 행상인 친구들도 만나고 그러려고 했는데...				로제
QUEST_LV_0500_20230130_002251	Cependant, les choses ne se sont pas passées comme prévu... Je me suis affaiblie... j'ai perdu{nl}connaissance sans cesse... je suis devenue un fardeau pour mon frère...	마음대로 안되었어요... 체력은 점점 약해지고... 자꾸만 쓰러지고... 오빠만 힘들게 하고...				로제
QUEST_LV_0500_20230130_002252	Ah ! oui. Le Beholder ! Le magicien qui nous a ravagés, nous et la ville ! Je l'ai vu !	아! 네. 주시자! 그 주시자! 저희와 저희 마을을 만신창이로 만든 그 ... 마법사! 제가 봤어요!				로제
QUEST_LV_0500_20230130_002253	Ce magicien... Ah, le Beholder, disiez-vous ?	그렇게 그 마법사...{nl}아, 주시자라고 하셨나요?				로제
QUEST_LV_0500_20230130_002254	Il est allé à la Bibliothèque de Novaha.	녀석은 노바하 서고로 갔습니다.				로제
QUEST_LV_0500_20230130_002255	Si vous allez à la Bibliothèque de Novaha, vous y trouverez des indices sur l'endroit où il se{nl}trouve.	노바하 서고로 가면 주시자에 대한 단서가 있을 겁니다.				로제
QUEST_LV_0500_20230130_002256	Je vais vous montrer le chemin.	제가 안내해드릴게요. 				로제
QUEST_LV_0500_20230130_002257	La bibliothèque est de l'autre côté de la chapelle. Vite ! Révélateur.	서고는 본원 예배당을 통해서 가야 해요.{nl}어서 가요, 계시자님!				로제
QUEST_LV_0500_20230130_002258	Que faites-vous. Vous êtes encore malade.	무슨 소리 하는거야.{nl}너 지금 많이 아픈 상태야.				에드문다스
QUEST_LV_0500_20230130_002259	Vous venez à peine de vous réveiller et vous allez déjà à la bibliothèque de la chapelle ?	겨우 정신 차렸다고 해서 그 예배당에 서고까지 가겠다는 거야?				에드문다스
QUEST_LV_0500_20230130_002260	Non, pas seul. Si vous devez y aller je viens avec vous !	안돼, 혼자서는 안돼.{nl}꼭 가야한다면 나도 같이 가!				에드문다스
QUEST_LV_0500_20230130_002261	Révélateur... à voir tous ces monstres, il est trop dangereux que Rose vous guide.	계시자님... 방금 그런 몬스터들을 보니{nl}로제를 안내역으로 맡기기에는 위험하다는 생각밖에 들지 않습니다.				에드문다스
QUEST_LV_0500_20230130_002262	Rose, êtes-vous sûre que ça va.... ?	로제 정말 괜찮은거니....?				에드문다스
QUEST_LV_0500_20230130_002263	*Soupir*... Je vous en prie. Je ne crois pas pouvoir la convaincre...	하아, 부탁드려요.{nl}이제는 제가 말려도 소용 없을 것 같아요...				에드문다스
QUEST_LV_0500_20230130_002264	Je sais que vous êtes inquiet.	오빠가 걱정하는 거 알아.				로제
QUEST_LV_0500_20230130_002265	Mais je suis le seul à pouvoir faire cela.	하지만 이 일은 나밖에 할 수 없다고 생각해.				로제
QUEST_LV_0500_20230130_002266	Le Révélateur fait tout pour sauver ce monde et pour y aider, être blessée ou avoir peur ne{nl}changera pas mon avis.	계시자님도 지금 세상을 구하는 것에 전력을 다하시는데 그런 멋진 일을 돕는데{nl}아프고, 무섭다고 도망치면 안된다고 생각해.				로제
QUEST_LV_0500_20230130_002267	Si vous le dites ainsi je ne vais pas vous arrêter. Mais je vous accompagne jusqu'au bout. Cela ira{nl}si nous sommes prudents.	네가 그렇게 말하면 더 말리지는 못하겠다.{nl}하지만 나도 끝까지 따라갈거야. 조심하면 어떻게든 되겠지.				에드문다스
QUEST_LV_0500_20230130_002268	Révélateur, allons à la bibliothèque.	계시자님, 서고로 가시죠.				에드문다스
QUEST_LV_0500_20230130_002269	Hein... que se passe-t-il... J'ai la nausée et la tête qui tourne...	어... 왜 이러지...{nl}여기 오니까 갑자기 소, 속이 울렁거리고 아찔하네요...				로제
QUEST_LV_0500_20230130_002270	Juste un peu... un peu de repos et j'irai bien.	잠시, 조금만 쉬면, 조금만 기다리면 괜찮아질 거예요...				로제
QUEST_LV_0500_20230130_002271	J'ai mal aux yeux...	눈이 아파와요...				로제
QUEST_LV_0500_20230130_002272	C'est étrange... mes yeux, pourquoi me font-ils mal... tout est flou...	이상하다... 눈이, 눈이 왜 아프지... 앞이 아찔... 아득해...				로제
QUEST_LV_0500_20230130_002273	Elle n'était pas si faible. Pour être marchand ambulant il fallait de la force...	저렇게까지 약하지는 않았어요.{nl}행상일을 하려면 체력이 기본이었으니...				에드문다스
QUEST_LV_0500_20230130_002274	Mais elle est tombée si malade...	그런데 너무 쇠약해져서...				에드문다스
QUEST_LV_0500_20230130_002275	Quoi ? C'est donc cela que les Vubbe ont pillé aux villageois.	네? 부베가 이런 것들을 마을사람들로부터 약탈한 거군요...				로제
QUEST_LV_0500_20230130_002276	Je suis désolée... mais il me faudra toute la force qu'il me reste pour vous guider, alors merci{nl}pour cela.	속상하지만... 기운을 차려야 또 계시자님을 안내할 수 있을 테니, 감사히 받을게요.				로제
QUEST_LV_0500_20230130_002277	C'est mieux. Bien que mes yeux me fassent encore mal...	이제 조금 기운이 나네요.{nl}눈은 여전히 아프지만...				로제
QUEST_LV_0500_20230130_002278	À bien y penser, mon état a empiré dès notre arrivée dans cet endroit... il y a une énergie{nl}maléfique et désagréable dans cette bibliothèque.	그런데 가만 생각해보니, 제가 여기 도착해서 더 상태가 안 좋아진 건, 이 근처... 여기 서고에서 느껴지는 어떤... 꺼림칙하고 나쁜 기운 때문인 것 같아요.				로제
QUEST_LV_0500_20230130_002279	Cette énergie sombre... Ce doit être la raison pour laquelle les Vubbe sont plus violents et{nl}féroces.	그... 사악한 기운 때문에...{nl}부베들도 더 포악해지고 사나워진 게 틀림없어요.				로제
QUEST_LV_0500_20230130_002280	Je sens l'énergie se renforcer... dans cette direction. Ici, je suis sûr qu'il y a quelque chose ici.	어떤 방향으로 점점....그 사악한 기운이 짙어지는 것이 느껴져요.{nl}여기, 무언가 있는 게 확실해요.				로제
QUEST_LV_0500_20230130_002281	Je vous montrerai où l'énergie se renforce. Dans la direction où la douleur empire...	제가... 기운이 짙어지는 쪽으로 안내할게요.{nl}눈이 더 아프고 아찔해지는 방향으로... 가면...				로제
QUEST_LV_0500_20230130_002282	Rose, c'est gentil de votre part, mais ne vous surmenez pas, je vous prie...	다 좋은데 로제, 너무 무리하지 말자, 제발...				에드문다스
QUEST_LV_0500_20230130_002283	Ceci... ressemble à l'anche d'un instrument à vent. Une flûte ?	이건... 무슨... 관악기의 리드 부분 같이 생겼어요.{nl}피리인가?				로제
QUEST_LV_0500_20230130_002284	Quoi qu'il en soit c'est plein d'énergie maléfique.	어쨌든 그 사악한 기운이 가득 서려 있어요.				로제
QUEST_LV_0500_20230130_002285	Maléfique et funeste... et qu'y a-t-il là-dedans ?	사악하고 불길함이... 그리고 저 안에 있는 것은 뭘까요?				로제
QUEST_LV_0500_20230130_002286	Cela doit avoir un rapport avec le Beholder !	틀림없이 그 주시자와 관련이 있어요! 				로제
QUEST_LV_0500_20230130_002287	Nous devrions examiner cela...	이걸 알아봐야 할 텐데...				로제
QUEST_LV_0500_20230130_002288	Nous ne pouvons pas prendre cette capsule, alors nous devrions découvrir ce qu'est cette{nl}anche...	저 캡슐을 들고 갈 수는 없으니 이 관악기 리드 같은 게 뭔지부터 알아보면...				로제
QUEST_LV_0500_20230130_002289	Je crois que cela soulagerait mon mal de tête.	그, 그래야 제 머리랑 눈이 좀 덜 아플 것 같아요.				로제
QUEST_LV_0500_20230130_002290	Ah... Je crois que Rose souffre trop... que faire...	아... 로제가 많이 아픈가 봐요... 어쩌지, 어쩌죠...				에드문다스
QUEST_LV_0500_20230130_002291	Je vais chercher des herbes pour fabriquer des antidouleurs, entre-temps pouvez-vous{nl}découvrir à quoi sert cette anche ?	제가 주변에서 진통제로 쓸만한 약초를 구해 볼테니, 계시자님은 그 악기 리드 부분을 가지고 가셔서 그게 뭔지 알아보시면 어떨까요?				에드문다스
QUEST_LV_0500_20230130_002292	Nous devons savoir ce que c'est pour que Rose aille mieux...	그게 뭔지 알아야 로제의 통증이 나아질테니까요...				에드문다스
QUEST_LV_0500_20230130_002293	Euh... L'association de magie d'Orsha aurait peut-être des réponses.	그... 오르샤의 마법협회 같은 곳에 가서 물어보면 알려줄 거예요.				에드문다스
QUEST_LV_0500_20230130_002294	Ma tête... mes yeux... cela fait mal.	머리가... 눈이... 너무 아파요.				로제
QUEST_LV_0500_20230130_002295	Nous devons découvrir ce qu'est cette anche...	그 피리의 리드 부분이 뭔지 빨리 알아야 해요...				로제
QUEST_LV_0500_20230130_002296	Bienvenue à l'association de magie d'Orsha.	어서오세요. 마법협회 오르샤 지부입니다.				플로아나
QUEST_LV_0500_20230130_002297	Que cherchez-vous ?	무엇을 찾으시나요?				플로아나
QUEST_LV_0500_20230130_002298	En quoi puis-je vous aider ?	도와드릴 게 있나요?				플로아나
QUEST_LV_0500_20230130_002299	Hmm. Ce que vous avez là est assurément l'anche d'un instrument à vent.	흠. 들고 계신 그 물건은, 확실히 관악기의 리드 부분이군요.				플로아나
QUEST_LV_0500_20230130_002300	Aussi... c'est difficile à voir, mais la marque de Jogaila le Maître Joueur de flûte y est imprimée.	그리고... 희미하지만, 파이드 파이퍼 마스터이신 요가일라 님의 각인이 남아 있는 것으로 보입니다.				플로아나
QUEST_LV_0500_20230130_002301	Peut-être obtiendrez-vous plus de réponses en allant voir le maître Jogaila.	아마, 파이드 파이퍼 마스터 요가일라 님을 찾아가시면 확실한 답을 들으실 수 있을 것입니다.				플로아나
QUEST_LV_0500_20230130_002302	En fait, il est à la Forêt d'Issaugoti, ce qui n'est pas loin d'ici. Vous devriez aller le voir.	마침 파이드 파이터 마스터님은 오르샤에서 멀지 않은 이사우고티 숲에 잠시 와 계시니, 가서 만나보시기 바랍니다.				플로아나
QUEST_LV_0500_20230130_002303	Ah, Révélateur, cela faisait longtemps.	아, 계시자님 오랜만에 뵙습니다.				파이드 파이퍼 마스터
QUEST_LV_0500_20230130_002304	Comment allez-vous ?	잘 지내셨나요?				파이드 파이퍼 마스터
QUEST_LV_0500_20230130_002305	Je sais pourquoi vous êtes venu ici.	무슨 일로 오셨는지는 알고 있습니다.				파이드 파이퍼 마스터
QUEST_LV_0500_20230130_002306	Il est temps de vous raconter cette histoire.	이제는 이야기할 때가 됐군요.				파이드 파이퍼 마스터
QUEST_LV_0500_20230130_002307	Ceci fait partie de mon	이건 바로 제 				파이드 파이퍼 마스터
QUEST_LV_0500_20230130_002308	Mélodie Secrète	비밀의 곡조				파이드 파이퍼 마스터
QUEST_LV_0500_20230130_002309	. Cette anche est devenue obsolète, cela doit donc signifier que les gants se sont éveillés.	라는 것의 일부입니다.{nl}이렇게 수명을 다하고 리드만 남은 것을 보니 아마 그 장갑이 깨어난 모양이군요.				파이드 파이퍼 마스터
QUEST_LV_0500_20230130_002310	Pour être précis,	아니 정확하게 말하면 				파이드 파이퍼 마스터
QUEST_LV_0500_20230130_002311	ils doivent être revenus	돌아왔다				파이드 파이퍼 마스터
QUEST_LV_0500_20230130_002312	, devrais-je dire.	라고 해야되려나요.				파이드 파이퍼 마스터
QUEST_LV_0500_20230130_002313	Pour faire court, je vais vous dire la vérité, Révélateur.	긴 설명을 드릴 수는 없을테고, 계시자님이시니 솔직하게 고백하겠습니다.				파이드 파이퍼 마스터
QUEST_LV_0500_20230130_002314	J'ai passé un marché avec le Beholder, le dieu démon {#003399}Slogutis{/}. J'ai fait en sorte que le Beholder{nl}puisse redevenir {#003399}Slogutis{/} en aidant au retour des gants, en échange de quoi je pouvais devenir{nl}un Amjinas.	저는 주시자, 마족이자 마신인 {#003399}슬로거티스{/}와 거래를 했습니다. 제가 암지나스가 되는 것과, 주시자가 다시 {#003399}슬로거티스{/}가 될 수 있도록 장갑을 돌아오게 도와주는 것을 교환하였죠.				파이드 파이퍼 마스터
QUEST_LV_0500_20230130_002315	Mais maintenant que les gants sont revenus et que mon marché avec {#003399}Slogutis{/} est conclu, je dois{nl}nettoyer ce gâchis en tant que maître humain.	하지만 이제 장갑은 돌아왔으니, {#003399}슬로거티스{/}와의 거래는 완료된 셈이고 저는 한 사람의 인간 마스터로서 이 일을 수습해야겠네요.				파이드 파이퍼 마스터
QUEST_LV_0500_20230130_002316	Je vais composer une autre mélodie avec cette anche.	일단 제가 이 리드로 다시 어떤 곡조를 만들어드리죠.				파이드 파이퍼 마스터
QUEST_LV_0500_20230130_002317	Avec cela... ah, vous avez dit que c'était dans une capsule.	그걸로 ... 아, 캡슐에 들어있다고 하셨죠.				파이드 파이퍼 마스터
QUEST_LV_0500_20230130_002318	Oui. Je vais vous composer une mélodie capable de briser la capsule.	네. 그 캡슐을 깰 수 있는 곡조를 드리겠습니다.				파이드 파이퍼 마스터
QUEST_LV_0500_20230130_002319	En tant que maître je suis lié au royaume, pardonnez-moi de ne pas pouvoir agir même si c'est{nl}moi qui ai remis la mélodie secrète.	마스터로 왕국에 매인 몸이기도 하고, 어쨌든 비밀의 곡조를 내줬던 사람으로서 직접 나서지 못함을 용서하십시오.				파이드 파이퍼 마스터
QUEST_LV_0500_20230130_002320	Avec cette mélodie je suis sûr que vous pourrez briser la capsule.	계시자님이라면 이 곡조로 캡슐을 쉽게 깰 수 있을 겁니다.				파이드 파이퍼 마스터
QUEST_LV_0500_20230130_002321	Et puis... vous voyez le tableau.	그 다음은... 잘 아시는 바 대로.				파이드 파이퍼 마스터
QUEST_LV_0500_20230130_002322	Avez-vous découvert ce que c'est ?	그게 뭔지 알아보셨나요?				로제
QUEST_LV_0500_20230130_002323	Je vais bien mieux grâce aux herbes que mon frère m'a données.	저는 오빠가 구해 준 약초 덕분에 조금 견딜 만해졌어요.				로제
QUEST_LV_0500_20230130_002324	C'est peut-être parce que vous avez emporté l'anche avec vous...	어쩌면 그 리드 같은 걸 계시자님이 가지고 가 주셔서 그랬나...				로제
QUEST_LV_0500_20230130_002325	Ah... c'était donc l'anche d'une flûte ?	아... 역시, 그건 피리의 리드 부분이었군요?				로제
QUEST_LV_0500_20230130_002326	Maintenant que vous avez vu le Maître Joueur de flûte nous pouvons enfin arrêter cette énergie{nl}maléfique, n'est-ce pas ?	파이드 파이퍼 마스터님까지 만나보고 오셨으니 이제 이 사악한 기운을 멈출 수 있겠죠?				로제
QUEST_LV_0500_20230130_002327	Il savait même pour cette grosse capsule...	파이드 파이퍼 마스터님은 이 커다란 캡슐의 존재까지 알고 계셨군요...				로제
QUEST_LV_0500_20230130_002328	Fabriquer un instrument capable de briser la capsule avec cette anche maléfique... Quel être{nl}mystérieux...	사악한 기운이 서려 있던 리드 같은 걸로 이 큰 캡슐을 파괴할 악기를 만들어 주시다니... {nl}신비한 분이시군요....				로제
QUEST_LV_0500_20230130_002329	Amjinas ?	암지나스요?				로제
QUEST_LV_0500_20230130_002330	Je ne sais pas trop...	그런 어려운 건 잘 몰라도...				로제
QUEST_LV_0500_20230130_002331	Ahh, ma tête !	아악, 다시 머리가!				로제
QUEST_LV_0500_20230130_002332	Révélateur, détruisez la capsule avec l'instrument, je vous en prie !	계시자님, 지체하지 말고 그 악기로 이 캡슐을 파괴해주세요!				로제
QUEST_LV_0500_20230130_002333	Si cette énergie maléfique se répandait... le Beholder va... le monde...	이 사악한 기운이 더 퍼져나가면... 그 주시자가... 세상을... 				로제
QUEST_LV_0500_20230130_002334	Révélateur, nous devons sauver Rose !!	계시자님, 로제를 구해야 해요!!				에드문다스
QUEST_LV_0500_20230130_002335	Je serai au Confessionnal !	저 먼저 참회의 기도실로 가겠습니다!				에드문다스
QUEST_LV_0500_20230130_002336	Je dois... dois protéger Rose à tout prix... J'ai honte d'être un tel frère...	어떻게든... 어떻게든 로제를 지켜야 하는데...{nl}이런 정도의 오빠라니 너무 부끄럽습니다...				에드문다스
QUEST_LV_0500_20230130_002337	Quand les monstres sont arrivés j'ai pris peur...	막상 몬스터들이 몰려오니 겁이 나서 그만...				에드문다스
QUEST_LV_0500_20230130_002338	Je me demande si je pourrai la protéger...	이대로 동생을 지킬 수 있을까요...				에드문다스
QUEST_LV_0500_20230130_002339	Je serais mort sans vous... Je tremble encore...	지금도 계시자님이 안계셨으면 전 죽었을 겁니다...{nl}지금도 덜덜 떨려요... 				에드문다스
QUEST_LV_0500_20230130_002340	Malgré toute l'aide que vous avez déjà apportée, merci de vous porter de nouveau volontaire...	지금까지도 도와주셨는데, 다시 나서주시다니 정말 감사합니다...				에드문다스
QUEST_LV_0500_20230130_002341	Je vous en prie, sauvez ma sœur...	꼭, 꼭 동생을 구해주셔야 합니다...				에드문다스
QUEST_LV_0500_20230130_002342	Ainsi je pourrai tenir la promesse que j'ai faite à mes parents...	그게 돌아가신 부모님과의 약속을 지키는 길이에요...				에드문다스
QUEST_LV_0500_20230130_002343	Avez-vous vu cela, Révélateur ?	보셨습니까, 계시자님?				에드문다스
QUEST_LV_0500_20230130_002344	Je ne peux pas vous aider directement, mais je peux vous dire ce que je vois !	제가 직접 도움은 안되었지만, 본 것은 말씀드릴 수 있어서 다행이에요!				에드문다스
QUEST_LV_0500_20230130_002345	Les Vubbe tombés ont laissé un parchemin !	부베들이 쓰러지면서 스크롤을 떨어뜨렸습니다!				에드문다스
QUEST_LV_0500_20230130_002346	Le parchemin doit contenir des indices !	틀림없이, 이 스크롤에 단서가 있을 겁니다!				에드문다스
QUEST_LV_0500_20230130_002347	Bon.. voyons voir...	이건... 어디보자...				에드문다스
QUEST_LV_0500_20230130_002348	{@st66d_y}{s25}Ordre du démon{/}{/}{nl}Le Beholder a ordonné la protection de la pierre de sceau pendant la cérémonie. Protégez à tout{nl}prix les pierres de sceau du First et du Deuxième oratoire.	{@st66d_y}{s25}마족지령서{/}{/}{nl}주시자님께서 의식이 진행될 동안 봉인석을 지키라고 명하셨다.{nl}제 1 기도실과 제 2 기도실에 있는 봉인석을 철저히 방어해라.				PC
QUEST_LV_0500_20230130_002349	Cette barrière a été créée par le Beholder à l'aide d'une pierre de sceau.	주시자가 봉인석을 이용해 만든 결계다.				
QUEST_LV_0500_20230130_002350	Pff... Je ne suis pas doué au combat... Je devrais au moins me pousser du chemin du Révélateur...{nl}Je me suis blessé en essayant de me cacher...	으윽... 저는 아직은 전투 능력이 없어서....{nl}최소한 계시자님께 방해는 되지 말아야겠어서...{nl}숨다가 그만.. 좀, 다친 것 같습니다....				에드문다스
QUEST_LV_0500_20230130_002351	Ne... vous inquiétez pas pour moi...	신경쓰지 마시...고...				에드문다스
QUEST_LV_0500_20230130_002352	Allons détruire la pierre de sceau dans le Deuxième oratoire	이제 제 2 기도실에 있는 봉인석을 파괴하러 가시죠...				에드문다스
QUEST_LV_0500_20230130_002353	Où... est le Deuxième oratoire...	제 2 기도실은 어디...지....				에드문다스
QUEST_LV_0500_20230130_002354	Argh...	윽...				에드문다스
QUEST_LV_0500_20230130_002355	Il est difficile de faire un subordonné loyal d'un humain pur.	순수한 인간으로는 충실한 부하를 만들기 어렵군.				주시자
QUEST_LV_0500_20230130_002356	La pureté ne vaut rien, c'est presque une malédiction....	순수함 따윈 볼품없고, 저주와 마찬가지인 것을....				주시자
QUEST_LV_0500_20230130_002357	Rose... J'aurais dû faire plus pour vous...	로제... 아직 못해준 게 너무 많은데...				에드문다스
QUEST_LV_0500_20230130_002358	Je suis désolé... tellement désolé...	미안해... 오빠가  미안하구나...				에드문다스
QUEST_LV_0500_20230130_002359	Révélateur, si vous n'êtes pas trop occupé pouvez-vous m'assister dans une tâche sans que notre{nl}seigneur le sache ?	계시자님, 혹시 바쁘시지 않다면 영주님 몰래 한가지 일을 해결해주실 수 있으십니까?				영주 호위병
QUEST_LV_0500_20230130_002360	Une enquête est en cours car les gens entendent chaque nuit les cris d'une fille à Novaha et aux{nl}Bois des Ponts reliés.	현재 노바하와 덧댄다리 숲에서 밤마다 소녀의 비명소리가 들린다는 소리를 듣고 조사를 하고 있습니다.				영주 호위병
QUEST_LV_0500_20230130_002361	On dit que le son s'amplifie à mesure qu'on approche de Novaha...	이 소리는 노바하 쪽에 가까워지면 가까워질 수록 커진다고 하는데...				영주 호위병
QUEST_LV_0500_20230130_002362	Le seigneur Hamondale met tous ses efforts à trouver Pajauta et le Beholder, et avec la gestion{nl}des affaires publiques il n'ira nulle part de sitôt.	현재 파야우타님과 주시자를 찾고, 민원을 처리하는데 영주님이 전력을 쏟고 계셔서 움직일 수가 없으십니다.				영주 호위병
QUEST_LV_0500_20230130_002363	Aidez à l'enquête sur cette affaire, je vous prie.	이 일에 대해서 조사를 해주십시오.				영주 호위병
QUEST_LV_0500_20230130_002364	Oh, Révélateur ? Qu'est-ce qui vous amène ici ?	어, 계시자님?{nl}여긴 어쩐 일로?				큐폴 루타
QUEST_LV_0500_20230130_002365	Je suis venue purifier régulièrement l'âme de Rose dans l'encensoir	저는 향로 안에 있는 로제의 영혼을 정기적으로 정화하기 위해서 왔습니다.				큐폴 루타
QUEST_LV_0500_20230130_002366	Quoi ? le son des cris de Rose cause des ennuis à Orsha ?	네? 로제의 비명소리로 오르샤에서 난리라고요?				큐폴 루타
QUEST_LV_0500_20230130_002367	Une purification normale ne résoudra pas cela.	단순 정화로는 해결이 안되는 거 같군요.				큐폴 루타
QUEST_LV_0500_20230130_002368	Révélateur. Allons abattre Rose.	계시자님. 로제를 제압하러 가시죠.				큐폴 루타
QUEST_LV_0500_20230130_002369	Moi, Ruta, je vous aiderai, Révélateur.	저 루타가 계시자님을 돕겠습니다.				큐폴 루타
QUEST_LV_0500_20230130_002370	Ce phénomène pourrait se reproduire régulièrement parce que le pouvoir du Beholder souille{nl}l'âme.	주시자의 힘이 영혼을 더럽혀서 주기적으로 이런 현상이 발생할 거 같네요.				큐폴 루타
QUEST_LV_0500_20230130_002371	Nous avons désespérément besoin de votre aide, Révélateur.	계시자님의 힘이 절실할 거 같습니다.				큐폴 루타
QUEST_LV_0500_20230130_002372	Que la paix accompagne vos voyages, Révélateur...	계시자님의 모험에 평안이 있기를... 				파이드 파이퍼 마스터
QUEST_LV_0500_20230130_002373	Edmundas est parti en silence comme si son âme avait quitté son corps.	에드문다스는 넋이 나간 듯, 조용히 자리를 떠났다.				PC
QUEST_LV_0500_20230130_002374	Panneau d'affichage d'Orsha	오르샤 공고판				
QUEST_LV_0500_20230130_002375	Recherche d'aventuriers pour éliminer les Vubbe à Novaha.	노바하 지역의 부베를 잡아주실 모험가를 모집하고 있습니다.				오르샤 공고판
QUEST_LV_0500_20230130_002376	Occupez-vous des Vubbe, et recevez votre récompense à Orsha.	부베를 잡으시고, 오르샤로 오셔서 보상을 받아기십시오.				오르샤 공고판
QUEST_LV_0500_20230130_002377	Un panneau avec des avis de requêtes.	의뢰에 관련 공고들이 모여있는 게시판이다.				오르샤 공고판
QUEST_LV_0500_20230130_002378	Garde du Seigneur d'Orsha	오르샤 영주 경비병				
QUEST_LV_0500_20230130_002379	Révélateur, qu'est-ce qui vous amène ici ?	계시자님, 무슨 일로 오셨습니까?				오르샤 영주 경비병
QUEST_LV_0500_20230130_002380	Hein ? Vous êtes ici pour cette requête ?	네? 이 의뢰를 보고 오셨다고요?				오르샤 영주 경비병
QUEST_LV_0500_20230130_002381	Novaha a fort à faire avec le manque de personnel et d'aventuriers....	노바하 쪽은 지금 인력이 없고, 자원하시는 모험가분도 없으셔서 고생이 많았는데....				오르샤 영주 경비병
QUEST_LV_0500_20230130_002382	L'association de magie d'Orsha cherche des crocs de Pokubu.	오르샤 마법협회에서 포쿠부 송곳니를 구하고 있습니다.				오르샤 공고판
QUEST_LV_0500_20230130_002383	Les personnes intéressées, apportez vos crocs de Pokubu à l'association de magie d'Orsha !	관심이 있는 분들을 포쿠부 송곳니를 모아서 오르샤 마법협회를 찾아와주세요!				오르샤 공고판
QUEST_LV_0500_20230130_002384	Bonjour Que puis-je pour vous ?	안녕하세요{nl}무슨 일로 오셨나요?				플로아나
QUEST_LV_0500_20230130_002385	Vous avez apporté les crocs de Pokubu de l'avis de recherche ?	공고문을 보고 포쿠부 송곳니를 구해오셨다고요?				플로아나
QUEST_LV_0500_20230130_002386	Marchande cupide	탐욕스러운 여상인				
QUEST_LV_0500_20230130_002387	Ah, inacceptable !	아오, 짜증나!				탐욕스러운 여상인
QUEST_LV_0500_20230130_002388	Ces sales Vubbe... ils ont pris toutes mes affaires !	망할 부베놈들... 내 물건들을 모두 가져갔어!				탐욕스러운 여상인
QUEST_LV_0500_20230130_002389	Euh, si vous n'êtes pas occupé pourriez-vous récupérer mes affaires auprès des Vubbe ?	어, 당신 지금 바쁘지 않다면 부베 놈들이 가져간 내 물건 좀 가져와 줄 수 있어?				탐욕스러운 여상인
QUEST_LV_0500_20230130_002390	Vous serez bien récompensé.	내가 충분한 보상을 해줄게.				탐욕스러운 여상인
QUEST_LV_0500_20230130_002391	Bien. Il sera difficile de rapporter tout le chariot, alors pouvez-vous rapporter quelques affaires{nl}de l'intérieur ?	좋아.{nl}마차를 가져오는 건 힘드니까. 안에 있는 물건들이라도 좀 가져와줘.				탐욕스러운 여상인
QUEST_LV_0500_20230130_002392	Merci. J'ai encore des affaires en suspens....	고마워.{nl}하지만 이대로 끝낼 순 없지....				탐욕스러운 여상인
QUEST_LV_0500_20230130_002393	Je veux me venger de ce que les Vubbe ont fait !	부베 놈들한테 받은 것을 되갚아야 해!				탐욕스러운 여상인
QUEST_LV_0500_20230130_002394	J'ai remarqué que les Vubbe ont des joyaux sur le corps....	부베를 보니까 몸에 보석을 박고 있던데....				탐욕스러운 여상인
QUEST_LV_0500_20230130_002395	Je me dis que je peux compenser les pertes ici en vendant ces joyaux.	저것들을 팔면 내가 본 손해를 메꿀 수 있을 거 같거든?				탐욕스러운 여상인
QUEST_LV_0500_20230130_002396	Allez tuer des Vubbe et rapportez-moi ces joyaux.	부베를 잡아 죽이고 보석 좀 가져와줘. 				탐욕스러운 여상인
QUEST_LV_0500_20230130_002397	Ce joyau brillant, apportez-le-moi.	저 반짝이는 보석을 빨리 가져와줘.				탐욕스러운 여상인
QUEST_LV_0500_20230130_002398	Bien. Je peux vendre cela très cher.	좋아.{nl}이거라면 아주 비싸게 팔릴 거야.				탐욕스러운 여상인
QUEST_LV_0500_20230130_002399	La marchande a pris le joyau et est partie.	여상인은 보석을 들고 자리를 떠났다.				탐욕스러운 여상인
QUEST_LV_0500_20230130_002400	Érudit isolé	고립된 학자				
QUEST_LV_0500_20230130_002401	Pff, que faire...	으, 이걸 어떻게 해야하지...				고립된 학자
QUEST_LV_0500_20230130_002402	Hein ? pourriez-vous m'aider.... ?	어? 혹시 나 좀 도와주실 수 있겠나....?				고립된 학자
QUEST_LV_0500_20230130_002403	Je ne peux pas bouger à cause des Vubbe...	부베들 때문에 여기서 움직일 수가 없다네...				고립된 학자
QUEST_LV_0500_20230130_002404	Je dois arriver à Orsha....	오르샤로 가야 하는데....				고립된 학자
QUEST_LV_0500_20230130_002405	Vraiment... !	정말인가...!				고립된 학자
QUEST_LV_0500_20230130_002406	Merci !	고맙네!				고립된 학자
QUEST_LV_0500_20230130_002407	Ce livre, il n'était pas là avant.{nl}Devrais-je le lire ?	이곳을 지나갔을 때는 못 봤던 책이다.{nl}읽어볼까?				
QUEST_LV_0500_20230130_002408	Garde du Seigneur d'Orsha	오르샤 영주 호위병				
QUEST_LV_0500_20230130_002409	Ah, Révélateur. En quoi puis-je vous être utile	아, 계시자님. 어서 오십시오.{nl}무슨 일로 찾아오셨나요?				오르샤 영주 호위병
QUEST_LV_0500_20230130_002410	Journal d'expériences ?	실험 일지요?				오르샤 영주 호위병
QUEST_LV_0500_20230130_002411	Cela semble être quelque chose à ne pas prendre à la légère.	내용을 들어보니 간단히 넘어가야 할 사항은 아닌 거 같군요.				오르샤 영주 호위병
QUEST_LV_0500_20230130_002412	Je rapporterai au seigneur ce que vous avez dit.	계시자님께서 말씀해주신 것들은 제가 영주님께 보고드리겠습니다.				오르샤 영주 호위병
QUEST_LV_0500_20230130_002413	Vous nous avez aidés une fois de plus.	계시자님께는 또 도움을 받는군요.				오르샤 영주 호위병
QUEST_LV_0500_20230130_002414	Vous devez vous en occuper avant que le seigneur ne le découvre. Ce sera un problème s'il y a{nl}plus de travail à faire.	영주님이 아시기 전에 처리해주셔야 합니다.{nl}더 이상 일이 늘어나면 곤란합니다.				영주 호위병
QUEST_LV_0500_20230130_002415	En fait, il est à la Forêt d'Issaugoti, ce qui n'est pas loin d'ici. Vous devriez aller le voir.	파이드 파이터 마스터님은 오르샤에서 멀지 않은 이사우고티 숲에 잠시 와 계시니, 가서 만나보시기 바랍니다.				플로아나
QUEST_LV_0500_20230130_002416	Je dois retourner à Orsha... Mais comment ?	오르샤로 돌아가야하는데...{nl}어떻게 해야지?				고립된 학자
QUEST_LV_0500_20230130_002417	Le Conseil du Seigneur	영주의 조언				
QUEST_LV_0500_20230130_002418	Je vais essayer de prier.	기도를 드려보겠다고 한다.				
QUEST_LV_0500_20230130_002419	J'ai besoin d'un moment pour réfléchir.	잠시 생각을 해보겠다고 한다.				
QUEST_LV_0500_20230130_002420	Indice à Novaha	단서는 노바하에				
QUEST_LV_0500_20230130_002421	Dites-moi la réponse.	답을 알려달라고 한다.				
QUEST_LV_0500_20230130_002422	Je dois être prêt à l'entendre.	들을 준비를 하고 온다고 한다.				
QUEST_LV_0500_20230130_002423	Rose, la Fille Affaiblie	쇠약한 소녀, 로제				
QUEST_LV_0500_20230130_002424	Cela fait un moment.	오랜만이라고 한다.				
QUEST_LV_0500_20230130_002425	Je ne me souviens pas.	누군지 기억이 안난다고 한다.				
QUEST_LV_0500_20230130_002426	Fougère Rouge	붉은 고사리				
QUEST_LV_0500_20230130_002427	Connaissez-vous le Beholder ?	주시자에 대해서 아는 것이 있냐고 묻는다.				
QUEST_LV_0500_20230130_002428	Rien d'autre que le Beholder ne m'intéresse.	주시자에 대한 것 말고는 관심이 없다고 한다.				
QUEST_LV_0500_20230130_002429	Pourquoi êtes-vous ici ?	왜 이 곳에 있는지 물어본다.				
QUEST_LV_0500_20230130_002430	Vers un Lieu Sûr	안전한 곳으로				
QUEST_LV_0500_20230130_002431	Ils ont assez souffert	고생한 그들을 위해				
QUEST_LV_0500_20230130_002432	Je vais le chercher.	구해오겠다고 말한다.				
QUEST_LV_0500_20230130_002433	Le Souvenir de Rose	로제의 기억				
QUEST_LV_0500_20230130_002434	Poser des questions sur le Beholder	주시자에 대해서 묻는다.				
QUEST_LV_0500_20230130_002435	Je dois me préparer.	마음의 준비를 하고 온다고 한다.				
QUEST_LV_0500_20230130_002436	Suivre le Souvenir	기억을 따라서				
QUEST_LV_0500_20230130_002437	Je dois faire quelques préparatifs.	단단히 준비하고 온다고 한다.				
QUEST_LV_0500_20230130_002438	Indice dans la Bibliothèque	단서는 서고 안에				
QUEST_LV_0500_20230130_002439	Écoutons Rose.	로제의 의견을 들어보라고 한다.				
QUEST_LV_0500_20230130_002440	Vous êtes trop curieux.	너무 오지랖이 넓다고 꾸짖는다.				
QUEST_LV_0500_20230130_002441	Rose Souffrante	고통받는 로제				
QUEST_LV_0500_20230130_002442	ŒIl pour œIl	약탈은 약탈로				
QUEST_LV_0500_20230130_002443	Piste Floue (1)	흐린 흔적(1)				
QUEST_LV_0500_20230130_002444	Je le sens aussi.	나도 느끼고 있다고 말한다.				
QUEST_LV_0500_20230130_002445	Vous devez vous reposer.	안정을 취해야한다고 말한다.				
QUEST_LV_0500_20230130_002446	Piste Floue (2)	흐린 흔적(2)				
QUEST_LV_0500_20230130_002447	Vous devez encore vous reposer.	아직은 좀 더 쉬어야 한다고 한다.				
QUEST_LV_0500_20230130_002448	À la Recherche du Maître de la Mélodie	곡조의 주인을 찾아서				
QUEST_LV_0500_20230130_002449	Je chercherai des informations sur la flûte.	피리에 대한 정보를 찾아보겠다고 한다.				
QUEST_LV_0500_20230130_002450	Mélodie de Destruction	파괴의 곡조				
QUEST_LV_0500_20230130_002451	Remettre l'objet de Rose.	로제에게 받은 물품을 건넨다.				
QUEST_LV_0500_20230130_002452	Je reviendrai plus tard.	좀 있다가 다시 온다고 한다.				
QUEST_LV_0500_20230130_002453	Devilglove Éveillé	깨어난 데블글로브				
QUEST_LV_0500_20230130_002454	Je vais le détruire.	파괴하겠다고 한다.				
QUEST_LV_0500_20230130_002455	J'ai un mauvais pressentiment.	불길한 느낌이 든다고 한다.				
QUEST_LV_0500_20230130_002456	Dans l'Oratoire	기도실 안으로				
QUEST_LV_0500_20230130_002457	Fouille de l'Oratoire (1)	기도실 수색(1)				
QUEST_LV_0500_20230130_002458	Fouille de l'Oratoire (2)	기도실 수색(2)				
QUEST_LV_0500_20230130_002459	Vous êtes pathétique, j'ai perdu l'envie de vous aider.	한심한 모습에 도와줄 마음이 사라졌다고 한다.				
QUEST_LV_0500_20230130_002460	Deux Pierres de Sceau (1)	두 개의 봉인석(1)				
QUEST_LV_0500_20230130_002461	C'est dangereux, n'y touchez pas.	위험하니 만지지 말라고 한다.				
QUEST_LV_0500_20230130_002462	Deux Pierres de Sceau (2)	두 개의 봉인석(2)				
QUEST_LV_0500_20230130_002463	Soignons d'abord la blessure.	상처를 먼저 치료해야한다고 한다.				
QUEST_LV_0500_20230130_002464	Les non-rachetés	구원받지 못한 자				
QUEST_LV_0500_20230130_002465	Le Cri de l'Âme	영혼의 절규				
QUEST_LV_0500_20230130_002466	Je suis un peu occupé, parlons plus tard.	바쁘니 나중에 이야기하자고 한다.				
QUEST_LV_0500_20230130_002467	Encensoir du Salut	구원의 향로				
QUEST_LV_0500_20230130_002468	Je vais le résoudre.	해결하겠다고 한다.				
QUEST_LV_0500_20230130_002469	Je m'en vais faire autre chose.	다른 일을 하고 오겠다고 한다.				
QUEST_LV_0500_20230130_002470	Avis de Chasse aux Vubbe	부베 처치 공고				
QUEST_LV_0500_20230130_002471	Je vais chasser les Vubbe.	부베를 처리하러 간다.				
QUEST_LV_0500_20230130_002472	Je dois m'occuper d'autre chose.	다른 일을 처리하러 간다.				
QUEST_LV_0500_20230130_002473	Croc de Pokubu recherché !	포쿠부 송곳니 구합니다!				
QUEST_LV_0500_20230130_002474	Je vais chercher ces crocs.	구해서 전해주도록 한다.				
QUEST_LV_0500_20230130_002475	Je dois m'occuper d'autre chose.	다른 일이 우선이라고 한다.				
QUEST_LV_0500_20230130_002476	La Cupidité d'un Marchand (1)	상인은 이익을 놓치지 않는다(1)				
QUEST_LV_0500_20230130_002477	Je vais vous aider.	돕는다고 한다.				
QUEST_LV_0500_20230130_002478	Je suis trop occupé, trouvez quelqu'un d'autre.	바빠서 다른 사람에게 부탁하라고 한다.				
QUEST_LV_0500_20230130_002479	La Cupidité d'un Marchand (2)	상인은 이익을 놓치지 않는다(2)				
QUEST_LV_0500_20230130_002480	J'ai autre chose à faire.	다른 일을 해야한다고 한다.				
QUEST_LV_0500_20230130_002481	Isolé	고립무원				
QUEST_LV_0500_20230130_002482	Le Secret de l'Oratoire (1)	기도실의 비밀(1)				
QUEST_LV_0500_20230130_002483	Allez voir.	확인해본다.				
QUEST_LV_0500_20230130_002484	Faire demi-tour.	신경쓰지 않고 돌아간다.				
QUEST_LV_0500_20230130_002485	Le Secret de l'Oratoire (2)	기도실의 비밀(2)				
QUEST_LV_0500_20230130_002486	Parler à Inesa Hamondale, Seigneur d'Orsha	오르샤의 영주 이네사 헤먼데일과 이야기하기				
QUEST_LV_0500_20230130_002487	Y a-t-il un moyen de retrouver la trace du Beholder ?{nl}Parlons à Inesa Hamondale, seigneur d'Orsha.	주시자의 흔적을 찾을 수 있는 방법이 없을까?{nl}오르샤의 영주 이네사 헤먼데일과 이야기를 해보자.				
QUEST_LV_0500_20230130_002488	Aller à la statue d'Ausrine et prier	여신 아우슈리네의 상으로 가서 기도하기				
QUEST_LV_0500_20230130_002489	Inesa Hamondale a dit que prier pourrait donner des réponses.{nl}Allons prier à la statue d'Ausrine.	오르샤의 영주 이네사 헤먼데일은 계시자인 당신에게 기도를 드리면 무언가 답을 해줄지도 모른다고 한다.{nl}여신 아우슈리네의 상으로 가서 기도를 드려보자.				
QUEST_LV_0500_20230130_002490	Parler à la Déesse Laima	여신 라이마와 이야기하기				
QUEST_LV_0500_20230130_002491	En priant à la statue de la Déesse à Orsha, Neringa vous informe que la Déesse Laima vous cherche.{nl}Parlons à la Déesse Laima.	오르샤의 여신상에서 기도를 드리니, 네링가가 찾아와 라이마 여신이 찾는다고 한다.{nl}무슨 일인지 여신 라이마와 이야기를 하자.				
QUEST_LV_0500_20230130_002492	Aller à Novaha en utilisant la statue de la Déesse	여신상으로 가서 노바하로 가기				
QUEST_LV_0500_20230130_002493	La Déesse Laima vous dit d'aller à la statue de la Déesse et de vous diriger vers Novaha quand vous serez prêt.{nl}Préparez-vous et allez à la statue du Sanctuaire de Laima.	여신 라이마는 준비가 되면 여신상으로 가서 노바하로 떠나라고 한다.{nl} 준비를 마치고 라이마의 성소에 있는 여신상으로 가자				
QUEST_LV_0500_20230130_002494	Parler à Edmundas	에드문다스와 대화하기				
QUEST_LV_0500_20230130_002495	La Déesse Laima dit que l'indice sur l'endroit où se trouve le Beholder est à Novaha.{nl}Mais quelqu'un semble familier... ?	라이마 여신은 노바하에 주시자를 찾을 수 있는 단서가 있다고 한다.{nl}그런데 익숙한 얼굴이 보이는 거 같은데...?				
QUEST_LV_0500_20230130_002496	Vaincre les Vubbes	나타난 부베 처치				
QUEST_LV_0500_20230130_002497	Vous vous êtes occupé de tous les Vubbe embusqués.{nl}Parlez à Edmundas.	습격해온 부베를 모두 처리했다.{nl}에드문다스와 이야기해보자.				
QUEST_LV_0500_20230130_002498	Récolter le Fougère Rouge	붉은 고사리 채집하기				
QUEST_LV_0500_20230130_002499	Edmundas vous a raconté ce qui s'est passé.{nl}On dit qu'il faut du Fougère rouge{nl}pour fabriquer un remède pour Rose.{nl}Allons déterrer du Fougère rouge.	에드문다스에게 그 동안의 이야기를 들었다.{nl}로제를 위한 치료제를 만들기 위해서 붉은 고사리가 필요하다고 한다.{nl}붉은 고사리를 캐자.				
QUEST_LV_0500_20230130_002500	Le Fougère rouge semble suffisant.{nl}Parlez à Edmundas.	필요한 만큼 고사리를 캔 거 같다.{nl}에드문다스에게 말을 걸어보자.				
QUEST_LV_0500_20230130_002501	Récolter du Fougère Rouge	붉은 고사리 채집				
QUEST_LV_0500_20230130_002502	Engager la conversation avec Edmundas	에드문다스와 이야기하기				
QUEST_LV_0500_20230130_002503	Vous avez tous les Fougères rouges utilisés comme ingrédients du remède.{nl}Parlez à Edmundas.	약의 재료인 붉은 고사리를 모두 구했다.{nl}에드문다스와 이야기를 하자.				
QUEST_LV_0500_20230130_002504	Se mettre à l'abri	안전한 곳으로 이동하기				
QUEST_LV_0500_20230130_002505	Il vous a dit que nous devons aller dans un endroit sûr pour fabriquer le remède avec les Fougères rouges.{nl}Rendons-nous dans un endroit sûr.	붉은 고사리로 약을 지을 안전한 곳을 가야한다고 한다.{nl}안전한 곳으로 이동하자.				
QUEST_LV_0500_20230130_002506	Edmundas et Rose semblent être arrivés sains et saufs.{nl}Parlez à Edmundas.	에드문다스와 로제가 무사히 도착한 거 같다.{nl}에드문다스에게 말을 걸자.				
QUEST_LV_0500_20230130_002507	Parler à Edmundas qui a fabriqué le remède.	약을 제조한 에드문다스에게 말을 걸어보자.				
QUEST_LV_0500_20230130_002508	Obtenir la viande des Pokubu violent	포악한 포쿠부를 잡아 고기를 얻기				
QUEST_LV_0500_20230130_002509	Edmunds semble n'avoir rien mangé pendant qu'il s'occupait de Rose.{nl}Chassez les Pokubu violent à l'Aire de repos principale et obtenez de la viande pour nourrir Edmundas et Rose.	에드문다스는 로제를 챙기는 동안 정작 자신은 아무것도 못 먹은 모양이다.{nl}본원 휴게소의 포악한 포쿠부를 잡아 에드문다스와 로제에게 먹일 고기를 얻어오자.				
QUEST_LV_0500_20230130_002510	Vous avez apporté de la viande pour nourrir Edmundas et Rose.{nl}Parlez à Edmundas.	에드문다스와 로제를 먹일 고기를 가져왔다.{nl} 에드문다스와 이야기를 하자.				
QUEST_LV_0500_20230130_002511	Parler à Rose	로제와 이야기하기				
QUEST_LV_0500_20230130_002512	Rose semble avoir repris un peu d'énergie après avoir pris de la nourriture et du remède.{nl}Parlez à Rose.	로제가 음식과 약을 먹고 어느 정도 기운을 차린 거 같다.{nl}로제와 이야기를 해보자.				
QUEST_LV_0500_20230130_002513	Rose vous a raconté ce qui s'est passé à Novaha auparavant.{nl}Elle a proposé de vous guider là où se trouve le Beholder.	로제는 과거에 노바하에 있었던 일을 이야기해주었다.{nl}자신이 주시자가 있는 곳으로 안내해준다고 한다.				
QUEST_LV_0500_20230130_002514	Rose semble savoir où est le Beholder.{nl}Parlons-lui.	로제는 주시자의 위치에 대해서 아는 듯한 모양이다.{nl}좀 더 이야기를 해보자.				
QUEST_LV_0500_20230130_002515	Se Rendre à la Chapelle Principale	본원 예배당으로 이동하기				
QUEST_LV_0500_20230130_002516	Edmundas souhaite vous accompagner si Rose y va.{nl}Rendez-vous à la Chapelle principale.	에드문다스는 로제가 가겠다면 자신도 가겠다면서, 따라오기로 했다.{nl}본원 예배당으로 이동하자.				
QUEST_LV_0500_20230130_002517	Edmundas souhaite vous accompagner.{nl}Rendez-vous à la Chapelle principale.	에드문다스는 가겠다면 자신도 가겠다면서, 따라가기로 했다.{nl}본원 예배당으로 이동하자.				
QUEST_LV_0500_20230130_002518	Vaincre les Vubbas	부바스 처치				
QUEST_LV_0500_20230130_002519	Vous avez vaincu les Vubbas à la Chapelle principale.{nl}Edmundas semble avoir quelque chose à dire comme s'il avait senti quelque chose d'inhabituel.{nl}Parlons à Edmundas.	본원 예배당에서 나타난 부바스를 처치했다.{nl}에드문다스는 심상치 않은 것을 느꼈는지 할 말이 있는 거 같다.{nl}에드문다스와 이야기하자.				
QUEST_LV_0500_20230130_002520	Parler à Rose	로제와 대화하기				
QUEST_LV_0500_20230130_002521	Edmundas est mal à l'aise à l'idée que sa sœur aille à la bibliothèque.{nl}Parlons-en à Rose.	에드문다스는 여동생이 서고로 가는 것에 불안함을 느끼고 있다.{nl}로제에게 이것에 대해서 이야기하자.				
QUEST_LV_0500_20230130_002522	Rose affirme fermement que c'est quelque chose qu'elle seule peut faire.{nl}Parlez-en à Edmundas.	로제는 자신만이 할 수 있는 일이라며 단호하게 이야기하고 있다.{nl}에드문다스에게 이것에 대해서 말을 해주자.				
QUEST_LV_0500_20230130_002523	Aller à la Bibliothèque de Novaha	노바하 서고로 가기				
QUEST_LV_0500_20230130_002524	Vaincre les Vubbas et emmener Edmundas et Rose à la Bibliothèque de Novaha.	부바스를 쓰러뜨리고, 에드문다스와 로제를 데리고, 노바하 서고로 간다.				
QUEST_LV_0500_20230130_002525	Rose semble avoir du mal dès son arrivée à la Bibliothèque de Novaha.{nl}Va-t-elle bien ?{nl}Parlons à Rose.	노바하 서고에 도착하자마자 로제는 많이 힘들어하는 거 같다.{nl}괜찮은 걸까?{nl}로제와 이야기를 해보자.				
QUEST_LV_0500_20230130_002526	Rose semble malade.{nl}Pouvez-vous faire quelque chose ?	로제의 상태가 좋지 않아보인다.{nl}할 수 있는 일이 없을까?				
QUEST_LV_0500_20230130_002527	Vaincre les Vubbe et reprendre ce qu'ils ont pillé 	부베를 처치하고, 약탈한 물건들 가져오기				
QUEST_LV_0500_20230130_002528	La santé de Rose semble décliner. En regardant autour, vous avez vu un tas d'objets volés par les Vubbe.{nl}Fouillons le tas pour voir s'il y a quelque chose qui puisse aider Rose.	로제의 상태가 좋지 않아, 주변을 보니 부베들이 약탈한 물건들이 쌓여있는 것을 보았다.{nl}물건들을 확인해서 로제에게 도움이 될만한 것이 있는지 찾아보자.				
QUEST_LV_0500_20230130_002529	Vous avez trouvé de quoi nourrir Rose dans le butin des Vubbe.{nl}Retournons voir Rose.	부베가 약탈한 물건에서 로제에게 먹일 만한 것들이 발견되었다.{nl}로제에게 돌아가자.				
QUEST_LV_0500_20230130_002530	Prendre quelque chose pour Rose dans la voiture	마차 안에서 로제가 먹을 만한 것을 가져오기				
QUEST_LV_0500_20230130_002531	Rose semble avoir repris des forces après avoir mangé ce que vous avez apporté.{nl}Parlez à Rose.	로제가 가져온 것을 먹고 힘이 난 모양이다.{nl}로제와 이야기를 해보자.				
QUEST_LV_0500_20230130_002532	Vaincre les Vubbe embusqués	습격한 부베 처치하기				
QUEST_LV_0500_20230130_002533	Les Vubbe ont soudain attaqué alors que Rose tentait de vous guider.{nl}Vainquez tous les Vubbe.	로제가 안내하려고 하던 중에 갑자기 부베들이 습격했다.{nl}부베들을 모두 처치하자.				
QUEST_LV_0500_20230130_002534	Vous avez vaincu tous les Vubbe.{nl}Parlez à Rose.	부베들을 모두 처치했다.{nl}로제와 이야기를 하자.				
QUEST_LV_0500_20230130_002535	Vaincre les Vubbe embusqués	습격해온 부베 처치				
QUEST_LV_0500_20230130_002536	Vous avez vaincu les hordes de Vubbe qui ont attaqué Rose et Edmundas.{nl}Parlez à Rose.	로제와 에드문다스를 습격한 부베 무리를 처치했다.{nl}로제에게 말을 걸어보자.				
QUEST_LV_0500_20230130_002537	Examiner la Trace	흔적 조사하기				
QUEST_LV_0500_20230130_002538	Rose dit que vous pourrez découvrir quelque chose en suivant les traces dans la bibliothèque.{nl}Suivez Rose et enquêtez 	쉬던 로제는 서고에 있는 흔적들을 따라가면 무언가 알 수 있다고 한다.{nl}로제를 따라서 조사를 해보자.				
QUEST_LV_0500_20230130_002539	Vérifier l'État de Rose	로제의 상태를 확인하기				
QUEST_LV_0500_20230130_002540	Il y a un gant dans une immense capsule.{nl}Qu'est-ce que c'est ?{nl}Parlons d'abord à Rose.	흔적을 따라간 곳에는 거대한 캡슐 안에 있는 장갑이 있었다.{nl}이건 뭘까?{nl}우선 로제와 이야기를 해보자.				
QUEST_LV_0500_20230130_002541	Rose semble avoir trouvé quelque chose pendant que vous combattiez les Vubbe.{nl}Parlez à Rose.	로제가 부베들과 싸우는 동안 무언가 발견한 모양이다.{nl}로제와 이야기를 해보자.				
QUEST_LV_0500_20230130_002542	Edmundas semble mort d'inquiétude pour sa sœur, Rose.{nl}Parlez à Edmundas	로제에 대해서 오빠인 에드문다스는 걱정이 이만저만이 아닌 모양이다.{nl}에드문다스와 이야기하자.				
QUEST_LV_0500_20230130_002543	Parler à Florianna de l'Association de Magie d'Orsha	오르샤의 마법협회 플로아나와 이야기하기				
QUEST_LV_0500_20230130_002544	Quelqu'un de l'association de magie en sait probablement long sur la flûte.{nl}Parlez à Florianna de l'association de magie.	피리에 대해서 잘 알 법한 사람은 보통 마법협회 쪽의 사람일 것이다.{nl}마법협회의 플로아나와 이야기를 해보자.				
QUEST_LV_0500_20230130_002545	Parler à Florianna de l'Association de Magie d'Orsha	오르샤 마법협회의 플로아나와 대화하기				
QUEST_LV_0500_20230130_002546	 L'association de magie d'Orsha en sait peut-être sur la flûte.{nl}Parlez à Florianna.	오르샤의 마법협회라면 피리에 대한 정보를 알 수 있을 지도 모른다.{nl}플로아나와 대화를 해보자.				
QUEST_LV_0500_20230130_002547	Aller trouver le Maître Joueur de flûte Jogaila à la Forêt d'Issaugoti	이사우고티 숲에 있는 파이드파이퍼 마스터 요가일라 찾아가기				
QUEST_LV_0500_20230130_002548	Florianna dit que le Maître Joueur de flûte en sait peut-être sur la flûte.{nl}Rendez-vous à la Forêt d'Issaugoti et rencontrez le Maître Joueur de flûte.	플로아나는 파이드파이퍼 마스터라면 피리에 대해서 자세히 알 수 있다고 말한다.{nl}이사우고티 숲에 있는 파이드파이퍼 마스터를 만나자.				
QUEST_LV_0500_20230130_002549	Le Maître Joueur de flûte vous a parlé de la flûte et vous en a donné une nouvelle.{nl}Retournons à la Bibliothèque de Novaha.	파이드 파이퍼 마스터가 피리에 대한 이야기를 해주고, 새로운 피리를 건네주었다.{nl}노바하 서고로 돌아가자.				
QUEST_LV_0500_20230130_002550	Rose souffre.{nl}Parlez à Rose.	로제는 고통에 힘들어하고 있다.{nl}로제와 이야기하자.				
QUEST_LV_0500_20230130_002551	Détruire la capsule contenant le Devilglove	데블 글로브가 들어있는 캡슐 파괴하기				
QUEST_LV_0500_20230130_002552	Rose dit que l'esprit s'éclaircira si vous détruisez la capsule.{nl}Utilisez la mélodie de destruction que Jogaila vous a donnée.	로제는 캡슐을 파괴하면 정신이 맑아질 거라고 한다.{nl}요가일라가 준 파괴의 곡조를 사용해보자.				
QUEST_LV_0500_20230130_002553	Le Beholder et le Devilglove noir ont enlevé Rose.{nl}Poursuivons-les.	로제를 주시자와 블랙 데블글로브가 잡아갔다.{nl}그들을 쫓아가자.				
QUEST_LV_0500_20230130_002554	Suivre Edmundas	에드문다스 쫓아가기				
QUEST_LV_0500_20230130_002555	Edmunds a perdu la raison en voyant Rose emmenée et a couru au Confessionnal.{nl}Suivez-le.	동생인 로제가 잡혀가는 모습을 본 에드문다스는 이성을 잃고, 참회의 기도실로 달려갔다.{nl}그를 뒤쫓아 가자.				
QUEST_LV_0500_20230130_002556	Chasser les Vubbe qui ont attaqué Edmundas	에드문다스를 습격한 부베 처치하기				
QUEST_LV_0500_20230130_002557	Quand vous avez suivi Edmundas, il était attaqué par les Vubbe.{nl}Chassez les Vubbe et sauvez-le.	에드문다스를 뒤쫓으니 부베에게 공격당하고 있었다.{nl}부베를 처치하고 그를 구하자.				
QUEST_LV_0500_20230130_002558	Chasser les Vubbe attaquants	습격한 부베 처치				
QUEST_LV_0500_20230130_002559	Edmundas semble avoir le cœur brisé.{nl}Parlons-lui.	에드문다스는 낙심한 듯하다.{nl}그에게 말을 걸어보자.				
QUEST_LV_0500_20230130_002560	Retrouver Rose	로제를 찾기				
QUEST_LV_0500_20230130_002561	Edmundas semble avoir retrouvé son courage après avoir appris que vous lui prêteriez main-forte.{nl}Cherchons Rose dans cet état d'esprit.	에드문다스에게 힘을 빌려준다고 하니, 에드문다스가 다시 힘을 낸 모양이다.{nl}이 기세로 로제를 찾아보자.				
QUEST_LV_0500_20230130_002562	Vous devez trouver un moyen de franchir le mur qui barre le chemin.{nl}Parlez à Edmundas.	가로막힌 장벽을 해결할 방법을 찾아야 한다.{nl}에드문다스와 이야기를 해보자.				
QUEST_LV_0500_20230130_002563	Edmundas semble avoir trouvé quelque chose.{nl}Parlez-lui.	에드문다스가 무언가를 발견한 모양이다.{nl}그와 이야기를 나눠보자.				
QUEST_LV_0500_20230130_002564	Détruire la Pierre de Sceau au Premier Oratoire	제 1 기도실의 봉인석 파괴하기				
QUEST_LV_0500_20230130_002565	Le parchemin qu'Edmundas a lu indique de détruire les deux pierres de sceau.{nl}Détruisons d'abord la pierre de sceau de gauche. 	에드문다스가 읽은 스크롤에는 두 개의 봉인석을 파괴하라고 한다.{nl}먼저 왼쪽에 있는 봉인석부터 파괴를 하자.				
QUEST_LV_0500_20230130_002566	Détruire la Pierre de Sceau au Premier Oratoire	제1기도실의 봉인석 파괴하기				
QUEST_LV_0500_20230130_002567	Vous avez détruit la pierre de sceau de gauche.{nl}Edmundas va-t-il bien ?{nl}Parlons-lui.	왼쪽의 결계석을 파괴하는데 성공했다.{nl}에드문다스는 괜찮은 걸까?{nl}그와 대화를 해보자.				
QUEST_LV_0500_20230130_002568	Détruire la Pierre de Sceau au Deuxième Oratoire	제 2 기도실의 봉인석 파괴하기				
QUEST_LV_0500_20230130_002569	Edmundas admet qu'il est à bout de forces mais vous presse d'aller détruire la pierre de sceau.{nl}Détruisons la pierre de sceau de droite. 	에드문다스는 힘들지만 어서 가서 봉인석을 파괴하자고 말한다.{nl}오른쪽의 봉인석을 파괴하자.				
QUEST_LV_0500_20230130_002570	Détruire la Pierre de Sceau au Deuxième Oratoire	제2기도실의 봉인석 파괴하기				
QUEST_LV_0500_20230130_002571	La pierre de sceau est détruite.{nl}Allons sauver Rose au-delà de la barrière.	결계가 파괴되었다.{nl}결계 너머에 로제가 있을 테니 이제 로제를 구하러 가보자.				
QUEST_LV_0500_20230130_002572	Parler à Edmundas bouleversé	실의에 빠진 에드문다스와 이야기하기				
QUEST_LV_0500_20230130_002573	Edmundas pleure la mort de Rose...{nl}Parlons-lui.	로제의 죽음에 애통해하는 에드문다스...{nl}그와 이야기를 하자.				
QUEST_LV_0500_20230130_002574	Parler au Garde du Seigneur d'Orsha	오르샤의 영주 호위병과 이야기하기				
QUEST_LV_0500_20230130_002575	Le garde du seigneur vous cherche d'urgence.{nl}Allez voir de quoi il s'agit.	영주 호위병이 나를 급하게 찾는 모양이다.{nl}무슨 일인지 알아보자.				
QUEST_LV_0500_20230130_002576	Parler à Kupole Ruta	큐폴 루타와 이야기하기				
QUEST_LV_0500_20230130_002577	D'après le garde d'Orsha, le cri d'une fille retentit chaque nuit autour de Novaha.{nl}Il semble y avoir un problème avec la Bouteille-gourde que la Déesse Ausrine a donnée.{nl}Rendons-nous au Confessionnal.	오르샤 경비병의 말로는 노바하 일대에 소녀의 비명 소리가 밤마다 울린다고 한다.{nl}아우슈리네 여신이 준 호리병에서 무언가 문제가 생긴 모양이다.{nl}참회의 기도실로 가자.				
QUEST_LV_0500_20230130_002578	Kupole Ruta semble avoir une course à faire ici aussi.{nl}Parlez-lui.	큐폴 루타도 이곳에 용무가 있는지 온 모양이다.{nl}그녀와 이야기하자.				
QUEST_LV_0500_20230130_002579	Vaincre Rose la Misérable	로제 더 미저러블 처치				
QUEST_LV_0500_20230130_002580	Kupole Ruta dit qu'il semble se passer quelque chose dans la gourde.{nl}	큐폴 루타는 호리병 안에서 무슨 일이 있는 거 같다고 말한다.{nl}				
QUEST_LV_0500_20230130_002581	Vous avez apporté la félicité à l'âme de Rose.{nl}Retournez voir Kupole Ruta.	로제의 영혼을 성불시켰다.{nl}큐폴 루타에게 돌아가자.				
QUEST_LV_0500_20230130_002582	Consulter l'avis sur le panneau d'affichage	모집판의 공고 확인하기				
QUEST_LV_0500_20230130_002583	Quelque chose semble écrit sur le panneau d'affichage.{nl}Voyez ce que cela dit.	모집판에 무언가 적혀 있는 거 같다.{nl}내용을 확인해보자.				
QUEST_LV_0500_20230130_002584	Chasser les Vubbe au Institut de Novaha	노바하 본원의 부베 처치하기				
QUEST_LV_0500_20230130_002585	L'avis demande de chasser les Vubbe.{nl}Allez chasser les Vubbe.	공고판에서 부베를 처치하라고 한다.{nl}부베를 처리하도록 하자.				
QUEST_LV_0500_20230130_002586	Faire Son Rapport au Garde du Seigneur d'Orsha	오르샤의 영주 경비병에게 보고하기				
QUEST_LV_0500_20230130_002587	Les Vubbe du Institut de Novaha semblent suffisamment éliminés.{nl}Faites votre rapport au garde du seigneur d'Orsha	노바하 본원의 부베들을 정리한 거 같다.{nl}오르샤의 영주 경비병에게 가서 보고하고 보상을 받자.				
QUEST_LV_0500_20230130_002588	Chasser les Vubbe au Institut de Novaha	노바하 본원의 부베 처치				
QUEST_LV_0500_20230130_002589	Consulter l'avis sur le panneau d'affichage d'Orsha	오르샤 공고판에서 내용 읽기				
QUEST_LV_0500_20230130_002590	Quelque chose semble écrit sur le panneau d'affichage d'Orsha.{nl}Voyez ce que cela dit.	오르샤 공고판에 무언가 적혀 있는 듯하다.{nl}내용을 읽어보자				
QUEST_LV_0500_20230130_002591	Obtenir les Crocs de Pokubu	포쿠부 송곳니 구하기				
QUEST_LV_0500_20230130_002592	L'association de magie d'Orsha demande des crocs de Pokubu.{nl}Récoltez-en 20 et donnez-les à l'association de magie d'Orsha.	오르샤 마법 협회에서 포쿠부 송곳니를 구하고 있다고 한다.{nl}20개 정도만 모아서 가져가보도록 하자.				
QUEST_LV_0500_20230130_002593	Aller à l'Association de Magie d'Orsha	오르샤 마법협회 찾아가기				
QUEST_LV_0500_20230130_002594	Il semble y avoir assez de crocs de Pokubu.{nl}Allez à l'association de magie d'Orsha.	포쿠부의 송곳니를 적당히 모은 것 같다.{nl}오르샤 마법협회를 찾아가보자.				
QUEST_LV_0500_20230130_002595	Parler au Marchand Cupide	탐욕스러운 여상인과 이야기하기				
QUEST_LV_0500_20230130_002596	Il y a une marchande plantée fermement là où les Vubbe prospèrent.{nl}Elle semble furieuse.{nl}Demandez-lui ce qui se passe.	부베가 깔린 이곳에 당당하게 서있는 여상인이 있다.{nl}여상인은 화가 잔뜩 나있는 듯하다.{nl}무슨 일인지 물어보자.				
QUEST_LV_0500_20230130_002597	Récupérer les objets volés	마차 물품을 되찾아오기				
QUEST_LV_0500_20230130_002598	La marchande est furieuse parce que sa voiture a été pillée.{nl}Récupérez les objets et obtenez la récompense.	여상인은 마차를 도둑맞은 것에 화가 나있다.{nl}물건을 되찾고 보수를 받자.				
QUEST_LV_0500_20230130_002599	Vous avez récupéré une partie des objets.{nl}La marchande ne sera peut-être pas satisfaite mais donnons-les-lui quand même.	물건을 어느정도 되찾은 거 같다.{nl}여상인이 만족할지는 모르겠지만, 일단 가져다 주자.				
QUEST_LV_0500_20230130_002600	Récupérer les biens volés par les Vubbe	부베가 약탈한 물품 되찾아오기				
QUEST_LV_0500_20230130_002601	Parler à la Marchande Cupide	탐욕스러운 여상인과 대화하기				
QUEST_LV_0500_20230130_002602	Vous avez récupéré les objets mais la marchande ne semble pas contente.{nl}Parlez à la marchande.	물건을 되찾아왔지만, 여상인은 탐탁치 않은 모양이다.{nl}여상인과 대화를 해보자.				
QUEST_LV_0500_20230130_002603	Chasser les Vubbe et prendre le joyau	부베를 처치해서 보석을 가져오기				
QUEST_LV_0500_20230130_002604	La marchande souhaite se venger des Vubbe en prenant le joyau dans leurs corps et en le vendant.	여상인은 부베에게 복수할겸, 부베의 몸 안에 있는 보석을 가져와 팔 생각을 하고 있다.{nl}부베를 첯해서 보석을 가져오자				
QUEST_LV_0500_20230130_002605	Vous avez récolté les joyaux des Vubbe.{nl}Donnez-les à la marchande.	부베의 보석을 모았다.{nl}여상인에게 가져다 주자.				
QUEST_LV_0500_20230130_002606	Récolter les fragments de joyau des Vubbe	부베가 지니고 있는 보석 파편 획득				
QUEST_LV_0500_20230130_002607	Parler à l'érudit isolé	고립된 학자와 이야기하기				
QUEST_LV_0500_20230130_002608	Quelqu'un tremble de peur à la Bibliothèque de Novaha.{nl}Demandez ce qui se passe.	노바하 서고에서 두려움에 떨고 있는 사람이 있다.{nl}무슨 일인지 대화를 해보자.				
QUEST_LV_0500_20230130_002609	Se débarrasser des Vubbe	부베 처리하기				
QUEST_LV_0500_20230130_002610	L'érudit n'a pas pu retourner à Orsha à cause des Vubbe.{nl}Chassez les Vubbe et guidez l'érudit jusqu'au Institut de Novaha.	학자는 부베들 때문에 오르샤로 돌아가지 못하고 있다고 한다.{nl}부베를 처치하고, 노바하 본원으로 가는 곳으로 안내하자.				
QUEST_LV_0500_20230130_002611	Guider jusqu'à l'entrée du Institut de Novaha	노바하 본원 입구로 안내하기				
QUEST_LV_0500_20230130_002612	Vous vous êtes débarrassé des Vubbe. Ramenons l'érudit sain et sauf à l'institut.	부베들을 처리했다. 이제 안전하게 데려다 주자.				
QUEST_LV_0500_20230130_002613	Lire le livre tombé	떨어진 책 읽기				
QUEST_LV_0500_20230130_002614	Il y a un livre que vous n'aviez pas remarqué quand vous étiez ici avec Edmundas.	에드문다스와 지나갔을 떄는 보이지 않던 책이 놓여져 있다.				
QUEST_LV_0500_20230130_002615	Lisons-le.	책을 읽어보도록 하자.				
QUEST_LV_0500_20230130_002616	Lire un autre livre	다른 책을 읽어보기				
QUEST_LV_0500_20230130_002617	Le contenu du livre semble bizarre.{nl}Lisons les autres livres alentour.	책의 내용이 심상치 않다.{nl}주변에 떨어져 있는 다른 책을 읽어보자.				
QUEST_LV_0500_20230130_002618	Lire encore un autre livre	또 다른 책 찾기				
QUEST_LV_0500_20230130_002619	Le livre était un journal d'expériences sur les habitants de Novaha.{nl}Cherchons d'autres preuves.	책의 내용은 노바하 주민들을 실험하는 내용이 담긴 실험 일지였다.{nl}또 다른 단서를 찾아보자.				
QUEST_LV_0500_20230130_002620	Prévenir le Garde du Seigneur d'Orsha	오르샤의 영주 호위병에게 알리기				
QUEST_LV_0500_20230130_002621	Vous avez parcouru le journal d'expériences.{nl}Informez-en le garde du seigneur d'Orsha.	실험일지의 내용을 모두 보았다.{nl}오르샤의 영주 호위병에게 이 사실을 알리자				
QUEST_LV_0500_20230308_002622	Votre renommée s'entend jusque dans les campagnes.	계시자님의 명성은 변방에도 들릴 정도로 유명해요.				[신극 마스터] 단 아
QUEST_LV_0500_20230308_002623	Le maniement de la lance vous intéresse-t-il, Sauveur ? Souhaitez-vous peut-être apprendre{nl}certaines de mes techniques ?	계시자님은 창에 대해서 관심이 있으신가요?{nl}관심이 있으시면 저의 기술을 배워보시겠나요?				[신극 마스터] 단 아
QUEST_LV_0500_20230308_002624	Je vois que vous êtes bel et bien à la hauteur de votre réputation après tout...	계시자님의 명성은 거짓이 아니군요...				[신극 마스터] 단 아
QUEST_LV_0500_20230308_002625	Bien que je sois moi-même loin d'être parfaite, je vous enseignerai mes techniques.	미흡한 실력이지만 제 기술을 알려드리겠습니다.				[신극 마스터] 단 아
QUEST_LV_0500_20230308_002626	Maintenant que vous avez appris l'art du Shenji, que diriez-vous d'obtenir des vêtements pour{nl}prouver votre valeur ?	신극의 기술을 익히셨으니, 신극의 자격을 증명하는 옷도 필요하시지 않은가요?				[신극 마스터] 단 아
QUEST_LV_0500_20230308_002627	Beau travail.	고생하셨습니다.				[신극 마스터] 단 아
QUEST_LV_0500_20230308_002628	Excusez-moi d'avoir douté de vous et de vous avoir confié des tâches pour faire vos preuves.	잠시나마 계시자님의 실력을 의심해 과제를 드린 것을 사죄드립니다,				[신극 마스터] 단 아
QUEST_LV_0500_20230308_002629	Je prierai pour votre chance au combat, nouveau Shenji.	신극되신 계시자님의 무운을 빌게요.				[신극 마스터] 단 아
QUEST_LV_0500_20230308_002630	En fait, il est à la Forêt d'Issaugoti, ce qui n'est pas loin d'ici. Vous devriez aller le voir.	파이드 파이터 마스터님은 오르샤에서 머지 않은 이사우고티 숲에 잠시 와 계시니, 가서 만나보시기 바랍니다.				플로아나
QUEST_LV_0500_20230308_002631	[Shenji] Dieu de la Lance	[신극] 창의 달인				
QUEST_LV_0500_20230308_002632	J'ai des affaires plus urgentes à régler	다른 일이 더 급하다고 한다.				
QUEST_LV_0500_20230308_002633	[Shenji] Lance Imprenable	[신극] 부러지지 않는 창				
QUEST_LV_0500_20230308_002634	Je ne crois pas que ce soit nécessaire.	필요가 없다고 한다.				
QUEST_LV_0500_20230308_002635	Parler au Maître Shenji Dana	신극 마스터 단 아와 대화하기				
QUEST_LV_0500_20230308_002636	Dana est intéressée par votre réputation.{nl}Si vous voulez en savoir plus sur les Shenji, parlez à Dana.	단아는 당신의 명성을 듣고 흥미를 보이고 있습니다.{nl}신극에 대해서 알고 싶다면 단아와 이야기를 하세요.				
QUEST_LV_0500_20230308_002637	Achever la tâche donnée par le Maître Shenji Dana	신극 마스터 단 아가 준 일을 해결하기				
QUEST_LV_0500_20230308_002638	Le Maître Shenji Dana vous a confié une tâche.{nl}Accomplissez-la et prouvez votre capacité.	신극 마스터 단 아는 당신에게 과제를 주었습니다.{nl}과제를 해결해서 자신의 능력을 증명하셍.				
QUEST_LV_0500_20230308_002639	Vous avez accompli la requête de Dana.{nl}Allez voir Dana et montrez-lui que vous êtes assez digne de devenir un Shenji.	단 아가 준 일을 해결했다.{nl}단 아에게 가서 신극의 자격을 인정받으세요.				
QUEST_LV_0500_20230308_002640	Parler au Maître Shenji Dana	신극 마스터 단 아와 이야기하기				
QUEST_LV_0500_20230308_002641	Dana dit qu'elle a quelque chose à vous dire, nouveau Shenji. {nl}Parlez à Dana.	단 아는 신극이 된 당신에게 무언가 전해줄 게 있다고 한다.{nl}단 아와 이야기를 하자.				
QUEST_LV_0500_20230308_002642	Achever la tâche donnée par le Maître Shenji Dana	신극 마스터 단 아 준 과제를 해결하기				
QUEST_LV_0500_20230308_002643	Le Maître Shenji Dana vous a confié une tâche pour vous entraîner.{nl}Accomplissez la tâche pour faire vos preuves et recevez le costume qui montre que vous êtes digne d'être un Shenji.	단 아는 신극으로서 단련할 과제를 주었다.{nl}자격을 증명받고, 신극의 자격을 보여주는 옷을 받자.				
QUEST_LV_0500_20230308_002644	Vous avez accompli la tâche de Dana.{nl}Retournez voir Dana et parlez-lui.	단 아가 준 과제를 완료했다.{nl}단 아에게 돌아가 이야기하자.				
QUEST_LV_0500_20230703_002645	[Maître Ingénieur] Margaret Ineija	[엔지니어 마스터]마가렛 이네자				
QUEST_LV_0500_20230703_002646	Révélateur ! Ici, c'est ici !	계시자! 여기야. 여기!				[엔지니어 마스터]마가렛 이네자
QUEST_LV_0500_20230703_002647	J'ai entendu dire que vous êtes le fameux « Révélateur ».	네가 그 유명한 계시자라고 들었어.				[엔지니어 마스터]마가렛 이네자
QUEST_LV_0500_20230703_002648	Allons droit au but... L'ingénierie vous intéresse-t-elle ? Si oui, je peux vous enseigner quelques{nl}techniques...	바로 본론부터 이야기하자면...{nl}너 공학에 관심없어?{nl}관심이 있다면 내가 공학기술을 가르쳐줄 수 있는데...				[엔지니어 마스터]마가렛 이네자
QUEST_LV_0500_20230703_002649	Mais pas gratuitement ! Vous devrez accomplir quelques tâches que je vous confierai.	그냥은 안돼!{nl}내가 낸 과제를 처리해야해!				[엔지니어 마스터]마가렛 이네자
QUEST_LV_0500_20230703_002650	Vous avez accompli toutes les tâches que je vous ai confiées...	내가 내준 과제를 전부 해결하다니...				[엔지니어 마스터]마가렛 이네자
QUEST_LV_0500_20230703_002651	Exactement ce que je pensais ! Vous pourriez apprendre les techniques d'un ingénieur tout de{nl}suite !	역시 대단해!{nl}엔지니어의 기술을 당장 배워도 되겠는데?				[엔지니어 마스터]마가렛 이네자
QUEST_LV_0500_20230703_002652	[Ingénieur] Création Personnelle	[엔지니어]창작은 자기 손으로				
QUEST_LV_0500_20230703_002653	Lui dire que ce n'est pas votre truc.	그런 취미가 없다고 한다.				
QUEST_LV_0500_20230703_002654	Parler au Maître Ingénieur à Orsha	오르샤의 엔지니어 마스터와 이야기하기				
QUEST_LV_0500_20230703_002655	Le Maître Ingénieur vous demande si vous aimeriez commencer le parcours de l'ingénierie.{nl}Parlez au Maître Ingénieur Margaret Ineija si cela vous intéresse.	엔지니어 마스터가 당신에게 공학의 길을 걸어보겠냐고 물어봅니다.{nl}관심이 있다면 엔지니어 마스터 마가렛 이네자를 만나보세요.				
QUEST_LV_0500_20230703_002656	Margaret Ineija vous confie une tâche pour vous aider à devenir Ingénieur.	마가렛 이네자는 당신이 엔지니어가 되기 위한 과제를 내줍니다.				
QUEST_LV_0500_20230703_002657	Vous avez accompli toutes les tâches de Margaret Ineija.{nl}Retournez voir le Maître Ingénieur et montrez que vous êtes qualifié.	마가렛 이네자가 내준 과제를 모두 해결했습니다.{nl}엔지니어 마스터에게 돌아가 자격을 획득하세요.				
QUEST_LV_0500_20230904_002658	Vous êtes là...	오셨군요...				라이마
QUEST_LV_0500_20230904_002659	Nous savons ce qui s'est passé.	무슨 일이 있었는지는 잘 알고 있습니다.				네링가
QUEST_LV_0500_20230904_002660	Ma maîtresse, Laima, cherche le Révélateur.	저의 주인이신 라이마님께서 계시자님을 찾고 계십니다.				네링가
QUEST_LV_0500_20230904_002661	Le Beholder se prépare finalement à libérer son autre lui-même, et à revenir en tant que dieu{nl}démon.	주시자는 결국 자신의 반신을 해방시키고, 마신으로서 돌아갈 준비를 하고 있습니다.				라이마
QUEST_LV_0500_20230904_002662	L'une de nos sœurs vous aidera. Ensemble, vous devez arrêter le Beholder....	저의 자매 중 한명이 당신을 도와드릴 겁니다.{nl}함께 힘을 합쳐서 주시자를 막으셔야 합니다....				라이마
QUEST_LV_0500_20230904_002663	C'est interdit d'accès à partir de maintenant.	이 앞으로는 출입 금지입니다.				니코폴리스 경비병
QUEST_LV_0500_20230904_002664	Vous êtes le Révélateur ?	계시자님이시라고요?				니코폴리스 경비병
QUEST_LV_0500_20230904_002665	Oh, ma Déesse... Ce qui se trouve devant est désormais territoire démoniaque.	맙소사... 지금 이 앞은 마족의 영역이 되었습니다.				니코폴리스 경비병
QUEST_LV_0500_20230904_002666	Maître Owynia et moi avons dressé une barrière protectrice pour que les démons ne puissent{nl}plus sortir d'ici, mais....	오위니아님과 함께 결계를 쳐서 마족들이 더 이상 이곳으로 못 나오게 했습니다만....				니코폴리스 경비병
QUEST_LV_0500_20230904_002667	Nous ne pouvons rien y faire seuls, alors nous avons sollicité le soutien d'Orsha, mais on dirait{nl}que tout va s'effondrer d'un jour à l'autre.	저희만으로는 어떻게 해결할 수 없어서 오르샤에 지원 요청을 했지만, 결계가 금방이라도 무너질 거 같습니다.				니코폴리스 경비병
QUEST_LV_0500_20230904_002668	Révélateur, aidez-nous, je vous en prie...	계시자님 도와주십시오....				니코폴리스 경비병
QUEST_LV_0500_20230904_002669	Ce lieu est déjà le domaine du Beholder, ou plutôt de Slogutis, avec sa magie. Tout comme la{nl}prison des démons de Vakarine...	이 곳은 이미 주시자, 아니 슬로거티스의 마력으로 그의 영역이 되었지.{nl}마치 바카리네의 마족수감소처럼 말이지...				여신 아우슈리네
QUEST_LV_0500_20230904_002670	Il est dangereux pour vous, un être humain, de vous aventurer dans ces lieux.	인간인 네가 이러한 곳을 함부로 움직이는 것은 위험하다.				여신 아우슈리네
QUEST_LV_0500_20230904_002671	Je prendrai la tête et me débarrasserai de ce qui dépasse votre pouvoir.	내가 먼저 앞장서서 그대의 힘으로는 해결할 수 없는 것을 없애주도록 하겠다.				여신 아우슈리네
QUEST_LV_0500_20230904_002672	Vous pouvez sûrement gérer autant de démons tout seul ?	아까 나온 마족들 정도는 해치울 수 있겠지?				여신 아우슈리네
QUEST_LV_0500_20230904_002673	Vous êtes là.	왔구나.				여신 아우슈리네
QUEST_LV_0500_20230904_002674	J'ai retiré la plupart des cristaux enchantés de Slogutis pendant que vous veniez.	네가 오는 동안 슬로거티스의 마력이 담긴 수정을 대부분 제거했다.				여신 아우슈리네
QUEST_LV_0500_20230904_002675	Mais cela va prendre du temps si je suis seul.	하지만 나 혼자만으로는 시간이 걸릴 거 같구나.				여신 아우슈리네
QUEST_LV_0500_20230904_002676	Nous ne voulons pas dépendre de la main humaine, mais...	인간의 힘을 빌리고 싶지는 않지만...				여신 아우슈리네
QUEST_LV_0500_20230904_002677	Révélateur, pouvez-vous m'aider, car je vous prêterai ma force ?	계시자, 내가 힘을 빌려줄 테니 나를 도울 수 있겠느냐?				여신 아우슈리네
QUEST_LV_0500_20230904_002678	Bien. Ceci contient mon pouvoir.	좋아.{nl}이것은 나의 힘이 담긴 것이다.				여신 아우슈리네
QUEST_LV_0500_20230904_002679	Utilisez ceci pour retirer le cristal de Slogutis à proximité.	이것을 사용해서 근처에 있는 슬로거티스의 수정을 제거해라.				여신 아우슈리네
QUEST_LV_0500_20230904_002680	Voyons si nous pouvons trouver un autre cristal noir de Slogutis.	또 다른 슬로거티스의 검은 수정이 있는지 찾아보자.				None
QUEST_LV_0500_20230904_002681	Maintenant que nous nous sommes occupés de l'attaque des Papillon, revenons à la recherche{nl}du cristal noir.	빠삐용들의 습격을 처리했으니, 다시 검은 수정을 찾아보자.				None
QUEST_LV_0500_20230904_002682	Révélateur, avant d'aller voir Slogutis, ne vous demandez-vous pas pourquoi les dieux démons{nl}sont apparus, et pourquoi je ne fais pas confiance aux humains ?	계시자, 슬로거티스를 치러 가기 전에 왜 마신들이 등장했는지, 그리고 내가 왜 인간을 못 믿는지 궁금하지 않느냐?				여신 아우슈리네
QUEST_LV_0500_20230904_002683	Pourquoi ne pas souffler un peu et écouter mon histoire ?	잠시 숨을 돌릴 겸 이야기를 들어보지 않겠느냐?				여신 아우슈리네
QUEST_LV_0500_20230904_002684	Nous allons maintenant nous rendre au bastion de Slogutis.	이제 슬로거티스의 본거지로 갈 것이다.				여신 아우슈리네
QUEST_LV_0500_20230904_002685	Êtes-vous prêt ?	준비는 되었느냐?				여신 아우슈리네
QUEST_LV_0500_20230904_002686	Slogutis gagne en puissance plus vite que je ne le pensais.	내 예상보다 빠르게 슬로거티스의 힘이 커지고 있어.				여신 아우슈리네
QUEST_LV_0500_20230904_002687	J'imagine que je vais devoir utiliser la mélodie de destruction que j'ai emportée l'autre jour...	예전에 내가 가져갔던 파괴의 곡조를 써야할 거 같군...				여신 아우슈리네
QUEST_LV_0500_20230904_002688	Allez voir le Maître Joueur de flûte, celui qui l'a créée, et faites-lui réparer et renforcer davantage{nl}le pouvoir de cette mélodie.	이것을 만든 장본인인 파이드 파이퍼 마스터에게 가서 이 곡조의 힘을 수리하고 더욱 강화하도록 해라.				여신 아우슈리네
QUEST_LV_0500_20230904_002689	Il est à la Bibliothèque de Novaha en ce moment, alors je vais essayer de trouver la source de{nl}cette magie pendant que vous allez voir le Maître Joueur de flûte.	그는 지금 노바하 서고에 있다고 하니{nl}네가 파이드 파이퍼 마스터에게 가는 동안 저 마력의 근원지를 찾아보겠다.				여신 아우슈리네
QUEST_LV_0500_20230904_002690	Vraiment ?	그렇게 되었습니까?				파이드 파이퍼 마스터
QUEST_LV_0500_20230904_002691	Le dieu démon s'est de nouveau éveillé, et il est maintenant à un pas, peut-être un demi, de la{nl}résurrection complète, n'est-ce pas ?	마신은 다시 깨어났고, 이제 완전한 부활까지는 한 걸음, 아니 반 걸음 정도 남은 상태라는 말씀이지요?				파이드 파이퍼 마스터
QUEST_LV_0500_20230904_002692	Et cette mélodie de destruction était à l'origine destinée à servir une fois puis à s'épuiser et{nl}disparaître...	그리고 그 파괴의 곡조는 원래 한 번 쓰면 기운이 다 하여 없어지도록 해두었는데...				파이드 파이퍼 마스터
QUEST_LV_0500_20230904_002693	Comme je le pensais, le pouvoir de la Déesse Ausrine était toujours là.	역시 여신 아우슈리네 님의 권능은 전혀 사라짐이 없이 그대로이셨군요.				파이드 파이퍼 마스터
QUEST_LV_0500_20230904_002694	Si seulement la déesse avait un peu veillé sur le monde des humains...	그렇다면 인간 세상을 좀 더 편하게 해주셨으면 좋았을 것을...				파이드 파이퍼 마스터
QUEST_LV_0500_20230904_002695	Ah, ce n'est rien. Quoi qu'il en soit, cette mélodie de destruction a juste besoin d'être... enfin,{nl}réparée. C'est simple.	아, 아닙니다. 어쨌든, 이 파괴의 곡조를 ... 그냥, 수리만 하면 되는 거라면 간단합니다.				파이드 파이퍼 마스터
QUEST_LV_0500_20230904_002696	Voilà. Prenez-le.	여기 있습니다. 가져 가시죠.				파이드 파이퍼 마스터
QUEST_LV_0500_20230904_002697	Je suis un vagabond, et rester ici longtemps ne servira à rien.	그리고 저는 방랑자임으로 이곳에 오래 있는 것은 좋지 않습니다.				파이드 파이퍼 마스터
QUEST_LV_0500_20230904_002698	Nous nous reverrons si le destin nous y conduit, Révélateur...	계시자님 인연이 있다면 또 만나겠지요...				파이드 파이퍼 마스터
QUEST_LV_0500_20230904_002699	Vous êtes de retour.	돌아왔구나.				여신 아우슈리네
QUEST_LV_0500_20230904_002700	Vous pouvez maintenant retirer la statue de pierre de Slogutis à deux endroits pour détruire la{nl}barrière de Slogutis.	이제 두 곳에 있는 슬로거티스의 석상을 제거하면 슬로거티스의 결계를 파괴할 수 있다.				여신 아우슈리네
QUEST_LV_0500_20230904_002701	Retirer les statues de pierre est une tâche simple. Si vous ne pouvez pas le faire, êtes-vous{nl}seulement capable d'abattre Slogutis ?	석상을 제거하는 일은 간단한 일이지만, 이런 일조차 해결하지 못한다면  과연 슬로거티스를 쓰러뜨릴 수 있을까?				여신 아우슈리네
QUEST_LV_0500_20230904_002702	L'Appel de Laima	라이마의 부름				
QUEST_LV_0500_20230904_002703	J'irai.	가겠다고 한다.				
QUEST_LV_0500_20230904_002704	Il me faut plus de temps pour me préparer.	아직 준비가 필요하다고 한다.				
QUEST_LV_0500_20230904_002705	Épaisse Énergie Sombre	짙은 어둠의 기운				
QUEST_LV_0500_20230904_002706	Préparons-nous davantage.	준비를 더하고 오자.				
QUEST_LV_0500_20230904_002707	Détruire le Cristal du Dieu Démon (1)	마신의 수정 파괴(1)				
QUEST_LV_0500_20230904_002708	Je dois préparer quelque chose.	잠깐 준비할 게 있다고 한다.				
QUEST_LV_0500_20230904_002709	À la Recherche d'un Autre Cristal	또 다른 수정을 찾아서				
QUEST_LV_0500_20230904_002710	Détruire le cristal du dieu démon (2) : EP15_2_D_NICOPOLIS_1_MQ_6	마신의 수정 파괴(2) : EP15_2_D_NICOPOLIS_1_MQ_6				
QUEST_LV_0500_20230904_002711	Détruire le Cristal du Dieu Démon (2)	마신의 수정 파괴(2)				
QUEST_LV_0500_20230904_002712	Le Récit d'Ausrine	아우슈리네의 이야기				
QUEST_LV_0500_20230904_002713	Faire une pause pour écouter l'histoire.	잠시 쉬며 이야기를 듣는다고 한다.				
QUEST_LV_0500_20230904_002714	Barrière Sombre	검은 결계				
QUEST_LV_0500_20230904_002715	Vers le Maître Joueur de Flûte	파이드 파이퍼 마스터에게로				
QUEST_LV_0500_20230904_002716	Je vais faire autre chose pendant un moment.	잠시 다른 일을 한다고 한다.				
QUEST_LV_0500_20230904_002717	Retirer la Barrière (1)	결계 제거(1)				
QUEST_LV_0500_20230904_002718	Je reviendrai après avoir détruit la statue de pierre.	석상을 파괴하고 오겠다고 한다.				
QUEST_LV_0500_20230904_002719	Demander de l'aide.	도와달라고 요청한다.				
QUEST_LV_0500_20230904_002720	Retirer la Barrière (2)	결계 제거(2)				
QUEST_LV_0500_20230904_002721	Finale	긴 싸움의 끝				
QUEST_LV_0500_20230904_002722	Parler à Neringa à Orsha	오르샤에서 네링가와 이야기하기				
QUEST_LV_0500_20230904_002723	Où le Beholder est-il allé après la mort de Rose ?{nl}Parlez à Neringa à Orsha.	로제의 죽음 이후, 주시자는 어디로 간 것일까?{nl}오르샤에서 네링가와 만나서 이야기를 해보자.				
QUEST_LV_0500_20230904_002724	Parler à la Déesse Laima dans le Sanctuaire de Laima	라이마의 성소에서 라이마 여신과 이야기하기				
QUEST_LV_0500_20230904_002725	Neringa vous a envoyé au Sanctuaire de Laima, en vous disant d'aller voir la déesse Laima.{nl}Allez voir la déesse Laima.	네링가는 라이마 여신에게 가보라고 하며 라이마의 성소로 보내주었다.{nl}라이마 여신에게 가보도록 하자.				
QUEST_LV_0500_20230904_002726	Trouver la Déesse sœUr de Laima	라이마의 자매 여신을 찾기				
QUEST_LV_0500_20230904_002727	La Déesse Laima a dit que l'éveil du Beholder est proche, et que ses déesses sœurs seraient là où se trouve le Beholder.{nl}Cherchez la Déesse sœur de Laima.	라이마 여신은 주시자의 각성이 머지 않았다고 하며, 주시자가 있는 곳에 자신의 자매 여신이 도와줄 것이라고 이야기했다.{nl}라이마의 자매 여신을 찾아보자.				
QUEST_LV_0500_20230904_002728	Parler au Garde de Nicopolis	니코폴리스 경비병과 이야기하기				
QUEST_LV_0500_20230904_002729	La Déesse Laima vous a téléporté à la Ville étoilée, en disant que sa sœur vous aiderait.{nl}Ville étoilée est sens dessus dessous... Que se passe-t-il ?	라이마 여신은 자신의 자매가 도와준다고 말을 하며, 스타리 타운으로 워프시켜줬다.{nl}스타리 타운이 어수선한데... 무슨 일이 있는걸까?				
QUEST_LV_0500_20230904_002730	Aller au Laboratoire Secret	비밀실험실로 이동하기				
QUEST_LV_0500_20230904_002731	Nicopolis est tombée aux mains du Beholder, et le chaos règne alentour.{nl}Allons au laboratoire secret où se cache le Beholder.	니코폴리스 일대가 주시자의 손아귀에 넘어가 주변이 혼란스러운 상태다.{nl}주시자가 숨어있느 비밀실험실로 이동하자.				
QUEST_LV_0500_20230904_002732	Parler à Ausrine	아우슈리네와 이야기하기				
QUEST_LV_0500_20230904_002733	Vous avez rencontré la Déesse Ausrine au laboratoire secret.{nl}Parlez à Ausrine.	비밀실험실에서 아우슈리네 여신을 만났다.{nl}아우슈리네와 이야기를 해보자.				
QUEST_LV_0500_20230904_002734	Parler à la Déesse Ausrine	여신 아우슈리네와 이야기하기				
QUEST_LV_0500_20230904_002735	Dans le laboratoire secret, vous avez rencontré la Déesse Ausrine, dont Laima vous avait parlé.{nl}Parlez à la Déesse Ausrine.	비밀실험실에서 라이마가 말한 여신 아우슈리네를 만났다.{nl}여신 아우슈리네와 이야기해보자.				
QUEST_LV_0500_20230904_002736	Chasser les Papillon et rencontrer la Déesse Ausrine	빠삐용 처치 후 여신 아우슈리네와 합류하기				
QUEST_LV_0500_20230904_002737	La Déesse Ausrine a dit qu'elle éliminerait les dangers du laboratoire secret.{nl}Chassez 10 monstres Papillon et rejoignez-la.	아우슈리네 여신이 비밀실험실 안의 위험요소를 제거해준다고 한다.{nl}빠삐용 몬스터 10마리를 제거하고 합류하자.				
QUEST_LV_0500_20230904_002738	Vous avez éliminé les Papillon.{nl}Rendez-vous à l'endroit indiqué par la Déesse Ausrine.	빠삐용 몬스터를 어느 정도 제거했다.{nl}아우슈리네 여신이 알려준 장소로 이동하자.				
QUEST_LV_0500_20230904_002739	Chasser les Papillon	빠삐용 몬스터 처치				
QUEST_LV_0500_20230904_002740	La Déesse Ausrine vous dit qu'elle a découvert quelque chose.{nl}Parlez à la Déesse Ausrine.	아우슈리네 여신은 무언가 발견한 것을 당신에게 알려주고 한다.{nl}아우슈리네 여신과 이야기를 하자.				
QUEST_LV_0500_20230904_002741	Détruire le Cristal du Dieu Démon	마신의 수정 파괴하기				
QUEST_LV_0500_20230904_002742	Avec la bénédiction de la Déesse Ausrine, trouver et détruire le cristal du dieu démon.	아우슈리네 여신이 준 축복으로 마신의 수정을 찾아서 파괴하자.				
QUEST_LV_0500_20230904_002743	Avec la bénédiction de la Déesse Ausrine, trouver et détruire le cristal du dieu démon	아우슈리네 여신이 준 축복으로 마신의 수정을 찾아서 파괴하자				
QUEST_LV_0500_20230904_002744	Trouver un Autre Cristal Noir	또 다른 검은 수정 찾기				
QUEST_LV_0500_20230904_002745	Grâce au pouvoir de la bénédiction de la Déesse Ausrine, le cristal noir a été retiré.{nl}Il y a peut-être d'autres cristaux là-dehors, alors trouvons-les.	아우슈리네 여신이 준 축복의 힘으로 검은 수정을 제거했다.{nl}다른 수정이 있을 수도 있으니 찾아보도록 하자.				
QUEST_LV_0500_20230904_002746	Apparemment, la horde de Papillon est assez puissante pour tromper la bénédiction de la Déesse.{nl}Avançons avec prudence.	빠삐용 무리가 여신의 축복을 속일 정도의 힘을 가지고 있는 모양이다.{nl}조심해서 탐색을 진행하자.				
QUEST_LV_0500_20230904_002747	Détruire le Cristal Noir	검은 수정 파괴하기				
QUEST_LV_0500_20230904_002748	Alors que vous vous dirigez droit vers le portail à son ouverture, la Déesse Ausrine semble avoir quelque chose à dire.	포탈이 열려서 곧장 포탈로 가려고 했지만, 아우슈리네 여신이 무언가 할 이야기가 있는 거 같다.				
QUEST_LV_0500_20230904_002749	La Déesse Ausrine aimerait vous parler.{nl}Parlez-lui.	아우슈리네 여신은 당신과 이야기를 나누려고 한다.{nl}이야기를 나눠보자.				
QUEST_LV_0500_20230904_002750	Parler à la Déesse Ausrine	아우슈리네 여신과 대화하기				
QUEST_LV_0500_20230904_002751	Vous avez entendu le récit de la Déesse Ausrine.{nl}Allons affronter Slogutis.	아우슈리네 여신의 이야기를 모두 들었다.{nl}이제 슬로거티스를 처리하러 가자.				
QUEST_LV_0500_20230904_002752	Aller aux Demeures Démoniaques	마신의 처소로 이동하기				
QUEST_LV_0500_20230904_002753	Entrer dans les Demeures Démoniaques	마신의 처소로 들어가기				
QUEST_LV_0500_20230904_002754	Pendant que vous vous occupiez d'Upinis, la Déesse Ausrine s'est rendue aux Demeures démoniaques.{nl}Allez aux Demeures démoniaques.	우피니스에게 가로막힌 사이에 아우슈리네 여신은 마신의 처소로 향했다.{nl}마신의 처소로 향하자.				
QUEST_LV_0500_20230904_002755	La première arrivée, la Déesse Ausrine, semble troublée.{nl}Parlez à la Déesse Ausrine.	먼저 도착해있던 아우슈리네 여신은 고민에 빠진 듯하다.{nl}아우슈리네 여신과 이야기를 하자.				
QUEST_LV_0500_20230904_002756	Parler à la Déesse Ausrine	여신 아우슈리네와 대화하기				
QUEST_LV_0500_20230904_002757	Parler au Maître Joueur de Flûte	파이드 파이퍼 마스터와 대화하기				
QUEST_LV_0500_20230904_002758	La Déesse Ausrine vous dit d'aller voir le Maître Joueur de flûte pour corriger la mélodie de destruction.	아우슈리네 여신은 파이드 파이퍼 마스터에게 가서 파괴의 곡조를 고쳐오라고 한다.				
QUEST_LV_0500_20230904_002759	Parler au Maître Joueur de flûte à la Bibliothèque de Novaha.	노바하 서고에 있는 파이드 파이퍼 마스터를 만나서 대화하자.				
QUEST_LV_0500_20230904_002760	Le Maître Joueur de flûte savait que vous seriez ici.	파이드 파이퍼 마스터는 당신이 이곳에 올 것을 알고 있었다.				
QUEST_LV_0500_20230904_002761	Parler au Maître Joueur de flûte.	파이드 파이퍼 마스터와 대화를 하자.				
QUEST_LV_0500_20230904_002762	La mélodie de destruction a été réparée par le Maître Joueur de flûte.{nl}Parlez à la Déesse Ausrine.	파이드 파이퍼 마스터로부터 파괴의 곡조를 수리받았다.{nl}아우슈리네 여신과 대화하자.				
QUEST_LV_0500_20230904_002763	Détruire la Statue de Pierre de Slogutis	슬로거티스의 석상을 파괴하기				
QUEST_LV_0500_20230904_002764	La Déesse Ausrine vous a dit de détruire 2 statues de pierre de Slogutis.{nl}Après avoir détruit les statues de pierre, retournez voir la Déesse Ausrine.	아우슈리네 여신은 슬로거티스의 석상 2개를 파괴하라고 당신에게 말했습니다.{nl}석상을 파괴한 후 아우슈리네 여신에게 돌아가세요.				
QUEST_LV_0500_20230904_002765	Vaincre la Statue de Pierre de Slogutis	슬로거티스의 석상 처치				
QUEST_LV_0500_20230904_002766	Vaincre Masma	마스마 처치				
QUEST_LV_0500_20230904_002767	Vaincre la Statue Sombre	다크 스태츄 처치				
QUEST_LV_0500_20230904_002768	Vous avez retiré 2 statues de pierre de Slogutis.	슬로거티스의 석상 2개를 제거했다.				
QUEST_LV_0500_20230904_002769	Retournez voir la Déesse Ausrine et dites-lui ceci.	아우슈리네 여신에게로 돌아가서 이 사실을 알리자.				
QUEST_LV_0500_20230904_002770	Vaincre Slogutis	슬로거티스 처치하기				
QUEST_LV_0500_20230904_002771	Slogutis va bientôt s'éveiller.{nl}Vainquez-le.	슬로거티스의 각성이 멀지 않았다.{nl}그를 쓰러뜨리자.				
QUEST_LV_0500_20230904_002772	Vaincre Slogutis	슬로거티스 처치				
QUEST_LV_0500_20230904_002773	Se préparer à la prochaine menace	다음 위협에 대비하기				
QUEST_LV_0500_20230904_002774	Le Beholder a disparu, mais le chaos semble continuer.{nl}Préparez-vous à la prochaine bataille.	주시자는 사라졌지만, 아직 혼란은 끝나지 않은 거 같다.{nl}다음 싸움을 준비하자.				
QUEST_LV_0500_20230904_002775	Le Beholder, ou dieu démon Slogutis, qui accablait Orsha et le royaume, a été vaincu.{nl}Racontez-le à Inesa Hamondale, le seigneur d'Orsha.	오르샤와 왕국을 괴롭혔던 주시자, 아니 마신 슬로거티스를 처치했다.{nl}이 사실을 오르샤의 영주 이네샤 헤먼데일에게 전하자.				
QUEST_LV_0500_20240205_002776	Maintenant que Slogutis, le collectionneur de tout ce qui est impie et maléfique en ce monde, a{nl}disparu, je dois...	이제 이 세상에 존재하는 불경하고 사악한 것들을 모으던 슬로거티스까지 사라진 이상 저는...				여신 라이마
QUEST_LV_0500_20240205_002777	Vous dire la vérité de la dernière révélation restante, Révélateur.	계시자에게 마지막 남은, 계시의 진실을 알려드려야겠군요.				여신 라이마
QUEST_LV_0500_20240205_002778	Je crains d'avoir besoin d'aide. S'il existe une boussole gravée dans un arbre il y a très, très{nl}longtemps... oui. Allez trouver Tesla, Révélateur. Il vous fabriquera une boussole.	아무래도, 누군가의 도움이 필요할 것 같군요. 아주 오래전, 나무에 나뭇잎을 새겨 놓은 나침반이 있다면 ... 그렇습니다. 모처에 있는 테슬라를 찾아가주세요, 계시자 님. 테슬라라면 나침반을 만들어 줄 겁니다.				여신 라이마
QUEST_LV_0500_20240205_002779	Cela fait un moment. Oui, le monde a été sauvé de la destruction, mais il subsiste des éléments{nl}de trouble...	오랜만일세. 그래, 세상이 파멸 일로로 가는 것만은 겨우 막은 상태이네만, 아직 불안의 요소들은 그대로 남아 있지...				조각가 테슬라
QUEST_LV_0500_20240205_002780	Un fragment de révélation. Ce devait être l'un des nombreux arrangements de Laima. Je vois.{nl}Cela m'inquiète, mais... vous saurez le trouver comme vous avez trouvé la révélation.	계시의 조각이라. 라이마님의 수많은 안배 중 하나였을 것인데... 그리되었군. 걱정이네. 어쨌든, 그것도 계시니까 계시를 찾듯이 찾아가면 되겠지.				조각가 테슬라
QUEST_LV_0500_20240205_002781	Je suis tombé sur le chemin de la vie éternelle, mais une vie humaine au temps limité vaut ce{nl}qu'elle est. Si la direction est claire, vous devez y aller même si les dangers vous attendent.{nl}Bonne chance.	나는 어쩌다 보니 영생의 길로 들어섰지만, 제한된 시간을 사는 인간의 삶이라는 것은 그것만으로 가치 있는 일이야. 안전하지 않아도, 그 방향이 확실하다면, 꼭 가야겠지. 건투를 비네.				조각가 테슬라
QUEST_LV_0500_20240205_002782	Mais cette feuille... Elle pointe dans une direction plutôt étrange. Côte de Cranto... peut-être...	그런데... 그 나뭇잎, 지금은 매우 묘한 곳을 가리키고 있군? 크란토 연안... 어쩌면...				조각가 테슬라
QUEST_LV_0500_20240205_002783	Je vous ai vu approcher de loin et j'ai essayé de vous arrêter, ne voulant pas être une gêne, mais{nl}il semble que cet obstacle n'ait pas suffi.	멀리서 다가오는 너를 보며, 귀찮은 일에 휘말리고 싶지 않아 막으려 했지만 그 정도 장애물로는 역부족이었던 것 같구나.				여신 유라테
QUEST_LV_0500_20240205_002784	Maintenant que nous sommes arrivés jusqu'ici, je me demande quelle puissance a le Révélateur{nl}de Laima...	여기까지 오니 나도 궁금하구나. 라이마의 계시자가 어느 정도의 힘을 가지고 있는지를…				여신 유라테
QUEST_LV_0500_20240205_002785	Je verrai de mes propres yeux si vous êtes l'homme qu'il faut pour reprendre cette révélation.	과연, 네가 그 계시를 되찾기에 적합한 인간인지 내 눈으로 직접 보자꾸나.				여신 유라테
QUEST_LV_0500_20240205_002786	Bien joué. Je voulais le sauver aussi, mais je n'osais pas approcher à cause des monstres{nl}terrifiants qui rôdaient dans la zone. Pendant que vous y êtes, pourquoi ne pas me rendre{nl}encore un service ?	아주 잘했소. 나도 구하고 싶었지만, 주변을 떠도는 무서운 몬스터들 때문에 마음 놓고 접근하지 못하던 참이었지. 기왕 이렇게 된 김에 부탁 하나만 더 들어주지 않겠소?				다미요나스
QUEST_LV_0500_20240205_002787	Merci de m'avoir apporté tous les noyaux de Gravegolem.... mais.....	묘지골렘의 핵을 모두 가져다줘서 고맙소….그런데…..				다미요나스
QUEST_LV_0500_20240205_002788	Bienvenue. Je vous attendais. La boussole que vous avez est un enchevêtrement de forces{nl}opposées, instable et sur le point d'exploser. C'est ni plus ni moins un miracle qu'elle vous ait{nl}guidé jusqu'ici. Ou peut-être.... tout cela était-il calculé par la Déesse Laima ?	어서 오십시오. 기다리고 있었습니다. 가지고 계신 나침반은 여러 가지 상반되는 힘이 뒤엉켜 있어 불안정한 상태로 폭주하기 직전이네요. 여기까지 인도한 것도 기적에 가깝다고 생각됩니다. 아니면….이것도 라이마님에 의해 모두 계산된 것이었을까요?				크로노맨서 마스터
QUEST_LV_0500_20240205_002789	Pour que la boussole indique la prochaine destination, il faut stabiliser le pouvoir devenu{nl}incontrôlable. Ce serait bien si la Déesse Jurate, qui lui a conféré ce pouvoir au départ, pouvait{nl}aider, mais.... elle ne souhaite probablement pas intervenir davantage. S'il existe un être puissant{nl}ayant reçu le pouvoir de la Déesse Jurate, peut-être...... pourra-t-il rassembler l'énergie{nl}nécessaire pour stabiliser la boussole.	나침반이 다음 목적지를 가리키도록 하기 위해선 폭주하고 있는 힘을 안정시켜야만 합니다. 애초에 힘을 부여하신 유라테 여신께서 도와주시면 좋겠지만….아마 더 이상의 개입을 원치 않으실 겁니다. 유라테 여신으로부터 힘을 얻은 강력한 존재가 있다면……나침반을 안정화 시키는데 필요한 기운을 모을 수 있을 것입니다.				크로노맨서 마스터
QUEST_LV_0500_20240205_002790	Et pour autant que je sache, il n'existe qu'un seul être de ce genre. Merregina....... Je créerai un{nl}portail pour que vous puissiez l'atteindre si vous le souhaitez.	제가 알기로 그런 존재는 단 하나뿐이 없습니다. 머래지나…….계시자 님께서 원하신다면 머래지나에게 닿을 수 있는 포탈을 생성해 드리겠습니다.				크로노맨서 마스터
QUEST_LV_0500_20240205_002791	Rencontre Suspecte	수상한 회동				
QUEST_LV_0500_20240205_002792	Vers le Sanctuaire de la Vérité	진실의 성소로				
QUEST_LV_0500_20240205_002793	Dites-moi la vérité	진실을 알려달라고 한다.				
QUEST_LV_0500_20240205_002794	Je viendrai prêt à écouter.	들을 준비를 하고 오겠다고 한다.				
QUEST_LV_0500_20240205_002795	Boussole Douteuse	의문의 나침반				
QUEST_LV_0500_20240205_002796	Poursuivre la conversation.	대화를 계속한다.				
QUEST_LV_0500_20240205_002797	Retourner.	돌아간다.				
QUEST_LV_0500_20240205_002798	Rencontre Inattendue	뜻밖의 조우				
QUEST_LV_0500_20240205_002799	L'Épreuve de Jurate	유라테의 시험				
QUEST_LV_0500_20240205_002800	Je suis prêt.	준비되었다고 한다.				
QUEST_LV_0500_20240205_002801	Fin de la conversation.	대화 종료.				
QUEST_LV_0500_20240205_002802	Boussole Complète	완성된 나침반				
QUEST_LV_0500_20240205_002803	Une Nouvelle Direction	새로운 방향				
QUEST_LV_0500_20240205_002804	Rencontre Inattendue (2)	뜻밖의 조우(2)				
QUEST_LV_0500_20240205_002805	Boussole Endommagée	손상된 나침반				
QUEST_LV_0500_20240205_002806	Pierre Enchantée	마력 깃든 돌				
QUEST_LV_0500_20240205_002807	Noyau de Gravegolem	묘지골렘의 핵				
QUEST_LV_0500_20240205_002808	Boussole Instable	불안정한 나침반				
QUEST_LV_0500_20240205_002809	Vers la Route de la Stèle	비석로를 향해				
QUEST_LV_0500_20240205_002810	Assister aux Conversations entre Dieux Démons et Seigneurs	마왕과 마신들의 대화 목격				
QUEST_LV_0500_20240205_002811	Le Beholder est retourné à l'Arbre divin, mais vous sentez une énergie sombre se rassembler. Pour empêcher une nouvelle tragédie, vous devez voir de vos yeux ce qui est sur le point d'arriver.		주시자는 신수로 돌아갔지만, 그에 못지않은 어둠의 기운이 모여들고 있는 것이 느껴집니다. 또 다른 비극을 막기 위해, 무슨 일이 벌어지려고 하는지 직접 확인해야 합니다.			
QUEST_LV_0500_20240205_002812	En écoutant en cachette une réunion de dieux démons et de seigneurs, vous avez appris l'existence d'une nouvelle révélation. Rendez visite à la Déesse Laima pour vérifier les faits.	마왕과 마신들의 회동을 엿듣는 중에 새로운 계시의 존재에 대해 알게 되었습니다. 사실 확인을 위해 라이마 여신을 찾아가야 합니다.				
QUEST_LV_0500_20240205_002813	Parler au Maître Dievdirbys	딥디르비 마스터와 대화하기				
QUEST_LV_0500_20240205_002814	Laima confirme qu'il existe une révélation de l'ego. Pour la trouver, vous devez demander au Maître Dievdirbys de fabriquer une boussole.	라이마는 스스로 의지를 가지게 된 계시의 존재를 확인시켜주었습니다. 이를 찾기 위해 딥디르미 마스터에게 나침반을 제작해달라고 해야 합니다.				
QUEST_LV_0500_20240205_002815	Aller là où la boussole pointe à la Côte de Cranto	크란토 연안에서 나침반이 가리키는 방향을 향해 가기				
QUEST_LV_0500_20240205_002816	La boussole créée par le Maître Dievdirbys pointe vers la Côte de Cranto. Allons voir ce qui vous attend.	딥디르비 마스터가 만들어준 나침반은 크란토 연안을 가리키고 있습니다. 무엇이 기다리고 있을지 직접 가봅시다.				
QUEST_LV_0500_20240205_002817	Parler à la Déesse Jurate à la Côte de Cranto	크란토 연안에서 유라테 여신과 대화하기				
QUEST_LV_0500_20240205_002818	Au bout de la direction indiquée par la boussole se trouvait la Déesse Jurate. Pour des raisons inconnues, elle a invoqué des monstres contre vous, Révélateur, pour vous empêcher de l'atteindre.	나침반이 가리키는 방향의 끝에는 여신 유라테가 있었습니다. 무슨 일인지 계시자를 향해 몬스터를 소환하여 자신에게 다가오는 것을 막으려 하였습니다.				
QUEST_LV_0500_20240205_002819	Parler à la Déesse Jurate à la Côte de Cranto	크란토 연안에서 유라테 여신과 대화 하기				
QUEST_LV_0500_20240205_002820	Vous devez suivre la Déesse Jurate et lui demander de donner du pouvoir à votre boussole.	유라테 여신을 따라가서 나침반에 힘을 부여해 줄 것을 청해야 합니다.				
QUEST_LV_0500_20240205_002821	Enfin, la Déesse Jurate semble donner du pouvoir à la boussole.	마침내, 유라테 여신은 나침반에 힘을 부여해 줄 것 같습니다.				
QUEST_LV_0500_20240205_002822	Se diriger dans la direction de la boussole sur le Plateau de Galeed	갈르엣 평야에서 나침반이 가리키는 방향을 향해 가기				
QUEST_LV_0500_20240205_002823	La boussole bénie pointe vers le Plateau de Galeed.	축복받은 나침반은 갈르엣 평야를 가리키고 있습니다.				
QUEST_LV_0500_20240205_002824	Le dieu démon Baubas est apparu. Quelle que soit la raison de son apparition, ses intentions ne seront pas bonnes.	마신 바우바스가 나타났습니다. 나타난 이유가 무엇이든 그 의도가 좋을 리 없습니다.				
QUEST_LV_0500_20240205_002825	Trouver quelqu'un pour vous aider au Plateau de Fasika	파사카 협곡에서 도움을 줄 사람을 찾아보기				
QUEST_LV_0500_20240205_002826	La boussole a été endommagée par l'explosion des monstres invoqués par le dieu démon Baubas. La Déesse Laima aurait-elle prévu cette situation ? Regardez autour de vous pour voir si quelqu'un peut vous aider.	마신 바우바스가 소환한 몬스터의 폭발로 인해 나침반이 손상되었습니다. 이 상황도 라이마 여신은 예지하고 있던 것일까요? 주변에서 도움을 줄 수 있는 사람이 없는지 찾아봐야 합니다.				
QUEST_LV_0500_20240205_002827	Récolter 10 Poudres Magnétiques sur le Plateau de Fasika	파사카 협곡에서 자성이 섞인 가루 10개 채집하기				
QUEST_LV_0500_20240205_002828	Damijonas vous a demandé de récolter des pierres enchantées comme premier matériau pour réparer la boussole.	다미요나스는 나침반을 수리하기 위한 첫 번째 재료로 마력 깃든 돌을 채집해 줄 것을 부탁했습니다.				
QUEST_LV_0500_20240205_002829	Récolter la Poudre Magnétique	자성이 섞인 가루 채집하기				
QUEST_LV_0500_20240205_002830	Obtenir 50 Noyaux de Gravegolem sur le Plateau de Fasika	파사카 협곡에서 묘지골렘의 핵 50개 획득하기				
QUEST_LV_0500_20240205_002831	Pendant la réparation de la boussole, Damijonas a demandé un certain nombre de noyaux de Gravegolem pour ses recherches.	다미요나스는 나침반을 수리하는 동안 자신의 연구를 위해 묘지골렘의 핵을 다수 구해줄 것을 요청했습니다.				
QUEST_LV_0500_20240205_002832	Obtenir le Noyau de Gravegolem	묘지골렘의 핵 획득하기				
QUEST_LV_0500_20240205_002833	Parler à Damijonas	다미요나스와 대화하기				
QUEST_LV_0500_20240205_002834	Survivre à la bataille	전투에서 살아남기				
QUEST_LV_0500_20240205_002835	Il ne restait plus qu'à réparer la boussole. Et c'est alors qu'il s'est passé quelque chose d'inattendu.	이제 나침반을 수리할 일만 남았을 텐데, 뜻밖의 일이 벌어졌습니다.				
QUEST_LV_0500_20240205_002836	Baiga est partie, et la boussole, portant à la fois les pouvoirs de la déesse et du dieu  démon, s'est remise à pointer quelque part.	바이가는 떠났고, 여신과 마신의 힘이 뒤섞인 나침반은 다시 어딘가를 가리키기 시작했습니다.				
QUEST_LV_0500_20240205_002837	Se diriger dans la direction que pointe votre boussole sur la Route de la stèle	비석로에서 나침반이 가리키는 방향을 향해 가기				
QUEST_LV_0500_20240205_002838	Quels événements vous attendront sur la Route de la stèle ? Que ce soit entièrement la prescience de la Déesse Laima ou une série d'événements inattendus, nous ne le savons pas pour l'instant.	비석로에선 어떤 사건이 기다리고 있을까요? 모든 게 라이마 여신의 예지인지, 돌발 상황의 연속인지 지금으로선 알 수 없습니다.				
QUEST_LV_0500_20240401_002839	Parlons-lui. 	그와 이야기를 하자.	QUEST_LV_0500_20230130_002573	Edmundas pleure la mort de Rose...{nl}Parlons-lui.	로제의 죽음에 애통해하는 에드문다스...{nl}그와 이야기를 하자.	
QUEST_LV_0500_20240909_002840	Enfin… J'attendais votre venue.	오셨군요...기다리고 있었습니다.			Goddess Laima	여신 라이마
QUEST_LV_0500_20240909_002841	Vous dites donc que la boussole pointe de nouveau vers la bibliothèque... Je vois. Cette entité{nl}semble être devenue une brindille brisée. Aussi grande qu'une branche puisse pousser sur un{nl}arbre, une fois brisée et tombée à terre, elle ne peut plus y être rattachée.	그 나침반이, 다시 도서관을 향하고 있다는 말씀이시군요….알겠습니다. 그 존재는 꺾인 가지가 된 것 같습니다. 아무리 커다란 나무에서 자란 가지라고 하더라도, 한 번 꺾여서 땅으로 떨어진 가지는 다시 붙이거나 되돌릴 수 없는 법이지요.			Goddess Laima	여신 라이마
QUEST_LV_0500_20240909_002842	C'est le fondement d'un Arbre divin et du royaume de la Déesse….. Je vous guiderai, Révélateur.	그것이 신수와 여신의 세상을 이루는 이치…..계시자 님께 길을 안내해 드리겠습니다			Goddess Laima	여신 라이마
QUEST_LV_0500_20240909_002843	Cette plaque de pierre créée par Neringa agit comme une barrière. C'est assurément un{nl}fragment de révélation. Cela ressemble à une plaque de pierre.	이 석판은 네링가가 만들고 간 일종의 결계입니다. 계시의 조각답게 역시, 석판 모양을 하고 있군요.			Goddess Vaivora	여신 바이보라
QUEST_LV_0500_20240909_002844	Faiblement, mais... je sens le pouvoir démoniaque des dieux démons. Il a dû arriver quelque{nl}chose à Neringa.	미미하지만….마신의 어두운 힘도 일부 느껴집니다. 네링가에게 무슨 일이 발생한 게 틀림없어요.			Goddess Vaivora	여신 바이보라
QUEST_LV_0500_20240909_002845	Détruire cette plaque de pierre ne devrait pas être trop difficile, mais je ne peux pas garantir que{nl}les plaques que vous rencontrerez à l'avenir seront les mêmes.	이 석판을 파괴하는 건 그리 어렵지 않을 것입니다. 하지만 앞으로 만나게 될 석판들도 그렇게 간단하게 파괴할 수 있을지는 저도 장담할 수 없겠습니다.			Goddess Vaivora	여신 바이보라
QUEST_LV_0500_20240909_002846	Cette plaque de pierre est plus puissante que celles que j'ai détruites auparavant. J'imagine que{nl}plus je me rapproche de Neringa, plus le pouvoir des dieux démons se renforce. Ériger une{nl}barrière pour m'enfermer dans mon espace. Mais à quoi Neringa peut-elle bien penser… ?	이 석판은 이 전에 파괴한 석판보다 마신의 힘이 더 강해져 있습니다. 추측건대 네링가에게 다가갈수록 마신의 힘이 더 강해지지 않을까 싶습니다. 저의 공간인 이 도서관에서 이렇게 저를 막기 위해 벽을 만들다니, 도대체 무슨 생각일까요, 네링가는…?			Goddess Vaivora	여신 바이보라
QUEST_LV_0500_20240909_002847	Malheureusement, mon plan de disparaître avec Baubas et la Salle de Valandis 91 a échoué. Je{nl}sais. Vous, le Révélateur, avez préparé le dispositif d'effondrement avec Vaivora.	아쉽게도, 바우바스와 함께 발란디스 91관과 사라지려던 저의 계획이 실패했습니다. 알고 있습니다. 계시자 님께서 바이보라님과 함께 붕괴 장치를 준비하셨다는 사실을 말입니다.			Neringa	네링가
QUEST_LV_0500_20240909_002848	Comme vous vous y attendiez, mon corps se corrompt lentement sous l'énergie démoniaque.{nl}Heureusement, mon ego, en tant que révélation, m'a permis de tromper Baubas malgré la{nl}corruption. Cependant, je ne peux prédire quand je pourrais amener l'apocalypse sur ce{nl}monde... Pour l'instant, je me concentrerai sur ce que je peux faire.	저는 예상하신 바대로 점점 마기에 물들어가는 몸. 다행히 아직 계시로서의 자아가 있어 마기에 물들어가는 자아조차 바우바스를 속이는 데 이용할 수는 있었으나, 언제 어느 때에 이 몸으로 세상의 파멸의 뇌관을 건드릴지 모르는 존재…우선 저는 저의 할 일을 하겠습니다.			Neringa	네링가
QUEST_LV_0500_20240909_002849	Brindille Cassée	꺾인 가지				
QUEST_LV_0500_20240909_002850	Raconter l'histoire	그동안의 이야기를 전해준다.				
QUEST_LV_0500_20240909_002851	L'Eau Bénite de Vaivora	바이보라의 성수				
QUEST_LV_0500_20240909_002852	Plaque de Pierre Chaotique 	혼란스러운 석판				
QUEST_LV_0500_20240909_002853	Gagner du Temps	시간 벌기				
QUEST_LV_0500_20240909_002854	Plaque Corruptrice	물들어가는 석판				
QUEST_LV_0500_20240909_002855	Gagner du temps (2)	시간 벌기(2)				
QUEST_LV_0500_20240909_002856	Ennemi Géant	거대한 적				
QUEST_LV_0500_20240909_002857	Vers la Salle de Valandis 3	발란디스 3관으로				
QUEST_LV_0500_20240909_002858	En Route vers la Prison des Démons	마족수감소를 향하여				
QUEST_LV_0500_20240909_002859	La Transformation de Neringa	변화하는 네링가				
QUEST_LV_0500_20240909_002860	L'Intervention des Dieux Démons	마신들의 개입				
QUEST_LV_0500_20240909_002861	Activation du dispositif d'effondrement (1)	붕괴장치의 활성화(1)				
QUEST_LV_0500_20240909_002862	Activation du dispositif d'effondrement (2)	붕괴장치의 활성화(2)				
QUEST_LV_0500_20240909_002863	Activation du dispositif d'effondrement (3)	붕괴장치의 활성화(3)				
QUEST_LV_0500_20240909_002864	Activation du dispositif d'effondrement (4)	붕괴장치의 활성화(4)				
QUEST_LV_0500_20240909_002865	Neringa Songeuse	생각하는 네링가				
QUEST_LV_0500_20240909_002866	Neringa à l'Agonie	고민하는 네링가				
QUEST_LV_0500_20240909_002867	Ego Achevé	완성된 자아				
QUEST_LV_0500_20240909_002868	La Dernière Bataille	최후의 전투				
QUEST_LV_0500_20240909_002869	Toute la situation est incroyable. Je dois retourner voir Laima et lui parler de la situation actuelle.	모든 상황들이 의문투성이입니다. 라이마에게 돌아가 현재까지의 상황에 대해 이야기해야 합니다.				
QUEST_LV_0500_20240909_002870	Parler à la Déesse Vaivora	바이보라 여신과 대화하기				
QUEST_LV_0500_20240909_002871	Laima vous a guidé jusqu'à la Salle de Valandis 2, le Centre de données isolé. Vous devez parler au maître de ce lieu.	라이마가 인도한 곳은 발란디스 2관의 격리 자료관입니다. 이곳의 주인과 대화해 봐야 합니다.				
QUEST_LV_0500_20240909_002872	Obtenir 5 flacons d'eau bénite de Vaivora près du Centre de données isolé dans la Salle de Valandis 2.	발란디스 2관의 격리 자료관 근처에서 바이보라의 성수 5개 구하기.				
QUEST_LV_0500_20240909_002873	Vaivora a demandé de l'eau bénite à proximité pour retrouver sa force.	바이보라는 자신의 힘을 회복하기 위해 근처에서 성수를 구해 달라고 부탁했습니다.				
QUEST_LV_0500_20240909_002874	Rencontrer Vaivora et lui parler au lieu suivant.	다음 장소에서 바이보라와 만나 대화하기				
QUEST_LV_0500_20240909_002875	Vaivora m'a dit de la suivre. Vous devez utiliser le dispositif de transport pour parler à Vaivora dans la Grande salle de travail de classification.	바이보라는 자신을 따라오라고 말했습니다. 이동 장치를 이용하여 대분류 작업실에 있는 바이보라와 대화해야 합니다.				
QUEST_LV_0500_20240909_002876	Tuer des monstres pour gagner du temps	몬스터를 처치하여 시간 벌기				
QUEST_LV_0500_20240909_002877	Vaivora vous a demandé de tuer les monstres autour d'elle pendant qu'elle se prépare à détruire les plaques de pierre.	바이보라는 자신이 석판을 파괴할 준비를 할 동안 주변의 몬스터들을 처치해 줄 것을 부탁했습니다.				
QUEST_LV_0500_20240909_002878	Tuer 50 monstres quelconques dans la Grande salle de travail de classification, la Salle de test des données et la Salle de travail des reports.	대분류 작업실, 자료 검정실, 보류 작업실에서 종류에 관계없이 몬스터 50마리 처치하기				
QUEST_LV_0500_20240909_002879	Retourner voir la Déesse Vaivora	여신 바이보라에게 다시 가보기				
QUEST_LV_0500_20240909_002880	Parler à Vaivora dans le Passage de la Déesse de la Salle de Valandis 2	발란디스 2관 여신의 통로에서 바이보라와 대화하기				
QUEST_LV_0500_20240909_002881	Vous devez vous diriger vers la plaque de pierre suivante et parler à Vaivora.	다음 결계 석판을 향해 이동하여 바이보라와 대화해야 합니다.				
QUEST_LV_0500_20240909_002882	Parler à Déesse Vaivora	여신 바이보라와 대화하기				
QUEST_LV_0500_20240909_002883	Tuons les monstres dans le Passage de la Déesse et le Porte-grimoire. 	여신의 통로, 마도서 거치소에서 몬스터를 처치하자.				
QUEST_LV_0500_20240909_002884	Détruisons les plaques de pierre avec la Déesse Vaivora.	여신 바이보라와 함께 석판을 파괴하자.				
QUEST_LV_0500_20240909_002885	Aller à la Salle de Classement des Pierres Runiques dans la Salle de Valandis 2 	발란디스 2관의 룬스톤 분류실로 이동하기				
QUEST_LV_0500_20240909_002886	Vaivora a averti de l'explosion survenue quand la barrière a été détruite. Nous devons avancer.	바이보라는 결계가 파괴되면서 발생한 폭발에 대해 앞으로도 계속해서 주의해 줄 것을 당부했습니다. 더 앞으로 나아가야 합니다.				
QUEST_LV_0500_20240909_002887	Parler à Vaivora dans la Salle de Valandis 3	발란디스 3관에서 바이보라와 대화하기				
QUEST_LV_0500_20240909_002888	Maintenant que nous avons détruit toutes les barrières de la Salle de Valandis 2, rendons-nous à la Salle de Valandis 3 et poursuivons Neringa.	이제 발란디스 2관의 모든 결계를 파괴했습니다. 발란디스 3관으로 이동하여 네링가를 추격합시다.				
QUEST_LV_0500_20240909_002889	Aller à la Cathédrale de Vakarion dans le Quartier de la Prison des Démons 5	마족수감소 5구역의 바카리온 대회당으로 이동하기				
QUEST_LV_0500_20240909_002890	Se rendre à la prison des démons et vérifier la situation actuelle. 	마족수감소로 이동하여 무슨 일이 벌어지고 있는지 확인해야 합니다.				
QUEST_LV_0500_20240909_002891	Retourner à la Salle de Valandis 3 et parler à Vaivora. 	발란디스 3관으로 다시 돌아가서 바이보라와 대화해야 합니다.				
QUEST_LV_0500_20240909_002892	Retourner à la Salle de Valandis 3 et parler à Vaivora. 	비발란디스 3관으로 다시 돌아가서 바이보라와 대화해야 합니다.				
QUEST_LV_0500_20240909_002893	Baubas est apparu dans la Bibliothèque fantastique. Cela signifie que d'autres dieux démons pourraient aussi apparaître. 	환상도서관에 바우바스가 나타났습니다. 그렇다는 건 다른 마신들도 나타날 수 있다는 뜻입니다.				
QUEST_LV_0500_20240909_002894	Vaivora a parlé du Flicid comme premier dispositif d'effondrement à activer.	바이보라는 가장 먼저 활성화해야 할 붕괴 장치로 플리시드를 이야기했습니다.				
QUEST_LV_0500_20240909_002895	Survivre aux monstres invoqués	소환되는 몬스터들로부터 살아남기				
QUEST_LV_0500_20240909_002896	Tuer tous les monstres et protéger Vaivora.	공격하는 몬스터들을 모두 처치하고 바이보라를 보호하기.				
QUEST_LV_0500_20240909_002897	Parler à Vaivora	바이보라와 대화하기				
QUEST_LV_0500_20240909_002898	Vaivora a parlé de Balanorth comme second dispositif d'effondrement à activer.	바이보라는 두 번째로 활성화해야 할 붕괴장치로 발라노스를 이야기했습니다.				
QUEST_LV_0500_20240909_002899	Vaivora a parlé de Balanorth comme second dispositif d'effondrement à activer	바이보라는 두 번째로 활성화해야 할 붕괴장치로 발라노스를 이야기했습니다				
QUEST_LV_0500_20240909_002900	Vaivora a parlé du Bluenode comme troisième dispositif d'effondrement à activer.	바이보라는 세 번째로 활성화해야 할 붕괴장치로 블로노드를 이야기했습니다.				
QUEST_LV_0500_20240909_002901	Vaivora a parlé de Ballandans comme dernier dispositif d'effondrement à activer.	바이보라는 마지막으로 활성화해야 할 붕괴 장치로 발란다르를 이야기했습니다.				
QUEST_LV_0500_20240909_002902	Survivre aux monstres invoqués et vaincre le boss.	소환되는 몬스터들로부터 살아남고 보스를 처치하기.				
QUEST_LV_0500_20240909_002903	Parler à Neringa dans la Salle de Valandis 91	발란디스 91관에서 네링가와 대화하기				
QUEST_LV_0500_20240909_002904	Vous devez entrer dans la Salle de Valandis 91 et rencontrer Neringa. Elle seule vous dira toute la vérité.	발란디스 91관으로 들어가 네링가를 만나야 합니다. 그녀만이 당신에게 모든 진실을 말해줄 것입니다.				
QUEST_LV_0500_20240909_002905	Nous devons partir à la poursuite de Neringa et Baubas disparus.	사라진 네링가와 바우바스를 추격해야 합니다.				
QUEST_LV_0500_20240909_002906	Il semble que la tentative de Neringa de tromper Baubas ait échoué. Nous devons trouver Neringa et lui parler.	아무래도 네링가가 바우바스를 속이려던 게 실패한 것 같습니다. 네링가를 찾아 이야기를 들어야 합니다.				
QUEST_LV_0500_20240909_002907	Parler à Vaivora dans la Salle de Valandis 91	발란디스 91관에서 바이보라와 대화하기				
QUEST_LV_0500_20240909_002908	La Neringa démoniaque est entièrement consumée par l'ego maléfique, elle vous a demandé d'entrer dans son royaume pour la tuer. Vous devez vous préparer à la bataille finale.	악의 자아에 완전히 물든 네링가는 자신을 처치하기 위해 자신의 영역으로 들어오라고 하였습니다. 최후의 전투를 준비해야 합니다.				
QUEST_LV_0500_20250212_002909	Guérissez les blessures du royaume et rendez l'harmonie à ses terres.	왕국 전역에 생긴 상처들을 치유하고 다시 평화를 가져와야 합니다.				여신 라이마	
QUEST_LV_0500_20250212_002910	Neringa, venue à l'existence par ma révélation, existe sous forme humaine mais est incapable de{nl}prendre la moindre décision au-delà de l'accomplissement de sa mission	네링가는 인간의 모습을 하고 있지만, 저의 계시로 태어나 자신에게 내려진 사명 외에 다른 판단은 할 수 없었습니다.				여신 라이마	
QUEST_LV_0500_20250212_002911	L'ego de Neringa a été contaminé par Veliuona, luttant pour accepter son destin d'être volatilisé.{nl}Cependant,...	벨리우오나의 행위로 네링가는 부정한 자아를 가지게 되었고, 자신이 존재하게 된 원인과 결국 소멸될 운명에 대한 혼란이 있었을 것입니다. 하지만….				여신 라이마	
QUEST_LV_0500_20250212_002912	Le destin de Neringa était de disparaître, mais je n'avais jamais anticipé qu'un tel processus se{nl}déroulerait dans mes prédictions	네링가는 결국 소멸될 운명이었지만, 이런 식의 과정이 있을 줄은 저의 예지로도 알 수 없었습니다.				여신 라이마	
QUEST_LV_0500_20250212_002913	J'ai besoin de temps pour réfléchir sur moi-même. Révélateur, cherchez Pajauta disparue, je{nl}vous prie.	저에게도 당분간 성찰할 시간이 필요하겠습니다. 계시자님은 사라진 파야우타를 찾아주십시오.				여신 라이마	
QUEST_LV_0500_20250212_002914	Cela n'a pas été révélé, mais bien des choses lui sont arrivées. Je ne connais pas l'endroit exact,{nl}mais je sens sa présence dans la Forêt de Khonot. 	드러나진 않았지만, 이번 사건에서 그녀에게도 많은 일이 있었습니다. 현재의 정확한 위치는 알 수 없지만, 코노트 숲에서 그녀의 존재가 느껴집니다. 				여신 라이마	
QUEST_LV_0500_20250212_002915	Ce n'est que ma prédiction. L'« Entité » qui contrôle les guêpes soit vous accueille… soit se sent{nl}très mal à l'aise avec votre existence.	제 예상이지만, 저 벌들을 통제하는 “어떤 존재” 는 계시자님의 등장이 매우 불쾌하거나 매우 반가운 것 같군요.				파야우타	
QUEST_LV_0500_20250212_002916	Si j'étais un être sous leur surveillance... Révélateur, vous seriez un être à éliminer.	제가 감시해야 할 대상이었다면….계시자님은 처치해야 할 대상인 것 같습니다.				파야우타	
QUEST_LV_0500_20250212_002917	J'observais attentivement leurs trajectoires de vol pendant que vous combattiez. Maintenant,{nl}traquons-les.	계시자님이 싸우는 동안 저 벌들이 날아오는 방향을 유심히 보고 있었어요. 이제 그 흔적을 추적해보죠.				파야우타	
QUEST_LV_0500_20250212_002918	...Peut-être n'avez-vous pas été affecté par le parfum de Ledania. 	…..아무래도 계시자님은 영향을 받지 않으신 것 같군요.				파야우타	
QUEST_LV_0500_20250212_002919	Quand Ledania est apparue, une sorte de parfum a empli l'air.	저 레다니아라는 여왕벌이 등장하면서, 어떤 향기 같은 게 순식간에 퍼졌습니다.				파야우타	
QUEST_LV_0500_20250212_002920	Cela a affecté toutes les créatures alentour, et mon esprit a été dominé par la rage.	그게 주변 모든 생명체에게 영향을 끼쳤고, 제 머릿속은 광기에 지배되어 갔습니다.				파야우타	
QUEST_LV_0500_20250212_002921	Si j'avais craqué dans la bataille, j'aurais pu vous attaquer. 	아마 전투에 난입했다면 계시자님, 당신을 공격했을지도 몰라요.				파야우타	
QUEST_LV_0500_20250212_002922	Ledania nous a ordonné de nous rendre à la Grotte à stalactites. C'était autrefois le domaine de la{nl}Déesse Dalia, mais si Ledania en a pris le contrôle, la bataille ne sera pas facile.	레다니아는 우릴 종유 동굴로 오라고 했습니다. 그곳은 본래 달리아 여신의 영역. 레다니아가 그곳을 지배하고 있다면 쉽지 않은 싸움이 될 것 같아요.				파야우타	
QUEST_LV_0500_20250212_002923	Retrouvez-moi dans la Grotte à stalactites. Nous pourrons peut-être obtenir des informations{nl}des Kupole alentour	종유 동굴에서 만나요. 아직 남아있는 큐폴들이 있다면 정보를 얻을 수 있을지 모릅니다.				파야우타	
QUEST_LV_0500_20250212_002924	Depuis que je suis entré dans la grotte, je sens un parfum semblable à celui du dernier combat. 	이 동굴에 들어오면서부터, 희미하지만 조금 전 전투에서 마주했던 향기가 납니다.				파야우타	
QUEST_LV_0500_20250212_002925	Je vous déconseille d'entrer avant d'avoir une pleine compréhension de la situation.	저는 완전히 상황 파악이 끝나기 전까지 내부로 진입하지 않는 것이 좋겠어요.				파야우타	
QUEST_LV_0500_20250212_002926	Révélateur, aidez-moi à trouver des Kupole qui pourraient nous aider, je vous prie. 	계시자님, 일단 주변에 도움을 줄 만한 큐폴들이 없는지 수색을 부탁드립니다.				파야우타	
QUEST_LV_0500_20250212_002927	Avez-vous rencontré Pajauta ?	파야우타를 만나 보셨나요?				여신 라이마	
QUEST_LV_0500_20250212_002928	Quand Neringa a disparu, les fragments maléfiques se sont dispersés dans le monde entier.	네링가가 소멸할 때, 자신의 악의를 담은 조각을 온 세상에 퍼트렸습니다.				여신 라이마	
QUEST_LV_0500_20250212_002929	Tous les monstres devenus féroces ont été vaincus par l'armée royale et  les Révélateurs. 	조각의 영향을 받아 흉폭해진 몬스터들은 왕국군과 계시자들에 의해 대부분 처치되었습니다.				여신 라이마	
QUEST_LV_0500_20250212_002930	Les Golem de cristal ont aussi été tués par eux. 	수정 골렘 같이 나중에 드러난 위협도 처치 되었구요.				여신 라이마	
QUEST_LV_0500_20250212_002931	La raison de la mutation de Ledania sera semblable. Mais... L'absence de la Déesse Dahlia a bien{nl}aggravé la situation. 	레다니아라는 여왕벌도 태어난 원인은 같을 거예요. 다만…..달리아 여신의 부재가 만들어낸 빈틈이 사태를 더욱 키운 것 같습니다.				여신 라이마	
QUEST_LV_0500_20250212_002932	Révélateur, cherchez le Maître Médecin de peste et découvrez un moyen de résister au parfum{nl}de Ledania, je vous prie. Puis, affrontez et vainquez Ledania.	계시자님, 지금부터 플레이그 닥터 마스터를 찾아가 레다니아의 향기에 영향받지 않을 방법을 찾아주세요. 그리고 레다니아를 반드시 처치해주세요.				여신 라이마	
QUEST_LV_0500_20250212_002933	Je dois discuter de la résurrection de la Déesse Dahlia. 	저는 다른 자매들과 함께 달리아 여신의 부활에 대해 논의할 겁니다.				여신 라이마	
QUEST_LV_0500_20250212_002934	Je suis assez occupé à expérimenter sur les nouvelles herbes... Qu'est-ce qui vous amène ? 	지금 새로운 약초를 연구하느라 매우 바쁩니다만….무슨 일이십니까?				플레이그 닥터 마스터	
QUEST_LV_0500_20250212_002935	La situation doit être désespérée si la Déesse Laima demande de l'aide à quelqu'un comme moi.	라이마 여신께서 저 같은 사람에게 까지 도움을 요청하시다니….상당히 위급한 상황인 것 같군요.				플레이그 닥터 마스터	
QUEST_LV_0500_20250212_002936	Je n'ai pas vu Ledania en personne... mais après avoir entendu votre explication, quelque chose{nl}me vient à l'esprit.	제가 그 레다니아라는 존재를 실제로 본적은 없으나….설명하신 부분을 들었을 때 짐작이 가는 부분이 있습니다.				플레이그 닥터 마스터	
QUEST_LV_0500_20250212_002937	Les guêpes communiquent par phéromones, mais ce n'est qu'une forme d'interaction entre{nl}individus, et il n'y a pas d'ordre hiérarchique entre elles.	벌들은 페로몬을 통해 서로 소통합니다. 하지만 그건 벌 집단 간의 의사소통일 뿐, 복종 관계의 명령 하달 체계는 아닙니다..				플레이그 닥터 마스터	
QUEST_LV_0500_20250212_002938	Mais Ledania semble avoir un pouvoir qui modifie les phéromones pour servir ses buts. 	하지만 레다니아는 그 페로몬을 자신의 목적에 맞게 뒤틀 수 있는 힘이 있는 것 같습니다.				플레이그 닥터 마스터	
QUEST_LV_0500_20250212_002939	De plus, cela n'affecte généralement pas les autres créatures, mais ce n'est pas le cas ici. 	또한, 본래대로라면 영향을 받지 않아야 할 다른 생명체들까지도 영향력을 끼치고 있는 것 같습니다.				플레이그 닥터 마스터	
QUEST_LV_0500_20250212_002940	Révélateur, rendez-vous à la Grotte à stalactites et vainquez les monstres, je vous prie.{nl}Rapportez-moi les échantillons des monstres, je vous prie. 	계시자님은 다시 종유 동굴로 가셔서 몬스터들을 처치한 후 나오는 표본을 모아 가져와주십시오.				플레이그 닥터 마스터	
QUEST_LV_0500_20250212_002941	Je vais expérimenter des herbes capables de résister à la phéromone des guêpes. 	저는 말벌의 페로몬에 내성을 가질 수 있는 약초에 대해 연구해보고 있겠습니다.				플레이그 닥터 마스터	
QUEST_LV_0500_20250212_002942	J'ai pu arriver jusqu'ici après m'être maîtrisé.	휴우……조금씩 제 자신을 다스리면서 이 곳까지는 도달할 수 있게 되었습니다.				파야우타	
QUEST_LV_0500_20250212_002943	J'ai appris de Kupole Medena une méthode pour résister à ce parfum. 	큐폴 메데나 님으로부터 이 향기에 저항하는 방법을 조금은 배웠습니다.				파야우타	
QUEST_LV_0500_20250212_002944	Dites-moi tout ce que vous savez, je vous prie.	그동안 알게 된 것들을 들려주십시오.				파야우타	
QUEST_LV_0500_20250212_002945	La résurrection de la Déesse Dahlia... Vous tenez cette histoire de la Déesse Laima elle-même ? 	달리아 여신의 부활….그 이야기를 라이마 여신님께서 직접 하셨다는 것이지요?				큐폴 메데나	
QUEST_LV_0500_20250212_002946	Même s'il y a un moyen, ce n'est qu'une théorie qui n'a jamais été éprouvée.	방법이 있다고 해도 그건 이론상으로 존재할 뿐, 한번도 해본 적 없는 일이에요.				큐폴 메데나	
QUEST_LV_0500_20250212_002947	Cela dépend de la Déesse... Nous devons nous occuper de la situation actuelle. 	그건 여신님들끼리 고민해야 할 일이고…우리는 눈앞에 닥친 위협을 해결해야죠.				파야우타	
QUEST_LV_0500_20250212_002948	Révélateur, je peux vous fournir des échantillons des monstres alentour, mais je ne peux pas{nl}m'aventurer plus loin. Occupez-vous de la partie plus profonde, je vous prie.	계시자님. 이곳 주변의 몬스터들 표본은 제가 드릴 수 있지만, 아직 더 깊은 곳으로 들어갈 수가 없습니다. 안쪽은 계시자님이 애써 주셔야겠습니다.				파야우타	
QUEST_LV_0500_20250212_002949	Avez-vous récolté assez d'échantillons ? 	표본을 충분히 모으셨나요?				파야우타	
QUEST_LV_0500_20250212_002950	J'ai combiné tous mes échantillons aux vôtres. 	제가 모아 놓은 표본이랑 계시자님이 모아온 표본을 합쳤습니다.				파야우타	
QUEST_LV_0500_20250212_002951	Portez ceci au Maître Médecin de peste. Je dois m'occuper de Kupole Medena. 	이걸 가지고 플레이그 닥터 마스터님에게 다녀오세요. 전 큐폴 메데나 님을 옆에서 보살펴야겠어요.				파야우타	
QUEST_LV_0500_20250212_002952	Avez-vous récolté assez d'échantillons ? Il en faut beaucoup pour expérimenter et fabriquer{nl}assez de remède.	표본은 충분히 모아오셨겠죠? 제가 연구하고 충분한 양의 약을 제조하려면 많은 양의 표본이 필요합니다.				플레이그 닥터 마스터	
QUEST_LV_0500_20250212_002953	Hmm... Rapportez-en davantage la prochaine fois, je vous prie. Cela ne suffit pas pour faire un{nl}remède pour vous trois. 	음….다음부터는 좀 더 많은 양을 가져오도록 하세요. 당신과 파야우타, 그리고 큐폴까지 3 명분의 약을 넉넉하게 만들려면 이정도로는 너무 빠듯합니다.				플레이그 닥터 마스터	
QUEST_LV_0500_20250212_002954	J'ai fini de fabriquer le remède, mais j'ai une bonne et une mauvaise nouvelle. 	당신들을 위한 약을 제조했습니다만, 좋은 소식과 나쁜 소식이 있습니다.				플레이그 닥터 마스터	
QUEST_LV_0500_20250212_002955	La bonne nouvelle est que ce remède vous permettra de circuler librement à la Grotte à{nl}stalactites de Tevhrin section 1.	좋은 소식이라면 이 약을 통해 테브린 종유동 1구역을 한시적으로 마음껏 돌아다닐 수 있을 것입니다.				플레이그 닥터 마스터	
QUEST_LV_0500_20250212_002956	La mauvaise nouvelle est que ce remède ne suffira pas ou n'aura aucun effet à la Grotte à{nl}stalactites de Tevhrin section 2	나쁜 소식은 테브린 종유동 2구역에 진입하면 이 약으로는 충분하지 않거나 효과가 전혀 없을 수 있다는 것입니다.				플레이그 닥터 마스터	
QUEST_LV_0500_20250212_002957	Donnez ceci à vos amis, je vous prie, et rapportez-moi les échantillons de la section 2 	이 약을 가지고 돌아가 당신 동료들에게도 먹이고, 마찬가지로 2 구역의 표본들을 모아오도록 하세요.				플레이그 닥터 마스터	
QUEST_LV_0500_20250212_002958	Je dois éprouver mon hypothèse. 	저의 가설이 맞는지 틀린지 확인을 해야겠습니다.				플레이그 닥터 마스터	
QUEST_LV_0500_20250212_002959	Avez-vous reçu le remède du Maître Médecin de peste ? 	플레이그 닥터 마스터님에게 약을 받아오셨습니까?				파야우타	
QUEST_LV_0500_20250212_002960	Beurk... Plus amer que je ne le pensais. 	윽…..비위가 상할 정도로 쓴 맛이네요.				파야우타	
QUEST_LV_0500_20250212_002961	Mais après avoir bu ce remède... j'ai l'impression que mon esprit s'éclaircit. 	하지만 약을 먹고 나니….머리가 맑아지는 것 같습니다.				파야우타	
QUEST_LV_0500_20250212_002962	Mer...ci... d'avoir préparé mon remède. 	제 것까지 준비해주시다니…너무 감사합니다…..만….				큐폴 메데나	
QUEST_LV_0500_20250212_002963	Ouf... Je n'aime pas le goût non plus... 	후…..저에게도 그렇게 먹기 좋은 맛은 아닌 것 같아요.				큐폴 메데나	
QUEST_LV_0500_20250212_002964	Le Révélateur et moi irons plus loin à l'intérieur. 	저와 계시자님은 계속해서 들어갈 생각입니다.				파야우타	
QUEST_LV_0500_20250212_002965	Je vais commencer. Retrouvez-moi à la section 2.	저는 먼저 들어가 있겠습니다. 2구역 입구에서 만나죠.				파야우타	
QUEST_LV_0500_20250212_002966	Merci Révélateur. Je me sens mieux maintenant... Je vais aller trouver la Déesse Laima.	계시자님 감사합니다. 이제 기운을 차렸으니….저는 라이마 여신님을 찾아가보려고 합니다.				큐폴 메데나	
QUEST_LV_0500_20250212_002967	Elle a dit quelque chose sur la résurrection de la Déesse Dahlia... En tant que Kupole qui l'a{nl}servie, je dois découvrir ce qui se passe. 	달리아 여신님의 부활에 관하여 언급하셨다니….모셨던 큐폴로써 어떤 이야기가 오고 가고 있는지 확인해야겠어요.				큐폴 메데나	
QUEST_LV_0500_20250212_002968	En entrant dans la section 2.... L'atmosphère est bien différente de celle de la section 1. Ce parfum{nl}particulier donne mal à la tête. 	2구역에 들어오니…..1구역과는 상황이 다른 것 같아요. 다시 그 특유의 페로몬이 느껴지면서 머리가 아파지기 시작합니다.				파야우타	
QUEST_LV_0500_20250212_002969	Comme le Maître Médecin de peste l'a dit, nous devrions récolter des échantillons sur les{nl}monstres de la section 2. 	플레이그 닥터 마스터님의 말한대로, 2구역의 몬스터 표본을 모아가는게 좋을 것 같습니다.				파야우타	
QUEST_LV_0500_20250212_002970	Nous devons déterminer si la phéromone s'est renforcée ou s'il y a d'autres éléments qui causent{nl}le mal de tête.	레다니아와 가까워져서 페로몬이 더 강력해진 것인지, 다른 요소가 있는 건지 파악하는 과정이 필요해요.				파야우타	
QUEST_LV_0500_20250212_002971	Je récolterai les échantillons des monstres alentour, Révélateur, occupez-vous des monstres plus{nl}loin à l'intérieur, je vous prie.	저는 이 주변 몬스터들을 상대하며 표본을 모으고 있을 테니, 계시자님께서는 안쪽의 몬스터들을 상대해 주세요				파야우타	
QUEST_LV_0500_20250212_002972	Vous voilà de retour... Voici tous les échantillons que j'ai récoltés. Apportez-les au Maître{nl}Médecin de peste pour le nouveau remède. 	돌아오셨군요…여기 제가 모은 표본과 함께 플레이그 닥터 마스터님에게 전달하고 새로운 약을 부탁드리겠습니다.				파야우타	
QUEST_LV_0500_20250212_002973	Il semble que vous ne soyez pas affecté du tout... J'ai un peu la tête qui tourne en ce moment...{nl}Laissez-moi me reposer un peu. 	그런데 계시자님은 정말 아무렇지도 않은 것 같군요….전 지금 많이 어지러워서….좀 쉬고 있어야 겠어요.				파야우타	
QUEST_LV_0500_20250212_002974	Content de vous revoir, on dirait que le remède a fait son effet. 	무사히 돌아오신 걸 보니 약이 효과가 있었던 것 같아 기쁩니다.				플레이그 닥터 마스터	
QUEST_LV_0500_20250212_002975	Remettez les échantillons de la section 2. Je dois vérifier quelque chose tout de suite. 	2구역의 몬스터 표본을 주십시오. 당장 확인해 봐야 할 것들이 있습니다.				플레이그 닥터 마스터	
QUEST_LV_0500_20250212_002976	Comme prévu... 	역시 그렇군……				플레이그 닥터 마스터	
QUEST_LV_0500_20250212_002977	Ce n'est qu'une hypothèse, mais elle est probablement vraie. 	지금부터 설명하는 건 어디까지나 가설에 불과합니다만, 아주 가능성이 높은 가설입니다.				플레이그 닥터 마스터	
QUEST_LV_0500_20250212_002978	J'ai pu trouver la trace de la phéromone de Ledania dans les échantillons des sections 1 et 2. 	저는 1구역과 2구역의 몬스터 표본에서 그 레다니아라는 존재가 뿜어내는 페로몬의 흔적을 찾을 수 있었습니다.				플레이그 닥터 마스터	
QUEST_LV_0500_20250212_002979	Le problème est la différence de densité, la différence de densité entre les sections 1 et 2 est de{nl}plus de 2 à 3 fois. 	문제는 농도 차이인데, 1구역과 2구역의 차이는 단순 육안으로 보기에도 2-3 배의 농도 차이가 있어 보입니다.				플레이그 닥터 마스터	
QUEST_LV_0500_20250212_002980	Il existe une dose létale de mon remède. La Grotte à stalactites de Tevhrin compte 5 sections, je{nl}vous dis cela parce que vous allez affronter l'entité appelée Ledania. 	제가 만드는 약에도 엄연히 치사량이라는게 있습니다. 테브린 종유동은 총 5구역까지 있는데, 그 레다니아라는 존재와 직접 싸우실 것 같아 드리는 이야기입니다.				플레이그 닥터 마스터	
QUEST_LV_0500_20250212_002981	De loin, le remède doit être 13 fois plus concentré que celui que je vous ai donné à la section 1.{nl}Une personne normale perdrait complètement tous ses sens. 	이런 계산이라면 1구역에서 드렸던 것의 최소 13 배 이상 농도로 약을 제조해드려야 제 정신으로 버틸 수 있는데, 그건 평범한 생명체가 마셨다간 온몸의 감각 상실, 심하면 후각과 시력을 완전히 잃어버릴 수 있는 양입니다.				플레이그 닥터 마스터	
QUEST_LV_0500_20250212_002982	D'après ce que j'ai vu, vous réagissez différemment de vos amis. 	하지만 제가 지켜본 바로, 당신과 당신 동료에 대한 페로몬 반응은 달라 보입니다.				플레이그 닥터 마스터	
QUEST_LV_0500_20250212_002983	Je vois…. Vous ne semblez pas avoir beaucoup de mal à travailler dans la Grotte à stalactites de{nl}Tevhrin après avoir pris le remède que je vous ai donné. N'est-ce pas ?	제가 볼 때….당신은 굳이 기존에 드린 약만 복용해도 테브린 종유동에서 활동하는데 큰 지장이 없어 보여요. 맞지요?				플레이그 닥터 마스터	
QUEST_LV_0500_20250212_002984	Mais j'ai un doute. En tant que Révélateur, avez-vous une résistance naturelle à la phéromone,{nl}ou Ledania l'a-t-elle intentionnellement rendue inefficace contre vous ?	저의 최종 의문은 이겁니다. 계시자님이 단순히 그 페로몬에 대한 특별한 내성이 있는 것인가? 아니면 그 레다니아라는 존재가 의도적으로 당신에게만 반응하지 않도록 페로몬에 변형을 가한 것인가?				플레이그 닥터 마스터	
QUEST_LV_0500_20250212_002985	J'imagine que mon travail s'arrête ici. Dites à vos amis de ne pas s'enfoncer davantage dans la{nl}grotte. 	아무래도 저의 역할은 여기까지인 것 같습니다. 당신 동료에게는 더 이상 동굴 안으로 들어가지 말라고 전해주세요.				플레이그 닥터 마스터	
QUEST_LV_0500_20250212_002986	J'avais un pressentiment. Vous avez tous été exposés à la même phéromone et avez pris le même{nl}remède, mais vous, Révélateur, sembliez totalement épargné.	어렴풋이 느끼고는 있었습니다. 같은 페로몬에 노출되고 같은 약을 먹었는데도 계시자님, 당신은 너무 자연스러워 보였거든요.				파야우타	
QUEST_LV_0500_20250212_002987	Comme il n'y a plus de remède, je dois vite fuir cet endroit. 	더 이상의 약은 없다고 하셨으니, 저는 빨리 이곳을 빠져나가야 될 것 같습니다.				파야우타	
QUEST_LV_0500_20250212_002988	Si vous parvenez à vaincre Ledania, nous pourrions nous revoir. 	계시자님이 성공적으로 레다니아를 처치한다면, 우리는 곧 다시 볼 수 있을 겁니다.				파야우타	
QUEST_LV_0500_20250212_002989	Berné et trompé	속고 속이고					
QUEST_LV_0500_20250212_002990	Trouver la Trace	흔적 찾기					
QUEST_LV_0500_20250212_002991	Lancer l'Attaque	공격 개시					
QUEST_LV_0500_20250212_002992	SœUrs Disparues Depuis Longtemps	자매의 빈 자리					
QUEST_LV_0500_20250212_002993	Raisons de la Réclusion	은둔의 이유					
QUEST_LV_0500_20250212_002994	Situation Interne	내부 상황					
QUEST_LV_0500_20250212_002995	Kupole Tombée	쓰러진 큐폴					
QUEST_LV_0500_20250212_002996	Expliquer à Laima ce qui s'est passé jusqu'ici	라이마에게 지금까지의 일을 설명한다					
QUEST_LV_0500_20250212_002997	Phéromone	페로몬					
QUEST_LV_0500_20250212_002998	Venu ici au nom de la Déesse Laima, expliquant la situation actuelle	라이마 여신이 보내서 왔으며, 레다니아에 대한 상황을  설명한다					
QUEST_LV_0500_20250212_002999	Retrouvailles	다시 재회					
QUEST_LV_0500_20250212_003000	Raconter toute l'histoire.	지금까지의 일을 말한다					
QUEST_LV_0500_20250212_003001	Récolter des échantillons à la Grotte à stalactites de Tevhrin section 1	테브린 종유동 1구역 표본 모으기					
QUEST_LV_0500_20250212_003002	Livrer les échantillons de la Grotte à stalactites de Tevhrin section 1	테브린 종유동 1구역 표본 전달					
QUEST_LV_0500_20250212_003003	Potion de Résistance aux Phéromones	페로몬 내성 물약					
QUEST_LV_0500_20250212_003004	Retourner à la Grotte à stalactites de Tevhrin section 1 	테브린 종유동 1구역으로 돌아가기					
QUEST_LV_0500_20250212_003005	Donner le remède à Pajauta et Kupole Medena..	파야우타와 큐폴 메데나에게 약을 건넨다..					
QUEST_LV_0500_20250212_003006	Se Rendre à la Grotte à Stalactites de Tevhrin Section 2 	테브린 종유동 2구역으로 전진하기					
QUEST_LV_0500_20250212_003007	Situation Actuelle de la Grotte à Stalactites de Tevhrin Section 2	테브린 종유동 2구역의 상황					
QUEST_LV_0500_20250212_003008	Récolter des échantillons à la Grotte à stalactites de Tevhrin section 2	테브린 종유동 2구역 표본 모으기					
QUEST_LV_0500_20250212_003009	Livrer les échantillons de la Grotte à stalactites de Tevhrin section 2	테브린 종유동 2구역 표본 전달					
QUEST_LV_0500_20250212_003010	Donner les échantillons obtenus sur les monstres de la Grotte à stalactites de Tevhrin section 2 	테브린 종유동 2구역의 몬스터 표본을 건넨다					
QUEST_LV_0500_20250212_003011	Prise de Risque	위험 감수					
QUEST_LV_0500_20250212_003012	Se Rendre à la Grotte à Stalactites de Tevhrin Section 3	테브린 종유동 3구역으로					
QUEST_LV_0500_20250212_003013	Vers la ruche	둥지를 향해					
QUEST_LV_0500_20250212_003014	Vous devez avoir quelque chose à dire à Pajauta. 	당장 파야우타와 할 이야기가 있을 것입니다.					
QUEST_LV_0500_20250212_003015	Khonot f_bracken_42_1 EP17_1_BRACKEN_42_MQ4_PAJAUTA_NPC 80	코노트 f_bracken_42_1 EP17_1_BRACKEN_42_MQ4_PAJAUTA_NPC 80					
QUEST_LV_0500_20250212_003016	Vous devez discuter de vos prochains plans avec Pajauta. 	파야우타와 대화하여 다음 행동에 대해 의논해야 합니다.					
QUEST_LV_0500_20250212_003017	Parler Avec Pajauta	파야우타와 대화하기.					
QUEST_LV_0500_20250212_003018	Détruire les guêpes et les ruches à l'endroit ciblé	목표 지점의 벌과 벌집 파괴					
QUEST_LV_0500_20250212_003019	Pajauta suppose que c'est un piège. 	파야우타는 눈앞의 상황이 함정일 것이라 의심하고 있습니다.					
QUEST_LV_0500_20250212_003020	Retourner voir Laima et discuter des plans à venir. 	라이마에게 돌아가서 이후의 방향에 대해 논의해야합니다.					
QUEST_LV_0500_20250212_003021	Laima vous a chargé de trouver Pajauta, qui se cache dans la Forêt de Khonot, et d'essayer de lui parler. 	라이마는 코노트 숲에 은둔하고 있는 파야우타를 찾아 대화해보라고 하였습니다.					
QUEST_LV_0500_20250212_003022	Rencontrer Pajauta à l'entrée de la Grotte à stalactites de Tevhrin section 1. 	테브린 종유동 1구역 입구에서 파야우타와 만나야 합니다.					
QUEST_LV_0500_20250212_003023	Parler à Kupole Medena 	큐폴 메데나와 대화하기					
QUEST_LV_0500_20250212_003024	Vous devez trouver une Kupole qui puisse vous aider dans cette grotte au vu de votre situation actuelle. 	동굴에서 이 사태에 도움을 줄 수 있는 큐폴을 찾아야 합니다.					
QUEST_LV_0500_20250212_003025	Parler à Laima 	라이마와 대화하기					
QUEST_LV_0500_20250212_003026	Retourner voir Laima et discuter de la situation actuelle. 	라이마에게 돌아가 지금까지의 상황에 대해 이야기해야 합니다.					
QUEST_LV_0500_20250212_003027	Parler au Maître Médecin de Peste 	플레이그 닥터 마스터와 대화하기					
QUEST_LV_0500_20250212_003028	Trouver le Maître Médecin de peste et parler de l'apparition de Ledania. 	플레이그 닥터 마스터를 찾아가 레다니아의 출현에 대해 이야기해야 합니다.					
QUEST_LV_0500_20250212_003029	Pajauta vous attend toujours à l'entrée de la Grotte à stalactites. 	파야우타가 여전히 종유 동굴 입구에서 당신을 기다리고 있을 것입니다.					
QUEST_LV_0500_20250212_003030	Vaincre 100 monstres à la Grotte à stalactites de Tevhrin section 1 et retourner voir Pajauta.	테브린 종유동 1구역의 몬스터 100 마리 처치 후, 파야우타에게 돌아가기.					
QUEST_LV_0500_20250212_003031	Vous devez vaincre les monstres alentour pour récolter des échantillons pour le Maître Médecin de peste. 	플레이그 닥터 마스터에게 필요한 표본 수집을 위해 주변의 몬스터들을 처치해야합니다.					
QUEST_LV_0500_20250212_003032	Livrer les échantillons récoltés à la Grotte à stalactites de Tevhrin section 1 au Maître Médecin de peste.	플레이그 닥터 마스터에게 수집한 테브린 종유동 1구역 몬스터 표본을 전달해야합니다.					
QUEST_LV_0500_20250212_003033	Écouter attentivement l'explication du Maître Médecin de peste. 	플레이그 닥터 마스터에게 설명을 들어야 합니다.					
QUEST_LV_0500_20250212_003034	Vous devez retourner voir Pajauta. 	파야우타에게 돌아가야 합니다.					
QUEST_LV_0500_20250212_003035	Parler à Kupole Medena. 	큐폴 메데나와와 대화하기					
QUEST_LV_0500_20250212_003036	Vous devez parler à Kupole Medena. 	큐폴 메데나와 대화해야 합니다.					
QUEST_LV_0500_20250212_003037	Parler à Pajauta dans la Grotte à stalactites de Tevhrin section 2. 	테브린 종유동 2구역에서 파야우타와 대화해야 합니다.					
QUEST_LV_0500_20250212_003038	Vaincre 150 monstres à la Grotte à stalactites de Tevhrin section 2 et retourner voir Pajauta.	테브린 종유동 2구역의 몬스터 150 마리 처치 후, 파야우타에게 돌아가기					
QUEST_LV_0500_20250212_003039	Vous devez vaincre les monstres alentour pour récolter des échantillons pour le Maître Médecin de peste. 	플레이그 닥터 마스터에게 필요한 표본 수집을 위해 주변의 몬스터들을 처치해야 합니다.					
QUEST_LV_0500_20250212_003040	Livrer les échantillons récoltés à la Grotte à stalactites de Tevhrin section 2 au Maître Médecin de peste.	플레이그 닥터 마스터에게 수집한 2구역 몬스터 표본을 전달해야 합니다.					
QUEST_LV_0500_20250212_003041	Vous devrez vous en occuper vous-même désormais.	아무래도 이후의 전투는 혼자 감당해야할 것 같습니다.					
QUEST_LV_0500_20250212_003042	Se Déplacer vers la Grotte à Stalactites de Tevhrin Section 3	테브린 종유동 3구역으로 이동하기					
QUEST_LV_0500_20250212_003043	En tant que Révélateur, je dois m'enfoncer davantage pour sauver le Royaume.	계시자로써 왕국을 구하기 위해, 더 깊은 곳으로 들어갈 수밖에 없습니다.					
QUEST_LV_0500_20250212_003044	Trouver Ledania à la Grotte à Stalactites de Tevhrin Section 5	테브린 종유동 5구역에서 레다니아를 찾아야 합니다					
QUEST_LV_0500_20250212_003045	Ledania vous attire délibérément, mais il n'y a personne d'autre que vous pour affronter cette menace. 	레다니아는 노골적으로 당신을 유인하고 있지만, 당신이 아니면 이 위협과 맞설 수 있는 사람이 없습니다.					
QUEST_LV_0500_20250214_003046	Le Révélateur et moi irons plus loin à l'intérieur. 	저와 계시자님은 계속해서 안쪽으로 들어갈 생각입니다.	QUEST_LV_0500_20250212_002964	Le Révélateur et moi irons plus loin à l'intérieur. 	저와 계시자님은 계속해서 들어갈 생각입니다.	파야우타	
QUEST_LV_0500_20250826_003047	Révélateur, vous avez entendu mon message. 	계시자, 부름에 응해주었군요.				여신 라이마
QUEST_LV_0500_20250826_003048	Je vous ai guidé ici à cause des événements anormaux dans la Forêt de Kateen. 	계시자를 이곳으로 인도한 이유는 카틴 숲에서 벌어지고 있는 이상 현상 때문입니다.				여신 라이마
QUEST_LV_0500_20250826_003049	Forêt de Kateen, autrefois havre de vie et de nature, souffre maintenant d'arbres desséchés et{nl}d'un sol souillé.	카틴 숲은 한때 생명이 숨쉬던 신록의 숲이었으나, 지금은 나무는 잎을 잃고, 대지는 오염되고 있습니다.				여신 라이마
QUEST_LV_0500_20250826_003050	Ce n'est pas la loi de la nature, mais l'œuvre d'une entité inconnue. Révélateur, nous avons{nl}besoin que vous découvriez la cause et rétablissiez le cycle de vie naturel de l'écosystème.	이것은 자연의 섭리가 아닌 누군가의 의지가 담긴 현상, 숲의 순환을 해치고 있는 원인을 파악하고 생명의 굴레를 되돌리기 위해서 계시자의 힘이 필요합니다.				여신 라이마
QUEST_LV_0500_20250826_003051	Merci, récoltez l'essence d'Eldigo, je vous prie. 	감사합니다, 그럼 먼저 엘디고의 정수 수집을 부탁 드리겠습니다.				의사 카롤
QUEST_LV_0500_20250826_003052	Merci, récoltez l'essence de Belstool, je vous prie	정말 대단하군요. 이번에 필요한 재료는 벨스툴의 정수입니다.				의사 카롤
QUEST_LV_0500_20250826_003053	Nous y sommes presque. Enfin et surtout... l'essence de Truffe	재료가 거의 다 모여 가네요. 이번에 부탁드릴 재료는… 푸른 트리펠리의 정수입니다.				의사 카롤
QUEST_LV_0500_20250826_003054	Tous les matériaux sont là ! Laissez-moi tout mélanger... 	이제 재료가 모두 모였군요! 그럼 이것을 한데 모아서...				의사 카롤
QUEST_LV_0500_20250826_003055	Pas possible, comment cela... !!  	어어, 이럴수가…! 				의사 카롤
QUEST_LV_0500_20250826_003056	Cela, cela est... les matériaux résistent à la réaction... ! 	그, 그게… 재료들이 거부 반응을 일으켜 섞이지 않아요...!				의사 카롤
QUEST_LV_0500_20250826_003057	Il nous faudra peut-être des herbes Kartina pour mélanger ces matériaux. 	아무래도 재료들을 혼합하기 위해서 카르티나 약초가 필요할 것 같아요.				의사 카롤
QUEST_LV_0500_20250826_003058	Merci beaucoup !! En y ajoutant des herbes Kartina... Voilà ! Ceci est l'antidote complet. 	정말 감사합니다! 그럼 카르티나 약초를 넣어서... 좋아! 이게 완성된 해독제입니다.				의사 카롤
QUEST_LV_0500_20250826_003059	Vite, apportez l'antidote et sauvons les villageois ! 	어서 해독제를 들고 고치에 갇힌 주민들이 있는 곳으로 가보도록 하죠!				의사 카롤
QUEST_LV_0500_20250826_003060	Les villageois pris dans les cocons ont besoin de soins urgents. C'est un miracle qu'ils soient{nl}encore en vie. Nous devons administrer l'antidote immédiatement !	고치에 갇힌 주민들은 살아 있는 것만으로도 기적일 정도로 몸상태가 좋지 않아요. 빨리 해독제를 사용해서 고치에 갇힌 주민들을 치료해야 겠어요!				의사 카롤
QUEST_LV_0500_20250826_003061	Les poisons sont en cours de désintoxication. Cependant...	독 기운이 사라지고 있군요. 그런데….				의사 카롤
QUEST_LV_0500_20250826_003062	Les villageois ne se réveillent pas… Comment est-ce possible ? Le poison a déjà été neutralisé ! 	마을 주민들이 눈을 뜨지 않습니다… 독 기운은 사라졌을텐데 어째서 의식이 돌아오지 않는 거죠… 				의사 카롤
QUEST_LV_0500_20250826_003063	EXACT. Je ne peux pas renoncer. Je suis le docteur qui sauve des vies... !	맞습니다. 여기서 포기할 순 없죠. 전 생명을 살리는 의사이니깐요…!				의사 카롤
QUEST_LV_0500_20250826_003064	J'ai peut-être négligé quelque chose en préparant le remède. Pourriez-vous chercher autour des{nl}cocons des indices qui pourraient aider au traitement ?	분명 약을 만들 때 고려하지 못한 부분이 있을 거예요. 혹시 주변에 고치에 갇힌 주민들을 치료할 단서가 있을지도 모르니 주변을 살펴봐 주시겠어요?				의사 카롤
QUEST_LV_0500_20250826_003065	Spectre Hanté 	마을의 지박령				
QUEST_LV_0500_20250826_003066	Le village que j'ai protégé si longtemps est en ruines. Les villageois qui l'emplissaient jadis de{nl}rires sont maintenant prisonniers de cocons, leur âme s'éteignant lentement. Je ne peux{nl}qu'assister impuissant... Quelle tragédie...	오랫동안 지키던 마을이 부셔져 가고 웃고 떠들던 주민들은 저 불길한 고치에 영혼이 묶여 사라져 가고 있는데 할 수 있는게 바라만 보는 것이라니... 정말 안타까운 일이로고...				마을의 지박령
QUEST_LV_0500_20250826_003067	Oh... Pouvez-vous me voir ? 	오오, 설마 자네 내가 보이는 겐가?				마을의 지박령
QUEST_LV_0500_20250826_003068	Hahaha, j'ai vécu assez longtemps pour rencontrer un vivant qui peut me voir. Un jour{nl}inattendu, en effet.	끌끌끌, 산자 중 나를 볼 수 있는 자를 만나다니, 정말 오래 존재하고 볼 일이구만.				마을의 지박령
QUEST_LV_0500_20250826_003069	Excusez-moi, si cela ne vous dérange pas, pourriez-vous rendre service à ce vieil esprit ?	혹시 자네, 괜찮다면 이 오래된 영혼의 부탁을 들어 줄 수 있겠나?				마을의 지박령
QUEST_LV_0500_20250826_003070	Merci, j'apprécie. J'ai besoin de l'âme d'apparition rouge pour guérir les âmes, mais je ne peux{nl}pas le faire sous cette forme. 	정말 고맙네, 주민들의 영혼을 치료하기 위해서는 붉은 어패리션의 영혼이 필요한데 이 형체로는 무리여서 곤란하던 참이었거든.				마을의 지박령
QUEST_LV_0500_20250826_003071	Alors, aidez-moi à récolter des âmes d'apparition rouge	그럼 붉은 어패리션의 영혼을 모으는 것을 부탁하겠네.				마을의 지박령
QUEST_LV_0500_20250826_003072	Vous avez vraiment apporté l'âme d'apparition rouge ! Laissez-moi guérir les âmes, cela ne{nl}prendra qu'un instant. 	자네 정말 붉은 어패리션의 영혼을 가져 왔구만! 그럼 주민들의 영혼을 치료할테니 잠시만 기다려 주시게.				마을의 지박령
QUEST_LV_0500_20250826_003073	Hé hé. C'est bon de voir tout le monde réveillé. Je suis content d'avoir pu aider le village. Merci.	흘흘. 다들 정신을 차려서 다행이구먼. 이렇게 마을을 도울 수 있었던 건 모두 자네 덕분이야, 정말 고맙네.				마을의 지박령
QUEST_LV_0500_20250826_003074	Aeglei	에글레				
QUEST_LV_0500_20250826_003075	Vous... ? Ah, Révélateur, c'est un honneur... de vous voir. Je m'appelle Aeglei, une aventurière qui{nl}enquête sur la Forêt de Kateen. 	당신은…? 아, 계시자님. 만나 뵙게 되어… 기쁩니다. 저는 카틴 숲 일대를 조사하고 있는 탐험가 에글레입니다.				에글레
QUEST_LV_0500_20250826_003076	Forêt de Kateen... Ne cesse de murmurer. Concentrez-vous... Entendez-vous ? J'ai... simplement{nl}suivi cette voix.	카틴 숲은… 제게 속삭입니다. 귀를 기울이면… 들리십니까? 저는… 그 속삭임을 따라갔을 뿐입니다.				에글레
QUEST_LV_0500_20250826_003077	L'endroit... Sombre et beau. Les autres... N'ont pas pu comprendre la chaleur. Quelle tragédie. 	그곳은… 어둡고도 아름답습니다. 다른 이들은… 그 따뜻함을 이해하지 못했죠. 안타까운 일입니다.				에글레
QUEST_LV_0500_20250826_003078	Si vous avez besoin des documents d'enquête d'avant... je peux vous en communiquer quelques{nl}détails. Mais soyez averti... parfois la vérité est trop lourde à porter.	지금까지의 조사 기록이 필요하시다면… 일부를 드리겠습니다. 하지만 진실은… 때로는 너무 끈적하답니다.				에글레
QUEST_LV_0500_20250826_003079	Je vous en prie... percevez la vérité de la forêt... Puis, que votre chemin vous mène à la{nl}compréhension.	부디… 숲의 진심을 직접 느껴보세요. …그럼, 당신의 발걸음이 실타래를 풀어주길.				에글레
QUEST_LV_0500_20250826_003080	Révélateur, avez-vous examiné les documents ? Haha... ne croyez pas tout ce que vous lisez. La{nl}forêt aime mentir. 	계시자님, 조사기록은 읽어 보셨나요? 하하… 일부는 틀렸을 겁니다. 숲은 거짓말을 좋아하거든요.				에글레
QUEST_LV_0500_20250826_003081	Certains monstres de la forêt sont sous l'influence des Sœurs. Quant à ce que j'ai laissé derrière{nl}moi... cela contient à la fois des erreurs et la vérité. Cela reflète la volonté des Sœurs. Et... la{nl}mienne aussi.	숲에는 자매의 자취에 영향을 받은 몬스터들이 존재합니다. 제가 남긴 자취에도… 실수와 진실이 뒤섞여 있죠. 그게 자매의 의지입니다. 아니… 제 의지이기도 하죠.				에글레
QUEST_LV_0500_20250826_003082	Écoutez attentivement les sœurs... Même les mensonges peuvent avoir un goût doux. Dites-moi,{nl}Révélateur... que préférez-vous ?	속삭임에 귀 기울이면… 거짓마저도 달콤하답니다. 계시자님은… 어느 쪽이 더 좋으신가요?				에글레
QUEST_LV_0500_20250826_003083	Si vous avez soif de vérité... sachez qu'elle peut vous blesser. Poursuivez votre voyage. Laissez le{nl}fil vous montrer la voie.	진실만 원한다면… 저는 조금 아프겠군요. 계속 걸어가세요. 실이 길을 가르쳐줄 겁니다.				에글레
QUEST_LV_0500_20250826_003084	...Et quand vous reviendrez, ne m'oubliez pas, je vous prie. 	…그리고 돌아올 땐, 저를 잊지 마세요.				에글레
QUEST_LV_0500_20250826_003085	Votre détermination à restaurer la forêt est évidente. Je vous aiderai volontiers. 	숲을 되돌리려는 계시자님의 의지는 확고한 것 같네요. 그러면 도와드리겠습니다.				에글레
QUEST_LV_0500_20250826_003086	Ah... Cette cloche... Les sœurs la méprisent par-dessus tout. On l'appelle la cloche de résonance.	아… 이 종은… 자매가 가장 싫어하는 물건입니다. 조율의 종이라고 하죠.				에글레
QUEST_LV_0500_20250826_003087	Allez-vous la faire sonner ? Le son va... me percer les oreilles. Si vous écoutez trop longtemps...{nl}votre cœur sera arraché. Et entendre les murmures avec un cœur arraché... c'est une agonie.	울리실 건가요? 제 귀에도… 울리겠네요. 조심하세요. 너무 오래 들으면… 마음이 찢어져요. 마음이 찢어진 채로 속삭임을 듣는 건… 아름답지 않답니다.				에글레
QUEST_LV_0500_20250826_003088	Les Sœurs volent les sons. Elles essaieront aussi de voler le son de la cloche. Quand elle cessera{nl}de sonner... les Sœurs se mettront à rire. Révélateur, vous êtes brave... mais irez-vous jusqu'au{nl}bout ? Pendant qu'elle sonne... ne prononcez pas mon nom.	자매는 소리를 훔칩니다. 종소리도… 훔치려고 하겠죠. 혹시 울리다 말고 멈춘다면… 자매가 웃을 겁니다. 계시자님은 용감하시니까… 분명 끝까지 울리실 거죠? 울리는 동안… 제 이름은 부르지 마세요.				에글레
QUEST_LV_0500_20250826_003089	Le son de la cloche... se propage comme des ondes sur l'eau. Ah... ma tête me martèle. Mais... je{nl}ressens de la joie. Je vous en prie, passons à la zone suivante.	종소리가… 파문처럼 번집니다. 아아… 머리가 아파요. 하지만… 행복해요. 다음 지역으로 어서 가보세요.				에글레
QUEST_LV_0500_20250826_003090	Allez-vous bien, Révélateur ? Le son... il transperce profondément les sœurs. Pourtant... il me{nl}transperce tout autant.	계시자님은… 괜찮으신가요? 이 소리가… 자매를 찌르고 있어요. 하지만 동시에… 저를 찌르기도 하네요.				에글레
QUEST_LV_0500_20250826_003091	Du sang... Est-ce que je saigne ? Haha, c'était une blague. 	피… 흐르고 있나요? 하하, 농담이에요.				에글레
QUEST_LV_0500_20250826_003092	Continuez à faire sonner la cloche. Si les ondes s'estompent... tout sera réinitialisé.{nl}Dirigeons-nous vers le dernier lieu.	울음을 멈추지 마세요. 파문이 멈추면… 모든 게 돌아옵니다. 마지막 지점으로 가보죠.				에글레
QUEST_LV_0500_20250826_003093	Je... refuse de revenir en arrière. Mes pensées s'éclaircissent maintenant. Le contrôle mental des{nl}sœurs allait plus loin que je ne l'imaginais...	저는… 다시 돌아가고 싶지 않아요. 이제 뿌옅던 머릿 속이 개이는 것 같은 느낌이 들어요. 거미 자매의 정신 지배가 이렇게나 강력했었다니…				에글레
QUEST_LV_0500_20250826_003094	Ah, mes amis... Les cocons ! Je me souviens maintenant.  	아, 친구들… 고치! 드디어 기억이 났어요. 				에글레
QUEST_LV_0500_20250826_003095	Révélateur ! Sauvez mes amis, je vous en prie !	제 친구들을 구해주실 수 있나요! 계시자님!				에글레
QUEST_LV_0500_20250826_003096	Si seulement je m'étais réveillé plus tôt... 	제가 조금만 더 일찍 정신을 차렸더라면...				에글레
QUEST_LV_0500_20250826_003097	Je suis simplement reconnaissant que mes amis aient été sauvés avant que les sœurs ne puissent{nl}absorber leurs âmes...	그래도 제 친구들이 영혼을 수집당하기 전에 구할 수 있어서 다행입니다...				에글레
QUEST_LV_0500_20250826_003098	Leurs corps ont peut-être disparu, mais leurs esprits vivent encore. Merci d'avoir préservé les{nl}âmes de mes amis.	이미 육체는 없어졌지만 영혼은 순순했던 상태로 보낼 수가 있었어요. 친구들의 영혼이마나 구할 수 있어서 정말 감사드립니다.				에글레
QUEST_LV_0500_20250826_003099	Le problème restant est cet énorme cocon... Ce pourrait être la source du contrôle mental. Il{nl}semble impossible à détruire par des méthodes normales.	이제 문제는 남은 이 큰 고치인데.. 아마도 이 큰 고치가 정신 오염을 일으키는 본체로 보이네요. 그냥 파괴는 안될 것 같은데…				에글레
QUEST_LV_0500_20250826_003100	Mes recherches montrent que les sœurs sont terrifiées par les flammes. Le feu détruit{nl}complètement le fil.	지금까지 제가 조사하던 걸 알려 드리자면 자매는 불을 무서워합니다. 불은 실을 태우니까요.				에글레
QUEST_LV_0500_20250826_003101	 Il existe une braise de Gabija qui ne s'éteint jamais. Pour empêcher le feu de se propager, les{nl}sœurs ont corrompu l'esprit de tous dans cette zone.	 이 곳 레타스 개울가에는 잔잔하지만 꺼지지 않는 가비야의 불씨가 있다고 하는데요. 그게 퍼지는 걸 막기 위해서 거미 자매는 이곳에 온 모든 이들의 정신을 오염시켰던 거였어요.				에글레
QUEST_LV_0500_20250826_003102	 Comme les démons ne peuvent pas approcher la braise, ils ont inondé la forêt pour en éloigner{nl}les autres. Nous devons obtenir cette braise et incinérer le cocon !	 마족은 성스러운 불씨에 다가갈 수 없으니 다른 이들의 접근을 막기 위해 진을 치고 있더라고요. 얼른 불씨를 획득해서 대형 고치를 태워버리죠!				에글레
QUEST_LV_0500_20250826_003103	Oui ! C'est cela. La braise de Gabija ! La flamme éternelle !	맞아요! 그거예요. 가비야의 불씨! 꺼지지 않는 불꽃!				에글레
QUEST_LV_0500_20250826_003104	Les murmures... s'estompent. Les âmes semblent avoir trouvé la paix malgré le tourment du{nl}contrôle mental.	속삭임이… 사라지고 있어요. 정신 지배에 고통스러워 하던 영혼들이 평안을 찾아가는 듯한 느낌이 드네요.				에글레
QUEST_LV_0500_20250826_003105	Révélateur... Maintenant... les murmures ont cessé... Quelle tranquillité. Si paisible... Je{nl}comprends maintenant... Je réalise... que j'ai été un épouvantail depuis le début	계시자님… 이제야… 속삭임이 멈췄어요. 정말… 편안하네요. 이렇게 조용하다니… 제가 얼마나… 허수아비였는지… 알게 됐어요.				에글레
QUEST_LV_0500_20250826_003106	 La voie est libre. Détruisez le dernier cocon, je vous prie... Les sœurs sont isolées maintenant.{nl}Rendez-vous aux Plaines de Saknis.	 길은 열렸어요. 마지막 실타래를… 끊어주세요. 자매는… 이제 혼자 남았습니다. 바로 사크니스 벌판이예요				에글레
QUEST_LV_0500_20250826_003107	Révélateur, content de vous revoir. J'attendais votre arrivée. J'effectue des reconnaissances sur{nl}ordre du palais royal, mais le dernier groupe d'éclaireurs a disparu sans laisser de trace.	계시자님, 오랜 만입니다. 당신이 도착하길 기다리고 있었습니다. 왕궁의 지시로 정기 순찰을 하고 있었는데 정찰대가 마지막 보고도 없이 사라졌습니다.				장교 다뉴스
QUEST_LV_0500_20250826_003108	Cette disparition est anormale. Le dernier message mentionnait des entités arachnéennes et des{nl}cercles magiques enchevêtrés de fils. Ce sont des vestiges de fragments de magie ancienne scellés{nl}dans la forêt. Ce n'est pas un champ de bataille - c'est un temple de la conscience. Soyez{nl}prudent.	이건 단순한 실종이 아닙니다. 그들은 거미의 형상, 그리고 ‘실로 엮인 마법진’을 목격했다고 마지막에 남겼죠. 바로 숲에 봉인된 고대 마법의 잔재일 가능성이 큽니다. 전장 대신 의식의 전당에 들어가는 셈입니다. 조심하세요.				장교 다뉴스
QUEST_LV_0500_20250826_003109	C'est une zone que les éclaireurs devaient patrouiller régulièrement, mais ils ne sont pas encore{nl}revenus. Pourriez-vous les chercher ?	정찰대가 항상 정기 순찰을 하던 지역인데, 돌아오지 않은 지 몇 시간이 지났습니다. 혹시 그들을 찾아주실 수 있습니까?				장교 다뉴스
QUEST_LV_0500_20250826_003110	Pff, vous êtes... ? 	크윽, 당신은...?				병사 로이
QUEST_LV_0500_20250826_003111	Les autres soldats ont été traînés plus profondément dans la zone par des monstres arachnéens.{nl}J'étais à l'arrière de la formation, j'ai donc réussi à m'échapper quand les fils se sont affaiblis,{nl}mais les autres n'ont eu aucune chance. Je vous y guiderai. Pouvez-vous les sauver ?	다른 동료들은 거미처럼 생긴 괴물에게 더 깊은 곳으로 끌려갔습니다. 제가 가장 뒤에 있어서 그랬는지, 저를 휘감던 실이 잠시 느슨해진 틈을 타 급히 도망쳤지만, 다른 동료들은 속수무책으로 끌려갔습니다. 혹시 제가 안내할 테니 구해주실 수 있습니까?				병사 로이
QUEST_LV_0500_20250826_003112	Ils ont perdu conscience en se transformant en cocons. Des fils sont enroulés autour de leur tête,{nl}et il semble que ces fils magiques aient enfermé leur esprit. Je dois faire un rapport à Danus. 	동료들이 고치로 변해 의식을 차리지 못하는군요. 머리 주위에 실이 칭칭 감겨 있는 걸 보니 실의 마력이 그들의 정신을 봉인했기 때문인 것 같습니다. 다뉴스님에게 보고해야곘습니다.				병사 로이
QUEST_LV_0500_20250826_003113	Voilà les détails importants fournis par le dernier soldat restant. Au plus profond du cœur de la{nl}forêt se trouvait un cocon colossal. Toutes les fées, tous les soldats et toutes les forces magiques y{nl}sont enchevêtrés. 	방금 마지막 남은 대원들에게서 받은 소중한 정보입니다. 숲 깊은 곳, 거대한 고치가 발견됐습니다. 정령, 병사, 마력… 모두 그 주변에 얽혀 있죠. 				장교 다뉴스
QUEST_LV_0500_20250826_003114	Le cocon sert à la fois de protection et de source de pouvoir aux Sœurs. Ce cocon géant, créé par{nl}une araignée monstrueuse, est la cause profonde de tous ces événements. Détruisez-le, je vous{nl}prie.	그 자체가 자매의 방어막이며, 힘의 공급원입니다. 거미 괴물이 만든 거대 고치가 지역 모든 일의 원흉으로 보입니다. 없애 주세요.				장교 다뉴스
QUEST_LV_0500_20250826_003115	Enfin ! Tous les soldats devraient être conscients maintenant. Merci beaucoup, Révélateur !	역시! 이제 병사들도 정신을 차렸을 겁니다. 정말 감사합니다. 계시자님!				장교 다뉴스
QUEST_LV_0500_20250826_003116	Secourir les Villageois	주민 구출				
QUEST_LV_0500_20250826_003117	Phénomènes anormaux. 	이상 현상				
QUEST_LV_0500_20250826_003118	Obtenir le Matériau (1)	재료 확보 (1)				
QUEST_LV_0500_20250826_003119	Obtenir le Matériau (2)	재료 확보 (2)				
QUEST_LV_0500_20250826_003120	Obtenir le Matériau (3)	재료 확보  (3)				
QUEST_LV_0500_20250826_003121	Que se passe-t-il ? 	무슨 일인가요?				
QUEST_LV_0500_20250826_003122	Villageois Encoconnés	고치가 된 마을주민들				
QUEST_LV_0500_20250826_003123	Soin	치료한다				
QUEST_LV_0500_20250826_003124	Les villageois restent inconscients... Demandez à Karol.	주민들이 여전히 눈을 뜨지 않는다... 카롤에게 물어보자				
QUEST_LV_0500_20250826_003125	Il doit y avoir un moyen	분명 방법이 있을 것이다				
QUEST_LV_0500_20250826_003126	Rechercher	살펴 본다				
QUEST_LV_0500_20250826_003127	Le Gardien du Village	마을의 수호자				
QUEST_LV_0500_20250826_003128	L'âme ? 	영혼?				
QUEST_LV_0500_20250826_003129	Guérir l'Âme 	영혼 치료				
QUEST_LV_0500_20250826_003130	Les villageois se réveillent	효과가 있었는지 주민들이 일어난다				
QUEST_LV_0500_20250826_003131	Apparu	출현				
QUEST_LV_0500_20250826_003132	Rencontrer un Étrange Aventurier	정신이 이상한 탐험가와의 만남				
QUEST_LV_0500_20250826_003133	Document Caché	숨겨진 기록				
QUEST_LV_0500_20250826_003134	Cloche de Résonance (1)	조율의 종 (1)				
QUEST_LV_0500_20250826_003135	Cloche de Résonance (2)	조율의 종 (2)				
QUEST_LV_0500_20250826_003136	Cloche de Résonance (3)	조율의 종 (3)				
QUEST_LV_0500_20250826_003137	Gens Encoconnés	고치가 된 사람들				
QUEST_LV_0500_20250826_003138	Cocon Géant	거대한 고치				
QUEST_LV_0500_20250826_003139	Braise de Gabija	가비야의 불씨				
QUEST_LV_0500_20250826_003140	Brûler le Cocon Géant	거대 고치 불태우기				
QUEST_LV_0500_20250826_003141	L'Antre des sœUrs	자매의 본거지				
QUEST_LV_0500_20250826_003142	Éclaireurs Disparus	사라진 정찰대				
QUEST_LV_0500_20250826_003143	Secourir les Soldats	병사 구조				
QUEST_LV_0500_20250826_003144	Soldat trouvé. Secourez-le. 	병사를 발견했다. 구해준다.				
QUEST_LV_0500_20250826_003145	Soldat Restant	남은 동료				
QUEST_LV_0500_20250826_003146	Cerveau	원흉				
QUEST_LV_0500_20250826_003147	La Déesse Laima a un message à transmettre.	라이마 여신이 할 이야기가 있다고 합니다.				
QUEST_LV_0500_20250826_003148	Aller aux Sources de Karolis	카롤리스 샘터에 가기				
QUEST_LV_0500_20250826_003149	Examiner les Événements Anormaux dans la Forêt de Kateen	카틴 숲에서 벌어지는 이상 현상을 확인하기.				
QUEST_LV_0500_20250826_003150	Récolter 50 Essences d'Eldigo	엘디고의 정수 50개 수집하기				
QUEST_LV_0500_20250826_003151	Trouver les matériaux de l'antidote demandés par le Dr Karol.	의사 카롤으로부터 치료제의 재료를 찾아달라는 요청을 받았습니다.				
QUEST_LV_0500_20250826_003152	Essence de Belstool 	벨스툴의 정수 수집하기				
QUEST_LV_0500_20250826_003153	Trouver les matériaux de l'antidote demandés par le Dr Karol.	의사 카롤으로부터 치료제의 재료를 찾아달라는 요청을 받았습니다				
QUEST_LV_0500_20250826_003154	Essence de Beeteros Bleu	푸른 비테라스의 정수 수집하기				
QUEST_LV_0500_20250826_003155	Récolter des Herbes Kartina	카르티나 약초 채집하기				
QUEST_LV_0500_20250826_003156	Utiliser l'antidote de Karol	카롤이 제작한 치료약 사용하기				
QUEST_LV_0500_20250826_003157	L'antidote est achevé. Obtenez l'antidote du Dr Karol et utilisez-le sur les villageois encoconnés.	드디어 치료약이 완성되었습니다. 카롤에게서 만들어진 치료약을 받아 고치가 된 마을 주민에게 사용해야합니다.				
QUEST_LV_0500_20250826_003158	Regarder alentour 	주변을 살펴보기				
QUEST_LV_0500_20250826_003159	Les villageois restent inconscients même après l'antidote. Cherchez des indices alentour.	치료약을 사용했지만 주민들이 깨어나지 못하고 있습니다. 주변에서 단서를 찾아 봐야합니다.				
QUEST_LV_0500_20250826_003160	Écouter le Spectre Hanté	마을 지박령의 부탁 들어주기				
QUEST_LV_0500_20250826_003161	En fouillant la zone, vous avez découvert un fantôme tourmenté. Le fantôme a une requête pour vous.	주변에서 단서를 찾던 중 떠돌던 영혼을 발견했습니다. 영혼이 무언가 부탁할게 있다고 합니다.				
QUEST_LV_0500_20250826_003162	Affronter la Cause du Problème	문제의 원인과 조우하기				
QUEST_LV_0500_20250826_003163	Vous avez ruiné son œuvre. Affrontez la cause du problème	자신의 일을 방해 당해서 당신에게 화난 상태입니다. 문제의 원인과 조우하십시오.				
QUEST_LV_0500_20250826_003164	Rencontrer l'Aventurier	탐험가와 조우하기				
QUEST_LV_0500_20250826_003165	Rencontrer le mystérieux aventurier dans les Ruisseaux de Letas	레타스 개울가에서 의문의 탐험가와 만나보십시오.				
QUEST_LV_0500_20250826_003166	Remonter à l'Origine des Murmures	속삭임의 원인 추적하기				
QUEST_LV_0500_20250826_003167	D'après ce que j'ai entendu, l'état mental d'Aeglei se détériore. La cause est inconnue, mais nous devrions commencer à fouiller la forêt.	이야기를 들어보니 탐험가 에글레의 정신 상태가 좋지 않은 것 같습니다. 그가 정확히 원하는게 뭔지 알 수는 없지만, 숲에서 사냥을 진행해봅시다.				
QUEST_LV_0500_20250826_003168	Parler à Aeglei	에글레와 대화하기				
QUEST_LV_0500_20250826_003169	Se rendre à destination et sonner la cloche de résonance reçue d'Aeglei.	목표 지역에서 에글레에게 받은 조율의 종을 사용하십시오.				
QUEST_LV_0500_20250826_003170	Se rendre à destination et sonner la cloche de résonance	목표 지점에 가서 조율의 종 사용하기				
QUEST_LV_0500_20250826_003171	Secourir les amis encoconnés d'Aeglei	고치가 된 에글레의 친구들 구하기				
QUEST_LV_0500_20250826_003172	Se rendre à destination et sauver les amis d'Aeglei. 	목표 지점에 가서 에글레의 친구들을 구해주십시오.				
QUEST_LV_0500_20250826_003173	Parler à Aeglei des cocons géants. 	거대 고치에 대해서 에글레와 이야기 해봐야 할 것 같습니다.				
QUEST_LV_0500_20250826_003174	Trouver la Braise de Gabija	가비야의 불씨 찾기				
QUEST_LV_0500_20250826_003175	La braise de Gabija se trouve quelque part dans les Ruisseaux de Letas.	레타스 개울가 어딘가에 가비야의 불씨가 있다고 합니다.				
QUEST_LV_0500_20250826_003176	Brûler les cocons avec la braise de Gabija. 	발견한 가비야의 불씨로 고치를 불태워야 합니다.				
QUEST_LV_0500_20250826_003177	Trouver l'Antre des sœUrs	자매의 본거지 찾기				
QUEST_LV_0500_20250826_003178	D'après Aeglei, l'antre des sœurs se trouve dans les Plaines de Saknis. 	에글레의 말에 따르면 사크니스 벌판에 자매의 본거지가 있다고 합니다.				
QUEST_LV_0500_20250826_003179	Parler à l'Officier Danus	장교 다뉴스와 대화하기				
QUEST_LV_0500_20250826_003180	Parler à l'officier Danus des soldats disparus dans les Plaines de Saknis...	사크니스 벌판에서 실종된 병사에 대해 장교 다뉴스가 이야기 할 게 있습니다..				
QUEST_LV_0500_20250826_003181	Parler à l'officier Danus des soldats disparus dans les Plaines de Saknis	사크니스 벌판에서 실종된 병사에 대해 장교 다뉴스가 이야기 할 게 있습니다				
QUEST_LV_0500_20250826_003182	Chercher les Soldats Disparus	돌아오지 않는 병사 찾기				
QUEST_LV_0500_20250826_003183	Examinez les zones de patrouille et trouvez les soldats disparus, je vous prie. 	정찰대의 순찰 지역을 조사해 돌아오지 않는 병사를 찾아주세요.				
QUEST_LV_0500_20250826_003184	Trouver les Soldats Disparus	끌려간 동료들 찾기				
QUEST_LV_0500_20250826_003185	Vérifier l'état des autres soldats	로이의 다른 동료들의 상태를 확인해봐야겠습니다.				
QUEST_LV_0500_20250826_003186	Un cocon géant a été découvert au fin fond des Plaines de Saknis. Il semble être le cerveau derrière tous ces événements et doit être éliminé.	사크니스 벌판 깊숙한 곳에서 거대한 고치가 발견했습니다. 정황상 모든 일의 원흉으로 보이며, 제거 할 필요가 있습니다.				
QUEST_LV_0500_20250826_003187	Retirer les Cocons	고치 제거				
QUEST_LV_0500_20250826_003188	Affronter Laimara	라이마라 조우				
QUEST_LV_0500_20250826_003189	Laimara est devenue furieuse après que ses plans ont été ruinés. Soyez prudent. 	자신의 계획이 일그러진 라이마라가 분노하고 있습니다. 조심하십시오.				
QUEST_LV_0500_20250826_003190	Affronter Ragana	라가나 조우				
QUEST_LV_0500_20250826_003191	Ragana est apparue. 	전투로 인해 지친 당신에게 라가나가 나타납니다.				
QUEST_LV_0500_20260206_003192	Révélateur, je ressens la douleur des villageois. 	계시자, 주민들의 고통이 느껴지네요.				여신 라이마
QUEST_LV_0500_20260206_003193	Des cris de souffrance continuent de s'élever du Exil de Sventimas, l'ancienne demeure des{nl}travailleurs de la Prison de Kalejimas.	과거 칼레이마스 감옥을 건설했던 주민들이 모여 있는 스벤티마스 유형지에서 고통의 호소가 계속 들리고 있습니다.				여신 라이마
QUEST_LV_0500_20260206_003194	Une terre rude, mais jadis suffisante pour soutenir la vie. Maintenant, il semble que la terre{nl}elle-même se soit retournée pour menacer son propre peuple.	비록 척박한 땅이긴 하나 생명을 이어가기엔 부족함이 없는 곳인데 오히려 지금은 그 땅이 주민들을 위협하고 있는 것 같군요.				여신 라이마
QUEST_LV_0500_20260206_003195	C'est indubitablement un phénomène mû par la volonté de quelqu'un. Pour sauver les gens et{nl}stabiliser le monde, le pouvoir du Révélateur est nécessaire.	이것은 분명 누군가의 의지가 담긴 현상, 주민들을 구하고 세계를 안정시키기 위해서 계시자의 힘이 필요합니다.				여신 라이마
QUEST_LV_0500_20260206_003196	Chaleims	칼레임스				
QUEST_LV_0500_20260206_003197	Révélateur ! Heureux de vous revoir. Nos cris ont dû parvenir aux oreilles de la Déesse Laima ! Je{nl}perdais tout espoir, pensant que c'en était vraiment fini de nous... Je suis tellement, tellement{nl}soulagé !	오오 계시자님! 다시 만나 반갑습니다. 저희들의 기도가 라이마님께 닿은 모양이군요! 이대로 끝나는 건가 싶어서 낙담하고 있었는데 정말 다행입니다!				칼레임스
QUEST_LV_0500_20260206_003198	Il n'y a pas longtemps, des monstres ont soudain envahi la zone. Avec ces tremblements de terre{nl}et ces étranges anomalies, nous avons craint que l'apocalypse ne soit sur nous. Pourriez-vous{nl}vous pencher là-dessus ?	얼마 전부터 갑자기 몬스터들이 들끓고 지진과 이상 현상이 발생해 세상의 종말이 오는 게 아닌가 걱정했습니다. 조금 살펴봐 주실 수 있을까요?				칼레임스
QUEST_LV_0500_20260206_003199	Merci, les villageois sont soulagés maintenant. Cependant... je trouve que je ne peux pas encore{nl}vraiment me réjouir.	덕분에 마을은 한시름 놓았습니다. 하지만, 마냥 기뻐할 수만은 없군요.				칼레임스
QUEST_LV_0500_20260206_003200	Aucun signe d'Argis, et il est en retard. Si c'était si dangereux près du village, je crains pour sa{nl}sécurité là-bas...	식량을 구하러 간 아르기스가 돌아올 시간이 지났는데도 소식이 없습니다. 마을 근처가 이 지경이었는데, 그 녀석이가 간 곳은 무사할지...				칼레임스
QUEST_LV_0500_20260206_003201	Ouf... Sans vous, j'aurais été le dîner d'un monstre ce soir. Nous manquons tellement de{nl}nourriture que j'ai tenté ma chance, mais... j'imagine que c'était impossible pour moi.	후아... 계시자님이 아니었다면 전 오늘 몬스터의 저녁 식사가 될 뻔했습니다. 마을의 식량이 떨어져 가길래 큰맘 먹고 나왔는데... 역시 무리였나 봐요.				아르기스
QUEST_LV_0500_20260206_003202	Le prêtre Chaleims s'inquiète pour vous. Retournons-y. 	칼레임스 사제가 걱정하고 있습니다. 얼른 돌아가죠.				
QUEST_LV_0500_20260206_003203	Ah ! C'est vrai, le prêtre doit attendre ! Je ferais mieux de rentrer tout de suite.	아! 맞다, 사제님이 기다리시겠네요! 비록 성과는 없지만 얼른 가봐야겠습니다.				아르기스
QUEST_LV_0500_20260206_003204	...Mais Révélateur, 	...그런데 계시자님, 혹시 				아르기스
QUEST_LV_0500_20260206_003205	petit animal blanc ?	하얗고 조그만 짐승				아르기스
QUEST_LV_0500_20260206_003206	 Avez-vous vu	 못 보셨나요?				아르기스
QUEST_LV_0500_20260206_003207	Animal blanc ? 	하얀 짐승?				
QUEST_LV_0500_20260206_003208	En fait, j'ai vu quelque chose d'étrange. Au milieu de toutes ces bêtes violentes, il y avait un{nl}animal pâle qui marchait tranquillement, comme s'il n'avait aucun souci au monde.	네, 아까 몬스터들에게 쫓기면서 얼핏 봤는데... 그 흉폭한 몬스터들 사이를 유유히 걸어 다니는 희끄무레한 동물이 있었거든요.				아르기스
QUEST_LV_0500_20260206_003209	Je peux me tromper, bien sûr... mais quoi qu'il en soit, restez sur vos gardes, Révélateur !	잘못 본 건가 싶긴 한데... 아무튼 계시자님도 조심하세요!				아르기스
QUEST_LV_0500_20260206_003210	Miaou !	냥!				고양이
QUEST_LV_0500_20260206_003211	El	엘				
QUEST_LV_0500_20260206_003212	Formidiaou ! 	훌륭하다냥!				엘
QUEST_LV_0500_20260206_003213	Un chat qui parle... ?	고양이가 말을...?				
QUEST_LV_0500_20260206_003214	C'est quoi ce regard, miaou ? Le fait que je parle est-il si fascinant, miaou ?	눈을 왜 그렇게 뜨냥? 말하는 고양이가 신기하냥?				엘
QUEST_LV_0500_20260206_003215	...Pas à ma connaissance, assurément. 	...적어도 내 상식선에선, 흔한 일은 아니지.				
QUEST_LV_0500_20260206_003216	Je m'appelle 	내 이름은 				엘
QUEST_LV_0500_20260206_003217	. Comme vous le voyez, je suis un être très mignon et particulier !	. 보다시피 아주 특별하고 귀여운 존재다냥!				엘
QUEST_LV_0500_20260206_003218	Oui. Enchanté, El. Alors, quel est votre véritable motif pour m'approcher ?	그래. 반가워 엘. 그래서 나한테 접근한 이유가 뭐야?				
QUEST_LV_0500_20260206_003219	Oh, droit au but ! Miaou ! 	오호, 단도직입적이라 마음에 든다냥! 				엘
QUEST_LV_0500_20260206_003220	J'ai senti une force mystérieuse m'attirer ici... et maintenant mon capteur de chat frétille comme{nl}un fou ! Miaou ! Qu'en dites-vous ? Vous voulez vous joindre à moi, miaou ?	이 근처로 왠지 모를 부름이 느껴져서 왔는데... 마침 내 냥센서가 강하게 반응하고 있다냥! 어때, 나와 함께 가보지 않겠냥?				엘
QUEST_LV_0500_20260206_003221	Suivez-moi si vous êtes prêt ! 	준비가 되었다면 나를 따라오라냥!				엘
QUEST_LV_0500_20260206_003222	Je suis si content que vous soyez sain et sauf, Miaou.	무사해서 다행이다냥.				엘
QUEST_LV_0500_20260206_003223	Hmm... On dirait que nous devons monter encore plus haut, miaou ! J'en suis sûr cette fois, alors{nl}suivez-moi encore une fois, miaou !	음. 아무래도 좀 더 위로 가야 할 것 같다냥! 이번에는 확실하니 다시 따라오라냥!				엘
QUEST_LV_0500_20260206_003224	(Puis-je vraiment faire confiance au chat ?)	(믿어도 되는 걸까?)				
QUEST_LV_0500_20260206_003225	Merci Miaou. Ceci est le sceau magique, j'ai failli finir scellé moi-même, miaou. 	휴우~ 고맙다냥. 이건 봉인진인데 하마터면 내가 봉인될 뻔 했다냥.				엘
QUEST_LV_0500_20260206_003226	À voir comme cela s'active sans discernement, cela a dû se casser, miaou.	이렇게 구분없이 동작하는 것을 보면 아무래도 고장나 버린 것 같다냥.				엘
QUEST_LV_0500_20260206_003227	Sachez que ce n'est pas le seul sceau magique dans les parages, miaou. Les courants magiques{nl}sont dans un désordre total, je parie donc que les autres sceaux sont aussi en piteux état, miaou !	참고로 봉인진은 여기 하나만 있는 게 아니다냥. 이 주변 마력의 흐름이 전부 엉망진창인걸 보면, 분명 다른 곳에 있는 봉인진들도 상태가 심각할 거다냥.				엘
QUEST_LV_0500_20260206_003228	Je ne connais pas les détails exacts moi-même, miaou. Mais une chose est sûre, chaque anomalie{nl}par ici est assurément causée par cela, miaou !	그건 나도 정확하게 모른다냥. 그렇지만 이 주변에서 일어나는 이상 현상들은 전부 이것 때문이 분명하다냥!				엘
QUEST_LV_0500_20260206_003229	(Si cela est lié aux anomalies, je ferais mieux d'enquêter...) 	(이상 현상이랑 관련 있으면 조사해보는게 좋겠어…) 				
QUEST_LV_0500_20260206_003230	Où dois-je aller ? 	그러면 어디로 가면 되지?				
QUEST_LV_0500_20260206_003231	Je savais que nous serions sur la même longueur d'onde ! Mon capteur de chat capte un signal{nl}énorme depuis la Falaise de Kadumel, miaou ! 	역시 말이 통한다냥! 카듀멜 절벽에서 내 냥센서가 강하게 느껴지고 있다냥! 				엘
QUEST_LV_0500_20260206_003232	Je le sens, miaou... L'odeur d'un incident énorme et dangereux ! Je pars devant reconnaître la{nl}zone, alors dépêchez-vous de me suivre, miaou !	냄새가 난다냥... 아주 위험하고 거대한 사건의 냄새가! 내가 먼저 가서 정찰하고 있을 테니, 얼른 따라오라냥!				엘
QUEST_LV_0500_20260206_003233	Oh, Révélateur ! Vous arrivez au moment parfait. Assurément, la Déesse veille sur nous et a{nl}guidé vos pas jusqu'à moi !	오오, 계시자님! 마침 잘 오셨습니다. 여신께서 저를 도우시는군요!				마을 사제 아른타스
QUEST_LV_0500_20260206_003234	En tant que prêtre qui garde cette terre depuis des générations, je me hâtais ici pour inspecter{nl}l'état de l'ancien sceau magique.	대대로 이곳을 지켜온 사제로서, 고대 봉인진의 상태를 점검하러 급히 오던 길입니다.				마을 사제 아른타스
QUEST_LV_0500_20260206_003235	Sceau magique ? 	봉인진이라니요?				
QUEST_LV_0500_20260206_003236	Oui. En temps normal, ils devraient rester invisibles. Cependant, peut-être à cause des présages{nl}funestes qui entourent les abords du village, ces sceaux magiques cachés ont été exposés à la{nl}surface.	네. 본래라면 결계에 가려져 보이지 않아야 정상입니다만... 최근 마을 근처의 불길한 징조 때문인지, 숨겨져 있던 봉인진들이 지상으로 드러나 버렸습니다.				마을 사제 아른타스
QUEST_LV_0500_20260206_003237	Quelle sorte d'entité exactement a été emprisonnée sous ces sceaux ?	도대체 무엇이 봉인되어 있는 겁니까?				
QUEST_LV_0500_20260206_003238	C'est l'ancien dragon connu sous le nom de Zmei. Bien que ce ne soit qu'une simple légende, il{nl}apportera un désastre au-delà de l'imagination. 	즈메이라고 불리는 고대 드래곤입니다. 지금은 전설로만 치부되는, 아주 무시무시한 재앙이지요.				마을 사제 아른타스
QUEST_LV_0500_20260206_003239	Je ne m'attendais pas à un dragon. J'ai vu les sceaux brisés en chemin. Cela a-t-il un rapport ?	드래곤이라니... 생각지 못한 존재가 잠들어 있었군요. 안 그래도 오는 길에 훼손된 봉인진을 봤습니다. 혹시 그것과 관련이 있습니까?				
QUEST_LV_0500_20260206_003240	…Vous l'avez donc remarqué vous aussi. C'est exact. Ces traces me troublent moi aussi, et c'est{nl}pourquoi je suis si pressé.	...역시 보셨군요. 맞습니다. 저도 그 흔적들 때문에 불안감을 떨칠 수가 없어 이렇게 서두르는 중입니다.				마을 사제 아른타스
QUEST_LV_0500_20260206_003241	Révélateur, je vous en prie. Pourriez-vous me suivre jusqu'à la colline voisine et m'aider à{nl}inspecter l'état du premier cercle de scellement ?	계시자님, 부탁드립니다. 저와 함께 근처 언덕에 있는 첫 번째 봉인진의 상태를 확인해 주실 수 있겠습니까?				마을 사제 아른타스
QUEST_LV_0500_20260206_003242	Comment... le sceau est ruiné. 	이럴 수가... 봉인진이 망가져 있군요. 				마을 사제 아른타스
QUEST_LV_0500_20260206_003243	Ce n'est pas simplement ruiné. Seules les parties centrales du sceau ont été détruites.  	게다가 단순히 망가진 게 아닙니다. 봉인진의 핵심이 되는 문양만 골라서 정교하게 파괴되어 있습니다. 				마을 사제 아른타스
QUEST_LV_0500_20260206_003244	Cela ne peut pas être l'œuvre des monstres. Il est clair que quelqu'un... avec une intention très{nl}précise, a neutralisé le sceau.	아무리 봐도 이건 몬스터의 짓이 아닙니다. 누군가... 아주 명확한 의도를 가지고 봉인을 무력화시켰다는 뜻입니다.				마을 사제 아른타스
QUEST_LV_0500_20260206_003245	Révélateur, la situation est pire que je ne le pensais. Nous devons nous hâter...	계시자님, 사태가 생각보다 훨씬 심각합니다. 서둘러야...				마을 사제 아른타스
QUEST_LV_0500_20260206_003246	Je pourrais peut-être aider miaou ? 	그렇게 심각하다면 내가 도와줄까냥?				엘
QUEST_LV_0500_20260206_003247	Pas possible, un chat qui parle... ?	아니, 지금 고양이가 말을...?				마을 사제 아른타스
QUEST_LV_0500_20260206_003248	Je m'appelle « El ». Je suis une entité particulière qui aide cette personne en ce moment.	내 이름은 ‘엘’. 지금 이 녀석을 도와주고 있는 아주 특별한 존재다냥.				엘
QUEST_LV_0500_20260206_003249	À ce que je vois, c'est vous le responsable ici. Ne devriez-vous pas déjà vous précipiter pour{nl}vérifier le sceau suivant, miaou ?	딱 보니 네가 여기 관리자인 모양인데, 얼른 다음 봉인진의 상태나 확인해보는게 좋지 않겠다냥?				엘
QUEST_LV_0500_20260206_003250	Il se trouve que mon capteur de chat détecte l'emplacement des sceaux, alors je vous donnerai{nl}un coup de patte, miaou !	마침 내 냥센서가 봉인진의 위치를 쫓고 있으니, 도와주겠다냥!				엘
QUEST_LV_0500_20260206_003251	Un chat qui parle... c'est en effet une merveille. Pourtant... vous avez raison. Vos paroles m'ont{nl}ramené à la réalité. J'avais momentanément oublié mon devoir et laissé le désespoir obscurcir{nl}mon esprit. 	말하는 고양이라니... 놀랍군요. 하지만... 맞습니다. 그 말씀 덕분에 정신이 번쩍 듭니다. 제가 잠시 본분을 잊고 좌절하고 있었습니다. 				마을 사제 아른타스
QUEST_LV_0500_20260206_003252	J'étais si désespéré que j'aurais accueilli l'aide de n'importe qui, même d'un chat. Et par chance,{nl}vous êtes apparu. El... c'est bien cela ? Je sais que je n'ai pas le droit de vous demander cela, mais{nl}je souhaite m'en remettre à vos capacités. Je vous en prie, m'aiderez-vous ?	지금은 정말이지 고양이 손이라도 빌려야 할 만큼 절박한 상황이었는데, 이렇게 제 발로 나타나 주시다니요. 엘 님...이라고 하셨나요? 염치 불구하고 그 능력을 빌리고 싶습니다. 부디 저를 도와주시겠습니까?				마을 사제 아른타스
QUEST_LV_0500_20260206_003253	Je dois rester ici pour examiner plus avant les traces laissées sur ce sceau endommagé.{nl}Révélateur, auriez-vous l'obligeance de vérifier l'état des autres sceaux magiques avec El ?	저는 손상된 봉인진에 남은 흔적들을 좀 더 조사해봐야겠습니다. 계시자님은 엘님과 함께 다른 봉인진의 상태를 확인해주시겠습니까?				마을 사제 아른타스
QUEST_LV_0500_20260206_003254	Hmm, exactement ce que je pensais, miaou. C'est un désastre complet. Aucun doute, quelqu'un{nl}brise systématiquement ces sceaux, miaou !	흠, 역시 내 예감은 틀리지 않았다냥. 예상했던대로 상태가 영 엉망이다냥. 누군가 아주 치밀하게 봉인들을 하나씩 무너뜨리고 있는 게 분명하다냥.				엘
QUEST_LV_0500_20260206_003255	Révélateur, vous voilà revenu ! J'ai déjà appris la nouvelle par El, mais... est-il vrai que le second{nl}sceau magique a été si affreusement détruit ?	계시자님, 돌아오셨군요! 엘 님께 이야기는 들었습니다만... 설마하니 두 번째 봉인진까지 처참하게 파괴되었다는 게 사실입니까?				마을 사제 아른타스
QUEST_LV_0500_20260206_003256	Oh, non... C'était donc vrai. Quelqu'un détruit bel et bien le sceau ! Si c'est le cas, leur prochaine{nl}cible sera le troisième sceau !	아아, 이럴 수가... 누군가 의도적으로 결계를 무너뜨리고 있다는 게 사실이었군요. 그렇다면 놈들의 다음 목표는 분명 세 번째 봉인일 겁니다!				마을 사제 아른타스
QUEST_LV_0500_20260206_003257	Au bout du compte... même cela est tombé en ruine. Nous avons réussi à nous protéger des{nl}attaques de l'extérieur, alors qu'est-ce qui a bien pu mal tourner ? 	결국... 이것마저 허망하게 망가지다니.. 외부의 공격도 막아냈는데 도대체 무엇이 잘못된 걸까요? 				마을 사제 아른타스
QUEST_LV_0500_20260206_003258	Pas le temps de pleurer, miaou ! Ressaisissez-vous ! Nous devons partir maintenant voir si le{nl}dernier sceau est encore intact, miaou !	청승 떨고 있을 시간 없다냥! 정신 차려라냥! 어서 당장 마지막 봉인진 역시 확인해봐야 한다냥!				엘
QUEST_LV_0500_20260206_003259	Ah... Ah ! C'est vrai... J'ai perdu la tête.	아... 아아! 맞습니다... 제가 잠시 정신을 놓았습니다.				마을 사제 아른타스
QUEST_LV_0500_20260206_003260	Il ne reste plus qu'un sceau pour contenir la véritable forme de Zmei. Si ce dernier sceau est{nl}détruit, tout sera perdu. Révélateur, nous devons agir immédiatement, comme El l'a prédit !	이제 즈메이의 본체를 억누르고 있는 봉인진은 하나 뿐입니다. 이것마저 깨진다면 정말 끝입니다! 계시자 님, 엘 님의 말씀대로 당장 움직이시죠!				마을 사제 아른타스
QUEST_LV_0500_20260206_003261	...Comme je m'y attendais, l'état de ce lieu est anormal. Comme vous le voyez, la lumière du{nl}sceau s'estompe.	...혹시나 했는데, 역시 이곳의 상태도 심상치 않군요. 보시다시피 봉인진의 빛이 꺼져가고 있습니다.				마을 사제 아른타스
QUEST_LV_0500_20260206_003262	Êtes-vous blessé ? 	어디 다친 데는 없다냥?				엘
QUEST_LV_0500_20260206_003263	Non... c'est impossible ! Le dernier sceau magique... brisé... ?	이, 이게 무슨…! 마지막 봉인진을... 이렇게 허망하게...!!				마을 사제 아른타스
QUEST_LV_0500_20260206_003264	Pff... cette... cette énergie sombre... !	크윽, 이 흉악한 기운...!				마을 사제 아른타스
QUEST_LV_0500_20260206_003265	 Le sceau vient à peine de se briser, et pourtant la force de Zmei déferle déjà par-delà les collines{nl}et se répand vers le village ! 	 분명 방금 봉인이 풀렸을텐데도 벌써 즈메이의 마력이 산기슭을 넘어 마을 쪽으로 퍼지고 있습니다! 				마을 사제 아른타스
QUEST_LV_0500_20260206_003266	Les villageois sont en danger !	이대로라면 주민들이 위험합니다!				마을 사제 아른타스
QUEST_LV_0500_20260206_003267	Révélateur, nous devons nous rendre au village et mettre les gens en sécurité. Voulez-vous me{nl}prêter votre force une fois de plus pour aider à les évacuer ?	계시자님, 저와 함께 서둘러 마을로 돌아가 사람들을 대피시켜야 할 것 같습니다. 도와주시겠습니까?				마을 사제 아른타스
QUEST_LV_0500_20260206_003268	Quoi ?! Vous comptez rester dans cet endroit dangereux tout seul ?	네?! 이 위험한 곳에 홀로 남으시겠다고요?				마을 사제 아른타스
QUEST_LV_0500_20260206_003269	Comme Arntas l'a dit, si Zmei vient à peine de se libérer du sceau, il n'a probablement pas encore retrouvé toute sa force.	아른타스 님 말씀대로 즈메이가 막 봉인에서 풀려난 상태라면, 놈은 아직 온전한 힘을 찾지 못했을 겁니다.				
QUEST_LV_0500_20260206_003270	C'est la seule chance de l'abattre. Pendant que j'affronte Zmei, je laisse la sécurité des villageois entre vos mains, Prêtre.	지금이 놈을 쓰러뜨릴 유일한 기회입니다. 제가 즈메이를 붙잡아 두는 동안, 사제님은 주민들을 부탁합니다.				
QUEST_LV_0500_20260206_003271	Ah... Révélateur... Vous êtes vraiment...	아... 계시자님... 당신은 진정...				마을 사제 아른타스
QUEST_LV_0500_20260206_003272	...D'accord. J'étais si dévoré par la terreur que j'ai failli laisser filer notre seule chance. Quelle{nl}sottise de ma part. 	...알겠습니다. 제가 어리석었습니다. 눈앞의 공포에 질려 가장 중요한 기회를 놓칠 뻔했군요.				마을 사제 아른타스
QUEST_LV_0500_20260206_003273	Je défendrai le village même au prix de ma vie. Je suis désolé, mais... je confie le sort de cette{nl}terre entre vos mains. Je vous en prie, revenez-nous sain et sauf !	마을은 제 목숨을 걸고 지키겠습니다. 염치없지만... 이곳을, 이 땅의 운명을 부디 부탁드립니다! 무사하십시오!				마을 사제 아른타스
QUEST_LV_0500_20260206_003274	Hmm~ Je suis impressionné ! 	흐음~ 제법인데?				엘
QUEST_LV_0500_20260206_003275	Ma foi, Arntas est parti sauver les villageois, j'imagine que cela nous revient. 	뭐, 아른타스는 마을 사람들을 챙기러 갔으니, 결국 우리끼리 해결해야 한다냥.				엘
QUEST_LV_0500_20260206_003276	Révélateur, voyez-vous ce pilier rouge ?	계시자, 저기 뿜어져 나오는 시뻘건 마력의 기둥이 보이냥?				엘
QUEST_LV_0500_20260206_003277	C'est là qu'est l'antre de Zmei ! Il est encore lové sur lui-même à rassembler son pouvoir. Nous{nl}devons frapper les premiers et montrer à ce dragon qui commande avant qu'il ne retrouve sa{nl}force, miaou !	저기가 바로 즈메이가 똬리를 틀고 있는 둥지다냥! 놈이 힘을 완전히 회복하기 전에, 우리가 먼저 가서 콧대를 납작하게 눌러주자냥!				엘
QUEST_LV_0500_20260206_003278	Hmm... c'est louche, miaou. Je me souviens que c'était une impasse, c'est sûr. On dirait que Zmei{nl}s'est débattu et a tout simplement... détruit toute la contrée avec sa force ridicule, miaou !	흠… 이상하다냥. 내 기억엔 분명 여긴 꽉 막힌 절벽이었다냥. 아무래도 즈메이가 몸부림치면서 그 무식한 힘으로 지형을 통째로 뭉개버린 것 같다냥.				엘
QUEST_LV_0500_20260206_003279	Pff, cela me donne la chair de poule ! Une force si féroce sort de l'entrée, miaou !	으으, 털이 쭈뼛 선다냥! 입구에서부터 아주 흉악하고 뜨거운 마력이 느껴진다냥.				엘
QUEST_LV_0500_20260206_003280	Il nous attend assurément. Soyez courageux, Révélateur !	녀석이 우릴 기다리고 있는 게 분명하다냥. 마음 단단히 먹어라냥, 계시자!				엘
QUEST_LV_0500_20260206_003281	Miaouu ? Pas possible ! Vous avez vraiment vaincu ce fléau ? Je n'arrive pas à y croire... Vous êtes{nl}formidable, miaou !	냐아?! 세, 세상에나! 정말로 이 재앙을 쓰러뜨린 거냥? 믿을 수가 없다냥...! 진짜 대단하다냥!				엘
QUEST_LV_0500_20260206_003282	...J'ai juste eu de la chance.	...운이 좋았을 뿐이야.				
QUEST_LV_0500_20260206_003283	La chance n'est qu'un talent de plus, miaou ! Au bout du compte, celui qui survit est celui qui est{nl}vraiment fort, miaou !	운도 실력이다냥! 살아남은 자가 강한 거다냥!				엘
QUEST_LV_0500_20260206_003284	Quoi qu'il en soit, regardez-vous, miaou. Votre fourrure... euh, je veux dire, vos vêtements sont{nl}en lambeaux, et vous êtes couvert de sang, miaou !	아무튼, 지금 네 꼴을 좀 보라냥. 털... 아니, 옷이 걸레짝이 되고 피투성이다냥.				엘
QUEST_LV_0500_20260206_003285	 Rendez-vous vite au village, miaou ! Arntas doit vous attendre. Vous devriez faire soigner vos{nl}blessures, miaou !	 얼른 마을로 뛰어가라냥! 아른타스가 목 빠지게 기다릴 거다냥. 빨리 가서 치료부터 받아야지, 그러다 쓰러진다냥!				엘
QUEST_LV_0500_20260206_003286	Ne venez-vous pas avec nous ? 	너는? 같이 안 가?				
QUEST_LV_0500_20260206_003287	Je m'occupe du nettoyage, miaou. Je veillerai à ce que les restes de la force de Zmei ne{nl}contaminent pas la zone, puis je vous rattraperai bientôt, miaou. Ne vous inquiétez pas et allez{nl}de l'avant, miaou !	난 뒤처리 담당이다냥. 즈메이가 남긴 불길한 마력이 주변을 오염시키지 않게 정리 좀 하고 금방 뒤따라가겠다냥. 걱정 말고 먼저 가라냥!				엘
QUEST_LV_0500_20260206_003288	Trouble au Village (1) 	마을의 소란 (1)				
QUEST_LV_0500_20260206_003289	Trouble au Village (2) 	마을의 소란 (2)				
QUEST_LV_0500_20260206_003290	Sauvetage et Rencontre (1)	구출과 만남 (1)				
QUEST_LV_0500_20260206_003291	Sauvetage et Rencontre (2)	구출과 만남 (2)				
QUEST_LV_0500_20260206_003292	Approcher (1)	접근 (1)				
QUEST_LV_0500_20260206_003293	Aborder le chat qui attend.	기다리고 있던 고양이에게 손을 내민다				
QUEST_LV_0500_20260206_003294	Approcher (2)	접근 (2)				
QUEST_LV_0500_20260206_003295	(Suivre)	(따라간다)				
QUEST_LV_0500_20260206_003296	Dispositif de Scellement Brisé (1)	고장난 봉인 장치 (1)				
QUEST_LV_0500_20260206_003297	Dispositif de Scellement Brisé (2)	고장난 봉인 장치 (2)				
QUEST_LV_0500_20260206_003298	Qu'est-ce que ce sceau magique ?	이 봉인 장치의 정체가 뭔데?				
QUEST_LV_0500_20260206_003299	Premier Sceau Magique	첫 번째 봉인				
QUEST_LV_0500_20260206_003300	Deuxième Sceau Magique	두 번째 봉인				
QUEST_LV_0500_20260206_003301	Troisième Sceau Magique	세 번째 봉인				
QUEST_LV_0500_20260206_003302	Quatrième Sceau Magique (1)	네 번째 봉인 (1)				
QUEST_LV_0500_20260206_003303	Quatrième Sceau Magique (2)	네 번째 봉인 (2)				
QUEST_LV_0500_20260206_003304	Quatrième Sceau Magique (3)	네 번째 봉인 (3)				
QUEST_LV_0500_20260206_003305	Sceau Libéré (1)	풀려버린 봉인 (1)				
QUEST_LV_0500_20260206_003306	Pas question. Prêtre, vous devez aller au village. Je resterai ici. 	아니요. 사제님은 마을로 가십시오. 저는 이곳에 남겠습니다				
QUEST_LV_0500_20260206_003307	Sceau Libéré (2)	풀려버린 봉인 (2)				
QUEST_LV_0500_20260206_003308	Chat Féroce 	나쁜 고양이				
QUEST_LV_0500_20260206_003309	Écouter les rapports d'anomalies dans le Sanctuaire de Laima	라이마의 성소에서 이상현상 전해 듣기				
QUEST_LV_0500_20260206_003310	J'ai reçu un oracle de la Déesse Laima. Nous devons nous rendre au Exil de Sventimas pour enquêter sur la souffrance des habitants et la présence inquiétante qui menace cette terre.	라이마 여신의 신탁을 받았습니다. 스벤티마스 유형지에서 들려오는 주민들의 고통과 그 땅을 위협하는 불길한 의지를 조사하기 위해 현지로 이동해야 합니다.				
QUEST_LV_0500_20260206_003311	Le prêtre Chaleims a demandé une enquête sur les environs.	사제 칼레임스 요청으로 주변 조사				
QUEST_LV_0500_20260206_003312	En arrivant dans la zone, j'ai rencontré le prêtre Chaleims. Il est saisi par la peur, affirmant que les attaques de monstres et les tremblements de terre donnent l'impression que l'apocalypse est proche. Nous devons vaincre les monstres alentour pour assurer la sécurité du village.	장에 도착해 사제 칼레임스를 만났습니다. 그는 몬스터의 습격과 지진으로 인해 세상의 종말이 온 것 같다며 공포에 떨고 있습니다. 주변의 몬스터를 처치하여 마을의 안전을 확보해야 합니다.				
QUEST_LV_0500_20260206_003313	Chercher les villageois disparus	실종된 주민 탐색				
QUEST_LV_0500_20260206_003314	Le prêtre Chaleims s'inquiète pour les villageois. Nous devrions les chercher et nous préparer à toute circonstance inattendue.	사제 칼레임스가 돌아오지 않고 있는 마을 주민을 걱정하고 있습니다. 만약의 상황을 대비해 한 번 찾아보는게 좋겠습니다.				
QUEST_LV_0500_20260206_003315	Suivre le chat inconnu	정체 모를 고양이 따라가기				
QUEST_LV_0500_20260206_003316	Un chat suspect a été trouvé près de l'endroit mentionné par Argis. Bien que la zone soit infestée de monstres, il ne s'enfuit pas. Au contraire, il ouvre la marche, comme s'il vous guidait quelque part.	아르기스가 말한 곳에서 수상한 고양이를 발견했습니다. 몬스터가 들끓는 위험한 곳임에도 도망치지 않는 이 고양이는, 마치 당신을 어딘가로 안내하려는 듯 앞장서기 시작합니다.				
QUEST_LV_0500_20260206_003317	Un chat suspect vous attend. 	수상한 고양이가 당신을 기다리고 있습니다.				
QUEST_LV_0500_20260206_003318	Suivre El	엘 따라가기				
QUEST_LV_0500_20260206_003319	Suivi les instincts d'El, mais cela ne semble pas être la bonne destination.	엘의 감을 믿고 이동했지만, 목표 지점은 이곳이 아닌 모양입니다.				
QUEST_LV_0500_20260206_003320	Examiner la trace du sceau magique	봉인 흔적 조사				
QUEST_LV_0500_20260206_003321	En examinant le sceau magique, El a été emprisonné lorsque le dispositif s'est soudain activé. Il s'est activé sans identification, il doit donc être détruit. Vainquez les monstres et secourez El.	봉인의 흔적을 조사하던 중, 엘이 갑작스럽게 작동한 장치에 갇히고 말았습니다! 피아식별 없이 작동하는 것으로 보아 고장 난 것이 분명합니다. 몰려오는 몬스터를 처치하고 엘을 구출하세요.				
QUEST_LV_0500_20260206_003322	Parler à El	엘과 대화하기				
QUEST_LV_0500_20260206_003323	Bien que secouru, El grommelle en partageant une information importante. Il existe plus d'un sceau magique de ce genre, et leurs dysfonctionnements pourraient être la cause des anomalies.	구출된 엘은 투덜거리면서도 중요한 정보를 건넵니다. 이런 봉인 장치가 한두 개가 아니며, 이 장치들의 오작동이 이상 현상의 원인일 수 있다는 것입니다				
QUEST_LV_0500_20260206_003324	Parler au Prêtre du Village Arntas	마을사제 아른타스와 대화하기				
QUEST_LV_0500_20260206_003325	À la demande du prêtre du village Arntas, nous sommes partis inspecter l'état de l'ancien sceau magique. À notre arrivée, nous avons découvert qu'il n'avait pas été endommagé par des monstres, mais délibérément détruit de l'intérieur.  	마을사제 아른타스의 요청으로 고대 봉인진의 상태를 확인합니다. 현장에 도착해보니 봉인진은 마물의 공격이 아니라, 누군가 내부에서부터 고의로 파괴한 흔적만이 남아있었습니다.				
QUEST_LV_0500_20260206_003326	Vérifier le sceau magique	봉인진 확인				
QUEST_LV_0500_20260206_003327	Guidés par les instincts aiguisés d'El, nous avons trouvé un second sceau magique grouillant de monstres.	엘의 날카로운 감 덕분에 마물들이 몰려들고 있던 두 번째 봉인진을 발견합니다.				
QUEST_LV_0500_20260206_003328	Le Révélateur et El sont revenus, et Arntas demande désespérément le résultat. 	계시자와 엘이 복귀하자, 아른타스가 초조하게 결과를 묻습니다.				
QUEST_LV_0500_20260206_003329	Ce n'est pas la fin. Allez parler à Arntas. 	아직 끝난게 아닙니다. 아른타스와 대화를 해봐야합니다.				
QUEST_LV_0500_20260206_003330	Il ne reste qu'un sceau magique. Nous devons protéger le dernier sceau qui contient Zmei.	이제 남은 봉인진은 단 하나. 즈메이를 억누르고 있는 마지막 봉인진을 사수해야 합니다.				
QUEST_LV_0500_20260206_003331	Nous avons vaincu les monstres, mais il est trop tôt pour se sentir en sécurité.	몬스터들을 무사히 막아냈습니다. 하지만 아직 안심 할 수 없습니다.				
QUEST_LV_0500_20260206_003332	Parler au Prêtre du Village Arntas	마을사제 아른타스와 대하하기				
QUEST_LV_0500_20260206_003333	Pendant que le prêtre du village Arntas évacue les villageois, le Révélateur et El affrontent Zmei.	마을 사제 아른타스가 마을 사람들을 대피시키는 동안, 계시자와 엘은 단둘이서 즈메이를 막아보고자 합니다.				
QUEST_LV_0500_20260206_003334	Combat Contre Zmei	즈메이와 전투				
QUEST_LV_0500_20260206_003335	Le dragon scellé s'est éveillé. Arrêtez-le avant qu'il ne retrouve son pouvoir et menace le monde.	오랫동안 봉인되어 있던 무시무시한 용이 깨어났습니다. 이대로 놔두었다가는 힘을 회복하고 엄청난 재앙이 되어 세상을 위협할 겁니다.				
QUEST_LV_0500_20260206_003336	Conversation secrète entre El et Baubas	엘과 바우바스의 밀담				
QUEST_LV_0500_20260206_003337	Resté seul, El révèle sa véritable nature et se moque de Zmei tombé.	홀로 남은 엘은 본색을 드러내며 죽은 즈메이를 비웃습니다.				
