QUEST_JOBSTEP_20150317_000001	Bokor. Tu as choisi une voie difficile. {nl}Consulte les instructions de ton Journal d'aventure et fabrique ta propre poupée.	보코르라. 어려운 길을 택하셨군요.{nl}모험일지의 제작법을 참고하여 당신만의 인형을 만들어 오세요.				보코르 마스터
QUEST_JOBSTEP_20150317_000002	Tu dois fabriquer une poupée par toi-même. {nl}Consulte ton Journal d'aventure pour voir comment fabriquer la poupée. 	스스로 구하지 않으면 얻을 수 없습니다.{nl}인형의 제조법은 당신의 모험일지를 참고하세요.				보코르 마스터
QUEST_JOBSTEP_20150317_000003	Félicitations, un nouveau Bokor est né. {nl}Quand j'ai choisi la voie du Bokor pour la première fois, j'ai commencé par créer ma propre poupée. 	새로운 보코르의 탄생을 축하합니다.{nl}제가 보코르의 길을 선택했을 땐 나만의 인형을 만드는 것부터 시작했답니다.{nl}				
QUEST_JOBSTEP_20150317_000004	Maître Peltaste	펠타스타 마스터				
QUEST_JOBSTEP_20150317_000005	Si tu veux recevoir mon enseignement, tu dois d'abord prouver ta valeur.{nl}Voici un défi : vaincs des Vubbe au 1er étage de la Mine de cristal.	그대가 정녕 제게 가르침을 받고 싶다면 그 자격이 있는지 증명해야 할 것입니다.{nl}과제를 드리지요. 수정광산 1층을 점령하고 있는 부베들을 처치하십시오.{nl}{nl}				
QUEST_JOBSTEP_20150317_000006	Comment peux-tu porter le titre de Peltaste si tu ne peux même pas venir à bout de cela ? 	그 정도도 해내지 못하고서야 어찌 펠타스타의 이름을 짊어진단 말입니까?				펠타스타 마스터
QUEST_JOBSTEP_20150317_000007	Bien. {nl}J'espère que ta nouvelle progression te mènera à sauver le monde. 	좋습니다.{nl}그대의 성장이 세상을 지키는 일이 되길 바라겠습니다.				펠타스타 마스터
QUEST_JOBSTEP_20150317_000008	Maître Highlander	하이랜더 마스터				
QUEST_JOBSTEP_20150317_000009	Je te suis reconnaissant de vouloir être l'héritier de mon art de l'épée, mais je doute que tu suives correctement mon enseignement.{nl}Je vais te mettre à l'épreuve en te faisant vaincre les Vubbe qui occupent le 1er étage de la Mine de cristal.	그대가 나의 검법을 계승하겠다는 건 참으로 고마운 일이나 제대로 따라올 수 있을지 의문이 드는군.{nl}수정광산 1층을 점거하고 있는 부베들을 처치하는 것으로 그대를 시험해 보겠다.				
QUEST_JOBSTEP_20150317_000010	Dépêche-toi. {nl} Bien que ce soit ton épreuve d'initiation, les Vubbe représentent une menace pour le Village des{nl}mineurs.	서둘러라.{nl}비록 입문 과제이지만 그 부베들이 광산 마을의 위협이 되는 건 사실이니까.				하이랜더 마스터
QUEST_JOBSTEP_20150317_000011	Beau travail, tu as achevé ton initiation pour devenir Highlander. {nl} Continue ainsi avec assiduité et dévouement.	결과가 좋군. 그대의 하이랜더 입문을 허락하겠다.{nl}앞으로도 열심히 정진하도록.				하이랜더 마스터
QUEST_JOBSTEP_20150317_000012	Maître Pyromancien	파이로맨서 마스터				
QUEST_JOBSTEP_20150317_000013	Je vois que tu veux apprendre la magie auprès de moi, mais je ne peux pas enseigner à n'importe qui. {nl}Je verrai à quel point tu peux assister mes recherches, puis je déciderai. 	저에게 마법을 배우겠다는 열의는 알겠습니다만, 아무에게나 가르쳐 드릴 순 없습니다.{nl}제 연구를 얼마나 잘 보조해 주시는지에 따라서 결정하겠어요.				
QUEST_JOBSTEP_20150317_000014	Beau travail. Grâce à toi, je peux passer à l'étape suivante de mes recherches. {nl}Je t'enseignerai la magie du Pyromancien comme promis. 	수고하셨어요. 덕분에 다음 연구단계로 넘어갈 수 있겠네요.{nl}약속대로 파이로맨서의 마법을 가르쳐 드리지요.				
QUEST_JOBSTEP_20150317_000015	Bien, tu es là. J'ai besoin que tu vainques les esprits maléfiques que je vais invoquer. {nl}Je consignerai la longueur d'onde particulière émise durant le processus. 	잘 오셨어요. 당신이 해 주실 일은 제가 소환한 악령을 처치해 주시면 됩니다.{nl}그 과정에서 뿜어져 나오는 특별한 파장을 기록하겠어요.				
QUEST_JOBSTEP_20150317_000016	Je fais des recherches sur le 4e état de la matière. {nl}C'est impossible sans la coopération du Maître Bokor, qui traite avec les esprits. 	전 물질의 제4번째 상태에 대해 연구중입니다.{nl}영혼을 다루는 보코르 마스터님의 협조가 없으면 절대로 불가능한 일이지요.				
QUEST_JOBSTEP_20150317_000017	Oui, splendide. {nl}Dis au Maître Pyromancien que nous avons tous les matériaux nécessaires. 	네. 아주 훌륭하군요.{nl}파이로맨서 마스터께 필요한 자료는 전부 모였다고 전해 드리세요.				보코르 마스터
QUEST_JOBSTEP_20150317_000018	Bien. {nl}Cette étude est menée avec le Maître Bokor. Va donc lui rendre visite et elle te dira quoi faire. 	좋습니다. {nl}그 연구는 보코르 마스터님과 함께 진행중이니 그분께 가면 할 일을 일러주실 겁니다.				
QUEST_JOBSTEP_20150317_000019	Maître Cryomancien	크리오맨서 마스터				
QUEST_JOBSTEP_20150317_000020	Tu veux apprendre la magie du Cryomancien auprès de moi ? {nl}Bien sûr, je t'enseignerai, mais seulement si tu t'occupes d'abord de quelque chose ! 	제게 크리오맨서의 마법을 배우고 싶으시다고요.{nl}물론 가르쳐 드리지요. 한 가지 일만 잘 처리해 주신다면요.				
QUEST_JOBSTEP_20150317_000021	Le Maître Pyromancien ne devrait pas être là. {nl}Ce sera donc une tâche facile.	파이로맨서 마스터는 현재 부재중이십니다.{nl}뭐, 아주 쉬운 일입니다.				크리오맨서 마스터
QUEST_JOBSTEP_20150317_000022	Ne te sens pas coupable. Tu as fait du bon travail. {nl}Je te soutiendrai désormais, alors ne t'inquiète pas. 	죄책감 따윈 신경 쓰지 마세요. 아주 잘해주셨습니다.{nl}이제부턴 제가 당신의 뒤를 봐 드릴 테니 너무 걱정하지 않으셔도 됩니다.				크리오맨서 마스터
QUEST_JOBSTEP_20150317_000023	Il s'agit de s'introduire dans la chambre du Maître Pyromancien et d'ouvrir une boîte. {nl}Quant à ce qui se trouve dans la boîte... Eh bien, tu n'auras qu'à l'éliminer.	파이로맨서의 방에 몰래 잠입해 그곳에 있는 상자를 여는 것입니다.{nl}그 안에 있는 것은.. 죽여버리는 게 좋겠네요.				
QUEST_JOBSTEP_20150317_000024	Cela suffira. {nl}Ma magie n'est pas facile, alors tu devras travailler dur pour suivre. 	이 정도면 충분하군.{nl}내 마법은 어려우니까 열심히 따라와야 할 거야.				
QUEST_JOBSTEP_20150317_000025	Ta volonté d'apprendre auprès de moi est bonne, mais j'ai d'abord une faveur à te demander. {nl}Nous pourrons continuer notre discussion si tu es partant. {nl}	내게 뭘 배우겠다는 마음가짐은 좋다만 대신 한 가지 부탁이 있네.{nl}들어주겠다고 해야만 이야기를 계속할 수 있어.{nl}				쿼렐슈터 마스터
QUEST_JOBSTEP_20150317_000026	Les équipements de Lydia Schaffen sont comme des matériaux divins pour nous, les archers. {nl}Je donnerais toute ma fortune juste pour les posséder.	리디아 샤펜의 물건이라니, 우리 궁수들에겐 성물 같은 존재라고.{nl}할 수만 있다면 전 재산을 팔아서라도 갖고 싶군.				쿼렐슈터 마스터
QUEST_JOBSTEP_20150317_000027	Je n'aurais jamais imaginé voir cela de mes propres yeux. {nl}Merci. Je t'enseignerai à fond désormais, alors prépare-toi. 	이걸 직접 내 눈으로 보게 될 줄이야.{nl}고맙네. 이제부턴 철저히 지도해 줄 테니 각오 하는 게 좋을 거야.				쿼렐슈터 마스터
QUEST_JOBSTEP_20150317_000028	J'ai entendu dire que la lentille de télescope perdue de la Tour astrale se trouve au 1er étage de la{nl}Mine de cristal. {nl}Rapporte-moi cette lentille avant que les autres maîtres ne l'apprennent et je t'enseignerai mes{nl}techniques. 	별의 탑에서 사라진 망원경의 렌즈가 수정광산 1층에 있다더군.{nl}다른 마스터들이 눈치채기 전에 빨리 그 렌즈를 가져다주면 내 기술을 가르쳐 주겠네.				쿼렐슈터 마스터
QUEST_JOBSTEP_20150317_000029	Alors tu veux apprendre la voie de la flèche auprès de moi... Dans ce cas, j'ai une mission pour toi. {nl}Je fonderai ma décision sur la façon dont tu accompliras la mission. 	나에게 활을 배우고 싶다라.. 그렇다면 당신에게 한 가지 의뢰를 하지. {nl}그 일을 얼마나 잘 해내느냐에 따라서 당신을 가르칠지 결정하겠어.				
QUEST_JOBSTEP_20150317_000030	Evoniphon... Je ne lui pardonnerai jamais.	에보니폰.. 용서할 수 없어.				레인저 마스터
QUEST_JOBSTEP_20150317_000031	Maître Chasseur	헌터 마스터				
QUEST_JOBSTEP_20150317_000032	Tu as rassemblé tous les livres. Beau travail. {nl}Je t'enseignerai la voie du Chasseur comme promis. 	책이 전부 모였군요. 수고하셨어요.{nl}약속한 대로 당신에게 헌터의 기술을 가르쳐 드리겠어요.				
QUEST_JOBSTEP_20150317_000033	Tu as obtenu de bons résultats. Je t'enseignerai désormais. {nl}J'espère que tu seras à la hauteur de mes attentes. 	성과는 확실하군. 이제부터 내가 널 가르치지.{nl}내 기대에 확실히 부응해 주길 기대하겠어.				
QUEST_JOBSTEP_20150317_000034	J'ai entendu dire que les chauves-souris du 1er étage de la Mine de cristal possèdent un venin{nl}particulier. {nl}Je suis sûre que c'est le même venin qu'utilise l'assassin Evoniphon. Rapporte-moi ce venin.	수정광산 1층의 박쥐들은 특별한 독을 품고 있다는 소문을 들었어.{nl}분명히 암살자 에보니폰이 쓰는 독일 거야. 그 독을 채취해 와.				레인저 마스터
QUEST_JOBSTEP_20150317_000035	Maître Barbare	바바리안 마스터				
QUEST_JOBSTEP_20150317_000036	On comprend les capacités d'un adversaire en l'affrontant épée contre épée. {nl}Prouve-moi que tu es un véritable guerrier, et je te guiderai pour devenir un vrai Barbare. 	검과 검을 맞댐으로써 상대의 기량을 알 수 있지.{nl}내게 전사의 자격을 증명하면 진정한 바바리안으로 이끌어 주겠다.				
QUEST_JOBSTEP_20150317_000037	Tu as effectivement les qualités d'un guerrier. {nl}Je vais faire de toi un véritable Barbare. 	전사의 자격은 충분하다. {nl}내가 진짜 바바리안으로 만들어 주지.				
QUEST_JOBSTEP_20150317_000038	Je comprends que tu veuilles devenir plus fort à la lance. {nl}Accomplis la mission que je te confie, et je t'enseignerai mon art de la lance.	창으로써 강해지고 싶은 당신의 마음은 잘 알겠습니다.{nl}제가 드리는 과제를 수행해 오신다면 저의 창술을 가르쳐 드리겠습니다.				
QUEST_JOBSTEP_20150317_000039	Rapporte-moi du Cuir de Groll de Vallon de Spineheart, des Fléchettes empoisonnées de Chafperor de la Forêt des inquiétudes déchues, et de la Poudre noire de Jukopus du Village des mineurs, je t'en prie.	가시마음골의 그롤의 가죽. 낙우림의 체이퍼러의 독침.{nl}그리고 광산 마을의 유코푸스의 검은 가루를 제게 가져오세요.				
QUEST_JOBSTEP_20150317_000040	Je comprends ta volonté de devenir plus fort. {nl}Je vois aussi que tu as peut-être ce qu'il faut pour exceller à la lance.	당신이 가진 강해지고자 하는 마음에 대해 잘 알겠어요.{nl}당신이라면 창과 함께할 자격이 있습니다.				하플라이트 서브 마스터
QUEST_JOBSTEP_20150317_000041	Maître Psychokinésiste	사이코키노 마스터				
QUEST_JOBSTEP_20150317_000042	Si tu veux comprendre le Psychokinésiste, que dirais-tu de travailler comme mon assistant ?{nl}Je te garantis que c'est un métier attrayant.	사이코키노를 이해하고 싶다면 잠시 나의 조수로 일해보는 것은 어떻겠나.{nl}굉장히 멋진 분야라는 것은 내 보증 하겠네.				
QUEST_JOBSTEP_20150317_000043	Commence par vaincre les Matsum de Vallon de Spineheart et récolte leur alcool de fleur, je t'en prie.{nl}Ils se cassent facilement, alors il est difficile d'en obtenir de convenables.	일단 가시마음골에 있는 메슘을 잡아서 꽃술을 모아 주게.{nl}쉽게 망가져서 온전한 걸 구하기가 쉽지 않아.				
QUEST_JOBSTEP_20150317_000044	Bien. L'alcool de fleur des Matsum est intact.{nl}Tu verras bientôt quelque chose d'intéressant.	좋군. 메슘의 꽃술이 온전히 살아 있어.{nl}이제 정말 재미있는 것을 보게 될 걸세.				
QUEST_JOBSTEP_20150317_000045	Rends-toi maintenant à Grand-route de Gintara à Vallon de Spineheart.{nl}Vaporise ce remède liquide sur la poupée Matsum expérimentale que j'ai installée et fais-moi part du résultat.	이제 가시마음골의 긴타라 가도로 가게.{nl}내가 설치해 놓은 실험용 메슘 인형에 이 물약을 뿌리고 결과를 내게 알려 주게.				
QUEST_JOBSTEP_20150317_000046	Les Matsum t'ont attaqué ? {nl}Puisque les Matsum ont accepté les poupées Matsum comme leurs amies, je considère cela comme une réussite. 	주변의 메슘들이 자네를 공격했다고?{nl}메슘 인형을 메슘이 친구라 받아 들였으니 성공이라고 봐야겠어.{nl}				
QUEST_JOBSTEP_20150317_000047	Beau travail. {nl}Tu as bien rempli ton rôle d'assistant, alors je t'enseignerai ce que signifie vraiment être un Psychokinésiste. 	수고했네.{nl}좋은 조수가 되어 주었으니 사이코키노에 대해 본격적으로 가르쳐 주겠네.				
QUEST_JOBSTEP_20150317_000048	Mes recherches portent sur les méthodes de transfert de la psychokinésie vers la substance de la matière. {nl}Autrement dit... c'est une méthode de lavage de cerveau par l'usage de remèdes. 	내 연구의 주제는 염력을 물질의 형태로 전이하는 방법론에 대한 것일세.{nl}무슨 말인고 하니.. 약을 써서 세뇌를 전파하겠다는 거야.				
QUEST_JOBSTEP_20150317_000049	Maître Lieur	링커 마스터				
QUEST_JOBSTEP_20150317_000050	Le tempérament est très important pour les Lieurs. {nl}S'il est facile de fermer son cœur, l'ouvrir requiert un tempérament particulier. {nl}	링커에겐 자질이라는 게 굉장히 중요해요. {nl}마음을 닫아 버리는 건 아주 쉽지만 남의 마음을 여는 건 특수한 자질이 필요하답니다.{nl}				링커 서브 마스터
QUEST_JOBSTEP_20150317_000051	Je vais te mettre à l'épreuve pour voir si tu possèdes ce tempérament. 	당신에게 그 자질이 있는지 제가 시험해 보겠어요.				링커 서브 마스터
QUEST_JOBSTEP_20150317_000052	Bien. Cependant, tu dois préparer quelques matériaux avant de passer l'épreuve.{nl}Rapporte-moi des Épines de Thornball et des Fragment de Velwriggler du Voie de la porte.	좋아요. 시험에 앞서 약간의 재료들이 필요해요.{nl}관문로에서 던볼의 가시와 벨리글러의 조각을 제게 가져다주세요.				
QUEST_JOBSTEP_20150317_000053	Excellent ! {nl}Mais ceci ne sert qu'à te préparer pour l'épreuve. {nl}	훌륭하군요.{nl}하지만 이건 시험의 준비일 뿐이에요.				링커 서브 마스터
QUEST_JOBSTEP_20150317_000054	Je vais commencer l'épreuve maintenant. {nl}Derrière le Voie de la porte se trouve une déchirure dans l'espace du monde.{nl}	시험을 시작하겠어요. {nl}관문로에 이면세계의 찢어진 틈이 있죠.{nl}				
QUEST_JOBSTEP_20150317_000055	Les gens ordinaires ne peuvent voir la réalité que telle qu'elle est, mais si tu as le tempérament{nl}d'un Lieur, tu devrais pouvoir percevoir un monde caché. {nl}Trouves-y le livre et rapporte-le-moi. 	보통 사람들에겐 그저 현실이지만 링커의 자질이 있다면 그 이면세계를 찾을 수 있을 것입니다.{nl}그곳에 있는 책을 찾아 저에게 가져다주세요.				링커 서브 마스터
QUEST_JOBSTEP_20150317_000056	Y es-tu déjà allé ? {nl}Rends-toi simplement au Voie de la porte et vérifie. J'ai marqué l'emplacement sur la carte.{nl}	아직이신가요?{nl}관문로로 가셔서 제가 지도에 표시해드린 곳으로 곧장 가시면 됩니다.				
QUEST_JOBSTEP_20150317_000057	On dirait que tu as trouvé le livre. Avec ceci, tu as réussi mon épreuve. {nl} Néanmoins, lis ce livre pour démontrer ta détermination en tant que Lieur, je t'en prie. 	책을 찾아오셨군요. 이것으로 시험은 통과입니다.{nl}그 책을 링커의 길에 대한 마음가짐 삼아 읽어 주세요.				링커 서브 마스터
QUEST_JOBSTEP_20150317_000058	Alors tu veux que je t'enseigne les Skills d'un Sapeur... eh bien, l'usage veut que tu payes des frais{nl}pour mes services. {nl}Pas à moi. Je veux plutôt que tu fasses un don au Maître Clerc à Klaipeda. {nl}Disons, environ 5 000 pièces d'argent ? 	새퍼의 기술이라.. 그럼 당연히 수업료를 내야겠지.{nl}나에게 말고, 클라페다에 계신 클레릭 마스터님께 기부금을 내주었으면 해.{nl}한 5,000 실버 정도?				새퍼 마스터
QUEST_JOBSTEP_20150317_000059	Attends, il y a encore une chose. {nl}J'ai caché des objets à l'Île de Flude dans les Bois de l'ouest de Siauliai.{nl}Avant d'aller à Klaipeda, retrouve d'abord ces objets et rends-les à leurs propriétaires d'origine à Klaipeda.{nl}{nl} 	아차차, 한 가지 더.{nl}샤울레이 서쪽 숲의 플루데 섬에 숨겨 둔 물건이 있어. {nl}클라페다에 가기 전에 그걸 먼저 찾아서 클라페다의 원래 주인들에게 돌려줘.{nl}{nl}				
QUEST_JOBSTEP_20150317_000060	Oh, ça. Je l'ai vu quelque part... hmm... ça me semble familier...{nl}Enfin, je l'accepte avec gratitude puisque tu me le donnes.	어, 이거. 어디서 본 물건인데.. 음.. 낯이 익은데..{nl}일단 주시는 거니 감사히 받을게요!				잡화 상인 미리나
QUEST_JOBSTEP_20150317_000061	Ah, c'est l'outil que j'avais perdu. {nl}Merci. Où était-il ?	어라, 이건 내가 잃어버린 연장인데?{nl}고맙소. 여태 어디에 있다 온 거람.				장비 상인 던켈
QUEST_JOBSTEP_20150317_000062	As-tu oublié le don ? {nl}C'est 5 000 pièces d'argent.	기부금은 깜빡 잊은거야?{nl}5,000 실버라고.				새퍼 마스터
QUEST_JOBSTEP_20150317_000063	Maître Clerc	클레릭 마스터				
QUEST_JOBSTEP_20150317_000064	Merci, au nom de la déesse.{nl}Je promets que les dons serviront à ceux qui ont été blessés par les monstres. {nl}	여신의 이름으로 감사드립니다.{nl}이 성금은 몬스터에게 피해를 당하신 분들께 쓰이도록 약속드리지요.{nl}				클레릭 마스터
QUEST_JOBSTEP_20150317_000065	J'étais autrefois un voleur, mais j'ai pris conscience de certaines choses et j'ai mis fin à ma vie de{nl}criminel. {nl}Mais il me reste une petite affaire en tête... et je veux la régler maintenant. {nl}	난 원래 도둑이었는데 좀 깨달은 바가 있어서 이번에 완전히 손을 씻었거든.{nl}하지만 계속 걸리는 게 있어서.. 이번 기회에 완전히 끝을 낼 거야{nl}				새퍼 마스터
QUEST_JOBSTEP_20150317_000066	Quoi qu'il en soit, tu as fait du bon travail. {nl}Coopérons désormais, en nous enseignant et en apprenant l'un de l'autre. 	어쨌든 정말 수고했어.{nl}앞으로 가르침을 주거니 받거니 하면서 잘 지내 보자고.				
QUEST_JOBSTEP_20150317_000067	Je cherche un livre. Quatre livres de Lydia Schaffen. {nl}Si tu m'aides à trouver ces livres, je t'enseignerai mes Skills. 	책을 찾고 있어요. 리디아 샤펜님의 책 네 권이요.{nl}책을 찾는 일을 도와주신다면 제 기술을 가르쳐 드리겠어요.				
QUEST_JOBSTEP_20150317_000068	Le livre se trouvait autrefois au Village des mineurs, mais il a été perdu lors du raid des{nl}Vubbe. {nl} Essaie de te rendre au Avant-poste Vubbe.	그 책은 광산 마을에 있었는데 부베 습격 사건 때 잃어버렸다고 들었어요.{nl}부베 전초기지가 있는 곳으로 가보세요.				헌터 마스터
QUEST_JOBSTEP_20150317_000069	Voici le livre. Tu auras besoin de ce livre si tu rêves d'être le meilleur Archer. {nl}Je t'en ferai une copie si tu parviens à rassembler toute la collection. 	이 책이군요. 최고의 궁수를 꿈꾸신다면 이 책이 필요할 거예요.{nl}책을 전부 모으게 된다면 사본을 만들어 드리죠.				헌터 마스터
QUEST_JOBSTEP_20150317_000070	Le Maître Tireur de carreaux détient le livre suivant. {nl}Il cherchait du Merog leather récemment. Tu pourrais peut-être négocier avec lui grâce à cela.	다음 권은 쿼렐슈터 마스터가 가지고 계세요.{nl}예전에 메로그의 가죽을 찾으시던데, 어쩌면 그걸로 거래해 볼 수도 있겠네요.				
QUEST_JOBSTEP_20150317_000071	As-tu déjà obtenu le Merog leather auprès du Maître Chasseur ?	헌터 마스터에게서 메로그 가죽은 아직인가?				
QUEST_JOBSTEP_20150317_000072	C'est de bonne qualité. Le Maître Chasseur sera satisfait. {nl}Tu peux prendre le livre. {nl}	이 정도면 꽤 질이 좋군. 헌터 마스터도 꽤 보람이 있겠어. {nl}책은 자네가 가져가게. {nl}				쿼렐슈터 마스터
QUEST_JOBSTEP_20150317_000073	Les Merog se trouvent à la Forêt des inquiétudes déchues, et le Maître Tireur de carreaux est à Klaipeda. {nl}Quelqu'un pourrait te devancer, alors dépêche-toi.	메로그는 낙우림에, 쿼렐슈터 마스터는 클라페다에 있어요. {nl}다른 사람이 선수 칠 수도 있으니 어서 가보세요.				
QUEST_JOBSTEP_20150317_000074	Le Maître Archer à Klaipeda possède le livre suivant. {nl}Ce n'est pas quelqu'un de méchant, alors il te donnera le livre si tu le demandes gentiment. {nl}	다음 책은 클라페다의 아처 마스터가 가지고 있을 거예요.{nl}그다지 매정한 사람은 아니니 공손히 부탁하면 흔쾌히 책을 내어 줄 거예요.{nl}				헌터 마스터
QUEST_JOBSTEP_20150317_000075	Il aide à réparer le mur d'enceinte endommagé. {nl}J'ai entendu dire que les pierres sont livrées depuis le Village des mineurs, alors lui en apporter{nl}peut être une façon de demander. 	그는 지금 무너진 성벽을 수리하는 일을 돕고 있다고 하는군요.{nl}광산 마을에 옮겨둔 바위가 있다고 하니 그걸 가져다주는 것도 부탁의 한 방법이겠지요.				헌터 마스터
QUEST_JOBSTEP_20150317_000076	Est-ce le Maître Chasseur qui t'a dit d'apporter ceci ? {nl}Si tu cherches le livre de Lydia Schaffen, tu aurais simplement pu demander. Mais merci quand{nl}même. 	이 바위는 헌터 마스터가 보낸 건가?{nl}리디아 샤펜의 책이라면 그냥 와서 빌려 가도 되는데. 어쨌든 고마워.				아처 마스터
QUEST_JOBSTEP_20150317_000077	Le dernier livre est chez le Maître Rôdeur à Klaipeda. {nl}Donne-lui cette bourse. {nl}Je pourrais y aller moi-même, mais nous ne sommes pas très à l'aise de nous voir. 	마지막 책은 클라페다의 레인저 마스터가 가지고 있어요.{nl}그녀에게 이 주머니를 전해 주시면 될 거예요.{nl}제가 직접 가도 되지만 편히 얼굴 볼 사이가 아니라서요.				헌터 마스터
QUEST_JOBSTEP_20150317_000078	Ne demande pas pourquoi. Le travail est le travail, et il est vrai que nous ne voulons pas nous{nl}voir. 	이유는 묻지 마세요. 일은 일이고 별로 마주치고 싶지 않은 건 사실이니까요.				헌터 마스터
QUEST_JOBSTEP_20150317_000079	Cette bourse... Viens-tu de la part du Maître Chasseur ? {nl}Tiens. Apporte-lui ce livre. 	이 주머니는.. 헌터 마스터 대신 왔나 보지?{nl}자. 그녀에게 이 책을 전해 줘.{nl}				레인저 마스터
QUEST_JOBSTEP_20150317_000080	Bien que cette femme se soit montrée humble envers toi, elle est plutôt effrayante quand elle{nl}s'approche de moi. 	그 여자가 그렇게까지 고개를 숙인다는데 나까지 뻣뻣하게 구는 건 사양이야.				레인저 마스터
QUEST_JOBSTEP_20150317_000081	Ce cuir suffira. {nl}Apporte-le au Maître Tireur de carreaux avant que quelqu'un d'autre ne le fasse. 	이 정도 가죽이면 충분할 거예요.{nl}다른 사람이 가져가기 전에 어서 쿼렐슈터 마스터께 다녀 오세요.				헌터 마스터
QUEST_JOBSTEP_20150317_000082	Cette pierre sera utile pour réparer le mur. {nl}Apporte-la vite au Maître Archer. 	이 정도 바위라면 분명 성벽을 보수하는데 요긴하게 쓰일 거예요.{nl}어서 아처 마스터에게 가져다 주세요.				헌터 마스터
QUEST_JOBSTEP_20150317_000083	Est-ce toi qui veux apprendre mes Skills ? {nl}Parfait, je cherchais justement quelqu'un pour m'aider à trouver le livre de Lydia Schaffen. {nl}Tu vas m'aider, n'est-ce pas ? 	내 기술을 배우고 싶다는 사람이 자네인가.{nl}마침 리디아 샤펜의 책을 찾아 줄 사람을 찾고 있었는데 잘됐군. 도와 줄거지?				
QUEST_JOBSTEP_20150317_000084	Il y avait un volume au Village des mineurs, mais il a été perdu lors du raid des Vubbe. {nl} Je suis presque sûr qu'il se trouve maintenant au Avant-poste Vubbe.	광산 마을에 1권이 있다는데, 부베한테 습격당하면서 사라졌다는군.{nl}분명 부베 전초기지에 있을거야.				쿼렐슈터 마스터
QUEST_JOBSTEP_20150317_000085	Ho-ho, oui, c'est bien ça. {nl}Ce sera utile aux gens comme toi, qui rêvent de devenir Tireur de carreaux. {nl}Je t'en donnerai une copie si tu rassembles toute la collection. 	오오, 그래. 이거야, 이거.{nl}쿼렐슈터를 꿈꾸는 자네에게도 큰 도움이 될 거야.{nl}책을 다 모으게 된다면 이 아저씨가 사본을 주도록 하지.				쿼렐슈터 마스터
QUEST_JOBSTEP_20150317_000086	Il en reste trois. {nl}Je pense que tu peux en obtenir un en donnant de l'argent au Maître Chasseur.	앞으로 세 권 남았네.{nl}그 중의 한 권은 아마 헌터 마스터에게서 돈을 쥐어주면 구할 수 있지 싶은데..{nl}				쿼렐슈터 마스터
QUEST_JOBSTEP_20150317_000087	Le problème, c'est que je suis fauché. 	문제는 내가 빈털터리라네.				쿼렐슈터 마스터
QUEST_JOBSTEP_20150317_000088	Vous parlez du livre de Lydia Schaffen que je possède ? {nl}Je le céderai pour 5 000 pièces d'argent.	제가 가지고 있는 리디야 샤펜님의 책 말씀이십니까.{nl}5,000 실버에 양도해 드리지요.				헌터 마스터
QUEST_JOBSTEP_20150317_000089	Tu as bien entendu, paie le prix, je t'en prie. {nl}Environ 5 000 pièces d'argent feront l'affaire. {nl}	그럼 면목없지만 부탁함세.{nl}아마 5,000 실버 정도면 될 거야.{nl}				쿼렐슈터 마스터
QUEST_JOBSTEP_20150317_000090	5 000 pièces d'argent... Oui, c'est exact. {nl}Je te donnerai le livre comme promis. 	5,000 실버.. 네. 맞습니다.{nl}약속대로 책을 넘겨 드리지요.				헌터 마스터
QUEST_JOBSTEP_20150317_000091	Bon... le Maître Archer doit avoir le livre suivant. {nl}Il aide encore à réparer le mur, alors n'apprécierait-il pas que tu lui apportes des pierres ? {nl}Je pourrais les lui apporter moi-même, mais... aïeee... mon dos.	자.. 다음 책은 아처 마스터가 가지고 있을 거야.{nl}녀석은 아직도 성벽 수리에 매달리고 있으니 석재라도 갖다 주면 좋아하지 않을까?{nl}이 아저씨가 직접 갖다 줄 수도 있겠지만.. 아이고!! 허리야..				쿼렐슈터 마스터
QUEST_JOBSTEP_20150317_000092	Le Maître Archer possède le livre suivant. {nl}Ce n'est pas quelqu'un de méchant, alors il te donnera le livre si tu le demandes gentiment. {nl}	다음 책은 아처 마스터가 가지고 있을 거야.{nl}그리 매정한 사람은 아니니 공손하게 부탁하면 책을 내어 줄 지도 몰라.{nl}				쿼렐슈터 마스터
QUEST_JOBSTEP_20150317_000093	J'ai entendu dire qu'il aide à réparer le mur d'enceinte endommagé. {nl}Des pierres ont été livrées depuis le Village des mineurs, et il sera touché si tu lui en apportes{nl}une. 	듣기론 그는 클라페다의 무너진 성벽을 수리하는 것을 돕는 중이라더군.{nl}광산 마을에 옮겨둔 바위가 있다고 하니 갖다주면면 그 녀석, 분명 감동할 거야.				쿼렐슈터 마스터
QUEST_JOBSTEP_20150317_000094	Est-ce le Maître Chasseur qui t'a dit d'apporter ceci ? {nl}Si tu es venu pour le livre de Lydia Schaffen, tu aurais simplement pu demander. Mais merci{nl}quand même. 	이 바위는 쿼렐슈터 마스터 아저씨가 보낸 건가?{nl}리디아 샤펜의 책이라면 그냥 와서 빌려 가도 되는데. 어쨌든 고마워.				아처 마스터
QUEST_JOBSTEP_20150317_000095	Maintenant, le dernier livre. {nl}Donne cette bourse au Maître Rôdeur et récupère le livre. 	이제 마지막 책이야.{nl}레인저 마스터에게 이 주머니를 가져다주고 책을 받아와 줘.				쿼렐슈터 마스터
QUEST_JOBSTEP_20150317_000096	Est-ce le Maître Tireur de carreaux qui a envoyé ceci ? {nl}Merci. Je te remettrai le livre comme promis. 	쿼렐슈터 마스터가 보낸 건가?{nl}뭐, 수고했어. 약속한 책은 넘겨주지.				레인저 마스터
QUEST_JOBSTEP_20150317_000097	Rapporte vite le livre. {nl}Je n'en peux plus d'attendre. 	어서 책을 가져와줘.{nl}참을 수가 없다고.				쿼렐슈터 마스터
QUEST_JOBSTEP_20150317_000098	Parfait, c'est celui-là ! {nl}Je t'enseignerai les Skills d'un Tireur de carreaux comme promis. {nl}	좋아, 이거야!{nl}약속대로 자네가 더 강해질 수 있도록 쿼렐슈터의 기술을 가르쳐 주지.{nl}				
QUEST_JOBSTEP_20150317_000099	Cette pierre sera utile pour réparer le mur. {nl}Apporte-la vite au Maître Archer. 	이 정도 바위라면 분명 성벽을 보수하는데 요긴하게 쓰일 거다.{nl}어서 아처 마스터에게 전해 줘.				쿼렐슈터 마스터
QUEST_JOBSTEP_20150317_000100	Si tu veux apprendre davantage de mes Skills, il y a une condition. {nl}Je veux que tu m'aides à trouver les quatre livres de Lydia Schaffen. 	나의 기술을 더 배우고 싶다면 조건이 있어.{nl}리디야 샤펜님의 책 네 권을 찾는 걸 도와주었으면 해.				
QUEST_JOBSTEP_20150317_000101	J'ai entendu dire que le premier livre était chez un habitant du Village des mineurs avant{nl}l'attaque des Vubbe. {nl}Alors je pense qu'il pourrait maintenant se trouver au Avant-poste Vubbe. 	내가 듣기론, 첫 권은 부베가 습격하기 전에 광산 마을 사람이 갖고 있었대.{nl}그러니 아마 부베 전초기지에 있지 않을까 생각해.				아처 마스터
QUEST_JOBSTEP_20150317_000102	Je suis surpris que tu l'aies trouvé si vite ! {nl}Et il est en bon état. {nl}	생각보다 무척 빨리 찾아와서 놀랐어.{nl}보존 상태도 아주 좋아.{nl}				아처 마스터
QUEST_JOBSTEP_20150317_000103	Je pense que tu pourrais acheter le livre suivant au Maître Chasseur...{nl}Je suis fauché après avoir payé la réparation du mur. Haha...	다음 책은 헌터 마스터에게 사올 수 있지 않을까 싶은데..{nl}성벽을 자비로 수리하느라 돈이 하나도 남아있지 않네. 하하..				아처 마스터
QUEST_JOBSTEP_20150317_000104	Vous parlez du deuxième livre de Lydia Schaffen ? {nl}Je le céderai pour 5 000 pièces d'argent. 	리디아 샤펜님의 두 번째 책 말씀이십니까.{nl}5,000 실버에 양도해 드리지요.				헌터 마스터
QUEST_JOBSTEP_20150317_000105	Je pense qu'environ 5 000 pièces d'argent feront l'affaire. {nl}J'ai entendu dire que c'est la valeur du livre. 	아마 5,000 실버이면 되지 않을까 싶어.{nl}그 책의 시세가 그 정도 한다더라고.				아처 마스터
QUEST_JOBSTEP_20150317_000106	Ah, tu arrives au bon moment.{nl}Si tu pouvais apporter du Merog leather au Maître Tireur de carreaux, il te ferait une copie du volume suivant.	아, 마침 잘 왔어.{nl}쿼렐슈터 마스터께서 메로그의 가죽을 구해다 주면 다음 권의 사본을 만들어 주시겠대.				
QUEST_JOBSTEP_20150317_000107	Le Merog leather vient-il du Maître Archer ?	아처 마스터에게서 메로그 가죽은 아직인가?				
QUEST_JOBSTEP_20150317_000108	Tu trouveras des Merog à la Forêt des inquiétudes déchues.{nl}Apporte-les au Maître Tireur de carreaux à Klaipeda.	메로그는 낙우림에서 쉽게 볼 수 있어.{nl}깨끗하게 갈무리해서 클라페다에 계신 쿼렐슈터 마스터에게 가져다 드려.				
QUEST_JOBSTEP_20150317_000109	La qualité est tout à fait convenable. Le Maître Archer sera satisfait. {nl}Tiens, j'ai préparé une copie, prends-la. 	이 정도면 꽤 질이 좋군. 아처 마스터도 꽤 보람이 있겠어.{nl}자. 사본은 미리 준비해 두었으니 가져가게.				쿼렐슈터 마스터
QUEST_JOBSTEP_20150317_000110	Il ne reste plus qu'un livre. {nl}Donne cette bourse au Maître Rôdeur et récupère le livre. {nl}	이제 마지막 한 권만 남았군.{nl}레인저 마스터에게 이 주머니를 가져다주고 책을 받아와 줘.{nl}				아처 마스터
QUEST_JOBSTEP_20150317_000111	Est-ce le Maître Archer qui t'a envoyé ? {nl}Bon, beau travail. Je te donnerai le livre comme promis. 	아처 마스터가 보낸 건가?{nl}뭐, 수고했어. 약속한 책은 넘겨주지.				레인저 마스터
QUEST_JOBSTEP_20150317_000112	Le livre n'est-il pas encore prêt ? {nl}Je veux voir tous les livres de Lydia Schaffen réunis au plus vite...	책은 아직인건가?{nl}빨리 리디아 샤펜님의 모든 책이 모여 있는 걸 보고 싶은데..				아처 마스터
QUEST_JOBSTEP_20150317_000113	Enfin, tout est là. {nl}Je t'enseignerai mes Skills comme promis. 	드디어 모두 모았군.{nl}약속대로 내 기술을 전수해 줄 테니 잘 부탁한다.				
QUEST_JOBSTEP_20150317_000114	J'ai des livres à rassembler. Ce sont les livres de Lydia Schaffen. {nl}Je t'enseignerai mes Skills si tu les rassembles. Qu'en dis-tu ? 	내가 모으려고 하는 책이 있어. 리디아 샤펜의 책이지.{nl}네가 그걸 모아 주면 내 기술을 전수해 주겠어. 어때?				
QUEST_JOBSTEP_20150317_000115	Le premier livre était au Village des mineurs, mais il a disparu après l'attaque des Vubbe. {nl}Je suppose que le livre est au Avant-poste Vubbe ? 	첫 권은 광산 마을에 있었다는데 부베들이 습격할 때 같이 사라져 버렸다는군.{nl}아마 부베 전초기지에 있지 않을까?				레인저 마스터
QUEST_JOBSTEP_20150317_000116	Oh, c'est plutôt bien. {nl}Ce sera utile que tu le lises aussi. 	어머나, 제법인걸?{nl}나중에 너도 읽어보면 도움이 될 거야.				레인저 마스터
QUEST_JOBSTEP_20150317_000117	Le problème, c'est le Maître Chasseur. Je ne veux vraiment pas voir son visage. {nl}Alors va lui chercher le livre suivant. 	문제는 헌터 마스터야. 그런 여자 얼굴 따윈 정말 보고 싶지 않거든.{nl}그러니 네가 수업료라 생각하고 그 여자에게서 다음 권을 사와. 				
QUEST_JOBSTEP_20150317_000118	Vous parlez du livre que je possède ? {nl}Bon, d'accord. Je le céderai pour 5 000 pièces d'argent. 	제가 가지고 있는 책 말씀이십니까.{nl}뭐, 좋아요. 5,000 실버에 양도해 드리지요.				헌터 마스터
QUEST_JOBSTEP_20150317_000119	Je pense qu'environ 5 000 pièces d'argent feront l'affaire. {nl}Peux-tu débourser autant ? 	한 5,000 실버 정도면 되지 않을까 싶네.{nl}이 정도면 대신 내줄 수 있지? 				
QUEST_JOBSTEP_20150317_000120	Tu arrives au bon moment.{nl}Le Maître Tireur de carreaux a dit que si tu apportais du Merog leather, il te ferait une copie du volume suivant.	마침 잘 왔어. {nl}쿼렐슈터 마스터가 메로그의 가죽을 구해 오면 다음 권의 사본을 만들어 주겠대.				
QUEST_JOBSTEP_20150317_000121	Le Maître Rôdeur ne t'a rien dit ?{nl}Je lui avais demandé du Merog leather.	레인저 마스터가 뭐라고 하진 않던가?{nl}메로그 가죽을 부탁했었는데.				
QUEST_JOBSTEP_20150317_000122	Les Merog sont à la Forêt des inquiétudes déchues et le Maître Tireur de carreaux est à Klaipeda. {nl}Quelqu'un pourrait y aller et obtenir le livre avant toi, alors dépêche-toi.	메로그는 낙우림에, 쿼렐슈터 마스터는 클라페다에 있어. {nl}어머. 빨리 가지 않으면 다른 사람이 먼저 채갈지도 모르겠네, 그 책..				
QUEST_JOBSTEP_20150317_000123	Le livre est en bon état.{nl}Maintenant, apporte-le au Maître Archer. {nl}	이 정도면 꽤 질이 좋군. {nl}자. 이 책을 레인저 마스터에게 가져다 주게.{nl}				쿼렐슈터 마스터
QUEST_JOBSTEP_20150317_000124	Le Maître Archer à Klaipeda possède le dernier livre. {nl}J'ai entendu dire qu'il répare le mur, alors ceci pourrait t'aider à obtenir le livre. 	마지막 책은 클라페다의 아처 마스터가 가지고 있어.{nl}무너진 성벽을 수리하고 있다고 하니 이걸 이용하면 쉽게 책을 얻을 수 있을지도?				레인저 마스터
QUEST_JOBSTEP_20150317_000125	J'ai entendu dire qu'il y a au Village des mineurs une pierre utile pour réparer le mur. {nl}Apporte-la au Maître Archer en cadeau. 	광산 마을에 성벽 수리에 적당한 바위가 있다고 들었어.{nl}그걸 아처 마스터에게 선물하면 될 거야.				레인저 마스터
QUEST_JOBSTEP_20150317_000126	Est-ce le Maître Chasseur qui t'a dit d'apporter ceci ? {nl}Si tu es venu pour le livre de Lydia Schaffen, tu aurais simplement pu demander. Mais merci{nl}quand même. 	이 바위는 레인저 마스터가 보낸 건가?{nl}리디아 샤펜의 책이라면 그냥 와서 빌려 가도 되는데. 어쨌든 고마워.				아처 마스터
QUEST_JOBSTEP_20150317_000127	Tu les as enfin tous rassemblés. Beau travail. {nl}Je t'enseignerai mes Skills comme promis, mais c'est à toi de suivre et de tenir le rythme.	드디어 다 모았군. 정말 수고했어.{nl}약속대로 나의 기술을 전수해 주겠다만 따라오는 건 네 재량이야.				
QUEST_JOBSTEP_20150317_000128	Tu as obtenu du cuir de bonne qualité. {nl}Apporte-le au Maître Tireur de carreaux. 	괜찮은 가죽을 구해 왔네.{nl}어서 쿼렐슈터 마스터에게 갖다 줘.				레인저 마스터
QUEST_JOBSTEP_20150317_000129	Pourquoi m'as-tu apporté ça ? Apporte-le vite au Maître Archer.	그걸 왜 나에게 가지고 온 거지?{nl}빨리 아처 마스터에게 가져다 줘.				레인저 마스터
QUEST_JOBSTEP_20150317_000130	Sculpteur Tesla	조각가 테슬라				
QUEST_JOBSTEP_20150317_000131	Le talent d'un sculpteur est important, mais avoir l'œil pour repérer les bons matériaux l'est tout autant. {nl}Je t'aiderai à apprendre mes Skills si tu me rapportes les cristaux bleus que je cherche. 	무릇 조각가란 실력도 중요하지만 재료를 알아보는 눈도 중요하다오.{nl}내가 찾는 푸른 수정을 가져온다면 자네가 내 기술을 익힐 수 있도록 도와 드리지.				
QUEST_JOBSTEP_20150317_000132	C'est bien là le problème. {nl}Le Yekub l'a avalé dès qu'il a été découvert au 2e étage du Village des mineurs. 	문제는 그걸세.{nl}수정광산 2층에서 발견되자마자 어디선가 나타난 예쿱이 그걸 냉큼 집어삼켜 버렸다는군.				조각가 테슬라
QUEST_JOBSTEP_20150317_000133	Oh, c'est bien ça. {nl}J'ai beaucoup de temps, alors je t'enseignerai en profondeur.	오오, 이거야 이거.{nl}나에겐 시간이 아주 많으니까 천천히 가르쳐 드리겠네.				조각가 테슬라
QUEST_JOBSTEP_20150317_000134	Tu veux apprendre l'art de l'épée du Highlander auprès de moi ? {nl}J'y réfléchirai si tu obtiens la coopération des Peltastes.	내게 하이랜더의 검법을 전수받고 싶나.{nl}그대가 펠타스타들의 협조를 구해 온다면 고려해 보겠다.				
QUEST_JOBSTEP_20150317_000135	En contrepartie de cette coopération, fournis simplement 5 planches de type wooden buckler.{nl}Vaincre des Upent à Plateau des arbres indigo suffira.	협조를 구하는 대가로 우든 버클러용 판자 5개를 지원해 주면 될 것이다.{nl}쪽빛나무 고원의 우펜트 정도면 충분하겠지.				
QUEST_JOBSTEP_20150317_000136	Merci pour les fournitures, mais le Maître Highlander ne t'aurait pas envoyé juste pour ça. {nl}Dis-moi ce que tu veux. {nl}	지원해주신 재료는 감사히 받겠습니다만, 하이랜더 마스터께서 그냥 보내셨을 리는 없을 터. {nl}무얼 원하는지 말씀해 보십시오.{nl}				펠타스타 마스터
QUEST_JOBSTEP_20150317_000137	Une coopération générale entre les maîtres ? Certainement. {nl}Dis-lui que les Peltastes coopéreront. 	마스터간의 전면적인 협조라. 알겠습니다.{nl}저희 펠타스타들도 동참하겠다고 전해 주십시오.				펠타스타 마스터
QUEST_JOBSTEP_20150317_000138	Si les maîtres s'unissent, il ne faudra pas longtemps avant que le royaume ne se relève. {nl}Tu as fait du bon travail. Je t'enseignerai mon art de l'épée.	이렇게 마스터간의 결속을 다지다 보면 왕국의 재건도 머지않을 것이다.{nl}그대가 훌륭히 임무를 완수하였으니 나의 검법을 전수해 주겠다.				
QUEST_JOBSTEP_20150317_000139	Cela devrait suffire. {nl}Va maintenant solliciter la coopération du Maître Peltaste. 	그 정도면 충분하다.{nl}그것으로 펠타스타 마스터의 협조를 구하면 될 것이다.				하이랜더 마스터
QUEST_JOBSTEP_20150317_000140	Nous, les Peltastes, avons promis aux Highlanders de prêter nos forces pour reconstruire le royaume.{nl}Donc si tu veux apprendre auprès de moi, tu dois aussi assumer ta part. {nl}	우리 펠타스타는 하이랜더와 맺은 맹약에 따라 왕국 재건에 힘을 빌려주기로 하였습니다.{nl}따라서 당신도 저에게 가르침을 받길 원한다면 그에 대한 도리를 다할 의무가 있습니다.{nl}				
QUEST_JOBSTEP_20150317_000141	Rencontre Uska et prête-lui ta force.	기사단장 우스카님에게 가서 힘을 빌려 주도록 하세요.				
QUEST_JOBSTEP_20150317_000142	Ainsi tu viens ici à la demande du Maître Peltaste.{nl}Le Maître Highlander avait un jour garanti qu'il obtiendrait le soutien des autres maîtres. {nl}	펠타스타 마스터의 요청으로 오셨군요.{nl}일전에 하이랜더 마스터께서 다른 마스터들의 협조를 받아 내겠다고 호언장담하셨었죠. {nl}				
QUEST_JOBSTEP_20150317_000143	Nous, les Peltastes, considérons nos devoirs en tant qu'humains comme les plus importants. 	설마 진짜로 해내실 줄은 몰랐습니다.{nl}				
QUEST_JOBSTEP_20150317_000144	Nous, les Peltastes, considérons nos devoirs en tant qu'humains comme les plus importants. 	우리 펠타스타는 인간으로서 지켜야 할 도리를 가장 중요하게 여깁니다.				
QUEST_JOBSTEP_20150317_000145	J'étais justement sur le point de demander de l'aide pour les recherches. {nl}	마침 수색 지원을 요청하려던 참이었습니다.{nl}				
QUEST_JOBSTEP_20150317_000146	J'ai envoyé 4 éclaireurs à Vallon de Spineheart, mais ils ont tous disparu.{nl}Peut-être n'ont-ils pas jugé Forêt d'épines si dangereuse... Retrouve-les, je t'en prie.	얼마 전에 가시마음골에 4명의 정찰병을 보냈습니다만, 전부 실종되었습니다.{nl}어쩌면 가시 숲을 만만히 보다 변을 당한 게 아닌지.. 그들의 행방을 찾아 주십시오.				
QUEST_JOBSTEP_20150317_000147	Un problème a peut-être surgi.{nl}Rends-toi vite à Vallon de Spineheart, je t'en prie.	어쩌면 한시를 다투는 위급한 일이 발생했을 수도 있습니다.{nl}어서 빨리 가시마음골로 가 주십시오.				
QUEST_JOBSTEP_20150317_000148	Ceci... c'étaient leurs souvenirs. {nl}Nous pourrons au moins remettre ces souvenirs à leurs familles. Merci. {nl}	이건.. 그들의 유품이군요.{nl}가족들에게 유품이라도 전해줄 수 있게 찾아주셔서 감사합니다.{nl}				
QUEST_JOBSTEP_20150317_000149	J'en informerai moi-même le Maître Highlander, alors retourne d'où tu viens, je te prie. {nl}Beau travail. 	하이랜더 마스터님께는 제가 따로 전해 드릴 테니 이만 돌아가 주십시오. {nl}수고하셨습니다.				
QUEST_JOBSTEP_20150317_000150	Ce n'est peut-être pas un sentiment agréable, mais cela suffit. {nl}Je t'autoriserai à apprendre la voie du Peltaste comme promis. 	마음은 좋지 않겠지만, 그 정도면 훌륭히 임무를 완수한 것이나 다름없습니다.{nl}약속대로 펠타스타의 가르침을 받도록 허락하지요.				
QUEST_JOBSTEP_20150317_000151	J'ai besoin de rassembler l'énergie du feu pour mes recherches, mais je n'ai vraiment pas le temps. {nl}Si tu la rassembles pour moi, je t'aiderai à apprendre la magie des Pyromanciens.	연구에 필요한 불의 기운을 모아야 하는데 도무지 짬이 나질 않아.{nl}네가 그걸 모아 준다면 파이로맨서의 마법을 익힐 수 있도록 도와줄게.				
QUEST_JOBSTEP_20150317_000152	Fais attention. Le pot se brisera si tu ne le surveilles pas. 	그 항아리를 계속 지켜보지 않으면 깨져 버리니까 조심해야해.				파이로맨서 마스터
QUEST_JOBSTEP_20150317_000153	Pose ce pot au sol quand tu te rendras au Jardin de l'arbre descendu, je t'en prie.{nl}Ensuite, quand tu vaincras les ennemis à proximité, les énergies s'accumuleront dans le pot.	내린나무 화원으로 가서 이 항아리를 바닥에 놔.{nl}그 다음엔 근처에 있는 몬스터를 처치하면 항아리에 기운이 모일거야.				
QUEST_JOBSTEP_20150317_000154	Il y a un livre important que je cherche. {nl}Si tu me rapportes ce livre, je t'aiderai à apprendre la magie des Cryomanciens. 	제가 찾고 있는 귀한 책이 있습니다.{nl}그 책을 찾아다 주신다면 그대가 크리오맨서의 마법을 익힐 수 있도록 도와드리겠어요.				
QUEST_JOBSTEP_20150317_000155	As-tu dit que tu allais trouver le livre ? {nl}Désolé, mais tu arrives trop tard. 	책을 찾는다 했는가.{nl}미안하네만, 이미 늦었네.				광산 마을 촌장
QUEST_JOBSTEP_20150317_000156	J'ai entendu des rumeurs disant qu'il se trouve au Village des mineurs, mais je ne connais pas{nl}son emplacement exact. {nl}Peut-être que le maire le saurait...	광산 마을에 있다는 소문을 들었습니다만, 정확한 출처는 모르겠군요.{nl}아마 촌장이라면 알 지도..				크리오맨서 마스터
QUEST_JOBSTEP_20150317_000157	Les Vubbe ont emporté tous les livres lors de leur attaque. {nl}Ils s'en serviront peut-être comme bois de chauffage dans leur avant-poste. 	부베들이 마을을 습격하면서 책이란 책은 모조리 가져가 버렸어.{nl}아마 전초기지에서 뗄감으로 쓸 모양이었겠지.				광산 마을 촌장
QUEST_JOBSTEP_20150317_000158	S'il y avait eu une chose pareille, nous en aurions pris soin. {nl}Tu peux aller essayer de le chercher. 	그런 게 있었다면 우리도 소중히 했겠지.{nl}자네가 잘 찾아보게.				광산 마을 촌장
QUEST_JOBSTEP_20150317_000159	Tu l'as trouvé. Excellent travail. {nl}Tu devras travailler très dur pour suivre mon entraînement. 	찾아오셨군요. 수고했어요.{nl}제 수련 과정을 잘 따라 오시려면 열심히 노력하셔야 할 겁니다.				크리오맨서 마스터
QUEST_JOBSTEP_20150317_000160	J'ai entendu dire que le livre a été vu pour la dernière fois au Village des mineurs. {nl}C'est un livre très important, alors le maire en sait peut-être quelque chose.	그 책이 마지막으로 목격된 곳은 광산 마을이라고 합니다.{nl}매우 귀한 책이니 어쩌면 촌장이 알고 있을지도 모르겠군요.				크리오맨서 마스터
QUEST_JOBSTEP_20150317_000161	Tu as dû trouver le livre. Je ne sais pas comment, mais félicitations. {nl}Pourquoi ne retournes-tu pas voir celle qui attend ce livre ? 	책을 찾은 모양이군. 잘은 모르지만 축하하네.{nl}어서 그 책을 기다리는 사람에게 돌아가보지 그런가.				광산 마을 촌장
QUEST_JOBSTEP_20150317_000162	Maître Krivis	크리비 마스터				
QUEST_JOBSTEP_20150317_000163	Un Krivis doit se libérer des contraintes humaines et se consacrer au clergé. {nl}Cela se fait en offrant des prières de dévotion à toutes les statues de Déesse de Siauliai. {nl}	무릇 크리비란 인간의 굴레를 벗고 성직자로서 자신을 봉헌해야 하네.{nl}샤울레이 숲의 모든 여신상에게 봉헌 기도를 드리는 것으로 말일세.{nl}				
QUEST_JOBSTEP_20150317_000164	Repens-toi. {nl}Demande pardon à la déesse et renais. 	참회하시게. {nl}여신께 모든 것을 고하고 새로이 다시 태어나게.				크리비 마스터
QUEST_JOBSTEP_20150317_000165	Je sens que tu es empli des bénédictions de la déesse. {nl}Bienvenue dans ta nouvelle vie de Krivis. 	그대에게서 여신의 은혜가 충만함이 느껴지는군.{nl}형제여, 크리비로서 새로 태어남을 환영하네.				
QUEST_JOBSTEP_20150317_000166	Maître Épéiste	소드맨 마스터				
QUEST_JOBSTEP_20150317_000167	Un vieux dicton dit : combats jusqu'à la mort et tu survivras. {nl}Je pourrai t'enseigner quand tu en auras saisi le sens. 	옛 말에 이르길, 죽기로 싸우면 살 것이라 하였지.{nl}네가 이 말의 뜻을 깨닫게 되어야 널 가르칠 수 있을 것 같구나.				
QUEST_JOBSTEP_20150317_000168	Tu n'en as pas encore saisi le sens. {nl}Combats encore un peu. 	깨닫기엔 아직 부족한 것 같구나.{nl}조금만 더 싸워 보거라.				소드맨 마스터
QUEST_JOBSTEP_20150317_000169	C'est cela... Comprends-tu maintenant ? {nl}Souviens-toi que tu es un Épéiste et consacre-toi à cette voie. 	그래.. 이제야 알겠느냐.{nl}소드맨으로서의 자각을 가지고 더욱더 정진하거라.				소드맨 마스터
QUEST_JOBSTEP_20150317_000170	Alors combats les Mentiwood à Mesa des sept teintes.{nl}Tu pourrais en tirer un enseignement.	그렇다면 칠채고원평의 멘티우드와 싸워 보려므나.{nl}그 과정에서 깨닳음을 얻을 수 있을 게다.				
QUEST_JOBSTEP_20150317_000171	La chose la plus importante pour un Prêtre est de croire en la déesse, et de le prouver. {nl}Exorciser au nom de la déesse les soldats possédés par des esprits maléfiques. 	프리스트에게 요구되는 가장 중요한 것은 여신을 믿고 증명하는 것입니다.{nl}악령에 빙의된 병사를 여신의 이름으로 퇴마하십시오.				
QUEST_JOBSTEP_20150317_000172	Le soldat est soigné au Village des mineurs. {nl}Ta sincérité deviendra ta force. 	그 병사는 광산 마을에서 보살핌을 받고 있습니다.{nl}신실함이 곧 당신의 힘이 되어줄 것입니다.				프리스트 마스터
QUEST_JOBSTEP_20150317_000173	Ta sincérité a été prouvée. {nl}Nous marcherons ensemble au nom de la déesse. 	당신의 신실함은 입증되었습니다.{nl}형제여, 여신의 이름으로 우리는 함께 걸어갈 것입니다.				프리스트 마스터
QUEST_JOBSTEP_20150317_000174	Apprendre la magie auprès de moi vient après avoir aidé mes recherches. {nl}Parlons de la question du talent ensuite. 	내게 마법 수업을 받는 건 내 연구를 도와 준 다음의 일이야.{nl}소질에 대한 문제는 그 후에 얘기하자고.				
QUEST_JOBSTEP_20150317_000175	Rapporte-moi d'abord des Skin of Groll de Vallon de Spineheart, des Feeler of Chafperor de la Forêt des inquiétudes déchues, {nl}et enfin des noyaux de Jukopus. Je compte sur toi.	먼저 가시마음골에서 그롤의 껍질, 낙우림에서 체이퍼러의 더듬이. {nl}마지막으로 광산 마을의 유코푸스의 핵을 가져다 줘. 그럼 부탁할게.				
QUEST_JOBSTEP_20150317_000176	Tu as tout rassemblé. {nl}Passons maintenant à l'étape suivante. 	모두 모아왔구나. {nl}이제 재료를 모아왔으니 다음 단계로 넘어가자.				위저드 마스터
QUEST_JOBSTEP_20150317_000177	Klaipeda est loin de la capitale et a à peine été attaquée par les monstres. {nl}J'ai prêté attention à ce détail, et j'étudie la création d'un grand cercle magique. {nl}	클라페다가 아무리 수도랑 멀리 떨어져 있는 도시라지만 몬스터의 공격을 거의 받지 않았어.{nl}난 이 점에 착안하여 거대 마법진을 만드는 연구를 하고 있지.{nl}				위저드 마스터
QUEST_JOBSTEP_20150317_000178	Et pour cela, j'ai besoin d'accumuler des données. {nl}Peux-tu utiliser ce parchemin à travers la ville ? 	그러려면 축적된 자료가 필요하거든. {nl}이 스크롤을 도시 곳곳에서 사용해 줄래?				위저드 마스터
QUEST_JOBSTEP_20150317_000179	J'ai marqué sur la carte où tu dois l'installer. {nl}Tu dois l'utiliser à chacun des points. 	설치해야 할 곳은 지도에 표시해 두었어.{nl}하나도 빼놓지 말고 꼼꼼히 사용해야 해.				위저드 마스터
QUEST_JOBSTEP_20150317_000180	Beau travail. J'ai rassemblé des données utiles grâce à toi. {nl}Mes recherches sont achevées, alors tu peux venir t'entraîner quand tu veux.	수고했어. 덕분에 좋은 자료가 모인 것 같아.{nl}연구는 무사히 마쳤으니 언제든지 수련을 받으러 와도 좋아. 				
QUEST_JOBSTEP_20150317_000181	Tu es sûrement venu apprendre la foi des Clercs. {nl}Je t'enseignerai si tu aides à soigner les soldats blessés du Village des mineurs. 	클레릭의 신앙에 대해 배우러 오셨군요.{nl}광산 마을의 병사들을 치료하는 것을 도와주신다면 가르쳐 드리겠습니다.				
QUEST_JOBSTEP_20150317_000182	Le Maître Clerc éclaire tant de gens malgré son jeune âge. {nl}Prends cette eau bénite et va vite auprès des patients. 	클레릭 마스터께서는 어린 몸으로 많은 이들의 빛이 되어 주시는군요.{nl}어서 이 성수를 가지고 환자들에게 가 보시지요.				프리스트 마스터
QUEST_JOBSTEP_20150317_000183	Tu as besoin d'eau bénite pour les soigner. {nl}Tu devrais d'abord en obtenir auprès du Maître Prêtre et du Maître Krivis. 	그분들을 치료하려면 성수가 필요합니다.{nl}먼저 프리스트 마스터님과 크리비 마스터님께 성수를 받아 오셔야 할 거예요.				클레릭 마스터
QUEST_JOBSTEP_20150317_000184	Si c'est pour le Maître Clerc, prends autant d'eau bénite que nécessaire. {nl}Elle a un cœur si beau que même ce vieux prêtre l'envierait. 	클레릭 마스터님의 이름이라면 성수는 얼마든지 가져다 쓰십시오.{nl}그분은 어찌나 아름다운 마음씨를 가지셨는지, 이 늙은 사제의 질투를 불러온답니다. 				
QUEST_JOBSTEP_20150317_000185	Transmets mes salutations au Maître Clerc, je te prie. {nl}Que les bénédictions de la déesse t'accompagnent. 	클레릭 마스터님께 제 안부를 전해 주십시오.{nl}그럼 여신의 가호를 빌겠습니다.				프리스트 마스터
QUEST_JOBSTEP_20150317_000186	Transmets-leur mes salutations pendant que tu récupères l'eau bénite auprès des maîtres, je te prie. 	마스터님들께 성수를 받아 오시는 김에 제 안부도 전해 드렸으면 합니다. 				
QUEST_JOBSTEP_20150317_000187	Le service est ce que l'on fait pour les autres, mais c'est aussi une façon de nettoyer son propre{nl}reflet. {nl}J'espère que ton âme errante sera purifiée en soignant les patients. 	봉사란 남에게 행하는 것이지만 자신의 거울을 닦는 일이기도 합니다.{nl}환자분들을 치료하시는 동안 당신의 방황하는 마음이 잘 닦이기를 빕니다.				클레릭 마스터
QUEST_JOBSTEP_20150317_000188	Beau travail. {nl}Je t'enseignerai la foi des Clercs, comme promis. 	수고하셨습니다.{nl}약속대로 클레릭의 신앙에 대해 가르쳐 드리겠습니다.				
QUEST_JOBSTEP_20150317_000189	Je pense que tu n'auras peut-être pas tout de suite une grande lance, mais tu dois posséder une{nl}lance à laquelle tu es fortement attaché. {nl}Qu'en penses-tu ? 	전 명장의 창은 당장 가질 수 없어도 애정을 쏟은 창은 반드시 가져야 한다고 생각합니다.{nl}당신은 어떻게 생각하시나요?				하플라이트 서브 마스터
QUEST_JOBSTEP_20150317_000190	Les lances sont la fierté des Hoplites. {nl}Une lance puissante est quelque chose dont les Hoplites peuvent se vanter, à l'image de leur{nl}nom.	창은 곧 하플라이트의 자부심입니다.{nl}강력한 창이야말로 하플라이트가 이름처럼 내걸 수 있는 훌륭한 자랑입니다.				하플라이트 서브 마스터
QUEST_JOBSTEP_20150317_000191	C'est formidable. {nl}Très bien. Tu as ce qu'il faut pour apprendre l'art de la lance auprès de moi. 	정말 훌륭하군요. {nl}좋습니다. 당신은 제게 창술을 배울 충분한 자격이 있습니다. 				
QUEST_JOBSTEP_20150317_000192	Très bien. {nl}Si tu veux ma reconnaissance, montre-moi une lance améliorée au niveau 6.{nl}	좋습니다.{nl}제게 인정받고 싶다면 6단계로 강화된 창을 만들어 보여 주세요. {nl}				
QUEST_JOBSTEP_20150317_000193	La réalité change selon ta pensée. Et seule la pensée le rend possible.{nl}C'est ce qu'on appelle le pouvoir surnaturel. {nl}Et son intensité varie selon la confiance que l'on a en soi...{nl}	현실이 내가 생각한 대로 움직여진다. 오로지 생각으로만 그걸 가능케 한다!{nl}그런 게 바로 초능력이라는 거지. {nl}자신의 힘을 얼마나 믿고 있는지에 따라 그 세기도 달라지는 거고..{nl}				
QUEST_JOBSTEP_20150317_000194	Ah, je ne t'ai raconté que des choses ennuyeuses.{nl}Tu veux devenir un Psychokinésiste, n'est-ce pas ?{nl}Si tu pouvais m'aider un peu, je t'aiderais à libérer le puissant pouvoir surnaturel caché en toi. 	아차차, 내가 너무 지루한 소리만 늘어놓았군.{nl}사이코키노를 지망한다고 했지?{nl}내 일만 조금 도와준다면 자네에게 감춰진 더욱 강한 초능력을 발현하도록 도와주겠어.				
QUEST_JOBSTEP_20150317_000195	Rends-toi à Chutes jumelles de Nardymo dans l'Ancien jardin de la Déesse. {nl}Rapporte-moi l'Essence des démons qui s'y trouve, je t'en prie.{nl}Bien... Je compte sur toi.	여신의 옛뜰에 있는 나르디마 쌍둥이 폭포로 가게. {nl}그곳에 있는 마족의 정수를 가져와 주면 되지.{nl}어디.. 기대해 보겠어.				
QUEST_JOBSTEP_20150317_000196	Bien. C'est bien ça.{nl}Rien qu'à sa couleur, je vois qu'elle déborde de pouvoir démoniaque.{nl}Haha ! Je t'enseignerai désormais le véritable pouvoir d'un Psychokinésiste, alors prépare-toi !	이거군. 이거야.{nl}색만 봐도 마기가 흘러넘칠 것 같아.{nl}하하! 이제부터 진짜 사이코키노가 뭔지 가르쳐 줄 테니 긴장하는 게 좋을 거네!				
QUEST_JOBSTEP_20150317_000197	Tu veux apprendre les Skills de Tireur de carreaux auprès de moi ? {nl}Pile au bon moment. Je cherchais justement quelqu'un pour m'aider.	내게 쿼렐슈터의 기술을 전수받고 싶다고?{nl}이거 마침 잘 됐군. 나도 날 도와 줄 친구를 찾고 있었거든.				
QUEST_JOBSTEP_20150317_000198	C'est le Maître Tireur de carreaux qui t'a envoyé, n'est-ce pas ? {nl}Tu dois trouver une carte. Une carte où sont dissimulés les secrets de l'Empenneur. 	쿼렐슈터 마스터 아저씨가 보내서 온 거지?{nl}네가 찾아와야 할 것은 지도야. 플레쳐의 비법서를 숨겨둔 지도.				새퍼 마스터
QUEST_JOBSTEP_20150317_000199	Le Maître Sapeur dit avoir trouvé des informations sur le livre que je cherche. {nl}Rends-toi aux Bois de Siauliai est et va le voir. 	새퍼 마스터가 내가 찾는 책에 관한 정보를 찾았다는 연락이 왔었어.{nl}샤울레이 동쪽 숲에 있다니 그리로 가 보게.				쿼렐슈터 마스터
QUEST_JOBSTEP_20150317_000200	Un de mes collègues qui s'est introduit dans la Tour du mage il y a quelque temps m'a dit avoir vu une carte étrange.{nl}Je pense que cette carte est celle que je cherche.	일전에 마법사의 탑에 숨어들었던 내 옛 동료가 그러길 요상한 지도를 봤대.{nl}그 녀석이 하는 얘길 들어보니까 확실히 그 지도가 맞긴 맞는 거 같아.				
QUEST_JOBSTEP_20150317_000201	Il m'a dit qu'un Minotaure la détient quelque part au 3e étage.{nl}Il a eu des ennuis à cause de ce monstre, alors prépare-toi bien.	3층 어딘가에서 미노타우로스가 가지고 있댔어.{nl}그 몬스터 때문에 무지 고생했다니까 단단히 준비해 가는게 좋을 거야.				
QUEST_JOBSTEP_20150317_000202	Oh, est-ce là la carte ? Beau travail. {nl}Je t'enseignerai mes Skills comme promis. 	오, 이게 그 지도란 말인가. 수고했네.{nl}약속대로 내 기술을 가르쳐 주도록 하지.				
QUEST_JOBSTEP_20150317_000203	Est-ce là la carte ? Je n'en ai vraiment aucune idée. {nl}Apporte-la au Maître Tireur de carreaux. 	이게 그 지돈가? 난 까막눈이라 그런가, 잘 모르겠네.{nl}어서 쿼렐슈터 마스터 아저씨에게 가 봐.				새퍼 마스터
QUEST_JOBSTEP_20150317_000204	Ainsi tu viens apprendre davantage de Skills auprès de moi. {nl}Alors va aider le Maître Rodelero à Fedimian. Je t'évaluerai là-dessus. 	내 기술을 좀 더 배우고 싶어서 찾아왔구나.{nl}그렇다면 페디미안의 로델레로 마스터님을 도와드려. 그걸로 널 평가하겠어.				아처 마스터
QUEST_JOBSTEP_20150317_000205	Est-ce le Maître Archer qui t'a envoyé ?{nl}Klaipeda se stabilise mais Fedimian est encore en danger. 	아처 마스터가 보내서 왔나.{nl}클라페다는 점점 안정을 찾아가고 있지만 페디미안은 아직 이 모양일세.				로델레로 마스터
QUEST_JOBSTEP_20150317_000206	J'entends dire que la majeure partie de Fedimian, hormis le quartier sacré, est ensevelie et a{nl}besoin d'aide. 	듣자 하니 페디미안은 신성지구를 뺀 대부분이 파묻혀 버려서 도움이 절실하다고 하더군.				아처 마스터
QUEST_JOBSTEP_20150317_000207	Je veux que tu vainques le monstre boss de la Tour du mage. {nl}Les monstres déferlent de la tour et nous avons déjà assez de mal à reconstruire Fedimian.	자네는 마법사의 탑에서 대장급 몬스터를 쓰러뜨려 주게.{nl}페디미안을 재건하는 것도 일손이 부족한데 탑에서 몬스터까지 쏟아져 나오고 있거든.				로델레로 마스터
QUEST_JOBSTEP_20150317_000208	D'après l'éclaireur qui a réussi à entrer, il y avait un Minotaure au 3e étage de la Tour du mage. {nl}Le vaincre suffira comme avertissement. 	잠입에 성공한 정찰병의 보고로는 마법사의 탑 3층의 미노타우로스라고 했네.{nl}그 몬스터를 처치하면 충분한 경고가 되겠지.				로델레로 마스터
QUEST_JOBSTEP_20150317_000209	Bien joué. Grâce à toi, les monstres ont été repoussés. {nl}Transmets aussi ma gratitude au Maître Archer. 	수고했네. 덕분에 몬스터의 기세가 좀 수그러들었어. {nl}아처 마스터에게도 고맙다고 전해 주게.				로델레로 마스터
QUEST_JOBSTEP_20150317_000210	Bien joué. {nl}Je t'entraînerai à devenir plus fort comme promis. 	수고했어. {nl}약속대로 자네를 더욱 강하게 단련시켜 주지.				아처 마스터
QUEST_JOBSTEP_20150317_000211	Tu veux apprendre les Skills d'un Rôdeur auprès de moi ? {nl}D'accord. Si tu m'aides, j'y réfléchirai selon tes résultats. 	나에게 레인저의 기술을 배우고 싶다고?{nl}좋아. 날 도와준다면 그 성과에 따라서 널 받아들일지 생각해 보겠어.				
QUEST_JOBSTEP_20150317_000212	Evoniphon. {nl}Il semble que le Maître Rôdeur ait encore des regrets.{nl}	에보니폰이라. {nl}아직도 레인저 마스터는 미련이 남아 있나 보군요.{nl}				
QUEST_JOBSTEP_20150317_000213	J'ai vu le Maître Élémentaliste parler à l'homme à capuche.{nl}Je ne peux pas garantir que c'était lui, mais je n'oublierai jamais ce parfum si particulier.	엘레멘탈리스트 마스터가 후드를 눌러 쓴 남자와 대화하는 걸 본 적이 있습니다.{nl}그가 맞다곤 확신할 순 없지만, 그 특유의 향은 절대 잊을 수 없지요.				
QUEST_JOBSTEP_20150317_000214	J'ai entendu dire que vous cherchez quelqu'un qui porte une capuche et dégage une odeur{nl}particulière. {nl}	후드를 눌러 쓰고 특이한 향이 나는 사람을 찾고 계신다고요.{nl}				엘리멘탈리스트 서브 마스터
QUEST_JOBSTEP_20150317_000215	Bien sûr que je m'en souviens. C'était un homme à l'odeur dangereuse. {nl}Il posait des questions sur des matériaux que peu de gens connaissent, alors je l'ai trouvé{nl}étrange. {nl}	물론 기억하고 있습니다. 아주 위험한 냄새를 풍기던 남자였지요.{nl}보통 사람은 잘 모르는 재료에 대해 질문하길래 좀 특이하다고 생각하고 있었습니다만.{nl}				엘리멘탈리스트 서브 마스터
QUEST_JOBSTEP_20150317_000216	Evoniphon... Je ne l'oublierai jamais. 	에보니폰.. 절대로 용서할 수 없어.				레인저 마스터
QUEST_JOBSTEP_20150317_000217	Après avoir brièvement parlé avec le Maître Élémentaliste, il a disparu dans les ténèbres.{nl}Va le voir, je t'en prie.	엘레멘탈리스트 마스터와 짧은 대화를 나눈 뒤 어둠 속으로 사라졌어요.{nl}그에게 가 보시죠.				
QUEST_JOBSTEP_20150317_000218	Comment saurais-je où il se trouve. {nl}Il demandait des matériaux que je n'avais pas, alors je lui ai indiqué où en obtenir. 	그 남자의 행방이야 제가 무슨 수로 알겠습니까만.{nl}저에게 없는 재료를 찾길래 재료를 구할 수 있는 곳을 가르쳐 드렸습니다.				엘리멘탈리스트 서브 마스터
QUEST_JOBSTEP_20150317_000219	Je lui ai dit qu'il pourrait s'en procurer au 3e étage de la Tour du mage.{nl}C'est l'endroit d'où la fameuse escouade de reconnaissance du Maître Rodelero s'est aussi enfuie.	마법사의 탑 3층에서 구할 수 있을 거라 알려드렸습니다.{nl}그 유명한 로델레로 마스터의 정찰 부대도 도망쳐 나온 곳이지요.				
QUEST_JOBSTEP_20150317_000220	Cette odeur... oui, c'est celle d'Evoniphon.{nl}Cela suffira. Je t'enseignerai mes Skills comme promis. 	이 향기.. 그래. 에보니폰의 것이 맞아.{nl}이거면 충분해. 약속대로 나의 기술을 가르쳐 주지.				
QUEST_JOBSTEP_20150317_000221	Oui, c'est bien cette odeur. {nl}Elle était si particulière que je ne pourrais l'oublier même si je le voulais. {nl}	네. 이 향이 맞습니다.{nl}워낙 독특해서 잊으려고 해도 잊을 수가 없지요.{nl}				엘리멘탈리스트 서브 마스터
QUEST_JOBSTEP_20150317_000222	Je recherche les traces d'un homme. Son nom est Evoniphon.{nl}J'ai entendu dire que le Maître Écuyer à Fedimian détient des informations sur lui, alors va le voir, je t'en prie.	어떤 남자의 흔적을 찾고 있어. 이름은 에보니폰.{nl}페디미안의 스콰이어 마스터가 그의 정보를 갖고 있다고 하니 가봐.				
QUEST_JOBSTEP_20150317_000223	Hé, si tu es venu ici pour devenir plus fort, tu es au bon endroit. {nl}Mais rien n'est gratuit. Tu dois me rendre un service. {nl}	여어. 더욱 강해지고 싶어서 찾아온 거라면 잘 찾아왔어.{nl}하지만 맨입으론 어림없고 심부름을 하나 해 줘야겠어. {nl}				
QUEST_JOBSTEP_20150317_000224	Ce n'est pas une grosse tâche. Je veux que tu m'aides pour une de mes expériences...{nl}Commence par vaincre des Drake au 1er étage de la Tour du mage et récolte des catalyseurs de flamme.	뭐 그리 대단한 일은 아냐. 내 실험을 하나 도와줬으면 좋겠는데..{nl}먼저 마법사의 탑 1층에 가서 드레이크를 처치하고 화염 촉매를 모아줘.				
QUEST_JOBSTEP_20150317_000225	Les Drake ne sont en fait rien du tout, le problème c'est que les monstres alentour sont plus dangereux.{nl}Hmm... Courage !	사실 드레이크는 별거 아닌데 주변에 있는 몬스터가 위험하니까 문제지.{nl}음.. 힘내!				
QUEST_JOBSTEP_20150317_000226	Oh, c'est vrai. Tu devrais y arriver facilement si tu veux devenir un Sapeur. {nl}Maintenant, il ne te reste qu'à aider pour l'expérience. 	오, 그렇지. 새퍼를 지망한다면 그 정도는 쉽게 해내는 게 맞겠지?{nl}이제 실험만 도와주면 돼.				새퍼 마스터
QUEST_JOBSTEP_20150317_000227	Bon, c'est plutôt simple. {nl}Vérifie l'efficacité de cette bombe sur les monstres des Bois de Siauliai est.	뭐, 간단한 일이야.{nl}샤울레이 동쪽 숲의 몬스터에게 이 시험용 폭탄이 얼마나 효과가 있는지만 보고 와줘.				새퍼 마스터
QUEST_JOBSTEP_20150317_000228	J'espère que ça marchera cette fois...	이번에야말로 효과가 있었으면 좋겠는데..				새퍼 마스터
QUEST_JOBSTEP_20150317_000229	Ils ont reculé sans trop de dégâts ? {nl}Hmm, quel pourrait être le problème... Je vais devoir tout revérifier depuis le début. {nl}	뒤로는 넘어갔지만 피해는 별로 없었다고?{nl}흠. 대체 뭐가 잘못된 거지.. 처음부터 다시 확인해봐야겠네.{nl}				새퍼 마스터
QUEST_JOBSTEP_20150317_000230	Quoi qu'il en soit, merci. {nl}Tu peux revenir quand tu veux si tu souhaites apprendre mes Skills. 	어쨌든 수고했어.{nl}내 기술을 배우고 싶다면 언제든지 찾아와도 좋아.				
QUEST_JOBSTEP_20150317_000231	Tu veux en apprendre davantage sur les Bokor ? {nl}Alors commence par me rapporter une carte d'un puissant monstre. 	보코르에 대해 자세히 배우고 싶으시다고요.{nl}그렇다면 먼저 강력한 몬스터에게 얻을 수 있는 카드를 가져다주세요. 				
QUEST_JOBSTEP_20150317_000232	Peu importe quelle carte, du moment qu'elle vient d'un puissant monstre. {nl}Ce que tu m'apporteras est déjà décidé. 	강력한 몬스터의 카드라면 어떤 것이든 상관없답니다.{nl}당신이 제게 가져올 카드는 이미 정해져 있으니까요.				보코르 마스터
QUEST_JOBSTEP_20150317_000233	Accompli. Voyageur. Victoire promise. Monde parachevé. {nl}Trouver l'interprétation complète t'appartient.	완성. 나그네. 약속된 승리. 완전한 세계. {nl}완전한 해석은 그대의 몫입니다.				보코르 마스터
QUEST_JOBSTEP_20150317_000234	Parfois, un destin cruel et prédéterminé peut mener vers un avenir sombre. {nl}Je te guiderai sur la voie du Bokor comme promis. 	때로는 정해진 가혹한 숙명이 어두운 미래로 이끌어 갈 수도 있습니다.{nl}약속대로 당신을 보코르의 길로 인도해 드리지요.				
QUEST_JOBSTEP_20150317_000235	Je cherche un chat qui puisse servir de modèle mais je suis vieux et ce n'est pas facile. {nl}Amène-moi un chat convenable et je t'enseignerai mes Skills. 	모델이 되어 줄 고양이를 찾고 있는데 나이 때문에 여간 힘든게 아니라오.{nl}적당한 고양이만 데려와 준다면 내 기술을 가르쳐 드리리다.				
QUEST_JOBSTEP_20150317_000236	Grand-père Tesla veut un chat ? {nl}Il y a plein de chats sur la Place de Klaipeda, mais il ne sera pas facile d'en attraper un sans{nl}nourriture spéciale. 	테슬라 할아버지께서 고양이를요?{nl}클라페다 광장에 널린 게 고양이지만, 특별한 먹이가 아니면 잡기 힘들 거예요.				잡화 상인 미리나
QUEST_JOBSTEP_20150317_000237	J'aime les chats parce qu'ils incarnent l'essentiel. {nl}Les chats possèdent toutes les lignes. 	고양이는 기본이 돼서 좋거든. {nl}모든 선이 고양이에게 있지.				조각가 테슬라
QUEST_JOBSTEP_20150317_000238	Je peux te donner de la nourriture spéciale pour chats afin d'en attraper un. {nl}Si tu retrouves mon père, je te la donnerai gratuitement !	고양이를 잡을 수 있는 특별한 먹이는 제가 드릴 수 있어요.{nl}저희 아버지를 찾아만 주신다면 공짜로 드릴게요!				잡화 상인 미리나
QUEST_JOBSTEP_20150317_000239	Mon père est un marchand qui venait souvent à Fedimian.{nl}Il m'a dit qu'il allait à la Tour du mage pour faire du commerce et il n'est jamais revenu.{nl}	저희 아버지는 페디미안을 오가시는 행상인이세요.{nl}마법사의 탑으로 거래를 하러 가신다고 하시고선, 다신 돌아오지 않으셨어요.{nl}				
QUEST_JOBSTEP_20150317_000240	Un des soldats de Fedimian m'a dit avoir vu les bagages d'un marchand au 3e étage de la Tour du mage.{nl}Tu es la seule personne à qui je puisse demander cette faveur. Je compte sur toi !	페디미안의 병사가 마법사의 탑 3층에서 행상인의 짐을 본 적이 있다고 하더라고요.{nl}지금 부탁할 수 있는 분이 당신밖에 없어요. 꼭.. 부탁할게요!				
QUEST_JOBSTEP_20150317_000241	C'est le symbole que j'avais gravé sur la manche de mon père...{nl}Il est très précieux pour moi. Merci.	이건 제가 아버지 소매에 넣어드린 문양인데..{nl}제겐 너무 소중한 아버지의 유품이네요. 감사합니다.				
QUEST_JOBSTEP_20150317_000242	Je te donnerai la nourriture spéciale pour chats comme promis. {nl}Elle est faite avec ce que les chats aiment, donc ça devrait marcher.	약속대로 특별한 고양이 먹이를 드릴게요.{nl}고양이들이 많이 좋아하는 재료만 넣은 먹이니까 꼭 성공할 거예요.				잡화 상인 미리나
QUEST_JOBSTEP_20150317_000243	Oh oh, c'est bien ce chat. {nl} Comme promis, laisse-moi t'élever à un niveau supérieur. {nl}	오오, 그 고양인게로군.{nl}약속대로 자네를 더 높은 경지로 이끌어 줌세.{nl}				조각가 테슬라
QUEST_JOBSTEP_20150317_000244	J'ai longtemps commercé avec un Marchand d'objets de Klaipeda, alors ils pourraient t'aider. 	클라페다의 도구상인과 오랫동안 거래했으니 자넬 도와줄 수 있을지도 모르겠소.				
QUEST_JOBSTEP_20150317_000245	Je veux que tu fasses quelque chose en échange de l'apprentissage de ma magie. {nl}C'est simple mais un peu dangereux. Veux-tu essayer ? {nl}	내게 마법을 배우는 대가로 네가 해주었으면 하는 일이 있어.{nl}단순한 일이긴 한데 조금 위험해서 말야. 도전해 볼래?{nl}				
QUEST_JOBSTEP_20150317_000246	Il te suffit de déposer ce pot dans la salle de lecture du 1er étage de la Tour du mage.{nl}Le problème, c'est qu'il y a des Chapparition qui montent la garde dans la salle de lecture... Je pense que tu es plus que capable de les vaincre.	마법사의 탑 1층의 열람실에 이 항아리를 놓고 오기만 하면 돼.{nl}문제는 열람실에 버티고 있는 채퍼리션인데.. 너 정도면 분명 처치할 수 있을 거야.				
QUEST_JOBSTEP_20150317_000247	Si tu trouves cela dangereux, sors vite, je t'en prie. {nl}Je n'aurai qu'à trouver un autre disciple. 	위험할 것 같으면 그냥 빨리 도망쳐 나와.{nl}다른 제자를 찾으면 되니까.				파이로맨서 마스터
QUEST_JOBSTEP_20150317_000248	Beau travail. {nl}Je t'enseignerai la pyromancie comme promis. {nl}	수고했어. {nl}약속대로 파이로맨서의 마법을 가르쳐 줄게.{nl}				
QUEST_JOBSTEP_20150317_000249	Je peux te promettre un niveau de puissance supérieur. {nl}Bien sûr, cela ne sera pas gratuit.	저라면 당신께 더 높은 경지의 힘을 약속드릴 수 있습니다.{nl}물론, 그에 따른 수업료는 주셔야겠지요.				
QUEST_JOBSTEP_20150317_000250	Rapporte-moi des Beak of Cockatrice du Ruisseau de cristal, et des Scale of Arma du 3e étage de la Tour du mage, je t'en prie.{nl}Cela ne devrait pas être trop difficile pour toi.{nl}	수정개울에서 코카트리스의 부리를, 마법사의 탑 3층에서 아르마의 비늘을 구해 오세요.{nl}당신 정도라면 어려운 일은 아닐 겁니다.{nl}				
QUEST_JOBSTEP_20150317_000251	Bien joué. {nl}Je t'aiderai à devenir plus fort.	수고하셨습니다.{nl}그대가 더욱 강해질 수 있도록 도와드리지요.				
QUEST_JOBSTEP_20150317_000252	Tu es au bon endroit si tu veux pratiquer une magie plus puissante. {nl}Mais tu ne peux pas apprendre auprès de moi avec une détermination aussi faible.	더 강한 마법을 구사하고 싶다면 잘 찾아왔어.{nl}하지만 내 가르침을 받으려면 그 나약한 마음가짐 가지곤 따라올 수 없어.				위저드 마스터
QUEST_JOBSTEP_20150317_000253	Je vois ta passion, mais qu'en est-il de tes capacités ? {nl}Rapporte-moi un Fragment de Phyracon et une Écaille de Drake vert de la Tour du mage.	열의는 알겠다만 실력은 어떨까?{nl}마법사의 탑에서 피라콘의 조각과 초록 드레이크의 비늘을 가져오는 거야.				위저드 마스터
QUEST_JOBSTEP_20150317_000254	Excellent travail. Mais j'ai encore des doutes. {nl}Je déciderai selon la qualité de ton assistance dans mon travail.	훌륭하군. 하지만 난 좀 까다롭거든. {nl}내 일을 얼마나 잘 보조할 수 있는지에 따라 결정하겠어.				위저드 마스터
QUEST_JOBSTEP_20150317_000255	Je faisais autrefois des recherches sur la magie de défense urbaine et je pense qu'on peut{nl}l'essayer à Fedimian. {nl}Mais pour cela, il me faudra beaucoup de données. {nl}	예전에 연구하던 도시용 방어마법을 페디미안에서도 적용해 볼 수 있을 것 같아.{nl}그러려면 상당히 많은 자료가 필요하거든. {nl}				위저드 마스터
QUEST_JOBSTEP_20150317_000256	Ton travail consiste à utiliser ce parchemin d'enregistrement de données à Fedimian.	네가 할 일은 이 자료 축적용 스크롤을 페디미안에서 사용하고 오는 거야.				위저드 마스터
QUEST_JOBSTEP_20150317_000257	J'ai marqué sur ta carte où tu dois l'utiliser. {nl}Utilise-le à chaque emplacement.	사용해야 할 곳은 지도에 표시해 두었어.{nl}하나도 빼놓지 말고 꼼꼼히 사용해야 해.				위저드 마스터
QUEST_JOBSTEP_20150317_000258	Beau travail. Tu voulais faire passer ta magie au niveau supérieur, n'est-ce pas ? {nl}Je suis très stricte, alors j'espère que tu suivras bien.	수고했어. 더 강력한 마법의 경지를 원한다고 했지?{nl}난 매우 엄격하니까 알아서 잘 따라줬으면 좋겠어.				위저드 마스터
QUEST_JOBSTEP_20150317_000259	Guérir le corps guérit aussi l'âme. {nl}Si tu veux passer au niveau supérieur, alors sers les autres en les soignant.	육신의 상처를 치료하는 것은 영혼의 상처를 치유하는 것이기도 하지요.{nl}그대가 더 높은 경지를 이루고자 한다면 주변 분들에게 치료로 봉사하세요.				클레릭 마스터
QUEST_JOBSTEP_20150317_000260	Il y a encore beaucoup de gens qui ont besoin de soins. {nl}Partage ta bonté avec eux.	아직 치료의 손길이 필요한 분들이 많습니다.{nl}좀 더 그분들께 온정을 베풀어 주세요.				클레릭 마스터
QUEST_JOBSTEP_20150317_000261	La déesse aide ceux qui aident. {nl}Ce n'est peut-être pas grand-chose, mais j'espère pouvoir t'aider à atteindre le niveau supérieur.	여신께선 돕는 자를 도우신답니다.{nl}비록 미흡하지만, 제가 그대의 경지를 이끌어 내는 데 힘이 되었으면 합니다.				클레릭 마스터
QUEST_JOBSTEP_20150317_000262	Cataphractaire...{nl}Je ne suis pas sûr que tu aies la force nécessaire pour apprendre.	캐터프랙트라. {nl}자네에겐 그걸 배울만한 힘이 있는진 잘 모르겠는데.				
QUEST_JOBSTEP_20150317_000263	J'aime ton courage.{nl}Montre tes Skills en vainquant le Sparnasman à Vallon du pavage en losanges. 	패기는 마음에 드는군.{nl}그렇다면 마름포석골의 스파나스맨으로 실력을 보여보게.				
QUEST_JOBSTEP_20150317_000264	Excellent travail. Tu sembles qualifié pour apprendre mes Skills. {nl}Oh, et je m'excuse de t'avoir sous-estimé.	훌륭하군. 이 정도 실력이면 내 기술을 배우기엔 무리가 없겠어.{nl}아, 자네를 얕본 건 사과하겠네.				캐터프랙트 마스터
QUEST_JOBSTEP_20150317_000265	Un Cataphractaire est celui qui se tient en première ligne et combat.{nl}Détruis tout ce qui fait obstacle à l'accomplissement de ta tâche.{nl}Je viens de penser à quelque chose d'approprié.	캐터프랙트는 누구보다 앞에 나서서 싸우는 전사지.{nl}하고자 하는 일에 방해되는 건 전부 뚫어버리면 되는 거야.{nl}마침 적당한 게 하나 떠올랐군.				
QUEST_JOBSTEP_20150317_000266	Des monstres attaquent les voyageurs à la Forêt de l'étendard du couchant.{nl}Il faut éliminer ces monstres dangereux le plus vite possible.{nl}Si tu accomplis la tâche sans problème, je reconnaîtrai ton habileté.	해진깃발숲에 여행객들을 습격하는 몬스터가 있는 모양이야.{nl}그런 위험한 녀석은 한시라도 빨리 없애버리는 게 좋겠지.{nl}이 일을 무사히 처리한다면 너의 실력을 인정해주겠어.				
QUEST_JOBSTEP_20150317_000267	Félicitations pour avoir réussi l'épreuve.	시험에 통과한 것을 축하하네.				
QUEST_JOBSTEP_20150317_000268	Concentre toute ton attention sur un seul point et transperce l'ennemi. {nl}Bien sûr, tu n'es pas encore à ce niveau, alors je me contenterai que tu le vainques.	한 점에 모든 집중을 쏟아부어 적을 궤뚫는 거다.{nl}물론 자네는 아직 그럴 경지는 아니니 해치우기만 해도 인정하겠네.				캐터프랙트 마스터
QUEST_JOBSTEP_20150317_000269	Maître Sorcier	소서러 마스터				
QUEST_JOBSTEP_20150317_000270	Si tu veux apprendre la magie auprès de moi, tu dois me montrer ta puissance. {nl}C'est simple : gagne un duel magique contre moi.	내게 마법을 배우고 싶다면 네 능력이 어느 정도인지를 보여 줘야겠지.{nl}간단해. 나와 마법 대련을 해서 이기면 되는 아주 간단한 룰이야.				소서러 마스터
QUEST_JOBSTEP_20150317_000271	N'aie pas peur. Je me mettrai à ton niveau. {nl}Retrouve-moi sur le terrain vague de la place.	딱 네 수준에 맞춰줄 테니까 너무 겁먹진 마.{nl}아래쪽 광장 공터에서 만나.				소서러 마스터
QUEST_JOBSTEP_20150317_000272	Très bien. Tu sembles assez résistant. {nl}Tu peux venir me voir quand tu veux pour apprendre la magie.	이 정도 능력이면 충분하겠어.{nl}마법을 배우고 싶다면 언제든지 다시 찾아와.				소서러 마스터
QUEST_JOBSTEP_20150317_000273	Maître Nécromancien	네크로맨서 마스터				
QUEST_JOBSTEP_20150317_000274	Les sorts de Nécromancien dévorent celui qui les lance si son âme n'est pas bien entraînée. {nl}Combats-moi et prouve la force de ton âme.	네크로맨서의 주술은 술자의 영혼이 단련되지 않으면 사악한 기운에 잠식되어 버린다.{nl}그대의 영혼이 얼마나 강한지 나와 싸워서 증명해 봐.				네크로맨서 마스터
QUEST_JOBSTEP_20150317_000275	Attends sur le terrain vague de la place.	광장 공터에 가서 기다리고 있어.				네크로맨서 마스터
QUEST_JOBSTEP_20150317_000276	Bon, cela suffit pour commencer. {nl}Je t'enseignerai les sorts des Nécromanciens.	그래 그 정도면 시작은 할 수 있겠어.{nl}이제 네크로맨서의 주술을 전수해 주지.				네크로맨서 마스터
QUEST_JOBSTEP_20150317_000277	Maître Druide	드루이드 마스터				
QUEST_JOBSTEP_20150317_000278	Tu dois d'abord éveiller tes sens si tu veux devenir un Druide. {nl}J'éveillerai tes sens pour qu'ils s'accordent à la nature au moyen d'un duel.	드루이드가 되고 싶다면 그 감각부터 깨워야 할 필요가 있어요.{nl}대련을 통해 자연과 교감할 수 있는 특별한 감각을 일깨워 드리죠.				드루이드 마스터
QUEST_JOBSTEP_20150317_000279	Il n'y a pas assez de place ici, alors retrouve-moi sur le terrain vague de la place.	이곳은 좁으니 광장 공터에서 만나요.				드루이드 마스터
QUEST_JOBSTEP_20150317_000280	Tu possèdes des sens particuliers. {nl}Si je parviens à bien te guider en tant que Druide, ton avenir sera prometteur.	당신은 조금 남다른 감각을 가지고 계시는군요.{nl}제가 드루이드로서 당신을 잘 이끌어 줄 수만 있다면 앞으로가 정말 기대될 거예요.				드루이드 마스터
QUEST_JOBSTEP_20150317_000281	Seul le combat nous rend plus forts. {nl}Fais tes preuves si tu veux apprendre auprès de moi !	전투만이 우릴 강하게 만들어준다.{nl}내게 가르침을 받고 싶다면 네 자격을 증명해라!				
QUEST_JOBSTEP_20150317_000282	Nos méthodes sont simples. {nl}Si tu survis, tu as ce qu'il faut ; sinon, non. {nl}Puisque tu es vivant, tu en es digne.	우리의 방식은 단순하다.{nl}살아있으면 자격이 있는 거고, 죽으면 없는 거지.{nl}넌 살아 있으니 자격은 충분하다.				
QUEST_JOBSTEP_20150317_000283	Si tu es qualifié, je ferai passer ton mana au niveau supérieur en tant que Lieur. {nl}Peu importe quelle magie. Je te mettrai à l'épreuve par un duel.	자격이 충분하다면 링커로서 당신의 마나의 질을 더 높여드리지요.{nl}어떤 마법이든 상관없어요. 대련을 통해 당신을 직접 시험해 보죠.				
QUEST_JOBSTEP_20150317_000284	Je t'ai testé à ton niveau et tu sembles qualifié. {nl} Comme promis, je t'aiderai à affiner ton mana.	당신의 수준에 맞춰서 시험해봤는데, 이 정도면 충분하네요.{nl}약속대로 당신의 마나를 좀 더 예리하게 갈고 닦는 데 도움을 드리지요.				링커 서브 마스터
QUEST_JOBSTEP_20150317_000285	Les Chasseurs ne parlent qu'avec des flèches. {nl}Je me mettrai à ton niveau, alors si tu veux apprendre auprès de moi, {nl}tu dois me vaincre.	헌터는 오로지 활로만 말합니다.{nl}당신의 수준에 맞춰 드릴 테니 저에게 가르침을 받고 싶다면 절 꺾어보시죠.				
QUEST_JOBSTEP_20150317_000286	Tu as gagné ce duel. {nl}Je t'entraînerai comme promis.	이 대련은 당신이 이겼습니다.{nl}약속대로 당신을 단련시켜 드리지요.				헌터 마스터
QUEST_JOBSTEP_20150317_000287	Tu dois avoir de la force si tu veux apprendre l'épée du Highlander. {nl}Montre-moi ce que tu vaux. {nl}{nl}	하이랜더의 검을 배우겠다면 그만큼의 실력도 갖추어져야 한다.{nl}내게 그대의 실력을 보여라.{nl}{nl}				
QUEST_JOBSTEP_20150317_000288	Je constate que tu as la bravoure et la force qui conviennent à un Highlander. {nl}Je t'élèverai au niveau supérieur avec l'honneur de devenir un Highlander.	그대에겐 용기와 그에 걸맞은 실력이 있음을 인정하겠다.{nl}하이랜더의 명예를 걸고 그대를 더 높은 검의 경지로 이끌어 주겠다.				하이랜더 마스터
QUEST_JOBSTEP_20150317_000289	J'ai entendu dire que le Sparnasman de Vallon du pavage en losanges menace les gens.{nl}Ce ne sera pas facile, mais cela suffira à éprouver tes Skills. 	마름포석골의 스파나스맨이 사람들에게 위협을 가하고 있다고 한다.{nl}쉽지 않은 상대겠지만, 그대의 실력을 가늠하기 충분할 것이다.				
QUEST_JOBSTEP_20150317_000290	Quand tu portes un bouclier, ton courage est important car tu ne dois pas esquiver l'attaque de l'ennemi, mais la lui renvoyer.{nl}Avant d'apprendre auprès de moi, tu dois me montrer à quel point tu es brave.{nl}{nl}	방패를 들었다면 적의 공격을 피하지 않고 받아쳐야 하기 때문에 담력이 중요합니다.{nl}제게 가르침을 받기 전에 당신이 얼마나 대범한지를 보여주셔야겠습니다.{nl}{nl}				
QUEST_JOBSTEP_20150317_000291	Vaincs les Chapparition au 1er étage de la Tour du mage.{nl}Cette atmosphère lugubre suffira à éprouver ton courage.	마법사의 탑 1층의 채퍼리션을 처치하십시오.{nl}그 음산함은 그대의 담력을 시험하는데 적합할 것입니다.				
QUEST_JOBSTEP_20150317_000292	Je comprends ta bravoure grâce à cela. {nl}Fais toujours honneur à ton bouclier.	이걸로 그대의 용맹은 잘 알겠습니다.{nl}앞으로도 자신의 방패에 부끄럽지 않은 모습을 보여주도록 하십시오.				펠타스타 마스터
QUEST_JOBSTEP_20150317_000293	La sincérité est la force d'un Krivis. {nl}Prouve ta sincérité au moyen d'un duel contre moi.	형제여. 신실함은 곧 크리비의 힘일세.{nl}그대의 신실함을 대련으로써 증명하게.				
QUEST_JOBSTEP_20150317_000294	Le duel se déroulera dans ma salle d'entraînement. {nl}Je t'y retrouverai.	대련 장소는 하이랜더 마스터의 도장에서 진행하도록 하지.{nl}거기서 보세나.				크리비 마스터
QUEST_JOBSTEP_20150317_000295	Ta sincérité est aussi solide que des piliers de pierre. {nl}Je te mènerai à un niveau supérieur comme promis.	형제의 신실함은 굳건한 돌기둥과 같구려.{nl}약속대로 더 높은 경지로 인도해 드리겠네.				
QUEST_JOBSTEP_20150317_000296	La foi d'un Prêtre doit être inébranlable, quoi qu'il arrive. {nl}Je t'éprouverai par un duel pour voir la force de ta foi. {nl}	프리스트는 어떤 상황에서도 신앙심에 흔들림이 없어야 합니다.{nl}당신의 신앙심이 극한의 상황 속에서도 굳건할 수 있을지 대련으로 시험하겠습니다.{nl}				
QUEST_JOBSTEP_20150317_000297	Le duel se déroulera dans ma salle d'entraînement. {nl}Vas-y en premier.	대련장은 하이랜더 마스터의 도장에 잡아두었습니다.{nl}먼저 가 계십시오.				프리스트 마스터
QUEST_JOBSTEP_20150317_000298	Je vois que ta foi est forte en apparence mais au fond de toi, je perçois encore de l'hésitation. {nl}	당신의 신앙심은 겉으론 굳건하나 마음속 깊은 곳에선 주저함이 보이는군요.{nl}				프리스트 마스터
QUEST_JOBSTEP_20150317_000299	Rejette l'hésitation et remplis ce vide de la grâce de la déesse. {nl}Je t'aiderai à atteindre un niveau supérieur grâce à cette grâce.	주저함을 버리시고 여신의 은총으로 채우십시오.{nl}은총을 통해 더 높은 경지에 들어설 수 있도록 도와드리겠습니다.				
QUEST_JOBSTEP_20150317_000300	Un Épéiste doit brandir son épée sans hésitation. {nl}L'hésitation est une faille dans le cœur. L'ennemi cherchera toujours cette faille. {nl}	우리 소드맨이 휘두르는 검에는 절대 망설임이란 있을 수 없단다.{nl}망설임이란 마음의 틈. 적은 언제나 그 틈을 노려오고 있지.{nl}				소드맨 마스터
QUEST_JOBSTEP_20150317_000301	Il y a un Minotaure au 3e étage de la Tour du mage. {nl}Combats-le et rejette toute hésitation de l'épée.	마법사의 탑 3층에 가면 미노타우로스가 있단다.{nl}그 몬스터를 상대하며 검의 망설임을 털어버리거라.{nl}				소드맨 마스터
QUEST_JOBSTEP_20150317_000302	L'hésitation est une faiblesse dangereuse. {nl}J'espère que tu parviendras à le comprendre.	망설임은 매우 위험한 틈이지.{nl}그걸 깨달을 수 있다면 좋겠구나.				소드맨 마스터
QUEST_JOBSTEP_20150317_000303	Très bien... Tu as ce qu'il faut pour progresser davantage. {nl}Continue à te consacrer à l'entraînement.	그래.. 그 정도 수준이면 좀 더 발전할 여지가 있겠어.{nl}앞으로도 더 열심히 수련에 정진하거라.				소드맨 마스터
QUEST_JOBSTEP_20150317_000304	Maître Centurion	센츄리온 마스터				
QUEST_JOBSTEP_20150317_000305	La voie du Centurion n'est en rien une voie facile à emprunter. {nl}Mais c'est une autre histoire si tu gagnes un duel contre moi. Qu'en dis-tu ?	센츄리온이라. 결코 쉽지 않은 길일세.{nl}하지만 나와의 대련에서 실력을 인정받는다면 이야기는 달라지겠지. 어떤가.				센츄리온 마스터
QUEST_JOBSTEP_20150317_000306	Le duel se déroulera sur le terrain vague de la place, alors vas-y en premier.	대련은 광장 공터에서 할 테니 먼저 가 있게.				센츄리온 마스터
QUEST_JOBSTEP_20150317_000307	Cela suffit. {nl}Je prendrai la responsabilité de t'enseigner.	그 정도면 충분하네.{nl}자네는 내가 책임지고 가르쳐 주도록 하지.{nl}				센츄리온 마스터
QUEST_JOBSTEP_20150317_000308	Les Sadhu s'entraînent en fortifiant leur âme. {nl}Je vérifierai par un duel... si ton âme est suffisamment préparée pour suivre notre entraînement.	사두의 수련은 자신의 영혼을 강인하게 단련하는 것부터 시작합니다.{nl}당신의 영혼은 저희의 수련을 받아들일 준비가 되었는지.. 대련으로 확인하겠습니다.				사두 마스터
QUEST_JOBSTEP_20150317_000309	Affrontons-nous sur le terrain vague de la place.{nl}Je m'adapterai à ton niveau, alors ne t'inquiète pas trop.	대련은 광장 공터에서 하도록 하지요.{nl}당신의 수준에 맞춰 드릴 테니 너무 걱정하지 마세요.				
QUEST_JOBSTEP_20150317_000310	Je perçois ta volonté. {nl}Bienvenue chez les Sadhu.	당신의 의지는 잘 알겠습니다.{nl}사두로의 입문을 축하드리겠습니다.				사두 마스터
QUEST_JOBSTEP_20150317_000311	Maître Hackapell	하카펠 마스터				
QUEST_JOBSTEP_20150317_000312	C'est bien que tu veuilles apprendre mes techniques de combat, mais je dois d'abord évaluer tes{nl}capacités. {nl}J'ai besoin de connaître tes faiblesses pour pouvoir t'enseigner.	내 전투기술을 배우고 싶은건 좋으나 그 전에 자네의 기량을 확인할 필요가 있겠어.{nl}뭐가 부족한지를 알아야 자네를 가르칠 것 아닌가?				하카펠 마스터
QUEST_JOBSTEP_20150317_000313	Je te retrouverai sur le terrain vague de la place. {nl}Vas-y en premier.	아래쪽 광장 공터에서 보도록 하지.{nl}먼저 가 있게.				하카펠 마스터
QUEST_JOBSTEP_20150317_000314	Cela semble suffisant. {nl}Un entraînement rude va maintenant commencer.	이만하면 충분한 것 같군.{nl}이제부터 혹독한 훈련이 시작될 거야.				하카펠 마스터
QUEST_JOBSTEP_20150317_000315	Maître Wugushi	무고사 마스터				
QUEST_JOBSTEP_20150317_000316	Les Wugushi n'hésitent pas à utiliser le poison. {nl}Avant que tu n'apprennes quoi que ce soit, je te montrerai comment nous combattons. {nl}Flèches ou fusils à air, je te le montrerai par tous les moyens.	우리 무고사들은 독을 쓰는 것을 주저하지 않아.{nl}가르침을 받기 전에 어떻게 싸우는지 보여 줄게. 활이든 바람총이든 다 꺼내서 보여 줄 테니까.{nl}				
QUEST_JOBSTEP_20150317_000317	Retrouvons-nous sur le terrain vague de la place. {nl}Cet endroit est trop petit, d'autres pourraient être blessés.	광장 공터에서 만나자.{nl}여긴 너무 좁아서 다른 사람이 맞기라도 한다면..				
QUEST_JOBSTEP_20150317_000318	Tu as vu ça ? Voilà comment combattent les Wugushi. {nl}Tu devras te débarrasser de ta culpabilité à employer des méthodes déloyales si tu veux devenir{nl}un Wugushi.	봤지? 이게 바로 무고사의 싸움법이야.{nl}앞으로 무고사가 되겠다면 비겁한 방법을 썼다는 죄책감은 버려야 해.				무고사 서브 마스터
QUEST_JOBSTEP_20150317_000319	Si tu veux vraiment devenir un Rodelero, réexamine ton bouclier. {nl}Quand j'ai choisi la voie du Rodelero, j'ai commencé par obtenir un bouclier de niveau 6.	네가 정말 로델레로가 되고 싶다면 자신의 방패부터 다시 살펴봐.{nl}내가 로델레로의 길을 선택했을 때는 6단계의 방패를 구하는 것부터 시작했지.				
QUEST_JOBSTEP_20150317_000320	Prépare un bouclier de niveau 6. {nl}J'ai besoin d'évaluer au moins ta volonté.	6단계로 강화된 방패 정도는 준비하게.{nl}최소한의 의지는 확인해야 하지 않겠나.				
QUEST_JOBSTEP_20150317_000321	Tu fais preuve de persévérance, contrairement au reste de la jeunesse actuelle. {nl}Passe me voir quand tu veux apprendre.	요즘 젊은이들답지 않게 뚝심 있어서 좋군.{nl}가르침을 받으러 얼마든지 찾아 오게.				로델레로 마스터
QUEST_JOBSTEP_20150317_000322	Je fais confiance à mon jugement plus qu'à quiconque. {nl}Je vérifierai par un duel si tu as ce qu'il faut pour rejoindre les Écuyers.	저는 그 누구보다도 자신의 판단을 신뢰합니다.{nl}당신이 스콰이어로서 함께 할 자격이 있는지 대련으로 직접 확인할 겁니다.				스콰이어 마스터
QUEST_JOBSTEP_20150317_000323	L'épée est plus tranchante quand on croit en soi.	자기 자신을 믿고 나아갈 때 검은 더욱 날카로워질 것입니다.				스콰이어 마스터
QUEST_JOBSTEP_20150317_000324	Je vois tes Skills. {nl}J'espère que tu deviendras encore plus grand désormais grâce à mon enseignement.	당신의 실력은 잘 알겠습니다. {nl}제 가르침을 통해 앞으로도 훌륭한 모습을 보여주시길 바랍니다.				스콰이어 마스터
QUEST_JOBSTEP_20150317_000325	Maître Thaumaturge	쏘마터지 마스터				
QUEST_JOBSTEP_20150317_000326	La magie du Thaumaturge est l'une des plus difficiles, mais je peux bien te guider. {nl}Rends-moi un service et je te guiderai sur la voie du Thaumaturge.	쏘마터지의 마법은 매우 어려운 마법 중의 하나이지만 저라면 잘 이끌어 드릴 수 있어요.{nl}제 부탁을 들어주신다면 당신을 쏘마터지의 길로 인도해 드릴게요.				
QUEST_JOBSTEP_20150317_000327	De nombreux documents de recherche ont été laissés par les magiciens à la Tour du mage quand ils ont fui la tour.{nl}Rapporte-moi les documents de recherche du 3e étage de la Tour du mage, je t'en prie.	마법사의 탑에 있던 마법사들이 도망치면서 두고 온 연구 자료들이 꽤 많은 모양이에요.{nl}마법사의 탑 3층에서 연구 자료를 가져다주세요.				
QUEST_JOBSTEP_20150317_000328	Tu as terminé plus vite que je ne l'espérais.{nl}C'est bien. Je t'aiderai à faire émerger les capacités du Thaumaturge en toi.	생각보다 빨리 끝냈네요?{nl}좋아요. 제가 당신 곁에서 쏘마터지의 능력을 이끌어 낼 수 있도록 도울 거예요.				
QUEST_JOBSTEP_20150317_000329	Laisse de côté les théories ennuyeuses et passe au véritable combat. {nl}C'est une mission simple. Retourne d'où tu viens si tu ne souhaites pas l'accomplir.	지루한 이론은 접어 두고, 실전에 들어가 보지요.{nl}간단한 과제입니다. 응할 마음이 없다면 이만 돌아가 주세요.				엘리멘탈리스트 서브 마스터
QUEST_JOBSTEP_20150317_000330	Récolte les fluides corporels des Slime et des fragments d'os des Hallowventer au Ruisseau de cristal, je t'en prie,{nl}et pour finir active le noyau des Golem de tombe à Vallon de l'arbre restant.	마법사의 탑 2층에 있는 슬라임의 체액. 수정개울에 있는 할로우벤터의 뼛조각. {nl}마지막으로 머무르는 나뭇골에서 묘지 골렘의 구동핵을 구해 오십시오.				
QUEST_JOBSTEP_20150317_000331	Beau travail. {nl}Puisque tu as accompli ta mission, commençons le duel sans attendre.	훌륭하군요.{nl}과제를 수행해 오셨으니 원하신다면 바로 수련을 시작하지요.				
QUEST_JOBSTEP_20150317_000332	Maître Éclaireur	스카우트 마스터				
QUEST_JOBSTEP_20150317_000333	Être un Éclaireur ne signifie pas seulement exceller à se cacher et à s'infiltrer. {nl}Il faut aussi des Skills de combat pour être un véritable Éclaireur. {nl}	스카우트라고 은신과 잠입에만 능하란 법은 없어.{nl}어느 정도 전투기술도 갖추고 있어야 진정한 스카우트지.{nl}				스카우트 마스터
QUEST_JOBSTEP_20150317_000334	Fais tes preuves dans un duel contre moi, puis je t'enseignerai mes techniques secrètes.	나와 대련해서 네 실력을 증명한다면, 내 비장의 기술들을 전수해 주겠어.				
QUEST_JOBSTEP_20150317_000335	Tu as de plutôt bons sens. {nl}Mais mon entraînement ne se fait pas au seul instinct, alors tiens le rythme.	꽤 감이 좋은 친구네.{nl}하지만 내 지도는 감 같은 걸로 대충 넘기는 건 없으니까 정신 바짝 차리고 따라와.				스카우트 마스터
QUEST_JOBSTEP_20150317_000336	Maître Paladin	팔라딘 마스터				
QUEST_JOBSTEP_20150317_000337	Nous avons suivi la déesse et combattu pour la justice et la foi.{nl}Si tu veux vraiment apprendre auprès des Paladins, tu dois prouver ta foi.	우리는 항상 여신의 뜻에 따라 정의와 신념을 위해 싸워 왔네.{nl}자네가 진정 팔라딘의 가르침을 원한다면 스스로의 신앙을 증명해야 할 걸세.				팔라딘 마스터
QUEST_JOBSTEP_20150317_000338	Le Sparnasman de Vallon du pavage en losanges sera à la hauteur de ta réputation. {nl}Montre-nous la puissance du chevalier au service des déesses, je t'en prie.	자네 정도의 명성이라면 마름포석골에 있는 스파나스맨이면 되겠지..{nl}여신을 섬기는 기사의 힘이란 어떤 것인지 본보기를 보여 주게.				
QUEST_JOBSTEP_20150317_000339	Au moins tu ne bluffais pas. {nl}Bien. Tu es autorisé à apprendre en tant que Paladin.	적어도 허풍쟁이는 아니었던 모양이군.{nl}좋네. 팔라딘의 가르침을 받는 것을 허락하도록 하지.				팔라딘 마스터
QUEST_JOBSTEP_20150317_000340	Ainsi tu veux apprendre auprès des Highlanders. {nl}Très bien. Mais il y a une condition.	하이랜더의 가르침을 받고 싶은 게로군.{nl}좋다. 허나 조건이 있다.				하이랜더 마스터
QUEST_JOBSTEP_20150317_000341	Tu es le renfort envoyé par le Maître Highlander. {nl}C'est urgent, alors j'irai droit au but.	하이랜더 마스터님의 지원이군요.{nl}사안이 급하니 요점만 말씀해 드리지요.				펠타스타 마스터
QUEST_JOBSTEP_20150317_000342	Il y a un problème à la Mine de cristal et Commandant Uska nous a demandé du renfort. {nl}Mais nous, les Peltastes, n'avons pas le temps en ce moment.{nl}	수정광산에서 문제가 발생하여 기사단장 우스카님께서 저희에게 요청을 부탁하셨습니다. {nl}허나 저희 펠타스타도 도저히 틈이 안 나는 상황입니다.{nl}				펠타스타 마스터
QUEST_JOBSTEP_20150317_000343	Je veux donc que tu aides Commandant Uska à notre place.	그러니 저희 대신 그대가 기사단장 우스카님을 지원해 주셨으면 합니다.				펠타스타 마스터
QUEST_JOBSTEP_20150317_000344	Un serment est important. {nl}Je ne peux accepter rien qui brise la confiance dans l'état de confusion actuel.	맹약은 중요하다.{nl}이 혼란스러운 시대에 서로 간의 신뢰에 금이 가는 일은 용납할 수 없다.				하이랜더 마스터
QUEST_JOBSTEP_20150317_000345	Je pensais que ce serait difficile, même en demandant du renfort. {nl}Mais nous sommes maintenant soulagés que ce soit toi le renfort.	펠타스타 마스터님께 부탁하면서도 무리가 아닌가 싶었습니다만.{nl}지원 병력이 당신이라니 저희도 든든합니다.				기사단장 우스카
QUEST_JOBSTEP_20150317_000346	L'honneur des Highlanders et des Peltastes est en jeu. {nl}Aide Commandant Uska, je t'en prie.	하이랜더와 펠타스타의 명예가 걸린 일입니다.{nl}우스카님을 잘 도와주십시오.				펠타스타 마스터
QUEST_JOBSTEP_20150317_000347	Des rumeurs disent qu'un énorme monstre rôde au 2e étage de la Mine de cristal. {nl}Les mines sont une industrie importante pour Klaipeda, nous ne pouvons donc pas rester les{nl}bras croisés. {nl}	수정광산 2층에 거대한 몬스터가 배회하고 있다는 소문이 돌고 있습니다.{nl}허나 수정광산이 클라페다의 주요 산업인 만큼 언제까지고 정지된 상태로 놔둘 수도 없는 일입니다.{nl}				기사단장 우스카
QUEST_JOBSTEP_20150317_000348	Va donc inspecter le 2e étage de la Mine de cristal et élimine la source de ces rumeurs, je t'en{nl}prie.	그러니 수정광산 2층을 조사해 주시고 소문의 원흉을 없애 주십시오.				기사단장 우스카
QUEST_JOBSTEP_20150317_000349	La sécurité des villageois est en jeu. {nl}Fouille les lieux minutieusement, je t'en prie.	마을 주민의 안전이 걸린 일입니다.{nl}확실한 조사를 부탁드리겠습니다.				기사단장 우스카
QUEST_JOBSTEP_20150317_000350	Je n'arrive pas à croire qu'il reste encore de telles créatures...{nl}C'est un soulagement que personne n'ait été blessé. {nl}Nous devrions envisager d'envoyer les troupes d'élite jusqu'à ce que la Mine de cristal soit{nl}stabilisée.	아직도 그런 녀석이 날뛰고 있었다니.. 인명피해가 없어서 정말 다행입니다.{nl}광산이 안정될 때까지는 정예 병사들도 함께 파견하도록 고려해야겠군요.				기사단장 우스카
QUEST_JOBSTEP_20150317_000351	Quoi qu'il en soit, merci pour ton travail acharné et transmets mes remerciements au Maître{nl}Highlander. {nl}Je remercierai le Maître Peltaste quand je la verrai bientôt.	어쨌든 정말 수고하셨습니다. 하이랜더 마스터께 감사하다고 전해 주십시오.{nl}펠타스타 마스터께는 곧 찾아뵐 일이 있으니 제가 직접 전하겠습니다.				기사단장 우스카
QUEST_JOBSTEP_20150317_000352	Beau travail. Maintenant les Peltastes me doivent encore une faveur.{nl}Je te guiderai comme le Maître Highlander l'a promis.	수고했다. 이로써 펠타스타에게 받아야 할 빚이 늘었군.{nl}약속대로 하이랜더 마스터로서 자네를 이끌어 주겠다.				하이랜더 마스터
QUEST_JOBSTEP_20150317_000353	On dirait que je reçois souvent ton aide. {nl}Continue à veiller sur Klaipeda à l'avenir, je t'en prie.	마스터님들과는 별개로 번번이 당신께 도움을 받는군요.{nl}앞으로도 클라페다를 잘 부탁드립니다.				기사단장 우스카
QUEST_JOBSTEP_20150317_000354	Tu veux apprendre auprès de moi ? {nl}Très bien, je t'accepterai si tu me rends un service.	제게 가르침을 받으시겠다고요.{nl}좋습니다. 제 의뢰를 해결해 주시는 조건으로 승낙하지요.				펠타스타 마스터
QUEST_JOBSTEP_20150317_000355	Est-ce le Maître Peltaste qui t'a envoyé ? {nl}S'il s'agit du bouclier, je suis déjà au courant.	펠타스타 마스터가 보냈는가. {nl}방패에 대한 건이라면 나도 알고 있다.				하이랜더 마스터
QUEST_JOBSTEP_20150317_000356	Si nous ne recevons pas les fournitures, nous n'avons pas à tenir notre serment envers les{nl}Highlanders. {nl}De plus, notre confiance sera rompue.	약속된 보급을 받지 못한다면 우리로서는 하이랜더와의 맹약을 지킬 일도 없습니다.{nl}게다가 서로의 신뢰에도 금이 가겠지요.				펠타스타 마스터
QUEST_JOBSTEP_20150317_000357	J'aurais dû envoyer une lettre d'excuses mais je n'ai pas pu. {nl}Un client va bientôt donner des nouvelles, alors patiente un moment.	사과의 서한이라도 보냈어야 했는데 미처 챙기지 못해 미안하군.{nl}곧 거래처에서 기별이 올 것이니 잠시 기다려 보게.				하이랜더 마스터
QUEST_JOBSTEP_20150317_000358	Combien de fois cela s'est-il produit !{nl}Je suis désolé, mais va voir le Maître Empenneur et découvre ce qui s'est passé, je t'en prie.{nl}Rends-toi à Vallon de l'arbre restant.	이게 도대체 몇 번째란 말인가!{nl}미안하지만 자네가 직접 플레쳐 마스터에게 가서 어찌 된 일인지 알아봐 주게.{nl}머무르는 나뭇골으로 가면 될 것이네.				
QUEST_JOBSTEP_20150317_000359	Maître Empenneur	플레쳐 마스터				
QUEST_JOBSTEP_20150317_000360	Viens-tu de Klaipeda ? {nl}Tu n'y arriveras pas même en me pressant. Retourne d'où tu viens.	클라페다에서 오셨소.{nl}아무리 재촉해도 안 되는 건 안 되오. 돌아가시오.				플레쳐 마스터
QUEST_JOBSTEP_20150317_000361	Ne m'as-tu pas entendu ? {nl}Il faudra longtemps avant que ton tour arrive.	말귀를 못 알아 듣소?{nl}주문이 밀려서 당신들 차례는 한참 뒤란 말이오.				플레쳐 마스터
QUEST_JOBSTEP_20150317_000362	Je n'ai pas été aussi furieux depuis que cet arbre a emporté mon atelier dans le ciel, il y a quatre{nl}ans lors de Medzio Diena.	4년 전, 그놈의 나무 때문에 내 공방이 하늘 높이에 매달아 버린 뒤로 이렇게 화가 나는 일은 처음이오.				플레쳐 마스터
QUEST_JOBSTEP_20150317_000363	Tu t'en es débarrassé ? Voilà une excellente nouvelle. {nl}Une excuse de moins pour les marchands paresseux de Fedimian.	해치웠소? 속이 다 시원하군.{nl}이제 게으른 페디미안의 상인들 핑계도 하나 사라졌겠어.				플레쳐 마스터
QUEST_JOBSTEP_20150317_000364	Je pourrai envoyer le reste bientôt, comme promis. {nl}Tu peux repartir maintenant. J'ai besoin de me concentrer.	약속대로 빠른 시일 내에 나머지 물건들을 보낼 수 있을 거요.{nl}이제 그만 돌아가시오. 작업에 집중해야 하니.				플레쳐 마스터
QUEST_JOBSTEP_20150317_000365	Je peux entretenir de bonnes relations avec les Highlanders grâces à ton aide. {nl}Je te guiderai comme le Maître Peltaste l'a promis.	당신 덕에 하이랜더와의 관계를 계속 유지할 수 있게 되었습니다.{nl}약속대로 펠타스타 마스터로서 제가 당신을 이끌어 드리겠습니다.				펠타스타 마스터
QUEST_JOBSTEP_20150317_000366	J'enverrai mon disciple au Maître Highlander, alors ne t'en soucie pas.	하이랜더 마스터에겐 따로 제자를 보낼 테니 그 부분은 걱정하지 마시오.				플레쳐 마스터
QUEST_JOBSTEP_20150317_000367	C'est émouvant de voir que quelqu'un veut apprendre auprès d'une personne comme moi. {nl}Très bien, si tu récupères mes affaires, je t'enseignerai les Skills du Corsaire.	이런 나에게도 뭘 배우겠다는 사람이 있다니 감동적이군.{nl}좋아. 내 물건들을 되찾아 준다면 커세어의 기술을 가르쳐 주지.				
QUEST_JOBSTEP_20150317_000368	Cet imbécile de second a tout emporté et s'est enfui vers la Grande cathédrale.{nl}Les monstres les ont peut-être. Je l'espère.	멍청한 부선장이 몽땅 챙겨서 대성당으로 도망갔어.{nl}어쩌면 몬스터가 가지고 있을지도 모르지. 그랬으면 좋겠군.				
QUEST_JOBSTEP_20150317_000369	Ça, c'est du travail ! {nl}Je t'enseignerai les Skills d'un Corsaire, comme promis.	기가 막히는구만!{nl}약속대로 커세어의 기술에 대해 가르쳐 주겠어.				커세어 마스터
QUEST_JOBSTEP_20150317_000370	Combats de toutes tes forces. Je te montrerai comment combattre à l'épée et au bouclier. {nl}Souviens-toi que cela dépend de tes capacités : t'enseigner ou t'abandonner.	최선을 다해 덤벼라. 검과 방패로 어떻게 싸우는지 보여 주지.{nl}네 실력 여하에 따라 내가 널 가르칠 수도, 내칠 수도 있다는 것을 알아둬.				
QUEST_JOBSTEP_20150317_000371	Penses-tu le contraire même quand ton mieux ne suffit pas ?	최선을 다해 덤벼도 모자를 판에 한눈을 팔 셈인가?				
QUEST_JOBSTEP_20150317_000372	Tu as une mauvaise habitude. Mais elle peut être corrigée. {nl}J'enseigne avec rigueur, alors prépare-toi.	나쁜 버릇이 몸에 배 있군. 하지만 개선의 여지는 있어.{nl}내 가르침은 엄격하니까 단단히 각오해야 할 거야.				
QUEST_JOBSTEP_20150317_000373	T'enseigner des Skills ne posera aucun problème pourvu que tu me rendes un service. {nl}	내 부탁을 들어 준다면야 기술을 가르쳐 주는 건 어렵지 않지.{nl}				아처 마스터
QUEST_JOBSTEP_20150317_000374	J'ai demandé quelque chose au Maître Empenneur mais je n'ai encore aucune nouvelle. {nl}Je veux que tu vérifies. Je m'inquiète plus pour la personne que pour la chose...	플레쳐 마스터께 부탁한 물건이 있는데 아직도 소식이 없거든.{nl}네가 한번 들러줬으면 좋겠어. 물건보다도 사람이 걱정되어서 말이지..				아처 마스터
QUEST_JOBSTEP_20150317_000375	Le Maître Archer s'inquiétait ? Je vais bien. {nl}S'il y a un problème, c'est que les matériaux ne suivent pas ma vitesse de fabrication.	아처 마스터가 걱정했다 하셨소? 난 아무 문제없소. {nl}문제가 있다면 재료가 내 제작 속도를 못 따라 오는 게 문제지.				플레쳐 마스터
QUEST_JOBSTEP_20150317_000376	Bon, il est soupe au lait alors... Occupe-t'en, je t'en prie.	워낙 괄괄하신 분인지라.. 알아서 처신 부탁할게.				아처 마스터
QUEST_JOBSTEP_20150317_000377	Je pense que ce sera bientôt terminé si tu récoltes de bonnes pierres sur le Voie de pénitence de{nl}la cathédrale. {nl}Une centaine et demie suffira, je te donnerai un sac pour les transporter.	자네가 대성당의 참회로에 가서 질 좋은 숫돌을 모아오면 금방 끝날 것 같소.{nl}한 150개 정도면 될 거요. 가방은 내가 내어 주지.				플레쳐 마스터
QUEST_JOBSTEP_20150317_000378	J'aimerais qu'il existe un puits d'où couleraient les matériaux. {nl}C'est le vœu de toute ma vie.	주변에 재료가 솟아나는 샘이라도 있었으면 좋겠소.{nl}내 평생소원이요.				플레쳐 마스터
QUEST_JOBSTEP_20150317_000379	Un Golem ? C'est étrange. {nl}Peut-être que la déesse a aidé.{nl}	골렘이? 거참 희한하군. {nl}여신께서 도왔나 보오.{nl}				플레쳐 마스터
QUEST_JOBSTEP_20150317_000380	Terminé. Prends-le. {nl}Transmets mes salutations au Maître Archer.	다 됐소. 가져가시오.{nl}아처 마스터에게 안부나 전해 주시오.				플레쳐 마스터
QUEST_JOBSTEP_20150317_000381	J'allais justement t'envoyer faire une course. Désolé pour les Golem. {nl}Quoi qu'il en soit, je te transmettrai mes Skills comme promis.	골렘이라니, 그냥 심부름만 시킬 생각이었는데 미안하군.{nl}어쨌든 약속대로 기술을 전수해 줄게.				아처 마스터
QUEST_JOBSTEP_20150317_000382	Je n'ai rien à faire avec toi. {nl}Je suis occupé. Retourne d'où tu viens.	이제 일 없소.{nl}바쁘니 그만 돌아가시오.				플레쳐 마스터
QUEST_JOBSTEP_20150317_000383	Tu es venu apprendre les Skills d'un Rôdeur, n'est-ce pas ? {nl}J'y réfléchirai si tu me rends un service.	레인저의 기술을 배우고 싶어 날 찾아온 거지?{nl}내 의뢰를 수락해 준다면 좋은 쪽으로 생각해 보겠어.				레인저 마스터
QUEST_JOBSTEP_20150317_000384	Je n'arrive pas à saisir ce que font les Evoniphon.{nl}Je suis sûre que ce n'est rien de bon mais je ne peux même pas deviner leurs objectifs, ça me{nl}rend furieuse.	에보니폰이 무슨 짓을 하고 돌아다니는지 갈피를 잡을 수 없어.{nl}분명 좋지 않은 일이라는 건 확실하지만, 목적조차도 짐작할 수가 없으니 화가 나.				레인저 마스터
QUEST_JOBSTEP_20150317_000385	Voilà donc les échantillons. Ils feront très bien l'affaire pour notre marché. {nl}Très bien, je t'aiderai à devenir plus fort.	이게 그 샘플들이군. 이걸로 거래 조건은 충족됐어.{nl}좋아. 내가 책임지고 널 더 강하게 만들어 주지. 				레인저 마스터
QUEST_JOBSTEP_20150317_000386	Tu veux apprendre mes Skills ? {nl}J'y réfléchirai si tu me rapportes l'arbre que je cherche.	나의 기술을 배우고 싶소?{nl}댁이 내가 찾는 나무를 구해 준다면 생각해 보리다.				
QUEST_JOBSTEP_20150317_000387	Les monstres transportent des arbres d'apparence crasseuse à Carrefour du faux-semblant.{nl}Quand tu les frappes, certains émettent un son clair. Rapporte-moi ceux-là. 	가식의 교각로에 있는 몬스터들이 들고 다니는 꼬질꼬질한 나무가 있소.{nl}그걸 톡톡 두들겨보면 맑은소리가 나는 나무가 있지. 그걸 가져다 주시오.				
QUEST_JOBSTEP_20150317_000388	Ah, c'est bien ça. Jette-le simplement là quelque part. {nl}Ce n'est rien de difficile alors je t'enseignerai, mais si cela perturbe mon travail, j'arrêterai{nl}aussitôt.	아, 그게 맞소. 거기다 대충 던져놓고 가시오.{nl}어려운 일은 아니니 내 특별히 가르쳐 주겠소만, 작업에 방해된다면 그땐 가차 없소.				플레쳐 마스터
QUEST_JOBSTEP_20150317_000389	Je ne sais pas si tu pourras suivre, même si tu veux apprendre auprès de moi.{nl}Je vais te confier une tâche. Trouve le monstre que je te demande et vaincs-le.	당신이 저에게 가르침을 받겠다고 해서 그걸 소화해낼 수 있을지는 모르겠네요.{nl}과제를 드리죠. 어떤 몬스터를 찾아서 잡아 주시면 되는 간단한 일이에요.				
QUEST_JOBSTEP_20150317_000390	Des Kepari de Voie du démon affamé, des Kodomor du Escalier épars et des Denden de la Forêt de la faille aux arbres violets.{nl}Bien sûr, je te donnerai de l'appât.	큰아귀 길의 케파리, 흩어진 계단의 코도모르, 적갈나무 단층숲에 있는 덴덴입니다.{nl}물론, 미끼 정도는 드리지요.				
QUEST_JOBSTEP_20150317_000391	Puisque tu as bien accompli la mission, je t'enseignerai la voie du Chasseur. {nl}Beau travail.	과제를 훌륭히 수행했으니 진정한 헌터의 길에 대해 알려드리죠. {nl}수고하셨어요.				헌터 마스터
QUEST_JOBSTEP_20150317_000392	Si tu rêves d'atteindre un niveau supérieur en tant que Wugushi, j'ai une tâche pour toi.{nl}Au Grand couloir de la Grande cathédrale, récolte le poison spécial des Stoulet.	네가 무고사로서 더 높은 경지를 꿈꾼다면 네게 줄 과제가 있어.{nl}대성당의 대회랑에서 스타울리트라는 몬스터에게 특별한 독을 모아오는 거야.{nl}{nl}				
QUEST_JOBSTEP_20150317_000393	L'aiguille contenant le remède que j'ai préparé se trouve dans ce tube.{nl}Si tu parviens à toucher les Stoulet avec, tu pourras récolter le poison.{nl}{nl}	이 대롱엔 내가 조합한 약이 묻은 침이 들어 있어.{nl}이걸로 스타울리트를 맞추면 그 독을 모을 수 있을 거야.{nl}{nl}				
QUEST_JOBSTEP_20150317_000394	Il est difficile d'échapper au charme du poison. J'en fais partie. {nl}Je te ferai découvrir à quel point c'est séduisant. Commençons doucement dès aujourd'hui.	독이 가진 매력은 헤어나기 힘들지. 나도 그런 사람 중의 하나야.{nl}너도 그 매력을 알게 해줄게. 오늘부터 천천히 시작해 보자고.				
QUEST_JOBSTEP_20150317_000395	Ta tâche est de trouver les monstres cachés.{nl}Le lieu est Forêt de l'arbre violet.{nl}Si tu souhaites devenir un Éclaireur, tu devrais en être capable. Tu ne crois pas ?	몰래 숨어있는 몬스터를 잡는 게 네 과제야.{nl}위치는 적갈나무 숲. {nl}스카우터를 지망한다면 이 정도는 해 내야지. 안 그래?				
QUEST_JOBSTEP_20150317_000396	Personne ne peut se cacher parfaitement des éclaireurs. 	우리 스카우트를 상대로 완벽히 숨을 수 있는 상대는 없어.				스카우트 마스터
QUEST_JOBSTEP_20150317_000397	Ce fut plus facile pour toi que je ne le pensais.{nl}Parfait. Je pense qu'il sera amusant de t'enseigner. {nl}Viens me voir quand tu veux apprendre.	생각보다 쉽게 해냈네?{nl}좋아. 가르치는 재미가 있겠어. 앞으로도 배우고 싶은 게 있으면 날 찾아와.{nl}				
QUEST_JOBSTEP_20150317_000398	Je pense que tu es assez bon pour être accepté comme mon disciple, mais tu dois encore être mis{nl}à l'épreuve. {nl}Je t'accueillerai si tu rapportes les frottis de la pierre tombale de Lydia Schaffen au Ancien jardin{nl}de la Déesse.	자네 정도라면 내 문하생으로 그냥 받아도 되겠지만 그래도 시험은 치뤄야겠지.{nl}여신의 옛뜰에서 리디아 샤펜님의 비석을 탁본해 온다면 기꺼이 환영함세.				쿼렐슈터 마스터
QUEST_JOBSTEP_20150317_000399	C'est la pierre tombale de la personne que tous les archers admirent. {nl}Fais-le bien pour que toutes les inscriptions soient lisibles.	궁수라면 모두가 존경해 마지않는 그 분의 비석이다.{nl}모쪼록 내용을 다 볼 수 있게 살살 부탁한다.				쿼렐슈터 마스터
QUEST_JOBSTEP_20150317_000400	J'étais un Schaffenstar à l'époque.{nl}Quoi qu'il en soit, je t'enseignerai mes Skills comme promis.	내가 이래 봬도 왕년엔 샤펜스타의 일원이었다고.{nl}어쨌든, 약속대로 내 기술을 가르쳐 주지.				쿼렐슈터 마스터
QUEST_JOBSTEP_20150317_000401	Maître Roublard	로그 마스터				
QUEST_JOBSTEP_20150317_000402	Si tu veux apprendre auprès de moi, tu dois être rapide.{nl}Au grand corridor de la Grande cathédrale, commençons par dépasser 5 monstres à l'aide de Bombe fumigène. 	내게 뭐라도 배우려면 우선 발이 빨라야해.{nl}대성당의 대회랑에서 연막탄으로 몬스터 5마리를 따돌리고 오는 것으로 하지.				
QUEST_JOBSTEP_20150317_000403	La vivacité surnaturelle est le fleuron des Roublards. {nl}Le mouvement rapide embrouille l'esprit.	신출귀몰함은 로그의 꽃이지. {nl}아주 화려한 꽃처럼 빠른 몸놀림으로 정신을 쏙 빼놓는 거야. 				
QUEST_JOBSTEP_20150317_000404	Je pensais que ce serait difficile mais tu excelles. {nl}Je t'enseignerai les Skills progressivement, alors échauffe-toi d'abord.	꽤 어려운 시험이라고 생각했는데 멋진걸?{nl}기술은 천천히 가르쳐 줄 테니까 몸부터 풀고 보자고.				로그 마스터
QUEST_JOBSTEP_20150317_000405	Tu dois montrer ta bravoure si tu veux apprendre auprès de moi. {nl}Utilise cette note pour provoquer les monstres du Voie de pénitence. {nl}	내 가르침을 받고 싶다면 자네의 용기를 내게 보여줄 필요가 있겠구나.{nl}이 도발용 보주로 대성당의 참회로에서 몬스터들을 도발해 보거라.{nl}				소드맨 마스터
QUEST_JOBSTEP_20150317_000406	Es-tu assez brave pour détourner la lame de l'ennemi vers toi quand tes alliés sont en danger ?	동료가 위험에 처했을 때, 적의 칼날을 내게 돌리게 할 수 있는 용기가 있나?				소드맨 마스터
QUEST_JOBSTEP_20150317_000407	Je les imagine remplis de colère. {nl}Tu as réussi l'épreuve. Tu es digne d'apprendre auprès de moi.	노기에 찬 녀석들의 얼굴이 그려지는군.{nl}시험은 통과야. 내 가르침을 받을 자격이 있어.				소드맨 마스터
QUEST_JOBSTEP_20150317_000408	Tu veux apprendre auprès de moi ? Alors il y a quelque chose que tu dois faire pour moi. {nl}Donne une leçon au Maître Hackapell qui croit qu'il existe dans ce monde quelque chose d'impossible à transpercer.	제게 가르침을 받고 싶으시다고요. 그렇다면 한 가지 해 주실 일이 있습니다. {nl}뚫을 수 없는 것이 존재한다고 믿고 있는 하카펠 마스터를 깨닫게 해 주는 것입니다.				
QUEST_JOBSTEP_20150317_000409	La lance est imbattable et invincible. {nl}Je veux voir la tête de ce pauvre Shadowgaler quand il sera vaincu.	창은 무적이고 불패입니다.{nl}섀도게일러를 처치하고 난 뒤 그 불쌍한 친구의 얼굴을 보고 싶군요.				
QUEST_JOBSTEP_20150317_000410	Si ce type demande, je lui dirai fièrement que notre habile Hoplite l'a abattu. {nl}Je te reconnaîtrai grâce à cela.	그 친구가 묻거든 우리의 유능한 하플라이트가 쓰러뜨렸노라고 자랑하지요.{nl}이걸로 그대를 인정해 드리겠습니다.				
QUEST_JOBSTEP_20150317_000411	Tu veux apprendre auprès de moi ? {nl}Alors tu dois réussir une épreuve. {nl}	나에게 가르침을 받고 싶은가.{nl}그렇다면 한 가지 시험을 치뤄야 한다.{nl}				
QUEST_JOBSTEP_20150317_000412	J'ai entendu dire que les autres maîtres envoient leurs disciples vaincre Yekub dans la cathédrale. {nl}Mais c'est à toi d'y mettre un terme. Vas-y maintenant.	다른 마스터들이 대성당 본당의 예쿱을 처치하기 위해 제자들을 보낸다고 들었다.{nl}하지만 그건 네가 끝내야 하는 일이다. 다녀와라.				
QUEST_JOBSTEP_20150317_000413	Si tu as la capacité d'apprendre auprès de moi, alors Yekub sera assez facile.	내 가르침을 받을 자격이 있다면 예쿱 정도는 쉬울 것이다.				
QUEST_JOBSTEP_20150317_000414	Je veux voir leurs têtes quand ils affronteront un Yekub qui n'existe même plus. {nl}Très bien, tu es à la hauteur.	있지도 않을 예쿱과 싸우게 될 이들의 얼굴을 보고 싶군.{nl}좋아. 자격은 충분하다.				바바리안 마스터
QUEST_JOBSTEP_20150317_000415	Tu es venu apprendre les formations d'un Centurion ?{nl}Alors je dois d'abord découvrir si tu es assez compétent pour commander d'autres personnes.	센츄리온의 대형을 배우고 싶어 찾아왔나.{nl}그렇다면 네가 다른 사람들을 지휘할만한 실력이 있는지부터 알아봐야겠군.				
QUEST_JOBSTEP_20150317_000416	Tu peux rencontrer Colimencia en te rendant à la Forêt de roches stratifiées.{nl}Tu dois être assez compétent pour le vaincre afin de devenir un Centurion.	점층바위 숲에 가면 콜리멘시아를 만날 수 있다.{nl}그 정도는 처치할 실력은 되어야 센츄리온의 자격이 있겠지.				
QUEST_JOBSTEP_20150317_000417	Tu es le bienvenu pour devenir un Centurion. {nl}Tu apprendras désormais pas à pas les formations du Centurion.	센츄리온으로 입문을 환영하네.{nl}이제부터 대형에 대해서 차근차근 배우기로 하지. 				센츄리온 마스터
QUEST_JOBSTEP_20150317_000418	Les Écuyers sont forts, mais c'est en aidant nos partenaires que nous brillons. {nl}Utiliser la corde pour enchaîner des attaques avec ses alliés {nl}est une attaque nettement plus puissante que toute autre.	스콰이어란 혼자서도 강하지만 내 파트너를 도울 때 특히 더 빛이 나는 분야에요.{nl}특히 밧줄을 사용하여 동료와 함께 공격하는 연계 공격은 어떤 공격보다도 강력하죠.{nl}				
QUEST_JOBSTEP_20150317_000419	Voici une corde d'Arrestation.{nl}Emporte-la au Sanctuaire de la Grande cathédrale et entraîne-toi autant que possible pour bien la maîtriser.{nl}Nous parlerons de mon enseignement après cela.	이건 포박 포승줄이에요.{nl}이걸 가지고 대성당 지성소에 가서 충분히 다룰 수 있을 만큼 연습해 오세요.{nl}제 가르침에 대해선 그 후에 말씀 나눠보도록 하죠.				
QUEST_JOBSTEP_20150317_000420	Pour que les attaques enchaînées réussissent, personne ne doit commettre d'erreur. {nl}C'est pourquoi tu dois t'entraîner dur.	연계 공격은 누구 하나 실수함이 없어야 성공할 수 있는 공격이에요.{nl}그래서 어떤 상황에서도 성공할 수 있도록 피나는 연습이 필요하죠.				스콰이어 마스터
QUEST_JOBSTEP_20150317_000421	À quel point la maîtrises-tu ? {nl}Je t'enseignerai en profondeur comme promis.	어느 정도 익숙해졌나요?{nl}약속대로 당신을 철저히 가르쳐 드리겠어요.				
QUEST_JOBSTEP_20150317_000422	J'ai entendu dire que le monstre appelé Biteregina continue de menacer les gens à la Forêt de l'étendard du couchant.{nl}Si tu parviens à le vaincre, je t'enseignerai mes Skills.	해진깃발숲에 비테레지나라는 몬스터가 사람들을 마구 위협하고 있대.{nl}그 몬스터를 처치해 준다면 내 기술을 가르쳐 줄게.				
QUEST_JOBSTEP_20150317_000423	En tant que maître, je devrais aussi aider les autres, mais je n'ai tout simplement pas assez de temps.{nl}Quoi qu'il en soit, comme je te l'ai promis, je t'enseignerai mes Skills.	마스터의 이름을 달고 있다면 주변도 도울 줄 알아야 되는데 솔직히 짬이 안나.{nl}어쨌든 약속한 대로 네게 기술을 가르쳐 줄게.				
QUEST_JOBSTEP_20150317_000424	Traverser ces dangers peut être une bonne expérience.	이런 위험을 스스로 찾아서 경험해보는 것도 좋은 경험이 된다고.				새퍼 마스터
QUEST_JOBSTEP_20150317_000425	Les Peltastes ont demandé de l'aide. {nl}Nos troupes sont limitées mais nous ne pouvons pas non plus refuser aux Peltastes, car nous{nl}avons un serment avec eux.	펠타스타 측에서 도움을 요청해 왔다.{nl}우리의 병력이 부족하다고 하나 펠타스타와의 맹약을 맺었으니 거절할 수도 없는 일.{nl}				하이랜더 마스터
QUEST_JOBSTEP_20150317_000426	Je veux que tu assistes les Peltastes et que tu accomplisses la mission.	그대가 펠타스타를 원조하여 임무를 수행하고 오라.				하이랜더 마스터
QUEST_JOBSTEP_20150317_000427	Nous, les Peltastes, recevons des livraisons de boucliers comme condition du maintien de notre{nl}serment envers les Highlanders. {nl}Les boucliers ont toujours été livrés à temps mais récemment les livraisons ont cessé. {nl}	우리 펠타스타는 하이랜더와 맹약을 유지하는 조건으로 방패를 보급받고 있습니다.{nl}여태껏 기한을 잘 지켜 주셨는데 최근에 갑자기 방패 보급이 끊기고 말았습니다.{nl}				펠타스타 마스터
QUEST_JOBSTEP_20150317_000428	Demande aux Highlanders quels est le problème et, si tu peux, résous-le, je t'en prie.	어찌 된 일인지 하이랜더 마스터께 여쭈어 보시고 그대가 해결할 수 있는 일이라면 직접 해결하십시오.				펠타스타 마스터
QUEST_JOBSTEP_20150317_000429	Si tu le dis, il y a un moyen.{nl}Si tu parviens à vaincre les Moa du Ruisseau de cristal qui ont détruit mes ingrédients, j'avancerai ton tour.	그렇게까지 말한다면 방법이 없는 건 아니오.{nl}내 재료들을 다 박살낸 수정개울의 모아를 처치해 준다면 순서를 앞당겨 드리지.				
QUEST_JOBSTEP_20150317_000430	Je suis les traces des Evoniphon.{nl}Des informations récentes indiquent qu'ils ont testé quelque chose dans la cathédrale.{nl}	난 에보니폰의 행적을 쫓고 있어.{nl}최근 정보로는 대성당에서 무언가를 실험했다는군.{nl}				레인저 마스터
QUEST_JOBSTEP_20150317_000431	Rends-toi immédiatement à la cathédrale et récupère un échantillon du fluide de Moya. {nl}Nous devrions en apprendre quelque chose après analyse.	넌 곧장 대성당으로 가서 모야의 체액 샘플을 가져와 줘.{nl}그걸 조사하면 뭔가 알 수 있겠지.				레인저 마스터
QUEST_JOBSTEP_20150317_000432	Je te donne cette fusée éclairante puisque tu es novice. {nl}Elle t'aidera à trouver les monstres efficacement.	초심자니까 이 섬광탄을 줄게. {nl}숨어있는 몬스터들을 좀 더 쉽게 찾을 수 있을 거야.				
QUEST_JOBSTEP_20150317_000433	Le poison est une lame à double tranchant, alors sois prudent avec lui. {nl}Surtout si tu te coupes un doigt en le manipulant...	독은 양날의 검과도 같으니 조심히 다루어야해.{nl}특히 독을 다루다가 손가락의 생채기에 닿기라도 한다면..				무고사 서브 마스터
QUEST_JOBSTEP_20150317_000434	Je suppose que tu es venu apprendre quelque chose auprès de moi parce que tu en as la capacité. {nl}Celle de gagner un duel contre moi.	내게 뭔가를 배울 만한 실력이 있으니까 찾아온거겠지?{nl}가령 나랑 대련해서 이긴다던가.				
QUEST_JOBSTEP_20150317_000435	Rends-toi sur le terrain vague au-dessus des escaliers et attends. {nl}J'y serai après avoir terminé ceci.	계단 위 공터로 먼저 가서 기다려. {nl}하던 것만 마저 정리하고 갈 테니까.				로그 마스터
QUEST_JOBSTEP_20150317_000436	Tu es plus rapide que tu n'en as l'air. {nl}Je t'enseignerai mes Skills désormais, alors viens quand tu veux.	보기보다 날렵하군.{nl}이제부터 내 기술을 전수해 줄 테니 언제든지 찾아와.				
QUEST_JOBSTEP_20150317_000437	J'ai entendu dire que le Minotaure est apparu. {nl}Si tu veux apprendre auprès de moi, tu devrais pouvoir le traquer sans effort.	좀처럼 모습을 드러내지 않던 미노타우로스가 나타났다고 하더군요.{nl}제게 가르침을 받고 싶다면 그 정도는 쉽게 사냥할 실력은 갖추고 있어야겠죠.				헌터 마스터
QUEST_JOBSTEP_20150317_000438	Si tu n'y étais pas allé, j'y serais allée moi-même. {nl}Je te confie cette tâche, alors montre-t'en reconnaissant.	당신이 나서지 않겠다면 내가 직접 나섰을 테죠.{nl}양보해 드리는 거니까 고맙게 받으시는 게 좋을 거예요.				헌터 마스터
QUEST_JOBSTEP_20150317_000439	Parfait. Tu as ma reconnaissance. {nl}Passe me voir quand tu veux apprendre les Skills des Chasseurs.	훌륭해요. 제가 인정해 드리죠.{nl}헌터의 기술을 배우고 싶다면 언제든 찾아오세요.				헌터 마스터
QUEST_JOBSTEP_20150317_000440	Avec tes capacités, le Reaverpede du Marché solitaire devrait être facile à vaincre. {nl}Si tu n'en es pas capable, je ne peux pas te prendre comme apprenti Rôdeur.	너 정도의 실력자라면 스산한 장터의 리버피드는 쉽게 잡을 수 있겠지.{nl}이런 것도 해내지 못한다면 레인저 지망생으로 받아들여 줄 수 없어.				
QUEST_JOBSTEP_20150317_000441	Je suis soulagée que tu sois là. {nl}Tout le monde se concentre là-bas mais nous, les Rôdeurs, sommes les seuls à ne pas être{nl}déployés.	네가 와 줘서 정말 다행이야.{nl}다들 그곳에 집중하고 있는데 우리 레인저들만 파견을 못 가고 있거든.				레인저 마스터
QUEST_JOBSTEP_20150317_000442	J'ai entendu dire que tu avais eu un temps d'avance sur les Chasseurs. {nl}Beau travail. Je suis une enseignante très stricte, alors prépare-toi.	듣자하니 헌터들보다 네가 한 발 더 빨랐다고 하더군.{nl}수고했어. 내 지도는 엄격하니까 각오해.				레인저 마스터
QUEST_JOBSTEP_20150317_000443	T'enseigner les Skills des Éclaireurs n'est pas difficile. {nl}Mais tu dois avoir la capacité de suivre, tu ne crois pas ?	스카우트의 기술은 가르쳐주는건 어렵지 않아.{nl}하지만 네 기량이 어느 정도는 되어야 내 수련을 따라올 수 있지 않겠어?				
QUEST_JOBSTEP_20150317_000444	Très bien alors. {nl}Des Deadborn sont apparus sur la Route de Ruklys et les troupes là-bas ont besoin d'aide. {nl}Cela devrait constituer un assez bon terrain de chasse.	그렇다면 좋아.{nl}루클리스 거리에 데드본이 나타났는데 그 곳의 병사만으론 어쩔 수가 없다나 봐.{nl}이만 하면 괜찮은 사냥감인것 같은데. 그렇지?				
QUEST_JOBSTEP_20150317_000445	Beau travail. Tu as fait mieux que je ne l'espérais. {nl}Passe me voir quand tu veux apprendre quelque chose.	수고했어. 생각보다 꽤 빠르게 해치웠군.{nl}앞으로도 뭔가 배우고 싶은 게 있으면 찾아와.				
QUEST_JOBSTEP_20150317_000446	Alors tu veux apprendre les Skills de Sapeur auprès de moi ? C'est une bonne idée. {nl}Il me manque actuellement des matériaux pour un nouveau piège.{nl}	내게 새퍼의 기술을 배우겠다고? 아주 좋은 생각이야.{nl}안 그래도 내가 새로운 함정을 개발 중이었는데 재료가 부족했거든.{nl}				새퍼 마스터
QUEST_JOBSTEP_20150317_000447	Tu devras donc m'aider. {nl}Il faudra vaincre les Rocktortuga au Mémorial de Ruklys et me rapporter des Pierres de mano naturelle.	그러니 네가 날 좀 도와줘야겠다.{nl}루클리스 기념지에서 락투르투가를 처치하고 천연 마노석을 가져다 주겠어?				
QUEST_JOBSTEP_20150317_000448	Les Rocktortuga du Mémorial de Ruklys. {nl}Ceux des autres zones ne donnent pas de Pierre de mano.	루클리스 기념지의 락토르투가야.{nl}다른 곳의 락토르투가는 마노석 같은 거 절대 안줘.				새퍼 마스터
QUEST_JOBSTEP_20150317_000449	Très bien. J'ai les Pierres de mano...{nl}Passe me voir quand tu veux apprendre les Skills de Sapeur.	좋아. 마노석은 받았고.. {nl}앞으로 새퍼의 기술을 연마하고 싶으면 언제든지 찾아와.				새퍼 마스터
QUEST_JOBSTEP_20150317_000450	Tu as dit que tu voulais apprendre mes Skills ?{nl}Si tu pouvais me rapporter des pierres combustibles du quartier central des Yonazolem, j'y réfléchirai.	내 기술을 배우고 싶다고 했소?{nl}중심시가의 요나졸렘에게서 잘 타는 돌멩이라도 가져온다면 생각해 보겠소.				
QUEST_JOBSTEP_20150317_000451	Autrement dit, c'est impossible.	한 마디로 불가능한 일이라는 거요.				플레쳐 마스터
QUEST_JOBSTEP_20150317_000452	Tu possèdes des Skills déraisonnablement grandes. {nl}J'accueillerais volontiers un disciple comme toi. Je t'enseignerai mes Skills.	정말 어처구니가 없을 정도로 대단한 실력을 가졌군.{nl}그런 제자라면 나도 반갑지. 기술을 가르쳐 주겠소. 				
QUEST_JOBSTEP_20150317_000453	Nous renforçons notre immunité en éprouvant de nombreux poisons.{nl}Si tu parviens à survivre au poison du Rajatoad du quartier central, alors je t'enseignerai aussi à maîtriser les poisons.	우리들은 많은 독을 다루면서 스스로 면역력을 길러.{nl}중심시가에 있는 라자토드의 독에 살아남는다면 독을 제대로 다루는 법에 대해 가르쳐 줄게.				
QUEST_JOBSTEP_20150317_000454	Cela aurait-il du sens qu'un Wugushi soit empoisonné et affaibli ?	무고사가 독에 당해 시름시름 앓는다면 그게 말이 되겠어?				
QUEST_JOBSTEP_20150317_000455	Notre enseignement est rude, alors j'espère que tu comprends. {nl}Quoi qu'il en soit, tu peux venir quand tu veux apprendre.	우린 가르침이 좀 험하니까 네가 이해해 줬으면 좋겠어.{nl}어쨌든 가르침을 받고 싶으면 언제든 찾아와도 좋아.				
QUEST_JOBSTEP_20150317_000456	J'ai tellement honte que mes disciples ruinent toutes les commissions. {nl}Si tu fais du bon travail, je t'enseignerai les Skills de Tireur de carreaux.	기껏 온 의뢰를 내 제자들이 망쳐버리는 바람에 얼굴을 들고 다닐수가 없어.{nl}자네가 내 체면을 살려준다면 쿼렐슈터의 기술을 전수해 주겠네.				쿼렐슈터 마스터
QUEST_JOBSTEP_20150317_000457	C'est le Templeshooter du centre-ville. {nl} Même mes disciples se sont enfuis alors qu'il était juste devant eux, alors prépare-toi.	중심시가에 있는 템플슈터네.{nl}제자들이 코 앞에 두고 도망쳐 버릴 정도니 준비를 단단히 하게.				쿼렐슈터 마스터
QUEST_JOBSTEP_20150317_000458	Tu l'as vaincu. Je me sens mieux maintenant. {nl}Viens prendre des leçons quand tu veux. Je t'enseignerai de bon cœur.	해치웠군. 이제야 좀 살겠네.{nl}수업은 얼마든지 찾아 오게. 성심성의껏 가르쳐 주지.				쿼렐슈터 마스터
QUEST_JOBSTEP_20150317_000459	Maître Schwarzer Reiter	슈바르츠라이터 마스터				
QUEST_JOBSTEP_20150317_000460	Si tu veux devenir un Schwarzer Reiter, alors réponds à cette question.{nl}Si tu veux survivre à des batailles intenses, de quoi auras-tu besoin ?{nl}	슈바르츠라이터가 되고 싶다면 이 질문에 답해보도록.{nl}치열한 전투 속에서 살아남으려면 무엇이 필요한가?{nl}				
QUEST_JOBSTEP_20150317_000461	Des alliés ? Du soutien ? Du ravitaillement ? Non, une épée et une arme à feu me suffiraient.{nl}Ce sont les seules choses en qui je peux avoir confiance.	동료? 지원? 보급? 아니야, 내 손에 든 검과 총 한 자루면 충분하지.{nl}일각을 다투는 상황에서 의지할 건 나 자신도 아니라 오로지 그것뿐이야.{nl}				
QUEST_JOBSTEP_20150317_000462	Et encore une chose. La haine de tes ennemis !{nl}Si tu souhaites accéder au rang de Schwarzer Reiter, souviens-toi de cette haine.{nl}	그리고 또 하나. 적에 대한 증오심!{nl}자네가 슈바르츠라이터로 전직하고자 한다면 그 증오심을 하나 새겨야 할 거야.{nl}				
QUEST_JOBSTEP_20150317_000463	Car tu ne pourras pas progresser avant de m'avoir battu.{nl}Viens me voir quand tu seras prêt.	왜냐면 날 이길 때까지 전직할 순 없을 테니까.{nl}준비 되면 내게 다시 오도록.				
QUEST_JOBSTEP_20150317_000464	Il semble que ta chance ait tourné. {nl}Commençons.	자네 지금 마지막 행운을 놓친 것 같군. {nl}시작하도록 하지.				
QUEST_JOBSTEP_20150317_000465	J'ai l'impression de me revoir plus jeune en toi. {nl}Maintenant que tu es devenu un Schwarzer Reiter, nous sommes le miroir l'un de l'autre.	마치 내 젊은 시절을 보는 것 같군. {nl}자네도 슈바르츠라이터가 되었으니 우린 서로에게 거울이 되어줄 수 있을 거야.				
QUEST_JOBSTEP_20150317_000466	Je dois vérifier si tu es qualifié pour apprendre mes Skills. {nl}Vaincre le Sparnashorn semble approprié pour quelqu'un comme toi, qu'en penses-tu ?	내게 기술을 배울 자격이 있는지 네 기량을 시험해 봐야겠다.{nl}루클리스 기념지의 스파나스혼이라면 네 명성에 걸맞지 싶은데, 어때?				아처 마스터
QUEST_JOBSTEP_20150317_000467	J'ai entendu dire que le Sparnashorn est énorme, alors il passe le plus clair de son temps au sol{nl}plutôt qu'en vol.	스파나스혼은 몸집이 너무 커서 날아다니는 때보다 땅에 있을 때가 많다고 들었어.				아처 마스터
QUEST_JOBSTEP_20150317_000468	Je ne m'attendais pas à ce que tu le vainques. C'est plutôt bien. {nl}Très bien. Tu peux venir quand tu veux apprendre des Skills.	해치울 거라곤 별로 기대 안 했는데, 이거 의외인걸?{nl}좋아. 기술을 배우러 언제든 찾아와도 좋아.				아처 마스터
QUEST_JOBSTEP_20150317_000469	J'ai entendu dire que des Minotaures sont apparus au Marché solitaire.{nl}Rapporte-moi la preuve de ta victoire, je t'en prie.	미노타우로스는 스산한 장터에서 모습을 드러냈다고 해요.{nl}혹시 모르니 처치한 증거를 꼭 챙겨오시길 바랄게요.				
QUEST_JOBSTEP_20150317_000470	Je ne sais pas pourquoi, mais à partir d'un certain moment, beaucoup de monstres ont commencé à surgir de la cité pétrifiée.{nl}J'ai entendu dire que d'autres maîtres ont des ennuis à cause de cela.	왜인진 모르겠는데 언젠가부터 석화된 도시 쪽에서 몬스터가 마구 넘쳐나고 있는 것 같아.{nl}다른 마스터들도 고생이라 들었어.				
QUEST_JOBSTEP_20150317_000471	Tu veux atteindre un stade supérieur de ta vie par la vocation des Clercs. {nl}Je t'aiderai à y parvenir par le service.	클레릭의 사명을 통해 더 높은 경지에 오르고자 하시는군요.{nl}봉사를 통해 그 사명을 이룰 수 있도록 제가 도와드릴 수 있습니다.				클레릭 마스터
QUEST_JOBSTEP_20150317_000472	De nombreuses personnes attendent des soins, mais il n'y a pas assez d'herbes médicinales. {nl}Obtiens des herbes Nicotia auprès du Maître Centurion sur le Chemin du pèlerin, je t'en prie.{nl}	치료를 기다리는 분들은 많은데 약초가 부족합니다.{nl}순례자의 길에 계시는 센츄리온 마스터께 니코티아라는 약초를 받아와 주세요.{nl}				클레릭 마스터
QUEST_JOBSTEP_20150317_000473	Ce sera un long voyage. {nl}Que les bénédictions de la déesse t'accompagnent toujours.	먼 길이 되시겠군요. {nl}여신의 가호가 늘 함께하기를.				클레릭 마스터
QUEST_JOBSTEP_20150317_000474	Ah, c'est le Maître Clerc qui t'a envoyé. {nl}Enchanté. Je suis le Maître Centurion.	아, 클레릭 마스터가 보냈군.{nl}반갑소. 내가 센츄리온 마스터요.				센츄리온 마스터
QUEST_JOBSTEP_20150317_000475	Malheureusement, nous n'avons plus de Nicotia, celle que le Maître Clerc demande. {nl}Il y a eu une requête urgente et il a fallu l'utiliser.	클레릭 마스터께서 요청하신 니코티아는 안타깝게도 현재 동이 났소.{nl}급한 징발 명령이 내려와서 어쩔 도리가 없었지.{nl}				센츄리온 마스터
QUEST_JOBSTEP_20150317_000476	Mais ne t'inquiète pas. {nl}Les Nicotia poussent partout, alors tout ira bien si tu prends simplement les jeunes pousses.	하지만 걱정하지 마시오. {nl}이 근처에 잔뜩 자라고 있는 게 니코티아니까 어린 순만 뜯어 간다면 문제없을 거요.				센츄리온 마스터
QUEST_JOBSTEP_20150317_000477	La Nicotia n'est pas loin d'ici. {nl}Transmets mes salutations au Maître Clerc.	니코티아는 그리 멀지 않는 곳에 있소.{nl}클레릭 마스터께 내 안부도 전해 주시오.				센츄리온 마스터
QUEST_JOBSTEP_20150317_000478	Merci. Cela aidera beaucoup de gens qui souffrent. {nl}La déesse se réjouira aussi que tu aies atteint un niveau supérieur de Clerc.	감사합니다. 이걸로 고통받는 많은 분들을 치료하실 수 있을 거예요.{nl}여신께서도 그대가 클레릭의 더 높은 경지로 향하는 것을 기뻐하실 겁니다.				클레릭 마스터
QUEST_JOBSTEP_20150317_000479	Si tu veux progresser en tant que Krivis, alors va vénérer la statue de la déesse à Fedimian. {nl}Un pèlerinage est un moyen sûr d'accomplir ses devoirs envers la déesse.	크리비로써 더 높은 경지에 오르고 싶거든 페디미안의 여신상에 경배를 드리고 오게.{nl}성지순례야말로 여신께 의무를 다하는 통과의례 아니겠는가.				크리비 마스터
QUEST_JOBSTEP_20150317_000480	Prends l'offrande avant de partir. {nl}Le Maître Prêtre et le Maître Clerc te donneront l'offrande nécessaire au culte.	떠나기 전에 공양품을 가져가게.{nl}경배에 필요한 공양품은 프리스트 마스터와 클레릭 마스터께서 나누어 주실 것일세.				크리비 마스터
QUEST_JOBSTEP_20150317_000481	Tu pars en pèlerinage. {nl}Je me souviens encore de mon pèlerinage quand j'étais un jeune ecclésiastique.	성지순례를 떠나시는군요.{nl}아직 저도 어린 사제였을 시절에 다녀왔던 기억을 잊을 수 없답니다.				프리스트 마스터
QUEST_JOBSTEP_20150317_000482	On sent son cœur s'emplir de foi en contemplant la statue de la Déesse à Fedimian.	페디미안의 여신상을 바라보면 가슴이 신앙으로 차오르는 것을 느낄 수 있지.				크리비 마스터
QUEST_JOBSTEP_20150317_000483	Je peux te donner les offrandes.{nl}Mais avant cela, j'ai une faveur à te demander. {nl}	공양품은 내어 드릴 수 있습니다. {nl}하지만.. 그 전에 한 가지 청이 있습니다.{nl}				프리스트 마스터
QUEST_JOBSTEP_20150317_000484	Les habitants se plaignent du Rocktortuga qui sème le chaos dans les Bois de l'ouest de Siauliai. {nl}Je te donnerai les offrandes si tu vaincs ce monstre.	샤울레이 서쪽 숲에 락토르투가가 날뛰는 통에 주민들의 원성이 자자합니다.{nl}그 몬스터를 처치해 주신다면 공양품을 내어 드리겠습니다.				
QUEST_JOBSTEP_20150317_000485	La déesse se réjouira aussi de ta miséricorde.{nl}Tiens, prends les offrandes. {nl}	여신께서도 당신의 자비에 기뻐하고 계실 겁니다.{nl}자. 여기 공양품을 받으십시오.{nl}				프리스트 마스터
QUEST_JOBSTEP_20150317_000486	La déesse se réjouira aussi de ta miséricorde.{nl}J'aimerais moi aussi revoir Fedimian si je pouvais.	여신께서도 당신의 자비에 기뻐하고 계실 겁니다.{nl}저도 짬이 있다면 다시 페디미안에 들러 보고 싶군요.				프리스트 마스터
QUEST_JOBSTEP_20150317_000487	Tu pars en pèlerinage à Fedimian.{nl}Tiens, prends les offrandes.	페디미안으로 순례를 가시는군요.{nl}자. 여기 공양품을 가져 가십시오.				클레릭 마스터
QUEST_JOBSTEP_20150317_000488	La statue de la Déesse se trouve au centre de Fedimian. {nl}Elle est immense et vaste, alors fais attention à ne pas te perdre.	여신상은 페디미안의 중앙에 있습니다.{nl}워낙 크고 거대하니 헤매지 않도록 조심하세요.				클레릭 마스터
QUEST_JOBSTEP_20150317_000489	Il existe une légende intéressante à propos de la statue de la Déesse à Fedimian. {nl}Si tu en as l'occasion, ce serait bien de la voir aussi.	페디미안의 여신상엔 재미있는 전설이 있습니다.{nl}기회가 되시면 한 번 찾아보시는 것도 좋겠지요.				클레릭 마스터
QUEST_JOBSTEP_20150317_000490	Je sens que tu es empli des bénédictions de la déesse. {nl}Beau travail. Ces bénédictions te mèneront plus haut.	자네에게서 여신의 은총이 충만함을 느낄 수 있네.{nl}수고했네. 그 충만함이 자네를 더욱 높은 경지로 이끌어 줄 걸세.				크리비 마스터
QUEST_JOBSTEP_20150317_000491	Viens-tu de Fedimian ? {nl}Le Maître Krivis t'attend.	페디미안엔 다녀오셨나요?{nl}크리비 마스터께서 기다리고 계십니다.				클레릭 마스터
QUEST_JOBSTEP_20150317_000492	Embrasseras-tu la vocation de Prêtre et suivras-tu la voie de la déesse ? {nl}Tu peux le faire en éliminant le mal.	프리스트의 사명을 지고 여신의 길을 계속 따르시렵니까.{nl}그렇다면 악을 퇴치하는 것으로 더 높은 경지에 이를 수 있을 것입니다.				프리스트 마스터
QUEST_JOBSTEP_20150317_000493	Des forces maléfiques apparaissent sur le Voie du démon affamé à Fedimian. {nl}Extrais-en son identité et efface-la au nom de la déesse.	페디미안 근처의 큰 아귀 길에 사악한 기운이 출몰하고 있다고 합니다.{nl}그 기운에서 실체를 뽑아내 여신의 이름으로 퇴마해 주십시오.				프리스트 마스터
QUEST_JOBSTEP_20150317_000494	Quiconque suit la parole de la déesse peut recevoir ses pouvoirs pour chasser les esprits{nl}maléfiques. {nl} Mais cette force dépendra de la profondeur de sa foi.	여신의 말씀을 따르는 자라면 누구든 여신의 힘을 받아 사악한 기운을 몰아낼 수 있습니다.{nl}하지만 그 힘의 크기는 신앙심에 따라 다르겠지요.				프리스트 마스터
QUEST_JOBSTEP_20150317_000495	Bien joué. {nl}Au nom de la déesse, juge le mal en ce monde pour qu'il ne puisse prendre pied.	수고하셨습니다. {nl}앞으로도 부정한 것들이 이 땅에 발을 붙이지 못하도록 여신의 이름으로 심판해 주십시오.				프리스트 서브 마스터
QUEST_JOBSTEP_20150317_000496	Si tu veux approfondir la voie du Bokor, tu dois faire quelque chose pour moi.{nl}Récupère le joyau auprès du Maître Krivis, je t'en prie.	그대가 보코르의 길을 탐구하고 싶다면 응당 나서 주셔야 할 일이 있습니다.{nl}먼저 크리비 마스터께 맡긴 보석을 제게 가져와 주세요.				
QUEST_JOBSTEP_20150317_000497	C'est le Maître Bokor qui t'a envoyé ?{nl}Ils ont donc décidé de se débarrasser de ce joyau.	보코르 마스터께서 보내셨는가.{nl}그 보석의 처분이 결정되었나 보군.				크리비 마스터
QUEST_JOBSTEP_20150317_000498	Ce sera très dangereux.{nl}Tu devrais te préparer.	이번 일은 아주 위험한 일이 될 것입니다.{nl}각오해 두는 게 좋겠지요.				보코르 마스터
QUEST_JOBSTEP_20150317_000499	Prends-le. C'est le joyau maudit par un être malfaisant.{nl}Plusieurs prêtres tentent de le manier, mais ils ont beaucoup de mal.	가져가게. 이건 사악한 존재의 강력한 저주가 걸려 있는 보석이네.{nl}부끄럽게도 사제 몇 명이 매달려도 어쩌질 못하고 있지.				크리비 마스터
QUEST_JOBSTEP_20150317_000500	Comme cela nous intrigue aussi, reviens plus tard, je t'en prie.	우리도 그 사연이 궁금하니 나중에 꼭 다시 와서 들러주시게.				크리비 마스터
QUEST_JOBSTEP_20150317_000501	J'ai un mauvais pressentiment.{nl}J'espère que rien de fâcheux n'arrivera...{nl}	안 좋은 예감이 느껴지네.{nl}무슨 일이 일어나지 않으면 좋으련만..{nl}				크리비 마스터
QUEST_JOBSTEP_20150317_000502	Tu l'as apporté.{nl}Mais... zut.	가져오셨군요.{nl}그런데.. 아니 이런, 맙소사.				보코르 마스터
QUEST_JOBSTEP_20150317_000503	La malédiction de ce joyau attire Tutu ici.{nl}Pendant que je cherche comment maîtriser cette malédiction, il y a quelque chose que tu dois{nl}faire.	이 보석에 서린 저주가 이곳으로 투투를 부르고 있어요.{nl}제가 이 저주를 어떻게든 다스릴 동안 당신이 해주실 것이 있습니다.				보코르 마스터
QUEST_JOBSTEP_20150317_000504	D'abord, dis au Maître Krivis de préparer le service commémoratif.{nl}Ensuite, rends-toi aux Bois de Siauliai est et arrête Tutu, je t'en prie.	먼저 크리비 마스터께 위령제를 준비하라 전해주십시오.{nl}그러고 나서 곧장 샤울레이 동쪽 숲으로 가 투투를 막아 주세요.				보코르 마스터
QUEST_JOBSTEP_20150317_000505	Quelque chose pourrait arriver quand le pouvoir de la malédiction se renforcera.{nl}Notre mission est d'empêcher cela.	저주의 힘이 강력하면 이런 일도 벌어질 수 있답니다.{nl}그걸 해결하는 것이 우리의 사명이기도 하지요.				보코르 마스터
QUEST_JOBSTEP_20150317_000506	Oui. En fait, ce joyau est celui qu'un jeune prêtre du village a ramassé.{nl}Après l'avoir rapporté, il a souffert de cauchemars, alors j'ai adressé une requête au Maître{nl}Bokor.	그랬군. 사실 그 보석은 마을의 어린 신자께서 주워온 것일세.{nl}이걸 주워온 뒤로는 매일 밤 악몽에 시달리는 바람에 보코르 마스터께 부탁한 것이지.				크리비 마스터
QUEST_JOBSTEP_20150317_000507	Bon, quoi qu'il en soit. Je préparerai le service commémoratif.{nl}Ne t'en soucie pas et contente-toi d'arrêter Tutu aux Bois de Siauliai est avant qu'il n'atteigne{nl}Klaipeda.	어쨌든 알겠네. 위령제를 준비하도록 하지.{nl}걱정 말고 자네는 투투가 클라페다로 오기 전에 샤울레이 동쪽 숲에서 막아 주시게.				크리비 마스터
QUEST_JOBSTEP_20150317_000508	Ces choses arrivent parce que le monde est en plein chaos.{nl}La déesse doit en être attristée...	세상이 흉흉하니 이런 일도 벌어지는군.{nl}여신께서도 슬퍼하실 게야..				크리비 마스터
QUEST_JOBSTEP_20150317_000509	J'ai su m'en occuper habilement grâce à ton aide.{nl}En tant que Bokor, je peux désormais attendre ta progression.	이번 일은 당신의 도움으로 현명하게 처리할 수 있었습니다.{nl}보코르로서, 앞으로의 성장을 기대해도 되겠지요.				보코르 마스터
QUEST_JOBSTEP_20150317_000510	Tu as vaincu ce Tutu. Bien joué.{nl}Par conséquent, je peux préparer le service commémoratif sans problème.{nl}	그 투투를 물리치다니, 수고했네.{nl}덕분에 이 쪽도 위령제를 무사히 치룰 수 있었어.{nl}				크리비 마스터
QUEST_JOBSTEP_20150317_000511	Retourne vite voir le Maître Bokor et parle-lui-en.	어서 보코르께 돌아가 이 사실을 알려 주시게.				크리비 마스터
QUEST_JOBSTEP_20150317_000512	C'est bien que tu apprennes des Skills auprès de moi, mais je veux aussi que tu comprennes{nl}l'importance de l'entretien qui suit.{nl}Les prêtres de Klaipeda ont demandé l'entretien de la statue de la Déesse, qu'en dis-tu ?	자네가 내게 기술을 배우는 것도 좋지만 사후 관리의 중요성도 알았으면 좋겠군.{nl}마침 클라페다의 사제분들께서 여신상의 관리를 의뢰했는데, 어떤가?				조각가 테슬라
QUEST_JOBSTEP_20150317_000513	Je veux d'abord que tu obtiennes l'huile parfumée servant à entretenir la statue.{nl}Si tu la demandes aux prêtres, ils te la donneront.	먼저 여신상의 보수에 필요한 향유부터 모으는게 좋겠네.{nl}클라페다의 성직자분들께 부탁하면 쉬이 내어줄 걸세.				
QUEST_JOBSTEP_20150317_000514	Voici l'huile parfumée.{nl}Comme Tesla est très âgé, je craignais que ma requête soit excessive, mais je suppose que tout va{nl}bien maintenant.{nl}	향유는 여기 있습니다.{nl}테슬라님께서 연세가 너무 많으셔서 좀 무리한 부탁이 아닌가 싶었는데 다행이네요.{nl}				클레릭 마스터
QUEST_JOBSTEP_20150317_000515	C'est tout ce que j'ai...{nl}J'ai entendu dire que le Maître Krivis en a aussi.	제가 가진 건 이게 전부라서.. {nl}크리비 마스터께서도 조금 가지고 있다고 들었습니다.				클레릭 마스터
QUEST_JOBSTEP_20150317_000516	De l'huile parfumée ? Ah, la voici.{nl}Prends soin de la statue, je t'en prie.	향유? 아, 그래. 여기 있네. {nl}여신상을 잘 부탁하겠네.				크리비 마스터
QUEST_JOBSTEP_20150317_000517	Dis à Tesla que je vais bien, je t'en prie.	테슬라님께 제 안부를 전해 주십시오.				클레릭 마스터
QUEST_JOBSTEP_20150317_000518	Va voir le Maître Prêtre aussi.{nl}La quantité d'huile parfumée que tu as ne suffira peut-être pas.	프리스트 마스터께도 들러 보시게.{nl}아마 그 정도 향유 가지곤 부족할 거야.				크리비 마스터
QUEST_JOBSTEP_20150317_000519	C'est la tâche que nous t'avons confiée, alors si tu en as besoin nous t'en donnerons. {nl}Voilà.	저희가 요청한 일인데 필요하시다면 얼마든지 드려야지요. {nl}여기 있습니다.				프리스트 마스터
QUEST_JOBSTEP_20150317_000520	Même en recevant de l'huile parfumée du Maître Prêtre, cela pourrait ne pas suffire.{nl}Tu devrais en prendre grand soin.	그런데 아마 프리스트 마스터께 향유를 받는다고 해도 모자랄 것이야.{nl}여신상은 꼼꼼히 관리해 줘야 하니까..				크리비 마스터
QUEST_JOBSTEP_20150317_000521	La quantité d'huile parfumée que tu as semble un peu insuffisante.{nl}Comme le Maître Bokor en a aussi, pourquoi ne pas aller le voir ?	아직 향유가 조금 부족해 보이는군요.{nl}보코르 마스터께서도 향유를 가지고 계시니 한번 들러 보시지요.				프리스트 마스터
QUEST_JOBSTEP_20150317_000522	De l'huile parfumée ? Nous t'en donnerons assurément.{nl}Tesla nous a dit qu'il ne voulait aucun paiement pour cela, ce qui nous a mis mal à l'aise.	향유요? 기꺼이 내어 드려야지요.{nl}테슬라님께서 굳이 보수를 받지 않겠다고 하셔서 저희도 송구스럽던 차였답니다.				보코르 마스터
QUEST_JOBSTEP_20150317_000523	Dommage que je ne puisse pas t'accompagner faute de temps.	저도 짬이 좀 난다면 여신상을 보수하러 동행했을 텐데 참으로 아쉽습니다.				프리스트 마스터
QUEST_JOBSTEP_20150317_000524	Les statues que nous t'avons confiées sont celle de Fedimian et celle de Klaipeda.{nl}Bien, je compte sur toi.	저희가 의뢰를 부탁한 여신상은 페디미안의 여신상과 이곳 클라페다의 여신상입니다.{nl}그럼, 잘 부탁드릴게요.				보코르 마스터
QUEST_JOBSTEP_20150317_000525	Si tu utilises le pouvoir absolu de la déesse, ton voyage vers Fedimian devrait être un peu plus{nl}facile.	여신상의 권능을 이용하면 페디미안까지 조금 더 쉽게 가실 수 있을 겁니다.				보코르 마스터
QUEST_JOBSTEP_20150317_000526	Bien joué.{nl}Retourne voir Tesla.	수고하셨습니다.{nl}테슬라님께 돌아가 보시지요.				보코르 마스터
QUEST_JOBSTEP_20150317_000527	C'est aussi le rôle d'un Dievdirbys de prendre soin de l'œuvre, et pas seulement de la créer.{nl}N'oublie pas ce sentiment si tu veux apprendre les Skills d'un Dievdirbys.{nl}{nl}Oh, tu es déjà de retour. {nl}Bien joué. {nl}	작품을 만드는 것이 다가 아니라 애정을 가지고 보살피는 것도 딥디르비의 일이야.{nl}딥디르비의 기술을 익힐 거라면 이 느낌을 잊지 말게.{nl}{nl}오, 벌써 다녀 왔는가. {nl}수고했네. {nl}				
QUEST_JOBSTEP_20150317_000528	C'est aussi le rôle d'un Dievdirbys de prendre soin de l'œuvre, et pas seulement de la créer.{nl}N'oublie pas ce sentiment si tu veux apprendre les Skills d'un Dievdirbys.	작품을 만드는 것이 다가 아니라 애정을 가지고 보살피는 것도 딥디르비의 일이야.{nl}딥디르비의 기술을 익힐 거라면 이 느낌을 잊지 말게.				
QUEST_JOBSTEP_20150317_000529	Le nombre de monstres a beaucoup augmenté sur le Voie du démon affamé, et ils menacent les villageois là-bas.{nl}Si tu veux t'affirmer comme un véritable Sadhu, alors partage tes capacités.	큰 아귀 길에 있는 몬스터들의 수가 크게 불어나 주민들을 위협하고 있다고 합니다.{nl}당신이 진정한 사두로서 한 걸음 더 내딛고 싶다면 당신의 능력을 베푸십시오.				
QUEST_JOBSTEP_20150317_000530	Faire pénitence n'est pas seulement pour soi, c'est aussi être bon envers les autres.	고행은 자신을 위하는 것이 아니라 남에게도 베풀기 위해 하는 것입니다.				사두 마스터
QUEST_JOBSTEP_20150317_000531	À mesure que tu deviendras plus bienveillant envers les autres, tu atteindras un stade supérieur.{nl}En tant que Maître Sadhu, je te montrerai la voie.	남에게 베풀수록 당신의 경지도 높아지겠지요.{nl}그 길은 사두 마스터인 제가 이끌어 드리겠습니다.				사두 마스터
QUEST_JOBSTEP_20150317_000532	Avant tout, un Paladin se montre par ses actes plutôt que par ses paroles.{nl}Prouve ta foi religieuse envers la déesse en m'affrontant en duel.	우리 팔라딘은 말보단 행동으로 답하지.{nl}여신에 대한 신앙은 나와의 대련을 통해 증명하는 건 어떨까 싶네.				팔라딘 마스터
QUEST_JOBSTEP_20150317_000533	Avant tout, la foi religieuse est notre force à nous, les Paladins.{nl}Tu possèdes une grande foi religieuse.{nl}	우리 팔라딘에게 있어 신앙은 곧 힘이지.{nl}그런 점에서 자네는 아주 훌륭한 신앙심을 가졌구나.{nl}				팔라딘 마스터
QUEST_JOBSTEP_20150317_000534	Tu as réussi l'épreuve.{nl}Prépare-toi à ce que j'entraîne ton esprit plus durement désormais.	시험은 통과일세.{nl}이제부터 자네의 영혼을 더욱 강하게 단련시켜 줄 터이니 각오하는 게 좋을 거야.				팔라딘 마스터
QUEST_JOBSTEP_20150317_000535	Maître Moine	몽크 마스터				
QUEST_JOBSTEP_20150317_000536	Ta foi religieuse s'affirme quand ton corps est bien entraîné.{nl}Je vais te mettre à l'épreuve.	신앙이란 잘 단련된 육체가 있어야 완전해지는 법이 아니겠소.{nl}내 그대를 시험해 보리다.				몽크 마스터
QUEST_JOBSTEP_20150317_000537	Bien. Ta foi religieuse est très forte.{nl}Je t'accepterai comme Moine. Prépare-toi, car notre entraînement est très rude.	좋아. 그대의 신앙은 훌륭하군. {nl}입문을 허락하겠소. 우리 몽크들의 수련은 혹독하니 각오하는 게 좋을 거요.{nl}				
QUEST_JOBSTEP_20150317_000538	Maître Pardonneur	파드너 마스터				
QUEST_JOBSTEP_20150317_000539	Habituellement, le meilleur moyen d'être accepté comme Pardonneur est de verser beaucoup{nl}d'argent.{nl}Mais je pense qu'accomplir une tâche te conviendrait mieux.{nl}	보통 파드너로 입문을 하려면 거액을 기부하는 게 제일 좋지.{nl}하지만 자네는 입문 과제가 더 어울리겠군.{nl}				파드너 마스터
QUEST_JOBSTEP_20150317_000540	Rapporte-moi le Fire Pot, je t'en prie.{nl}J'ai entendu une rumeur selon laquelle les marchands de Fedimian l'auraient vu.	불항아리라는 물건을 가져다주게.{nl}페디미안의 상인들이 그 항아리를 봤다는 소문이 돌더군.				파드너 마스터
QUEST_JOBSTEP_20150317_000541	Waouh ! Bienvenue.{nl}As-tu besoin de quelque chose ?	아이고! 어서 오십시오.{nl}뭐, 찾는 물건이라도?				장비 상인
QUEST_JOBSTEP_20150317_000542	Le Fire Pot ? Je l'ai vu au Ruisseau de cristal. {nl}Le Maître Pardonneur le cherchait aussi. Je suppose qu'il ne l'a pas trouvé.	모스템이요? 수정개울에서 봤긴 봤죠. {nl}파드너 마스터께서도 찾으시던데. 아직도 못 찾으셨나 보네요?				
QUEST_JOBSTEP_20150317_000543	Ah, le Maître Pardonneur. {nl}Il y a bien des choses qu'il ignore...	파드너 마스터님도 참. {nl}깜깜하신 분이네요..				잡화 상인 뮤라스
QUEST_JOBSTEP_20150317_000544	Oh. Oui ! C'est bien ça.{nl}Je t'accepterai comme Pardonneur.	오오, 그래! 이거야. 등잔 밑이 어둡다더니 그게 내 꼴이군.{nl}어쨌든 파드너로 입문을 허락하지. 				
QUEST_JOBSTEP_20150317_000545	Retourne voir le Maître Pardonneur, je t'en prie.{nl}Il cherchait le Fire Pot depuis longtemps.	어서 파드너 마스터께 돌아가 보세요.{nl}그 불항아리를 아주 오랫동안 찾고 계셨거든요.				잡화 상인
QUEST_JOBSTEP_20150317_000546	Le Pot de feu ? Bien sûr que je le connais.{nl}Mais tu sais que je suis marchand. Si tu pouvais me rapporter l'huile durcie des monstres du Voie du démon affamé...	불항아리요? 알다마다요. {nl}하지만 전 장사꾼입지요. 큰 아귀 길에 있는 몬스터에게서 굳은 기름을 구해 주신다면 모를까..				
QUEST_JOBSTEP_20150317_000547	Si tu n'en as pas besoin, cela me convient.{nl}Comme je suis occupé, je vais simplement travailler.	필요 없으면 저도 일없습죠.{nl}바빠죽겠으니 일이나 하렵니다.				장비 상인
QUEST_JOBSTEP_20150317_000548	Oh, merci.{nl}Un monstre appelé Mostem garde le Fire Pot entre ses mains en permanence.{nl}	오, 감사합니다요.{nl}불항아리는 모스템이라는 몬스터가 한시도 손에서 놓지 않는 것이라 합지요.{nl}				장비 상인
QUEST_JOBSTEP_20150317_000549	Demande au marchand d'équipement là-bas, il a dit l'avoir vu récemment.	저어기, 장비상인이 최근에 봤다고 하니 그에게 물어보시죠.				장비 상인
QUEST_JOBSTEP_20150317_000550	Un Mage est un magicien qui se concentre sur les fondements de toute magie.{nl}Si tu recherches une magie plus puissante, tu devrais revenir aux bases.{nl}	위저드는 모든 마법의 기본에 가장 충실한 마법사야.{nl}더 강한 마법을 탐구하려면 역시 기본으로 돌아오는 게 제일 아니겠어?{nl}				위저드 마스터
QUEST_JOBSTEP_20150317_000551	Vaincs le Golem violent des Bois de Siauliai ouest, je t'en prie.{nl}Je déciderai de poursuivre ou non ton enseignement selon tes résultats.	샤울레이 서쪽 숲에서 난동을 피우는 난폭한 골렘을 처치해 줘.{nl}그걸로 네게 가르침을 계속 이어갈지 판단하겠어.				위저드 마스터
QUEST_JOBSTEP_20150317_000552	Haha.{nl}Je me souviens de l'époque où tu étais un mage stagiaire.	후후.{nl}네가 아직 수습 위저드일때가 생각났어.				위저드 마스터
QUEST_JOBSTEP_20150317_000553	Oui. Bien joué.{nl}Commençons par les bases. Je t'aiderai du mieux que je peux.	그래, 멋지게 해치웠네.{nl}다시 기본부터 시작해 보자고. 힘껏 도와주겠어.				위저드 마스터
QUEST_JOBSTEP_20150317_000554	Les Poata menacent les villageois des Bois de Siauliai est.{nl}Si tu parviens à vaincre ces monstres au nom de la Déesse Gabija, je t'enseignerai ma magie.{nl}{nl}	샤울레이 동쪽 숲에 있는 포아타가 주민들을 위협하고 있대.{nl}가비야 여신의 이름으로 그 몬스터를 없애 준다면 나의 마법을 전수해 주겠어.{nl}{nl}				
QUEST_JOBSTEP_20150317_000555	On peut dire qu'on devient plus fort en partageant son savoir avec les autres après avoir appris{nl}quelque chose.	배운 것이 있다면 주변에 베풀 줄도 알아야 진정한 강함이 아니겠어?				파이로맨서 마스터
QUEST_JOBSTEP_20150317_000556	Bien joué. La Déesse Gabija doit être très satisfaite.{nl}Comme promis, je te ferai passer au stade suivant du Pyromancien.	잘했어. 가비야 여신께서도 만족해하실 거야.{nl}약속대로 파이로맨서의 더 높은 경지로 이끌어 줄게.				
QUEST_JOBSTEP_20150317_000557	Tu rêves d'atteindre un stade supérieur grâce au pouvoir de l'air glacial.{nl}Les Mushcaria des Bois de Siauliai ouest constitueront une bonne tâche pour toi.	냉기의 힘으로 더 강력한 경지를 꿈꾸신다고요.{nl}샤울레이 서쪽 숲의 머슈카리아 정도면 훌륭한 과제가 되겠군요.				크리오맨서 마스터
QUEST_JOBSTEP_20150317_000558	Il n'est pas plaisant de voir un humain faible courir après la puissance.	나약한 인간이 강함을 추구한다는 건 참으로 못 보일 추태이지요.				크리오맨서 마스터
QUEST_JOBSTEP_20150317_000559	Tu t'en es bien sorti sans aucune faute.{nl}Comme promis, je poursuivrai ton entraînement.	부족함이 없는 모습, 잘 보았습니다.{nl}약속대로 당신을 더욱 강하게 단련시켜 드리죠.				크리오맨서 마스터
QUEST_JOBSTEP_20150317_000560	Un Psychokinésiste manifeste son pouvoir en croyant en ses propres capacités.{nl}Tu dois montrer à quel point tu as confiance en toi pour recevoir mes leçons.	사이코키노들은 자신의 능력을 믿는 것으로 힘을 발휘하네.{nl}자네가 스스로를 얼마나 믿는지를 보여야 내 가르침을 받을 수 있을 것이네.				
QUEST_JOBSTEP_20150317_000561	Les Guerriers Vubbe rouge de cette forêt sont difficiles à affronter.{nl}Mais si tu as confiance en toi, tu pourras les vaincre.	이 숲의 붉은 부베 투사는 자네에겐 분명 버거운 상대이네.{nl}하지만 자네 스스로를 믿는다면 분명 처치할 수 있을 것이네.				
QUEST_JOBSTEP_20150317_000562	Comment vas-tu utiliser ce pouvoir surnaturel si tu n'as pas confiance en toi ?{nl}Tu ne crois pas ?	자신을 믿지 않으면 누굴 믿어서 초능력을 쓰겠다는 건가?{nl}그렇지?				사이코키노 마스터
QUEST_JOBSTEP_20150317_000563	Tes capacités sont bien meilleures que je ne l'espérais.{nl}Mais si tu apprends auprès de moi, tu pourras atteindre un stade supérieur.	자네의 능력은 내 상상을 웃도는군.{nl}하지만 내 가르침이 있다면 더 높은 경지를 꿈꿀 수도 있을 걸세.				사이코키노 마스터
QUEST_JOBSTEP_20150317_000564	Avant que tu n'apprennes la magie auprès de moi, je veux voir comment tu maîtrises le mana.{nl}Vaincs le Guerrier Vubbe des Bois de Siauliai ouest en utilisant la magie de ton choix.	저에게 마법을 배우기에 앞서 당신의 마나 운용법을 알고 싶군요.{nl}어떤 마법이든 상관없으니 샤울레이 동쪽 숲의 부베 투사를 처치해 주세요.				
QUEST_JOBSTEP_20150317_000565	Plus tu en sais sur le Lieur, plus c'est fascinant.{nl}Tu ne trouves pas ? Lire le fil du mana...	링커란 분야는 참 알면 알수록 오묘하죠.{nl}그렇잖아요. 마나의 끈을 읽는다니..				링커 서브 마스터
QUEST_JOBSTEP_20150317_000566	Tu possèdes assurément de grandes capacités.{nl}En tant que Lieur, si je parviens à bien te guider, tu deviendras un magicien vraiment puissant.	당신은 아주 훌륭한 자질을 갖춘 것 같아요.{nl}제가 링커로서 당신을 잘 이끌어 줄 수만 있다면 정말 강력한 마법사가 되실 수 있을 거예요.				
QUEST_JOBSTEP_20150317_000567	Avant que tu n'apprennes la magie d'un Thaumaturge, je dois éprouver tes Skills magiques.{nl}Vaincs les Salamandres ardentes de la Tour du mage.	쏘마터지의 마법을 배우기 전에 당신의 마법적 소양을 시험해 볼 필요가 있겠어요.{nl}마법사의 탑에 있는 타오르는 샐러맨더 정도면 될 거 같네요.				
QUEST_JOBSTEP_20150317_000568	Il est important de mesurer ton habileté.{nl}Ce sera d'autant plus important si tu échoues à l'épreuve.	실력을 가늠하는 건 중요해요.{nl}게다가 당신이 시험을 통과하지 못한다면 더더욱 중요하겠지요.				쏘마터지 마스터
QUEST_JOBSTEP_20150317_000569	C'est bien.{nl}Je ferai de mon mieux pour t'aider à progresser à l'avenir.{nl}{nl}	이 정도면 훌륭해요.{nl}당신의 발전을 위해 힘껏 도와드릴게요.{nl}{nl}				
QUEST_JOBSTEP_20150317_000570	Plutôt que de te vanter en paroles, il vaut bien mieux montrer aux autres que tu es compétent.{nl}Je vais te soumettre à une épreuve. Vaincs le visqueux Reaverpede de Vallon de l'arbre restant.	자신을 말로 포장하는 것 보단 직접 보여주는 것이 백 배 낫습니다.{nl}머무르는 나뭇골의 미끈거리는 리버피드를 처치하는 것이 저의 시험입니다.				
QUEST_JOBSTEP_20150317_000571	Le Reaverpede de Vallon de l'arbre restant conviendrait bien à ta réputation.{nl}J'ai assez entendu parler de toi, mais je dois vérifier de mes propres yeux.	머무르는 나뭇골의 리버피드라면 당신의 명성에 어울리겠지요.{nl}당신의 이름이야 익히 들었습니다만, 저는 직접 확인해야 직성이 풀립니다.				
QUEST_JOBSTEP_20150317_000572	Très bien.{nl}Tu as ainsi obtenu le droit de devenir plus fort.{nl}	훌륭합니다.{nl}이걸로 당신은 더 강해질 수 있는 자격을 얻은 것이나 다름없습니다.{nl}				엘리멘탈리스트 서브 마스터
QUEST_JOBSTEP_20150317_000573	Tu ferais mieux d'abandonner si ta volonté n'est pas assez forte.{nl}Si ce n'est pas le cas, vaincs le Devilglove qui rôde dans les environs.	어설픈 각오로 날 찾아온 거라면 그만 포기하는 게 좋을지도.{nl}그게 아니라면 이 근처를 떠도는 데블글로브 정도가 입문 과제로 좋겠지. 				소서러 마스터
QUEST_JOBSTEP_20150317_000574	Les esprits maléfiques ne sont que des outils.{nl}Je ne ferai rien qui puisse me faire tourner le dos à la déesse.	악령은 순전히 도구일 뿐이야.{nl}여신을 등지는 짓은 하지 않아.				소서러 마스터
QUEST_JOBSTEP_20150317_000575	Tu emploies vraiment tous les moyens possibles.{nl}Enfin, nous nous ressemblons sur ce point. Je t'autoriserai à apprendre la magie auprès de moi.	정말 수단 방법을 가리지 않는군.{nl}뭐, 우리도 그 점은 마찬가지니까. 내게 마법을 배우는 걸 허락하겠어.				소서러 마스터
QUEST_JOBSTEP_20150317_000576	J'ai préparé quelque chose de bien là en bas pour celui qui deviendrait mon disciple.{nl}Ramasses-y quelques fragments de cadavre. 	혹여나 생길 나의 제자를 위해 이 아랫쪽에 멋진 것을 준비해 놨네.{nl}거기서 사체 일부를 주워 오도록 하게.				
QUEST_JOBSTEP_20150317_000577	Être un Nécromancien, c'est vraiment bien.{nl}Mais utiliser des humains comme ingrédients est absolument interdit.	멋진 길이야. 네크로맨서란.{nl}하지만 인간을 재료로 삼는 건 금기야.				네크로맨서 마스터
QUEST_JOBSTEP_20150317_000578	Très bien en effet.{nl}Tu n'as aucun mal à comprendre mes sorts.	정말 대단해. {nl}자네는 나의 주술을 이해하기에 손색이 없군,				네크로맨서 마스터
QUEST_JOBSTEP_20150317_000579	Maître Chronomancien	크로노맨서 마스터				
QUEST_JOBSTEP_20150317_000580	Si tu veux apprendre ma magie, je dois d'abord évaluer tes Skills.{nl}Vaincre le Reaverpede de Vallon de l'arbre restant devrait suffire.	저의 마법을 배우고 싶다면 먼저 당신의 실력을 알아야겠지요.{nl}머무르는 나뭇골의 골칫거리인 리버피드가 적당하겠어요.				
QUEST_JOBSTEP_20150317_000581	Aussi puissante que soit une magie, elle ne peut empêcher le temps de s'écouler.{nl}Mais ce serait peut-être possible s'il s'agissait de l'œuvre d'Agailla Flurry...	아무리 강력한 마법이라도 시간이 흐르는 것 자체를 막을 수는 없습니다.{nl}아가일라 플러리님이라면 모를까..				크로노맨서 마스터
QUEST_JOBSTEP_20150317_000582	Tu as fait bien mieux que je ne l'espérais.{nl}Je reconnais tes Skills. Suis désormais mes enseignements de près, je t'en prie.	생각보다 깔끔하게 해치우셨더라고요.{nl}당신을 인정하지요. 열심히 따라와 주시길 바랍니다.				크로노맨서 마스터
QUEST_JOBSTEP_20150317_000583	Je ne sais pas si ces maîtres pensent vraiment à la sécurité de la déesse et du royaume.{nl}Ironbaum approche de Klaipeda, mais personne ne s'en inquiète.	마스터라는 사람들이 과연 여신과 왕국의 안위들은 생각하고 있는지 알 수가 없어. {nl}아이언바움만 해도 클라페다로 다가오고 있다는데 누구 하나 걱정하지 않잖아?				위저드 마스터
QUEST_JOBSTEP_20150317_000584	Cette attitude est exactement ce que je voulais.{nl}Je t'enseignerai la véritable magie si tu vaincs Ironbaum aux Bois de Siauliai ouest.	바로 그런 자세를 원했어.{nl}샤울레이 동쪽 숲이라니까 아이언바움을 저지하고 돌아온다면 마법의 진수를 가르쳐 줄게.				위저드 마스터
QUEST_JOBSTEP_20150317_000585	Surtout l'attitude du Maître Cryomancien qui vraiment... m'exaspère.	특히 크리오맨서 마스터의 태도는 정말.. 화가 나.				위저드 마스터
QUEST_JOBSTEP_20150317_000586	Je me souviens de ton arrivée à Klaipeda.{nl}Si tu veux, tu peux commencer l'entraînement sur-le-champ.	네가 막 클라페다에 도착했을 때가 또 생각나네. {nl}원한다면 수련은 지금 바로 시작해도 좋아.				위저드 마스터
QUEST_JOBSTEP_20150317_000587	Ironbaum court en ce moment dans les Bois de Siauliai est.{nl}Mais le Maître Chronomancien ne fait rien à ce sujet.{nl}	지금 샤울레이 동쪽 숲에서 아이언바움이 마구 날뛰고 있어.{nl}하지만 크로노맨서 마스터는 온갖 고상한 척이란 척은 다 하면서 꿈쩍도 하지 않는걸.{nl}				파이로맨서 마스터
QUEST_JOBSTEP_20150317_000588	Je sais qu'il est un peu ridicule de demander une faveur à quelqu'un venu apprendre ma magie,{nl}mais je n'ai pas d'autre choix.{nl}Je veux que tu vainques Ironbaum pour lui donner une leçon.	내게 마법을 배우러 온 사람에게 이런 부탁은 우습지만, 어쩔 수 없네.{nl}그 녀석에게 본때를 보여주기 위해서라도 네가 그 아이언바움을 처치해줘야 겠어.				파이로맨서 마스터
QUEST_JOBSTEP_20150317_000589	Klaipeda pourrait être en danger, mais il ne se soucie que de sa propre sécurité. C'est pathétique.	클라페다까지 위험에 빠질 지도 모르는데 자신의 안전만 찾다니, 참 한심해.				파이로맨서 마스터
QUEST_JOBSTEP_20150317_000590	Bien joué.{nl}Le Maître Cryomancien ne restera plus les bras croisés maintenant que l'apprenti Pyromancien{nl}s'est aussi avancé.{nl}D'ici là, parlons de la magie du feu en détail.	수고했어.{nl}파이로맨서 수련생도 나섰는데 크리오맨서 마스터도 이젠 가만히 있지 못할거야.{nl}그때까지 천천히 불의 마법에 대해 얘기해 보자고.				파이로맨서 마스터
QUEST_JOBSTEP_20150317_000591	Les autres maîtres me blâment tous.{nl}Ils m'ont dit que je ne fais rien alors que ces monstres menacent Klaipeda.{nl}	다른 마스터들이 절 헐뜯고 있어요.{nl}몬스터가 클라페다를 위협하는데 나서지 않는다고요. {nl}				크리오맨서 마스터
QUEST_JOBSTEP_20150317_000592	Dois-je vraiment affronter ces monstres faibles ?{nl}Si tu peux t'en occuper, je t'enseignerai la magie du Chronomancien.	별 것도 아닌 몬스터를 상대하는데 저까지 나서야겠습니까?{nl}당신이 대신 나서 주신다면, 크리오맨서의 마법을 가르쳐 드리지요.				크리오맨서 마스터
QUEST_JOBSTEP_20150317_000593	Il s'appelle Ironbaum et se trouve aux Bois de Siauliai ouest.{nl}Même si cela ne m'intéresse pas, je ne peux m'empêcher d'entendre, je ne suis pas sourd.	샤울레이 서쪽 숲의 아이언바움이라고 하는군요.{nl}관심 없어도 귀가 있으니 들리는 건 어쩔 수 없어요.				크리오맨서 마스터
QUEST_JOBSTEP_20150317_000594	Je me demande ce que penserait le Maître Pyromancien en voyant Ironbaum vaincu.{nl}Je t'enseignerai la magie du Chronomancien comme promis.	파이로맨서 마스터가 널브러진 아이언바움을 보고 무슨 말을 할지 참 기대되는군요.{nl}약속대로 크리오맨서의 마법을 가르쳐 드리겠습니다.				크리오맨서 마스터
QUEST_JOBSTEP_20150317_000595	J'ai une requête pour laquelle je ne veux pas être devancé par le Maître Lieur.{nl}Si tu pouvais t'en occuper en mon nom, je t'enseignerai à maîtriser ton énergie. Qu'en dis-tu ?	링커 마스터에게 절대로 빼앗기고 싶지 않은 의뢰가 있네.{nl}자네가 바쁜 나 대신 그 의뢰를 처리해준다면 염력의 운용법에 대해 가르쳐 주지. 어떤가?				사이코키노 마스터
QUEST_JOBSTEP_20150317_000596	Ce n'est pas si difficile.{nl}Tu n'as qu'à vaincre le Loup-garou qui rôde dans ce village minier.	별로 어려운 것은 아니야. {nl}이 광산 마을을 배회하는 웨어울프를 처치하고 오면 되는 간단한 일이네.				사이코키노 마스터
QUEST_JOBSTEP_20150317_000597	J'ai eu des ennuis avec ça à quelques reprises par le passé.{nl}Mais si j'ai un disciple comme toi, je ne me ferai plus devancer par le Maître Lieur.	예전에도 몇 번이나 골탕을 먹었었지.{nl}하지만 자네같은 제자가 있다면 더 이상 링커 마스터에게 지진 않을거네.				사이코키노 마스터
QUEST_JOBSTEP_20150317_000598	C'est parfait !{nl}Laisse tomber le Maître Lieur et parlons de l'énergie en détail.	훌륭하군!{nl}링커 마스터는 이제 내버려두고, 우린 염력에 대해 심도있는 대화나 나눠보세.				사이코키노 마스터
QUEST_JOBSTEP_20150317_000599	Si tu veux apprendre ma magie, il y a quelque chose que tu dois faire pour moi.{nl}Vaincs le Loup-garou apparu au Village des mineurs plus vite que le Maître Psychokinésiste.	제 마법을 배우고 싶다면 당신이 해줘야 할 일이 있어요.{nl}광산 마을에 나타난 웨어울프를 사이코키노 마스터보다 더 빠르게 처치해 주세요.				링커 마스터
QUEST_JOBSTEP_20150317_000600	Le Werewolf n'est pas facile, mais tu parviendras à le vaincre.{nl}Tu as postulé pour devenir Lieur, n'est-ce pas ?	웨어울프는 만만치 않은 몬스터지만, 당신이라면 당연히 물리칠 수 있을 거예요.{nl}링커 지망생이잖아요?				링커 마스터
QUEST_JOBSTEP_20150317_000601	Bien joué. Je me demande ce que ressentira le Maître Psychokinésiste en voyant le Loup-garou{nl}vaincu.{nl}Je t'enseignerai ma magie comme je te l'ai promis.	잘했어요. 사이코기노 마스터가 널부러진 웨어울프를 보고 어떤 얼굴일지 궁금하네요.{nl}약속대로 제 마법을 전수해 드리지요.				링커 마스터
QUEST_JOBSTEP_20150317_000602	Des monstres sèment le chaos près de Fedimian.{nl}Par conséquent, les maîtres travaillent ensemble pour les vaincre.{nl}Alors, si tu postules pour devenir Thaumaturge, je pense que tu devrais aider aussi.	페디미안의 근처에서 몬스터들이 갑자기 난동을 부리고 있어요.{nl}덕분에 마스터들이 녀석들을 해치우는데 합심하고 있죠.{nl}어때요, 쏘마터지 지망생이라면 당연히 힘을 보태야 할 일이라고 보는데요?				
QUEST_JOBSTEP_20150317_000603	Oh, c'est très courageux de ta part ! {nl}Vaincs le Netherbovine à Ligne de faille, et je te ferai progresser à ton retour.	오, 대단한 용기인걸요? {nl}단층지에서 난동을 부리고 있는 네더보바인을 해치우고 돌아온다면 전직을 시켜 드리죠.				
QUEST_JOBSTEP_20150317_000604	Bien. Tu es qualifié comme Thaumaturge.{nl}Comme promis, je te ferai progresser.	좋아요. 쏘마터지로서 그 정도면 충분히 자격이 있네요.{nl}약속대로 전직시켜 드릴게요.				
QUEST_JOBSTEP_20150317_000605	Tous les maîtres de Fedimian traquent les monstres qui semaient le chaos.{nl}Tu dois vaincre ces monstres avant tout le monde pour apprendre ma magie.	페디미안의 모든 마스터들이 난동을 부리는 몬스터를 쫓고 있어요.{nl}누구보다도 먼저 그 몬스터를 처치해 주셔야만 제 마법을 배울 자격이 있습니다.				
QUEST_JOBSTEP_20150317_000606	Le monstre s'appelle Netherbovine. {nl}D'après une source fiable, il est apparu à Ligne de faille récemment.	네더보바인이라는 몬스터입니다.{nl}믿을만한 소식통에 의하면 최근 단층지에서 나타났다는군요.				
QUEST_JOBSTEP_20150317_000607	J'imagine encore la tête des autres maîtres.{nl}Non seulement cela, mais je suis aussi heureux d'avoir un bon disciple.	다른 마스터들의 표정이 눈에 선하군요.{nl}뿐만 아니라 좋은 제자를 얻게 되어서 기분이 참 좋습니다.				
QUEST_JOBSTEP_20150317_000608	Il n'est pas logique pour un maître de rester dans un lieu sûr quand des hordes de monstres sévissent.{nl}J'ai trouvé cela injuste, alors j'ai quitté Fedimian.{nl}	몬스터가 넘쳐나는데도 마스터면서 안전한 곳에만 있겠다는 건 말도 안 되는 거 같아.{nl}그건 도리가 아닌 거 같아서 페디미안에서 뛰쳐나왔어.{nl}				
QUEST_JOBSTEP_20150317_000609	J'ai entendu dire que Necroventer était réapparu dans l'ancien jardin de la déesse.{nl}Si tu rêves de devenir Sorcier, j'espère que tu suivras ma requête.	마침 여신의 옛뜰에서 네크로벤터가 다시 나타났다고 들었어.{nl}너도 소서러를 꿈꾼다면 내 뜻에 따라줬으면 해.				
QUEST_JOBSTEP_20150317_000610	Il est absurde pour un maître de rester dans un lieu sûr.{nl}	마스터면서 안전한 울타리 안에만 있다니, 정말 바보같은 짓이야.{nl}				
QUEST_JOBSTEP_20150317_000611	Je comprends ton point de vue.{nl}Je t'enseignerai la magie comme je l'avais promis.	네 뜻은 잘 알겠어.{nl}약속대로 내 마법을 가르쳐 줄게.				
QUEST_JOBSTEP_20150317_000612	Je peux t'enseigner ma magie quand tu veux.{nl}Mais je ne suis pas sûr que tu puisses bien suivre.	제 마법은 언제든 가르쳐드릴 순 있지요. {nl}하지만 당신이 과연 따라올 수 있을지 의문이 드네요.{nl}				
QUEST_JOBSTEP_20150317_000613	Si c'est le cas, vaincs Necroventer apparu dans l'ancien jardin de la déesse, je t'en prie.{nl}Je pourrai t'enseigner ma magie quand tu en seras capable.	그렇다면 여신의 옛뜰에 출몰하는 네크로벤터를 처치해 주세요.{nl}그 정도는 해내셔야 제 마법을 가르쳐 드릴 수 있습니다.				크로노맨서 마스터
QUEST_JOBSTEP_20150317_000614	Tu es meilleur que je ne l'espérais.{nl}Mais la magie qui maîtrise le temps est vraiment difficile, alors prépare-toi.	제 예상을 훨씬 웃도는 분이시군요.{nl}하지만 시간을 다루는 마법은 아주 어려운 영역이니 각오하셔야 할 겁니다.				
QUEST_JOBSTEP_20150317_000615	Ça fait longtemps. Tu veux devenir Alchimiste.{nl}Je dois vérifier si tu es digne d'être un Alchimiste.	오랜만입니다. 알케미스트가 되고 싶으시다고요.{nl}그 격에 어울리는 사람인지 먼저 알아봐야겠습니다.				
QUEST_JOBSTEP_20150317_000616	Bien.{nl}Vaincs le Loup-garou qui sème le désordre dans les environs, je t'en prie.{nl}	좋습니다.{nl}근처에서 난동을 피우고 있는 웨어울프를 처치해 주십시오.{nl}				바이도타스
QUEST_JOBSTEP_20150317_000617	Il n'est pas difficile d'acquérir le savoir d'un Alchimiste.{nl}Tu peux apprendre les bases, comme la décomposition d'un élément et la synthèse,{nl}progressivement.	알케미스트의 지식을 전수받는건 어려운 일이 아닙니다.{nl}물질의 분해, 추출, 합성 등등에 대한 기본 원리야 천천히 배우면 되니까요.				바이도타스
QUEST_JOBSTEP_20150317_000618	Bien. J'attends beaucoup de ton avenir.{nl}Je te ferai accéder au rang d'Alchimiste.	좋습니다. 앞으로가 기대되는군요.{nl}알케미스트로 전직시켜 드리겠습니다.				
QUEST_JOBSTEP_20150317_000619	Tu dois prouver ta détermination à éliminer le mal pour suivre l'entraînement d'un Prêtre.{nl}Récupère des bourses imprégnées de Magi auprès des Vubbe du 1er étage de la Mine de cristal, je t'en prie.	프리스트의 수행을 따르시려면 먼저 사악한 힘을 몰아낼 의지를 증명하셔야 합니다.{nl}수정광산 1층의 부베들에게서 마기가 깃든 주머니를 빼앗아 오십시오.				
QUEST_JOBSTEP_20150317_000620	Parle à l'ancien de la Mine de cristal si tu as du mal à y entrer, je t'en prie.	만약 수정광산에 들어가기 힘들다면 광산 마을의 촌장님께 이야기해 보십시오.				
QUEST_JOBSTEP_20150317_000621	Je purifierai ces bourses afin qu'elles ne dégagent plus de pouvoir démoniaque.{nl}Frère, je t'accueille en tant que Prêtre.	이 주머니들은 정화하여 더 이상 마기를 뿜지 못하도록 할 것입니다.{nl}형제여, 프리스트에 입문하게 된 것을 환영합니다.				프리스트 마스터
QUEST_JOBSTEP_20150317_000622	Frère. Tu es venu de loin pour apprendre la foi religieuse d'un Krivis, mais je n'ai pas le temps de{nl}t'accueillir en ce moment.	형제여. 크리비의 신앙 생활을 배우기 위해 먼 발걸음을 하셨지만, 지금은 경황이 없네.{nl}				크리비 마스터
QUEST_JOBSTEP_20150317_000623	L'un de nos frères qui rapportait une relique sacrée a disparu.{nl}J'ai prié pour la miséricorde de la déesse. Peux-tu retrouver notre frère ?	성물을 가져오시던 우리의 형제분이 실종되었어.{nl}여신의 자비를 빌어 부탁하겠네. 형제께서 그분을 찾아 주실 수 있겠는가?				크리비 마스터
QUEST_JOBSTEP_20150317_000624	Frère Krivis	크리비 형제				
QUEST_JOBSTEP_20150317_000625	N'approche pas !{nl}Les monstres qui convoitent la relique sacrée arrivent !	가까이 오지 마십시오!{nl}성물을 노리는 몬스터들이 몰려오고 있어요!				크리비 형제
QUEST_JOBSTEP_20150317_000626	J'avais tellement peur de ne pas pouvoir apporter la relique sacrée à Klaipeda.{nl}Frère, tu dois être un messager envoyé par la déesse.	성물을 클라페다로 가져갈 수 없게 되면 어떡하나 하는 생각에 너무나도 두려웠습니다.{nl}형제여, 그대는 여신께서 보낸 사자임이 틀림없습니다.				크리비 형제
QUEST_JOBSTEP_20150317_000627	Le dernier appel s'est arrêté à la Mine de cristal.{nl}Le frère devrait être en sécurité... Je suis si inquiet.	광산 마을에서 마지막 연락이 끊겼네.{nl}형제께서 무사해야 할 텐데 참으로 큰일이야.				크리비 마스터
QUEST_JOBSTEP_20150317_000628	J'ai encore beaucoup à faire.{nl}Ne t'inquiète pas, remets cette relique sacrée au Maître Krivis, je t'en prie.	저는 아직 해야 할 일이 많습니다.{nl}걱정하지 마시고 어서 이 성물을 크리비 마스터께 전해 주십시오.				크리비 형제
QUEST_JOBSTEP_20150317_000629	Comment pourrais-je dire que cet objet est plus important qu'une personne.{nl}C'est entièrement grâce à la bénédiction de la déesse que notre frère est sain et sauf.{nl}	어찌 사람보다 이런 물건이 중요하다 하겠는가.{nl}형제와 그분 다 무사하시니 이것도 여신께서 보살펴 주신 덕이겠지.{nl}				크리비 마스터
QUEST_JOBSTEP_20150317_000630	Quoi qu'il en soit, nous t'accueillons comme membre des Krivis.{nl}La déesse doit être heureuse de te voir.	어쨌든, 크리비의 일원이 된 것을 환영하네.{nl}형제 같은 분이라면 여신께서도 흡족해 하실 게야.				크리비 마스터
QUEST_JOBSTEP_20150317_000631	Tu dois prouver que tu es apte à manier l'épée si tu veux atteindre un niveau supérieur{nl}d'escrime.{nl}Obtiens le cœur du Orque de pierre au 1er étage de la Mine de cristal, je t'en prie.	좀 더 높은 검의 경지에 오르고 싶다면 스스로가 검에 어울리는 인물인지 증명해야겠지.{nl}수정광산 1층에 있는 스톤오르카에게서 스톤오르카의 심장을 가지고 오렴.				소드맨 마스터
QUEST_JOBSTEP_20150317_000632	Rien n'est plus important que la vie.{nl}Si tu veux manier l'épée, tu dois être déterminé.	목숨보다 가치 있는 것은 없단다.{nl}검을 들려면 그 정도 가치를 걸 각오가 되어 있어야 하는 거야.				소드맨 마스터
QUEST_JOBSTEP_20150317_000633	Bien, c'est ça... tu l'as bien récolté.{nl}Je t'enseignerai comment devenir quelqu'un d'apte à manier l'épée.	그래 이거야.. 아주 잘 모아왔군.{nl}검에 어울리는 사람이 되려면 어떻게 해야 하는지 내 똑똑히 가르쳐 주지.				소드맨 마스터
QUEST_JOBSTEP_20150317_000634	La magie ne fait pas la valeur d'une personne, et je n'aime pas les paresseux.{nl}Vaincs les Déchiqueté au 1er étage de la Mine de cristal.	마법은 사람을 가리지 않지만 난 게으른 사람은 싫어.{nl}수정광산 1층에서 쉬레디드를 처치하는 것으로 네 근성을 시험해 보겠어.				
QUEST_JOBSTEP_20150317_000635	Si tu ne t'entraînes pas correctement, je ne t'accepterai pas comme Mage.{nl}Apprends cent fois et entraîne-toi mille fois pour devenir un véritable Mage.	제대로 수련하지 않는다면 위저드의 이름은 내가 절대 허락하지 않아.{nl}백 번을 익히고 천 번을 수련해야 비로소 위저드의 이름을 가질 수 있는 거야.				위저드 마스터
QUEST_JOBSTEP_20150317_000636	Je comprends ta détermination.{nl}Je t'enseignerai bien afin que tu deviennes quelqu'un de vraiment apte à la magie.	네 의지는 잘 알겠어.{nl}위저드의 이름에 걸맞는 사람이 되도록 제대로 가르쳐 주겠어.				위저드 마스터
QUEST_JOBSTEP_20150317_000637	Tu veux apprendre mes Skills ?{nl}Ce n'est pas difficile à enseigner, mais serais-tu capable de maîtriser ma leçon ?	나의 기술을 배우고 싶다고?{nl}가르쳐 주는 거야 어렵지 않지만, 네가 내 지도를 소화해 낼 수 있을까?				아처 마스터
QUEST_JOBSTEP_20150317_000638	Si tu ne peux pas rapporter de flèches, tu ferais mieux d'abandonner maintenant.	화살을 가져올 수 없다면 그냥 일찍 포기하는 게 더 나을지도 몰라.				아처 마스터
QUEST_JOBSTEP_20150317_000639	Bien, tu as réussi.{nl}Je t'enseignerai à devenir un archer talentueux.	이 정도면 합격이야.{nl}훌륭한 궁수가 되도록 잘 지도해 주지.				아처 마스터
QUEST_JOBSTEP_20150317_000640	Les Clercs aident les autres à atteindre un stade supérieur.{nl}Pour soigner les autres, rapporte-moi l'onguent vert des Vubbe du 1er étage de la Mine de cristal, je t'en prie.{nl}{nl}	클레릭은 봉사로써 더욱 높은 경지를 바라본답니다.{nl}많은 사람들을 치료할 수 있도록 수정광산 1층의 부베에게서 녹색 고약을 모아 주세요.{nl}{nl}				
QUEST_JOBSTEP_20150317_000641	La déesse m'a dit de t'aider.{nl}En aidant ceux qui t'entourent, tu aideras aussi ton propre esprit.	여신께선 언제나 주변을 도우라고 하셨습니다.{nl}주변을 돕는 것으로 나의 영혼을 돕는 것이라 하셨죠.				클레릭 마스터
QUEST_JOBSTEP_20150317_000642	Je pense pouvoir soulager les douleurs de nombreux patients avec ceci.{nl}En tant que Maître Clerc, je t'aiderai à contribuer davantage à la déesse.	이걸로 많은 환자들의 고통을 덜어드릴 수 있겠지요.{nl}클레릭 마스터로서 당신이 여신께 더 헌신할 수 있도록 도와드릴게요.				클레릭 마스터
QUEST_JOBSTEP_20150317_000643	Vaincs les chauves-souris du 1er étage de la Mine de cristal et rapporte-moi leurs ailes en preuve.	수정광산 1층의 박쥐를 처치하고 그 증거로 녀석들의 날개을 가져와.				
QUEST_JOBSTEP_20150317_000644	Si tu peux nous offrir la bénédiction de la guérison, tu te rapprocheras encore davantage de la{nl}déesse.{nl}En aidant les autres, je t'aiderai à atteindre un stade supérieur de Clerc.	치유의 은혜를 베푼다면 더욱 여신께 가까워질 수 있습니다.{nl}봉사를 통해 클레릭의 더 높은 경지를 이룰 수 있도록 제가 도와드릴 수 있답니다.				클레릭 마스터
QUEST_JOBSTEP_20150317_000645	Beaucoup de gens viennent ici après avoir été blessés par des monstres.{nl}Mais comme je n'ai plus d'herbes, nous n'avons d'autre choix que de donner les premiers soins{nl}aux patients.	많은 분들이 몬스터의 습격을 받고 이곳으로 오십니다.{nl}하지만 저희도 가지고 있는 약초가 동난 터라 응급처치밖에 할 수 없었지요.				클레릭 마스터
QUEST_JOBSTEP_20150317_000646	Merci.{nl}En tant que Maître Clerc, je t'aiderai à accomplir une mission supérieure.	감사합니다. {nl}클레릭 마스터로써 당신이 더 높은 사명을 이루는 것을 기꺼이 도와드리겠습니다.				클레릭 마스터
QUEST_JOBSTEP_20150317_000647	Le nombre de blessés par les attaques de monstres ne cesse d'augmenter, mais nous n'avons pas assez d'herbes.{nl}Rapporte-leur de l'alcool de fleur sauvage du Marché solitaire, je t'en prie.	몬스터의 습격으로 다친 분들이 늘었지만 약초는 부족하기만 합니다.{nl}그들을 위하여 스산한 장터의 야생화 꽃술을 모아 주세요.				
QUEST_JOBSTEP_20150317_000648	{nl}Je peux peut-être t'aider, mais tu dois savoir ce qu'est un véritable combat avant de recevoir mes{nl}leçons.{nl}	{nl}내게 가르침을 받기 전에 실전의 느낌이란 게 어떤 것인지 내가 도와줄 수도 있겠구나.{nl}				소드맨 마스터
QUEST_JOBSTEP_20150317_000649	Tu peux trouver les Honeypin à la Forêt indigo profonde.{nl}Ils constitueront un bon défi pour toi en ce moment.	청랑머문 숲에 가면 허니핀이라는 몬스터를 찾을 수 있단다.{nl}그 정도라면 지금 너에게 딱 좋은 실전 경험이 되겠지.				소드맨 마스터
QUEST_JOBSTEP_20150317_000650	Tu dois t'entraîner dur et vivre de vrais combats, mais n'oublie pas le mot prudence.	훈련은 실전처럼 해야 하나 조심이라는 단어도 잊지 말아야 한단다.				소드맨 마스터
QUEST_JOBSTEP_20150317_000651	Bien. Je vois que tu es bien meilleur maintenant.{nl}Si tu veux apprendre, viens souvent, je t'en prie.	그래. 그새 자세가 좋아진 게 보이는구나.{nl}가르침을 받고 싶다면 자주 들르거라.				소드맨 마스터
QUEST_JOBSTEP_20150317_000652	Tes récits héroïques sont de bonnes leçons pour nous, les Peltastes.{nl}Mais je dois t'évaluer moi-même avant de t'accepter comme disciple.	당신의 무용담은 우리 펠타스타들에게도 훌륭한 귀감이 되고 있습니다. {nl}하지만 저는 제 눈으로 직접 확인되어야만 제자로 받아들일 수 있습니다.				펠타스타 마스터
QUEST_JOBSTEP_20150317_000653	Les récits sont toujours exagérés.{nl}Alors pardonne-moi d'être aussi exigeant.	이야기라는 것은 원래 과장되고 부풀려지기 마련입니다.{nl}그러니 이렇게 까다롭게 구는 것을 용서해 주십시오.				펠타스타 마스터
QUEST_JOBSTEP_20150317_000654	Ce n'était pas exagéré.{nl}Puisque ton habileté est prouvée, je t'accepterai pour apprendre les leçons d'un Peltaste.	과장이 아니었군요. {nl}당신의 실력은 입증되었으니 펠타스타의 가르침을 받는 것을 허락하겠습니다.				펠타스타 마스터
QUEST_JOBSTEP_20150317_000655	La seule chose en laquelle tu peux avoir confiance dans un vrai combat, c'est ton expérience.{nl}Si tu veux apprendre l'art de l'épée d'un Highlander, il sera bon d'accumuler davantage{nl}d'expérience.	전투에서 믿을 수 있는 건 자신의 경험뿐이다.{nl}그대도 하이랜더의 검술을 배우고 싶다면 좋은 경험을 쌓는 것이 중요할 것이다.				하이랜더 마스터
QUEST_JOBSTEP_20150317_000656	Il y a un monstre appelé Honeypin à la Forêt indigo profonde.{nl}L'affronter sera une bonne expérience pour toi.	청랑머문 숲에 가면 허니핀이라는 몬스터가 있다.{nl}그 몬스터를 상대하는 것은 좋은 경험이 되겠지.				하이랜더 마스터
QUEST_JOBSTEP_20150317_000657	Bien joué.{nl}Tu deviendras un bon épéiste si tu acquiers plus d'expérience et apprends auprès de moi.	수고했다.{nl}앞으로도 실전 경험을 쌓고 나의 밑에서 검을 배운다면 좋은 검사가 될 수 있을 것이다.				하이랜더 마스터
QUEST_JOBSTEP_20150317_000658	Pour être appelé Hoplite, tu dois agir de manière à ce que tout le monde puisse te faire confiance{nl}et compter sur toi.{nl}Tes Skills sont déjà célèbres ici, mais je veux les constater de mes propres yeux.	하플라이트의 이름을 짊어질 거라면 주변 동료들이 믿고 따를 수 있는 귀감이 되어야 할 겁니다.{nl}당신의 실력이야 이미 유명합니다만, 그래도 저는 직접 확인해보고 싶군요.				하플라이트 마스터
QUEST_JOBSTEP_20150317_000659	Il y a un monstre appelé Colimencia à la Forêt de roches stratifiées. {nl}C'est un monstre menaçant, mais tu devrais le vaincre facilement.	점층바위 숲에 콜리멘시아라는 몬스터가 있습니다.{nl}위협적인 몬스터입니다만, 이 정도는 가볍게 처치하셔야 합니다.				
QUEST_JOBSTEP_20150317_000660	Je pensais que cela te prendrait plus de temps, tu es meilleur que je ne le croyais.{nl}Je compte sur toi comme collègue.	시간이 꽤 걸리리라 생각했는데 생각했던 것보다 더 뛰어나시군요.{nl}스승과 제자가 아닌 전우로써, 잘 부탁드립니다.				하플라이트 마스터
QUEST_JOBSTEP_20150317_000661	Il est étrange qu'une personne aussi habile que toi vienne apprendre auprès de moi.{nl}Mais tout apprentissage a un prix.	너 만한 자가 나에게 가르침을 받겠다니 참으로 기묘하군.{nl}하지만 어떤 가르침이든 그에 따른 대가는 필요한 법이다.				바바리안 마스터
QUEST_JOBSTEP_20150317_000662	J'ai entendu dire que les Poata de la Forêt de roches stratifiées attaquent les gens.{nl}Ce serait plus que suffisant si tu parvenais à les vaincre.	점층바위 숲의 포아타가 사람을 습격하기로 악명높다고 들었다.{nl}그만하면 충분한 대금이 될 것이다.				
QUEST_JOBSTEP_20150317_000663	Je suppose donc que cela a été réglé facilement.{nl}Bien. Tu es qualifié.{nl}	쉽게 끝난 모양이군.{nl}좋아. 자격은 충분하다.{nl}				바바리안 마스터
QUEST_JOBSTEP_20150317_000664	Si tu veux apprendre auprès de moi, tu dois d'abord me montrer tes Skills.{nl}Je pense que vaincre Colimencia à la Forêt de roches stratifiées serait plus que suffisant.	내게 가르침을 받기 원한다면 그 전에 자네의 실력을 내게 보여주게.{nl}점층바위 숲의 콜리멘시아라면 자네 명성에 걸맞은 상대겠지.				
QUEST_JOBSTEP_20150317_000665	Tu dois devenir fort pour servir d'exemple aux autres. Tu ne crois pas ?	스스로가 강해야 귀감이 되지. 안 그래?				로델레로 서브 마스터
QUEST_JOBSTEP_20150317_000666	Bien. Tes Skills suffisent.{nl}Je suis heureux de t'enseigner.	좋아, 그 정도면 실력은 충분하군.{nl}가르치는 보람이 있겠어.				
QUEST_JOBSTEP_20150317_000667	Si tu veux devenir un Cataphractaire, tu dois pouvoir vaincre Gaigalas à la Forêt sans fleurs.{nl}Reviens après l'avoir vaincu.	캐터프랙트 지망생이라면 꽃모자른 숲의 가이갈라스를 처치할 정도는 되어야지. {nl}알겠다면 냉큼 다녀오게.				
QUEST_JOBSTEP_20150317_000668	Rien n'a pu entraver ma voie depuis que j'ai décidé de devenir un Cataphractaire. {nl}Transperce simplement tout ce qui nous barre la route. Tu ne crois pas ?	캐터프랙트가 되겠다고 결심한 이상 거칠 게 뭐가 있겠어. {nl}과제고 뭐고 방해가 되는 건 전부 뚫어버리면 그만인 거야. 그렇지?				
QUEST_JOBSTEP_20150317_000669	Tu es plus que je ne l'espérais.{nl}Bien. Continuons cette bonne relation.	캐터프랙트로서 인정받기에 부족함이 없군.{nl}좋아. 잘 지내보자고.				
QUEST_JOBSTEP_20150317_000670	Je suis désolé, mais je suis trop occupé pour t'accepter en ce moment.{nl}J'ai entendu dire que quelqu'un avait vu le symbole de notre famille, perdu lors de Medzio Diena, alors je le recherche.	죄송하지만 지금 저는 개인적으로 바쁜 일이 있어서 당신을 거둘 여유가 없습니다.{nl}신수의 날에 잃어버린 가문의 장식을 봤다는 제보가 있어서 추적 중이거든요.{nl}				
QUEST_JOBSTEP_20150317_000671	Je suis le dernier survivant de la famille Legwyn, alors chaque symbole compte pour moi.	르귄가문은 이제 저밖에 남지 않았기에 사소한 가문의 증표 하나하나가 모두 소중하답니다.				스콰이어 마스터
QUEST_JOBSTEP_20150317_000672	Ceci... est le symbole de la famille Legwyn.{nl}Merci. Comme je te l'ai promis, je t'aiderai à atteindre un niveau supérieur.	이건.. 르귄가문의 장식이 맞습니다.{nl}감사합니다. 약속대로 당신이 더 높은 경지로 갈 수 있게 돕도록 하죠.				
QUEST_JOBSTEP_20150317_000673	Si tu veux apprendre auprès de moi, la courtoisie veut que tu montres d'abord tes propres Skills. {nl}Vaincre les Honeypin de la Forêt indigo profonde suffira. 	나에게 뭘 배우고 싶다면 실력부터 제대로 보여주는게 예의지.{nl}청람머문 숲의 허니핀 정도가 적당하겠어.				
QUEST_JOBSTEP_20150317_000674	Pour moi, la vie de pirate consiste à se battre, voler, se battre encore, et voler encore.{nl}Mes compagnons, buvez !	나에게 해적의 삶이란 싸우고 훔치고, 또 싸우고 또 훔치지.{nl}부하들이여, 쭉 들이켜라!				커세어 마스터
QUEST_JOBSTEP_20150317_000675	Très fiable.{nl}Bien. Je t'enseignerai mes Skills désormais.	믿음직스럽군.{nl}좋아. 이제부터 내 기술을 전수해 주겠어.				
QUEST_JOBSTEP_20150317_000676	Si tu veux apprendre quelque chose auprès de moi, vaincs Gaigalas à la Forêt sans fleurs.{nl}Si tu veux être reconnu tant pour ta détermination que pour tes Skills.{nl}{nl}	나에게 무언가를 배우고 싶다면 꽃모자른 숲에 가면 가이갈라스를 처치해라.{nl}너의 각오와 실력 모두를 인정받고 싶다면 말이다.{nl}{nl}				
QUEST_JOBSTEP_20150317_000677	C'est une requête très dangereuse qui met les autres maîtres mal à l'aise.{nl}Si tu veux davantage, tu dois accepter des requêtes plus dangereuses.	다른 마스터들도 거북해하는 아주 위험한 의뢰이지.{nl}더 많은 것을 원한다면 그만큼 더 위험한 의뢰에 응할 수밖에 없지 않겠나?				도펠죌트너 마스터
QUEST_JOBSTEP_20150317_000678	Je reconnaîtrai tes Skills comme promis. {nl}Suis-moi. Je t'ouvrirai la voie du Doppelsoeldner.	약속한 대로 너의 실력을 인정하지. {nl}따라와라. 도펠죌트너의 길을 열어주겠다.				
QUEST_JOBSTEP_20150317_000679	J'évaluerai tes Skills en voyant si tu parviens ou non à vaincre Gaigalas à la Forêt sans fleurs. {nl}Je te souhaite bonne chance.	꽃모자른 숲의 가이갈라스 정도라면 확인할 수 있겠지요.{nl}부디 무운을 빌겠습니다.				
QUEST_JOBSTEP_20150317_000680	... Je suppose qu'il n'y a pas d'autre moyen. Je pense pouvoir t'éprouver avec ceci.{nl}J'ai entendu dire que quelqu'un a vu un Poata avaler l'emblème à la Forêt de roches stratifiées.{nl}Bien alors, je compte sur toi.	..할 수 없겠네요. 이걸로 당신을 시험해 볼 수도 있겠지요.{nl}점층바위 숲의 포아타가 문장을 삼키는 걸 본 사람이 있다는군요.{nl}그럼, 부탁드리겠습니다.				
QUEST_JOBSTEP_20150317_000681	J'ai perdu une importante relique sacrée des Krivis.{nl}Si tu veux atteindre un stade supérieur de Krivis, je t'aiderai à retrouver cette relique sacrée.	중요한 크리비 성물을 잃어버리고 말았네.{nl}자네가 크리비의 더 높은 경지를 원한다면 성물을 되찾는 일에 동참해 주게.				크리비 마스터
QUEST_JOBSTEP_20150317_000682	Un puissant pouvoir réside dans la relique sacrée, alors de nombreux monstres la convoitent{nl}pour eux-mêmes.{nl}Perdre une relique sacrée, c'est comme perdre sa foi.	성물엔 강력한 힘이 있어 몬스터들에게 자주 노려지기도 하지.{nl}성물을 잃는다는 것은 곧 신실함을 잃어버리는 것과 다름이 없네.				크리비 마스터
QUEST_JOBSTEP_20150317_000683	Bien joué. Heureusement, la relique sacrée est intacte.{nl}Je t'enseignerai l'entraînement d'un Krivis comme je te l'ai promis.	수고했네. 다행히도 성물은 다친 곳이 없군.{nl}약속대로 크리비의 수련에 대해 가르쳐 드리겠네.				크리비 마스터
QUEST_JOBSTEP_20150317_000684	J'entends dire qu'une aura maléfique émane de Rue de Ruklys ces derniers temps.{nl}Si tu veux emprunter la voie d'un Prêtre, tu dois l'exorciser au nom de la déesse.	최근 루클리스 거리에서 사악한 기운이 출몰한다고 합니다.{nl}형제께서 프리스트의 길을 걷고자 하신다면 여신의 이름으로 퇴마하셔야 합니다.				프리스트 마스터
QUEST_JOBSTEP_20150317_000685	L'aura maléfique est vraiment mauvaise.{nl}Mais je suis sûr que tu parviendras à exorciser cette énergie à Rue de Ruklys.	사악한 기운은 절대적인 악입니다.{nl}형제라면 반드시 루클리스 거리의 그 기운을 퇴마하실 수 있을 것입니다.				프리스트 마스터
QUEST_JOBSTEP_20150317_000686	C'est une importante relique sacrée qui était transférée à Klaipeda.{nl}J'ai entendu dire qu'ils ont été attaqués alors qu'ils marchaient sur la rue principale de la{nl}Ville pétrifiée.{nl}Je compte sur toi.	클라페다로 옮겨지던 중요한 성물이네.{nl}석화된 도시의 중심시가를 지나던 도중 몬스터에게 습격을 받았다는군. {nl}꼭 부탁함세.				크리비 마스터
QUEST_JOBSTEP_20150317_000687	Je suis désolée, mais la voie du Bokor ne peut être explorée par n'importe qui.{nl}Si tu pouvais me rapporter l'essence de la baleine pétrifiée qui apparaît au Marché solitaire, je reconnaîtrais ton habileté.	미안하지만, 보코르의 길은 아무나 탐구할 수 있는 것이 아닙니다.{nl}스산한 장터에 출몰하는 석화고래의 정수를 가져오시면 그 자격을 인정해 드리겠습니다.				
QUEST_JOBSTEP_20150317_000688	La baleine pétrifiée du Marché solitaire a pris de nombreuses vies.{nl}J'ai besoin de l'essence qui contient leur ressentiment.	스산한 장터의 석화고래는 많은 인명을 해쳤습니다.{nl}그 원한이 담긴 정수가 필요합니다.				
QUEST_JOBSTEP_20150317_000689	Bien joué.{nl}Je t'enseignerai tout sur le Bokor comme promis.	수고하셨습니다.{nl}약속대로 제가 아는 보코르의 모든 것을 전수해 드리겠습니다.				보코르 마스터
QUEST_JOBSTEP_20150317_000690	Si je pouvais obtenir du bois solide de la rue principale de la Ville pétrifiée, je pourrais accepter{nl}n'importe quelle requête...{nl}Par exemple, la leçon du Dievdirbys.	석화된 도시의 중심 시가에 있는 늠름한 원목만 가질 수 있다면 뭐든 들어줄 텐데..{nl}가령 딥디르비의 가르침이라던가 말이오.				조각가 테슬라
QUEST_JOBSTEP_20150317_000691	C'est le vœu de toute ma vie.{nl}Cet arbre me fait toujours signe pour que j'en fasse un chef-d'œuvre.	그건 내 평생의 원이라오. {nl}언제나 그 나무는 자신을 멋진 작품으로 만들어 달라며 내게 손짓을 하지.				조각가 테슬라
QUEST_JOBSTEP_20150317_000692	Oh. C'est bien ça.{nl}Tu peux venir me voir quand tu veux apprendre les leçons d'un Dievdirbys !	오, 그래. 이거야. 이거.{nl}딥디르비의 가르침이 필요하거든 언제든 내게 오시게!				조각가 테슬라
QUEST_JOBSTEP_20150317_000693	Une rumeur dit que beaucoup de gens ayant traversé Rue de Ruklys souffrent de cauchemars.{nl}Si tu veux emprunter la voie du Sadhu, tu les aideras.	루클리스 거리를 지나간 이들이 악몽에 시달린다는 소문이 돌고 있습니다.{nl}그대가 사두의 길을 걷고자 한다면 응당 이들을 도와야 할 것입니다.				
QUEST_JOBSTEP_20150317_000694	En éliminant la source, les cauchemars disparaîtront.{nl}Rends-toi à Rue de Ruklys et élimine la source, je t'en prie.	원인을 제거하면 악몽은 사라질 겁니다.{nl}루클리스 거리로 가셔서 그 원인을 제거해 주십시오.{nl}				
QUEST_JOBSTEP_20150317_000695	Tu as fait du bon travail.{nl}J'attends avec impatience ta progression en tant que Sadhu.	정말 훌륭한 일을 해 주셨습니다.{nl}사두 마스터로써 앞으로의 성장을 기대하겠습니다.				사두 마스터
QUEST_JOBSTEP_20150317_000696	J'ai assez entendu parler de toi, de ta foi religieuse solide.{nl}Mais je veux le constater de mes propres yeux.	자네가 강직한 신앙심을 가지고 있다는 건 익히 들어서 알고 있네.{nl}하지만 나는 내 두 눈으로 직접 확인하고 싶어.				
QUEST_JOBSTEP_20150317_000697	Pardonne-moi. Je suis exigeant car cette tâche est menée au nom des Paladins.{nl}Je pense que vaincre Rajapearl au Marché solitaire suffirait à faire tes preuves, vu ta réputation.	팔라딘의 이름이 걸린 일이기에 이렇게 까다롭게 구는 걸 용서하게.{nl}스산한 장터에 있는 라자펄이라면 자네가 가진 이름에 적당한 상대가 아닐까 싶군.				
QUEST_JOBSTEP_20150317_000698	Prouve ta foi religieuse.{nl}Il n'y a pas de quoi s'inquiéter. La déesse te protégera.	자네의 신앙심을 증명하면 될 것이야.{nl}두려워할 것 없네. 여신께서 자네를 지켜주고 계실 것이니까.				팔라딘 마스터
QUEST_JOBSTEP_20150317_000699	Tu t'en es bien sorti.{nl}Avec ceci, ta foi religieuse est prouvée, alors je t'accepterai pour apprendre mes leçons.	아주 훌륭하게 해내었군.{nl}이걸로 자네의 신앙심은 증명되었으니 나의 가르침을 받는 것을 허락하겠네.				
QUEST_JOBSTEP_20150317_000700	L'entraînement d'un Moine est très strict.{nl}Si tu veux malgré tout être entraîné, rends-toi au quartier central, vaincs Repus et rapporte ses griffes.{nl}Si tu en es capable, je te reconnaîtrai.	몽크의 수련은 아주 혹독하오.{nl}그래도 수련을 받고 싶다면 중심시가의 레푸스를 잡아 그 증거로 발톱을 가져오시오.{nl}그리하면 당신을 인정해 드리리다.{nl}				
QUEST_JOBSTEP_20150317_000701	Notre entraînement est très rude. {nl}Tu devrais au moins vaincre Repus au quartier central pour suivre notre entraînement.	우리의 수련은 아주 혹독하오.{nl}중심시가의 레푸스 정도는 잡을 수 있어야 따라올 수 있을 거요.				
QUEST_JOBSTEP_20150317_000702	Bien. J'accepte ta détermination.{nl}Je te le répète toujours, mais notre entraînement de Moine est vraiment rude.	좋소. 그대의 다짐을 받아들이겠소.{nl}언제나 말하지만, 우리 몽크들의 수련은 아주 혹독하다오.				몽크 마스터
QUEST_JOBSTEP_20150317_000703	Au lieu d'une épreuve d'entrée pour devenir Pardonneur, il y a quelque chose que tu dois faire pour moi. {nl}Retrouve l'argent des indulgences perdu sur Ruklys Street, je t'en prie. Tu peux le faire, n'est-ce pas ?	파드너 입문 시험 대신 자네가 해줄 것이 있어.{nl}루클리스 거리에서 잃어버린 면죄부 대금을 되찾아 오게. 할 수 있겠지?				
QUEST_JOBSTEP_20150317_000704	J'ai entendu dire qu'il l'a perdu sur Ruklys Street, alors vas-y et retrouve-le.	루클리스 거리에서 잃어버렸다고 하니 그곳에서 찾아보게나.				
QUEST_JOBSTEP_20150317_000705	Au moment où je ne savais plus quoi faire, la déesse t'a envoyé.{nl}Quoi qu'il en soit, je te félicite de devenir Pardonneur.	참으로 난감한 차에 여신께서 자넬 보내주신 거지. 암. {nl}어쨌든 파드너로 입문을 축하하네.				
QUEST_JOBSTEP_20150317_000706	Maître Oracle	오라클 마스터				
QUEST_JOBSTEP_20150317_000707	Même en l'absence de la déesse, un Oracle doit transmettre l'oracle avec compétence.{nl}Je vérifierai si tu en es digne en t'affrontant en duel.	오라클은 여신들께서 부재한 상황이라도 여전히 여신의 신탁을 올바르게 전할 수 있어야 합니다.{nl}그대에게 그럴 역량이 있는지 대련으로 시험해 보겠습니다.				오라클 마스터
QUEST_JOBSTEP_20150317_000708	J'ai suffisamment évalué ta compétence.{nl}En tant qu'Maître Oracle, je t'aiderai à bien interpréter l'oracle.	당신의 역량은 잘 확인했습니다.{nl}오라클 마스터로써 그대가 옳바르게 신탁을 해석할 수 있도록 도와드리겠습니다.				
QUEST_JOBSTEP_20150317_000709	Es-tu prêt ?{nl}Je te retrouverai sous les escaliers.	준비는 되셨는지요.{nl}계단 밑에서 뵙겠습니다.				
QUEST_JOBSTEP_20150317_000710	Mirtis	미르티스				
QUEST_JOBSTEP_20150317_000711	Texte de l'Objet	사물 텍스트				
QUEST_JOBSTEP_20150317_000712	Journal de la Vallée des Sept	칠채곡 일기				
QUEST_JOBSTEP_20150317_000713	Bois des Ponts Reliés	덧댄다리숲				
QUEST_JOBSTEP_20150317_000714	Ville Pétrifiée	석화된 도시				
QUEST_JOBSTEP_20150317_000715	Adepte Paladin	팔라딘 추종자				
QUEST_JOBSTEP_20150317_000716	Le Superviseur de la Mine	광산 감독관				
QUEST_JOBSTEP_20150317_000717	Centre des Demandes	의뢰소				
QUEST_JOBSTEP_20150317_000718	Les informations régionales	지역 지역 정보				
QUEST_JOBSTEP_20150317_000719	La dalle de pierre portant la révélation	계시가 담긴 석판				
QUEST_JOBSTEP_20150317_000720	Livres	장서				
QUEST_JOBSTEP_20150317_000721	Famille	가				
QUEST_JOBSTEP_20150317_000722	{S35} {nl} Le Maître Empenneur et Lydia{nl}Schaffen {/}	{s35}{nl}리디아 샤펜과 플레쳐{/}				리디아 샤펜과 플레쳐
QUEST_JOBSTEP_20150317_000723	Même en devenant le plus grand{nl}archer du monde, la{nl}consommation de flèches restera{nl}toujours un problème. {nl} L'arc de Lydia Schaffen était{nl}utilisé avec grand soin.{nl}Cependant, Schaffen aussi utilise{nl}des flèches. {nl} Mais contrairement aux flèches{nl}tirées, son arc est permanent{nl}même à l'usage continu.  {nl}	 가장 뛰어난 궁수라도 반드시 겪는 문제는 화살은 소비재라는 사실이다. {nl} 리디아 샤펜이 사용하는 활은 그녀가 심혈을 기울여 만들어 낸 희대의 명궁이었고, 화살 역시 그러했다. {nl} 그러나 만들어 놓으면 계속 사용 가능한 활과 달리 좋은 화살은 영구적일 수 없었다. {nl}				리디아 샤펜과 플레쳐
QUEST_JOBSTEP_20150317_000724	Même s'il était impossible de{nl}créer des flèches utilisables{nl}indéfiniment, Lydia Schaffen se{nl}plongea dans les techniques de{nl}fabrication de flèches. {nl} Obtenir les matériaux{nl}nécessaires à leur fabrication{nl}constituait un autre problème. {nl}	 영구적으로 회수하여 사용할 수 있는 화살을 만들기란 불가능한 일이었고, 리디아 샤펜이 본인의 화살을 직접 제조하는 일은 너무 많은 시간을 들이는 작업이었다. {nl}그리고 여기에는 재료의 조달이라는 또 다른 문제도 있었다. {nl}				리디아 샤펜과 플레쳐
QUEST_JOBSTEP_20150317_000725	Grandement tourmentée par ce{nl}problème, Lydia Schaffen partit{nl}en voyage pour trouver la{nl}solution. {nl} Qu'elle ait reçu ou non la{nl}bénédiction de la déesse{nl}lorsqu'elle rencontra le Maître{nl}Empenneur, ou qu'elle ait trouvé{nl}la solution à son problème, les{nl}historiens continueront de{nl}débattre du sujet. {nl}	 리디아 샤펜이 이런 문제에 직면한 것은 그녀가 아직 자신의 문호를 크게 열기 전이었기에 그녀의 곤란은 자못 심각했다. {nl} 따라서 우연이든 여신의 섭리든 그녀가 마스터 플레쳐를 만나지 못했다면, 이후 별의 탑의 건설과 그에 따른 문호의 창건도 없었다는 것이 여러 사학자들의 정설이다. {nl}				리디아 샤펜과 플레쳐
QUEST_JOBSTEP_20150317_000726	De nombreux Empenneur ont été{nl}formés depuis l'aube des temps.{nl}Mais le nombre sans talent n'a{nl}aucune importance. {nl} Les gens l'appellent simplement{nl}le Maître Empenneur ; Lydia{nl}Schaffen elle-même ignorait son{nl}nom. {nl}	 세상의 수많은 화살제조자 가운데 가장 유명해지고 이후 마스터 플레쳐라면, 바로 이 사람을 가리키는 대명사가 된 인물이지만, 리디아 샤펜과 달리 마스터 플레쳐의 본명은 확실치 않다. {nl}				리디아 샤펜과 플레쳐
QUEST_JOBSTEP_20150317_000727	Depuis son accession à la{nl}célébrité, les gens l'appelaient le{nl}Maître Empenneur. Ceux qui{nl}connaissaient son vrai nom ont{nl}été emportés par le fleuve du{nl}temps. {nl} Son véritable nom, selon certains{nl}érudits, aurait été John le{nl}forgeron. Mais ce nom ne gagne{nl}aucune crédibilité, car on ne peut{nl}aisément accepter qu'un nom{nl}célèbre soit aussi banal. {nl}	 그의 시대부터 그는 마스터 플레쳐란 이름으로 자주 불렸고, 당대의 사람들은 혹시 보편적으로 알고 있었을 본명은 의외로 세월의 흐름에 묻혔다. {nl} 몇몇 전승에 의하면 그의 본명은 존 블랙스미스(John Blacksmith)라고 하지만, 이 이름 자체가 고유명사가 아니라 보통명사일 가능성을 비롯하여 신뢰할 수 없는 이유가 많아 학자들의 지지를 얻지 못하고 있다. {nl}				리디아 샤펜과 플레쳐
QUEST_JOBSTEP_20150317_000728	Quoi qu'il en soit, Lydia Schaffen{nl}rencontra ce Maître Empenneur,{nl}expert en flèches. Lydia, après{nl}avoir surmonté son voyage, était{nl}prête à apprendre. {nl} Cependant, les techniques de{nl}fabrication de flèches du Maître{nl}Empenneur étaient un secret à{nl}l'époque, et dans les années qui{nl}suivirent, une matière de{nl}légende. {nl}	 아무튼, 리디아 샤펜은 마스터 플레쳐란 화살 명인을 얻으며, 이후 본격적인 세력을 모을 수 있었고, 별의 탑의 완공 같은 대역사도 시작할 기반을 얻게 되었다고 볼 수 있다. {nl}불행히도 마스터 플레쳐의 화살제조 비법은 그 당시에도 비밀이었고, 지금은 세월에 묻혀 더욱 알기 어렵다. {nl}				리디아 샤펜과 플레쳐
QUEST_JOBSTEP_20150317_000729	Cependant, même si tu es le plus{nl}grand archer du monde, la{nl}bénédiction de la déesse est{nl}essentielle pour apprendre les{nl}techniques de fabrication de{nl}flèches du Maître Empenneur. {nl} Ainsi, seul celui qui possède la{nl}bénédiction de la déesse peut être{nl}façonné pour devenir un{nl}Maître Empenneur, comme Lydia{nl}Schaffen créa des flèches{nl}nouvelles et constantes. {nl}	다만 후대의 궁수들에게 실낱 같은 희망이라면, 마스터 플레쳐의 화살제조는 여신의 축복에 기인한 바가 크다는 점이다. {nl}따라서 누구든 여신의 축복을 얻은 사람은 마스터 플레쳐가 만들고, 리디아 샤펜이 사용한 화살과 동일한 화살을 만들 수 있다는 점이다. {nl}				리디아 샤펜과 플레쳐
QUEST_JOBSTEP_20150317_000730	Un autre récit veut que le secret{nl}du Maître Empenneur pour{nl}éviter le combat, selon le manuel{nl}du fabricant, soit de frapper avec{nl}certitude quelque part au niveau{nl}de la rate. {nl}	또 하나 희망을 추가한다면, 마스터 플레쳐는 그의 비법이 실전되지 않도록 제조비법서를 어딘가에 확실히 비장해두었다는 점이다. 				리디아 샤펜과 플레쳐
QUEST_JOBSTEP_20150317_000731	La production rapide de flèches{nl}par le Maître Empenneur est{nl}considérée comme son unique{nl}talent. Cependant, il détient{nl}peut-être un secret tapi quelque{nl}part en ce monde. {nl}	그런 점에서 마스터 플레쳐의 빠른 생산력은 전적으로 그의 재능이었지만, 강력한 화살을 만드는 비법은 지금이라도 세상 어딘가에서 발견될 날을 기다리며 잠들어 있다고 볼 수 있다.				리디아 샤펜과 플레쳐
QUEST_JOBSTEP_20150317_000732	Carrefour de Lydia Schaffen	리디아 샤펜의 교차선				
QUEST_JOBSTEP_20150317_000733	{S35} {nl} Carrefour de Lydia Schaffen {/}	{s35}{nl}리디아 샤펜의 교차선{/}				리디아 샤펜의 교차선
QUEST_JOBSTEP_20150317_000734	Voici une archive destinée à la{nl}famille royale relatant l'histoire{nl}où le roi Kadumel demanda à{nl}Lydia Schaffen si elle pouvait{nl}toucher une cible derrière un{nl}rocher ou un arbre, et comment{nl}elle répondit simplement au roi{nl}par le son net de sa flèche{nl}atteignant la cible. Cependant, il{nl}existe des incohérences écrites{nl}entre l'archive royale et le{nl}folklore. À savoir que le roi{nl}Kadumel nota à l'époque qu'il ne{nl}soumettait pas Schaffen à un test{nl}de ses capacités à l'arc.	 국왕 카듀멜이 리디아 샤펜에게 나무나 바위 뒤에 숨은 표적은 그녀라도 어쩔 수 없지 않겠냐고 물었을 때 리디아 샤펜은 간명한 그러면서 또렷한 활시위 소리로 대답을 대신하여 표적을 명중시켰다는 기록이 왕실에 전한다. {nl} 그러나 왕실의 공식기록이나 세간에 전하는 이와 관련한 전설에서 언급하지 않는 내용이 있다. 그것은 카듀멜 국왕이 그런 말을 한 배경이 단순히 리디아 샤펜의 궁술을 시험하기 위한 것이 아니었다는 점이다.{nl}				리디아 샤펜의 교차선
QUEST_JOBSTEP_20150317_000735	Un fait plus important est la{nl}nature de la cible que Lydia{nl}Schaffen atteignit. Ou pour être{nl}plus précis, qui elle atteignit{nl}revêtirait une grande{nl}importance.{nl}Chaque fois que les archives{nl}royales et le folklore traitent de{nl}cette histoire, ils ne mentionnent{nl}pas l'époque à laquelle elle{nl}survint.{nl}	그리고 그 보다 더 중요한 사실은 그 떼 리디아 샤펜이 맞춘 표적이 무엇인지, 아니 정확히 말하면 누구였는지가 중요한 사실이다. {nl}왕실의 기록과 민간의 전설에서 이 일화를 다룰 때는 항상 이것이 언제 일어난 일인지 그 시기를 언급하지 않는다. {nl}				리디아 샤펜의 교차선
QUEST_JOBSTEP_20150317_000736	Les deux versions présentent{nl}simplement le récit héroïque en{nl}mettant l'accent sur les grandes{nl}Skills de Lydia Schaffen à l'arc.{nl}Il y a une raison précise à cela.{nl} La raison est que cette histoire{nl}s'est déroulée dans les derniers{nl}jours de la guerre civile.{nl}Contrairement au folklore connu,{nl}Ruklys ne fut pas tué par les{nl}soldats du roi Kadumel dans la{nl}dernière enceinte de la Forteresse{nl}de la Terre. On dit que Ruklys{nl}avait une raison particulière de{nl}ne laisser aucun étranger{nl}pénétrer au cœur de son fort.{nl}	다만 리디아 샤펜의 대단한 활솜씨에 초점을 맞춘 영웅담으로만 소개한다. {nl}거기에는 그럴 수밖에 없는 이유가 있다. {nl}그 이유는 이 일화가 내전기의 막바지에 일어난 일이라는 점이다. 일부 알려진 전설과 달리 루클리스는 대지의 요새의 마지막 층에서 카듀멜 국왕의 병사들에게 전사한 것이 아니었다. 루클리스는 어떤 이유로 대지의 요새 마지막 층의 심장부에 외부인을 들이고 싶지 않았다고 전해진다.{nl}				리디아 샤펜의 교차선
QUEST_JOBSTEP_20150317_000737	Plutôt que de mourir, Ruklys{nl}s'échappa quelques instants{nl}avant que son fort ne soit envahi,{nl}et le roi Kadumel ordonna à ses{nl}soldats de le poursuivre.{nl} Après la poursuite, Ruklys se{nl}retrouva acculé au bord d'une{nl}falaise.	그래서 루클리스는 대지의 요새가 함락되기 직전 요새를 탈출하였고, 카듀멜 국왕은 병사들을 움직여 그를 추적하였다. {nl}그 추적의 끝에서 루클리스는 벼랑 끝으로 몰렸다. 				리디아 샤펜의 교차선
QUEST_JOBSTEP_20150317_000738	Il y avait sur la falaise un rocher{nl}suffisamment grand pour que{nl}Ruklys puisse s'y adosser tout en{nl}faisant face à la falaise et en{nl}maintenant les soldats du roi de{nl}l'autre côté du rocher.{nl} Ruklys s'adossa au rocher afin{nl}que l'archère du roi qui le{nl}traquait ne puisse l'attaquer.{nl} Dans un autre lieu, ils auraient{nl}pu se déployer à gauche et à{nl}droite pour l'encercler et faire{nl}pleuvoir les flèches, mais la{nl}falaise, ajoutée à la formation de{nl}bataille, n'était pas un endroit{nl}propice à de telles attaques.{nl}	그 벼랑에 마침 커다란 바위가 있어 루클리스는 그 바위를 등지고 정면으로는 벼랑을 마주 보는 자세로 국왕의 병사를 상대하였다.{nl} 루클리스가 그 바위를 등지자 추적하던 국왕의 궁수들은 루클리스를 공격할 수 없었다. {nl} 다른 장소였다면 돌아가 맞은편과 좌우에서 포위하여 화살을 퍼부을 수도 있었겠지만, 벼랑이란 진형은 그런 공격을 할 수 없는 장소였다. {nl}				리디아 샤펜의 교차선
QUEST_JOBSTEP_20150317_000739	N'ayant aucun archer capable de{nl}tirer par-dessus le vide au-delà{nl}de la falaise, le roi Kadumel{nl}poussa sans hésiter ses soldats{nl}vers le bord de la falaise.{nl}	벼랑을 지나 허공에 뜬 상태로 공격할 수 있는 궁수가 없었기에 카듀멜 국왕은 계속 병사들을 그야말로 벼랑 끝으로 내몰았다. {nl}				리디아 샤펜의 교차선
QUEST_JOBSTEP_20150317_000740	Cependant, Ruklys et ses{nl}hommes restants repoussèrent{nl}les soldats du roi, faisant preuve{nl}d'une endurance inhumaine jour{nl}et nuit. Cela poussa même les{nl}soldats-paysans du roi à{nl}commencer à vaciller.{nl} De plus, la lutte héroïque de{nl}Ruklys impressionna tant{nl}certains hommes et officiers de{nl}Kadumel que quelques-uns{nl}commencèrent à remettre en{nl}question son commandement.{nl} Déjà impopulaire auprès de ses{nl}sujets, le roi Kadumel ne pouvait{nl}continuer à envoyer ses hommes{nl}à la mort, ni attendre que Ruklys{nl}meure de faim ou d'épuisement.{nl}	그러나 루클리스와 그의 남은 부하들은 밀려오는 병사들을 끊임없이 물리쳤고, 그들이 하루 밤낮을 버티는 인간의 한계를 넘어선 능력을 보이자, 카듀멜 국왕의 병사들도 동요하기 시작하였다.{nl} 심지어 루클리스의 영웅적인 분투에 감명을 받은 병사와 장군들의 심적 동요로 항명이 있을 정도였다.{nl} 본래 백성들에게 인기가 없던 카듀멜 국왕은 이런 상황에서 휘하의 장수들을 다그치지 못 하였고, 그렇다고 루클리스가 지쳐 죽거나 굶어 죽기를 기다릴 수도 없었다. {nl}				리디아 샤펜의 교차선
QUEST_JOBSTEP_20150317_000741	Et dans cette situation, le roi{nl}Kadumel posa une question{nl}astucieuse à Lydia Schaffen.{nl}  Bien sûr, Lydia ne prit pas la{nl}provocation du roi Kadumel{nl}comme une occasion de montrer{nl}ses{nl}Skills et de tirer un timide tir en{nl}cloche pour tuer Ruklys. D'autres{nl}raisons se superposaient ici.	그리고 이런 상황에서 카듀멜 국왕이 꾀를 낸 것이 바로 리디아 샤펜에게 던진 질문이다.{nl}물론 리디아 샤펜이 카듀멜 국왕의 도발에 넘어가 자신의 실력을 보여주려고 바위 뒤의 루클리스를 신묘한 곡사로 죽인 것은 아니다. {nl}여기에는 또 다른 사연이 겹쳐있다. {nl}				리디아 샤펜의 교차선
QUEST_JOBSTEP_20150317_000742	Mais compte tenu de ces raisons,{nl}quelles qu'elles soient — les{nl}volontés de son maître, ou la{nl}pensée qu'elle avait mis fin à une{nl}vie de ses propres mains —, nous,{nl}génération actuelle, ne pouvons{nl}que deviner à quel point les{nl}émotions de Lydia Schaffen{nl}étaient blessées et déchirées.{nl}Dès lors, les gens connurent{nl}l'épisode où Lydia Schaffen{nl}transperça aisément une cible{nl}derrière un rocher depuis le{nl}carrefour ; cependant, Lydia{nl}porterait à partir de ce jour un{nl}sentiment d'une complexité{nl}incommensurable à l'égard de ce{nl}carrefour.	그러나 그 사연이야 어쨌든 스승의 희망이자 자신의 사형의 목숨을 제 손으로 끊은 리디아 샤펜의 감정이 얼마나 아프고 복잡했을지는 후대의 우리로서는 그저 추측만 할 수 있을 따름이다.{nl} 여하간 이 사건으로 사람들은 리디아 샤펜이 조준하는 교차선은 능히 바위로 가려진 표적도 뚫을 수 있다는 사실을 알게 되었지만, 그녀가 그날 품은 복잡한 감정의 교차선은 헤아릴 수 없음이다. {nl}				리디아 샤펜의 교차선
QUEST_JOBSTEP_20150317_000743	Encoche de Lydia Schaffen	리디아 샤펜의 오늬				
QUEST_JOBSTEP_20150317_000744	{s35}{nl}L'Encoche de Lydia Schaffen{/}	{s35}{nl}리디아 샤펜의 오늬{/}				리디아 샤펜의 오늬
QUEST_JOBSTEP_20150317_000745	Cette histoire se serait déroulée{nl}un jour à la Tour astrale.{nl}Une dispute éclata parmi les{nl}disciples de Lydia Schaffen.{nl}Plusieurs disciples s'étaient{nl}réunis après l'entraînement et, au{nl}cours de la discussion, un tel{nl}dialogue aurait surgi : « Peu{nl}importe la qualité de ton arc, si{nl}tes Skills font défaut, tu ne peux{nl}en exploiter tout le potentiel. Par{nl}conséquent, ce qui compte au{nl}final, c'est ta propre habileté. »{nl}Telle fut l'affirmation d'un certain{nl}disciple, qui déclencha la dispute.{nl}	 전하는 바로는 이것은 어느 날 별의 탑에서 일어난 일이라고 한다.  {nl}어느 날 별의 탑에서 리디아 샤펜의 제자들 사이에 논쟁이 벌어졌다.{nl}여러 제자가 훈련 후에 모여 여담을 나누는 중에 이런 이야기가 나왔다고 한다. {nl}“아무리 좋은 활이라도 쓰는 사람의 실력이 나쁘다면 위력을 낼 수 없네. 그러므로 결국 중요한 것은 일신의 실력이란 말일세.”{nl}한 제자의 이런 주장에 다른 제자가 반박하였다.{nl}				
QUEST_JOBSTEP_20150317_000746	« Tu oublies les fondements du{nl}tir à l'arc. Qu'est-ce qu'un archer{nl}? C'est quelqu'un qui utilise un{nl}outil appelé arc, n'est-ce pas ?{nl}Penses-tu qu'un archer sans arc{nl}puisse exister ? {nl}Même si l'on devient célèbre{nl}pour son habileté à l'épée et à la{nl}lance, peut-on encore se dire{nl}archer ? Au final, le tir à l'arc est{nl}bien le concept d'une{nl}dépendance aux outils, non ? »{nl}	“자네는 궁수의 기본을 망각하고 있네. 궁수란 무엇인가? 궁수는 활이란 도구를 다루는사람일세. 활 없는 궁수가 존재할 수 있단 말인가? 제아무리 일신의 무예가 드높아도 칼과 창으로 무예를 펼친다면, 어떻게 궁수가 될 수 있단 말인가? 결국, 궁수는 도구에 종속된 개념일세.”{nl}				
QUEST_JOBSTEP_20150317_000747	Le disciple d'un avis différent{nl}répliqua :{nl}« Tu dis que les outils sont{nl}importants, parlons-en.{nl}Qu'est-ce qu'un arc ? Il existe{nl}diverses armes pour un archer.{nl}Tout comme il existe des armes{nl}ne demandant guère d'habileté,{nl}telle l'arbalète, il existe aussi des{nl}armes dont l'efficacité varie{nl}énormément selon l'habileté de{nl}l'utilisateur, comme celles des{nl}Wugushi.{nl}La Flèche de vent des Wugushi{nl}est difficile à maîtriser ; c'est une{nl}arme ardue à manier pour{nl}quelqu'un sans expérience,{nl}quelle que soit la qualité des{nl}matériaux de son arc.{nl}	그러자 그와 견해를 달리하는 제자가 재차 반박하였다.{nl}“자네의 말이 도구가 중요한 것이라니 그 말을 놓고 봄세. {nl}대체 활의 범위란 뭐란 말인가? 석궁처럼 사람의 실력을 비교적 적게 타는 무기와 무고사의 무기처럼 쓰는 사람의 실력에 크게 좌우되는 무기처럼 궁수의 무기 범위에서도 다양성이 존재한다네. {nl}무고사의 바람화살은 숙달하기 어려운 활로써 아무리 좋은 재질로 잘 만들어도 경험이 없는 사람은 제대로 사용하기 어려운 무기이네. {nl}				
QUEST_JOBSTEP_20150317_000748	Cependant, dire qu'une catapulte{nl}ou une arbalète est une arme que{nl}n'importe qui peut manier n'est{nl}pas exact.{nl}Tu affirmes que le tir à l'arc{nl}n'existe que parce qu'il y a des{nl}outils ; c'est faux.	그렇다고 석궁이나 십자궁이 과연 아무나 사용 가능한 무기인가 하면 그 또한 아닐세. {nl} 자네의 주장대로 도구가 있어야만 궁수가 존재한다는 것은 그런 면에서 잘못된 주장일세. 				리디아 샤펜의 오늬
QUEST_JOBSTEP_20150317_000749	C'est comme dire que, puisque{nl}les gens mourraient s'ils ne{nl}mangeaient pas, leur vie est{nl}moins importante que la{nl}nourriture et en dépend.{nl}Prétends-tu que, puisque tu{nl}manges pour vivre, tu vis pour{nl}manger ? »{nl}Sur ce, un autre disciple partagea{nl}son point de vue :{nl}« Vous débattez de la voie de{nl}l'Archer, mais vous ne vous{nl}concentrez que sur un seul{nl}aspect.{nl}Ce que vous omettez, c'est que{nl}peu importe la célébrité d'un{nl}archer, peu importe la finesse de{nl}son œil, ce qu'il met à son{nl}avantage, c'est le vent. {nl}	 이것은 마치 사람이 밥을 먹지 않으면, 죽으니 사람의 삶이 밥보다 못하며 사람의 인생은 밥에 종속되었단 주장이나 마찬가지일세.{nl} 자네는 살기 위해 밥을 먹는 것이지 밥을 먹기 위해 산다고 주장할 셈인가?”{nl} 그러자 또 다른 제자가 이에 대해 다른 견해를 제기했다.{nl}“자네들은 궁수의 길을 논함에 있어 한 가지 면만을 보고 있네. {nl} 자네들이 놓치고 있는 점은 어떤 명궁이든 명사수이든 결국 그들이 이용하는 것은 바람이란 사실일세. {nl}				
QUEST_JOBSTEP_20150317_000750	La flèche ne pourrait être tirée{nl}sans le vent et l'air qui la portent{nl}jusqu'à la cible ; comment un{nl}tireur d'élite pourrait-il exister,{nl}ou plutôt, que pourrait accomplir{nl}un archer dans ce cas ? Au final,{nl}ce qui est nécessaire à un archer,{nl}c'est de percevoir le flux du vent{nl}et de savoir agir en conséquence.{nl}»{nl}	 활이 쏘아내는 화살이나 탄자를 받아 목표까지 날라주는 바람과 공기가 없다면 어떻게 명사수가 존재할 것이며, 명궁은 또 무슨 의미란 말인가? 결국, 궁수에게 중요한 것은 바람의 결을 느끼고 그 바람의 결에 자신의 의지를 싣는 일일세.”{nl}				
QUEST_JOBSTEP_20150317_000751	Dès lors, les disciples débattirent{nl}sans fin, les affirmations{nl}devinrent plus variées et{nl}intéressantes, les théories{nl}fusèrent de part et d'autre.{nl}Finalement, ils commencèrent à{nl}se demander ce que leur maître,{nl}Lydia Schaffen, en penserait.{nl}Après lui avoir rapporté la{nl}discussion qu'ils avaient eue{nl}jusque-là, ils attendirent sa{nl}réponse.{nl}	이후로도 제자들의 논쟁은 끝이 없이 이어졌고, 더 다양하고 재미있는 주장과 이론들이 전개되었다고 한다. {nl} 그리고 마침내 제자들은 그들의 스승인 리디아 샤펜이 어떻게 생각하는지 궁금해지고야 말았다.{nl} 그래서 제자들은 리디아 샤펜에게 몰려가 여태껏 자신들이 나눈 대화를 들려준 후 스승님의 말씀을 기다렸다.{nl}				리디아 샤펜의 오늬
QUEST_JOBSTEP_20150317_000752	Quand les disciples vinrent voir{nl}Lydia Schaffen, elle serait en train{nl}de manger des châtaignes à l'aide{nl}d'une pointe de flèche,{nl}dangereusement perchée sur la{nl}balustrade de la Tour astrale.{nl}	제자들이 리디아 샤펜에게 왔을 때; 마침 그녀는 화살촉의 날을 이용해 밤을 까먹으며 별의 탑의 난간에 위태하게 걸터앉아 있었다고 전해진다.{nl}				리디아 샤펜의 오늬
QUEST_JOBSTEP_20150317_000753	Lydia Schaffen continua de{nl}manger tout en écoutant les{nl}disciples, gardant sa position sur{nl}la balustrade. Quand ils eurent{nl}fini, elle resta silencieuse un{nl}moment, mais bientôt elle fouilla{nl}du bout des doigts le tas de{nl}coques de châtaignes qu'elle avait{nl}mangées et en tira quelque chose,{nl}disant, rapporte-t-on, ceci : {nl}« Qu'est-ce que c'est ? »{nl}Le disciple à l'œil perçant{nl}répondit avant tout autre.{nl}« C'est la peau intérieure d'une{nl}châtaigne. »{nl}	 리디아 샤펜은 제자들을 맞은 자세 그대로 하던 대로 밤을 먹으며 제자들의 되풀이된 주장을 경청한 다음, 잠시 조용히 있다가 이윽고 손가락으로 자신이 먹으며 모아 놓은 밤껍질 무더기를 손가락으로 뒤적거린 후 그 가운데서 무엇을 들어 올리더니 이렇게 말했다고 전한다.{nl}“이것이 무엇이냐?”{nl}눈치 빠르고 시력이 좋은 제자 하나가 가장 먼저 대답했다.{nl}“보늬입니다.”{nl}				
QUEST_JOBSTEP_20150317_000754	Il était tout à fait évident qu'il{nl}s'agissait bien de la peau{nl}intérieure d'une châtaigne, alors{nl}les autres hochèrent la tête en{nl}signe d'accord et attendirent les{nl}mots suivants de leur maître. {nl}Et Lydia Schaffen poursuivit. {nl}« Non. Ceci est l'encoche de ma{nl}flèche. »{nl}	 그것이 보늬란 것은 명백한 사실이었기에 다른 제자들도 고개를 끄덕이며 스승의 다음 말을 기다렸다. {nl}그리고 리디아 샤펜의 말이 이어졌다.{nl}“아니다. 이것은 나의 오늬이니라.”{nl}				
QUEST_JOBSTEP_20150317_000755	Ayant dit cela, elle pinça la peau{nl}intérieure de châtaigne entre ses{nl}doigts, prit son arc qui reposait à{nl}ses côtés comme toujours et tira{nl}vers le ciel en utilisant cette peau{nl}comme encoche. {nl}On dit que Lydia Schaffen régla{nl}ainsi la dispute de ses disciples,{nl}sauta de la balustrade sur{nl}laquelle elle était assise et s'en{nl}alla, laissant les disciples{nl}déconcertés.{nl}	그렇게 말한 리디아 샤펜은 먹던 밤에서 나온 보늬를 손가락 사이에 끼운 후 항상 곁에 두던 자신의 활에 화살끝을 재어 감싸 오늬처럼 사용해 하늘을 향해 쏘았다고 한다.  {nl}제자들의 논쟁을 이상한 방법으로 잠재운 리디아 샤펜은 걸터앉은 난간에서 내려와 어리둥절해하는 제자들을 남겨두고 그 자리를 떠났다고 전해진다. {nl}				리디아 샤펜의 오늬
QUEST_JOBSTEP_20150317_000756	Lydia Schaffen et Rumpelstiltskin 	리디아 샤펜과 럼펠스틸스킨				
QUEST_JOBSTEP_20150317_000757	{s35}Lydia Schaffen et{nl}Rumpelstiltskin {/} 	{s35}리디아 샤펜과 럼펠스틸스킨{/} 				리디아 샤펜과 럼펠스틸스킨
QUEST_JOBSTEP_20150317_000758	Voici une histoire sur Lydia{nl}Schaffen transmise à travers tout{nl}le royaume. {nl}De plus, bien qu'il existe des lieux{nl}où Lydia Schaffen ne s'est jamais{nl}rendue selon les archives{nl}historiques, on y raconte ce qui{nl}se passa lorsqu'elle visita leur{nl}village.{nl}Ces récits contiennent des{nl}éléments absurdes, comme{nl}l'apparition de dragons, ou un{nl}étrange démon différent de ceux{nl}que nous connaissons faisant un{nl}pari avec Lydia Schaffen.{nl}	 왕국 곳곳에는 리디아 샤펜에 관련된 일화들이 전해집니다. {nl} 심지어 역사상 기록으로 보아 리디아 샤펜이 한 번도 간 적이 없다고 단언할 수 있는 지방에서도 리디아 샤펜이 그들의 마을을 들렀을 때 일어났다는 일화가 존재할 정도입니다. {nl} 이런 일화들은 드래곤이 나타나는 터무니 없는 내용이나 우리가 아는 바와 다른 이상한 성격의 마족이 나타나 리디아 샤펜과 내기를 한다든가 하는 황당한 이야기를 합니다. {nl}				리디아 샤펜과 럼펠스틸스킨
QUEST_JOBSTEP_20150317_000759	Malgré cela, les villageois de la{nl}région croient à cette histoire{nl}sans le moindre doute, et{nl}embrassent la fierté que ce récit{nl}sur Lydia Schaffen leur apporte,{nl}puisqu'il est né dans leur village.{nl}	그럼에도 불구하고 해당 지역의 주민들은 그 이야기들을 믿어 의심치 않으며, 리디아 샤펜과 관련된 이야기에 자신들의 고향이 나온다는 사실에 자부심을 품곤 합니다.{nl}				리디아 샤펜과 럼펠스틸스킨
QUEST_JOBSTEP_20150317_000760	Comparée à Ruklys, mort{nl}probablement tôt durant la{nl}guerre civile, ou à Flurry, qui{nl}quittait rarement la tour qu'elle{nl}avait bâtie, Lydia Schaffen vécut{nl}assurément un plus grand{nl}nombre d'aventures à travers le{nl}monde, ce qui la rend la plus{nl}indiquée comme protagoniste{nl}d'un récit.{nl}Voici l'une de ces histoires.{nl}	아마도 내전으로 일찍 죽은 루클리스나 자신이 세운 탑에서 떠나는 일이 많지 않았던 플러리 등에 비해 리디아 샤펜은 확실히 세상 곳곳을 다니며 모험행을 했으니 그런 이야기에 잘 들어맞는 인물인 까닭일 것입니다. {nl}이제부터 적을 이야기도 그런 이야기들 가운데 하나입니다. {nl}				리디아 샤펜과 럼펠스틸스킨
QUEST_JOBSTEP_20150317_000761	On ne sait pas à quel point cette{nl}histoire est véridique. Peut-être{nl}était-elle aussi absurde dans le{nl}passé qu'elle le serait assurément{nl}aujourd'hui. Néanmoins, le fait{nl}qu'elle soit encore racontée{nl}signifie qu'elle s'accorde avec la{nl}nature de Lydia Schaffen.	비록 이야기 자체는 사실이 아닐지 모르고, 현재는 물론 그 당시로써도 황당하고 허무맹랑한 이야기일지 모르나 이런 이야기가 생명력을 갖고 지금까지 전한다는 사실 자체가 해당 이야기가 리디아 샤펜의 성정과 부합한다 할 수 있습니다.				리디아 샤펜과 럼펠스틸스킨
QUEST_JOBSTEP_20150317_000762	Un jour, Lydia Schaffen quitta{nl}seule un certain village et marcha{nl}dans la nuit.{nl} Lydia Schaffen vit un voyageur{nl}assis, épuisé, au bord d'un{nl}chemin forestier. {nl} Par curiosité, elle décida de{nl}l'approcher.{nl} « Pourquoi es-tu assis ici dans la{nl}forêt au milieu de la nuit ? »{nl}Le voyageur hésita d'abord à{nl}répondre, mais après qu'on lui{nl}eut demandé plusieurs fois, il{nl}finit par ouvrir la bouche. {nl}La raison était apparemment{nl}celle-ci : {nl}	 어느 날 리디아 샤펜이 홀로 어떤 마을을 벗어나 밤길을 걷고 있었습니다.{nl} 리디아 샤펜은 한 나그네가 숲길에 힘없이 주저앉아 있는 것을 보고 멈췄습니다.{nl} 호기심에 리디아 샤펜이 그에게 물었습니다.{nl} “한밤에 이런 숲에서 왜 그러고 계십니까?”{nl}주저앉아 있던 나그네는 리디아 샤펜의 거듭된 재촉에 겨우 입을 열었습니다. {nl} 나그네가 말한 사연은 다음과 같았습니다.{nl}				
QUEST_JOBSTEP_20150317_000763	Le voyageur avait rencontré un{nl}démon nommé Rumpelstiltskin{nl}en traversant la forêt quelques{nl}jours plus tôt. {nl}Il avait alors été attiré dans un jeu{nl}avec le démon. {nl}	 나그네는 며칠 전 이 숲을 지나다 럼펠스틸스킨이란 이름을 지닌 마족을 만났다고 합니다. {nl} 나그네는 그 마족에게 말려들어 결국 럼펠스틸스킨과 시합을 하게 되었답니다.{nl}				리디아 샤펜과 럼펠스틸스킨
QUEST_JOBSTEP_20150317_000764	La récompense pour avoir gagné{nl}le jeu était considérable, mais le{nl}jeu avec le démon n'était pas{nl}facile. Finalement, le voyageur{nl}perdit contre Rumpelstiltskin. {nl}Le voyageur ne cessait de{nl}soupirer en attendant le retour de{nl}Rumpelstiltskin. {nl} Après avoir entendu l'histoire du{nl}voyageur, Lydia Schaffen décida{nl}d'affronter le démon. Elle promit{nl}au voyageur de l'aider de toutes{nl}ses forces. Un certain temps{nl}passa, et Rumpelstiltskin apparut.	 이길 경우 보상이 크긴 했지만, 마족과의 시합이 쉬울 리가 없어서 결국 패배하게 되었고, 이제 럼펠스틸스킨과 약속한 대가를 치러야 할 때가 되어 한숨 쉬며 기다리고 있다는 말이었습니다.{nl} 리디아 샤펜은 사연을 듣고 럼펠스틸스킨이란 문제의 마족을 만나고 싶어졌습니다. {nl}그리고 최대한 나그네를 돕기로 약속했습니다.{nl} 시간이 흐르고 기다리던 럼펠스틸스킨이 나타났습니다. 				리디아 샤펜과 럼펠스틸스킨
QUEST_JOBSTEP_20150317_000765	Lydia proposa à Rumpelstiltskin{nl}de laisser partir le voyageur et de{nl}jouer contre elle en échange. {nl}Pour le meilleur ou pour le pire,{nl}Rumpelstiltskin connaissait bien{nl}la réputation de Lydia{nl}Schaffen, et le fait qu'elle lui{nl}demande une partie{nl}l'enthousiasma au point{nl}d'accepter sa requête. {nl}	리디아 샤펜은 나그네를 조건 없이 즉시 풀어주고 대신 자기와 시합을 하자고 제안했습니다. {nl} 럼펠스틸스킨은 다행인지 불행인지 리디아 샤펜의 명성을 잘 알고 있었고, 그 유명한 리디아 샤펜과 시합하게 되었다는 사실에 흥분하여 그 요청을 수락했습니다.{nl}				리디아 샤펜과 럼펠스틸스킨
QUEST_JOBSTEP_20150317_000766	Par le passé, Rumpelstiltskin était{nl}plutôt réputé pour défier ses{nl}adversaires à user de leur{nl}meilleure Skill puis les vaincre. {nl} Mais il modifiait un peu les{nl}règles de son jeu chaque fois. {nl} Lydia Schaffen demanda : « Je{nl}comprends que tu veuilles défier{nl}mon habileté au tir à l'arc, alors{nl}qu'allons-nous faire ? »{nl}	 지금은 럼펠스틸스킨의 이름을 사람들이 잘 모르지만, 당시에 이 악마는 시합 상대가 잘하는 것으로 승부하여 상대에게 패배를 선사하는 것으로 유명했습니다. {nl} 다만 항상 시합에 약간의 변형을 가하곤 했습니다. {nl} 리디아 샤펜이 말했습니다. {nl}“그래 활쏘기 시합을 하겠다는 말은 알아듣겠다. 그런데 어떻게 하자는 것이지?”{nl}				
QUEST_JOBSTEP_20150317_000767	« Bien sûr, un jeu pour voir qui{nl}est le meilleur à l'arc ne serait pas{nl}si intéressant. Jouons donc à un{nl}jeu où tu tires une flèche sur une{nl}cible, et j'essaierai d'attraper et de{nl}chevaucher la flèche avant qu'elle{nl}n'atteigne la cible », dit{nl}Rumpelstiltskin. {nl}Lydia répondit, questionnant la{nl}proposition : « Chevaucher une{nl}flèche ? »{nl}« C'est exact », affirma{nl}Rumpelstiltskin.{nl}	“누가 더 활을 잘 쏘나 하는 시합은 재미가 없다는 말이지. 그러니 이렇게 하자고 너는 과녁을 정하고 활을 쏘아. 그러면 나는 그 화살이 과녁에 닿기 전에 그 화살에 올라타도록 하지.”{nl}럼펠스틸스킨이 이렇게 말하자 리디아 샤펜이 되물었습니다.{nl}“화살에 올라탄다고?”{nl}“맞아.”{nl}				
QUEST_JOBSTEP_20150317_000768	En répondant, Rumpelstiltskin{nl}commença à rétrécir son corps.{nl} Une fois réduit à la taille d'un{nl}poing d'enfant, Rumpelstiltskin{nl}déclara : « Eh bien, cette taille me{nl}permettra de chevaucher ta{nl}flèche, n'est-ce pas ? »{nl}Lydia Schaffen réfléchit un{nl}instant,{nl}« Il y a toutefois un problème. Si{nl}tu touches la flèche et la fais{nl}tomber au sol sans qu'elle{nl}n'atteigne jamais la cible, ne{nl}serait-ce pas malgré tout une{nl}défaite pour moi, que tu l'aies{nl}chevauchée ou non ? »{nl}Rumpelstiltskin lui répondit par{nl}ces mots.{nl}	그렇게 대답한 럼펠스틸스킨의 몸은 작아지기 시작했습니다. {nl}그는 어린이의 주먹 크기로 줄어들더니 다시 말을 이었습니다.{nl}“어때 이 정도 크기면 네 화살에 올라탈 수 있겠지?”{nl}리디아 샤펜은 잠시 무엇을 생각하다 말했습니다.{nl}“이 시합은 문제가 있어. 만약 네가 화살을 건드려서 땅에 떨구거나 해서 과녁을 못 맞히게 하면 네가 화살에 올라타든 못 타든 내가 지는 것이잖아?”{nl}리디아 샤펜의 말에 럼펠스틸스킨이 대답했습니다.{nl}				
QUEST_JOBSTEP_20150317_000769	« Alors que dirais-tu de ceci. Je{nl}gagne si je parviens à chevaucher{nl}ta flèche jusqu'à ce qu'elle{nl}atteigne la cible. »{nl} « Et si ta flèche tombe au sol, »{nl}continua-t-il, « alors nous{nl}perdons tous les deux. »{nl}Rumpelstiltskin ajouta : « Le jeu{nl}comptera trois manches, au{nl}meilleur des trois. »{nl}	“그럼 이렇게 하지. 내가 이기는 조건은 네 화살을 타고 표적까지 날아가기야.”{nl}{nl}“그전에 네가 그 화살에서 떨어진다면?”{nl}“그것도 내가 지는 것으로 하지. 그리고 시합은 세 차례 하는 걸로 하지. 그러니까 3번 겨뤄 2번 이기는 사람이 이기는 것이지.”{nl}				
QUEST_JOBSTEP_20150317_000770	Après la réponse en apparence{nl}honnête de Rumpelstiltskin,{nl}Lydia Schaffen répliqua : « Très{nl}bien, encore une chose : je tirerai{nl}sur n'importe quelle cible, dans{nl}n'importe quelle direction. Je{nl}t'annoncerai la cible à chaque{nl}manche. Ainsi, tu ne pourras pas{nl}t'y habituer pour les deuxième et{nl}troisième manches. Cela te{nl}convient-il ?{nl}« Très bien, faisons ainsi »,{nl}accepta Rumpelstiltskin. {nl}Après s'être aussi entendus sur{nl}les conditions de la défaite, le jeu{nl}entre deux personnes, euh, une{nl}personne et un démon,{nl}commença.{nl}	럼펠스틸스킨이 그렇게 선선히 말하자 리디아 샤펜이 다시 말했습니다.{nl}“좋아. 그럼 한 가지만 더 말하지. 나는 지금 이 자리에서 아무 방향으로 아무 표적을 향해 쏠 거야. 두 번째나 세 번째에 네가 익숙해지지 않도록 말이지. 다만 차례마다 맞추는 표적은 미리 말해 주겠어. 어때 이 조건에 동의해?”{nl}“좋아. 그렇게 하지.”{nl}럼펠스틸스킨이 동의하고 패배할 경우 보상에 대해서도 합의한 다음; 두 사람, 아니 한 사람과 한 악마의 시합이 시작되었습니다. {nl}				
QUEST_JOBSTEP_20150317_000771	Lydia Schaffen soupesa sa flèche,{nl}puis annonça la première cible :{nl}« Le plus grand arbre brun là-bas{nl}! »{nl}Sur ces mots, elle relâcha la{nl}flèche qui trancha l'air à une{nl}vitesse effroyable{nl}	리디아 샤펜이 화살을 잰 다음 목표를 불렀습니다. {nl}“저기 가장 큰 갈색 나무!”{nl}그리고 그 말과 함께 시위를 놓았고 화살은 무서운 속도로 바람을 갈랐습니다.{nl}				
QUEST_JOBSTEP_20150317_000772	Rumpelstiltskin bondit avec{nl}agilité pour rattraper la flèche en{nl}vol, et après y être monté, la{nl}flèche transperça l'arbre. Tandis{nl}que la flèche continuait d'osciller,{nl}il dansa au rythme de l'oscillation{nl}et chanta un air inconnu.{nl}Lydia Schaffen soupesa à{nl}nouveau ses flèches, puis{nl}annonça :{nl}« Toutes les pommes de ce pin{nl}sur ma gauche, devant moi ! »{nl}Après avoir annoncé la cible,{nl}Lydia Schaffen déchaîna son{nl}talent divin d'archère. 	하지만 럼펠스틸스킨은 가벼운 동작으로 날아가는 화살을 추격해 그에 올라탄 후 화살이 나무에 꽂히자 부르르 떠는 진동에 맞춰 화살대 위에서 춤을 추며 알 수 없는 노래를 불렀습니다.{nl}리디아 샤펜이 다시 화살을 잰 후 외쳤습니다.{nl}“내 좌측 정면 소나무의 모든 솔방울!”{nl}그 말과 함께 리디아 샤펜의 신기에 가까운 궁술이 펼쳐졌지요. 				
QUEST_JOBSTEP_20150317_000773	Ses flèches déferlèrent plus vite{nl}qu'une pluie battante par une{nl}chaude journée d'été, comme si{nl}des centaines, voire des milliers{nl}de flèches étaient tirées{nl}simultanément dans la même{nl}direction. {nl}	가장 뜨거운 여름날 폭우처럼 쏟아지는 소나기보다 더 빠른 속도로 발사된 수십 아니 어쩌면 수 백발의 화살이 거의 동시에 한 방향으로 발사되었습니다. {nl}				리디아 샤펜과 럼펠스틸스킨
QUEST_JOBSTEP_20150317_000774	Rumpelstiltskin ne prit pas cette{nl}manche avec le même calme.{nl}Plus vite que l'œil humain ne{nl}pouvait le distinguer,{nl}Rumpelstiltskin se posa sur{nl}chaque flèche une à une et passa{nl}à la suivante tandis que la salve{nl}fendait l'air. Finalement, il{nl}parvint à monter sur la dernière{nl}flèche avant qu'elle n'atteigne la{nl}dernière pomme de pin.{nl}Rumpelstiltskin s'adressa à Lydia{nl}Schaffen en tentant de reprendre{nl}son souffle.{nl}	이번에는 럼펠스틸스킨도 여유를 가지지 못했습니다. 인간의 눈으로는 도저히 판별할 수 없었지만, 아무튼 럼펠스틸스킨은 화살이 허공을 가르는 동안 모든 화살 위에 한 번씩 앉았다가 다른 화살로 옮겨 탔고, 결국 마지막 화살이 마지막 솔방울에 닿기 전에 그 화살에 올라탄 채 표적에 부딪힐 수 있었습니다.{nl}럼펠스틸스킨은 지친 듯 씩씩거리는 표정으로 리디아 샤펜에게 말했습니다.{nl}				리디아 샤펜과 럼펠스틸스킨
QUEST_JOBSTEP_20150317_000775	« Voilà, j'ai réussi à m'asseoir sur{nl}chaque flèche avant que la{nl}dernière n'atteigne la cible. Je{nl}gagne. »{nl} Lydia Schaffen répondit :{nl}« Certes, je ne peux nier que tu{nl}t'es assis sur chaque flèche avant{nl}que la dernière n'atteigne sa{nl}cible. »{nl}	“어쨌거나 마지막 화살이 표적에 닿기 전에 모든 화살에 한 번씩 올라탔으니 이건 내가 이긴 거야.”{nl}리디아 샤펜이 말했습니다.{nl}“분명히 마지막 화살이 표적에 닿기 전에 모든 화살에 한 번씩 올라탔으니 네 말을 인정하지.”{nl}				
QUEST_JOBSTEP_20150317_000776	Rumpelstiltskin esquissa un{nl}sourire malveillant après avoir{nl}entendu les paroles de Lydia{nl}Schaffen et dit :{nl}« Cela signifie que j'ai gagné ce{nl}jeu. Maintenant, quant au gage{nl}dont nous avons convenu... »{nl}Avant que Rumpelstiltskin ne{nl}puisse terminer, Lydia Schaffen{nl}secoua la tête et déclara :{nl}« Ne me dis pas que, parce que tu{nl}as gagné deux manches, tu ne{nl}joueras pas la dernière ? C'est{nl}inacceptable, nous avions{nl}clairement promis de jouer trois{nl}manches, n'est-ce pas ? »{nl}	럼펠스틸스킨은 리디아 샤펜의 말에 사악한 미소를 지으며 말했습니다.{nl}“그럼 이제 이 시합은 내가 이겼군. 그러면 아까 말한 보상 말인데….”{nl}럼펠스틸스킨의 말이 이어지기 전에 리디아 샤펜이 고개를 젓고 말했습니다.{nl}“설마 네가 두 번 이겼다고 마지막 시합을 안 하겠다는 것인가? 나는 그렇게 못 하겠는데 더구나우리 약속은 어쨌거나 분명히 3번의 시합을 하기로 약속한 것이지 않나? 				
QUEST_JOBSTEP_20150317_000777	« Le jeu ne s'achève pas avant la{nl}troisième manche, alors je trouve{nl}inutile de parler de gages avant{nl}que le jeu ne soit réellement{nl}terminé... »{nl}	3번의 시합을 다 하기 전에는 시합은 끝난 것이 아니고 시합이 끝나지 않은 상태에서 보상이니 뭐니 하는 것을 언급하는 일은 무의미하다고 생각하는데..”{nl}				
QUEST_JOBSTEP_20150317_000778	Reconnaissant qu'il avait déjà{nl}gagné deux manches et n'avait{nl}aucune raison de refuser la{nl}troisième, ainsi que le fait que le{nl}jeu n'était assurément pas encore{nl}terminé, Rumpelstiltskin n'eut{nl}d'autre choix que de se plier aux{nl}paroles de Lydia Schaffen.{nl}Et ainsi la manche finale débuta ;{nl}Lydia Schaffen soupesa sa{nl}dernière flèche, et annonça en{nl}tirant sur la corde :{nl}« Ma cible est... la lune dans le{nl}ciel ! »{nl}Rumpelstiltskin enfourcha la{nl}flèche dès qu'elle quitta la corde,{nl}et il ne tarda pas à réaliser ce qu'il{nl}venait d'entendre.	럼펠스틸스킨은 설사 이번 차례에 져도 어차피 자신이 2승을 거둔 상황이기 때문에 딱히 거절할이유가 없었고, 리디아 샤펜의 말대로 확실히 시합은 아직 끝나지 않았기 때문에 리디아 샤펜의 말에 따를 수밖에 없었습니다.{nl}그래서 마지막 시합이 시작되었고, 리디아 샤펜은 마지막 화살을 잰 후 그것을 당기며 외쳤습니다.{nl}“목표는 하늘의 저 달!”{nl}럼펠스틸스킨은 활이 시위를 떠나자마자 화살에 올라타 걸터앉은 자세로 있다가 곧, 자신이 무슨 말을 들었는지 깨달았습니다. 				
QUEST_JOBSTEP_20150317_000779	Et, tandis qu'il chevauchait la{nl}flèche vers la lune,{nl}Rumpelstiltskin réalisa également{nl}que le jeu ne pouvait s'achever{nl}avant qu'il ne l'atteigne.{nl}Le temps passant, la puissance de{nl}la flèche s'atténua et elle{nl}commença à retomber vers le sol.{nl}Cependant, après un moment, la{nl}flèche que chevauchait{nl}Rumpelstiltskin s'immobilisa,{nl}flottant dans le ciel.{nl}	그리고 곧 자신이 화살을 타고 달에 가기 전에는 시합이 끝날 수 없다는 사실도 깨달았습니다. {nl}시간이 흐르고 화살의 힘이 다해 땅으로 떨어지기 시작했지만, 리디아 샤펜이 쏘고 럼펠스틸스킨이 탄 화살은 공중에 정지한 채 떠 있었습니다. 				리디아 샤펜과 럼펠스틸스킨
QUEST_JOBSTEP_20150317_000780	Alors que Rumpelstiltskin,{nl}grinçant des dents, s'apprêtait à{nl}ouvrir la bouche, Lydia Schaffen{nl}déclara :{nl}« Pour que le jeu s'achève, tu dois{nl}chevaucher la flèche jusqu'à ce{nl}qu'elle atteigne sa cible. Le jeu ne{nl}peut se terminer avant. Si tu{nl}parviens à toucher la lune et à{nl}revenir, alors j'accepterai{nl}assurément le gage. »{nl}Ayant dit cela, Lydia Schaffen{nl}s'éloigna sous le regard de{nl}Rumpelstiltskin qui, grinçant des{nl}dents une fois de plus, ne pouvait{nl}changer le cours du jeu.	럼펠스틸스킨은 리디아 샤펜에게 이를 갈며 뭐라 하려고 했지만, 그전에 리디아 샤펜이 먼저 말을 꺼냈습니다.{nl}“시합이 끝나려면 반드시 네가 화살에 타고 과녁에 도착해야 해. 그전에는 시합이 끝난 것이 아니지. 네가 달에 닿은 후 내게 돌아오면 내 약속한 보상을 꼭 하지.” {nl}그렇게 말한 후 리디아 샤펜은 럼펠스틸스킨을 남겨두고 자기 길을 가기 시작했습니다. 럼펠스틸스킨은 그런 리디아 샤펜의 뒷모습을 보고 이를 갈았지만, 뾰족한 수가 없었습니다. 				
QUEST_JOBSTEP_20150317_000781	Selon l'anecdote, Rumpelstiltskin{nl}n'a pas encore atteint la lune, et y{nl}vole toujours grâce à la magie{nl}contenue dans son corps. {nl}On ne peut que deviner s'il{nl}parviendra à revenir avant la fin{nl}de sa vie démoniaque.	전설에 따르면 럼펠스틸스킨은 아직도 달에 도착하지 못 하고, 가진 마력을 다해 달로 날아가고 있다고 합니다. {nl}어쩌면 그의 마족 수명이 끝나기 전에 다시 돌아올 수도 있습니다. {nl}				리디아 샤펜과 럼펠스틸스킨
QUEST_JOBSTEP_20150317_000782	Néanmoins, comme nous le{nl}savons, Lydia Schaffen est morte{nl}depuis longtemps. Ainsi, si le{nl}démon n'a pas perdu le jeu, il a{nl}perdu à jamais sa chance de le{nl}gagner. {nl}Il reste toutefois une question qui{nl}nous intrigue, nous, génération{nl}actuelle : quel était le gage{nl}convenu entre Lydia Schaffen et{nl}Rumpelstiltskin. {nl}Bien sûr, nous pourrions le{nl}demander à une certaine{nl}personne, euh, un certain démon,{nl}qui est peut-être encore en vie.{nl}Cependant, comme nous ne{nl}savons pas quand il reviendra, il{nl}sera difficile de régler cette{nl}question en suspens avant un{nl}bon moment.{nl}	그러나 우리가 알다시피 리디아 샤펜은 오래전에 영면에 들어갔고 악마는 패하지는 않았지만, 영원히 이길 수 없게 되었지요. {nl}다만 후세의 우리가 궁금한 한 가지 일이 남아있는데 그것은 리디아 샤펜과 럼펠스틸스킨이 서로에게 내건 보상이 무엇이냐는 점입니다. {nl}물론 물어볼 사람 아니, 존재가 하나 있기는 합니다. 그러나 그가 돌아올 때를 우리가 모르니 그궁금증은 한 동안 해결되기 어려울 것 같습니다.{nl}{nl}				리디아 샤펜과 럼펠스틸스킨
QUEST_JOBSTEP_20150317_000783	L'Expansion de l'Atman	아트만의 확장				
QUEST_JOBSTEP_20150317_000784	L'Expansion de l'Atman	아트만의 확장{/} 				아트만의 확장
QUEST_JOBSTEP_20150317_000785	Félicitations pour avoir reçu ce{nl}livre, qu'aucun criminel ne doit{nl}voir. Il existe bien des façons{nl}d'utiliser la magie, mais celle{nl}employée par les Lieurs est un{nl}cas particulier. Les autres mages{nl}exercent des pouvoirs fondés sur{nl}des effets plutôt que sur la magie{nl}elle-même. Autrement dit,{nl}combattre un ennemi avec une{nl}boule de feu ou de la foudre ne le{nl}lie pas véritablement par la{nl}magie. 	{nl}그대가 범인의 눈에 보이지 않는 책을 얻었음을 축하한다. {nl}많은 마력의 운용방식이 있으나 링커의 그것은 매우 독특하다고 할 수 있다. {nl}  {nl}다른 계열의 마법사들은 마력에 대해서 영향력을 행사한다. {nl}다시 말해 불덩이로 적을 공격하거나 벼락으로 적을 공격하는 것은 사실은 적과 마력으로 연결짓는 행위가 아니다. {nl}				아트만의 확장
QUEST_JOBSTEP_20150317_000786	Ces attaques n'utilisent la magie{nl}que pour créer une boule de feu{nl}ou de la foudre. Ensuite, les{nl}mages contrôlent la direction et{nl}la destination de l'énergie{nl}magique, puis la relâchent une{nl}fois les deux fixées.	위와 같은 공격에 있어서 실제 행위는 마력으로 불을 다루거나 전기를 다루는 일이다. {nl}그리고 마법사가 통제할 수 있게 된 에너지의 방향이나 종착점을 자신이 설정한 곳으로 보내는 행위를 하는 것이다.{nl}				아트만의 확장
QUEST_JOBSTEP_20150317_000787	Autrement dit, ces mages sont{nl}incapables de gérer les ennemis{nl}sans les Lieurs ; comme ils{nl}doivent canaliser et réguler{nl}l'énergie environnante, ils n'ont{nl}pas le temps de viser aisément un{nl}ennemi avec leur magie.{nl}Cependant, puisque tu as choisi{nl}d'emprunter la voie du Lieur, ta{nl}manière de pratiquer la magie{nl}sera totalement différente. La{nl}magie d'un Lieur consiste à relier{nl}directement ta magie à celle de{nl}ton adversaire, ce qui implique{nl}de repérer ta cible en quelques{nl}secondes.	다시 말해 링커가 아닌 다른 계열의 마법사는 적을 직접 다루는 것이 아니라 마력을 통해 자연계의 에너지를 통제하여 그것을 다시 적에게 할당하는 과정을 순간적으로 해내는 것에 불과하다는 뜻이다.{nl}그러나 그대가 링커의 길을 걷는다면 마력의 운용방식은 전혀 달라지게 된다. {nl}링커의 마력 운용방식은 상대와 자신의 마력의 직접적인 연결점을 그것도 순간적으로 찾아내는데 달려있다. {nl}				아트만의 확장
QUEST_JOBSTEP_20150317_000788	De plus, dans le cas d'une liaison{nl}de plus de 2 cibles, la magie d'un{nl}Lieur se complique encore{nl}davantage si les cibles possèdent{nl}des propriétés mutuellement{nl}opposées. Dans ces situations, le{nl}Lieur doit employer une{nl}propriété magique viable pour{nl}relier les cibles aux propriétés{nl}opposées.	또 둘 이상의 목표를 설정한 경우; 그리고 그 둘 이상의 목표가 서로 상이한 성질을 지닐 경우에는 링커의 마력 운용방식은 더 복잡해지기 마련이다. 이 상황에서 링커는 자신의 마력을 상이한 성질의 두 타격체의 연결점에 같은 성질의 마력을 연결해야 하기 때문이다. {nl}				아트만의 확장
QUEST_JOBSTEP_20150317_000789	Ainsi, dans une certaine mesure,{nl}les Lieurs sont des utilisateurs de{nl}magie expérimentés qui ont{nl}encore de nombreux domaines{nl}nouveaux à explorer. Même s'il{nl}existe des êtres prédestinés à{nl}devenir Lieur, il est recommandé{nl}aux mages débutants ayant{nl}développé leur capacité à{nl}contrôler la magie de devenir{nl}Lieur et d'emprunter cette voie.{nl}Par-dessus tout, la question la{nl}plus importante concernant les{nl}Lieurs est l'établissement de leur{nl}âme véritablement résolue, ou{nl}Atman. Sans elle, il est possible{nl}que les attaques dirigées contre{nl}une cible magiquement liée{nl}reviennent vers le Lieur.	그래서 링커는 어느 정도 마력에 익숙해진 마법사들이 새로 시도하는 영역이기 쉽다. {nl}설령 타고난 링커의 자질이 있어도 초보 마법사들의 경우 마력 자체를 다루는 능력을 배양한 후, 링커의 길을 권유하거나 걷는 것이 좋다.{nl}무엇보다 링커에게 가장 중요한 것은 확고한 자아 즉, 아트만을 확립하는 일이다. 이 과정 없이 자신의 마력을 목표가 된 적에게 연결하려다 자칫 적의 역공을 받거나 실수로 마력을 자신의 몸에 되돌릴 가능성이 있기 때문이다. {nl}				아트만의 확장
QUEST_JOBSTEP_20150317_000790	Pour cette raison, les Lieurs{nl}diffèrent des autres mages en ceci{nl}qu'ils doivent se souvenir{nl}d'utiliser leur être magiquement{nl}établi comme un outil. En{nl}particulier, lorsque tu dois{nl}affronter d'autres Lieur, ton{nl}Atman est encore plus important.	따라서 다른 계열의 마법사와 달리 링커들은 마력을 확립된 자아의 확장의 도구로 사용한다는 사실을 명심해야 한다. {nl}특히 그대가 차후 다른 링커와 승부를 벌일 일이 있다면 이것은 더욱 중요한 문제가 된다.  {nl}				아트만의 확장
QUEST_JOBSTEP_20150317_000791	Félicitations encore pour avoir{nl}reçu ce livre. Le fait que tu aies{nl}pu le trouver signifie que tu as{nl}réussi à découvrir une forme de{nl}lien entre le monde visible et le{nl}monde invisible. Par conséquent,{nl}si tu éprouves désormais des{nl}difficultés à repérer un point de{nl}liaison magique au sein d'un{nl}groupe de cibles, il te sera plus{nl}facile de rejeter l'insincérité.	끝으로 다시 한 번 그대가 이 책을 얻었음을 축하한다. 그대가 이 책을 얻었다는 사실 자체가 보이는 세계와 보이지 않는 세계 사이의 연결점을 찾는데 성공하였음을 의미하기 때문이다. {nl}그러므로 이후 자신의 차원에 속한 목표들 사이에 마력의 연결점을 찾아내는데 어려움을 겪는다면, 그것은 그대가 성실하지 못한 탓이기 쉽다.{nl}				아트만의 확장
QUEST_JOBSTEP_20150317_000792	Armure de l'Ère Kadumel	카듀멜 시대의 갑주				
QUEST_JOBSTEP_20150317_000793	L'Armure de l'Ère Kadumel{/}	카듀멜 시대의 갑주{/} 				카듀멜 시대의 갑주
QUEST_JOBSTEP_20150317_000794	{nl}{nl}Vados Winterspoon	{nl}{nl}바도스 윈터스푼 저				카듀멜 시대의 갑주
QUEST_JOBSTEP_20150317_000795	{nl}{nl}Dix ans se sont écoulés depuis le{nl}début de mes recherches.{nl}Aujourd'hui, exactement 30 ans{nl}après la guerre civile, j'ai enfin{nl}des résultats à présenter.{nl}Bien que le but de ces recherches{nl}soit de satisfaire ma modeste{nl}curiosité, si leur portée venait à{nl}s'élargir, elles pourraient s'avérer{nl}bénéfiques à la famille{nl}Winterspoon.{nl}	{nl}{nl}내전이 끝난 지 30년이 되는 해에 나는 문득 한 가지 학구적 의문이 생겼고 그것을 지난 10년간 연구하여 그 연구가 작금에 이르러 결실을 보게 되었다.{nl}작게는 나 일개인의 학문적 호기심을 만족시킨 연구였고, 조금 범위를 넓히면 내가 속한 윈터스푼 가문의 여러 연구를 향상시키는데 보탬이 될 것이라 생각한다. {nl}				카듀멜 시대의 갑주
QUEST_JOBSTEP_20150317_000796	Quoi qu'il en soit, après avoir{nl}longuement fouillé les moindres{nl}recoins à la recherche{nl}d'informations sur Ruklys et ses{nl}partisans, je suis parvenu à une{nl}conclusion.{nl}*Ces notes ont été compilées{nl}après le... des hommes du roi{nl}Kadumel..., en supposant qu'il n'y{nl}a pas de contradictions.*{nl}Durant la période de la guerre{nl}civile, il n'existait aucune{nl}différence significative entre{nl}l'armée du roi et l'armée rebelle.	각설하고, 오랜 기간 대지의 요새와 석화도시는 물론이거니와 루클리스나 그 추종자들이 관련된 장소를 샅샅이 탐색해 내린 나의 결론은 다음과 같다. {nl}또한 이는 카듀멜 국왕의 붕어후 편찬된 내전기의 기록과도 맞아 떨어지며, 전혀 모순이 없다고 여겨진다. {nl}결론부터 말하면 내전기간에 벌어진 전투에서 반란군과 국왕측 군대 사이에 일반적인 무장의 차이는 존재하지 않았다. 				카듀멜 시대의 갑주
QUEST_JOBSTEP_20150317_000797	Les deux camps possédaient un{nl}armement de qualité{nl}comparable.{nl} L'armée du roi Kadumel{nl}surpassait en nombre l'armée{nl}rebelle, mais la Forteresse de la{nl}Terre et la cité qui l'entourait{nl}(aujourd'hui appelée Ville{nl}pétrifiée) constituaient une{nl}position favorable.	양측의 무기와 갑주 그밖의 군수품은 그 질에 있어서 아무런 차이가 없었다고 여겨진다. {nl}비록 카듀멜 국왕측의 병력이 훨씬 많기는 했으나 대지의 요새와 그 주변 도시(지금은 석화도시라 부르는)만을 지켜야 했던 반군측의 입장을 고려하면, 				카듀멜 시대의 갑주
QUEST_JOBSTEP_20150317_000798	Bon nombre des assaillants{nl}devaient attaquer par un goulot{nl}d'étranglement, telle est ma{nl}conclusion.{nl}Cette tactique réduisit l'avantage{nl}numérique de 10 contre 1 à 3{nl}contre 1. *Ruklys avait l'intention{nl}de mener une défense héroïque{nl}dans la Forteresse de la Terre* ; la{nl}probabilité de victoire n'est pas{nl}grande, même avec 20 fois plus{nl}de troupes. Une théorie{nl}communément admise par les{nl}érudits militaires.{nl}	공격자의 많은 병력은 그렇게까지 부담이 되지 않았으리란 것이 내 결론이다. {nl}고래의 모든 병법서가 말하듯이 공자와 방자의 비율은 적게는 3대1에서 많게는 10대1까지 방자의 유리함을 논한다. 더구나 대지의 요새처럼 루클리스 같은 영웅이 작정하고 만든 요새를 농성처로 삼는다면, 20배의 병력을 지녔다고 해도 공성자 처지에서는 많다고 볼 수 없다는 것이 군사학자들의 통설이다. {nl}				카듀멜 시대의 갑주
QUEST_JOBSTEP_20150317_000799	Le roi Kadumel disposait d'un{nl}avantage numérique en troupes,{nl}mais d'autres facteurs en jeu sont{nl}tout aussi importants.{nl}Une différence significative, par{nl}exemple, réside dans la manière{nl}dont les guerres se mènent{nl}aujourd'hui comparé à il y a mille{nl}ans.	다만 간과하지 말아야 할 사실은 카듀멜 국왕측의 군대가 단순히 정규군으로서의 이점과 그에 따른 병력의 상대적 우월성만을 지닌 것은 아니었다는 점이다.  {nl}그때나 지금이나 왕국의 전쟁은 예를 들어 천년 전의 전쟁과는 그 전술에 있어 큰 차이가 존재한다. 				카듀멜 시대의 갑주
QUEST_JOBSTEP_20150317_000800	Il y a eu de nombreux progrès en{nl}science militaire, mais les{nl}changements engendrés par le{nl}développement de l'académie{nl}magique sont sans commune{nl}mesure. La guerre avec des{nl}magiciens comme combattants{nl}ajoute bien davantage d'éléments{nl}à considérer pour les{nl}commandants.	군사학에서도 많은 발전이 있었지만, 그럼에도 그 양상에 가장 많은 차이를 나타내게 하는 핵심은 바로 과거와는 비교할 수 없는 마법학과 연금술의 발전이다.{nl}마법사와 종군사제들이 전쟁에 얼마나 개입하느냐에 따라 현장 지휘관들은 전에는 고려하지 않았던 많은 요소를 염두에 두어야 한다.				카듀멜 시대의 갑주
QUEST_JOBSTEP_20150317_000801	C'était là la différence essentielle{nl}entre les armées de Ruklys et du{nl}roi Kadumel.{nl}	그리고 루클리스가 카듀멜 국왕의 군대와 전투시에 가장 신경을 써야 할 핵심도 실은 이 부분에 있었다. {nl}				카듀멜 시대의 갑주
QUEST_JOBSTEP_20150317_000802	Si un camp disposait de{nl}magiciens et l'autre non, la{nl}différence en troupes et en{nl}équipement n'a plus aucun sens.{nl}On estime que le nombre de{nl}magiciens dans l'armée du roi{nl}Kadumel était considérable.{nl}	전술한대로 내전기 양측의 무장과 기타 장비 그리고 병력의 차이가 무의미한 것이었다 해도, 정규군인 카듀멜 국왕의 군대에 종군하는 마법사들과 사제들의 숫자는 상당했다고 추정된다. {nl}				카듀멜 시대의 갑주
QUEST_JOBSTEP_20150317_000803	*Bien que le mentor de Ruklys fût{nl}opposé à l'idée de combattre une{nl}armée comptant un nombre{nl}considérable de magiciens, la{nl}guerre ne pouvait être évitée.*	비록 루클리스의 스승인 메이번이 영향력이 알게 모르게 미쳐 많은 사제들이 종군을 회피했다고는 하나 여전히 상당한 숫자의 종군사제들이 존재했으며 마법사들은 루클리스와 아무런 연분이 없었기에 많은 숫자가 자유로이 참전하였다. 				카듀멜 시대의 갑주
QUEST_JOBSTEP_20150317_000804	Habituellement, le nombre de{nl}soldats et leur équipement{nl}influencent grandement le cours{nl}d'une bataille ; cependant, avec{nl}l'inclusion de magiciens, il s'avère{nl}que tel ne fut pas le cas durant la{nl}guerre civile.	일반적 군장비와 병사로서 차이를 둘 수 없는 상황에서 마법사의 대거 참전은 전세에 많은 영향을 끼쳤어야 했으나 실제로는 내전기간의 전쟁 양상이 그렇게 되지 않았다는 것은 주지의 사실이다. {nl}				카듀멜 시대의 갑주
QUEST_JOBSTEP_20150317_000805	Ce phénomène pose certains{nl}problèmes quant à la manière{nl}dont le passé a été analysé. Si le{nl}roi{nl}Kadumel n'a pas correctement{nl}employé les magiciens, alors ce{nl}serait sa folie et son{nl}incompétence. Quant à la{nl}bravoure exceptionnelle dont{nl}Ruklys fit preuve, il pourrait y{nl}avoir une autre explication.{nl}	이 같은 현상을 두고 과거로부터 여러 가지 분석이 있었다. 마법사들을 제대로 활용하지 못한 카듀멜 국왕의 어리석음과 무능을 비판하는 시각이 있는가 하면, 루클리스의 탁월한 용맹이 모든 것을 극복했다는 식의 서술도 존재한다. {nl}				카듀멜 시대의 갑주
QUEST_JOBSTEP_20150317_000806	De telles perspectives ne sont pas{nl}toutes invalides. Cependant, une{nl}chose doit être dite au sujet du{nl}résultat de ces recherches. Il s'agit{nl}du métal que Ruklys et ses{nl}partisans utilisaient pour leur{nl}armure.	그 같은 견해들이 모두 일리가 없는 것은 아니나, 본 연구의 결과는 그에 대하여 한 가지 사항을 덧붙이고자 한다. 그것은 바로 루클리스와 그의 군대가 사용한 갑주; 그 중에서도 특별히 루클리스의 갑옷에 관한 진실이다. 				카듀멜 시대의 갑주
QUEST_JOBSTEP_20150317_000807	Le but de ces recherches est{nl}d'examiner pourquoi la magie fut{nl}inefficace dans la bataille contre{nl}Ruklys et ses partisans.{nl}	그간의 연구결과를 살펴보건대 마법이 루클리스와 그의 추종자들에게 전투에서 효과를 발휘하지 못한 가장 큰 이유는 그들의 갑옷이 마법에 대해 극도의 내성과 저항을 지니고 있었기 때문이라는 것이 이 연구 주장의 핵심이다.{nl}				카듀멜 시대의 갑주
QUEST_JOBSTEP_20150317_000808	Autrement dit, il est possible que{nl}les forces de Ruklys aient été{nl}équipées de Métal de mana{nl}suffisamment puissant pour{nl}annuler les attaques magiques{nl}des magiciens.{nl}À première vue, cela peut{nl}sembler absurde.	다시 말하면, 루클리스와 그 군대의 갑옷은 강력한 마나 메탈로 제조되어 마법사들의 공격마법을 무시할 수 있었다는 주장인 셈이다.{nl} 얼핏 이 같은 견해는 황당하게 들릴 수 있다. 				카듀멜 시대의 갑주
QUEST_JOBSTEP_20150317_000809	Qu'un métal, le Métal de mana,{nl}doté d'une aussi forte résistance à{nl}la magie existe est étrange, mais si{nl}un tel métal existe bien, alors il{nl}n'aurait pu y en avoir assez pour{nl}fabriquer plus d'une seule{nl}armure. Le commandant Ruklys{nl}aurait été le seul à porter une telle{nl}armure, sinon cela n'aurait aucun{nl}sens que le Métal de mana ait été{nl}distribué à autant de ses troupes.{nl}Il est tout aussi raisonnable de{nl}penser que l'inverse était vrai.	마법에 대하여 그토록 강한 저항력을 갖는 마나 메탈이 존재한다는 사실이 낯설며, 설령 그런 마나 메탈이 존재한다 하더라도 그것을 지휘관인 루클리스만이 갑옷 한 벌을 만들어 있었다면 모를까 그의 부하들에게 많이 배급할 수 있었다는 것은 말도 안 된다는 것이다.{nl} 이 같은 반론은 충분히 제기될 수 있는 것이며, 무척 타당한 것이기도 하다. 				카듀멜 시대의 갑주
QUEST_JOBSTEP_20150317_000810	Si l'on devait écrire à ce sujet, on{nl}pourrait immédiatement songer{nl}à une objection.{nl}Pour étayer cette affirmation, il{nl}faudrait trouver des preuves d'un{nl}tel phénomène.{nl}	설령 이 책을 쓰는 필자라 하더라도 다른 사람이 이 같은 주장을 했다면 합리적으로 생각할 때 당장 떠오르는 반론이라고 할 수 있다. {nl} 게다가 이 같은 주장을 뒷받침 하기 위해서는 우리가 익히 아는 물리적인 현상에 역행하는 또 하나의 황당한 가정을 추가해야 한다. {nl}				카듀멜 시대의 갑주
QUEST_JOBSTEP_20150317_000811	Si je n'étais pas parvenu{nl}moi-même à cette conclusion, je{nl}n'aurais pas cru à une hypothèse{nl}aussi extravagante.{nl} Ce que nous avons découvert,{nl}c'est que ce type particulier de{nl}Métal de mana ne se fracture pas{nl}aux températures extrêmement{nl}froides. D'autres métaux{nl}apparemment robustes sont très{nl}vulnérables aux températures{nl}extrêmes. Aussi résistant que soit{nl}un métal donné, il se brisera en{nl}de multiples morceaux par grand{nl}froid.{nl}	 필자 역시 스스로 연구하여 얻은 결론이 아니었다면, 인정하기 어려운 가정이다.{nl} 그 무리한 가정은 바로 특정한 마나 메탈은 매우 낮은 온도로 얼려도 부서지지 않는다는 사실이다. 강철과 같은 금속들은 일반적으로 무척 단단하다고 여겨지지만, 실은 온도에는 무척 약하다. 아무리 강한 금속이라도 강하게 얼린다면 손톱만한 충격에도 금이 가거나 산산조각이 난다.{nl}				카듀멜 시대의 갑주
QUEST_JOBSTEP_20150317_000812	Cependant, le Métal de mana que{nl}Ruklys avait rassemblé ne{nl}présentait pas une telle faiblesse.{nl}	그러나 루클리스가 채취하여 사용한 마나 메탈은 자연계에서 유일하게 이 같은 사실에 위배되는 성질을 지닌 마나 메탈이었다고 본다.{nl}				카듀멜 시대의 갑주
QUEST_JOBSTEP_20150317_000813	En me rendant sur le site de la{nl}Forteresse de la Terre, ma{nl}conclusion s'est avérée exacte.{nl}Des fragments de Métal de mana{nl}y furent trouvés. Je crois qu'ils{nl}furent employés au combat. Mon{nl}hypothèse est qu'une petite{nl}quantité de Métal de mana suffit{nl}à protéger contre les sorts de{nl}zone des magiciens du roi.{nl}	 대지의 요새와 그밖의 루클리스에 관련된 장소를 방문하여 내린 결론은 루클리스가 이 정체불명의 마나 메탈을 소량으로 자신의 추종자들의 무장에 사용하였고, 그런 소량의 마나 메탈로도 다수의 대상을 노리는 국왕측 마법사들의 광역마법에 충분히 방비할 수 있었다는 가설이다.{nl}				카듀멜 시대의 갑주
QUEST_JOBSTEP_20150317_000814	Portons notre attention sur{nl}Ruklys. Selon des archives{nl}crédibles, toutes les attaques{nl}magiques, y compris celles des{nl}magiciens royaux, furent inutiles{nl}contre Ruklys, si bien que le{nl}nombre de victimes ne cessa{nl}d'augmenter jusqu'à ce qu'ils{nl}doivent recourir à la flèche de{nl}Lydia{nl}Schaffen. Cela étaye mon{nl}hypothèse.{nl}	 초점을 루클리스에게 돌려보면, 그에게 쏟아진 엄청난 마법들의 무용성; 특히 그의 최후의 순간에 국왕의 마법사들이 손을 놓고 있었고, 병사들의 희생만 쌓이다가 결국 리디아 샤펜의 활에 의존해야만 했다는 기록을 참조하면 이 같은 가설은 더욱 설득력을 지닌다.{nl}				카듀멜 시대의 갑주
QUEST_JOBSTEP_20150317_000815	À en juger par les indices{nl}découverts, Ruklys devait porter{nl}à l'époque une armure résistante{nl}à la magie.{nl}{nl}Combinée à d'autres indices de{nl}cette période, l'armure que{nl}portait Ruklys doit avoir été{nl}produite à partir d'une grande{nl}quantité de Métal de mana.	 그외 몇 가지 발견된 단서들로 추론하면 당시 루클리스가 입었던 갑주의 마법저항력은 위에 적은 마나 메탈을 대량으로 사용하여 제조한 것이 틀림없다. {nl}{nl} 더구나 당시 크리오맨서들이 가장 적극적으로 나서서 그에게 공격을 퍼부었다는 점을 고려하면 이 갑주와 그것을 구성한 마나 메탈의 한기에 대한 저항력은 상상을 불허할 수준이라고 생각된다.				카듀멜 시대의 갑주
QUEST_JOBSTEP_20150317_000816	Je nommerai donc ce Métal de{nl}mana 	하여 본 필자는 이 마나 메탈을 잠정적으로 				카듀멜 시대의 갑주
QUEST_JOBSTEP_20150317_000817	Fer Froid	한철				카듀멜 시대의 갑주
QUEST_JOBSTEP_20150317_000818	 à titre provisoire. {nl}{nl}	이라고 명명하고자 한다{nl}{nl}				카듀멜 시대의 갑주
QUEST_JOBSTEP_20150317_000819	Type de Base	기본형				
QUEST_JOBSTEP_20150317_000820	Avancement Brutal [Avancement Barbare]	거친 승급[바바리안 전직]				
QUEST_JOBSTEP_20150317_000821	Accepter le combat contre le maître	마스터와 전투를 받아들인다				
QUEST_JOBSTEP_20150317_000822	Éviter le combat	전투를 피한다				
QUEST_JOBSTEP_20150317_000823	Un Avenir Radieux [Avancement Hoplite]	창창한 미래[하플라이트 전직]				
QUEST_JOBSTEP_20150317_000824	Je vais accepter la tâche	과제를 수행하겠다고 한다				
QUEST_JOBSTEP_20150317_000825	Mission Gênante [Avancement Psychokinésiste] (1)	신경 쓰이는 임무[사이코키노 전직](1)				
QUEST_JOBSTEP_20150317_000826	Je serai l'assistant	조수가 되겠다고 한다				
QUEST_JOBSTEP_20150317_000827	Je n'en ai pas besoin	필요 없다고 한다				
QUEST_JOBSTEP_20150317_000828	Mission Gênante [Avancement Psychokinésiste] (2)	신경 쓰이는 임무[사이코키노 전직](2)				
QUEST_JOBSTEP_20150317_000829	Je vais examiner les résultats des recherches	연구 결과를 확인해 보겠다고 한다				
QUEST_JOBSTEP_20150317_000830	Lui dire que cela semble plutôt dangereux	왠지 위험해 보인다고 한다				
QUEST_JOBSTEP_20150317_000831	Le livre inexistant [Avancement Lieur] (1)	세상에 없던 책[링커 전직](1)				
QUEST_JOBSTEP_20150317_000832	Préparer les matériaux pour l'épreuve	시험에 필요한 재료를 준비해 준다				
QUEST_JOBSTEP_20150317_000833	J'ai besoin de plus de temps pour réfléchir	좀 더 생각해본다				
QUEST_JOBSTEP_20150317_000834	Le livre inexistant [Avancement Lieur] (2)	세상에 없던 책[링커 전직](2)				
QUEST_JOBSTEP_20150317_000835	Je vais passer l'épreuve	시험을 치르겠다고 한다				
QUEST_JOBSTEP_20150317_000836	Je n'en suis pas si sûr	자신 없다고 한다				
QUEST_JOBSTEP_20150317_000837	Conscience Coupable [Avancement Sapeur] (1)	도둑이 제 발 저린다[새퍼 전직](1)				
QUEST_JOBSTEP_20150317_000838	Je remettrai l'objet en son nom	대신 물건을 돌려 주겠다고 한다				
QUEST_JOBSTEP_20150317_000839	Conscience Coupable [Avancement Sapeur] (2)	도둑이 제 발 저린다[새퍼 전직](2)				
QUEST_JOBSTEP_20150317_000840	Annonce/Livrez les affaires du Maître Sapeur aux habitants de Klaipeda ! #10	Notice/클라페다 사람들에게 새퍼 마스터의 물건을 전하세요!#10				
QUEST_JOBSTEP_20150317_000841	Annonce/Rassemblez des dons et remettez-les au Maître Clerc !#7	Notice/성금을 모아 클레릭 마스터에게 전달!#7				
QUEST_JOBSTEP_20150317_000842	Conscience Coupable [Avancement Sapeur] (3)	도둑이 제 발 저린다[새퍼 전직](3)				
QUEST_JOBSTEP_20150317_000843	Conscience Coupable [Avancement Sapeur] (4)	도둑이 제 발 저린다[새퍼 전직](4)				
QUEST_JOBSTEP_20150317_000844	Le Livre de Rêve d'un Archer [Avancement Chasseur] (1)	활이 꿈꾸는 책1[헌터 전직](1)				
QUEST_JOBSTEP_20150317_000845	Je vais aller trouver le livre	책을 찾아 오겠다고 한다				
QUEST_JOBSTEP_20150317_000846	Je n'ai pas le temps pour ça	그럴 시간은 없다고 한다				
QUEST_JOBSTEP_20150317_000847	Livre de Rêve de l'Arc [Avancement Chasseur] (2)	활이 꿈꾸는 책1[헌터 전직](2)				
QUEST_JOBSTEP_20150317_000848	Je vais chercher le cuir et rapporter le livre	가죽을 구해 책을 받아오겠다고 한다				
QUEST_JOBSTEP_20150317_000849	Livre de Rêve de l'Arc [Avancement Chasseur] (3)	활이 꿈꾸는 책1[헌터 전직](3)				
QUEST_JOBSTEP_20150317_000850	Je vais aller voir le Maître Archer	아처 마스터에게 가 보겠다고 한다				
QUEST_JOBSTEP_20150317_000851	Livre de Rêve de l'Arc [Avancement Chasseur] (4)	활이 꿈꾸는 책1[헌터 전직](4)				
QUEST_JOBSTEP_20150317_000852	Je vais livrer la bourse	주머니를 전하겠다고 한다				
QUEST_JOBSTEP_20150317_000853	Livre de rêve de l'arc 2 [Avancement Tireur de carreaux] (1)	활이 꿈꾸는 책2[쿼렐슈터 전직](1)				
QUEST_JOBSTEP_20150317_000854	Livre de rêve de l'arc 2 [Avancement Tireur de carreaux] (2)	활이 꿈꾸는 책2[쿼렐슈터 전직](2)				
QUEST_JOBSTEP_20150317_000855	Je vais payer pour le livre	책 값을 대신 치르겠다고 한다				
QUEST_JOBSTEP_20150317_000856	Je n'ai pas d'argent non plus	나도 돈이 없다고 한다				
QUEST_JOBSTEP_20150317_000857	Livre de rêve de l'arc 2 [Avancement Tireur de carreaux] (3)	활이 꿈꾸는 책2[쿼렐슈터 전직](3)				
QUEST_JOBSTEP_20150317_000858	Je vais aller voir le Maître Archer	아처 마스터에게 다녀 오겠다고 한다				
QUEST_JOBSTEP_20150317_000859	J'arrête là	그만두겠다고 한다				
QUEST_JOBSTEP_20150317_000860	Livre de rêve de l'arc 2 [Avancement Tireur de carreaux] (4)	활이 꿈꾸는 책2[쿼렐슈터 전직](4)				
QUEST_JOBSTEP_20150317_000861	Livre de Rêve de l'Arc 3 [Avancement Archer] (1)	활이 꿈꾸는 책3[아처 전직](1)				
QUEST_JOBSTEP_20150317_000862	Je le récupérerai plus tard	나중에 다시 오겠다고 한다				
QUEST_JOBSTEP_20150317_000863	Livre de Rêve de l'Arc 3 [Avancement Archer] (2)	활이 꿈꾸는 책3[아처 전직](2)				
QUEST_JOBSTEP_20150317_000864	J'ai besoin de temps pour réunir l'argent du livre	책 값을 준비해 올 시간을 달라고 한다				
QUEST_JOBSTEP_20150317_000865	Livre de Rêve de l'Arc 3 [Avancement Archer] (3)	활이 꿈꾸는 책3[아처 전직](3)				
QUEST_JOBSTEP_20150317_000866	J'ai besoin d'un peu de temps pour me préparer	잠시 준비할 시간을 달라고 한다				
QUEST_JOBSTEP_20150317_000867	Livre de Rêve de l'Arc 3 [Avancement Archer] (4)	활이 꿈꾸는 책3[아처 전직](4)				
QUEST_JOBSTEP_20150317_000868	Livre de Rêve de l'Arc 4 [Avancement Rôdeur] (1)	활이 꿈꾸는 책4[레인저 전직](1)				
QUEST_JOBSTEP_20150317_000869	Livre de Rêve de l'Arc 4 [Avancement Rôdeur] (2)	활이 꿈꾸는 책4[레인저 전직](2)				
QUEST_JOBSTEP_20150317_000870	Livre de Rêve de l'Arc 4 [Avancement Rôdeur] (3)	활이 꿈꾸는 책4[레인저 전직](3)				
QUEST_JOBSTEP_20150317_000871	Livre de Rêve de l'Arc 4 [Avancement Rôdeur] (4)	활이 꿈꾸는 책4[레인저 전직](4)				
QUEST_JOBSTEP_20150317_000872	Comment cela s'utilise-t-il ?	어떻게 이용할 지 묻는다				
QUEST_JOBSTEP_20150317_000873	Livre de Rêve de l'Arc 4 [Avancement Rôdeur] (5)	활이 꿈꾸는 책4[레인저 전직](5)				
QUEST_JOBSTEP_20150317_000874	Le Meilleur Matériau [Avancement Dievdirbys]	최고의 소재[딥디르비 전직]				
QUEST_JOBSTEP_20150317_000875	Où trouve-t-on les cristaux ?	수정을 어디서 찾을 수 있는지 물어본다				
QUEST_JOBSTEP_20150317_000876	Un bouclier sur les fleurs [Avancement Highlander] (1)	꽃보다 방패[하이랜더 전직](1)				
QUEST_JOBSTEP_20150317_000877	Quelle est la mission ?	임무가 무엇인지 묻는다				
QUEST_JOBSTEP_20150317_000878	Un bouclier sur les fleurs [Avancement Highlander] (2)	꽃보다 방패[하이랜더 전직](2)				
QUEST_JOBSTEP_20150317_000879	Devoir du Serment [Avancement Peltaste] (1)	맹약에 대한 도리[펠타스타 전직](1)				
QUEST_JOBSTEP_20150317_000880	Je vais aller rencontrer Uska, le chef des chevaliers	기사단장 우스카에게 가보겠다고 한다				
QUEST_JOBSTEP_20150317_000881	Devoir du Serment [Avancement Peltaste] (2)	맹약에 대한 도리[펠타스타 전직](2)				
QUEST_JOBSTEP_20150317_000882	Je vais rechercher l'escouade de reconnaissance	정찰부대를 찾아보겠다 한다				
QUEST_JOBSTEP_20150317_000883	Devoir du Serment [Avancement Peltaste] (3)	맹약에 대한 도리[펠타스타 전직](3)				
QUEST_JOBSTEP_20150317_000884	Annonce/Recherchons l'escouade de reconnaissance en suivant les traces !#5	Notice/흔적을 따라 정찰부대를 찾자!#5				
QUEST_JOBSTEP_20150317_000885	Devoir du Serment [Avancement Peltaste] (4)	맹약에 대한 도리[펠타스타 전직](4)				
QUEST_JOBSTEP_20150317_000886	Essence du Feu [Avancement Pyromancien]	불의 정수[파이로맨서 전직]				
QUEST_JOBSTEP_20150317_000887	Je vais récolter les énergies du feu pour toi	불의 기운을 모아 오겠다고 한다				
QUEST_JOBSTEP_20150317_000888	Légende du Fer Froid [Avancement Cryomancien] (1)	한철의 전설[크리오맨서 전직](1)				
QUEST_JOBSTEP_20150317_000889	Légende du Fer Froid [Avancement Cryomancien] (2)	한철의 전설[크리오맨서 전직](2)				
QUEST_JOBSTEP_20150317_000890	Je vais essayer de les trouver	찾아보겠다고 한다				
QUEST_JOBSTEP_20150317_000891	Je le souhaiterai la prochaine fois	나중을 기약한다				
QUEST_JOBSTEP_20150317_000892	Mission Religieuse [Avancement Krivis]	종단임무[크리비 전직]				
QUEST_JOBSTEP_20150317_000893	Je vais offrir des prières	봉헌 기도를 올리겠다고 한다				
QUEST_JOBSTEP_20150317_000894	L'Origine de la Constitution [Avancement Épéiste]	현장 체질[소드맨 전직]				
QUEST_JOBSTEP_20150317_000895	Comment reçoit-on l'illumination ?	깨달음을 얻을 수 있는 방법에 대해 묻는다				
QUEST_JOBSTEP_20150317_000896	Je reviendrai plus tard	나중에 다시 찾아 오겠다고 한다				
QUEST_JOBSTEP_20150317_000897	Exorcisme [Avancement Prêtre]	퇴마록[프리스트 전직]				
QUEST_JOBSTEP_20150317_000898	Je vais procéder à l'exorcisme	퇴마를 행하겠다 한다				
QUEST_JOBSTEP_20150317_000899	Le travail acharné ne trahit pas [Avancement Mage] (1)	노력은 배신하지 않는다[위저드 전직](1)				
QUEST_JOBSTEP_20150317_000900	Je vais aider aux recherches	연구를 돕겠다고 한다				
QUEST_JOBSTEP_20150317_000901	Le travail acharné ne trahit pas [Avancement Mage] (2)	노력은 배신하지 않는다[위저드 전직](2)				
QUEST_JOBSTEP_20150317_000902	Je vais utiliser le parchemin pour collecter des données	자료 축적용 스크롤을 사용하고 오겠다고 한다				
QUEST_JOBSTEP_20150317_000903	Eau bénite parfaite [Avancement Clerc] (1)	완벽한 성수[클레릭 전직](1)				
QUEST_JOBSTEP_20150317_000904	Je vais soigner les patients	환자를 치료하겠다고 한다				
QUEST_JOBSTEP_20150317_000905	Eau bénite parfaite [Avancement Clerc] (2)	완벽한 성수[클레릭 전직](2)				
QUEST_JOBSTEP_20150317_000906	Annonce/Soignons les patients du Village des mineurs de Siauliai !#5	Notice/샤울레이 광산 마을의 환자를 치료하자!#5				
QUEST_JOBSTEP_20150317_000907	La Chance des Fers de Lance [Avancement Hoplite]	창날 위에 선 행운[하플라이트 전직]				
QUEST_JOBSTEP_20150317_000908	Je suis d'accord	동의한다고 한다				
QUEST_JOBSTEP_20150317_000909	Je ne suis pas d'accord	동의하지 않는다고 한다				
QUEST_JOBSTEP_20150317_000910	Le Démon Infortuné [Avancement Psychokinésiste]	불운한 마족[사이코키노 전직]				
QUEST_JOBSTEP_20150317_000911	Je vais récupérer l'essence du démon.	마족의 정수를 구해 오겠다고 한다				
QUEST_JOBSTEP_20150317_000912	Secret des Empenneurs [Avancement Tireur de carreaux] (1)	플레쳐의 비법[쿼렐슈터 전직](1)				
QUEST_JOBSTEP_20150317_000913	D'accord, je vais t'aider	도와주겠다고 한다				
QUEST_JOBSTEP_20150317_000914	Secret des Empenneurs [Avancement Tireur de carreaux] (2)	플레쳐의 비법[쿼렐슈터 전직](2)				
QUEST_JOBSTEP_20150317_000915	Dis-moi où tu as vu la carte	지도를 본 곳을 알려달라고 한다				
QUEST_JOBSTEP_20150317_000916	Je ne pense pas que ma force suffira.	왠지 내 힘으론 부족할 것 같다고 한다				
QUEST_JOBSTEP_20150317_000917	L'Accompli de Fedimian [Avancement Archer] (1)	페디미안의 보완자[아처 전직](1)				
QUEST_JOBSTEP_20150317_000918	Je vais aller trouver le Maître Rodelero	로델레로 마스터를 찾아 가겠다고 한다				
QUEST_JOBSTEP_20150317_000919	L'Accompli de Fedimian [Avancement Archer] (2)	페디미안의 보완자[아처 전직](2)				
QUEST_JOBSTEP_20150317_000920	Je vais le vaincre	처치하겠다고 한다				
QUEST_JOBSTEP_20150317_000921	Cela semble trop dangereux	너무 위험한 것 같다고 한다				
QUEST_JOBSTEP_20150317_000922	L'Accompli de Fedimian [Avancement Archer] (3)	페디미안의 보완자[아처 전직](3)				
QUEST_JOBSTEP_20150317_000923	L'Enquêteur de Fedimian [Avancement Rôdeur] (1)	페디미안의 탐문자[레인저 전직](1)				
QUEST_JOBSTEP_20150317_000924	Je vais aller voir le Maître Écuyer à Fedimian	페디미안의 스콰이어 마스터를 찾아 가겠다고 한다				
QUEST_JOBSTEP_20150317_000925	L'Enquêteur de Fedimian [Avancement Rôdeur] (2)	페디미안의 탐문자[레인저 전직](2)				
QUEST_JOBSTEP_20150317_000926	Où ?	알려준 위치를 묻는다				
QUEST_JOBSTEP_20150317_000927	Mouvement Prudent [Avancement Sapeur] (1)	조심스런 행보[새퍼 전직](1)				
QUEST_JOBSTEP_20150317_000928	Obtenir les matériaux nécessaires	필요한 재료를 구해다 준다				
QUEST_JOBSTEP_20150317_000929	Mouvement Prudent [Avancement Sapeur] (2)	조심스런 행보[새퍼 전직](2)				
QUEST_JOBSTEP_20150317_000930	Je vais aller passer l'épreuve	테스트를 해 보고 오겠다고 한다				
QUEST_JOBSTEP_20150317_000931	La Carte Cachée [Avancement Bokor]	숨은 카드[보코르 전직]				
QUEST_JOBSTEP_20150317_000932	Je vais récolter les cartes	카드를 모아 오겠다고 한다				
QUEST_JOBSTEP_20150317_000933	Trouver le Modèl'[Avancement Dievdirbys] (1)	모델 찾기[딥디르비 전직](1)				
QUEST_JOBSTEP_20150317_000934	Je vais t'apporter un chat	고양이를 데려 오겠다고 한다				
QUEST_JOBSTEP_20150317_000935	Trouver le Modèl'[Avancement Dievdirbys] (2)	모델 찾기[딥디르비 전직](2)				
QUEST_JOBSTEP_20150317_000936	Je vais chercher des traces de ton père	아버지의 행적을 알아봐주겠다고 한다				
QUEST_JOBSTEP_20150317_000937	C'est dommage, mais je passe	안됬지만 거절한다				
QUEST_JOBSTEP_20150317_000938	Trouver le Modèl'[Avancement Dievdirbys] (3)	모델 찾기[딥디르비 전직](3)				
QUEST_JOBSTEP_20150317_000939	Allons attraper un chat	고양이를 잡으러 가자				
QUEST_JOBSTEP_20150317_000940	Reposons-nous avant d'attraper le chat.	조금 쉬었다가 잡으러 가자				
QUEST_JOBSTEP_20150317_000941	Appâtage/#SITGROPESET2/2/TRACK_BEFORE/None	유인 중/#SITGROPESET2/2/TRACK_BEFORE/None				
QUEST_JOBSTEP_20150317_000942	Annonce/Le chat manifeste de l'intérêt !	Notice/고양이가 관심을 보입니다!				
QUEST_JOBSTEP_20150317_000943	Là Où Brille le Soleil [Avancement Pyromancien] (1)	태양이 비출 자리[파이로맨서 전직](1)				
QUEST_JOBSTEP_20150317_000944	Je vais le faire	하겠다고 한다				
QUEST_JOBSTEP_20150317_000945	Là Où Brille le Soleil [Avancement Pyromancien] (2)	태양이 비출 자리[파이로맨서 전직](2)				
QUEST_JOBSTEP_20150317_000946	Annonce/Placez le Pot du Soleil au centre de la salle de lecture !#8	Notice/열람실 중앙에 태양의 항아리를 잘 놓아두세요!#8				
QUEST_JOBSTEP_20150317_000947	Le Mystère du Fer Froid [Avancement Cryomancien]	한철의 신비[크리오맨서 전직]				
QUEST_JOBSTEP_20150317_000948	J'accepte les conditions	조건을 수락한다				
QUEST_JOBSTEP_20150317_000949	Gardien de Fedimian [Avancement Mage] (1)	페디미안의 수호자[위저드 전직](1)				
QUEST_JOBSTEP_20150317_000950	Je ferai n'importe quoi pour la magie	마법을 위해서라면 뭐든 하겠다고 한다				
QUEST_JOBSTEP_20150317_000951	Je reviendrai plus tard	나중에 다시 찾아 온다				
QUEST_JOBSTEP_20150317_000952	Gardien de Fedimian [Avancement Mage] (2)	페디미안의 수호자[위저드 전직](2)				
QUEST_JOBSTEP_20150317_000953	La Vocation du Soin [Avancement Clerc]	치유의 사명[클레릭 전직]				
QUEST_JOBSTEP_20150317_000954	Je vais soigner les gens	사람들을 치료해주겠다고 한다				
QUEST_JOBSTEP_20150317_000955	Tâche Magique [Avancement Sorcier]	마법의 과제[소서러 전직]				
QUEST_JOBSTEP_20150317_000956	Accepter le duel contre le maître	마스터와 대련을 받아들인다				
QUEST_JOBSTEP_20150317_000957	Éviter le duel	대련을 피한다				
QUEST_JOBSTEP_20150317_000958	Prouve que Tu Sais Vraiment Te Battre [Avancement Nécromancien]	실전 증명[네크로맨서 전직]				
QUEST_JOBSTEP_20150317_000959	L'Entraînement de la Grande Nature [Avancement Druide]	대자연의 단련[드루이드 전직]				
QUEST_JOBSTEP_20150317_000960	J'accepte le duel	대련하겠다고 한다				
QUEST_JOBSTEP_20150317_000961	Leçons de Survie [Avancement Barbare]	생존의 가르침[바바리안 전직]				
QUEST_JOBSTEP_20150317_000962	Connexion [Avancement Lieur]	연결[링커 전직]				
QUEST_JOBSTEP_20150317_000963	Parler Avec l'Arc [Avancement Chasseur]	활로만 말한다[헌터 전직]				
QUEST_JOBSTEP_20150317_000964	Duel Contre le Maître	마스터와 대련하도록 한다				
QUEST_JOBSTEP_20150317_000965	Liberté et Courage [Avancement Highlander]	자유와 용기[하이랜더 전직]				
QUEST_JOBSTEP_20150317_000966	Je vais prouver mes capacités	실력을 증명하겠다고 한다				
QUEST_JOBSTEP_20150317_000967	Cela semble dangereux	위험할 것 같다고 한다				
QUEST_JOBSTEP_20150317_000968	Prouve que tu es le maître du bouclier [Avancement Peltaste]	방패의 주인 증명[펠타스타 전직]				
QUEST_JOBSTEP_20150317_000969	Je vais le prouver	증명하겠다고 한다				
QUEST_JOBSTEP_20150317_000970	J'ai peur, alors je passe.	무서우니 피하겠다고 한다				
QUEST_JOBSTEP_20150317_000971	Foi Inébranlable [Avancement Krivis]	부동의 신앙심[크리비 전직]				
QUEST_JOBSTEP_20150317_000972	Je vais faire mes preuves par un duel	대련으로 인정 받겠다고 한다				
QUEST_JOBSTEP_20150317_000973	Entraînement à la Sainteté [Avancement Prêtre]	신성을 향한 단련[프리스트 전직]				
QUEST_JOBSTEP_20150317_000974	L'Épreuve des Lames [Avancement Épéiste]	칼날 위의 시험[소드맨 전직]				
QUEST_JOBSTEP_20150317_000975	Je vais vaincre le Minotaure	미노타우로스를 처치하겠다고 한다				
QUEST_JOBSTEP_20150317_000976	L'Épreuve d'Alcor [Avancement Centurion]	알코어의 시련[센츄리온 전직]				
QUEST_JOBSTEP_20150317_000977	Duel de l'Âme [Avancement Sadhu]	영혼의 대련[사두 전직]				
QUEST_JOBSTEP_20150317_000978	Maréchal-ferrant et Funérailles [Avancement Hackapell]	장제사냐 장례사냐[하카펠 전직]				
QUEST_JOBSTEP_20150317_000979	J'accepte le duel	대련을 받아들이겠다고 한다				
QUEST_JOBSTEP_20150317_000980	Rituel de Passage du Vent [Avancement Wugushi]	바람의 통과의례[무고사 전직]				
QUEST_JOBSTEP_20150317_000981	La meilleure attaque est une bonne défense [Avancement Rodelero]	최선의 공격은 최고의 방어[로델레로 전직]				
QUEST_JOBSTEP_20150317_000982	Je vais apporter le bouclier amélioré.	강화된 방패를 가져오겠다고 한다				
QUEST_JOBSTEP_20150317_000983	La Détermination de l'Épée [Avancement Écuyer]	검을 대하는 각오[스콰이어 전직]				
QUEST_JOBSTEP_20150317_000984	J'accepte le duel	대련 신청을 받아들인다				
QUEST_JOBSTEP_20150317_000985	Le Savoir du Mage [Avancement Thaumaturge]	마법사의 남겨진 지식[쏘마터지 전직]				
QUEST_JOBSTEP_20150317_000986	Quel est le service ?	부탁이 무엇인지 물어보자				
QUEST_JOBSTEP_20150317_000987	La voie pour devenir magicien [Avancement Élémentaliste]	마법사가 되는 방법[엘레멘탈리스트 전직]				
QUEST_JOBSTEP_20150317_000988	La Reconnaissance de Rimgaile [Avancement Éclaireur] 	림가일레의 인정[스카우트 전직]				
QUEST_JOBSTEP_20150317_000989	Accepter le duel contre le maître	마스터의 대련 신청을 받아들인다				
QUEST_JOBSTEP_20150317_000990	La Voie de la Déesse [Avancement Paladin]	여신을 위하는 길[팔라딘 전직]				
QUEST_JOBSTEP_20150317_000991	Transpercer [Avancement Cataphractaire]	꿰뚫는 자[캐터프랙트 전직]				
QUEST_JOBSTEP_20150317_000992	Je vais te montrer mes Skills	실력을 보여주겠다고 한다				
QUEST_JOBSTEP_20150317_000993	Sous les Feux de la Rampe [Avancement Épéiste]	관심을 한 몸에[소드맨 전직]				
QUEST_JOBSTEP_20150317_000994	Une épée pour le peuple et le bouclier [Avancement Highlander] (1)	국민과 방패를 위한 검[하이랜더 전직](1)				
QUEST_JOBSTEP_20150317_000995	Je vais aider le Maître Peltaste	펠타스타 마스터를 돕겠다고 한다				
QUEST_JOBSTEP_20150317_000996	Une épée pour le peuple et le bouclier [Avancement Highlander] (2)	국민과 방패를 위한 검[하이랜더 전직](2)				
QUEST_JOBSTEP_20150317_000997	Je vais aider Commandant chevalier Uska	기사단장 우스카를 돕겠다고 한다				
QUEST_JOBSTEP_20150317_000998	Une épée pour le peuple et le bouclier [Avancement Highlander] (3)	국민과 방패를 위한 검[하이랜더 전직](3)				
QUEST_JOBSTEP_20150317_000999	Je vais me rendre au 2e étage de la Mine de cristal	수정광산 2층으로 가 보겠다고 한다				
QUEST_JOBSTEP_20150317_001000	Une épée pour le peuple et le bouclier [Avancement Highlander] (4)	국민과 방패를 위한 검[하이랜더 전직](4)				
QUEST_JOBSTEP_20150317_001001	Je vais retourner voir le Maître Highlander	하이랜더 마스터에게 돌아가 보겠다고 한다				
QUEST_JOBSTEP_20150317_001002	Je reviendrai dans un moment	잠시 후에 다시 오겠다고 한다				
QUEST_JOBSTEP_20150317_001003	Le trouble de la bête ailée [Avancement Peltaste] (1)	날짐승의 방해[펠타스타 전직](1)				
QUEST_JOBSTEP_20150317_001004	J'accepte la requête	의뢰를 받아들인다고 한다				
QUEST_JOBSTEP_20150317_001005	Le trouble de la bête ailée [Avancement Peltaste] (2)	날짐승의 방해[펠타스타 전직](2)				
QUEST_JOBSTEP_20150317_001006	Je vais aller trouver le Maître Empenneur	플레쳐 마스터를 찾아가겠다고 한다				
QUEST_JOBSTEP_20150317_001007	Le trouble de la bête ailée [Avancement Peltaste] (3)	날짐승의 방해[펠타스타 전직](3)				
QUEST_JOBSTEP_20150317_001008	Y a-t-il un autre moyen ?	그래도 어떻게 안되겠냐고 하소연해본다				
QUEST_JOBSTEP_20150317_001009	Abandonner	포기한다				
QUEST_JOBSTEP_20150317_001010	Le trouble de la bête ailée [Avancement Peltaste] (4)	날짐승의 방해[펠타스타 전직](4)				
QUEST_JOBSTEP_20150317_001011	Je vais retourner voir le Maître Peltaste	펠타스타 마스터에게 돌아가 보겠다고 한다				
QUEST_JOBSTEP_20150317_001012	Pirate sur la Terre Ferme [Avancement Corsaire]	육지로 나온 해적[커세어 전직]				
QUEST_JOBSTEP_20150317_001013	Je vais tout récupérer	물건을 되찾아 오겠다고 한다				
QUEST_JOBSTEP_20150317_001014	Mur d'Épée et de Bouclier [Avancement Rodelero]	검과 방패의 벽[로델레로 전직]				
QUEST_JOBSTEP_20150317_001015	Accepter le duel contre le maître	마스터와의 대련을 받아들인다				
QUEST_JOBSTEP_20150317_001016	La Première Flèche [Avancement Archer] (1)	첫 번째 화살[아처 전직](1)				
QUEST_JOBSTEP_20150317_001017	Je vais aller voir le Maître Empenneur	플레쳐 마스터에게 가보겠다고 한다				
QUEST_JOBSTEP_20150317_001018	La Première Flèche [Avancement Archer] (2)	첫 번째 화살[아처 전직](2)				
QUEST_JOBSTEP_20150317_001019	Je vais aller chercher des Pierres de charbon de bois de qualité.	질 좋은 숫돌을 구해 오겠다고 한다				
QUEST_JOBSTEP_20150317_001020	La Première Flèche [Avancement Archer] (3)	첫 번째 화살[아처 전직](3)				
QUEST_JOBSTEP_20150317_001021	Je vais retourner voir le Maître Archer	아처 마스터에게 돌아가 보겠다고 한다				
QUEST_JOBSTEP_20150317_001022	J'y irai dans un moment	조금만 더 있다 간다고 한다				
QUEST_JOBSTEP_20150317_001023	Les Traces de l'Ombre [Avancement Rôdeur]	그림자의 발자취[레인저 전직]				
QUEST_JOBSTEP_20150317_001024	Accepter la requête	의뢰를 받아 들이겠다고 한다				
QUEST_JOBSTEP_20150317_001025	Préparatifs Face à la Crise [Avancement Sapeur]	위기예습[새퍼 전직]				
QUEST_JOBSTEP_20150317_001026	Je vais me rendre à la Forêt de l'étendard du couchant.	해진깃발 숲으로 가겠다고 한다				
QUEST_JOBSTEP_20150317_001027	Le Son du Bois [Avancement Empenneur]	소리나는 나무[플레쳐 전직]				
QUEST_JOBSTEP_20150317_001028	Comment puis-je l'obtenir ?	어떻게 하면 구할 수 있을지 물어본다				
QUEST_JOBSTEP_20150317_001029	Les Critères de la Chasse [Avancement Chasseur]	사냥의 정석[헌터 전직]				
QUEST_JOBSTEP_20150317_001030	Je vais chasser les monstres mères.	어미 몬스터를 사냥하고 오겠다고 한다				
QUEST_JOBSTEP_20150317_001031	Poisons à Employer [Avancement Wugushi]	일용할 맹독[무고사 전직]				
QUEST_JOBSTEP_20150317_001032	Je vais récolter le poison	독을 모아 오겠다고 한다				
QUEST_JOBSTEP_20150317_001033	Désolé, c'est trop dangereux	위험하니 거절한다				
QUEST_JOBSTEP_20150317_001034	Dans la Paume de la Main [Avancement Éclaireur]	손바닥 안[스카우트 전직]				
QUEST_JOBSTEP_20150317_001035	À la Recherche de la Légende [Avancement Tireur de Carreaux]	전설을 찾아서[쿼렐슈터 전직]				
QUEST_JOBSTEP_20150317_001036	Je vais faire un frottis	탁본을 떠 오겠다고 한다				
QUEST_JOBSTEP_20150317_001037	Une Bourrasque [Avancement Roublard]	한바탕[로그 전직]				
QUEST_JOBSTEP_20150317_001038	J'accepte l'épreuve	시험을 받아들인다				
QUEST_JOBSTEP_20150317_001039	Prouver Ses Skills [Avancement Hoplite]	능력증명[하플라이트 전직]				
QUEST_JOBSTEP_20150317_001040	Prouver Ses Qualifications [Avancement Barbare]	자격증명[바바리안 전직]				
QUEST_JOBSTEP_20150317_001041	Je vaincrai d'abord Yekub	예쿱을 먼저 처치하고 오겠다고 한다				
QUEST_JOBSTEP_20150317_001042	Belle Prise [Avancement Écuyer]	월척[스콰이어 전직]				
QUEST_JOBSTEP_20150317_001043	Je reviendrai après m'être entraîné	연습해 오겠다고 한다				
QUEST_JOBSTEP_20150317_001044	Au Centre de la Formation [Avancement Centurion]	대형의 중심[센츄리온 전직]				
QUEST_JOBSTEP_20150317_001045	Viser [Avancement Archer]	겨냥[아처 전직]				
QUEST_JOBSTEP_20150317_001046	J'accepte l'épreuve	시험을 받아들이겠다고 한다				
QUEST_JOBSTEP_20150317_001047	100 Tirs, 100 Touches [Avancement Rôdeur]	백발백중[레인저 전직]				
QUEST_JOBSTEP_20150317_001048	Je vais attraper le Reaverpede	리버피드를 잡겠다고 한다				
QUEST_JOBSTEP_20150317_001049	Dignité Perdue [Avancement Tireur de Carreaux]	구겨진 체면[쿼렐슈터 전직]				
QUEST_JOBSTEP_20150317_001050	Je vais aller les vaincre	해치우고 오겠다고 한다				
QUEST_JOBSTEP_20150317_001051	Fournir les Pièces de Piège [Avancement Sapeur]	함정부품 조달[새퍼 전직]				
QUEST_JOBSTEP_20150317_001052	État de Paresse [Avancement Chasseur]	게으른 상대[헌터 전직]				
QUEST_JOBSTEP_20150317_001053	Je vais chasser le Minotaure	미노타우로스를 사냥하겠다고 한다				
QUEST_JOBSTEP_20150317_001054	Vivacité [Avancement Wugushi]	날렵한 솜씨[무고사 전직]				
QUEST_JOBSTEP_20150317_001055	Je vais vaincre Rajatoad	라자토드를 처치하겠다고 한다				
QUEST_JOBSTEP_20150317_001056	On se fait prendre si sa queue est trop longue [Avancement Éclaireur]	꼬리가 길면 잡힌다[스카우트 전직]				
QUEST_JOBSTEP_20150317_001057	Donne-moi une mission pour prouver mes capacités	실력을 증명할 수 있는 과제를 달라고 한다				
QUEST_JOBSTEP_20150317_001058	Je reviendrai plus tard	다음에 다시 찾아 오겠다고 한다				
QUEST_JOBSTEP_20150317_001059	Marcher sur la Queue [Avancement Roublard]	꼬리밟기[로그 전직]				
QUEST_JOBSTEP_20150317_001060	J'accepte le duel	대련을 받아 들인다				
QUEST_JOBSTEP_20150317_001061	Je refuse ta demande de duel	대련을 거절한다				
QUEST_JOBSTEP_20150317_001062	Pierre Inflammable [Avancement Empenneur]	잘 타는 돌맹이[플레쳐 전직]				
QUEST_JOBSTEP_20150317_001063	Je vais rapporter des pierres bien combustibles	잘 타는 돌멩이를 구해 오겠다고 한다				
QUEST_JOBSTEP_20150317_001064	Recrutement d'un Prétendant [Avancement Schwarzer Reiter]	도전자 모집[슈바르츠라이터 전직]				
QUEST_JOBSTEP_20150317_001065	Accepter le duel	결투를 받아 들인다				
QUEST_JOBSTEP_20150317_001066	Matériaux pour le Remèd'[Avancement Clerc]	치유약 재료[클레릭 전직]				
QUEST_JOBSTEP_20150317_001067	Que dois-je faire ?	어떻게 하면 되는지 묻는다				
QUEST_JOBSTEP_20150317_001068	J'ai besoin de plus de temps pour réfléchir	좀 더 생각해 보겠다고 한다				
QUEST_JOBSTEP_20150317_001069	Récolte d'étamines de fleur sauvage/#SITGROPESET/3/TRACK_BEFORE/None	야생화 꽃술 채집 중/#SITGROPESET/3/TRACK_BEFORE/None				
QUEST_JOBSTEP_20150317_001070	Récupérer l'Offrande Sacrée [Avancement Krivis]	성물 회수[크리비 전직]				
QUEST_JOBSTEP_20150317_001071	Je vais récupérer l'offrande sacrée au centre de la ville	중심시가에서 성물을 되찾아 오겠다고 한다				
QUEST_JOBSTEP_20150317_001072	Purifier l'Aura Maléfique [Avancement Prêtre]	사악한 기운 정화[프리스트 전직]				
QUEST_JOBSTEP_20150317_001073	Je vais les vaincre	퇴마하겠다고 한다				
QUEST_JOBSTEP_20150317_001074	Poupée de Chaman [Avancement Bokor]	주술 인형[보코르 전직]				
QUEST_JOBSTEP_20150317_001075	Je vais récupérer l'essence	정수를 구해 오겠다고 한다				
QUEST_JOBSTEP_20150317_001076	Recherche de Matériaux [Avancement Dievdirbys]	재료 찾기[딥디르비 전직]				
QUEST_JOBSTEP_20150317_001077	Je vais te chercher les matériaux	재료를 구해다 주겠다고 한다				
QUEST_JOBSTEP_20150317_001078	La cause de l'insomnie [Avancement Sadhu]	수면 장애의 원인[사두 전직]				
QUEST_JOBSTEP_20150317_001079	Je vais t'aider	돕겠다고 한다				
QUEST_JOBSTEP_20150317_001080	Prouver Sa Foi [Avancement Paladin]	신앙 증명[팔라딘 전직]				
QUEST_JOBSTEP_20150317_001081	Je peux tout faire	뭐든 할 수 있다고 한다				
QUEST_JOBSTEP_20150317_001082	Assaut Éclair [Avancement Moine]	속전속결[몽크 전직]				
QUEST_JOBSTEP_20150317_001083	Je vais rapporter la preuve	증거를 가져 오겠다고 한다				
QUEST_JOBSTEP_20150317_001084	Le Prix de l'Indulgence Perdue [Avancement Pardonneur]	잃어버린 면죄부의 대가[파드너 전직]				
QUEST_JOBSTEP_20150317_001085	Je vais te rapporter le paiement	대금을 찾아 주겠다고 한다				
QUEST_JOBSTEP_20150317_001086	Vérification du chariot/MAKING/3/TRACK_BEFORE/None	수레 확인 중/MAKING/3/TRACK_BEFORE/None				
QUEST_JOBSTEP_20150317_001087	Le Choix du Conseiller [Avancement Oracle]	조언자의 선택[오라클 전직]				
QUEST_JOBSTEP_20150317_001088	Purification de l'Énergie Maléfique [Avancement Prêtre]	마기 정화[프리스트 전직]				
QUEST_JOBSTEP_20150317_001089	Je vais passer l'épreuve	시련을 수행하겠다고 한다				
QUEST_JOBSTEP_20150317_001090	Sauver l'Offrande Sacrée [Avancement Krivis]	성물 구출[크리비 전직]				
QUEST_JOBSTEP_20150317_001091	Je vais retrouver le frère Krivis	크리비 형제를 찾겠다고 한다				
QUEST_JOBSTEP_20150317_001092	ToquerKNOCK/1/TRACK_BEFORE/None	노크 중/KNOCK/1/TRACK_BEFORE/None				
QUEST_JOBSTEP_20150317_001093	La Voie de l'Épéiste [Avancement Épéiste]	소드맨의 길[소드맨 전직]				
QUEST_JOBSTEP_20150317_001094	Je vais récupérer le cœur du Orque de pierre	스톤오르카의 심장을 모아오겠다고 한다				
QUEST_JOBSTEP_20150317_001095	Le Grade de Mage [Avancement Mage]	위저드의 정도[위저드 전직]				
QUEST_JOBSTEP_20150317_001096	Prouver Ses Capacités [Avancement Archer]	실력 증명[아처 전직]				
QUEST_JOBSTEP_20150317_001097	J'accepte le défi	도전해 보겠다고 한다				
QUEST_JOBSTEP_20150317_001098	Le Collier du Salut [Avancement Clerc]	구원의 목걸이[클레릭 전직]				
QUEST_JOBSTEP_20150317_001099	Je vais récolter l'onguent vert	녹색 고약을 모아 오겠다고 한다				
QUEST_JOBSTEP_20150317_001100	Livraison de l'Offrande Sacrée [Avancement Krivis]	성물 배달[크리비 전직]				
QUEST_JOBSTEP_20150317_001101	L'Introduction de l'Âme [Avancement Bokor]	영혼에의 입문 [보코르 전직]				
QUEST_JOBSTEP_20150317_001102	Je vais fabriquer la poupée	인형을 만들어 오겠다고 한다				
QUEST_JOBSTEP_20150317_001103	Emprunter la Bonne Voie [Avancement Peltaste]	정도 입문 [펠타스타 전직]				
QUEST_JOBSTEP_20150317_001104	Je vais accomplir la tâche	입문 과제를 수행하겠다고 한다				
QUEST_JOBSTEP_20150317_001105	Résoudre le Problème [Avancement Highlander]	근심해결 [하이랜더 전직]				
QUEST_JOBSTEP_20150317_001106	Je reviendrai plus tard	나중에 다시 찾아오겠다고 한다				
QUEST_JOBSTEP_20150317_001107	Question Académique [Avancement Pyromancien]	학구적 질문 [파이로맨서 전직]				
QUEST_JOBSTEP_20150317_001108	Je reviendrai la prochaine fois	다음에 다시 찾아오겠다고 한다				
QUEST_JOBSTEP_20150317_001109	Vol Historique [Avancement Cryomancien]	사적 절취 [크리오맨서 전직]				
QUEST_JOBSTEP_20150317_001110	Avis/Coffre Vide	Notice/빈 상자				
QUEST_JOBSTEP_20150317_001111	La Voie du Guérisseur [Avancement Clerc] (1)	치유사의 길[클레릭 전직](1)				
QUEST_JOBSTEP_20150317_001112	Je vais aller voir le Maître Centurion	센츄리온 마스터에게 가 보겠다고 한다				
QUEST_JOBSTEP_20150317_001113	C'est trop loin	너무 멀다고 한다				
QUEST_JOBSTEP_20150317_001114	La Voie du Guérisseur [Avancement Clerc] (2)	치유사의 길[클레릭 전직](2)				
QUEST_JOBSTEP_20150317_001115	Je vais récolter des Nicotia	니코티아를 채집하겠다고 한다				
QUEST_JOBSTEP_20150317_001116	Je vais simplement rentrer	그냥 돌아가겠다고 한다				
QUEST_JOBSTEP_20150317_001117	La Voie du Guérisseur [Avancement Clerc] (3)	치유사의 길[클레릭 전직](3)				
QUEST_JOBSTEP_20150317_001118	Culte Éternel [Avancement Krivis] (1)	영원한 경배[크리비 전직](1)				
QUEST_JOBSTEP_20150317_001119	Je vais partir en pèlerinage	성지순례를 떠나겠다고 한다				
QUEST_JOBSTEP_20150317_001120	Culte Éternel [Avancement Krivis] (2)	영원한 경배[크리비 전직](2)				
QUEST_JOBSTEP_20150317_001121	Je vais vaincre les monstres	몬스터를 처치해 주겠다고 한다				
QUEST_JOBSTEP_20150317_001122	Culte Éternel [Avancement Krivis] (3)	영원한 경배[크리비 전직](3)				
QUEST_JOBSTEP_20150317_001123	Je vais partir pour Fedimian	이제 페디미안으로 떠나겠다고 한다				
QUEST_JOBSTEP_20150317_001124	Je vais rester encore un peu	잠시만 머무르겠다고 한다				
QUEST_JOBSTEP_20150317_001125	Purification sans Fin [Avancement Prêtre]	끊임없는 정화[프리스트 전직]				
QUEST_JOBSTEP_20150317_001126	Je vais aller purifier l'énergie maléfique	사악한 기운을 정화하러 가겠다고 한다				
QUEST_JOBSTEP_20150317_001127	Il Faut Encore de la Mémoire [Avancement Bokor] (1)	남겨진 기억[보코르 전직](1)				
QUEST_JOBSTEP_20150317_001128	Je vais récupérer le joyau	보석을 받아 오겠다고 한다				
QUEST_JOBSTEP_20150317_001129	Il Faut Encore de la Mémoire [Avancement Bokor] (2)	남겨진 기억[보코르 전직](2)				
QUEST_JOBSTEP_20150317_001130	Je vais retourner voir le Maître Bokor	보코르 마스터에게 돌아가 보겠다고 한다				
QUEST_JOBSTEP_20150317_001131	J'arrête maintenant, j'ai trop peur	무서우니 그만 두겠다고 한다				
QUEST_JOBSTEP_20150317_001132	Il Faut Encore de la Mémoire [Avancement Bokor] (3)	남겨진 기억[보코르 전직](3)				
QUEST_JOBSTEP_20150317_001133	Je vais le livrer au Maître Krivis	크리비 마스터에게 전하겠다고 한다				
QUEST_JOBSTEP_20150317_001134	Je vais arrêter maintenant, j'ai trop peur	무서우니까 그만두겠다고 한다				
QUEST_JOBSTEP_20150317_001135	Il Faut Encore de la Mémoire [Avancement Bokor] (4)	남겨진 기억[보코르 전직](4)				
QUEST_JOBSTEP_20150317_001136	Je vais vaincre Tutu	투투를 처치하겠다고 한다				
QUEST_JOBSTEP_20150317_001137	Entretien de la Statue [Avancement Dievdirbys] (1)	여신상 관리[딥디르비 전직](1)				
QUEST_JOBSTEP_20150317_001138	Entretien de la Statue [Avancement Dievdirbys] (2)	여신상 관리[딥디르비 전직](2)				
QUEST_JOBSTEP_20150317_001139	Je vais aller voir le Maître Krivis	크리비 마스터에게 가 보겠다고 한다				
QUEST_JOBSTEP_20150317_001140	Entretien de la Statue [Avancement Dievdirbys] (3)	여신상 관리[딥디르비 전직](3)				
QUEST_JOBSTEP_20150317_001141	Je vais aller voir le Maître Prêtre	프리스트 마스터에게 가 보겠다고 한다				
QUEST_JOBSTEP_20150317_001142	Entretien de la Statue [Avancement Dievdirbys] (4)	여신상 관리[딥디르비 전직](4)				
QUEST_JOBSTEP_20150317_001143	Je vais aller voir le Maître Bokor	보코르 마스터에게 가 보겠다고 한다				
QUEST_JOBSTEP_20150317_001144	Entretien de la Statue [Avancement Dievdirbys] (5)	여신상 관리[딥디르비 전직](5)				
QUEST_JOBSTEP_20150317_001145	Je vais aller m'occuper de la statue de la Déesse	여신상을 관리하러 가겠다고 한다				
QUEST_JOBSTEP_20150317_001146	Laisse-moi un peu de temps pour me préparer	준비 할 시간을 달라고 한다				
QUEST_JOBSTEP_20150317_001147	L'Élu [Avancement Sadhu]	선택 받은 자[사두 전직]				
QUEST_JOBSTEP_20150317_001148	Pour l'Église [Avancement Paladin]	성전을 위해[팔라딘 전직]				
QUEST_JOBSTEP_20150317_001149	Accepter le duel contre le maître	마스터와의 대련에 응한다				
QUEST_JOBSTEP_20150317_001150	Entraîner le Corps et l'Esprit [Avancement Moine]	심신 단련[몽크 전직]				
QUEST_JOBSTEP_20150317_001151	La Grâce de la Richesse [Avancement Pardonneur] (1)	재물에도 은혜를[파드너 전직](1)				
QUEST_JOBSTEP_20150317_001152	La Grâce de la Richesse [Avancement Pardonneur] (2)	재물에도 은혜를[파드너 전직](3)				
QUEST_JOBSTEP_20150317_001153	Je vais vaincre Mothstem	모스템을 처치하러 가겠다고 한다				
QUEST_JOBSTEP_20150317_001154	J'abandonne	포기하겠다고 한다				
QUEST_JOBSTEP_20150317_001155	La Grâce de la Richesse [Avancement Pardonneur] (3)	재물에도 은혜를[파드너 전직](2)				
QUEST_JOBSTEP_20150317_001156	Les Activités d'un Mage [Avancement Mage]	위저드들의 활동[위저드 전직]				
QUEST_JOBSTEP_20150317_001157	Je vais passer l'épreuve	시험에 응하겠다고 한다				
QUEST_JOBSTEP_20150317_001158	Transpercer de Part en Part [Avancement Cataphractaire]	꿰뚫고 나아가는[캐터프랙트 전직]				
QUEST_JOBSTEP_20150317_001159	Les Activités d'un Pyromancien [Avancement Pyromancien]	파이로맨서들의 활동[파이로맨서 전직]				
QUEST_JOBSTEP_20150317_001160	Je vais vaincre Poata	포아타를 처치하고 오겠다고 한다				
QUEST_JOBSTEP_20150317_001161	Les Activités d'un Cryomancien [Avancement Cryomancien]	크리오맨서들의 활동[크리오맨서 전직]				
QUEST_JOBSTEP_20150317_001162	Je vais me débarrasser des Mushcaria	머슈카리아를 처치하고 오겠다고 한다				
QUEST_JOBSTEP_20150317_001163	Les Activités d'un Psychokinésiste [Avancement Psychokinésiste]	사이코키노들의 활동[사이코키노 전직]				
QUEST_JOBSTEP_20150317_001164	Je vais passer l'épreuve	시험을 받겠다고 한다				
QUEST_JOBSTEP_20150317_001165	Les Activités d'un Lieur [Avancement Lieur]	링커들의 활동[링커 전직]				
QUEST_JOBSTEP_20150317_001166	Je vais me débarrasser du Combattant Vubbe	부베 투사를 처치하고 오겠다고 한다				
QUEST_JOBSTEP_20150317_001167	Les Activités d'un Thaumaturge [Avancement Thaumaturge]	쏘마터지들의 활동[쏘마터지 전직]				
QUEST_JOBSTEP_20150317_001168	Je vais me débarrasser du Salamandre	샐러맨더를 처치하겠다고 한다				
QUEST_JOBSTEP_20150317_001169	Une Épreuve Importante [Avancement Élémentaliste]	시험은 중요해[엘레멘탈리스트 전직]				
QUEST_JOBSTEP_20150317_001170	Je vais vaincre le Reaverpede	리버피드를 처치하겠다고 한다				
QUEST_JOBSTEP_20150317_001171	Collecter les Esprits Maléfiques [Avancement Sorcier]	악령 수집[소서러 전직]				
QUEST_JOBSTEP_20150317_001172	Je vais vaincre le Devilglove	데블글로브를 처치하러 가겠다고 한다				
QUEST_JOBSTEP_20150317_001173	Rituel d'Invocation [Avancement Nécromancien]	소환 의식[네크로맨서 전직]				
QUEST_JOBSTEP_20150317_001174	...Lui dire que tu iras	..가겠다고 한다				
QUEST_JOBSTEP_20150317_001175	S'Exercer par un Vrai Combat [Avancement Épéiste]	훈련은 실전처럼[소드맨 전직]				
QUEST_JOBSTEP_20150317_001176	Je vais vaincre le Honeypin	허니핀을 처치하러 가겠다고 한다				
QUEST_JOBSTEP_20150317_001177	Le Juste Prix [Avancement Peltaste]	합당한 대가[펠타스타 전직]				
QUEST_JOBSTEP_20150317_001178	L'expérience est un atout [Avancement Highlander]	경험이 곧 자산[하이랜더 전직]				
QUEST_JOBSTEP_20150317_001179	Comment acquiert-on de bonnes expériences ?	좋은 경험을 쌓는 방법에 대해 묻는다				
QUEST_JOBSTEP_20150317_001180	Je ne suis pas d'accord	동의하지 않는다				
QUEST_JOBSTEP_20150317_001181	Celui sur qui l'on Peut Compter [Avancement Hoplite]	의지할 수 있는[하플라이트 전직]				
QUEST_JOBSTEP_20150317_001182	Résolution de Problème [Avancement Barbare]	문제를 해결[바바리안 전직]				
QUEST_JOBSTEP_20150317_001183	Avec quoi dois-je payer ?	어떤 것으로 대가를 치뤄야 하는 지 묻는다				
QUEST_JOBSTEP_20150317_001184	Les Qualités d'un Commandant [Avancement Rodelero]	지휘관의 자격[로델레로 전직]				
QUEST_JOBSTEP_20150317_001185	Je vais vaincre le Colimencia.	콜리멘시아를 처치하러 가겠다고 한다				
QUEST_JOBSTEP_20150317_001186	Une Menace [Avancement Cataphractaire]	위협이 되는 존재[캐터프랙트 전직]				
QUEST_JOBSTEP_20150317_001187	Je vais vaincre le Gaigalas	가이갈라스를 처치한다고 한다				
QUEST_JOBSTEP_20150317_001188	Je ne pense pas être capable de telles choses	그런 건 못할 것 같다고 한다				
QUEST_JOBSTEP_20150317_001189	L'Honneur de la Famille Legwyn [Avancement Écuyer]	르귄가문의 명예[스콰이어 전직]				
QUEST_JOBSTEP_20150317_001190	Je vais t'aider à retrouver les ornements	장식을 찾는 것을 돕겠다고 한다				
QUEST_JOBSTEP_20150317_001191	Entraînement au Combat Terrestre [Avancement Corsaire]	육지전투 훈련[커세어 전직]				
QUEST_JOBSTEP_20150317_001192	Le Prix du Danger [Avancement Doppelsoeldner]	위험에 따르는 대가[도펠죌트너 전직]				
QUEST_JOBSTEP_20150317_001193	C'est trop risqué. J'arrête	위험하니 그만두겠다고 한다				
QUEST_JOBSTEP_20150317_001194	Les Activités d'un Chronomancien [Avancement Chronomancien]	크로노맨서의 활동[크로노맨서 전직]				
QUEST_JOBSTEP_20150317_001195	Accomplir la Mission d'un Mage [Avancement Mage]	위저드의 임무 완수[위저드 전직]				
QUEST_JOBSTEP_20150317_001196	Je vais vaincre Ironbaum	아이언바움을 해치우고 오겠다고 한다				
QUEST_JOBSTEP_20150317_001197	Je reviendrai plus tard	나중에 다시 찾아온다고 한다				
QUEST_JOBSTEP_20150317_001198	Accomplir la mission du Pyromancien [Avancement Pyromancien]	파이로맨서의 임무 완수[파이로맨서 전직]				
QUEST_JOBSTEP_20150317_001199	Accomplir la mission du Cryomancien [Avancement Cryomancien]	크리오맨서의 임무 완수[크리오맨서 전직]				
QUEST_JOBSTEP_20150317_001200	Accomplir la mission du Psychokinésiste [Avancement Psychokinésiste]	사이코키노의 임무 완수[사이코키노 전직]				
QUEST_JOBSTEP_20150317_001201	Je vais accomplir la mission pour toi	의뢰를 대신 해주겠다고 한다				
QUEST_JOBSTEP_20150317_001202	Accomplir la Mission d'un Lieur [Avancement Lieur]	링커의 임무 완수[링커 전직]				
QUEST_JOBSTEP_20150317_001203	Je vais vaincre le Loup-garou	웨어울프를 해치우고 오겠다고 한다				
QUEST_JOBSTEP_20150317_001204	Accomplir la mission d'un Thaumaturge [Avancement Thaumaturge]	쏘마터지의 임무 완수[쏘마터지 전직]				
QUEST_JOBSTEP_20150317_001205	Je le ferai moi-même.	직접 나서겠다고 한다				
QUEST_JOBSTEP_20150317_001206	Accomplir la mission d'un Élémentaliste [Avancement Élémentaliste]	엘레멘탈리스트의 임무 완수[엘레멘탈리스트 전직]				
QUEST_JOBSTEP_20150317_001207	Bien sûr que je le ferai	당연히 나서겠다고 한다				
QUEST_JOBSTEP_20150317_001208	Accomplir la mission d'un Sorcier [Avancement Sorcier]	소서러의 임무 완수[소서러 전직]				
QUEST_JOBSTEP_20150317_001209	Je vais vaincre Necroventer	네크로벤터를 처치하겠다고 한다				
QUEST_JOBSTEP_20150317_001210	Accomplir la mission d'un Chronomancien [Avancement Chronomancien]	크로노맨서의 임무 완수[크로노맨서 전직]				
QUEST_JOBSTEP_20150317_001211	Je vais faire mes preuves par une épreuve	시험으로서 증명하겠다고 한다				
QUEST_JOBSTEP_20150317_001212	Accomplir la mission d'un Alchimiste [Avancement Alchimiste]	알케미스트의 임무 완수[알케미스트 전직]				
QUEST_JOBSTEP_20150317_001213	La Lentille des Étoiles [Avancement Tireur de Carreaux]	별의 렌즈 [쿼렐슈터 전직]				
QUEST_JOBSTEP_20150317_001214	Je te rendrai ce service	부탁을 들어주겠다고 한다				
QUEST_JOBSTEP_20150317_001215	Cela semble suspect, je dois refuser	수상하니 거절한다				
QUEST_JOBSTEP_20150317_001216	Trahison Empoisonnée [Avancement Rôdeur]	배신자의 독 [레인저 전직]				
QUEST_JOBSTEP_20150317_001217	J'accepte la commission	의뢰를 받아들이겠다고 한다				
QUEST_JOBSTEP_20150317_001218	Parler au Maître Barbare	바바리안 마스터와 대화				
QUEST_JOBSTEP_20150317_001219	Trouver le Maître Barbare aux Bois de Siauliai est.	샤울레이 동쪽 숲에 있는 바바리안 마스터를 찾아가세요.				
QUEST_JOBSTEP_20150317_001220	Obtenir la reconnaissance du Maître Barbare par un combat.	바바리안 마스터와 전투로 인정받기				
QUEST_JOBSTEP_20150317_001221	Tu peux gagner la reconnaissance du Maître Barbare en croisant l'épée avec lui. Combats le Maître Barbare et fais tes preuves !	바바리안 마스터는 검과 검을 맞댐으로써 인정받을 수 있다고 합니다. 바바리안 마스터와 싸워 이겨서 스스로를 증명하세요!				
QUEST_JOBSTEP_20150317_001222	Tu es désormais reconnu par le Maître Barbare. Parle-lui à nouveau.	바바리안 마스터의 인정을 받은 것 같습니다. 바바리안 마스터와 다시 대화해 보세요.				
QUEST_JOBSTEP_20150317_001223	Reconnaissance du Maître Barbare	바바리안의 인정				
QUEST_JOBSTEP_20150317_001224	Parler au Maître Hoplite	하플라이트 마스터와 대화				
QUEST_JOBSTEP_20150317_001225	Trouver le Maître Hoplite aux Bois de Siauliai ouest.	샤울레이 서쪽 숲에 있는 하플라이트 마스터를 찾아가세요.				
QUEST_JOBSTEP_20150317_001226	Prouver ta volonté et ta détermination.	강한 마음가짐에 대한 다짐을 증명하기				
QUEST_JOBSTEP_20150317_001227	L'Hoplite a expliqué ce que signifie avoir un esprit fort. Pour prouver ta détermination à devenir plus fort, rapporte des Cuir de Groll de Vallon de Spineheart, des Poisonous Needle of Chafperor de la Forêt des inquiétudes déchues, et des Poudre noire of Blue Yukopus du Village des mineurs de Siauliai, je t'en prie. 	하플라이트는 강함에 대한 마음가짐에 대해 설명해 주었습니다. 강해지고자 하는 다짐의 증명을 위해 가시마음골의 그롤의 가죽, 낙우림의 체이퍼러의 독침, 샤울레이 광산 마을의 푸른 유코푸스의 검은가루를 구해 오세요.				
QUEST_JOBSTEP_20150317_001228	Tous les matériaux nécessaires pour prouver ta détermination à devenir plus fort ont été rassemblés. Retourne voir le Maître Hoplite.	강해지고자 하는 마음가짐의 증명에 필요한 재료를 모두 모았습니다. 하플라이트 마스터에게 돌아가 보세요.				
QUEST_JOBSTEP_20150317_001229	Parler au Maître Psychokinésiste	사이코키노 마스터와 대화				
QUEST_JOBSTEP_20150317_001230	Trouver le Maître Psychokinésiste au Village des mineurs de Siauliai.	샤울레이 광산 마을에 있는 사이코키노 마스터를 찾아가세요.				
QUEST_JOBSTEP_20150317_001231	Récolter l'alcool de fleur des Matsum à Vallon de Spineheart.	가시마음골의 메슘에게서 꽃술 수집				
QUEST_JOBSTEP_20150317_001232	Le Maître Psychokinésiste t'a demandé si ce domaine t'intéressait, et t'a proposé de devenir son assistant. Rends-toi auprès des Matsum de Vallon de l'arbre restant pour obtenir leur alcool de fleur. 	사이코키노 마스터는 이 분야에 관심이 있다면 잠시 자신의 조수가 되어 보는 것을 권했습니다. 사이코키노 마스터가 필요로 하는 가시마음골의 메슘에게서 메슘의 꽃술을 구해 오세요.				
QUEST_JOBSTEP_20150317_001233	Le remettre au Maître Psychokinésiste	사이코키노 마스터에게 전달				
QUEST_JOBSTEP_20150317_001234	Assez d'alcool de fleur a été obtenu des Matsum de Vallon de l'arbre restant. Retourne voir le Maître Psychokinésiste et remets-lui l'alcool de fleur.	가시마음골의 메슘에게서 꽃술을 충분히 구했습니다. 사이코키노 마스터에게 돌아가 꽃술을 전해 주세요.				
QUEST_JOBSTEP_20150317_001235	Le Maître Psychokinésiste semble très heureux. Parle-lui à nouveau.	사이코키노 마스터는 굉장히 즐거운 듯한 표정입니다. 사이코키노 마스터와 다시 대화해 보세요.				
QUEST_JOBSTEP_20150317_001236	Vérifier les effets des recherches.	연구 결과물 효과 확인				
QUEST_JOBSTEP_20150317_001237	Le Maître Psychokinésiste t'a dit avoir installé des poupées Matsum à Vallon de l'arbre restant et t'a demandé de vaporiser le remède liquide sur les poupées pour vérifier les effets.	사이코키노 마스터는 가시마음골에 실험용 메슘 인형을 설치 해 놓았다면서 자신이 준 물약을 인형에 뿌리고 효과를 확인하라고 합니다.				
QUEST_JOBSTEP_20150317_001238	Transmettre les résultats des recherches au Maître Psychokinésiste.	사이코키노 마스터와 실험의 결과 전달				
QUEST_JOBSTEP_20150317_001239	Alors que tu vaporisais le remède liquide, des Matsum ont surgi et ont failli te causer des ennuis. Parle au Maître Psychokinésiste des résultats des recherches.	물약을 뿌리자 메슘들이 달려들어 하마터면 큰일 날 뻔했습니다. 실험의 결과를 사이코키노 마스터에게 들려 주세요.				
QUEST_JOBSTEP_20150317_001240	Parler au Maître Lieur	링커 마스터와 대화				
QUEST_JOBSTEP_20150317_001241	Trouver le Maître Lieur au Village des mineurs de Siauliai.	샤울레이 광산 마을에 있는 링커 마스터를 찾아가세요.				
QUEST_JOBSTEP_20150317_001242	Récolter les matériaux pour l'épreuve.	시험을 위한 재료 수집				
QUEST_JOBSTEP_20150317_001243	Le Maître Lieur a insisté sur les capacités d'un Lieur, et sur la façon dont elles ouvrent l'esprit des gens. Obtiens des Thornball Nucleus et des Fragment de Velwriggler au Voie de la porte, qui serviront à éprouver les capacités d'un Lieur.	링커 마스터는 사람의 마음을 여는 링커의 자질을 굉장히 강조하고 있습니다. 링커의 자질을 알아보는 시험에 필요한 던볼의 핵과 벨리글러의 조각을 관문로에서 구해 오세요.				
QUEST_JOBSTEP_20150317_001244	Remettre les matériaux au Maître Lieur	링커 마스터에게 재료 전달				
QUEST_JOBSTEP_20150317_001245	Tous les matériaux pour l'épreuve ont été obtenus. Remets-les au Maître Lieur.	시험에 필요한 모든 재료를 구했습니다. 링커 마스터에게 재료를 전달해 주세요.				
QUEST_JOBSTEP_20150317_001246	Récolter %s	%s 수집				
QUEST_JOBSTEP_20150317_001247	Noyau de Thornball	던볼의 핵				
QUEST_JOBSTEP_20150317_001248	Fragment de Velwriggler	벨리글러의 조각				
QUEST_JOBSTEP_20150317_001249	Les matériaux pour l'épreuve sont prêts. Parle au Maître Lieur pour découvrir en quoi consiste l'épreuve.	시험을 치룰 재료가 모두 준비되었습니다. 어떤 시험을 치룰지 링커 마스터와 대화해 보세요.				
QUEST_JOBSTEP_20150317_001250	Obtenir le livre depuis le Monde d'en dessous au Voie de la porte.	관문로에 있는 이면세계에서 책 획득				
QUEST_JOBSTEP_20150317_001251	Le Maître Lieur t'a dit que si tu es compétent, tu pourras trouver le Monde d'en dessous depuis le Voie de la porte. Pénètre dans ce monde caché, trouves-y le livre, afin de pouvoir le remettre au Maître Lieur.	링커 마스터는 만약 자질이 있다면 관문로의 이면세계를 찾을 수 있는 눈이 있을 거라고 합니다. 이면세계로 들어가 그 곳에 있는 책을 찾아 링커 마스터에게 전해 주세요.				
QUEST_JOBSTEP_20150317_001252	Remettre le livre au Maître Lieur	링커 마스터에게 책 전달				
QUEST_JOBSTEP_20150317_001253	Tu as réussi l'épreuve en trouvant le livre de l'autre monde. Remets le livre au Maître Lieur comme preuve de ta réussite.	이면세계에서 책을 찾는 것으로 시험을 무사히 통과 했습니다. 링커 마스터에게 시험을 통과했다는 증거로 책을 전달해 주세요.				
QUEST_JOBSTEP_20150317_001254	Obtenir le livre depuis le Monde d'en dessous au Voie de la porte.	관문로의 이면세계에서 책 획득				
QUEST_JOBSTEP_20150317_001255	Parler au Maître Sapeur	새퍼 마스터와 대화				
QUEST_JOBSTEP_20150317_001256	Trouver le Maître Sapeur aux Bois de Siauliai est.	샤울레이 동쪽 숲에 있는 새퍼 마스터를 찾아가세요.				
QUEST_JOBSTEP_20150317_001257	Retrouver les Biens Cachés du Maître Sapeur	새퍼 마스터가 숨겨둔 물품 찾기				
QUEST_JOBSTEP_20150317_001258	Le Maître Sapeur veut faire don et rendre les biens volés pour se repentir du passé. Retrouve les biens volés à l'Île de Flude dans les Bois de Siauliai ouest.	새퍼 마스터는 과거의 일을 참회하고 싶다며 돈도 기부하고 이전에 훔친 물품들을 주인들에게 돌려주고 싶어 합니다. 먼저 샤울레이 서쪽 숲의 플루데 섬에서 훔친 물건들을 찾으세요.				
QUEST_JOBSTEP_20150317_001259	Retrouver les Biens Volés	훔친 물건 찾기				
QUEST_JOBSTEP_20150317_001260	Remettre les biens volés au Marchand d'objets de Klaipeda.	클라페다 도구상인에게 훔친 물품 전달				
QUEST_JOBSTEP_20150317_001261	Le Maître Sapeur veut rendre les biens volés à leurs propriétaires et se repentir du passé. Remets le bien volé que tu as trouvé au Marchand d'objets de Klaipeda.	새퍼 마스터는 과거의 일을 참회하고 싶다며 이전에 훔친 물품들을 주인들에게 돌려주고 싶어 합니다. 훔친 물건을 찾았으니 클라페다의 도구상인에게 훔친 물건을 돌려 주세요.				
QUEST_JOBSTEP_20150317_001262	Remettre les biens volés au Marchand d'équipement de Klaipeda.	클라페다 장비상인에게 훔친 물품 전달				
QUEST_JOBSTEP_20150317_001263	Le Maître Sapeur veut rendre les biens volés à leurs propriétaires et se repentir du passé. Remets le bien volé que tu as trouvé au Marchand d'équipement de Klaipeda.	새퍼 마스터는 과거의 일을 참회하고 싶다며 이전에 훔친 물품들을 주인들에게 돌려주고 싶어 합니다. 훔친 물건을 찾았으니 클라페다의 장비상인에게 훔친 물건을 돌려 주세요.				
QUEST_JOBSTEP_20150317_001264	Toutes les requêtes du Maître Sapeur ont été accomplies. Parle-lui à nouveau.	새퍼 마스터가 부탁한 심부름을 모두 완료했습니다. 새퍼 마스터와 다시 대화해 보세요.				
QUEST_JOBSTEP_20150317_001265	Rassembler des dons à remettre au Maître Clerc	클레릭 마스터에게 전달할 성금 마련				
QUEST_JOBSTEP_20150317_001266	Tu dois rassembler davantage de dons pour le Maître Clerc. Prépare 5 000 pièces d'argent à donner au Maître Clerc.	클레릭 마스터에게 전달할 성금이 아직 부족한 것 같습니다. 클레릭 마스터에게 성금을 주기 위해 오천 실버를 마련하세요.				
QUEST_JOBSTEP_20150317_001267	Remettre les dons au Maître Clerc à Klaipeda	클라페다의 클레릭 마스터에게 성금 전달				
QUEST_JOBSTEP_20150317_001268	5 000 pièces d'argent ont été rassemblées pour le Maître Clerc. Remets le don au Maître Clerc à Klaipeda.	클레릭 마스터에게 전달할 성금인 5,000실버를 모두 마련했습니다. 클라페다의 클레릭에게 성금을 전달해 주세요.				
QUEST_JOBSTEP_20150317_001269	Les dons ont été remis au Maître Clerc à Klaipeda. Retourne voir le Maître Sapeur.	새퍼 마스터가 부탁한 대로 클라페다의 클레릭에게 성금을 전달했습니다. 다시 새퍼 마스터에게 돌아가 보세요.				
QUEST_JOBSTEP_20150317_001270	Parler au Maître Chasseur	헌터 마스터와 대화				
QUEST_JOBSTEP_20150317_001271	Trouver le Maître Chasseur aux Bois de Siauliai Est	샤울레이 동쪽 숲에 있는 헌터 마스터를 찾아가세요.				
QUEST_JOBSTEP_20150317_001272	Explorer la zone mentionnée par le Maître Chasseur.	헌터 마스터가 알려준 지역 탐색				
QUEST_JOBSTEP_20150317_001273	Le Maître Chasseur cherche un livre, et dit qu'il t'acceptera comme Chasseur si tu l'aides à le trouver. Fouille l'Avant-poste Vubbe et vérifie si tu peux y trouver le livre.	헌터 마스터는 책을 찾고 있으며 책을 찾는 일을 도와 준다면 헌터로 인정하겠다고 합니다. 헌터 마스터가 알려준 대로 부베 전초기지에서 헌터 마스터가 찾는 책이 있는지 수색해 보세요.				
QUEST_JOBSTEP_20150317_001274	Remettre le livre au Maître Chasseur.	헌터 마스터에게 책 전달				
QUEST_JOBSTEP_20150317_001275	Le livre que cherche le Maître Chasseur a été trouvé. Remets-le-lui.	헌터 마스터가 찾고 있는 책을 찾은 것 같습니다. 헌터 마스터에게 책을 전달해 주세요.				
QUEST_JOBSTEP_20150317_001276	Vaincre les Combattants Vubbe et obtenir %s	부베 투사를 처치해 %s 획득				
QUEST_JOBSTEP_20150317_001277	Ce n'est pas le seul livre que cherche le Maître Chasseur. Parle-lui à nouveau.	헌터 마스터가 찾는 책은 이것이 전부가 아닌 것 같습니다. 헌터 마스터와 다시 대화해 보세요.				
QUEST_JOBSTEP_20150317_001278	Récolter du Cuir de Merrog.	메로그 가죽 수집				
QUEST_JOBSTEP_20150317_001279	Le Maître Chasseur t'a dit que tu pourrais peut-être échanger le Cuir de Merrogg que tu possèdes contre le livre auprès du Maître Tireur de carreaux. Obtiens du Cuir de Merrogg à la Forêt des inquiétudes déchues.	헌터 마스터는 쿼렐슈터 마스터에게 메로그 가죽으로 책과 거래를 할 수도 있을 것이라고 합니다. 낙우림에서 메로그 가죽을 구해 오세요.				
QUEST_JOBSTEP_20150317_001280	Remettre le Cuir de Merrogg au Maître Tireur de carreaux	쿼렐슈터 마스터에게 메로그 가죽 전달				
QUEST_JOBSTEP_20150317_001281	Assez de Cuir de Merrogg requis par le Maître Tireur de carreaux a été obtenu. Remets-le au Maître Tireur de carreaux à Klaipeda.	쿼렐슈터 마스터가 필요로 하는 메로그 가죽을 충분히 구했습니다. 클라페다의 쿼렐슈터 마스터에게 메로그 가죽을 전달해 주세요.				
QUEST_JOBSTEP_20150317_001282	Obtenir %s en vainquant des Merog	메로그를 처치해 %s 획득				
QUEST_JOBSTEP_20150317_001283	Le Maître Chasseur ne l'exprime pas beaucoup, mais il semble heureux d'avoir trouvé le livre. Parle-lui du prochain livre à trouver.	책을 받아 든 헌터 마스터의 표정은 크게 드러나진 않지만 마음 속에서 기쁜 기색을 감추지 못하는 것 같습니다. 다음 책을 구하기 위해 헌터 마스터와 대화해 보세요.				
QUEST_JOBSTEP_20150317_001284	Récolter des pierres à l'entrée de la Mine de cristal au Village des mineurs	광산 마을의 수정광산 입구에서 바위 수집				
QUEST_JOBSTEP_20150317_001285	Le Maître Archer possède le livre suivant. Récolte des pierres à l'entrée de la Mine de cristal au Village des mineurs pour le Maître Archer.	다음 책은 성벽을 수리하고 있는 아처 마스터가 가지고 있다고 합니다. 아처 마스터를 위해 광산 마을의 수정광산 입구에서 바위를 수집해 전달해 주세요.				
QUEST_JOBSTEP_20150317_001286	Remettre les pierres au Maître Archer à Klaipeda	클라페다의 아처 마스터에게 바위 전달				
QUEST_JOBSTEP_20150317_001287	Les pierres dont le Maître Archer aurait besoin ont été rassemblées. Rends-toi auprès du Maître Archer à Klaipeda et échange-les contre le livre.	아처 마스터가 필요로 할 적당한 크기의 바위를 구했습니다. 클라페다의 아처 마스터에게 가서 책과 교환해 오세요.				
QUEST_JOBSTEP_20150317_001288	Le Maître Chasseur ne semble pas ravi de trouver le livre suivant. Parle-lui pour trouver le prochain livre.	헌터 마스터에게 있어 다음 책을 구하는 일은 썩 내키지 않는 듯 합니다. 다음 책을 구하기 위해 헌터 마스터와 대화해 보세요.				
QUEST_JOBSTEP_20150317_001289	Remettre la bourse au Maître Rôdeur	레인저 마스터에게 주머니 전달				
QUEST_JOBSTEP_20150317_001290	Le Maître Chasseur t'a demandé de remettre la bourse au Maître Rôdeur. Livre-la au Maître Rôdeur à Klaipeda et échange-la contre le livre.	헌터 마스터는 자기 대신 레인저 마스터에게 이 주머니를 전달해 달라고 합니다. 클라페다에 있는 레인저 마스터에게 주머니를 전달해 주고 책을 받아 오세요.				
QUEST_JOBSTEP_20150317_001291	La bourse a été remise au Maître Rôdeur et le livre obtenu. Apporte le livre au Maître Chasseur.	레인저 마스터에게 주머니를 전해 주고 책을 받아 왔습니다. 이 책을 헌터 마스터에게 전해 주세요.				
QUEST_JOBSTEP_20150317_001292	Parler au Maître Tireur de Carreaux	쿼렐슈터 마스터와 대화				
QUEST_JOBSTEP_20150317_001293	Trouver le Maître Tireur de Carreaux à Klaipeda	클라페다에 있는 쿼렐슈터 마스터를 찾아가세요.				
QUEST_JOBSTEP_20150317_001294	Fouiller la zone mentionnée par le Maître Tireur de carreaux	쿼렐슈터 마스터가 알려준 지역 탐색				
QUEST_JOBSTEP_20150317_001295	Le Maître Tireur de carreaux cherche un livre et dit qu'il t'acceptera comme Tireur de carreaux si tu l'aides à le trouver. Fouille l'Avant-poste Vubbe et vérifie si tu peux y trouver le livre.	쿼렐슈터 마스터는 책을 찾고 있으며 책을 찾는 일을 도와 준다면 쿼렐슈터로 인정하겠다고 합니다. 쿼렐슈터 마스터가 알려준 대로 부베 전초기지에서 쿼렐슈터 마스터가 찾는 책이 있는지 수색해 보세요.				
QUEST_JOBSTEP_20150317_001296	Remettre le livre au Maître Tireur de carreaux	쿼렐슈터 마스터에게 책 전달				
QUEST_JOBSTEP_20150317_001297	Le livre que cherche le Maître Tireur de carreaux a été trouvé. Apporte-le-lui.	쿼렐슈터 마스터가 찾고 있는 책을 찾은 것 같습니다. 쿼렐슈터 마스터에게 책을 전달해 주세요.				
QUEST_JOBSTEP_20150317_001298	Ce n'est pas le seul livre que cherche le Maître Tireur de carreaux. Parle-lui à nouveau.	쿼렐슈터 마스터가 찾는 책은 이것이 전부가 아닌 것 같습니다. 쿼렐슈터 마스터와 다시 대화해 보세요.				
QUEST_JOBSTEP_20150317_001299	Préparer l'argent demandé par le Maître Chasseur	헌터 마스터가 요구한 실버 마련				
QUEST_JOBSTEP_20150317_001300	Le Maître Chasseur possède le livre que veut le Maître Tireur de carreaux. Prépare 5 000 pièces d'argent pour obtenir le livre auprès du Maître Chasseur.	쿼렐슈터 마스터가 원하는 책은 헌터 마스터가 가지고 있습니다. 헌터 마스터에게 책을 구입하기 위해 5000 실버를 마련하세요.				
QUEST_JOBSTEP_20150317_001301	Remettre l'argent au Maître Chasseur	헌터 마스터에게 실버 전달				
QUEST_JOBSTEP_20150317_001302	Assez d'argent a été réuni pour le livre. Remets 5 000 pièces d'argent au Maître Chasseur en échange du livre et apporte-le au Maître Tireur de carreaux.	책 값을 모두 마련한 것 같습니다. 헌터 마스터에게 5000실버를 전해 주고 책을 받아 쿼렐슈터 마스터에게 전해 주세요.				
QUEST_JOBSTEP_20150317_001303	Le Maître Tireur de carreaux semble absolument ravi d'obtenir le livre. Parle-lui pour trouver le prochain livre.	책을 받아 든 쿼렐슈터 마스터의 입이 귀까지 걸려 있는 것 같습니다. 다음 책을 구하기 위해 쿼렐슈터 마스터와 대화해 보세요.				
QUEST_JOBSTEP_20150317_001304	Récolter des pierres au Village des mineurs	광산 마을에서 바위 수집				
QUEST_JOBSTEP_20150317_001305	Remettre la pierre au Maître Alchimiste	아처 마스터에게 바위 전달				
QUEST_JOBSTEP_20150317_001306	Le Maître Tireur de carreaux est absolument ravi d'avoir trouvé le livre. Parle-lui pour trouver le prochain livre.	쿼렐슈터 마스터는 책을 받아 들자 기쁜 마음을 감추지 못하는 것 같습니다. 다음 책을 구하기 위해 쿼렐슈터 마스터와 대화해 보세요.				
QUEST_JOBSTEP_20150317_001307	Le Maître Tireur de carreaux t'a demandé de remettre la bourse au Maître Rôdeur. Livre-la au Maître Rôdeur à Klaipeda et échange-la contre le livre.	쿼렐슈터 마스터는 자기 대신 레인저 마스터에게 이 주머니를 전달해 달라고 합니다. 클라페다에 있는 레인저 마스터에게 주머니를 전달해 주고 책을 받아 오세요.				
QUEST_JOBSTEP_20150317_001308	La bourse a été remise au Maître Rôdeur en échange du livre. Apporte le livre au Maître Tireur de carreaux.	레인저 마스터에게 주머니를 전해 주고 책을 받아 왔습니다. 이 책을 쿼렐슈터 마스터에게 전해 주세요.				
QUEST_JOBSTEP_20150317_001309	Parler au Maître Archer	아처 마스터와 대화				
QUEST_JOBSTEP_20150317_001310	Se Rendre Auprès du Maître Archer à Klaipeda	클라페다에 있는 아처 마스터를 찾아가세요.				
QUEST_JOBSTEP_20150317_001311	Explorer la zone mentionnée par le Maître Archer	아처 마스터가 알려준 지역 탐색				
QUEST_JOBSTEP_20150317_001312	Le Maître Archer cherche un livre et dit qu'il t'acceptera comme Archer si tu l'aides à le trouver. Fouille l'Avant-poste Vubbe et vérifie si tu peux y trouver le livre.	아처 마스터는 책을 찾고 있으며 책을 찾는 일을 도와 준다면 아처로 인정하겠다고 합니다. 아처 마스터가 알려준 대로 부베 전초기지에서 아처 마스터가 찾는 책이 있는지 수색해 보세요.				
QUEST_JOBSTEP_20150317_001313	Livrer le livre au Maître Archer	아처 마스터에게 책 전달				
QUEST_JOBSTEP_20150317_001314	Le livre que cherche le Maître Archer a été trouvé. Apporte-le-lui.	아처 마스터가 찾고 있는 책을 찾은 것 같습니다. 아처 마스터에게 책을 전달해 주세요.				
QUEST_JOBSTEP_20150317_001315	Ce n'est pas le seul livre que cherche le Maître Archer. Parle-lui à nouveau.	아처 마스터가 찾는 책은 이것이 전부가 아닌 것 같습니다. 아처 마스터와 다시 대화해 보세요.				
QUEST_JOBSTEP_20150317_001316	Le Maître Chasseur possède le livre que veut le Maître Archer. Prépare 5 000 pièces d'argent pour obtenir le livre auprès du Maître Chasseur.	아처 마스터가 원하는 책은 헌터 마스터가 가지고 있습니다. 헌터 마스터에게 책을 구입하기 위해 5000 실버를 마련하세요.				
QUEST_JOBSTEP_20150317_001317	Assez d'argent a été réuni pour le livre. Remets 5 000 pièces d'argent au Maître Chasseur en échange du livre et apporte-le au Maître Archer.	책 값을 모두 마련한 것 같습니다. 헌터 마스터에게 5000실버를 전해 주고 책을 받아 아처 마스터에게 전해 주세요.				
QUEST_JOBSTEP_20150317_001318	Le Maître Archer semble très heureux d'avoir trouvé le livre. Parle-lui pour trouver le prochain livre.	아처 마스터에게 책을 갖다 주자 아처 마스터는 뛸 듯이 기뻐 합니다. 다음 책을 찾기 위해 아처 마스터와 대화해 보세요.				
QUEST_JOBSTEP_20150317_001319	Récolter du Cuir de Merrogg	메로그의 가죽 수집				
QUEST_JOBSTEP_20150317_001320	Le Maître Archer t'a dit que tu pourrais peut-être échanger le Cuir de Merrogg que tu possèdes contre le livre auprès du Maître Tireur de carreaux. Obtiens du Cuir de Merrogg à la Forêt des inquiétudes déchues.	아처 마스터는 쿼렐슈터 마스터에게 메로그 가죽으로 책과 거래를 할 수도 있을 것이라고 합니다. 낙우림에서 메로그 가죽을 구해 오세요.				
QUEST_JOBSTEP_20150317_001321	Il ne reste qu'un dernier livre. Parle au Maître Archer pour savoir comment obtenir ce dernier livre.	이제 마지막 한 권 만이 남았습니다. 마지막 책은 어떻게 구하면 될지 아처마스터와 대화해 보세요.				
QUEST_JOBSTEP_20150317_001322	Le Maître Archer t'a demandé de remettre la bourse au Maître Rôdeur. Livre-la au Maître Rôdeur à Klaipeda et échange-la contre le livre.	아처 마스터는 자기 대신 레인저 마스터에게 이 주머니를 전달해 달라고 합니다. 클라페다에 있는 레인저 마스터에게 주머니를 전달해 주고 책을 받아 오세요.				
QUEST_JOBSTEP_20150317_001323	La bourse a été remise au Maître Rôdeur en échange du livre. Apporte le livre au Maître Archer.	레인저 마스터에게 주머니를 전해 주고 책을 받아 왔습니다. 이 책을 아처 마스터에게 전해 주세요.				
QUEST_JOBSTEP_20150317_001324	Parler au Maître Rôdeur	레인저 마스터와 대화				
QUEST_JOBSTEP_20150317_001325	Se Rendre Auprès du Maître Rôdeur à Klaipeda	클라페다에 있는 레인저 마스터를 찾아가세요.				
QUEST_JOBSTEP_20150317_001326	Vaincre les Combattants Vubbe et récupérer le livre	부베 투사를 처치하여 책 획득				
QUEST_JOBSTEP_20150317_001327	Le Maître Rôdeur cherche un livre et dit qu'il t'acceptera comme Rôdeur si tu l'aides à le trouver. Fouille l'Avant-poste Vubbe et vérifie si tu peux y trouver le livre.	레인저 마스터는 책을 찾고 있으며 책을 찾는 일을 도와 준다면 레인저로 인정하겠다고 합니다. 레인저 마스터가 알려준 대로 부베 전초기지에서 레인저 마스터가 찾는 책이 있는지 수색해 보세요.				
QUEST_JOBSTEP_20150317_001328	Remettre le livre au Maître Rôdeur	레인저 마스터에게 책 전달				
QUEST_JOBSTEP_20150317_001329	Le livre que cherche le Maître Rôdeur a été trouvé. Remets-le-lui.	레인저 마스터가 찾고 있는 책을 찾은 것 같습니다. 레인저 마스터에게 책을 전달해 주세요.				
QUEST_JOBSTEP_20150317_001330	Récupérer le livre de Lydia Schaffen auprès des Combattants Vubbe	부베 투사에게서 리디야 샤펜의 책 획득				
QUEST_JOBSTEP_20150317_001331	Ce n'est pas le seul livre que cherche le Maître Rôdeur. Parle-lui à nouveau.	레인저 마스터가 찾는 책은 이것이 전부가 아닌 것 같습니다. 레인저 마스터와 다시 대화해 보세요.				
QUEST_JOBSTEP_20150317_001332	Le Maître Chasseur possède le livre que veut le Maître Rôdeur. Prépare 5 000 pièces d'argent pour obtenir le livre auprès du Maître Chasseur.	레인저 마스터가 원하는 책은 헌터 마스터가 가지고 있습니다. 헌터 마스터에게 책을 구입하기 위해 5000 실버를 마련하세요.				
QUEST_JOBSTEP_20150317_001333	Le Maître Archer ne l'exprime pas beaucoup mais il semble heureux d'avoir trouvé le livre. Parle-lui du prochain livre à trouver.	책을 받아 든 레인저 마스터의 표정은 크게 드러나진 않지만 마음 속에서 기쁜 기색을 감추지 못하는 것 같습니다. 다음 책을 구하기 위해 레인저 마스터와 대화해 보세요.				
QUEST_JOBSTEP_20150317_001334	Le Maître Rôdeur t'a dit que tu pourrais peut-être échanger le Cuir de Merrogg contre le livre auprès du Maître Tireur de carreaux. Obtiens du Cuir de Merrogg à la Forêt des inquiétudes déchues.	레인저 마스터는 쿼렐슈터 마스터에게 메로그 가죽으로 책과 거래를 할 수도 있을 것이라고 합니다. 낙우림에서 메로그 가죽을 구해 오세요.				
QUEST_JOBSTEP_20150317_001335	Le Maître Rôdeur semble très heureux d'avoir trouvé le livre. Parle-lui pour trouver le prochain livre.	책을 받아 든 레인저 마스터가 크게 기뻐합니다. 다음 책을 구하기 위해 레인저 마스터와 대화해 보세요.				
QUEST_JOBSTEP_20150317_001336	Récolter des pierres dans la zone mentionnée par le Maître Rôdeur	레인저 마스터가 알려주는 지역에서 바위 수집				
QUEST_JOBSTEP_20150317_001337	Tous les livres pour le Maître Rôdeur ont été rassemblés. Parle au Maître Rôdeur pour être reconnu comme Rôdeur.	레인저를 위해 모든 책을 구한 것 같습니다. 레인저로써 인정을 받기 위해 레인저 마스터와 대화해 보세요.				
QUEST_JOBSTEP_20150317_001338	Parler à Sculpteur Tesla	조각가 테슬라와 대화				
QUEST_JOBSTEP_20150317_001339	Rencontrer Sculpteur Tesla à Vallon du pavage en losanges.	마름포석골의 조각가 테슬라에게 찾아가세요.				
QUEST_JOBSTEP_20150317_001340	Vaincre Yekub et récupérer le Cristal bleu	예쿱을 처치하고 푸른 수정 획득				
QUEST_JOBSTEP_20150317_001341	Sculpteur Tesla dit qu'il t'aidera à devenir Dievdirbys si tu lui rapportes des matériaux de sculpture. Récupère le Cristal bleu auprès du Yekub au 2e étage de la Mine de cristal.	조각가 테슬라는 자신에게 조각 재료를 가져다 준다면 딥디르비가 되는 것을 도와주겠다고 합니다. 수정광산 2층의 예쿱에게서 푸른 수정을 찾아오세요.				
QUEST_JOBSTEP_20150317_001342	Remettre le Cristal Bleu à Sculpteur Tesla	조각가 테슬라에게 푸른 수정 전달				
QUEST_JOBSTEP_20150317_001343	Le Cristal bleu que Tesla voulait a été trouvé. Apporte-le-lui.	조각가 테슬라가 원하는 푸른 수정을 찾았습니다. 조각가 테슬라에게 푸른 수정을 가져다 주세요.				
QUEST_JOBSTEP_20150317_001344	Vaincre Yekub et obtenir %s	예쿱을 처치하고 %s 획득				
QUEST_JOBSTEP_20150317_001345	Cristal Bleu de Yekub	예쿱의 파란수정				
QUEST_JOBSTEP_20150317_001346	Parler au Maître Highlander	하이랜더 마스터와 대화				
QUEST_JOBSTEP_20150317_001347	Trouver le Maître Highlander à Klaipeda	클라페다에 있는 하이랜더 마스터를 찾아가세요.				
QUEST_JOBSTEP_20150317_001348	Remettre les planches de Bocle en bois au Maître Peltaste	펠타스타 마스터에게 우든 버클러용 판자 전달				
QUEST_JOBSTEP_20150317_001349	Obtenir l'aide du Maître Peltaste en lui remettant 5 planches de Bocle en bois	클라페다에 있는 펠타스타 마스터에게 우든 버클러용 판자 5개를 전달하여 펠타스타 마스터의 협조를 구해 오세요.				
QUEST_JOBSTEP_20150317_001350	Plateau des Arbres Indigo	쪽빛나무 고원				
QUEST_JOBSTEP_20150317_001351	Faire Son Rapport au Maître Highlander	하이랜더 마스터에게 보고				
QUEST_JOBSTEP_20150317_001352	La coopération du Maître Peltaste a été obtenue. Fais-en rapport au Maître Highlander.	펠타스타 마스터의 협조를 구하는데 성공했습니다. 하이랜더 마스터에게 협조를 얻어낸 것을 보고하세요.				
QUEST_JOBSTEP_20150317_001353	Parler au Maître Peltaste	펠타스타 마스터와 대화				
QUEST_JOBSTEP_20150317_001354	Se Rendre Auprès du Maître Peltaste à Klaipeda	클라페다의 펠타스타 마스터를 찾아 가 보세요.				
QUEST_JOBSTEP_20150317_001355	Tu as choisi la voie du Peltaste. Rencontre le Maître Peltaste à Klaipeda.	펠타스타의 길을 선택하셨습니다. 클라페다의 펠타스타 마스터를 찾아 가 보세요.				
QUEST_JOBSTEP_20150317_001356	Le Maître Peltaste t'a dit qu'il est important de tout faire pour honorer le serment conclu avec les Highlanders concernants la reconstruction du royaume. Pour accomplir tous tes devoirs, parle à Uska.	펠타스타 마스터는 하이랜더와 맺은 왕국 재건에 대한 맹약의 의무를 다하는 것이 도리라고 합니다. 도리를 다 하기 위해 기사단장 우스카와 대화해 보세요.				
QUEST_JOBSTEP_20150317_001357	Rechercher l'escouade de reconnaissance disparue dans la Forêt épineuse	가시숲에서 사라진 정찰부대 탐색				
QUEST_JOBSTEP_20150317_001358	Cherche les traces de l'escouade de reconnaissance disparue alors qu'elle cherchait le nouveau chemin à Vallon de Spineheart.{nl}{nl}Uska te demande de rechercher l'escouade de reconnaissance perdue il y a quelques jours. Cherche les traces de l'escouade disparue alors qu'elle cherchait le nouveau chemin à Vallon de Spineheart.	가시숲 가시마음골에서 새로운 길을 탐색하다 사라진 정찰부대 흔적 찾기{nl}{nl}기사단장 우스카는 며칠 전 연락이 끊긴 정찰부대의 탐색을 요청합니다. 가시 숲의 가시마음골에서 새로운 길을 탐색하다 사라진 정찰부대의 흔적을 찾아 주세요.				
QUEST_JOBSTEP_20150317_001359	Récolter les souvenirs	유품 수습				
QUEST_JOBSTEP_20150317_001360	Malheureusement, tous les membres de l'escouade de reconnaissance ont été trouvés morts. Récolte leurs souvenirs et remets-les à Uska.	정찰부대는 아쉽게도 모두 숨진채로 발견되었습니다. 그들의 유품을 수습하여 기사단장 우스카에게 전해 주세요.				
QUEST_JOBSTEP_20150317_001361	Cherche les souvenirs des soldats partis en reconnaissance à Vallon de Spineheart.	가시마음골에 정찰 나간 병사들 유품 찾기				
QUEST_JOBSTEP_20150317_001362	Uska t'a dit que l'escouade comptait 4 soldats, mais tu n'as trouvé que 3 souvenirs. L'un d'eux a-t-il survécu ? Fouille les autres zones de Vallon de Spineheart.	우스카는 정찰나간 병사가 4명이라고 했지만 유품은 3점밖에 찾을 수 없었습니다. 어딘가에 생존자가 있는 걸까요? 가시마음골의 다른 지역을 탐색해 보세요.				
QUEST_JOBSTEP_20150317_001363	Fouiller les autres régions de Vallon de Spineheart	가시마음골의 다른 지역 탐색				
QUEST_JOBSTEP_20150317_001364	Remettre les souvenirs à Uska	기사단장 우스카에게 유품 전달				
QUEST_JOBSTEP_20150317_001365	Malheureusement, tu n'as pu sauver aucun survivant. Remets les souvenirs à Uska.	아쉽게도 단 한명의 생존자도 구해낼 수 없었습니다. 우스카에게 그들의 유품을 전달해 주세요.				
QUEST_JOBSTEP_20150317_001366	La vengeance de l'éclaireur mort	죽은 정찰병의 복수				
QUEST_JOBSTEP_20150317_001367	Tu as accompli la mission qu'Uska t'a confiée, mais tu en ressens un certain malaise. Quoi qu'il en soit, pour rapporter l'accomplissement de la mission, va voir le Maître Peltaste.	기사단장 우스카가 맡긴 임무는 완수하였지만 괜히 기분이 찜찜합니다. 어쨌든 임무를 완수에 대한 보고를 위해 펠타스타 마스터에게 찾아가세요.				
QUEST_JOBSTEP_20150317_001368	Parler au Maître Pyromancien	파이로맨서 마스터와 대화				
QUEST_JOBSTEP_20150317_001369	Trouver le Maître Pyromancien à Klaipeda.	클라페다에 있는 파이로맨서 마스터를 찾아가세요.				
QUEST_JOBSTEP_20150317_001370	Rassembler l'Essence de feu dans le pot	불의 정수를 항아리에 모으기				
QUEST_JOBSTEP_20150317_001371	Installe le Pot de feu près des monstres au Jardin de l'arbre descendu et récolte les énergies du feu.	내린나무 화원에 있는 몬스터 근처에서 불의 항아리를 설치하여 불의 기운을 모아 주세요.				
QUEST_JOBSTEP_20150317_001372	Faire Son Rapport au Maître Pyromancien	파이로맨서 마스터에게 보고				
QUEST_JOBSTEP_20150317_001373	L'Essence de feu a été rassemblée. Remets le Pot de feu au Maître Pyromancien.	불의 기운을 온전히 모으는데 성공했습니다. 파이로맨서 마스터에게 불의 항아리를 전해 주세요.				
QUEST_JOBSTEP_20150317_001374	Parler au Maître Cryomancien	크리오맨서 마스터와 대화				
QUEST_JOBSTEP_20150317_001375	Parler au Maître Cryomancien à Klaipeda.	클라페다에 있는 크리오맨서 마스터를 찾아 대화하세요.				
QUEST_JOBSTEP_20150317_001376	Tu as choisi la voie du Cryomancien. Parle au Maître Cryomancien à Klaipeda.	크리오맨서의 길을 선택했습니다. 클라페다에 있는 크리오맨서 마스터를 찾아 대화하세요.	QUEST_JOBSTEP_20150317_001375	Parler au Maître Cryomancien à Klaipeda.	클라페다에 있는 크리오맨서 마스터를 찾아 대화하세요.	
QUEST_JOBSTEP_20150317_001377	Interroger le maire du Village des mineurs sur l'emplacement du livre	광산 마을 촌장에게 책의 행방 묻기				
QUEST_JOBSTEP_20150317_001378	Le Maître Cryomancien dit chercher un livre précieux et qu'il t'aidera à devenir Cryomancien si tu le trouves pour lui. Interroge le maire du Village des mineurs au sujet du livre.	크리오맨서는 자신이 찾는 귀한 책이 있다면서 그 책을 찾아다 주면 크리오맨서가 되도록 도와주겠다고 합니다. 샤울레이 광산 마을의 촌장을 찾아 책의 행방에 대해 대화해 보세요.				
QUEST_JOBSTEP_20150317_001379	Chercher le livre au Avant-poste Vubbe	부베 전초기지에서 책 탐색				
QUEST_JOBSTEP_20150317_001380	Le maire du Village des mineurs dit que les Vubbe ont tout volé lors de leur dernier raid. Rends-toi au Avant-poste Vubbe et cherche le livre.	광산 마을 촌장은 일전에 부베가 습격하면서 모든 물건을 약탈해 갔다고 합니다. 부베 전초기지로 가서 책을 찾아 보세요.				
QUEST_JOBSTEP_20150317_001381	Remettre le livre au Maître Cryomancien	크리오맨서 마스터에게 책 전달				
QUEST_JOBSTEP_20150317_001382	Le livre a été trouvé. Apporte-le au Maître Cryomancien.	책을 찾았습니다. 크리오맨서 마스터에게 책을 전해 주세요.				
QUEST_JOBSTEP_20150317_001383	Parler au Maître Krivis	크리비 마스터와 대화				
QUEST_JOBSTEP_20150317_001384	Se Rendre Auprès du Maître Krivis à Klaipeda	클라페다에 있는 크리비 마스터를 찾아가세요.				
QUEST_JOBSTEP_20150317_001385	Offrir des prières à la statue de la Déesse	여신상에 봉헌기도를 올리기				
QUEST_JOBSTEP_20150317_001386	Le Maître Krivis dit qu'il est important de tout abandonner et de s'offrir à la déesse. Offre des prières à toutes les statues de déesse des Bois de Siauliai.	크리비 마스터는 모든 것을 버리고 여신께 스스로를 봉헌하는 것이 중요하다고 합니다. 샤울레이 숲에 있는 모든 여신상에게 봉헌 기도를 올리세요.				
QUEST_JOBSTEP_20150317_001387	Des prières ont été offertes à toutes les statues de Déesse des Bois de Siauliai. Retourne voir le Maître Krivis.	샤울레이 숲에 있는 모든 여신상에게 봉헌기도를 올렸습니다. 크리비 마스터에게 다시 돌아가세요.				
QUEST_JOBSTEP_20150317_001388	Parler au Maître Épéiste	소드맨 마스터와 대화				
QUEST_JOBSTEP_20150317_001389	Parler au Maître Épéiste à Klaipeda.	클라페다에 있는 소드맨 마스터와 대화해 보세요.				
QUEST_JOBSTEP_20150317_001390	Vaincre les Mentiwood à Mesa de Seventune	칠채고원평의 멘티우드 처치				
QUEST_JOBSTEP_20150317_001391	Le Maître Épéiste veut être compris. En vainquant les Mentiwood à Mesa de Seventune, saisis le sens de ses paroles.	소드맨 마스터는 깨닳음을 얻길 원하고 있습니다. 칠채고원평의 멘티우드를 처치하면서 소드맨 마스터가 한 말의 의미를 깨닫고 오세요.				
QUEST_JOBSTEP_20150317_001392	Faire Son Rapport au Maître Épéiste	소드맨 마스터에게 보고				
QUEST_JOBSTEP_20150317_001393	Tu commences à comprendre les paroles du Maître Épéiste avec ton cœur. Retourne voir le Maître Épéiste.	소드맨 마스터의 말이 점점 가슴에 와 닿는것 같습니다. 소드맨 마스터에게 돌아가세요.				
QUEST_JOBSTEP_20150317_001394	Vaincre les Mentiwood	멘티우드 처지				
QUEST_JOBSTEP_20150317_001395	Parler au Maître Prêtre	프리스트 마스터와 대화				
QUEST_JOBSTEP_20150317_001396	Trouver le Maître Prêtre à Klaipeda	클라페다에 있는 프리스트 마스터를 찾아가세요.				
QUEST_JOBSTEP_20150317_001397	Exorciser l'esprit maléfique du soldat et le vaincre	병사에게 빙의한 악령 처치				
QUEST_JOBSTEP_20150317_001398	Le Maître Prêtre t'a demandé de prouver ta sincérité envers la déesse. Trouve le soldat possédé au Village des mineurs et procède à un exorcisme.	프리스트 마스터는 여신을 향한 신실함을 증명하라고 합니다. 광산 마을의 악령에 빙의된 병사를 찾아 퇴마 의식을 치뤄 주세요.				
QUEST_JOBSTEP_20150317_001399	Faire Son Rapport au Maître Prêtre	프리스트 마스터에게 보고				
QUEST_JOBSTEP_20150317_001400	L'esprit maléfique a été vaincu ! Retourne voir le Maître Prêtre.	악령 퇴치에 성공했습니다! 프리스트 마스터에게 돌아가 보세요.				
QUEST_JOBSTEP_20150317_001401	Vaincre l'incarnation de l'esprit maléfique	악령의 본체 처치				
QUEST_JOBSTEP_20150317_001402	Parler au Maître Mage	위저드 마스터와 대화				
QUEST_JOBSTEP_20150317_001403	Se Rendre Auprès du Maître Mage à Klaipeda	클라페다에 있는 위저드 마스터에게 찾아가 보세요.				
QUEST_JOBSTEP_20150317_001404	Récolter les matériaux pour le Maître Mage	위저드 마스터가 필요로하는 재료 수집				
QUEST_JOBSTEP_20150317_001405	Récolte des Skin of Groll à Vallon de Spineheart, des Feeler of Chafperor à la Forêt des inquiétudes déchues, et des noyaux de Yukopus au Village des mineurs de Siauliai.	위저드 마스터가 원하는 재료인 가시마음골의 그롤의 껍질, 낙우림의 체이퍼러의 더듬이, 샤울레이 광산 마을의 유코푸스의 핵을 모아다 주세요.				
QUEST_JOBSTEP_20150317_001406	Remettre les matériaux au Maître Mage	위저드 마스터에게 재료 전달				
QUEST_JOBSTEP_20150317_001407	Les matériaux pour le Maître Mage ont été récoltés. Remets-les-lui.	위저드 마스터가 원하는 모든 재료를 얻었습니다. 위저드 마스터에게 전해 주세요.				
QUEST_JOBSTEP_20150317_001408	Récolter %s à Vallon de Spineheart	가시마음골의 %s 수집				
QUEST_JOBSTEP_20150317_001409	Récolter %s à la Forêt des inquiétudes déchues	낙우림의 %s 수집				
QUEST_JOBSTEP_20150317_001410	Récolter %s au Village des mineurs	광산 마을의 %s 수집				
QUEST_JOBSTEP_20150317_001411	Les recherches du Maître Mage commencent maintenant. Parle-lui à nouveau.	위저드 마스터의 연구는 이제부터 시작입니다. 위저드 마스터와 다시 대화해 보세요.				
QUEST_JOBSTEP_20150317_001412	Utiliser le parchemin de collecte de données à travers la ville	위저드 마스터의 자료 축적용 스크롤을 도시 곳곳에 사용				
QUEST_JOBSTEP_20150317_001413	Le Maître Mage étudie Klaipeda, moins attaquée par les monstres. Aide-le en te rendant aux zones marquées sur la carte et en utilisant le parchemin de collecte de données.	위저드 마스터는 몬스터의 공격이 적은 클라페다의 현상을 연구하고 있다고 합니다. 위저드 마스터를 도와 클라페다의 지도에 표시된 곳으로 가서 자료 축적용 스크롤을 사용해 주세요.				
QUEST_JOBSTEP_20150317_001414	Faire Son Rapport au Maître Mage	위저드 마스터에게 보고				
QUEST_JOBSTEP_20150317_001415	Tous les parchemins ont été utilisés. Retourne faire ton rapport au Maître Mage.	모든 스크롤을 사용하였습니다. 위저드 마스터에게 돌아가 보고하세요.				
QUEST_JOBSTEP_20150317_001416	Parler au Maître Clerc	클레릭 마스터와 대화				
QUEST_JOBSTEP_20150317_001417	Va parler au Maître Clerc au Village des mineurs.	샤울레이 광산 마을에 있는 클레릭 마스터를 찾아 대화해 보세요.				
QUEST_JOBSTEP_20150317_001418	Recevoir de l'Eau Bénite du Maître Prêtre	프리스트 마스터에게 성수 받기				
QUEST_JOBSTEP_20150317_001419	Le Maître Clerc a suggéré d'essayer le service volontaire si tu as du mal à te décider. Obtiens de l'eau bénite auprès du Maître Prêtre et du Maître Krivis et soigne les patients du Village des mineurs.	클레릭 마스터는 아직 마음의 갈피를 잡지 못하거든 봉사를 해 보는 것은 어떻겠냐고 제안합니다. 프리스트 마스터와 크리비 마스터에게 성수를 받아 광산 마을에 있는 환자를 치료해 주세요.				
QUEST_JOBSTEP_20150317_001420	Obtenir de l'Eau Bénite du Maître Krivis	크리비 마스터에게 성수 받기				
QUEST_JOBSTEP_20150317_001421	Obtiens de l'eau bénite auprès du Maître Prêtre et du Maître Krivis et soigne les patients du Village des mineurs.	프리스트 마스터와 크리비 마스터에게 성수를 받아 광산 마을에 있는 환자를 치료해 주세요.				
QUEST_JOBSTEP_20150317_001422	Soigner les patients du Village des mineurs	샤울레이 광산 마을의 환자 치료				
QUEST_JOBSTEP_20150317_001423	Faire Son Rapport au Maître Clerc	클레릭 마스터에게 보고				
QUEST_JOBSTEP_20150317_001424	Tous les patients du Village des mineurs ont été soignés. Fais ton rapport au Maître Clerc.	샤울레이 광산 마을의 환자들을 모두 치료했습니다. 클레릭 마스터에게 보고하세요.				
QUEST_JOBSTEP_20150317_001425	Se Rendre Auprès du Maître Hoplite à Klaipeda	클라페다에 있는 하플라이트 마스터를 찾아 가세요.				
QUEST_JOBSTEP_20150317_001426	Améliorer une arme de type lance au niveau 6	창 계열 장비를 6단계로 강화하기				
QUEST_JOBSTEP_20150317_001427	La lance affûtée est la fierté des Hoplites. Améliore un objet de type lance au niveau 6. N'importe quel objet convient du moment qu'il est de type lance.	하플라이트는 애정을 담아 벼려낸 창이 곧 자부심이라고 하였습니다. 창 계열의 장비를 6단계로 강화하세요. 창 계열이라면 어떤 무기든 상관 없습니다.				
QUEST_JOBSTEP_20150317_001428	Faire Son Rapport au Maître Hoplite	하플라이트 마스터에게 결과 보고				
QUEST_JOBSTEP_20150317_001429	L'objet de type lance a été amélioré au niveau 6 avec succès. Montre-le au Maître Hoplite.	창 계열의 장비를 6단계로 강화하는데 성공하였습니다. 하플라이트 마스터에게 보여 주세요.				
QUEST_JOBSTEP_20150317_001430	Parler au Maître Psychokinésiste au Village des mineurs.	샤울레이 광산 마을에 있는 사이코키노 마스터와 대화해 보세요.				
QUEST_JOBSTEP_20150317_001431	Récolter des Demon's Essence au Ancien Jardin de la Déesse	여신의 옛뜰에서 마족의 정수 수집				
QUEST_JOBSTEP_20150317_001432	Le Maître Psychokinésiste t'a dit qu'il t'aiderait à développer tes pouvoirs psychiques, mais a demandé des Demon's Essence en échange. Vaincs les Minotaures et Chapparition à Chutes jumelles de Nardima, au Ancien jardin de la Déesse, pour obtenir des Demon's Essence.	사이코키노는 초능력이 발현되는 것을 도와줄 테니 그 댓가로 마족의 정수를 원하고 있습니다. 여신의 옛뜰의 나르디마 쌍둥이 폭포에 있는 미노타우로스와 채퍼리션을 처치하여 마족의 정수를 얻으세요.				
QUEST_JOBSTEP_20150317_001433	Remettre les Demon's Essence au Maître Psychokinésiste	사이코키노 마스터에게 정수 전달				
QUEST_JOBSTEP_20150317_001434	Les Demon's Essence ont été obtenues. Remets-les au Maître Psychokinésiste.	두 마족의 정수를 얻었습니다. 사이코키노 마스터에게 마족의 정수를 전달해 주세요.				
QUEST_JOBSTEP_20150317_001435	Se Rendre Auprès du Maître Tireur de Carreaux à Klaipeda	클라페다에 있는 쿼렐슈터를 찾아가 보세요.				
QUEST_JOBSTEP_20150317_001436	Le Tireur de carreaux cherche quelqu'un pour retrouver un certain livre. Rends-toi auprès du Maître Sapeur aux Bois de Siauliai est pour en apprendre davantage sur ce livre.	쿼렐슈터는 책을 찾아줄 사람을 찾고 있었다고 합니다. 책의 정보를 알기 위해 샤울레이 동쪽 숲의 새퍼 마스터를 찾아가세요.				
QUEST_JOBSTEP_20150317_001437	Rends-toi auprès du Maître Sapeur aux Bois de Siauliai est pour en savoir plus sur le livre que cherche le Maître Tireur de carreaux.	쿼렐슈터가 찾는 책의 정보를 위해 샤울레이 동쪽 숲의 새퍼 마스터를 찾아가세요.				
QUEST_JOBSTEP_20150317_001438	Chercher la carte au 3e étage de la Tour du mage	마법사의 탑 3층에서 지도 찾기				
QUEST_JOBSTEP_20150317_001439	Le Maître Sapeur t'a dit avoir entendu qu'une carte étrange avait été découverte à la Tour du mage. Rends-toi au 3e étage de la Tour du mage et cherche la carte.	새퍼 마스터는 마법사의 탑에 이상한 지도가 발견됬다는 이야기를 들었다고 합니다. 마법사의 탑 3층으로 가서 지도를 찾아 보세요.				
QUEST_JOBSTEP_20150317_001440	Remettre la carte au Maître Tireur de carreaux	쿼렐슈터 마스터에게 지도 전달				
QUEST_JOBSTEP_20150317_001441	Cela semble être la carte mentionnée par le Maître Sapeur. Retourne voir le Maître Tireur de carreaux.	이것이 새퍼 마스터가 말한 지도인 것 같습니다. 쿼렐슈터 마스터에게 돌아가세요.				
QUEST_JOBSTEP_20150317_001442	Obtenir %s auprès des Minotaures	미노타우로스에게서 %s 획득				
QUEST_JOBSTEP_20150317_001443	Se Rendre Auprès du Maître Archer à Klaipeda	클라페다에 있는 아처 마스터를 찾아 대화해 보세요.				
QUEST_JOBSTEP_20150317_001444	Tu as choisi la voie de l'Archer. Parle au Maître Archer à Klaipeda.	아처의 길을 선택하였습니다. 클라페다에 있는 아처 마스터를 찾아 대화해 보세요.				
QUEST_JOBSTEP_20150317_001445	Parler au Maître Rodelero	로델레로 마스터와 대화				
QUEST_JOBSTEP_20150317_001446	Le Maître Archer a insisté sur l'importance d'aider les autres. Rends-toi auprès du Maître Rodelero à Fedimian et demande si tu peux te rendre utile.	아처 마스터는 남을 돕는 일에 대한 중요성을 강조하고 있습니다. 페디미안의 로델레로 마스터를 찾아 도울 일이 없는지 물어 보세요.				
QUEST_JOBSTEP_20150317_001447	Vaincre le monstre géant au 3e étage de la Tour du mage	마법사의 탑 3층의 거대한 몬스터 처치				
QUEST_JOBSTEP_20150317_001448	Le Maître Rodelero dit que les bras manquent pour reconstruire Fedimian et que les monstres déferlent hors de la Tour du mage. Vaincs le monstre géant au 3e étage de la Tour du mage pour servir d'avertissement.	로델레로는 페디미안의 재건에도 일손이 부족한데 마법사의 탑에서 몬스터가 쏟아져 나오고 있는 것이 걱정이라고 합니다. 경고의 의미로 마법사의 탑 3층의 거대한 몬스터를 잡으세요.				
QUEST_JOBSTEP_20150317_001449	Faire Son Rapport au Maître Rodelero	로델레로 마스터에게 보고				
QUEST_JOBSTEP_20150317_001450	Le Minotaur du 3e étage de la Tour du mage a été vaincu. Retourne faire ton rapport au Maître Rodelero.	마법사의 탑 3층의 미노타우로스를 잡는 데에 성공했습니다. 로델레로 마스터에게 돌아가 보고하세요.				
QUEST_JOBSTEP_20150317_001451	Faire Son Rapport au Maître Archer	아처 마스터에게 보고				
QUEST_JOBSTEP_20150317_001452	Le service demandé par le Maître Rodelero a été rendu. Retourne faire ton rapport au Maître Archer.	로델레로 마스터의 일을 훌륭히 도왔습니다. 아처 마스터에게 돌아가 보고하세요.				
QUEST_JOBSTEP_20150317_001453	Se Rendre Auprès du Maître Rôdeur à Klaipeda	클라페다에 있는 레인저 마스터를 찾아가 보세요.				
QUEST_JOBSTEP_20150317_001454	Rencontrer le Maître Écuyer	스콰이어 마스터를 찾아가기				
QUEST_JOBSTEP_20150317_001455	Le Maître Rôdeur t'a demandé de l'aider à retrouver Evoniphon. Rencontre le Maître Écuyer à Fedimian pour en apprendre davantage sur Evoniphon.	레인저 마스터는 에보니폰의 흔적을 찾는 것을 도와달라고 합니다. 페디미안의 스콰이어 마스터에게 에보니폰에 대한 정보를 들으세요.				
QUEST_JOBSTEP_20150317_001456	Parler au Maître Élémentaliste	엘레멘탈리스트 마스터와 대화				
QUEST_JOBSTEP_20150317_001457	Le Maître Écuyer t'a dit avoir vu la personne qui semble être Evoniphon parler au Maître Élémentaliste. Rencontre le Maître Élémentaliste et obtiens des informations sur Evoniphon.	스콰이어 마스터는 에보니폰으로 추정되는 남자가 엘레멘탈리스트 마스터와 이야기 하는 것을 보았다고 합니다. 엘레멘탈리스트 마스터를 찾아가 에보니폰에 대한 정보를 들으세요.				
QUEST_JOBSTEP_20150317_001458	Le Maître Élémentaliste t'a dit se souvenir d'une personne à l'odeur singulière. Demande-lui où se trouve cette personne.	엘레멘탈리스트 마스터는 특이한 향을 풍기는 남자를 기억하고 있다고 합니다. 그 남자의 행방에 대해 엘레멘탈리스트 마스터와 대화해 보세요.				
QUEST_JOBSTEP_20150317_001459	Chercher Evoniphon au 3e étage de la Tour du mage	마법사의 탑 3층 에보니폰 흔적 찾기				
QUEST_JOBSTEP_20150317_001460	Le Maître Élémentaliste t'a indiqué l'endroit où se dirigeait la personne qui semble être Evoniphon. Cette personne cherchait des ingrédients et s'y trouve probablement.	엘레멘탈리스트 마스터는 에보니폰으로 추정되는 남자에게 남자가 찾는 재료가 있을 만한 곳을 가르쳐 주었다고 합니다. 마법사의 탑 3층에서 에보니폰의 흔적을 찾아 보세요.				
QUEST_JOBSTEP_20150317_001461	Faire Son Rapport au Maître Rôdeur	레인저 마스터에게 보고				
QUEST_JOBSTEP_20150317_001462	Tu n'as trouvé que des morceaux des vêtements d'Evoniphon au 3e étage de la Tour du mage. Retourne voir le Maître Rôdeur.	마법사의 탑 3층에서는 에보니폰의 옷조각밖에 찾을 수 없었습니다. 레인저 마스터에게 돌아가 보세요.				
QUEST_JOBSTEP_20150317_001463	Vaincre les Minotaures et trouver des traces d'Evoniphon	미노타우로스를 처치하고 에보니폰의 흔적 찾기				
QUEST_JOBSTEP_20150317_001464	Parler au Maître Sapeur aux Bois de Siauliai est.	샤울레이 동쪽 숲에 있는 새퍼 마스터와 대화해 보세요.				
QUEST_JOBSTEP_20150317_001465	Récolter les catalyseurs de flamme des Drake	드레이크의 화염 촉매 수집				
QUEST_JOBSTEP_20150317_001466	Le Maître Sapeur t'a dit qu'il t'aidera à devenir Sapeur si tu l'assistes dans son expérience. Récolte des catalyseurs de flamme sur les Drake au 1er étage de la Tour du mage.	새퍼 마스터는 자신의 실험을 도와 준다면 새퍼가 되는 것을 도와 주겠다고 합니다. 먼저 마법사의 탑 1층의 드레이크에게서 화염 촉매를 수집해 오세요.				
QUEST_JOBSTEP_20150317_001467	Remettre les catalyseurs de flamme au Maître Sapeur	새퍼 마스터에게 화염 촉매 전달				
QUEST_JOBSTEP_20150317_001468	Tous les catalyseurs de flamme ont été obtenus. Remets-les au Maître Sapeur.	화염 촉매를 모두 모았습니다. 새퍼 마스터에게 화염 촉매를 전달해 주세요.				
QUEST_JOBSTEP_20150317_001469	Vaincre les Drake	드레이크 처치				
QUEST_JOBSTEP_20150317_001470	L'expérience commence maintenant. Parle à nouveau au Maître Sapeur.	실험은 이제 시작입니다. 새퍼 마스터와 다시 대화해 보세요.				
QUEST_JOBSTEP_20150317_001471	Tester la bombe	시험용 폭탄 테스트				
QUEST_JOBSTEP_20150317_001472	Le Maître Sapeur veut que tu testes la Bombe expérimentale. Utilise la Bombe expérimentale sur les monstres des Bois de Siauliai est.	새퍼 마스터는 시험용 폭탄의 위력을 보고받길 원하고 있습니다. 샤울레이 동쪽 숲의 몬스터에게 시험용 폭탄을 사용해 보세요.				
QUEST_JOBSTEP_20150317_001473	Faire Son Rapport au Maître Sapeur	새퍼 마스터에게 보고				
QUEST_JOBSTEP_20150317_001474	La bombe ne semblait pas si puissante. Rapporte les résultats au Maître Sapeur.	어째 폭탄의 위력이 그다지 좋은 것 같진 않습니다. 새퍼 마스터에게 결과를 보고해 주세요.				
QUEST_JOBSTEP_20150317_001475	Parler au Maître Bokor	보코르 마스터와 대화				
QUEST_JOBSTEP_20150317_001476	Se Rendre Auprès du Maître Bokor à Klaipeda	클라페다에 있는 보코르 마스터를 찾아가세요.				
QUEST_JOBSTEP_20150317_001477	Obtenir une Carte de Monstre Boss de Mission ou de Terrain	미션이나 필드 보스 몬스터 카드 수집				
QUEST_JOBSTEP_20150317_001478	Le Maître Bokor t'a demandé d'apporter une carte de monstre boss. La carte peut être obtenue auprès de n'importe quel monstre boss de terrain ou de mission.	보코르 마스터는 보스 몬스터에게 얻을 수 있는 카드를 가져 오라고 합니다. 미션과 필드의 모든 보스 몬스터에게서 획득 가능합니다.				
QUEST_JOBSTEP_20150317_001479	Zone de mission / boss de terrain de la Mine de cristal / boss de terrain d'Église de Tenet / boss de terrain de Mausolée royal (hors monstres boss de quête)	미션 존/수정광산 필드 보스/테넷 성당 필드 보스/왕릉 필드 보스(퀘스트 보스 몬스터 제외)	ETC_20150317_001194	Plateau du Roi	왕의 고원	
QUEST_JOBSTEP_20150317_001480	Remettre une carte au Maître Bokor	보코르 마스터에게 카드 전달				
QUEST_JOBSTEP_20150317_001481	Une carte de monstre boss a été obtenue. Remets-la au Maître Bokor.	보스 몬스터 카드를 얻었습니다. 보코르 마스터에게 카드를 전해 주세요.				
QUEST_JOBSTEP_20150317_001482	Rencontrer Sculpteur Tesla à Vallon du pavage en losanges.	마름포석골에 있는 조각가 테슬라를 찾아 가세요.				
QUEST_JOBSTEP_20150317_001483	Parler au Marchand d'Objets de Klaipeda	클라페다 도구상인과 대화				
QUEST_JOBSTEP_20150317_001484	Sculpteur Tesla cherche un chat à prendre pour modèle. Demande au Marchand d'objets de Klaipeda s'il connaît un chat qui ferait un bon modèle.	조각가 테슬라는 모델로 쓸 고양이를 찾고 있습니다. 조각가 테슬라와 오래 교류한 클라페다의 도구상인에게 모델로 쓸 만한 고양이가 있는지 물어 보세요.				
QUEST_JOBSTEP_20150317_001485	Chercher le père du Marchand d'équipement au 3e étage de la Tour du mage	마법사의 탑 3층에서 도구상인의 아버지 찾기				
QUEST_JOBSTEP_20150317_001486	Le Marchand d'équipement t'a demandé de retrouver la trace de son père et, en échange, te donnera de la nourriture pour attirer le chat. Cherche le père du Marchand d'équipement au 3e étage de la Tour du mage.	도구상인은 고양이를 꼬드길 특별한 먹이를 넘겨주는 댓가로 자신의 아버지의 흔적을 찾아 달라고 부탁하였습니다. 마법사의 탑 3층에서 도구상인의 아버지를 찾아 주세요.				
QUEST_JOBSTEP_20150317_001487	Remettre le morceau de vêtement du père au Marchand d'objets	도구상인에게 아버지의 옷 조각 전달				
QUEST_JOBSTEP_20150317_001488	Malheureusement, tu n'as pas retrouvé le père du Marchand d'équipement, mais tu as trouvé un morceau de vêtement qui pourrait lui appartenir. Remets-le au Marchand d'équipement.	안타깝게도 도구상인의 아버지는 찾지 못했지만 그의 것으로 보이는 옷 조각을 발견했습니다. 도구상인에게 옷 조각을 전해 주세요.				
QUEST_JOBSTEP_20150317_001489	Vaincre les Minotaures	미노타우로스 처치				
QUEST_JOBSTEP_20150317_001490	Attirer le chat de la place de Klaipeda avec de la nourriture	클라페다 광장의 고양이 먹이로 유인하기				
QUEST_JOBSTEP_20150317_001491	De la nourriture spéciale pour chat a été reçue du Marchand d'objets. Utilise-la pour attirer le chat à Klaipeda.	도구상인에게 특별한 먹이를 받았습니다. 이것을 사용해서 클라페다에 있는 고양이를 유혹하여 보세요.				
QUEST_JOBSTEP_20150317_001492	Remettre le chat à Sculpteur Tesla	조각가 테슬라에게 고양이 전달				
QUEST_JOBSTEP_20150317_001493	Le chat a été capturé avec succès ! Remets-le à Sculpteur Tesla.	고양이를 포획하는데 성공했습니다! 조각가 테슬라에게 고양이를 전해 주세요.				
QUEST_JOBSTEP_20150317_001494	Rencontrer le Maître Pyromancien à Klaipeda	클라페다에 있는 파이로맨서를 찾아 가세요.				
QUEST_JOBSTEP_20150317_001495	Se rendre à la Salle de lecture du 1er étage de la Tour du mage et y déposer le Pot du Soleil.	마법사의 탑 1층의 열람실로 가서 태양의 항아리 놓기				
QUEST_JOBSTEP_20150317_001496	Le Maître Pyromancien t'a demandé quelque chose en échange de son enseignement de la magie. Rends-toi au 1er étage de la Tour du mage et dépose le Pot du Soleil dans la Salle de lecture.	파이로맨서는 마법을 가르쳐 주는 대가로 의뢰를 부탁했습니다. 마법사의 탑 1층의 열람실에 태양의 항아리를 놓으세요.				
QUEST_JOBSTEP_20150317_001497	Vaincre les Chapparition	방해하는 채퍼리션 처치				
QUEST_JOBSTEP_20150317_001498	Déposer le Pot du Soleil dans la Salle de lecture du 1er étage de la Tour du mage	마법사의 탑 1층 열람실에 태양의 항아리 놓기				
QUEST_JOBSTEP_20150317_001499	Le Pot du Soleil a été déposé dans la Reading Room. Retourne faire ton rapport au Maître Pyromancien.	항아리를 잘 놓아 두었습니다. 파이로맨서 마스터에게 보고하세요.				
QUEST_JOBSTEP_20150317_001500	Parler au Maître Cryomancien à Klaipeda.	클라페다에 있는 크리오맨서 마스터와 대화해 보세요.				
QUEST_JOBSTEP_20150317_001501	Récolter les matériaux demandés par le Maître Cryomancien	크리오맨서 마스터가 필요로 하는 재료 수집				
QUEST_JOBSTEP_20150317_001502	Le Maître Cryomancien t'a dit que si tu trouvais les ingrédients qu'il désire, il t'aiderait à devenir Cryomancien. Récolte des Beak of Cockatrie à Ruisseau de cristal et des Scale of Arma à la Tour du mage.	크리오맨서는 자신이 필요로 하는 재료들을 찾아준다면 크리오맨서가 되는 것을 도와 주겠다고 합니다. 수정개울의 코카트리스의 부리와 마법사의 탑의 아르마의 비늘을 모아 주세요.				
QUEST_JOBSTEP_20150317_001503	Livrer les matériaux au Maître Cryomancien	크리오맨서 마스터에게 재료 전달				
QUEST_JOBSTEP_20150317_001504	Tous les matériaux dont le Maître Cryomancien a besoin ont été récoltés. Remets-les-lui.	크리오맨서 마스터가 필요로 하는 재료를 전부 모았습니다. 크리오맨서 마스터에게 전해 주세요.				
QUEST_JOBSTEP_20150317_001505	Le Maître Mage considère l'effort comme la chose la plus importante. Récolte des Morceaux de Pyracon et des Écailles de Drake vert à la Tour du mage.	위저드 마스터는 무엇보다도 노력을 가장 중요시 여긴다고 합니다. 마법사의 탑에서 위저드 마스터가 원하는 재료인 피라콘의 조각과 초록 드레이크의 비늘을 모아 주세요.				
QUEST_JOBSTEP_20150317_001506	Toutes les requêtes du Maître Mage ne sont pas encore accomplies. Parle-lui à nouveau.	위저드 마스터의 시험은 이것이 전부가 아닌 것 같습니다. 위저드 마스터와 다시 대화해 보세요.				
QUEST_JOBSTEP_20150317_001507	Utiliser le Parchemin de mesure de données du Mage à travers Fedimian	위저드 마스터의 자료 축적용 스크롤을 페디미안 곳곳에 사용				
QUEST_JOBSTEP_20150317_001508	Le Maître Mage veut aussi mesurer les capacités défensives de Fedimian. Rends-toi aux zones marquées sur la carte et utilise le parchemin pour aider le Maître Mage.	위저드 마스터는 방어 체계 연구를 위해 페디미안의 자료도 수집하려고 합니다. 위저드 마스터를 도와 페디미안의 지도에 표시된 곳으로 가서 자료 축적용 스크롤을 사용해 주세요.				
QUEST_JOBSTEP_20150317_001509	Parler au Maître Clerc à Klaipeda.	클라페다에 있는 클레릭 마스터와 대화하세요.				
QUEST_JOBSTEP_20150317_001510	Utiliser Heal pour soigner les gens	힐을 사용해 사람들을 치료				
QUEST_JOBSTEP_20150317_001511	Le Maître Clerc dit que tu sers mieux les autres en les soignant. Utilise tes Skills Heal ou celles d'un membre de ton groupe pour aider à soigner autrui.	클레릭 마스터는 남을 치료하는 봉사를 하는 것이 좋겠다고 합니다. 자신 혹은 파티원이 가진 힐 스킬로 다른 유저들을 치료하세요.				
QUEST_JOBSTEP_20150317_001512	Toutes les zones	전 지역				
QUEST_JOBSTEP_20150317_001513	Assez de personnes ont été soignées. Retourne faire ton rapport au Maître Clerc.	많은 사람들을 치료해 주었습니다. 클레릭 마스터에게 돌아가 보고하세요.				
QUEST_JOBSTEP_20150317_001514	Parler au Maître Sorcier	소서러 마스터와 대화				
QUEST_JOBSTEP_20150317_001515	Se Rendre Auprès du Maître Sorcier à Fedimian	페디미안의 소서러 마스터에게 찾아가세요.				
QUEST_JOBSTEP_20150317_001516	Remporter un duel magique contre le Maître Sorcier	소서러 마스터와 마법 대련에서 승리				
QUEST_JOBSTEP_20150317_001517	Le Maître Sorcier dit qu'il t'enseignera son art si tu remportes un duel magique contre lui. Affronte-le en duel sur le terrain vague de Fedimian et gagne.	소서러 마스터는 자신과의 마법 대련에서 승리해야 마법을 가르쳐 주겠다고 합니다. 페디미안 공터 광장에서 소서러 마스터와 대련하여 승리하세요.				
QUEST_JOBSTEP_20150317_001518	Le duel contre le Maître Sorcier a été remporté. Parle-lui à nouveau.	소서러 마스터와의 대련에서 승리하였습니다. 소서러 마스터와 대화해 보세요.				
QUEST_JOBSTEP_20150317_001519	Reconnaissance du Sorcier	소서러의 인정				
QUEST_JOBSTEP_20150317_001520	Parler au Maître Nécromancien	네크로맨서 마스터와 대화				
QUEST_JOBSTEP_20150317_001521	Parler au Maître Nécromancien à Fedimian	페디미안에 있는 네크로맨서 마스터와 대화하세요.				
QUEST_JOBSTEP_20150317_001522	Combattre le Maître Nécromancien	네크로맨서 마스터와 전투				
QUEST_JOBSTEP_20150317_001523	Le Maître Nécromancien t'a dit que tu devais posséder un esprit fort. Affronte le Maître Nécromancien en duel et gagne.	네크로맨서 마스터는 영혼이 강인한 사람이어야 한다고 합니다. 네크로맨서 마스터와 대련하여 승리하세요.				
QUEST_JOBSTEP_20150317_001524	Tu as gagné ton duel contre le Maître Nécromancien. Parle au Maître Nécromancien.	네크로맨서 마스터와의 대련에서 승리하였습니다. 네크로맨서 마스터와 대화하세요.				
QUEST_JOBSTEP_20150317_001525	Reconnaissance du Nécromancien	네크로맨서의 인정				
QUEST_JOBSTEP_20150317_001526	Parler au Maître Druide	드루이드 마스터와 대화				
QUEST_JOBSTEP_20150317_001527	Trouver le Maître Druide à Fedimian	페디미안에 있는 드루이드 마스터를 찾아가세요.				
QUEST_JOBSTEP_20150317_001528	Affronter le Maître Druide en duel	드루이드 마스터와 대련				
QUEST_JOBSTEP_20150317_001529	Le Maître Druide t'a dit que le duel éveillerait tes sens insoupçonnés. Rends-toi sur la place vide et affronte le Maître Druide en duel.	드루이드는 대련을 통해 특별한 감각을 일깨워 줄 수 있을 거라고 합니다. 광장 공터로 내려가 드루이드 마스터와 대련하세요.				
QUEST_JOBSTEP_20150317_001530	Tu sens de nouvelles perceptions s'éveiller après ton duel contre le Maître Druide. Parle au Maître Druide.	드루이드 마스터와의 대련을 통해 뭔가 특별한 감각이 느껴지는 것 같습니다. 드루이드 마스터와 대화하세요.				
QUEST_JOBSTEP_20150317_001531	Reconnaissance du Druide	드루이드의 인정				
QUEST_JOBSTEP_20150317_001532	Parler au Maître Lieur à la Mine de Cristal de Siauliai	샤울레이 광산 마을에 있는 링커 마스터와 대화해 보세요.				
QUEST_JOBSTEP_20150317_001533	Affronter le Maître Lieur en Duel	링커 마스터와 대련				
QUEST_JOBSTEP_20150317_001534	Le Maître Lieur veut éprouver la qualité du mana par le duel. Affronte le Maître Lieur en duel et gagne.	링커 마스터는 대련으로써 마나의 질을 시험해 보겠다고 합니다. 링커 마스터와 대련하여 승리를 거두세요.				
QUEST_JOBSTEP_20150317_001535	Tu sens la qualité de ton mana renforcée après ton duel contre le Maître Lieur. Parle au Maître Lieur.	링커 마스터와의 대련으로 마나의 질이 좀 더 좋아진 느낌입니다. 링커 마스터와 대화해 보세요.				
QUEST_JOBSTEP_20150317_001536	Reconnaissance du Lieur	링커의 인정				
QUEST_JOBSTEP_20150317_001537	Évaluer ta compétence en affrontant le Maître Chasseur en duel	헌터 마스터와 대련을 통해 실력 평가				
QUEST_JOBSTEP_20150317_001538	Le Maître Chasseur veut que tu fasses tes preuves à l'arc. Affronte le Maître Chasseur en duel et gagne !	헌터 마스터는 활로서 자신을 증명할 것을 원하고 있습니다. 헌터 마스터와 싸워 이기세요!				
QUEST_JOBSTEP_20150317_001539	Tu as vaincu le Maître Chasseur. Retourne faire ton rapport au Maître Chasseur.	헌터 마스터에게 승리하였습니다. 헌터 마스터와 다시 대화해 보세요.				
QUEST_JOBSTEP_20150317_001540	Reconnaissance du Chasseur	헌터의 인정				
QUEST_JOBSTEP_20150317_001541	Parler au Maître Highlander à Klaipeda	클라페다에 있는 하이랜더 마스터와 대화해 보세요.				
QUEST_JOBSTEP_20150317_001542	Vaincre les Hommes Sparnas à Vallon du Pavage en Losanges	마름포석골의 스파나스맨 처치				
QUEST_JOBSTEP_20150317_001543	Le Maître Highlander t'a demandé de prouver ton habileté. Vaincs les Hommes Sparnas à Vallon du pavage en losanges pour prouver ton habileté.	하이랜더 마스터는 실력을 증명할 것을 요구하고 있습니다. 마름포석골의 스파나스맨을 처치해서 증명하세요.				
QUEST_JOBSTEP_20150317_001544	Les Sparnasman ont été vaincus. Retourne faire ton rapport au Maître Highlander.	스파나스맨을 처치했습니다. 하이랜더 마스터와 다시 대화하세요.				
QUEST_JOBSTEP_20150317_001545	Parler au Maître Peltaste à Klaipeda.	클라페다에 있는 펠타스타 마스터와 대화하세요.				
QUEST_JOBSTEP_20150317_001546	Vaincre les Chapparition	채퍼리션 처치				
QUEST_JOBSTEP_20150317_001547	Le Maître Peltaste t'a dit que pour porter un bouclier, il faut du courage. Vaincs les Chapparition au 1er étage de la Tour du mage.	펠타스타 마스터는 방패를 들려면 그만한 담력도 갖추어야 한다고 합니다. 마법사의 탑 1층에서 채퍼리션을 처치하세요.				
QUEST_JOBSTEP_20150317_001548	Les Chapparition ont été vaincus. Retourne faire ton rapport au Maître Peltaste.	채퍼리션을 처치했습니다. 펠타스타 마스터와 다시 대화해 보세요.				
QUEST_JOBSTEP_20150317_001549	Parler au Maître Krivis à Klaipeda	클라페다에 있는 크리비 마스터와 대화해 보세요.				
QUEST_JOBSTEP_20150317_001550	Affronter le Maître Krivis en Duel	크리비 마스터와 대련				
QUEST_JOBSTEP_20150317_001551	Le Maître Krivis insiste sur la détermination inébranlable qui ne fléchit en aucune circonstance. Affronte le Maître Krivis en duel dans la salle d'entraînement du Maître Highlander et gagne.	크리비 마스터는 어떤 극한 상황에서도 절대 흔들리지 않는 신상심을 강조하고 있습니다. 하이랜더 마스터의 방에서 크리비 마스터와 대련하여 승리를 거두세요.				
QUEST_JOBSTEP_20150317_001552	Tu as vaincu le Maître Krivis. Parle au Maître Krivis.	크리비 마스터와의 대련에서 승리를 거두었습니다. 크리비 마스터와 다시 대화해 보세요.				
QUEST_JOBSTEP_20150317_001553	Reconnaissance du Krivis	크리비의 인정				
QUEST_JOBSTEP_20150317_001554	Parler au Maître Prêtre à Klaipeda.	클라페다에 있는 프리스트 마스터와 대화하세요.				
QUEST_JOBSTEP_20150317_001555	Affronter le Maître Prêtre en Duel	프리스트 마스터와 대련				
QUEST_JOBSTEP_20150317_001556	Le Maître Prêtre t'a dit que ta puissance réside dans ta foi. Affronte le Maître Prêtre en duel dans la salle d'entraînement du Maître Highlander et gagne.	프리스트 마스터는 신실함이 곧 힘이라고 합니다. 하이랜더 마스터의 방에서 프리스트 마스터와 대련하여 승리를 거두세요.				
QUEST_JOBSTEP_20150317_001557	Tu as vaincu le Maître Prêtre. Parle-lui à nouveau.	프리스트 마스터와의 대련에서 승리를 거두었습니다. 프리스트 마스터와 다시 대화해 보세요.				
QUEST_JOBSTEP_20150317_001558	Reconnaissance du Prêtre	프리스트의 인정				
QUEST_JOBSTEP_20150317_001559	Trouver le Maître Épéiste à Klaipeda	클라페다에 있는 소드맨 마스터를 찾아가세요.				
QUEST_JOBSTEP_20150317_001560	Vaincre le Minotaure au 3e étage de la Tour du mage	마법사의 탑 3층의 미노타우로스 처치				
QUEST_JOBSTEP_20150317_001561	Le Maître Épéiste t'a dit qu'il est imprudent d'hésiter lorsqu'on manie l'épée. Vaincs le Minotaure au 3e étage de la Tour du mage.	소드맨은 검에 망설임이 있어서는 안된다고 합니다. 마법사의 탑 3층에서 미노타우로스를 처치하세요.				
QUEST_JOBSTEP_20150317_001562	Le Minotaur a été vaincu. Retourne faire ton rapport au Maître Épéiste.	미노타우로스를 처치했습니다. 소드맨 마스터와 다시 대화하세요.				
QUEST_JOBSTEP_20150317_001563	Parler au Maître Centurion à Fedimian	페디미안의 센츄리온 마스터와 대화				
QUEST_JOBSTEP_20150317_001564	Trouver le Maître Centurion à Fedimian	페디미안에 있는 센츄리온 마스터를 찾아가세요.				
QUEST_JOBSTEP_20150317_001565	Affronter le Maître Centurion en duel	센츄리온 마스터와 대련				
QUEST_JOBSTEP_20150317_001566	Le Maître Centurion t'a demandé de prouver ton habileté en l'affrontant en duel. Affronte le Maître Centurion en duel et gagne.	센츄리온 마스터는 대련을 통해 실력을 증명하라고 합니다. 센츄리온 마스터와의 대련에서 승리하세요.				
QUEST_JOBSTEP_20150317_001567	Parler au Maître Centurion	센츄리온 마스터와 대화				
QUEST_JOBSTEP_20150317_001568	Tu as gagné ton duel contre le Maître Centurion. Parle-lui à nouveau.	대련에서 승리하였습니다. 센츄리온 마스터와 다시 대화하세요.				
QUEST_JOBSTEP_20150317_001569	Reconnaissance du Centurion	센츄리온의 인정				
QUEST_JOBSTEP_20150317_001570	Parler au Maître Sadhu	사두 마스터와 대화				
QUEST_JOBSTEP_20150317_001571	Parler au Maître Sadhu à Fedimian	페디미안에서 사두 마스터와 대화해 보세요.				
QUEST_JOBSTEP_20150317_001572	Affronter le Maître Sadhu en Duel	사두 마스터와 대련				
QUEST_JOBSTEP_20150317_001573	Affronte le Maître Sadhu en duel sur le terrain vague de la place et gagne.	광장 공터에서 사두 마스터와 대련하여 승리를 거두세요.				
QUEST_JOBSTEP_20150317_001574	Tu as vaincu le Maître Sadhu. Parle-lui à nouveau.	사두 마스터에게 승리하였습니다. 사두 마스터와 다시 대화해 보세요.				
QUEST_JOBSTEP_20150317_001575	Reconnaissance du Sadhu	사두의 인정				
QUEST_JOBSTEP_20150317_001576	L'Appel du Maître Hackapell	하카펠 마스터의 부름				
QUEST_JOBSTEP_20150317_001577	Le Maître Hackapell te cherche à Fedimian	페디미안에서 하카펠 마스터가 당신을 찾고 있습니다				
QUEST_JOBSTEP_20150317_001578	Affronter le Maître Hackapell en duel	하카펠 마스터와의 대련				
QUEST_JOBSTEP_20150317_001579	Le Maître Hackapell t'a dit qu'il ne peut t'enseigner qu'après avoir cerné tes faiblesses. Affronte le Maître Hackapell en duel.	하카펠 마스터는 어떤 것이 부족한 지 알아야 가르칠 수 있다고 합니다. 하카펠 마스터와의 대련에서 승리하세요.				
QUEST_JOBSTEP_20150317_001580	Parler au Maître Hackapell	하카펠 마스터와 대화				
QUEST_JOBSTEP_20150317_001581	Tu as vaincu le Maître Hackapell. Parle-lui à nouveau.	하카펠 마스터와의 대련에서 승리하였습니다. 다시 하카펠 마스터와 대화하세요.				
QUEST_JOBSTEP_20150317_001582	Reconnaissance du Hackapell	하카펠의 인정				
QUEST_JOBSTEP_20150317_001583	Parler au Maître Wugushi	무고사 마스터와 대화				
QUEST_JOBSTEP_20150317_001584	Parler au Maître Wugushi à Fedimian	페디미안에 있는 무고사 마스터와 대화해 보세요.				
QUEST_JOBSTEP_20150317_001585	Affronter le Maître Wugushi en Duel	무고사 마스터와 대련				
QUEST_JOBSTEP_20150317_001586	Le Maître Wugushi t'a dit que la fin justifie les moyens quand il s'agit de victoire et de survie. Affronte le Maître Wugushi en duel sur le terrain vague de la place.	무고사 마스터는 싸움에 있어 비겁하더라도 살아남는 쪽이 진정한 승리자라고 합니다. 페디미안의 광장 공터에서 무고사 마스터와 대련하세요.				
QUEST_JOBSTEP_20150317_001587	Tu as vaincu le Maître Wugushi. Parle au Maître Wugushi.	무고사 마스터와의 대련에서 승리하였습니다. 무고사 마스터와 다시 대화해 보세요.				
QUEST_JOBSTEP_20150317_001588	Reconnaissance du Wugushi	무고사의 인정				
QUEST_JOBSTEP_20150317_001589	Parler au Maître Rodelero à Fedimian	페디미안에 있는 로렐레로 마스터와 대화하세요.				
QUEST_JOBSTEP_20150317_001590	Améliorer un bouclier au niveau 6	방패 계열 장비를 6단계로 강화				
QUEST_JOBSTEP_20150317_001591	Le Maître Rodelero te demande de lui présenter un bouclier de niveau 6 ou plus. Améliore ton bouclier pour obtenir la reconnaissance du Maître Rodelero	로렐렉로 마스터는 6단계 정도 강화된 방패를 가져오라고 합니다. 방패 계열 장비를 강화해 로델레로 마스터의 인정을 받으세요.				
QUEST_JOBSTEP_20150317_001592	Le bouclier a été amélioré au niveau 6 avec succès. Retourne faire ton rapport au Maître Rodelero.	방패 계열의 장비를 6단계로 강화하는데 성공하였습니다. 로델레로 마스터에게 보고하세요.				
QUEST_JOBSTEP_20150317_001593	Parler au Maître Écuyer	스콰이어 마스터와 대화				
QUEST_JOBSTEP_20150317_001594	Rencontrer le Maître Écuyer à Fedimian	페디미안에 있는 스콰이어 마스터를 찾아 가세요.				
QUEST_JOBSTEP_20150317_001595	Prouver ton habileté en affrontant le Maître Écuyer en duel	스콰이어 마스터와 대련해서 실력을 증명				
QUEST_JOBSTEP_20150317_001596	Prouver ton habileté en affrontant le Maître Écuyer en duel	스콰이어 마스터와의 대련을 통해 실력을 증명하세요.				
QUEST_JOBSTEP_20150317_001597	Tu as vaincu le Maître Écuyer. Parle-lui à nouveau.	스콰이어 마스터와의 대련에서 승리를 거두었습니다. 스콰이어 마스터와 다시 대화해 보세요.				
QUEST_JOBSTEP_20150317_001598	Affronter le Maître Écuyer en duel	스콰이어 마스터와 대련				
QUEST_JOBSTEP_20150317_001599	Parler au Maître Thaumaturge	쏘마터지 마스터와 대화				
QUEST_JOBSTEP_20150317_001600	Parler au Maître Thaumaturge à Fedimian	페디미안에 있는 쏘마터지 마스터와 대화하세요.				
QUEST_JOBSTEP_20150317_001601	Récolter les documents de recherche magique au 3e étage de la Tour du mage	마법사의 탑 3층에서 마법 연구 자료 모으기				
QUEST_JOBSTEP_20150317_001602	Le Maître Thaumaturge t'a dit que si tu l'aidais dans sa tâche, il t'aiderait à devenir Thaumaturge. Récolte les documents de recherche magique que les mages ont abandonnés au 3e étage de la Tour du mage.	쏘마터지 마스터는 자신의 일을 도와준다면 쏘마터지가 될 수 있도록 도와주겠다고 합니다. 마법사의 탑 3층에서 마법사들이 버리고 도망친 마법 연구 자료를 모아다 주세요.				
QUEST_JOBSTEP_20150317_001603	Le remettre au Maître Thaumaturge	쏘마터지 마스터에게 전달				
QUEST_JOBSTEP_20150317_001604	Tous les documents de recherche magique ont été obtenus. Remets-les au Maître Thaumaturge.	마법 연구 자료를 모두 모은 것 같습니다. 쏘마터지 마스터에게 마법 연구 자료를 가져다 주세요.				
QUEST_JOBSTEP_20150317_001605	Parler au Maître Élémentaliste à Fedimian	페디미안에 있는 엘레멘탈리스트 마스터와 대화하세요.				
QUEST_JOBSTEP_20150317_001606	Accomplir la mission confiée par le Maître Élémentaliste	엘레멘탈리스트 마스터의 과제 수행				
QUEST_JOBSTEP_20150317_001607	Obtiens des Body Fluid of Slime au 2e étage de la Tour du mage, des Fragment d'os of Hallowventer à Ruisseau de cristal, et des Activating Nucleus sur les Golem de la Tombe du Vallon des arbres.	마법사의 탑에서 2층 슬라임의 체액, 수정개울에서 할로우벤터의 뼛조각, 머무르는 나뭇골의 묘지 골렘의 구동핵을 구해 오세요.				
QUEST_JOBSTEP_20150317_001608	Remettre le fruit de la mission au Maître Élémentaliste	엘레멘탈리스트 마스터에게 과제 전달				
QUEST_JOBSTEP_20150317_001609	La mission du Maître Élémentaliste est accomplie. Remets-lui les ingrédients.	엘레멘탈리스트 마스터의 과제를 훌륭히 수행했습니다. 엘레멘탈리스트 마스터에게 과제였던 재료를 가져다 주세요.				
QUEST_JOBSTEP_20150317_001610	Slime	슬라임				
QUEST_JOBSTEP_20150317_001611	Golems de Pierre Tombale	비석 골렘				
QUEST_JOBSTEP_20150317_001612	Parler au Maître Éclaireur	스카우트 마스터와 대화				
QUEST_JOBSTEP_20150317_001613	Parler au Maître Éclaireur à Fedimian	페디미안에 있는 스카우트 마스터와 대화해 보세요.				
QUEST_JOBSTEP_20150317_001614	Affronter le Maître Éclaireur en duel	스카우트 마스터와 대련				
QUEST_JOBSTEP_20150317_001615	Le Maître Éclaireur t'a dit que les talents de combat comptent autant que ceux de dissimulation. Affronte le Maître Éclaireur en duel et prouve ton habileté.	스카우트 마스터는 은신 기술 뿐만이 아니라 전투 기술도 중요하다고 합니다. 스카우트 마스터와의 대련에서 자신을 증명하세요.				
QUEST_JOBSTEP_20150317_001616	Tu as vaincu le Maître Éclaireur. Parle au Maître Éclaireur.	스카우트 마스터와의 대련에서 승리하였습니다. 스카우트 마스터와 대화해 보세요.				
QUEST_JOBSTEP_20150317_001617	Parler au Maître Paladin	팔라딘 마스터와 대화				
QUEST_JOBSTEP_20150317_001618	Parler au Maître Paladin à Falaises d'émeraude.	옥빛서린 벼랑에 있는 팔라딘 마스터와 대화하세요.				
QUEST_JOBSTEP_20150317_001619	Le Maître Paladin t'a dit qu'il est important d'obéir à la justice et à la foi au nom des déesses. Vaincs les Sparnas Men à Rhombuspaving Dale pour prouver ta fidélité.	팔라딘 마스터는 정의와 신념을 여신의 이름으로 행하는 것이 중요하다고 합니다. 마름포석골에 있는 스파나스맨을 처치하여 신앙심을 증명하세요.				
QUEST_JOBSTEP_20150317_001620	Faire Son Rapport au Maître Paladin	팔라딘 마스터에게 보고				
QUEST_JOBSTEP_20150317_001621	Les Sparnasman ont été vaincus avec succès. Retourne faire ton rapport au Maître Paladin.	스파나스맨을 처치하는데 성공하였습니다. 팔라딘 마스터에게 보고하세요.				
QUEST_JOBSTEP_20150317_001622	Parler au Maître Cataphractaire	캐터프랙트 마스터와 대화				
QUEST_JOBSTEP_20150317_001623	Parler au Maître Cataphractaire à la Route tortueuse haute.	높이굽은 길에 있는 캐터프랙트 마스터와 대화하세요.				
QUEST_JOBSTEP_20150317_001624	Vaincs les Hommes Sparnas à Vallon du pavage en losanges pour prouver ton habileté au Maître Cataphractaire.	캐터프랙트 마스터에게 마름포석골에 있는 스파나스맨을 처치하여 실력을 증명하세요.				
QUEST_JOBSTEP_20150317_001625	Faire Son Rapport au Maître Cataphractaire	캐터프랙트 마스터에게 보고				
QUEST_JOBSTEP_20150317_001626	Les Sparnasman ont été vaincus avec succès. Retourne faire ton rapport au Maître Cataphractaire.	스파나스맨을 처치하는데 성공하였습니다. 캐터프랙트 마스터에게 보고하세요.				
QUEST_JOBSTEP_20150317_001627	Parler au Maître Prêtre à Klaipeda.	클라페다의 프리스트 마스터와 대화하세요.				
QUEST_JOBSTEP_20150317_001628	Récupérer la bourse à l'aura maléfique auprès des Vubbe au 1er étage de la Mine de cristal	수정광산 1층 부베들에게 마기가 깃든 주머니 획득				
QUEST_JOBSTEP_20150317_001629	Le Maître Prêtre te demande de vaincre les Vubbe qui occupent le 1er étage de la Mine de cristal comme preuve de ta foi	프리스트 마스터는 신실함의 증명으로 수정광산 1층을 점령한 부베들을 처치하고 				
QUEST_JOBSTEP_20150317_001630	Bourse d'Énergie Maléfique Imprégnée	마기가 깃든 주머니				
QUEST_JOBSTEP_20150317_001631	 auprès des Vubbe.	를 구해오라고 했습니다.				
QUEST_JOBSTEP_20150317_001632	Remettre les bourses au Maître Prêtre	프리스트 마스터에게 전달				
QUEST_JOBSTEP_20150317_001633	Les bourses chargées d'énergie maléfique ont été rassemblées. Apporte-les au Maître Prêtre.	마기가 깃든 주머니를 모두 구했습니다. 프리스트 마스터에게 전달해 주세요.				
QUEST_JOBSTEP_20150317_001634	La bourse chargée d'énergie maléfique a été obtenue.	마기가 담긴 주머니 획득				
QUEST_JOBSTEP_20150317_001635	Parler au Maître Krivis à Klaipeda.	클라페다에 있는 크리비 마스터와 대화하세요.				
QUEST_JOBSTEP_20150317_001636	Enquête sur le Frère Krivis	크리비 형제 수색				
QUEST_JOBSTEP_20150317_001637	Le Maître Krivis t'a dit qu'un frère Krivis a disparu alors qu'il transportait une relique sacrée. Cherche le frère Krivis au Village des mineurs de Siauliai.	크리비 마스터는 성물을 운반하던 크리비 형제가 실종되었다고 합니다. 샤울레이 광산 마을에 숨어있는 크리비 형제를 찾아 보세요.				
QUEST_JOBSTEP_20150317_001638	Parler au Frère Krivis	크리비 형제와 대화				
QUEST_JOBSTEP_20150317_001639	Tu as retrouvé le frère Krivis disparu. Parle-lui.	숨어 있는 크리비 형제를 찾았습니다. 크리비 형제와 대화해 보세요.				
QUEST_JOBSTEP_20150317_001640	Vaincre les Vubbe qui convoitent la relique sacrée	성물을 노리는 부베들을 처치하세요				
QUEST_JOBSTEP_20150317_001641	Parler au Maître Épéiste	클라페다에 있는 소드맨 마스터와 대화하세요				
QUEST_JOBSTEP_20150317_001642	Récolter les cœurs des Orques de pierre au 1er étage de la Mine de cristal	수정광산1층에서 스톤오르카의 심장 수집				
QUEST_JOBSTEP_20150317_001643	Le Maître Épéiste t'a demandé de prouver que tu manies bien l'épée. Vaincs les Orques de pierre au 1er étage de la Mine de cristal et récolte leurs cœurs.	소드맨 마스터는 스스로가 검에 어울리는 사람인지 증명하라고 하였습니다. 수정광산 1층에서 스톤오르카를 처치하고 스톤오르카의 심장을 수집해 오세요.				
QUEST_JOBSTEP_20150317_001644	Le remettre au Maître Épéiste	소드맨 마스터에게 전달				
QUEST_JOBSTEP_20150317_001645	Assez de cœurs d'Orque de pierre ont été récoltés. Remets-les au Maître Épéiste.	스톤오르카의 심장을 모두 모았습니다. 소드맨 마스터에게 스톤오르카의 심장을 전해 주세요.				
QUEST_JOBSTEP_20150317_001646	Cœurs d'Orque de pierre obtenus	스톤오르카의 심장 획득				
QUEST_JOBSTEP_20150317_001647	Parler au Maître Mage à Klaipeda.	클라페다의 위저드 마스터와 대화하세요.				
QUEST_JOBSTEP_20150317_001648	Vaincre les Déchiqueté	쉬레디드를 처치				
QUEST_JOBSTEP_20150317_001649	Le Maître Mage a parlé de l'importance d'une volonté forte. Vaincs les Déchiqueté au 1er étage de la Mine de cristal et retourne voir le Maître Mage.	위저드 마스터는 근성의 중요성에 대해 강조하고 있습니다. 수정광산 1층에서 쉬레디드를 처치하고 위저드 마스터에게 돌아가세요.				
QUEST_JOBSTEP_20150317_001650	Assez de Déchiqueté ont été vaincus. Retourne faire ton rapport au Maître Mage.	쉬레디드를 모두 처치하였습니다. 위저드 마스터에게 돌아가 보고하세요.				
QUEST_JOBSTEP_20150317_001651	Anéantir les Déchiqueté	쉬레디드 말살				
QUEST_JOBSTEP_20150317_001652	Parler au Maître Archer à Klaipeda.	클라페다의 아처 마스터와 대화하세요.				
QUEST_JOBSTEP_20150317_001653	Obtenir des ailes de chauve-souris en vainquant des chauves-souris	박쥐를 처치해 박쥐의 날개 획득				
QUEST_JOBSTEP_20150317_001654	Le Maître Archer veut vérifier si tu es digne de recevoir la carte. Obtiens des ailes de chauve-souris au 1er étage de la Mine de cristal	아처 마스터는 자신의 지도를 받을 자격이 되는지 확인하려고 합니다. 수정광산 1층의 박쥐들에게 박쥐 날개을 모아오세요.				
QUEST_JOBSTEP_20150317_001655	Les remettre au Maître Archer	아처 마스터에게 전달				
QUEST_JOBSTEP_20150317_001656	Assez d'ailes de chauve-souris ont été récoltées. Remets-les au Maître Archer.	박쥐 날개를 전부 모았습니다. 아처 마스터에게 박쥐 날개를 전해 주세요.				
QUEST_JOBSTEP_20150317_001657	Obtenir des ailes de chauve-souris	박쥐 날개 획득				
QUEST_JOBSTEP_20150317_001658	Parler au Maître Clerc à Klaipeda.	클라페다의 클레릭 마스터와 대화하세요.				
QUEST_JOBSTEP_20150317_001659	Récupérer les onguents verts auprès des Vubbe au 1er étage de la Mine de cristal	수정광산 1층의 부베에게서 녹색 고약 수집				
QUEST_JOBSTEP_20150317_001660	Le Maître Clerc dit que le service permet de viser plus haut. Vaincs les Vubbe au 1er étage de la Mine de cristal et rassemble de l'onguent vert.	클레릭 마스터는 봉사로써 더욱 높은 경지를 바라볼 수 있다고 합니다. 수정광산 1층의 부베들을 처치하고 녹색 고약을 모아 오세요.				
QUEST_JOBSTEP_20150317_001661	Les remettre au Maître Clerc	클레릭 마스터에게 전달				
QUEST_JOBSTEP_20150317_001662	Assez d'onguent vert a été rassemblé. Apporte-le au Maître Clerc.	녹색 고약을 충분히 모았습니다. 클레릭 마스터에게 전해 주세요.				
QUEST_JOBSTEP_20150317_001663	Récolter %s sur les Vubbe	부베에게서 %s 수집				
QUEST_JOBSTEP_20150317_001664	Onguent vert obtenu	녹색 고약 획득				
QUEST_JOBSTEP_20150317_001665	Le frère Krivis a été retrouvé. Parle-lui et ramène-le en sécurité.	크리비 형제를 찾았습니다. 크리비 형제를 무사히 돌려보내기 위해 크리비 형제와 대화해 보세요.				
QUEST_JOBSTEP_20150317_001666	Remettre la relique sacrée au Maître Krivis	크리비 마스터에게 성물 전달				
QUEST_JOBSTEP_20150317_001667	Le frère Krivis t'a dit de partir devant avec la relique sacrée car il lui restait quelque chose à faire. Remets la relique sacrée au Maître Krivis.	크리비 형제는 남은 일이 있다며 성물을 먼저 가지고 가라고 합니다. 크리비 마스터에게 성물을 전달하세요.				
QUEST_JOBSTEP_20150317_001668	Rencontrer le Maître Épéiste	소드맨 마스터 찾아가기				
QUEST_JOBSTEP_20150317_001669	Rencontrer le Maître Épéiste à Klaipeda	클라페다에 있는 소드맨 마스터를 찾아 가세요.				
QUEST_JOBSTEP_20150317_001670	Utiliser l'orbe de provocation à Voie de pénitence, dans la Grande cathédrale	대성당의 참회로에서 도발용 보주 사용				
QUEST_JOBSTEP_20150317_001671	Le Maître Épéiste a enseigné que le courage de protéger ses alliés est très important. Provoque les monstres avec l'orbe de provocation à Voie de pénitence, dans la Grande cathédrale, et vaincs-les.	소드맨 마스터는 동료를 지켜줄 수 있는 용기를 중요시하고 있습니다. 대성당의 참회로에서 도발용 보주로 몬스터를 도발한 후 처치하세요.				
QUEST_JOBSTEP_20150317_001672	Le quota demandé par le Maître Épéiste est atteint. Retourne faire ton rapport au Maître Épéiste.	소드맨 마스터가 요구한 할당량을 모두 채웠습니다. 소드맨 마스터에게 돌아가 보고하세요.				
QUEST_JOBSTEP_20150317_001673	Trouver le Maître Highlander	하이렌더 마스터 찾아가기				
QUEST_JOBSTEP_20150317_001674	Trouver le Maître Highlander à Klaipeda.	클라페다에 있는 하이랜더 마스터를 찾아 가세요.				
QUEST_JOBSTEP_20150317_001675	Trouver le Maître Peltaste	펠타스타 마스타 찾아가기				
QUEST_JOBSTEP_20150317_001676	Le Maître Highlander t'a dit que si tu aidais le Maître Peltaste, il t'accorderait des leçons. Parle au Maître Peltaste.	하이랜더 마스터는 펠타스타 마스터의 일을 돕는다면 가르침을 주겠다고 합니다. 펠타스타 마스터를 찾아 가세요.				
QUEST_JOBSTEP_20150317_001677	Le Maître Peltaste est pressé. Parle-lui à nouveau.	펠타스타 마스터는 매우 급한 사안이 있는 것 같습니다. 펠타스타 마스터와 다시 대화하세요.				
QUEST_JOBSTEP_20150317_001678	Rencontrer Uska	기사단장 우스카 찾아가기				
QUEST_JOBSTEP_20150317_001679	Le Maître Peltaste t'a dit qu'Uska a reçu une requête, mais que faute de temps il ne peut y répondre. Rencontre Uska au nom du Maître Peltaste.	펠타스타 마스터는 기사단장 우스카에서 지원 요청이 왔지만 도저히 짬이 안나 지원에 요청해 줄 수 없었다고 합니다. 펠타스타 마스터 대신 기사단장 우스카를 찾아가 보세요.				
QUEST_JOBSTEP_20150317_001680	Tu lui as dit que tu aiderais Uska au nom du Maître Highlander et du Maître Peltaste. Parle à Uska à nouveau.	바쁜 하이랜더 마스터와 펠타스타 마스터를 대신하여 기사단장 우스카를 돕겠다고 하였습니다. 기사단장 우스카와 다시 대화해 보세요.				
QUEST_JOBSTEP_20150317_001681	Vaincre l'origine de la rumeur au 2e étage de la Mine de cristal	수정광산 2층의 소문의 원흉 처치				
QUEST_JOBSTEP_20150317_001682	Uska t'a dit que les travaux doivent reprendre à la Mine de cristal, mais qu'il ne peut rien faire à cause du monstre gigantesque au 2e étage. Débarrasse-toi de l'origine de la rumeur au 2e étage de la Mine de cristal.	기사단장 우스카는 수정광산을 빨리 재개해야 하는데 수정광산 2층의 거대한 몬스터때문에 작업을 재개할 수 없다고 합니다. 수정광산 2층으로 가서 소문의 원흉을 제거하세요.				
QUEST_JOBSTEP_20150317_001683	Faire Son Rapport au Commandant Chevalier Uska	기사단장 우스카에게 보고				
QUEST_JOBSTEP_20150317_001684	L'origine de la rumeur était Bearkaras. Fais ton rapport à Uska après avoir vaincu Bearkaras.	소문의 원흉은 베아카라스였습니다. 베아카라스를 처치한 것을 기사단장 우스카에게 보고하세요.				
QUEST_JOBSTEP_20150317_001685	La requête étant accomplie, il est temps de retourner voir le Maître Highlander. Parle à Uska à nouveau.	의뢰를 완료했으니 다시 하이랜더 마스터에게 돌아가 볼 시간입니다. 기사단장 우스카와 대화해 보세요.				
QUEST_JOBSTEP_20150317_001686	Retourner Voir le Maître Highlander	하이랜더 마스터에게 돌아가기				
QUEST_JOBSTEP_20150317_001687	La requête d'Uska est accomplie. Retourne voir le Maître Highlander.	기사단장 우스카의 의뢰를 완료했습니다. 하이랜더 마스터에게 돌아가 보세요.				
QUEST_JOBSTEP_20150317_001688	Trouver le Maître Peltaste	펠타스타 마스터 찾아가기				
QUEST_JOBSTEP_20150317_001689	Rencontrer le Maître Peltaste à Klaipeda	클라페다에 있는 펠타스타 마스터를 찾아가 보세요.				
QUEST_JOBSTEP_20150317_001690	Trouver le Maître Highlander	하이랜더 마스터 찾아가기				
QUEST_JOBSTEP_20150317_001691	Le Maître Peltaste dit que les Highlanders ne tiennent pas leur promesse de fournir des boucliers. Il dit qu'il t'autorisera à apprendre si tu règles ce problème. Commence par te rendre auprès du Maître Highlander.	펠타스타 마스터는 하이랜더가 방패 보급 약속을 지키지 않는다며 이 건을 해결해 주면 펠타스타의 가르침을 받도록 해주겠다고 합니다. 먼저 하이랜더 마스터에게 찾아가 보세요.				
QUEST_JOBSTEP_20150317_001692	Parler au Maître Highlander	하이랜더 마스터 대화				
QUEST_JOBSTEP_20150317_001693	Le Maître Highlander semble navré, mais tu ne peux pas renoncer. Parle-lui à nouveau.	하이랜더 마스터는 무척 미안해하는 눈치인듯 합니다만, 물러설 수 없습니다. 하이랜더 마스터와 다시 대화해 보세요.				
QUEST_JOBSTEP_20150317_001694	Rencontrer le Maître Empenneur	플레쳐 마스터 찾아가기				
QUEST_JOBSTEP_20150317_001695	Il semble que quelque chose soit arrivé au Maître Empenneur à qui le Maître Highlander avait passé commande. Rencontre le Maître Empenneur à Vallon de l'arbre restant.	하이랜더 마스터가 거래를 의뢰한 플레쳐 마스터에게 무슨 일이 생긴 것 같습니다. 머무르는 나뭇골에 있는 플레쳐 마스터를 찾아가 보세요.				
QUEST_JOBSTEP_20150317_001696	Parler au Maître Empenneur	플레쳐 마스터와 대화				
QUEST_JOBSTEP_20150317_001697	Le Maître Empenneur t'a dit de repartir, mais tu ne peux pas. Parle-lui à nouveau.	플레쳐 마스터는 돌아가라고 했지만, 물러설 수 없습니다. 플레쳐 마스터와 다시 대화해 보세요.				
QUEST_JOBSTEP_20150317_001698	Vaincre les Moa à Ruisseau de Cristal	수정개울에서 모아 처치				
QUEST_JOBSTEP_20150317_001699	Le Maître Empenneur t'a dit que si tu vainquais les Moa, il ferait avancer ta requête. Vaincs les Moa qui attaquent les marchands voyageant entre Ruisseau de cristal et Fedimian.	플레쳐 마스터는 재료를 부순 모아를 처치해 준다면 순서를 앞당겨 준다고 합니다. 수정개울에서 페디미안을 왕래하는 상인들을 습격하는 모아를 처치하세요.				
QUEST_JOBSTEP_20150317_001700	Faire Son Rapport au Maître Empenneur	플레쳐 마스터에게 보고				
QUEST_JOBSTEP_20150317_001701	Les Moa qui attaquaient les marchands ont été vaincus. Retourne faire ton rapport au Maître Empenneur.	상인들을 공격하는 모아를 처치하는데 성공했습니다. 플레쳐 마스터에게 돌아가 보고하세요.				
QUEST_JOBSTEP_20150317_001702	Les Moa étant vaincus, tu penses pouvoir obtenir une promesse ferme de livraison. Parle au Maître Empenneur à nouveau.	모아도 처치했으니 물자 보급에 대한 확실한 약속을 받아낼 수 있을 것 같습니다. 플레쳐 마스터와 다시 대화해 보세요.				
QUEST_JOBSTEP_20150317_001703	Faire Son Rapport au Maître Peltaste	펠타스타 마스터에게 보고				
QUEST_JOBSTEP_20150317_001704	Tu as obtenu du Maître Empenneur une promesse ferme de livraison. Retourne faire ton rapport au Maître Peltaste.	플레쳐 마스터에게서 물자 보급에 대한 확실한 약속을 받았습니다. 펠타스타 마스터에게 돌아가 보고하세요.				
QUEST_JOBSTEP_20150317_001705	Rencontrer le Maître Corsaire	커세어 마스터 찾아가기				
QUEST_JOBSTEP_20150317_001706	Rencontrer le Maître Corsaire à Voie du Démon Affamé	큰아귀 길에 있는 커세어 마스터를 찾아가세요.				
QUEST_JOBSTEP_20150317_001707	Récupérer les objets du Maître Corsaire	커세어 마스터의 물건 되찾기				
QUEST_JOBSTEP_20150317_001708	Récupère les objets volés au Maître Corsaire dans la zone de la Grande cathédrale.{nl}Le Permis de quai s'obtient en vainquant les Moya, la Carte du navigateur en vainquant les Stoulet, et le Contrat en vainquant Moyabu.	대성당 지역에서 커세어 마스터의 도둑맞은 물건들을 찾아와주세요.{nl}모야에게 입항허가서, 스타울리트에게 항해도, 모야부에게 계약서를 찾을 수 있습니다.				
QUEST_JOBSTEP_20150317_001709	Les remettre au Maître Corsaire	커세어 마스터에게 전달				
QUEST_JOBSTEP_20150317_001710	Tous les objets du Maître Corsaire ont été retrouvés. Retourne lui faire ton rapport.	커세어 마스터의 물건을 모두 찾았습니다. 커세어 마스터에게 돌아가 보고하세요.				
QUEST_JOBSTEP_20150317_001711	Retrouver l'autorisation d'entrée au port	입항허가서 찾기				
QUEST_JOBSTEP_20150317_001712	Retrouver la Carte de Navigation	항해도 찾기				
QUEST_JOBSTEP_20150317_001713	Retrouver le Contrat	계약서 찾기				
QUEST_JOBSTEP_20150317_001714	Trouver le Maître Rodelero	로델레로 마스터 찾기				
QUEST_JOBSTEP_20150317_001715	Rencontrer le Maître Rodelero à Fedimian	페디미안에 있는 로델레로 마스터를 찾아 가세요.				
QUEST_JOBSTEP_20150317_001716	Affronter le Maître Rodelero en duel	로델레로 마스터와 대련				
QUEST_JOBSTEP_20150317_001717	Le Maître Rodelero va te montrer comment combattre avec une épée et un bouclier. Remporte un duel contre le Maître Rodelero.	로델레로는 검과 방패로 어떻게 싸워야 하는지 보여 주겠다고 합니다. 로델레로 마스터와의 대련에서 승리를 거두세요.				
QUEST_JOBSTEP_20150317_001718	Tu as vaincu le Maître Rodelero. Parle-lui à nouveau.	로델레로 마스터와의 대련에서 승리하였습니다. 로델레로 마스터와 다시 대화세요.				
QUEST_JOBSTEP_20150317_001719	Vaincre le Maître Rodelero	로델레로 마스터 제압				
QUEST_JOBSTEP_20150317_001720	Trouver le Maître Archer	아처 마스터 찾아가기				
QUEST_JOBSTEP_20150317_001721	Parler au Maître Archer à Klaipeda.	클라페다에 있는 아처 마스터와 대화하세요.				
QUEST_JOBSTEP_20150317_001722	Rencontrer le Maître Empenneur à Vallon de l'Arbre Restant	머무르는 나뭇골의 플레쳐 마스터 찾아가기				
QUEST_JOBSTEP_20150317_001723	Le Maître Archer t'a dit que si tu accomplissais sa requête, il t'enseignerait son art. {nl}Rencontre le Maître Empenneur à Vallon de l'arbre restant et vérifie s'il y a un problème.	아처 마스터는 부탁을 들어주면 가르침을 주겠다고 합니다. 아처의 부탁 대로 머무르는 나뭇골에 있는 플레쳐 마스터를 찾아가 무슨 문제가 있는지 확인하고 오세요.				
QUEST_JOBSTEP_20150317_001724	Le Maître Empenneur est sain et sauf, mais les matériaux sont en retard faute d'approvisionnement. Parle-lui des matériaux.	플레쳐 마스터의 신변은 아무런 이상이 없는 것 같지만 재료 수급때문에 물건이 늦어지는 것 같습니다. 재료에 대해 플레쳐 마스터와 대화해 보세요.				
QUEST_JOBSTEP_20150317_001725	Rassembler des Pierres de Charbon de Bois à Voie de Pénitence	대성당의 참회로에서 질 좋은 숫돌 모아오기				
QUEST_JOBSTEP_20150317_001726	Le Maître Empenneur te demande de rassembler des Pierres de charbon de bois de bonne qualité. Va les chercher à Voie de pénitence. {nl}	플레쳐 마스터는 질 좋은 숫돌을 잔뜩 구해 오라고 합니다. 대성당의 참회로에서 질 좋은 숫돌을 모아오세요.{nl}				
QUEST_JOBSTEP_20150317_001727	Les remettre au Maître Empenneur	플레쳐 마스터에게 전달				
QUEST_JOBSTEP_20150317_001728	Grâce aux Golem, tu as rassemblé une belle quantité de Pierre de charbon de bois de bonne qualité. Remets-les au Maître Empenneur.	골렘 덕분에 질 좋은 숫돌을 잔뜩 구할 수 있었습니다. 플레쳐 마스터에게 질 좋은 숫돌을 전해 주세요.				
QUEST_JOBSTEP_20150317_001729	Les matériaux demandés par le Maître Empenneur sont prêts. Parle au Maître Archer.	아쳐 마스터가 부탁한 물건의 준비가 다 된 것 같습니다. 플레쳐 마스터와 대화해 보세요.				
QUEST_JOBSTEP_20150317_001730	Le Maître Empenneur te demande d'emporter la copie et de retourner voir le Maître Archer. Retourne auprès du Maître Archer et montre-lui la copie.	플레쳐 마스터는 이 견본을 가지고 아쳐 마스터에게 돌아가 보라고 합니다. 아쳐 마스터에게 돌아가 견본을 전해 주세요.				
QUEST_JOBSTEP_20150317_001731	Se Rendre Auprès du Maître Rôdeur	레인저 마스터 찾아가기				
QUEST_JOBSTEP_20150317_001732	Rencontrer le Maître Rôdeur à Klaipeda	클라페다에 있는 레인저 마스터에게 찾아 가세요.				
QUEST_JOBSTEP_20150317_001733	Extraire les fluides des Moya à la Grande cathédrale	대성당 모야 체액 샘플 수집				
QUEST_JOBSTEP_20150317_001734	Le Maître Rôdeur dit qu'il t'enseignera son art si tu l'aides. Récolte des échantillons de fluide sur les Moya cachés dans la cathédrale.	레인저 마스터는 자신의 일을 도와 주면 가르침을 주겠다고 합니다. 대성당에 숨어있는 모야에게 체액 샘플을 수집해 주세요.				
QUEST_JOBSTEP_20150317_001735	Le livrer au Maître Rôdeur	레인저 마스터에게 전달				
QUEST_JOBSTEP_20150317_001736	Récolte des échantillons de fluide de Moya. Remets-les au Maître Rôdeur.	모야의 체액 샘플의 수집을 완료했습니다. 레인저 마스터에게 전해 주세요.				
QUEST_JOBSTEP_20150317_001737	Fluide de Monstre	몬스터의 체액				
QUEST_JOBSTEP_20150317_001738	Trouver le Maître Sapeur	새퍼 마스터 찾아가기				
QUEST_JOBSTEP_20150317_001739	Trouver le Maître Sapeur aux Bois de Siauliai Est	샤울레이 동쪽 숲에 있는 새퍼 마스터를 찾아 가세요.				
QUEST_JOBSTEP_20150317_001740	Vaincre Biteregina à la Forêt de l'Étendard du Couchant	해진깃발숲의 비테레지나 처치				
QUEST_JOBSTEP_20150317_001741	Le Maître Sapeur t'a demandé de vaincre Biteregina, qui menace les gens à la Forêt de l'étendard du couchant.	새퍼 마스터는 해진깃발숲에서 사람들을 위협하는 비테레지나를 처치해 달라고 합니다.				
QUEST_JOBSTEP_20150317_001742	Biteregina a été vaincue. Retourne faire ton rapport au Maître Sapeur.	비테레지나를 처치했습니다. 새퍼 마스터에게 보고하세요.				
QUEST_JOBSTEP_20150317_001743	Rencontrer le Maître Empenneur à Vallon de l'Arbre Restant	머무르는 나뭇골에 있는 플레쳐 마스터를 찾아 가세요.				
QUEST_JOBSTEP_20150317_001744	Bois Sifflant Récolté	소리나는 나무 수집				
QUEST_JOBSTEP_20150317_001745	Le Maître Empenneur semble très occupé, mais si tu l'aidais, tu pourrais peut-être apprendre de lui. À Carrefour du faux-semblant, cherche auprès des monstres les arbres d'apparence miteuse et rapporte ceux qui produisent un son clair.	플레쳐 마스터는 매우 바빠 보이지만 그의 일을 도와 준다면 그에게서 가르침을 받을 수 있을 것 같습니다. 가식의 교각로에 있는 몬스터에게서 꼬질꼬질한 나무를 구한 다음 맑은 소리가 나는 나무만 판별하여 가져가세요.				
QUEST_JOBSTEP_20150317_001746	Assez de Bois sifflant a été récolté. Remets-le au Maître Empenneur.	소리나는 나무를 모두 구했습니다. 플레쳐 마스터에게 돌아가 전해 주세요.				
QUEST_JOBSTEP_20150317_001747	Se Rendre Auprès du Maître Chasseur	헌터 마스터 찾아가기				
QUEST_JOBSTEP_20150317_001748	Se Rendre Auprès du Maître Chasseur aux Bois de Siauliai Est	샤울레이 동쪽 숲에 있는 헌터 마스터를 찾아가 보세요.				
QUEST_JOBSTEP_20150317_001749	Chasser 3 espèces de monstres	몬스터 3종 사냥				
QUEST_JOBSTEP_20150317_001750	Le Maître Chasseur t'a confié la mission de chasser des monstres dispersés dans diverses régions. Utilise des appâts pour chasser les Kepa à Voie du démon affamé, les Kodomor à Escaliers épars, et les Kowak à la Forêt de la faille aux arbres violets.	헌터 마스터는 여러 지역에 흩어져있는 몬스터 사냥에 대한 과제를 내 주었습니다. 미끼를 사용하여 큰아귀 길에서 케파리, 흩어진 계단에서 코도모르, 적갈나무 단층숲에서 코왁을 사냥하세요.				
QUEST_JOBSTEP_20150317_001751	Faire Son Rapport au Maître Chasseur	헌터 마스터에게 보고				
QUEST_JOBSTEP_20150317_001752	Les monstres ont été chassés. Fais ton rapport au Maître Chasseur.	모든 몬스터의 사냥에 성공했습니다. 헌터 마스터에게 돌아가 보고하세요.				
QUEST_JOBSTEP_20150317_001753	Kepa à Voie du Démon Affamé	큰아귀 길의 케파리				
QUEST_JOBSTEP_20150317_001754	Kodomor à Escaliers Épars	흩어진 계단의 코도모르				
QUEST_JOBSTEP_20150317_001755	Kowak à la Forêt de la Faille aux Arbres Violets	적갈나무 단층숲의 코왁				
QUEST_JOBSTEP_20150317_001756	Se Rendre Auprès du Maître Wugushi	무고사 마스터를 찾아가기				
QUEST_JOBSTEP_20150317_001757	Rencontrer le Maître Wugushi à Fedimian	페디미안에 있는 무고사 마스터를 찾아 가세요.				
QUEST_JOBSTEP_20150317_001758	Récolter le poison composite	합성독 수집				
QUEST_JOBSTEP_20150317_001759	Le Maître Wugushi t'a confié la mission de récolter du poison. Récolte le poison des Stoulet dans la Grande cathédrale à l'aide d'un tube temporaire.	무고사는 독을 모으는 것을 과제로 주었습니다. 대성당의 스타울리트들에게 간이 대롱을 사용하여 합성독을 모아 오세요.				
QUEST_JOBSTEP_20150317_001760	Le livrer au Maître Wugushi	무고사 마스터에게 전달				
QUEST_JOBSTEP_20150317_001761	Assez de poison composite a été rassemblé. Remets-le au Maître Wugushi,	합성독을 필요한 양 만큼 모았습니다. 무고사 마스터에게 전해 주세요.				
QUEST_JOBSTEP_20150317_001762	Obtenir du Poison Composite	합성독 습득				
QUEST_JOBSTEP_20150317_001763	Se Rendre Auprès du Maître Éclaireur	스카우트 마스터 찾아가기				
QUEST_JOBSTEP_20150317_001764	Rencontrer le Maître Éclaireur à Fedimian	페디미안에 있는 스카우트 마스터를 찾아 가 보세요.				
QUEST_JOBSTEP_20150317_001765	Utiliser des fusées éclairantes pour détecter les monstres et les vaincre	섬광탄으로 몬스터를 탐지하여 처치				
QUEST_JOBSTEP_20150317_001766	Utilise des fusées éclairantes pour détecter les monstres cachés à la Forêt de la faille aux arbres violets et vaincs-les.	적갈나무 숲에 숨어있는 몬스터들을 섬광탄을 사용하여 찾아낸 뒤 처치하세요.				
QUEST_JOBSTEP_20150317_001767	Faire Son Rapport au Maître Éclaireur	스카우터 마스터에게 보고				
QUEST_JOBSTEP_20150317_001768	Tous les monstres cachés ont été trouvés. Retourne faire ton rapport au Maître Éclaireur.	숨어있는 몬스터를 전부 찾아냈습니다. 스카우트 마스터에게 돌아가 보고하세요.				
QUEST_JOBSTEP_20150317_001769	Vaincre les monstres	탐지당한 몬스터 처치				
QUEST_JOBSTEP_20150317_001770	Se Rendre Auprès du Maître Tireur de Carreaux	쿼렐슈터 마스터 찾아가기				
QUEST_JOBSTEP_20150317_001771	Prendre l'empreinte de la pierre tombale de Lydia Schaffen	리디아 샤펜의 비석 탁본 구해오기				
QUEST_JOBSTEP_20150317_001772	Le Maître Tireur de carreaux veut l'empreinte de la pierre tombale de Lydia Schaffen comme épreuve. Va la prendre au Ancien jardin de la Déesse.	쿼렐슈터 마스터는 간단한 시험 과제로 리디아 샤펜의 탁본을 원하고 있습니다. 여신의 옛뜰에 위치한 리디아 샤펜의 비석에서 탁본을 떠 오세요.				
QUEST_JOBSTEP_20150317_001773	Livrer au Maître Tireur de Carreaux	쿼렐슈터 마스터에게 전달				
QUEST_JOBSTEP_20150317_001774	L'empreinte a été prise. Remets-la au Maître Tireur de carreaux	탁본을 구하는데 성공했습니다. 쿼렐슈터 마스터에게 돌아가 전해 주세요.				
QUEST_JOBSTEP_20150317_001775	Se Rendre Auprès du Maître Roublard	로그 마스터 찾아가기				
QUEST_JOBSTEP_20150317_001776	Se Rendre Auprès du Maître Roublard à Fedimian	페디미안에 있는 로그 마스터를 찾아 가세요.				
QUEST_JOBSTEP_20150317_001777	Utiliser des bombes fumigènes pour venir à bout de 5 monstres	연막탄을 사용하여 몬스터 5마리 따돌리기				
QUEST_JOBSTEP_20150317_001778	Le Maître Roublard t'a dit qu'avant de t'enseigner ses techniques, il doit te soumettre à une épreuve. Utilise des bombes fumigènes sur les monstres qui ont envahi le terrain d'entraînement aménagé dans le Grand couloir de la Grande cathédrale pour les désorienter et les vaincre.	로그 마스터는 자신의 기술을 가르쳐 주기 전에 시험이 필요하다고 합니다. 대성당의 대회로에 준비된 연습장에서 몰려드는 몬스터들에게 연막탄을 사용하여 혼란에 빠뜨린 뒤, 처치하세요.				
QUEST_JOBSTEP_20150317_001779	Faire Son Rapport au Maître Roublard	로그 마스터에게 보고				
QUEST_JOBSTEP_20150317_001780	Toutes les épreuves du Maître Roublard ont été réussies. Retourne faire ton rapport au Maître Roublard.	로그 마스터가 준비한 시험을 모두 통과한 것 같습니다. 로그 마스터에게 돌아가 보고하세요.				
QUEST_JOBSTEP_20150317_001781	Se Rendre Auprès du Maître Hoplite	하플라이트 마스터 찾아가기				
QUEST_JOBSTEP_20150317_001782	Trouver le Maître Hoplite aux Bois de Siauliai Ouest	샤울레이 서쪽 숲의 하플라이트 마스터를 찾아 가세요.				
QUEST_JOBSTEP_20150317_001783	Vaincre Shadowgaler dans la salle principale de la Grande cathédrale	대성당 본당의 섀도게일러 처치				
QUEST_JOBSTEP_20150317_001784	Avant de t'enseigner son art, le Maître Hoplite veut que tu vainques Shadowgaler avant le Maître Hackapell. Comme elle le souhaite, vaincs Shadowgaler dans la salle principale de la Grande cathédrale et reviens.	하플라이트 마스터는 가르침을 받기에 앞서 하카펠 마스터가 처치하기로 약속한 섀도게일러를 한 발 먼저 처치하여 골탕을 먹일 것을 바라고 있습니다. 그녀의 바램대로 대성당 본당의 섀도게일러를 처치하고 와 주세요.				
QUEST_JOBSTEP_20150317_001785	Faire Son Rapport au Maître Hoplite	하플라이트 마스터에게 보고				
QUEST_JOBSTEP_20150317_001786	Shadowgaler a été vaincu. Retourne faire ton rapport au Maître Hoplite.	섀도게일러를 처치하는데 성공했습니다. 하플라이트 마스터에게 돌아가 보고하세요.				
QUEST_JOBSTEP_20150317_001787	Vaincre Shadowgaler	섀도게일러 처치				
QUEST_JOBSTEP_20150317_001788	Rencontrer le Maître Barbare	바바리안 마스터 찾아가기				
QUEST_JOBSTEP_20150317_001789	Parler au Maître Barbare aux Bois de Siauliai Est	샤울레이 동쪽 숲의 바바리안과 대화해 보세요.				
QUEST_JOBSTEP_20150317_001790	Vaincre les Yekub dans la salle principale de la Grande cathédrale	대성당 본당의 예쿱 처치				
QUEST_JOBSTEP_20150317_001791	Le Maître Barbare veut que tu vainques les Yekub avant ceux qui les traquent aussi. Vaincs les Yekub dans la salle principale de la Grande cathédrale.	바바리안 마스터는 예쿱을 노리는 다른 사람들보다 먼저 가서 예쿱을 처치하길 바라고 있습니다. 대성당 본당에 있는 예쿱을 처치하세요.				
QUEST_JOBSTEP_20150317_001792	Faire Son Rapport au Maître Barbare	바바리안 마스터에게 보고				
QUEST_JOBSTEP_20150317_001793	Les Yekub ont été vaincus. Retourne faire ton rapport au Maître Barbare.	예쿱을 처치하는데 성공했습니다. 바바리안 마스터에게 돌아가 보고하세요.				
QUEST_JOBSTEP_20150317_001794	Vaincre Yekub	예쿱 처치				
QUEST_JOBSTEP_20150317_001795	Rencontrer le Maître Écuyer	스콰이어 마스터 찾아가기				
QUEST_JOBSTEP_20150317_001796	Parler au Maître Écuyer à Fedimian	페디미안에 있는 스콰이어 마스터와 대화해 보세요.				
QUEST_JOBSTEP_20150317_001797	Utiliser la corde d'entrave	포박 포승줄 사용하기				
QUEST_JOBSTEP_20150317_001798	Le Maître Écuyer t'a demandé de t'exercer autant que possible à la corde d'arrestation afin de la maîtriser sans peine. Entraîne-toi sur les monstres du Sanctuaire de la Grande cathédrale.	스콰이어 마스터는 포박 포승줄을 손에 익을때까지 연습하라고 합니다. 대성당의 지성소에 있는 몬스터를 상대로 포박 포승줄을 연습해 보세요.				
QUEST_JOBSTEP_20150317_001799	Retourner Voir le Maître Écuyer	스콰이어 마스터에게 돌아가기				
QUEST_JOBSTEP_20150317_001800	Tu maîtrises désormais la corde d'entrave. Fais ton rapport au Maître Éclaireur.	포박 포승줄이 완전히 손에 익은 것 같습니다. 스콰이어 마스터에게 돌아가 보고하세요.				
QUEST_JOBSTEP_20150317_001801	Rencontrer le Maître Centurion	센츄리온 마스터 찾아가기				
QUEST_JOBSTEP_20150317_001802	Rencontrer le Maître Centurion à Voie du Démon Affamé	큰아귀 길에 있는 센츄리온 마스터를 찾아 가세요.				
QUEST_JOBSTEP_20150317_001803	Vaincre Colimencia à la Forêt de Roches Stratifiées	점층바위 숲의 콜리멘시아 처치				
QUEST_JOBSTEP_20150317_001804	Le Maître Centurion t'a dit qu'il faut être suffisamment compétent pour commander aux autres. Vaincs Colimencia à la Forêt de roches stratifiées pour prouver ton habileté.	센츄리온 마스터는 다른 사람을 지휘할 정도의 실력이 필요하다고 합니다. 점층바위 숲의 콜리멘시아를 처치하여 실력을 증명하세요.				
QUEST_JOBSTEP_20150317_001805	Retourner Voir le Maître Centurion	센츄리온 마스터에게 돌아가기				
QUEST_JOBSTEP_20150317_001806	Colimencia a été vaincue. Retourne faire ton rapport au Maître Centurion.	콜리멘시아를 처치하는데 성공했습니다. 센츄리온 마스터에게 보고하세요.				
QUEST_JOBSTEP_20150317_001807	Vaincre Colimencia	콜리멘시아 처치				
QUEST_JOBSTEP_20150317_001808	L'Appel du Maître Archer	아처 마스터의 부름				
QUEST_JOBSTEP_20150317_001809	L'Appel du Maître Archer	클라페다에 있는 아처 마스터가 당신을 찾고 있습니다				
QUEST_JOBSTEP_20150317_001810	Le Maître Archer de Klaipeda te cherche	루클리스 거리의 스파나스혼 처치				
QUEST_JOBSTEP_20150317_001811	Vaincre Sparnashorn à Rue de Ruklys	아처 마스터는 기량을 잴 수 있는 것이 필요하다고 합니다. 루클리스 거리에서 스파나스혼을 처치하고 아처 마스터에게 돌아가세요				
QUEST_JOBSTEP_20150317_001812	Sparnashorn a été vaincu. Retourne faire ton rapport au Maître Archer.	스파나스혼을 처치하는데 성공하였습니다. 아처 마스터에게 돌아가 보고하세요.				
QUEST_JOBSTEP_20150317_001813	Vaincre Sparnashorn	스파나스혼 처치				
QUEST_JOBSTEP_20150317_001814	L'Appel du Maître Rôdeur	레인저 마스터의 부름				
QUEST_JOBSTEP_20150317_001815	Le Maître Rôdeur de Klaipeda te cherche	클라페다의 레인저 마스터가 당신을 찾고 있습니다				
QUEST_JOBSTEP_20150317_001816	Vaincre Reaverpede au Marché Solitaire	스산한 장터의 리버피드 처치				
QUEST_JOBSTEP_20150317_001817	Le Maître Rôdeur t'a dit qu'il nourrit des regrets sur son travail et veut se rendre utile comme les autres maîtres. Vaincs Reaverpede au Marché solitaire.	레인저 마스터는 자신의 일에 회의감이 든다면서 다른 마스터들처럼 도움이 되는 일을 해 보고 싶다고 합니다. 스산한 장터에서 리버피드를 처치하세요.				
QUEST_JOBSTEP_20150317_001818	Reaverpede a été vaincu. Retourne faire ton rapport au Maître Rôdeur.	리버피드를 처치하는데 성공했습니다. 레인저 마스터에게 보고하세요.				
QUEST_JOBSTEP_20150317_001819	Vaincre Reaverpede	리버피드 처치				
QUEST_JOBSTEP_20150317_001820	L'Appel du Maître Tireur de Carreaux	쿼렐슈터 마스터의 부름				
QUEST_JOBSTEP_20150317_001821	Le Maître Tireur de carreaux de Klaipeda te cherche	클라페다에 있는 쿼렐슈터 마스터가 당신을 찾고 있습니다				
QUEST_JOBSTEP_20150317_001822	Vaincre le Templeshooter du Centre-ville	중심시가의 템플슈터 처치				
QUEST_JOBSTEP_20150317_001823	Le Maître Tireur de carreaux dit que ses disciples bâclent leur travail et le couvrent de honte. Rends-toi au centre-ville à la place des disciples et vaincs le Templeshooter.	쿼렐슈터 마스터는 자신의 제자들이 일을 그르치는 바람에 체면이 구겨졌다고 합니다. 쿼렐슈터 마스터의 제자 대신 중심시가에서 템플슈터를 처치하세요.				
QUEST_JOBSTEP_20150317_001824	Faire Son Rapport au Maître Tireur de Carreaux	쿼렐슈터 마스터에게 보고				
QUEST_JOBSTEP_20150317_001825	Le Templeshooter a été vaincu. Retourne faire ton rapport au Maître Tireur de carreaux.	템플슈터를 처치하는데 성공했습니다. 쿼렐슈터 마스터에게 돌아가 보고하세요.				
QUEST_JOBSTEP_20150317_001826	Vaincre Templeshooter	템플슈터 사살				
QUEST_JOBSTEP_20150317_001827	L'Appel du Maître Sapeur	새퍼 마스터의 부름				
QUEST_JOBSTEP_20150317_001828	Le Maître Sapeur des Bois de Siauliai est te cherche.	샤울레이 동쪽 숲에 있는 새퍼 마스터가 당신을 찾고 있습니다				
QUEST_JOBSTEP_20150317_001829	Récupérer des Pierres de mano naturelle sur les Rocktortuga de Rue de Ruklys.	루클리스 거리의 락토르투가에게서 천연 마노석 획득				
QUEST_JOBSTEP_20150317_001830	Le Maître Sapeur veut des Pierres de mano naturelle pour un nouveau piège. Vaincs les Rocktortuga de Rue de Ruklys et récupère les Pierres de mano naturelle.	새퍼 마스터는 새로운 함정에 필요한 천연 마노석을 갖고싶어 합니다. 루클리스 거리의 락토르투가를 처치하고 천연 마노석을 획득하여 새퍼 마스터에게 돌아가세요.				
QUEST_JOBSTEP_20150317_001831	Les Pierres de mano naturelle ont été obtenues. Parle au Maître Sapeur.	천연 마노석을 획득하였습니다. 새퍼 마스터와 대화하세요.				
QUEST_JOBSTEP_20150317_001832	Pierre de Mano Naturelle Obtenues	천연 마노석 획득				
QUEST_JOBSTEP_20150317_001833	L'Appel du Maître Chasseur	헌터 마스터의 부름				
QUEST_JOBSTEP_20150317_001834	Le Maître Chasseur des Bois de Siauliai est te cherche	샤울레이 동쪽 숲에서 헌터 마스터가 당신을 찾고 있습니다				
QUEST_JOBSTEP_20150317_001835	Vaincre le Minotaure enragé au Marché solitaire	스산한 장터에서 흥분한 미노타우르스 처치				
QUEST_JOBSTEP_20150317_001836	Le Maître Chasseur t'a dit qu'un Minotaure est apparu et que tu devrais pouvoir le vaincre si tu es un Chasseur. Vaincs le Minotaure au Marché solitaire et rapporte son énorme croc comme preuve.	헌터 마스터는 미노타우르스가 나타났다면서 헌터라면 그 몬스터를 처치할 능력은 있어야 한다고 합니다. 스산한 장터에서 미노타우로스를 처치하고 그 증거로 거대한 송곳니를 가져 오세요.				
QUEST_JOBSTEP_20150317_001837	Le remettre au Maître Chasseur	헌터 마스터에게 전달				
QUEST_JOBSTEP_20150317_001838	Le Minotaur a été vaincu et un croc gigantesque obtenu. Remets-le au Maître Chasseur.	흥분한 미노타우르스를 처치하고 그 증거물로 거대한 송곳니를 얻었습니다. 헌터 마스터에게 전해 주세요.				
QUEST_JOBSTEP_20150317_001839	Obtenir le croc gigantesque	거대한 송곳니 획득				
QUEST_JOBSTEP_20150317_001840	L'Appel du Maître Wugushi	무고사 마스터의 부름				
QUEST_JOBSTEP_20150317_001841	Le Maître Wugushi de Fedimian te cherche	페디미안의 무고사 마스터가 당신을 찾고 있습니다				
QUEST_JOBSTEP_20150317_001842	Vaincre Rajatoad dans le quartier central	중심시가의 라자토드 처치				
QUEST_JOBSTEP_20150317_001843	Le Maître Wugushi t'a parlé de l'importance de l'immunité au poison. Vaincs Rajatoad dans le quartier central et retourne voir le Maître Wugushi.	무고사 마스터는 독의 면역에 대한 중요성에 대해 말하고 있습니다. 중심시가에서 라자토드를 처치하고 무고사 마스터에게 돌아가세요				
QUEST_JOBSTEP_20150317_001844	Retourner faire son rapport au Maître Wugushi	무고사 마스터에게 보고				
QUEST_JOBSTEP_20150317_001845	Rajatoad a été vaincu. Retourne faire ton rapport au Maître Wugushi.	라자토드를 퇴치하는데 성공했습니다. 무고사 마스터에게 돌아가 보고하세요.				
QUEST_JOBSTEP_20150317_001846	L'Appel du Maître Éclaireur	스카우트 마스터의 부름				
QUEST_JOBSTEP_20150317_001847	Le Maître Éclaireur de Fedimian te cherche.	페디미안의 스카우트 마스터가 당신을 찾고 있습니다				
QUEST_JOBSTEP_20150317_001848	Vaincre Deadborn à Rue de Ruklys	루클리스 거리의 데드본 처치				
QUEST_JOBSTEP_20150317_001849	Le Maître Éclaireur t'a dit que pour recevoir son savoir, il faut être suffisamment compétent. Vaincs Deadborn à Rue de Ruklys et retourne faire ton rapport au Maître Éclaireur.	스카우트 마스터는 가르침을 받으려면 어느 정도 실력은 되어야 한다고 합니다. 루클리스 거리에서 데드본을 처치하고 스카우트 마스터에게 돌아가세요.				
QUEST_JOBSTEP_20150317_001850	Faire Son Rapport au Maître Éclaireur	스카우트 마스터에게 보고				
QUEST_JOBSTEP_20150317_001851	Deadborn a été vaincu. Parle au Maître Éclaireur.	데드본을 처치하는데 성공하였습니다. 스카우트 마스터와 대화하세요.				
QUEST_JOBSTEP_20150317_001852	L'Appel du Maître Roublard	로그 마스터의 부름				
QUEST_JOBSTEP_20150317_001853	Se Rendre Auprès du Maître Roublard à Fedimian	페디미안의 로그 마스터를 찾아 가세요.				
QUEST_JOBSTEP_20150317_001854	Affronter le Maître Roublard en Duel	로그 마스터와 대련				
QUEST_JOBSTEP_20150317_001855	Le Maître Roublard t'a demandé de faire tes preuves en duel. Remporte le duel contre le Maître Roublard sur le terrain vague en haut des escaliers.	로그 마스터는 대련으로 실력을 보이라고 합니다. 계단 위 공터에서 로그 마스터와의 대련에서 승리하세요.				
QUEST_JOBSTEP_20150317_001856	Parler au Maître Roublard	로그 마스터와 대화				
QUEST_JOBSTEP_20150317_001857	Le duel contre le Maître Roublard a été remporté. Parle-lui à nouveau.	로그 마스터와의 대련에서 승리하였습니다. 로그 마스터와 다시 대화하세요				
QUEST_JOBSTEP_20150317_001858	Dominer le Maître Roublard	로그 마스터 제압				
QUEST_JOBSTEP_20150317_001859	L'Appel du Maître Empenneur	플레쳐 마스터의 부름				
QUEST_JOBSTEP_20150317_001860	Le Maître Empenneur de Vallon de l'arbre restant te cherche.	머무르는 나뭇골의 플레쳐 마스터가 당신을 찾고 있습니다				
QUEST_JOBSTEP_20150317_001861	Récolter les pierres bien inflammables	잘 타는 돌멩이 수집				
QUEST_JOBSTEP_20150317_001862	Le Maître Empenneur t'a dit qu'il t'accepterait comme disciple si tu lui rapportais des pierres inflammables. Vaincs les Yonazolem du quartier central et récolte des pierres bien inflammables.	플레쳐 마스터는 잘 타는 돌멩이를 구해다 준다면 제자로 받아들여 주겠지만 왠지 빈말을 하고 있는 듯한 느낌입니다. 중심시가에서 요나졸렘을 처치하고 잘 타는 돌멩이를 수집하세요.				
QUEST_JOBSTEP_20150317_001863	Les pierres inflammables ont été obtenues. Remets-les au Maître Empenneur.	잘 타는 돌멩이를 구했습니다. 플레쳐 마스터에게 전해 주세요.				
QUEST_JOBSTEP_20150317_001864	Récolter des pierres inflammables	잘 타는 돌맹이 수집	QUEST_JOBSTEP_20150317_001861	Récolter les pierres bien inflammables	잘 타는 돌멩이 수집	
QUEST_JOBSTEP_20150317_001865	Recrutement de prétendants. [Schwarzer Reiter]	도전자 모집[슈바르츠라이터 전진]				
QUEST_JOBSTEP_20150317_001866	L'Appel du Maître Schwarzer Reiter	슈바르츠라이터 마스터의 부름				
QUEST_JOBSTEP_20150317_001867	Le Maître Schwarzer Reiter te cherche aux Bois des ponts reliés	덧댄다리 숲에 있는 슈바르츠라이터 마스터가 당신을 찾고 있습니다				
QUEST_JOBSTEP_20150317_001868	Affronter le Maître Schwarzer Reiter en duel	슈바르츠라이터 마스터와 대련				
QUEST_JOBSTEP_20150317_001869	Le Maître Schwarzer Reiter t'a dit que les armes à feu et les épées comptent, mais qu'il faut aussi porter la haine en soi. Affronte le Maître Schwarzer Reiter en duel et gagne.	슈바르츠라이터 마스터는 총과 검도 중요하지만 한 가지 더, 증오가 필요하다고 합니다. 슈바르츠라이터 마스터와 대련하여 승리하세요				
QUEST_JOBSTEP_20150317_001870	Parler au Maître Schwarzer Reiter	슈바르츠라이터 마스터와 대화				
QUEST_JOBSTEP_20150317_001871	Tu as vaincu le Maître Schwarzer Reiter. Parle au Maître Schwarzer Reiter.	슈바르츠라이터 마스터와의 대련에서 승리하였습니다. 슈바르츠라이터 마스터와 대화하세요.				
QUEST_JOBSTEP_20150317_001872	Reconnaissance du Schwarzer Reiter	슈바르츠라이터의 인정				
QUEST_JOBSTEP_20150317_001873	Se Rendre Auprès du Maître Clerc	클레릭 마스터 찾아가기				
QUEST_JOBSTEP_20150317_001874	Va parler au Maître Clerc à Klaipeda	클라페다에 있는 클레릭 마스터를 찾아 대화해 보세요.				
QUEST_JOBSTEP_20150317_001875	Obtenir des Étamines de Fleur Sauvage au Marché Solitaire	스산한 장터에서 야생화 꽃술 구하기				
QUEST_JOBSTEP_20150317_001876	Le Maître Clerc t'a dit que les herbes viennent à manquer et qu'il veut des Étamines de fleur sauvage à la place. Obtiens des Étamines de fleur sauvage au Marché solitaire et apporte-les au Maître Clerc.	클레릭 마스터는 약초가 동이 났다면서 야생화 꽃술을 원하고 있습니다. 스산한 장터에서 야생화 꽃술을 구해 클레릭 마스터에게 가져다 주세요.				
QUEST_JOBSTEP_20150317_001877	Retourner Voir le Maître Clerc	클레릭 마스터에게 돌아가기				
QUEST_JOBSTEP_20150317_001878	Les Étamines de fleur sauvage ont été rassemblées. Remets-les au Maître Clerc.	야생화 꽃술을 구했습니다. 클레릭 마스터에게 전달해 주세요.				
QUEST_JOBSTEP_20150317_001879	Étamine de Fleur Sauvage	야생화 꽃술				
QUEST_JOBSTEP_20150317_001880	Récupérer les Matériaux sacrés perdus au centre-ville	중심 시가에서 잃어버린 성물 회수				
QUEST_JOBSTEP_20150317_001881	Le Maître Krivis dit que les Matériaux sacrés ont été volés lors d'un raid pendant leur transport vers Fedimian. Retrouve les Matériaux sacrés perdus au centre-ville et apporte-les au Maître Krivis.	크리비 마스터는 페디미안으로 오던 성물 행렬이 몬스터의 습격을 받아 빼앗겨 버렸다고 합니다. 중심 시가에서 잃어버린 성물을 찾아서 크리비 마스터에게 전달하세요.				
QUEST_JOBSTEP_20150317_001882	Le livrer au Maître Krivis	크리비 마스터에게 전달				
QUEST_JOBSTEP_20150317_001883	Les Matériaux sacrés perdus ont été retrouvés. Remets-les au Maître Krivis.	잃어버린 성물을 되찾았습니다. 크리비 마스터에게 전달해 주세요.				
QUEST_JOBSTEP_20150317_001884	Retrouver %s au centre-ville	중심 시가에서 %s 찾아 회수하기				
QUEST_JOBSTEP_20150317_001885	Vaincre Tutu	투투 처치				
QUEST_JOBSTEP_20150317_001886	Parler au Maître Prêtre à Klaipeda.	클라페다에 위치한 프리스트 마스터와 대화하세요.				
QUEST_JOBSTEP_20150317_001887	Fouiller Rue de Ruklys	루클리스 거리 탐색				
QUEST_JOBSTEP_20150317_001888	Rue de Ruklys est saturée d'énergie maléfique. Rends-toi à Rue de Ruklys et trouves-en la source.	루클리스 거리에 사악한 기운이 넘쳐난다고 합니다. 루클리스 거리로 가서 사악한 기운의 근원을 찾으세요.				
QUEST_JOBSTEP_20150317_001889	La source d'énergie maléfique de Rue de Ruklys a été éliminée. Retourne faire ton rapport au Maître Prêtre à Klaipeda.	루클리스 거리에 있는 사악한 기운의 근원을 제거했습니다. 클라페다에 있는 프리스트 마스터에게 보고하세요.				
QUEST_JOBSTEP_20150317_001890	Éliminer la Source de l'Aura Maléfique	사악한 기운의 근원 처치				
QUEST_JOBSTEP_20150317_001891	Obtenir les essences des baleines pétrifiées au Marché solitaire	스산한 장터에서 석화고래의 정수 획득				
QUEST_JOBSTEP_20150317_001892	Le Maître Bokor va t'éprouver en vérifiant si tu es capable de rapporter les essences des baleines pétrifiées. Vaincs les baleines pétrifiées qui errent au Marché solitaire et rapporte leurs essences.	보코르 마스터는 석화고래의 정수를 가져오는 것으로 시험을 치르겠다고 합니다. 스산한 장터에 돌아다니는 석화고래를 처치해 석화고래의 정수를 가져 오세요.				
QUEST_JOBSTEP_20150317_001893	Le livrer au Maître Bokor	보코르 마스터에게 전달				
QUEST_JOBSTEP_20150317_001894	L'essence de Baleine de pierre a été obtenue. Apporte-la au Maître Bokor.	석화고래의 정수를 얻었습니다. 보코르 마스터에게 정수를 가져다 주세요.				
QUEST_JOBSTEP_20150317_001895	Vaincre les Baleines de pierre et obtenir %s	석화고래를 처치해서 %s 획득				
QUEST_JOBSTEP_20150317_001896	Rencontrer Sculpteur Tesla à Vallon du Pavage en Losanges	마름포석골에 있는 조각가 테슬라를 찾아가세요.				
QUEST_JOBSTEP_20150317_001897	Récupérer des matériaux au centre-ville	중심시가에서 조각 재료 구하기				
QUEST_JOBSTEP_20150317_001898	Sculpteur Tesla dit qu'il te prendra comme disciple si tu lui rapportes les matériaux qu'il veut. Récupère du bois dans la cour du centre-ville.	조각가 테슬라는 자신이 원하는 재료를 구해다 주면 제자로 받아들일 용의가 있다고 합니다. 중심시가의 안뜰에서 아름드리 원목을 구하세요.				
QUEST_JOBSTEP_20150317_001899	Le remettre à Sculpteur Tesla	조각가 테슬라에게 전달				
QUEST_JOBSTEP_20150317_001900	Le bois a été obtenu. Remets-le à Tesla.	아름드리 원목을 구했습니다. 조각가 테슬라에게 전달해 주세요.				
QUEST_JOBSTEP_20150317_001901	Vaincre les Woodspirit vert et obtenir %s	초록 우드 스피릿을 처치해서 %s 획득				
QUEST_JOBSTEP_20150317_001902	Trouver les Matériaux	재료 찾기				
QUEST_JOBSTEP_20150317_001903	Rencontrer le Maître Sadhu à Fedimian	페디미안에 있는 사두 마스터를 찾아가세요.				
QUEST_JOBSTEP_20150317_001904	Trouver la source du cauchemar et l'éliminer	악몽의 근원을 찾아서 제거				
QUEST_JOBSTEP_20150317_001905	Les gens qui ont traversé Rue de Ruklys souffrent de cauchemars ; le Maître Sadhu t'a donc demandé d'en trouver la source et de l'éliminer. Cherche la source à Rue de Ruklys.	사두 마스터는 루클리스 거리를 지나간 사람들이 악몽을 호소한다면서 그 근원을 찾아 제거해달라고 합니다. 루클리스 거리에서 그 원인을 찾아 보세요.				
QUEST_JOBSTEP_20150317_001906	Tu as vaincu le Monarque spectre, source des cauchemars. Retourne faire ton rapport au Maître Sadhu.	수면 방해의 근원인 스펙터 군주를 처치했습니다. 사두 마스터에게 돌아가 대화하세요.				
QUEST_JOBSTEP_20150317_001907	Vaincre le Monarque spectre, source des cauchemars	수면을 방해하는 스펙터 군주 처치				
QUEST_JOBSTEP_20150317_001908	Rencontrer le Maître Paladin à Falaises d'Émeraude	옥빛서린 벼랑에 있는 팔라딘 마스터를 찾아가세요.				
QUEST_JOBSTEP_20150317_001909	Vaincre Rajapearl au Marché Solitaire	스산한 장터의 라자펄 처치하기				
QUEST_JOBSTEP_20150317_001910	Le Maître Paladin veut éprouver ta foi. Vaincs les Rajapearl qui apparaissent souvent au Marché solitaire.	팔라딘 마스터는 신앙심을 직접 확인하고 싶어합니다. 스산한 장터에 자주 출몰한다는 라자펄을 처치하세요.				
QUEST_JOBSTEP_20150317_001911	Rajapearl a été vaincu. Retourne faire ton rapport au Maître Paladin.	라자펄을 처치했습니다. 팔라딘 마스터에게 돌아가 보고하세요.				
QUEST_JOBSTEP_20150317_001912	Vaincre Rajapearl	라자펄 처치				
QUEST_JOBSTEP_20150317_001913	Parler au Maître Moine	몽크 마스터와 대화				
QUEST_JOBSTEP_20150317_001914	Trouver le Maître Moine à Vallon de l'Arbre Restant	머무르는 나뭇골에 있는 몽크 마스터를 찾아가세요.				
QUEST_JOBSTEP_20150317_001915	Vaincre les Lepus du quartier central et obtenir leurs griffes	중심시가의 레푸스를 처치하고 레푸스의 발톱 획득				
QUEST_JOBSTEP_20150317_001916	Le Maître Moine t'a demandé d'apporter la preuve de ta détermination à devenir Moine. Vaincs les Lepus du quartier central et rapporte leurs griffes comme preuve.	몽크 마스터는 몽크가 되기 위한 다짐의 증거를 가져오라고 하였습니다. 중심시가에 있는 레푸스를 처치하고 증거인 레푸스의 발톱을 획득하세요.				
QUEST_JOBSTEP_20150317_001917	Le remettre au Maître Moine	몽크 마스터에게 전달				
QUEST_JOBSTEP_20150317_001918	Les griffes de Lepus ont été obtenues. Apporte-les au Maître Moine.	레푸스의 발톱을 구했습니다. 몽크 마스터에게 가져다 주세요.				
QUEST_JOBSTEP_20150317_001919	Vaincre les Lepus rapide et obtenir %s	재빠른 레푸스를 처치하고 %s 획득				
QUEST_JOBSTEP_20150317_001920	Vaincre les Lepus Rapide	재빠른 레푸스 처치				
QUEST_JOBSTEP_20150317_001921	Parler au Maître Pardonneur	파드너 마스터와 대화				
QUEST_JOBSTEP_20150317_001922	Rencontrer le Maître Pardonneur à Ruisseau de Cristal	수정개울에 있는 파드너 마스터를 찾아가세요.				
QUEST_JOBSTEP_20150317_001923	Récupérer le paiement d'indulgence perdu	잃어버린 면죄부의 대금 되찾기				
QUEST_JOBSTEP_20150317_001924	Au lieu de te confier une mission, le Maître Pardonneur veut que tu retrouves l'argent des indulgences perdu. Retrouve l'argent perdu à Rue de Ruklys.	파드너 마스터는 잃어버린 면죄부의 대금을 되찾는 것으로 입문 과제를 대신하려 합니다. 루클리스 거리에서 잃어버린 대금을 찾아 오세요.				
QUEST_JOBSTEP_20150317_001925	Le remettre au Maître Pardonneur	파드너 마스터에게 전달				
QUEST_JOBSTEP_20150317_001926	Le paiement perdu a été retrouvé. Remets-le au Maître Pardonneur.	잃어버린 대금을 되찾았습니다. 파드너 마스터에게 돌아가 전해 주세요.				
QUEST_JOBSTEP_20150317_001927	Vaincre les Denoptic apparus soudainement	갑자기 나타난 덴옵틱 처치				
QUEST_JOBSTEP_20150317_001928	L'Appel du Maître Oracle	오라클 마스터의 부름				
QUEST_JOBSTEP_20150317_001929	Le Maître Oracle te cherche aux Bois des ponts reliés.	덧댄다리 숲에서 오라클 마스터가 당신을 찾고 있습니다				
QUEST_JOBSTEP_20150317_001930	Affronter le Maître Oracle en Duel	오라클 마스터와의 대련				
QUEST_JOBSTEP_20150317_001931	Le Maître Oracle veut vérifier si tu es assez compétent pour recevoir les préceptes de l'oracle et bien les diffuser. Affronte le Maître Oracle en duel et gagne.	오라클 마스터는 신탁의 지침을 품을 역량이 있는지, 그것을 잘 전파할 의지가 있는지 검증하고 싶어합니다. 오라클 마스터와의 대련에서 승리하세요.				
QUEST_JOBSTEP_20150317_001932	Parler au Maître Oracle	오라클 마스터와 대화				
QUEST_JOBSTEP_20150317_001933	Le duel contre le Maître Oracle a été remporté. Parle-lui à nouveau.	오라클 마스터와의 대련에서 승리하였습니다. 오라클 마스터와 다시 대화해 보세요.				
QUEST_JOBSTEP_20150317_001934	Obtenir la Reconnaissance du Maître Oracle	오라클 마스터에게 인정받기				
QUEST_JOBSTEP_20150317_001935	Se Rendre Auprès du Maître Bokor à Klaipeda	클라페다의 보코르 마스터에게 찾아가세요.				
QUEST_JOBSTEP_20150317_001936	Fabriquer une Poupée de Bokor	보코르 인형 제작				
QUEST_JOBSTEP_20150317_001937	Récolte les fluides corporels des Vers à fourreau à Vallon de Spineheart{nl}Récolte les tiges des Thornball au Voie de la porte{nl}	가시마음골에서 누덕고치의 체액 수집{nl}관문로에서 던볼의 줄기 수집{nl}				
QUEST_JOBSTEP_20150317_001938	Appuyer sur la touche pour passer en mode repos	 키를 눌러 휴식모드 후 				
QUEST_JOBSTEP_20150317_001939	Fabriquer une Poupée de Bokor en appuyant sur la touche S	S 키를 눌러 보코르 인형 제작				
QUEST_JOBSTEP_20150317_001940	Faire Son Rapport au Maître Bokor	보코르 마스터에게 보고				
QUEST_JOBSTEP_20150317_001941	La poupée est terminée. Fais ton rapport au Maître Bokor.	인형이 완성되었습니다. 보코르 마스터에게 보고하세요.				
QUEST_JOBSTEP_20150317_001942	Rassembler les matériaux et fabriquer %s	재료를 모아 %s 제작				
QUEST_JOBSTEP_20150317_001943	Se Rendre Auprès du Maître Peltaste à Klaipeda	클라페다에 있는 펠타스타 마스터를 찾아가세요.				
QUEST_JOBSTEP_20150317_001944	Vaincre les Vubbe au 1er étage de la Mine de cristal	수정광산 1층의 부베 처치				
QUEST_JOBSTEP_20150317_001945	Tu dois réussir l'épreuve d'initiation pour devenir Peltaste. Vaincs les Vubbe qui envahissent le 1er étage de la Mine de cristal.	펠타스타가 되기 위해서는 입문 과제를 거쳐야 한다고 합니다. 수정광산 1층을 점거하고 있는 부베들을 처치하세요.				
QUEST_JOBSTEP_20150317_001946	Tous les Vubbe ont été vaincus. Retourne faire ton rapport au Maître Peltaste.	부베들을 모두 처치했습니다. 펠타스타 마스터에게 돌아가 보고하세요.				
QUEST_JOBSTEP_20150317_001947	Vaincre les Vubbe au 1er étage de la Mine de cristal	수정광산 1층에서 부베 처치				
QUEST_JOBSTEP_20150317_001948	Tu dois réussir l'épreuve d'initiation pour devenir Highlander. Vaincs les Vubbe qui envahissent le 1er étage de la Mine de cristal.	하이랜더가 되기 위해서는 입문 과제를 거쳐야 한다고 합니다. 수정광산 1층을 점거하고 있는 부베들을 처치하세요.				
QUEST_JOBSTEP_20150317_001949	Tous les Vubbe ont été vaincus. Retourne faire ton rapport au Maître Highlander.	부베들을 모두 처치했습니다. 하이랜더 마스터에게 돌아가 보고하세요.				
QUEST_JOBSTEP_20150317_001950	Vaincre les Vubbe au 1er étage de la Mine de cristal	수정광산1층의 부베처치				
QUEST_JOBSTEP_20150317_001951	Parler au Maître Pyromancien à Klaipeda.	클라페다에 있는 파이로맨서 마스터와 대화해 보세요.				
QUEST_JOBSTEP_20150317_001952	Aider aux recherches du Maître Bokor	보코르 마스터의 연구 돕기				
QUEST_JOBSTEP_20150317_001953	Le Maître Pyromancien dit qu'il t'acceptera si tu peux contribuer à ses recherches. Rends-toi auprès du Maître Bokor, qui collabore avec lui, et aide-la dans ses recherches.	파이로맨서는 자신의 연구를 도와 준다면 파이로맨서의 입문을 허락하겠다고 합니다. 파이로맨서와 공동 연구중인 보코르 마스터를 찾아가 그녀의 연구를 도와 주세요.				
QUEST_JOBSTEP_20150317_001954	Les recherches du Maître Bokor ont été assistées. Fais ton rapport au Maître Pyromancien.	보코르 마스터의 연구를 도왔습니다. 파이로맨서 마스터에게 보고하세요.				
QUEST_JOBSTEP_20150317_001955	Mal Invoqué	소환된 악령				
QUEST_JOBSTEP_20150317_001956	Parler au Maître Cryomancien à Klaipeda.	클라페다에 있는 크리오맨서 마스터와 대화하세요.				
QUEST_JOBSTEP_20150317_001957	Ouvrir la Boîte du Maître Pyromancien	파이로맨서 마스터의 상자 열기				
QUEST_JOBSTEP_20150317_001958	Le Maître Cryomancien t'a demandé d'ouvrir une boîte dans la chambre du Maître Pyromancien comme condition pour t'accepter. Quelque chose te met mal à l'aise, mais ouvre tout de même la boîte.	크리오맨서 마스터는 입문을 허락하는 조건으로 파이로맨서 마스터의 방에 있는 상자를 열라고 합니다. 뭔가 찜찜하지만 상자를 열어 보세요.				
QUEST_JOBSTEP_20150317_001959	Faire Son Rapport au Maître Cryomancien	크리오맨서 마스터에게 보고				
QUEST_JOBSTEP_20150317_001960	La boîte du Maître Pyromancien a été ouverte. Fais ton rapport au Maître Cryomancien.	파이로맨서 마스터의 상자를 여는 데 성공하였습니다. 크리오맨서 마스터에게 보고하세요.				
QUEST_JOBSTEP_20150317_001961	Vaincre le Gardien du Contrat	계약의 수호자 처치				
QUEST_JOBSTEP_20150317_001962	Trouver le Maître Clerc à Klaipeda.	클라페다에 있는 클레릭 마스터를 찾아 가세요.				
QUEST_JOBSTEP_20150317_001963	Le Maître Clerc dit que le service permet d'atteindre un stade supérieur dans la vie. Rends-toi auprès du Maître Centurion à la Route des démons affamés, dans la zone de Chemin du pèlerin, pour recevoir les herbes médicinales nécessaires au service.	클레릭 마스터는 봉사로써 클레릭의 더 높은 경지에 오를 수 있다고 합니다. 봉사를 위한 약초를 받아오기 위해 순례자의 길 지역의 큰아귀 길에 있는 센츄리온 마스터를 찾아가세요.				
QUEST_JOBSTEP_20150317_001964	Se Rendre Auprès du Maître Centurion à la Route des Démons Affamés	큰아귀길에 있는 센츄리온 마스터 찾아가기				
QUEST_JOBSTEP_20150317_001965	Le Maître Clerc dit que le service permet d'atteindre un niveau supérieur. Rends-toi auprès du Maître Centurion à la Route des démons affamés, dans la zone de Chemin du pèlerin, pour recevoir les herbes médicinales nécessaires au service.	클레릭 마스터는 봉사로써 클레릭의 더 높은 경지에 오를 수 있다고 합니다. 봉사를 위한 약초를 받아오기 위해 순례자의 길 지역의 큰 아귀 길에 있는 센츄리온 마스터를 찾아가세요.				
QUEST_JOBSTEP_20150317_001966	Déterrer les jeunes pousses de Nicotia	니코티아의 어린 순 캐기				
QUEST_JOBSTEP_20150317_001967	Le Maître Centurion dit qu'il n'a plus de Nicotia à utiliser comme remède. Déterre les jeunes pousses de Nicotia des alentours.	센츄리온 마스터는 약초로 사용할 니코티아가 모두 동났다고 합니다. 주변에서 니코티아의 어린 순을 캐세요.				
QUEST_JOBSTEP_20150317_001968	Vaincre la Biteregina qui bloque l'accès aux herbes médicinales	약초 자생지 앞을 막고 있는 비테레지나 처치				
QUEST_JOBSTEP_20150317_001969	Récolter des herbes médicinales	약초 캐기				
QUEST_JOBSTEP_20150317_001970	Toutes les herbes ont été récoltées. Retourne voir le Maître Clerc.	약초를 모두 캤으니 클레릭 마스터에게 돌아가세요.				
QUEST_JOBSTEP_20150317_001971	Rencontrer le Maître Krivis	크리비 마스터 만나기				
QUEST_JOBSTEP_20150317_001972	Se Rendre Auprès du Maître Krivis à Klaipeda	클라페다에 있는 크리비 마스터를 찾아 가세요.				
QUEST_JOBSTEP_20150317_001973	Rencontrer le Maître Prêtre	프리스트 마스터 만나기				
QUEST_JOBSTEP_20150317_001974	Le Maître Krivis dit qu'un pèlerinage est nécessaire pour atteindre un niveau supérieur. Obtiens auprès du Maître Prêtre les offrandes destinées à la statue de la Déesse de Fedimian.	크리비 마스터는 더 높은 경지에 오르려면 성지순례의 과정을 거쳐야 한다고 합니다. 프리스트 마스터에게 페디미안의 여신상에 경배를 드리기 위한 공양품을 받으세요.				
QUEST_JOBSTEP_20150317_001975	Aider le Maître Prêtre dans son travail	프리스트 마스터의 일 도와주기				
QUEST_JOBSTEP_20150317_001976	Le Maître Prêtre dit qu'il te donnera les offrandes si tu élimines les monstres qui menacent les habitants. Vaincs les Rocktortuga aux Bois de Siauliai ouest.	프리스트 마스터는 주민들을 위협하는 몬스터를 처치해 준다면 공양품을 내어 주겠다고 합니다. 샤울레이 서쪽 숲에 출몰하는 락토르투가를 처치해 주세요.				
QUEST_JOBSTEP_20150317_001977	Les Rocktortuga ont été vaincus. Retourne voir le Maître Prêtre et récupère les offrandes.	락토르투가를 처치하였습니다. 프리스트 마스터 마스터에게 돌아가 공양품을 받으세요.				
QUEST_JOBSTEP_20150317_001978	Rencontrer le Maître Clerc	클레릭 마스터 만나기				
QUEST_JOBSTEP_20150317_001979	Le Maître Krivis dit qu'un pèlerinage est nécessaire pour atteindre un niveau supérieur. Obtiens auprès du Maître Clerc les offrandes destinées à la statue de la Déesse de Fedimian.	크리비 마스터는 더 높은 경지에 오르려면 성지순례의 과정을 거쳐야 한다고 합니다. 클레릭 마스터에게 페디미안의 여신상에 경배를 드리기 위한 공양품을 받으세요.				
QUEST_JOBSTEP_20150317_001980	Vénérer la Statue de la Déesse à Fedimian	페디미안의 여신상에 경배하기				
QUEST_JOBSTEP_20150317_001981	Les offrandes ont été reçues du Maître Prêtre et du Maître Clerc. Vénère la statue de la Déesse de Fedimian et dépose-y les offrandes.	프리스트 마스터와 클레릭 마스터에게 경배에 필요한 공양품을 받았습니다. 페디미안으로 가서 그 곳의 여신상에게 공양품을 올리고 경배하세요.				
QUEST_JOBSTEP_20150317_001982	Faire Son Rapport au Maître Krivis	크리비 마스터에게 보고				
QUEST_JOBSTEP_20150317_001983	Le pèlerinage à Fedimian est achevé. Retourne voir le Maître Krivis.	페디미안의 성지 순례를 마쳤습니다. 크리비 마스터에게 돌아가 보세요.				
QUEST_JOBSTEP_20150317_001984	Parler au Maître Prêtre à Klaipeda.	클라페다에 있는 프리스트 마스터와 대화해 보세요.				
QUEST_JOBSTEP_20150317_001985	Vaincre la force maléfique	사악한 기운 물리치기				
QUEST_JOBSTEP_20150317_001986	Le Maître Prêtre dit que l'exorcisme permet d'atteindre un niveau supérieur. Purifie les forces maléfiques de la Route des démons affamés.	프리스트 마스터는 퇴마의식으로써 더 높은 경지에 이를 수 있다고 합니다. 큰아귀 길에 있는 사악한 기운을 정화해 주세요.				
QUEST_JOBSTEP_20150317_001987	Toutes les forces maléfiques ont été purifiées. Retourne faire ton rapport au Maître Prêtre.	사악한 기운을 모두 정화하였습니다. 프리스트 마스터에게 돌아가 보고하세요.				
QUEST_JOBSTEP_20150317_001988	Rencontrer le Maître Bokor	보코르 마스터 만나기				
QUEST_JOBSTEP_20150317_001989	Se Rendre Auprès du Maître Bokor à Klaipeda	클라페다의 보코르 마스터를 찾아 가세요.				
QUEST_JOBSTEP_20150317_001990	Récupérer le joyau auprès du Maître Krivis	크리비 마스터에게 보석 받아 오기				
QUEST_JOBSTEP_20150317_001991	Le Maître Bokor dit qu'il te reste quelque chose à accomplir pour devenir un Bokor plus puissant. Rends-toi auprès du Maître Krivis et récupère le joyau qu'il conserve.	보코르 마스터는 보코르로서 더욱 강력해지기 위해서는 해줘야 할 일이 있다고 합니다. 보코르 마스터의 요청대로 크리비 마스터를 찾아가 맞겨 놓은 보석을 받아 오세요.				
QUEST_JOBSTEP_20150317_001992	Le Maître Bokor dit qu'il te reste quelque chose à accomplir pour devenir un Bokor plus puissant. Rends-toi auprès du Maître Krivis et récupère le joyau qu'il conserve.	보코르 마스터는 보코르로서 더욱 강력해지기 위해서는 해줘야 할 일이 있다고 합니다. 보코르 마스터의 요청대로 크리비 마스터를 찾아가 맞겨 놓은 보석을 찾아 오세요.				
QUEST_JOBSTEP_20150317_001993	Retourner Voir le Maître Bokor	보코르 마스터에게 돌아가기				
QUEST_JOBSTEP_20150317_001994	Le joyau a été obtenu du Maître Krivis. Remets-le au Maître Bokor.	크리비 마스터에게 보석을 돌려 받았습니다. 보코르 마스터에게 보석을 전해 주러 가세요.				
QUEST_JOBSTEP_20150317_001995	Il semble que quelque chose soit arrivé au Maître Bokor lorsqu'elle a pris le joyau. Parle-lui à nouveau.	크리비 마스터에게 되찾아온 보석을 받아 든 보코르 마스터에게 무슨 일이 생긴 것 같습니다. 보코르 마스터와 다시 대화해 보세요.				
QUEST_JOBSTEP_20150317_001996	Le Maître Bokor semble avoir reçu une inspiration du joyau. Rencontre le Maître Krivis et demande-lui de préparer une cérémonie commémorative avant que tu ne vainques Tutu.	보코르 마스터는 보석에게서 강력한 영감을 받은 것 같습니다. 보코르 마스터가 예언한 대로 투투를 처치하기 전에 크리비 마스터를 만나 위령제를 준비하라고 전해 주세요.				
QUEST_JOBSTEP_20150317_001997	Le Maître Krivis t'a raconté l'histoire du joyau. Parle-lui de la cérémonie commémorative.	크리비 마스터는 보석에 얽힌 이야기를 들려 주었습니다. 위령제 준비에 대해 크리비 마스터와 다시 대화해 보세요.				
QUEST_JOBSTEP_20150317_001998	Le Maître Krivis a été chargé de préparer la cérémonie commémorative. Il est temps de vaincre Tutu. Élimine-le aux Bois de Siauliai est avant qu'il n'atteigne Klaipeda.	크리비 마스터에게 위령제를 준비하라는 말을 전했으니 이제 투투를 처치할 차례입니다. 투투가 클라페다로 오기 전에 샤울레이 동쪽 숲에서 처치하세요.				
QUEST_JOBSTEP_20150317_001999	Tutu a été vaincu. Fais ton rapport au Maître Bokor.	투투 처치에 성공하였습니다. 보코르 마스터에게 보고하세요.				
QUEST_JOBSTEP_20150317_002000	Rencontrer Sculpteur Tesla	조각가 테슬라 만나기				
QUEST_JOBSTEP_20150317_002001	Parler à Sculpteur Tesla à Vallon du Pavage en Losanges	마름포석골에 있는 조각가 테슬라와 대화해 보세요.				
QUEST_JOBSTEP_20150317_002002	Recevoir du baume du Maître Clerc	클레릭 마스터에게 향유 받기				
QUEST_JOBSTEP_20150317_002003	Tesla a insisté sur l'importance de l'entretien comme vertu et t'a demandé de veiller sur la statue de la Déesse. Obtiens le baume nécessaire à la statue auprès du Maître Clerc à Klaipeda.	조각가 테슬라는 딥디르비의 덕목으로 사후관리의 중요성을 강조하면서 여신상을 관리해 줄 것을 부탁했습니다. 여신상 관리에 필요한 향유를 클라페다에 있는 클레릭 마스터에게 받아 오세요.				
QUEST_JOBSTEP_20150317_002004	Du baume a été reçu du Maître Clerc, mais cela ne semble pas suffisant. Parle-lui à nouveau.	클레릭 마스터에게 향유를 받았지만 이것으론 좀 부족할 것 같습니다. 클레릭 마스터와 다시 대화해 보세요.				
QUEST_JOBSTEP_20150317_002005	Obtenir du baume du Maître Krivis	크리비 마스터에게 향유 받기				
QUEST_JOBSTEP_20150317_002006	Le baume ne suffit pas pour la statue de la Déesse. Obtiens-en davantage auprès du Maître Krivis à Klaipeda.	여신상 관리를 위한 향유가 이 정도론 부족할 것 같습니다. 여신상 관리에 필요한 향유를 클라페다에 있는 크리비 마스터에게 받아 오세요.				
QUEST_JOBSTEP_20150317_002007	Du baume a été reçu du Maître Krivis, mais cela ne semble pas suffisant. Parle-lui à nouveau.	크리비 마스터에게 향유를 받았지만 여신상 관리에 조금 부족할 듯 싶습니다. 크리비 마스터와 다시 대화해 보세요.				
QUEST_JOBSTEP_20150317_002008	Recevoir du baume du Maître Prêtre	프리스트 마스터에게 향유 받기				
QUEST_JOBSTEP_20150317_002009	Le baume ne suffit pas pour la statue de la Déesse. Obtiens-en davantage auprès du Maître Prêtre à Klaipeda.	여신상 관리를 위한 향유가 이 정도론 부족할 것 같습니다. 여신상 관리에 필요한 향유를 클라페다에 있는 프리스트 마스터에게 받아 오세요.				
QUEST_JOBSTEP_20150317_002010	Du baume a été reçu du Maître Prêtre, mais cela ne semble pas suffisant. Parle-lui à nouveau.	프르스트 마스터에게 향유를 받았지만 이걸론 좀 부족할 것 같습니다. 프리스트 마스터와 대화해 보세요.				
QUEST_JOBSTEP_20150317_002011	Recevoir du baume du Maître Bokor	보코르 마스터에게 향유 받기				
QUEST_JOBSTEP_20150317_002012	Le baume ne suffit pas pour la statue de la Déesse. Obtiens-en davantage auprès du Maître Bokor à Klaipeda.	여신상 관리를 위한 향유가 이 정도론 부족할 것 같습니다. 여신상 관리에 필요한 향유를 클라페다에 있는 보코르 마스터에게 받아 오세요.				
QUEST_JOBSTEP_20150317_002013	Tu as assez de baume pour la statue de la Déesse. Parle au Maître Bokor à nouveau.	이 정도면 여신상의 관리에 사용할 향유는 넉넉한 것 같습니다. 보코르 마스터와 다시 대화해 보세요.				
QUEST_JOBSTEP_20150317_002014	Restaurer les Statues de la Déesse à Fedimian et à Klaipeda	페디미안과 클라페다에 있는 여신상 보수하기				
QUEST_JOBSTEP_20150317_002015	Assez de baume a été reçu. Restaure la statue de Vakarine à Fedimian et à Klaipeda.	향유를 넉넉히 받았습니다. 페디미안의 바카리네 여신상과 클라페다의 바카리네 여신상을 관리해 주세요.				
QUEST_JOBSTEP_20150317_002016	Faire Son Rapport à Tesla	조각가 테슬라에게 보고				
QUEST_JOBSTEP_20150317_002017	La restauration de toutes les statues de la Déesse est achevée. Retourne voir Tesla.	의뢰받은 모든 여신상의 관리를 마쳤습니다. 조각가 테슬라에게 돌아가 보세요.				
QUEST_JOBSTEP_20150317_002018	Rencontrer le Maître Sadhu	사두 마스터 만나기				
QUEST_JOBSTEP_20150317_002019	Parler au Maître Sadhu à Fedimian	페디미안에 있는 사두 마스터와 대화해 보세요.				
QUEST_JOBSTEP_20150317_002020	Vaincre les Monstres de Voie du Démon Affamé	큰아귀 길의 몬스터 퇴치				
QUEST_JOBSTEP_20150317_002021	Le Maître Sadhu t'a demandé de vaincre les monstres qui menacent les villageois à Voie du démon affamé	사두 마스터는 큰 아귀 길에서 주민들을 위협하는 몬스터들을 퇴치해 달라고 합니다.				
QUEST_JOBSTEP_20150317_002022	Faire son rapport au Maître Sadhu	사두 마스터에게 보고				
QUEST_JOBSTEP_20150317_002023	Tous les monstres qui menaçaient les villageois ont été vaincus. Retourne voir le Maître Sadhu.	주민에게 위협이 되는 몬스터들을 모두 처치하였습니다. 사두 마스터에게 돌아가 보고하세요.				
QUEST_JOBSTEP_20150317_002024	Vaincre les Monstres de Voie du Démon Affamé	큰 아귀 길의 몬스터 처치				
QUEST_JOBSTEP_20150317_002025	Se Rendre Auprès du Maître Paladin à Falaises d'Émeraude	옥빛 서린 벼랑에 있는 팔라딘 마스터를 찾아 가세요.				
QUEST_JOBSTEP_20150317_002026	Affronter le Maître Paladin en Duel	팔라딘 마스터와 대련				
QUEST_JOBSTEP_20150317_002027	Le Maître Paladin t'a demandé de faire tes preuves par la foi. Remporte le duel contre le Maître Paladin.	팔라딘 마스터는 신앙심으로 스스로를 증명하라고 합니다. 팔라딘 마스터와의 대련에서 승리하세요.				
QUEST_JOBSTEP_20150317_002028	Le duel contre le Maître Paladin a été remporté. Parle-lui à nouveau.	팔라딘 마스터와의 대련에서 승리하였습니다. 팔라딘 마스터와 다시 대화해 보세요.				
QUEST_JOBSTEP_20150317_002029	Réussir l'épreuve du duel contre le Maître Paladin	팔라딘 마스터의 대련 테스트 통과				
QUEST_JOBSTEP_20150317_002030	Rencontrer le Maître Moine	몽크 마스터 만나기				
QUEST_JOBSTEP_20150317_002031	Parler au Maître Moine à Vallon de l'Arbre Restant	머무르는 나뭇골에 있는 몽크 마스터와 대화하세요.				
QUEST_JOBSTEP_20150317_002032	Affronter le Maître Moine en Duel	몽크 마스터와 대련				
QUEST_JOBSTEP_20150317_002033	Le Maître Moine dit qu'une foi solide réside dans un corps solide. Remporte le duel contre le Maître Moine.	몽크 마스터는 강인한 육체에 강인한 신앙이 깃든다고 합니다. 몽크 마스터와의 대련에서 승리를 거두세요.				
QUEST_JOBSTEP_20150317_002034	Le duel contre le Maître Moine a été remporté. Parle-lui à nouveau.	몽크 마스터와의 대련에서 승리를 거두었습니다. 몽크 마스터와 다시 대화해 보세요.				
QUEST_JOBSTEP_20150317_002035	Réussir l'épreuve du Maître Moine	몽크 마스터의 테스트 통과				
QUEST_JOBSTEP_20150317_002036	Rencontrer le Maître Pardonneur	파드너 마스터 만나기				
QUEST_JOBSTEP_20150317_002037	Rencontrer le Marchand d'Équipement à Fedimian	페디미안의 장비상인 만나러 가기				
QUEST_JOBSTEP_20150317_002038	Le Maître Pardonneur t'a demandé de rapporter le Pot de feu comme épreuve d'admission. Rends-toi auprès du Marchand d'équipement à Fedimian pour obtenir des informations sur le Pot de feu.	파드너 마스터는 입문 과제로 불항아리를 찾아올 것을 명했습니다. 불항아리의 정보를 찾아 페디미안의 장비상인에게 가 보세요.				
QUEST_JOBSTEP_20150317_002039	Rencontrer le Marchand d'Objets à Fedimian	페디미안 도구상인 만나기				
QUEST_JOBSTEP_20150317_002040	Le Marchand d'équipement dit que le Mothstem a emporté le Pot de feu en échange de l'huile durcie. Parle au Marchand d'objets et demande-lui où tu peux trouver le Mothstem.	페디미안의 장비 상인은 굳은 기름의 댓가로 불항아리는 모스템이라는 몬스터가 가지고 있다고 알려 주었습니다. 모스템을 어디서 만날 수 있을지 도구상인과 대화해 보세요.				
QUEST_JOBSTEP_20150317_002041	Pot de Feu Obtenu	불항아리 획득				
QUEST_JOBSTEP_20150317_002042	Le Marchand d'objets de Fedimian a vu un Mothstem à Ruisseau de cristal. Vaincs le Mothstem à Ruisseau de cristal et récupère le Pot de feu.	페디미안의 도구상인은 수정개울에서 모스템을 본 적이 있다고 합니다. 수정개울로 가서 모스템을 처치하고 불항아리를 얻으세요.				
QUEST_JOBSTEP_20150317_002043	Le Pot de feu voulu par le Maître Pardonneur a été obtenu. Remets-le-lui.	파드너 마스터가 원하던 불항아리를 구했습니다. 파드너 마스터에게 불항아리를 전해 주세요.				
QUEST_JOBSTEP_20150317_002044	Vaincre les Mothstem et obtenir %s	모스템을 처치하고 %s획득				
QUEST_JOBSTEP_20150317_002045	Vaincre Mothstem	모스템 처치				
QUEST_JOBSTEP_20150317_002046	Parler au Marchand d'Équipement à Fedimian	페디미안의 장비상인과 대화				
QUEST_JOBSTEP_20150317_002047	Les marchands de Fedimian sont au courant pour le Pot de feu. Parle d'abord au Marchand d'équipement.	불항아리의 정보는 페디미안의 상인들이 알고 있다고 합니다. 먼저 장비상인과 대화해 보세요.				
QUEST_JOBSTEP_20150317_002048	Récolter l'huile condensée à Voie du démon affamé	큰아귀 길에서 굳은 기름 수집				
QUEST_JOBSTEP_20150317_002049	En échange de ses informations, le Marchand d'équipement veut de l'huile condensée. Obtiens l'huile condensée auprès des monstres de Voie du démon affamé et apporte-la au Marchand d'équipement.	장비상인은 정보의 댓가로 굳은 기름을 원하고 있습니다. 큰 아귀 길의 몬스터에게서 굳은 기름을 모아 장비상인에게 가져다 주세요.				
QUEST_JOBSTEP_20150317_002050	La remettre au Marchand d'équipement à Fedimian	페디미안의 장비상인에게 전달				
QUEST_JOBSTEP_20150317_002051	Assez d'huile durcie a été rassemblée. Remets-la au Marchand d'équipement à Fedimian.	이 정도면 굳은 기름을 넉넉히 모은 것 같습니다. 페디미안의 장비 상인에게 굳은 기름을 가져다 주세요.				
QUEST_JOBSTEP_20150317_002052	Obtenir %s en vainquant les monstres qui déferlent	습격해 오는 몬스터를 처치하고 %s 획득				
QUEST_JOBSTEP_20150317_002053	Obtiens les objets après avoir vaincu les monstres.	몬스터 처치 아이템 획득				
QUEST_JOBSTEP_20150317_002054	Parler au Maître Mage à Klaipeda.	클라페다에 있는 위저드 마스터와 대화하세요.				
QUEST_JOBSTEP_20150317_002055	Éliminer les menaces des Bois de Siauliai ouest	샤울레이 서쪽 숲의 위험 제거				
QUEST_JOBSTEP_20150317_002056	Le Maître Mage dit qu'il va éprouver tes bases. Vaincs les Golem sauvages des Bois de Siauliai ouest.	위저드 마스터는 기본기를 시험해 보겠다고 합니다. 샤울레이 서쪽 숲에서 날뛰는 골렘을 처치하세요.				
QUEST_JOBSTEP_20150317_002057	Les Golem des Bois de Siauliai ouest ont été vaincus. Fais ton rapport au Maître Mage.	샤울레이 서쪽 숲의 골렘을 처치했습니다. 위저드 마스터에게 보고하세요.				
QUEST_JOBSTEP_20150317_002058	Éliminer le danger à la Forêt de l'étendard du couchant	해진깃발숲의 위험 제거				
QUEST_JOBSTEP_20150317_002059	Tu dois montrer ton habileté au Maître Cataphractaire. Vaincs la Biteregina qui menace les gens à la Forêt de l'étendard du couchant.	캐터프랙트 마스터에게 실력을 보여줄 필요가 있습니다. 해진깃발숲에서 사람들을 위협하는 비테레지나를 처치하세요.				
QUEST_JOBSTEP_20150317_002060	Biteregina a été vaincue. Fais ton rapport au Maître Cataphractaire.	비테레지나를 처치했습니다. 캐터프랙트 마스터에게 보고하세요.				
QUEST_JOBSTEP_20150317_002061	Parler au Maître Pyromancien à Klaipeda.	클라페다의 파이로맨서 마스터와 대화해 보세요.				
QUEST_JOBSTEP_20150317_002062	Vaincre les Poata aux Bois de Siauliai Est	샤울레이 동쪽 숲의 포아타 처치				
QUEST_JOBSTEP_20150317_002063	Le Pyromancien t'a demandé de vaincre les Poata aux Bois de Siauliai est.	파이로맨서는 샤울레이 동쪽 숲에서 주민들을 위협하는 포아타를 처치해 달라고 합니다.				
QUEST_JOBSTEP_20150317_002064	Les Poata des Bois de Siauliai est ont été vaincus. Fais ton rapport au Maître Pyromancien.	샤울레이 동쪽 숲의 포아타를 처치했습니다. 파이로맨서 마스터에게 돌아가 보고하세요.				
QUEST_JOBSTEP_20150317_002065	Vaincre les Mushcaria aux Bois de Siauliai Ouest	샤울레이 서쪽 숲의 머슈카리아 처치				
QUEST_JOBSTEP_20150317_002066	Prouve ta force au Maître Cryomancien en vainquant les Mushcaria aux Bois de Siauliai ouest.	크리오맨서 마스터에게 샤울레이 서쪽 숲의 머슈카리아를 처치하는 것으로 스스로의 강함을 증명하세요.				
QUEST_JOBSTEP_20150317_002067	Les Mushcaria des Bois de Siauliai ouest ont été vaincus. Retourne faire ton rapport au Maître Cryomancien.	샤울레이 서쪽 숲의 머슈카리아를 처치했습니다. 크리오맨서 마스터에게 돌아가 보고하세요.				
QUEST_JOBSTEP_20150317_002068	Parler au Maître Psychokinésiste au Village des mineurs de Siauliai.	샤울레이 광산 마을에 있는 사이코키노 마스터와 대화하세요.				
QUEST_JOBSTEP_20150317_002069	Vaincre les Combattants Vubbe au Village des Mineurs	샤울레이 광산 마을의 붉은 부베 투사 처치				
QUEST_JOBSTEP_20150317_002070	Le Psychokinésiste dit que le pouvoir de croire en soi est le plus important. Prouve ta confiance en vainquant les Combattants Vubbe rouge au Village des mineurs.	사이코키노는 자신을 믿는 힘이 가장 중요하다고 합니다. 샤울레이 광산 마을의 붉은 부베 투사를 처치하는 것으로 자신감을 증명하세요.				
QUEST_JOBSTEP_20150317_002071	Faire son rapport au Maître Psychokinésiste	사이코키노 마스터에게 보고				
QUEST_JOBSTEP_20150317_002072	Les Combattants Vubbe rouge ont été vaincus. Retourne faire ton rapport au Maître Psychokinésiste.	붉은 부베 투사를 처치하는데 성공했습니다. 사이코키노 마스터에게 돌아가 보고하세요.				
QUEST_JOBSTEP_20150317_002073	Vaincre les Combattants Vubbe Rouge	붉은 부베 투사 처치				
QUEST_JOBSTEP_20150317_002074	Parler au Maître Lieur au Village des mineurs.	샤울레이 광산 마을에 있는 링커 마스터와 대화하세요.				
QUEST_JOBSTEP_20150317_002075	Vaincre l'étrange Combattant Vubbe aux Bois de Siauliai est	샤울레이 동쪽 숲의 비범한 부베 투사 처치				
QUEST_JOBSTEP_20150317_002076	Le Maître Lieur veut savoir comment le mana est employé. Montre-le en vainquant l'étrange Combattant Vubbe aux Bois de Siauliai est.	링커 마스터는 마나를 어떻게 사용하는지 알아야겠다고 합니다. 샤울레이 동쪽 숲의 비범한 부베 투사를 처치하는 것으로 어떻게 마나를 사용하는지 보여 주세요.				
QUEST_JOBSTEP_20150317_002077	Faire Son Rapport au Maître Lieur	링커 마스터에게 보고				
QUEST_JOBSTEP_20150317_002078	L'étrange Combattant Vubbe des Bois de Siauliai est a été vaincu. Retourne faire ton rapport au Maître Lieur.	샤울레이 동쪽 숲의 비범한 부베 투사를 처치했습니다. 링커 마스터에게 돌아가 보고하세요.				
QUEST_JOBSTEP_20150317_002079	Vaincre l'étrange Combattant Vubbe	비범한 부베 투사 처치				
QUEST_JOBSTEP_20150317_002080	Vaincre le Salamandre enflammée au 1er étage de la Tour du mage	마법사의 탑 1층의 타오르는 셀러맨더 처치				
QUEST_JOBSTEP_20150317_002081	Le Maître Thaumaturge dit qu'un talent de base est nécessaire pour recevoir l'illumination. Vaincs le Salamandre au 1er étage de la Tour du mage.	쏘마터지 마스터는 깨달음을 얻기 위해선 기본적인 자질이 필요하다고 합니다. 마법사의 탑 1층에서 샐러맨더를 처치하세요.				
QUEST_JOBSTEP_20150317_002082	Faire Son Rapport au Maître Thaumaturge	쏘마터지 마스터에게 보고				
QUEST_JOBSTEP_20150317_002083	Le Salamander a été vaincu. Fais ton rapport au Maître Thaumaturge.	샐러맨더를 처치하는데 성공하였습니다. 쏘마터지 마스터에게 보고하세요.				
QUEST_JOBSTEP_20150317_002084	Vaincre Reaverpede à Vallon de l'arbre restant pour l'épreuve du Maître Élémentaliste	엘레멘탈리스트 마스터의 시험을 위해 머무르는 나뭇골의 리버피드를 처치하세요.				
QUEST_JOBSTEP_20150317_002085	Faire Son Rapport au Maître Élémentaliste	엘레멘탈리스트 마스터에게 보고				
QUEST_JOBSTEP_20150317_002086	Reaverpede a été vaincu avec succès. Fais ton rapport au Maître Élémentaliste.	리버피드를 처치하는데 성공하였습니다. 엘레멘탈리스트 마스터에게 보고하세요.				
QUEST_JOBSTEP_20150317_002087	Rencontrer le Maître Sorcier à Ruisseau de Cristal	수정 개울의 소서러 마스터를 찾아 가세요.				
QUEST_JOBSTEP_20150317_002088	Vaincre Devilglove à Ruisseau de Cristal	수정개울의 데블글로브 처치				
QUEST_JOBSTEP_20150317_002089	Le Maître Sorcier veut évaluer ton habileté. Vaincs Devilglove à Ruisseau de cristal pour prouver ton habileté.	소서러 마스터는 실력 평가를 원하고 있습니다. 수정 개울의 데블글로브를 처치하여 실력을 증명하세요.				
QUEST_JOBSTEP_20150317_002090	Faire Son Rapport au Maître Sorcier	소서러 마스터에게 보고				
QUEST_JOBSTEP_20150317_002091	Devilglove a été vaincu. Fais ton rapport au Maître Sorcier.	데블글로브를 처치하는데 성공했습니다. 소서러 마스터에게 보고하세요.				
QUEST_JOBSTEP_20150317_002092	Parler au Maître Nécromancien à Voie du démon affamé	큰아귀 길의 네크로맨서 마스터와 대화하세요.				
QUEST_JOBSTEP_20150317_002093	Récolter les dépouilles de monstres à Voie du démon affamé	큰 아귀 길의 몬스터 사체 수집				
QUEST_JOBSTEP_20150317_002094	Le Nécromancien t'a demandé de rapporter des dépouilles de monstres. Rapporte des Os de pêcheur bleu, des Entrailles de Lepusbunny et des Becs de Harpeia de Voie du démon affamé.	네크로맨서는 몬스터의 사체를 가져 오라고 합니다. 큰 아귀 길에서 푸른 피셔맨의 뼈, 레푸스버니의 내장, 하르피아의 부리를 모아 오세요.				
QUEST_JOBSTEP_20150317_002095	Remettre les dépouilles au Maître Nécromancien	네크로맨서 마스터에게 사체 전달				
QUEST_JOBSTEP_20150317_002096	Des morceaux de dépouilles ont été récoltés. Retourne voir le Nécromancien.	사체의 일부를 모두 수집했습니다. 네크로맨서에게 돌아가 보세요.				
QUEST_JOBSTEP_20150317_002097	Obtenir %s	%s획득				
QUEST_JOBSTEP_20150317_002098	Se Rendre Auprès du Maître Épéiste à Klaipeda	클라페다의 소드맨 마스터를 찾아 가세요.				
QUEST_JOBSTEP_20150317_002099	Vaincre Honeypin à la Forêt Indigo Profonde	청람머문 숲의 허니핀 처치				
QUEST_JOBSTEP_20150317_002100	Le Maître Épéiste insiste sur l'importance de s'entraîner en combat réel. Vaincs Honeypin à la Forêt indigo profonde et accumule de l'expérience.	소드맨 마스터는 실전과 같은 훈련을 강조하고 있습니다. 청람머문 숲의 허니핀을 처치하여 실전 경험을 쌓아 보세요.				
QUEST_JOBSTEP_20150317_002101	Honeypin a été vaincu. Fais ton rapport au Maître Épéiste.	허니핀을 처치하는데 성공했습니다. 소드맨 마스터에게 보고하세요.				
QUEST_JOBSTEP_20150317_002102	Se Rendre Auprès du Maître Peltaste à Klaipeda	클라페다의 펠타스타 마스터를 찾아 가세요.				
QUEST_JOBSTEP_20150317_002103	Vaincre Gaigalas à la Forêt sans Fleurs	꽃모자른 숲의 가이갈라스 처치				
QUEST_JOBSTEP_20150317_002104	Le Maître Peltaste veut que tu prouves ton habileté. Vaincs Gaigalas à la Forêt sans fleurs et prouve ton habileté.	펠타스타 마스터는 실력을 증명하길 원하고 있습니다. 꽃모자른 숲의 가이갈라스를 처치하여 실력을 증명하세요.				
QUEST_JOBSTEP_20150317_002105	Gaigalas a été vaincu. Fais ton rapport au Maître Peltaste.	가이갈라스를 처치하는데 성공했습니다. 펠타스타 마스터에게 보고하세요.				
QUEST_JOBSTEP_20150317_002106	Vaincre Gaigalas	가이갈라스 처치				
QUEST_JOBSTEP_20150317_002107	Trouver le Maître Highlander à Klaipeda.	클라페다의 하이랜더 마스터를 찾아 가세요.				
QUEST_JOBSTEP_20150317_002108	Le Maître Highlander veut que tu accumules davantage d'expérience. Vaincs Honeypin à la Forêt indigo profonde. 	하이랜더 마스터는 더욱 경험을 쌓기를 원하고 있습니다. 청람머문 숲의 허니핀을 처치하세요.				
QUEST_JOBSTEP_20150317_002109	Honeypin a été vaincu. Fais ton rapport au Maître Highlander.	허니핀을 처치하는데 성공했습니다. 하이랜더 마스터에게 보고하세요.				
QUEST_JOBSTEP_20150317_002110	Le Maître Hoplite possède un talent sur lequel ses confrères peuvent compter. Vaincs Colimencia à la Forêt de roches stratifiées pour prouver ton habileté.	하플라이트 마스터는 동료들이 의지할만한 실력을 원하고 있습니다. 점층바위 숲의 콜리멘시아를 처치하여 실력을 증명하세요.				
QUEST_JOBSTEP_20150317_002111	Colimencia a été vaincue. Fais ton rapport au Maître Hoplite.	콜리멘시아를 처치하는데 성공했습니다. 하플라이트 마스터에게 보고하세요.				
QUEST_JOBSTEP_20150317_002112	Se Rendre Auprès du Maître Barbare aux Bois de Siauliai Est	샤울레이 동쪽 숲의 바바리안 마스터를 찾아 가세요.				
QUEST_JOBSTEP_20150317_002113	Rencontrer le Maître Barbare aux Bois de Siauliai Est	점층바위 숲의 포아타 처치				
QUEST_JOBSTEP_20150317_002114	Le Maître Barbare veut se faire respecter en vainquant les Poata, connus pour attaquer les gens. Vaincs les Poata à la Forêt de roches stratifiées.	바바리안 마스터는 사람들을 습격하는 것으로 악명높은 포아타를 처치하는 것으로 사람들이 자신을 무시하지 않게 하려고 합니다. 점층바위 숲의 포아타를 처치하세요.				
QUEST_JOBSTEP_20150317_002115	Les Poata ont été vaincus. Fais ton rapport au Maître Barbare.	포아타를 처치하는데 성공했습니다. 바바리안 마스터에게 보고하세요.				
QUEST_JOBSTEP_20150317_002116	Rencontrer le Maître Rodelero à Fedimian.	페디미안의 로델레로 마스터를 찾아 가세요.				
QUEST_JOBSTEP_20150317_002117	Le Maître Rodelero veut accumuler une expérience concrète. Vaincs Colimencia à la Forêt de roches stratifiées pour prouver ton habileté.	로델레로 마스터는 실전 경험을 원하고 있습니다. 점층바위 숲의 콜리멘시아를 처치하여 실력을 증명하세요.				
QUEST_JOBSTEP_20150317_002118	Colimencia a été vaincue. Fais ton rapport au Maître Rodelero.	콜리멘시아를 처치하는데 성공했습니다. 로델레로 마스터에게 보고하세요.				
QUEST_JOBSTEP_20150317_002119	Rencontrer le Maître Cataphractaire à la Route tortueuse haute.	높이굽은 길의 캐터프랙트 마스터를 찾아 가세요.				
QUEST_JOBSTEP_20150317_002120	Le Maître Cataphractaire t'a dit qu'il est important de briser tout ce qui entrave ton chemin. Vaincs Gaigalas à la Forêt sans fleurs pour prouver ton habileté.	캐터프랙트 마스터는 난관이 무엇이든 뚫어버리는 것이 중요하다고 합니다. 꽃모자른 숲의 가이갈라스를 처치하여 실력을 증명하세요.				
QUEST_JOBSTEP_20150317_002121	Gaigalas a été vaincu. Fais ton rapport au Maître Cataphractaire.	가이갈라스를 처치하는데 성공했습니다. 캐터프랙트 마스터에게 보고하세요.				
QUEST_JOBSTEP_20150317_002122	Se Rendre Auprès du Maître Écuyer à Fedimian	페디미안의 스콰이어 마스터를 찾아 가세요.				
QUEST_JOBSTEP_20150317_002123	Vaincre les Poata et retrouver le sceau familial	포아타를 처치하여 가문의 문장 찾기				
QUEST_JOBSTEP_20150317_002124	Le Maître Écuyer détient l'emblème de la famille Legwyn. Vaincs les Poata à la Forêt de roches stratifiées pour retrouver l'emblème.	스콰이어 마스터는 르귄가문의 장식을 찾고 있습니다. 점층바위 숲의 포아타를 처치하여 장식을 찾아오세요.				
QUEST_JOBSTEP_20150317_002125	Faire Son Rapport au Maître Écuyer	스콰이어 마스터에게 보고				
QUEST_JOBSTEP_20150317_002126	L'ornement familial a été retrouvé. Fais ton rapport au Maître Écuyer.	가문의 장식을 찾는데 성공했습니다. 스콰이어 마스터에게 보고하세요.				
QUEST_JOBSTEP_20150317_002127	Obtenir l'ornement de la famille Legwyn	르귄가문의 장식 획득				
QUEST_JOBSTEP_20150317_002128	Parler au Maître Corsaire	커세어 마스터와 대화				
QUEST_JOBSTEP_20150317_002129	Rencontrer le Maître Écuyer à Voie du Démon Affamé	큰아귀 길의 커세어 마스터를 찾아 가세요.				
QUEST_JOBSTEP_20150317_002130	Le Maître Corsaire veut que tu prouves ton habileté. Vaincs Honeypin à la Forêt indigo profonde pour prouver ton habileté.	커세어 마스터는 실력을 증명하라고 합니다. 청람머문 숲의 허니핀을 처치하여 실력을 증명하세요.				
QUEST_JOBSTEP_20150317_002131	Faire Son Rapport au Maître Corsaire	커세어 마스터에게 보고				
QUEST_JOBSTEP_20150317_002132	Honeypin a été vaincu. Fais ton rapport au Maître Corsaire.	허니핀을 처치하는데 성공했습니다. 커세어 마스터에게 보고하세요.				
QUEST_JOBSTEP_20150317_002133	Parler au Maître Doppelsoeldner	도펠죌트너 마스터와 대화				
QUEST_JOBSTEP_20150317_002134	Rencontrer le Maître Doppelsoeldner au Port oublié.	잊혀진 나루의 도펠죌트너 마스터를 찾아 가세요.				
QUEST_JOBSTEP_20150317_002135	Le Maître Doppelsoeldner veut que tu prouves ton habileté en vainquant Gaigalas à la Forêt sans fleurs.	도펠죌트너 마스터는 꽃모자른 숲의 가이갈라스를 처치하여 실력을 증명하길 원하고 있습니다.				
QUEST_JOBSTEP_20150317_002136	Faire Son Rapport au Maître Doppelsoeldner	도펠죌트너 마스터에게 보고				
QUEST_JOBSTEP_20150317_002137	Gaigalas a été vaincu. Fais ton rapport au Maître Doppelsoeldner.	가이갈라스를 처치하는데 성공했습니다. 도펠죌트너 마스터에게 보고하세요.				
QUEST_JOBSTEP_20150317_002138	Parler au Maître Chronomancien	크로노맨서 마스터와 대화				
QUEST_JOBSTEP_20150317_002139	Parler au Maître Chronomancien à la Route tortueuse haute.	높이굽은길에 있는 크로노맨서 마스터와 대화하세요.				
QUEST_JOBSTEP_20150317_002140	Vaincre Reaverpede à Vallon de l'Arbre Restant	머무르는 나뭇골의 리버피드 처치				
QUEST_JOBSTEP_20150317_002141	Pour l'épreuve du Maître Chronomancien, vaincs Reaverpede à Vallon de l'arbre restant.	크로노맨서 마스터의 시험을 위해 머무르는 나뭇골의 리버피드를 처치하세요.				
QUEST_JOBSTEP_20150317_002142	Faire Son Rapport au Maître Chronomancien	크로노맨서 마스터에게 보고				
QUEST_JOBSTEP_20150317_002143	Reaverpede a été vaincu. Fais ton rapport au Maître Chronomancien.	리버피드를 처치하는데 성공하였습니다. 크로노맨서 마스터에게 보고하세요.				
QUEST_JOBSTEP_20150317_002144	Rencontrer le Maître Mage	위저드 마스터 만나기				
QUEST_JOBSTEP_20150317_002145	Rencontrer le Maître Mage à Klaipeda	클라페다에 있는 위저드 마스터를 만나세요				
QUEST_JOBSTEP_20150317_002146	Vaincre Ironbaum aux Bois de Siauliai Est	샤울레이 동쪽 숲의 아이언바움 처치				
QUEST_JOBSTEP_20150317_002147	Le Maître Mage est mécontent de la situation. Personne n'affronte les monstres en première ligne. Rends-toi aux Bois de Siauliai est et vaincs Ironbaum.	위자드 마스터는 근처에 몬스터들의 위험이 도사리는데도 아무도 나서지 않는 행태에 불만이 많은 것 같습니다. 샤울레이 동쪽 숲으로 가서 아이언바움을 처치하세요.				
QUEST_JOBSTEP_20150317_002148	Ironbaum a été vaincu. Retourne voir le Maître Mage.	아이언바움을 처치하는데 성공하였습니다. 위저드 마스터에게 돌아가세요.				
QUEST_JOBSTEP_20150317_002149	Rencontrer le Maître Pyromancien	파이로맨서 마스터 만나기				
QUEST_JOBSTEP_20150317_002150	Rencontrer le Maître Pyromancien à Klaipeda	클라페다에 있는 파이로맨서 마스터를 만나세요				
QUEST_JOBSTEP_20150317_002151	Le Maître Pyromancien n'apprécie pas que le Maître Cryomancien reste inactif alors que Klaipeda est menacée. Vaincs Ironbaum aux Bois de Siauliai est et montre-lui comment on procède.	파이로맨서 마스터는 클라페다가 위험에 처했는데도 눈 하나 꿈쩍 안하는 크리오맨서 마스터가 야속한가 봅니다. 본때를 보여주기 위해 샤울레이 동쪽 숲으로 가서 아이언바움을 처치하세요.				
QUEST_JOBSTEP_20150317_002152	Ironbaum a été vaincu. Retourne voir le Maître Pyromancien.	아이언바움을 처치하는데 성공했습니다. 파이로맨서 마스터에게 돌아가세요.				
QUEST_JOBSTEP_20150317_002153	Rencontrer le Maître Cryomancien	크리오맨서 마스터 만나기				
QUEST_JOBSTEP_20150317_002154	Rencontrer le Maître Cryomancien à Klaipeda	클라페다에 있는 크리오맨서 마스터를 만나세요				
QUEST_JOBSTEP_20150317_002155	Le Maître Cryomancien dit que les autres maîtres se moquent de lui et veut que tu y remédies. Vaincs Ironbaum aux Bois de Siauliai est.	크리오맨서 마스터는 다른 마스터들이 자신의 흉을 본다며 대신 나서주길 원하고 있습니다. 샤울레이 동쪽 숲에서 아이언바움을 물리치세요.				
QUEST_JOBSTEP_20150317_002156	Ironbaum a été vaincu. Retourne voir le Maître Cryomancien.	아이언바움을 물리치는데 성공하였습니다. 크리오맨서 마스터에게 돌아가세요.				
QUEST_JOBSTEP_20150317_002157	Rencontrer le Maître Psychokinésiste	사이코키노 마스터 만나기				
QUEST_JOBSTEP_20150317_002158	Rencontrer le Maître Psychokinésiste au Village des Mineurs	샤울레이 광산 마을의 사이코키노 마스터를 만나세요				
QUEST_JOBSTEP_20150317_002159	Vaincre le Loup-garou au Village des Mineurs	사울레이 광산 마을의 웨어울프 처치				
QUEST_JOBSTEP_20150317_002160	Le Maître Psychokinésiste est occupé mais ne veut pas laisser au Maître Lieur l'occasion de vaincre le Loup-garou. Vaincs le Loup-garou au Village des mineurs.	사이코키노 마스터는 매우 바쁘지만 링커 마스터에겐 넘겨주기 아깝다면서 웨어울프를 대신 잡아주길 원하고 있습니다. 샤울레이 광산 마을의 웨어울프를 처치하세요.				
QUEST_JOBSTEP_20150317_002161	Le Werewolf a été vaincu. Retourne faire ton rapport au Maître Psychokinésiste.	웨어울프를 처치하는데 성공하였습니다. 사이코키노 마스터에게 돌아가 보고하세요.				
QUEST_JOBSTEP_20150317_002162	Rencontrer le Maître Lieur	링커 마스터 만나기				
QUEST_JOBSTEP_20150317_002163	Rencontrer le Maître Lieur au Village des Mineurs de Siauliai	샤울레이 광산 마을의 링커 마스터를 만나세요				
QUEST_JOBSTEP_20150317_002164	Vaincre le Loup-garou au Village des Mineurs de Siauliai	샤울레이 광산 마을의 웨어울프 처치				
QUEST_JOBSTEP_20150317_002165	Le Maître Lieur veut qu'un apprenti Lieur vainque le Loup-garou pour montrer au Maître Psychokinésiste qui commande. Vaincs le Loup-garou au Village des mineurs de Siauliai.	링커 마스터는 링커 지망생이 웨어울프를 처치함으로써 사이코키노 마스터의 코를 납작하게 눌러 주고 싶어 합니다. 샤울레이 광산 마을의 웨어울프를 처치하세요.				
QUEST_JOBSTEP_20150317_002166	Le Werewolf a été vaincu. Retourne faire ton rapport au Maître Lieur.	웨어울프를 처치하는데 성공했습니다. 링커 마스터에게 돌아가 보고하세요.				
QUEST_JOBSTEP_20150317_002167	Rencontrer le Maître Thaumaturge	쏘마터지 마스터 만나기				
QUEST_JOBSTEP_20150317_002168	Rencontrer le Maître Thaumaturge à Fedimian	페디미안에 있는 쏘마터지 마스터를 만나세요.				
QUEST_JOBSTEP_20150317_002169	Vaincre les Netherbovine à Ligne de Faille	단층지에서 네더보바인을 처치				
QUEST_JOBSTEP_20150317_002170	Le Maître Thaumaturge t'a dit que tous les maîtres s'unissent pour vaincre les monstres qui semblent le chaos ; si tu veux devenir Thaumaturge, tu dois y participer aussi. Vaincs les Netherbovine qui sèment le chaos à Ligne de faille.	쏘마터지 마스터는 난동을 부리는 몬스터를 처치하는데 마스터들이 합심하고 있다면서 쏘마터지 지망생이라면 응당 참여해야 할 것이라고 합니다. 단층지에서 난동을 부리는 네더보바인을 처치하세요.				
QUEST_JOBSTEP_20150317_002171	Les Netherbovine ont été vaincus. Retourne faire ton rapport au Maître Thaumaturge.	네더보바인을 처치하는데 성공했습니다. 쏘마터지 마스터에게 돌아가 보고하세요.				
QUEST_JOBSTEP_20150317_002172	Rencontrer le Maître Élémentaliste	엘레멘탈리스트 마스터 만나기				
QUEST_JOBSTEP_20150317_002173	Rencontrer le Maître Élémentaliste à Fedimian	페디미안에 있는 엘레멘탈리스트 마스터를 만나세요.				
QUEST_JOBSTEP_20150317_002174	Vaincre les Netherbovine à Ligne de Faille	단층지의 네더보바인 처치				
QUEST_JOBSTEP_20150317_002175	Les maîtres de Fedimian traquent les monstres qui disparaissent après avoir semé le chaos. En tant que candidat Élémentaliste, vaincs les Netherbovine apparus à Ligne de faille.	페디미안의 마스터들은 난동을 부리고 사라지는 몬스터를 쫓고 있다고 합니다. 엘리멘탈리스트의 지망생으로써 단층지에 나타난 네더보바인을 처치하세요.				
QUEST_JOBSTEP_20150317_002176	Reaverpede a été vaincu avec succès. Fais ton rapport au Maître Élémentaliste.	네더보바인을 처치하는데 성공하였습니다. 엘레멘탈리스트 마스터에게 보고하세요.				
QUEST_JOBSTEP_20150317_002177	Rencontrer le Maître Sorcier	소서러 마스터 만나기				
QUEST_JOBSTEP_20150317_002178	Rencontrer le Maître Sorcier à Ruisseau de Cristal	수정개울에 있는 소서러 마스터를 만나세요				
QUEST_JOBSTEP_20150317_002179	Le Maître Sorcier dit qu'on ne peut rester tranquille quand les démons rôdent. Rends-toi au Ancien jardin de la Déesse et vaincs le Necroventer.	소서러 마스터는 마족들이 창궐하는 지금 태평하게 있어도 되냐면서 소서러를 지망한다면 자신의 뜻을 따라 줄 것을 원하고 있습니다. 여신의 옛뜰로 가서 네크로벤터를 처치하세요.				
QUEST_JOBSTEP_20150317_002180	Le Necroventer a été vaincu. Retourne faire ton rapport au Maître Sorcier.	네크로벤터를 처치하는데 성공했습니다. 소서러 마스터에게 돌아가 보고하세요.				
QUEST_JOBSTEP_20150317_002181	Rencontrer le Maître Chronomancien	크로노맨서 마스터 만나기				
QUEST_JOBSTEP_20150317_002182	Rencontrer le Maître Chronomancien à la Route Tortueuse Haute	높이굽은 길에 있는 크로노맨서 마스터를 만나세요				
QUEST_JOBSTEP_20150317_002183	Le Maître Chronomancien doute de tes capacités. Vaincs le Necroventer au Ancien jardin de la Déesse pour faire tes preuves.	크로노맨서 마스터는 당신의 실력에 의구심을 품고 있습니다. 여신의 옛뜰에서 네크로벤터를 처치하여 스스로를 증명하세요.				
QUEST_JOBSTEP_20150317_002184	Le Necroventer a été vaincu. Retourne faire ton rapport au Maître Chronomancien.	네크로벤터를 처치하는데 성공하였습니다. 크로노맨서 마스터에게 돌아가 보고하세요.				
QUEST_JOBSTEP_20150317_002185	Rencontrer Vaidotas	바이도타스 만나기				
QUEST_JOBSTEP_20150317_002186	Trouver Vaidotas au Village des mineurs de Siauliai.	샤울레이 광산 마을의 바이도타스를 찾아 가세요.				
QUEST_JOBSTEP_20150317_002187	Vaidotas dit qu'apprendre n'est pas difficile, mais qu'il faut en être digne. Vaincs le Loup-garou au Village des mineurs pour faire tes preuves.	바이도타스는 배우는건 어렵지 않지만 그에 걸맞는 격을 가지고 있어야 한다고 합니다. 그 격을 증명하기 위해 샤울레이 광산 마을에서 웨어울프를 처치하세요.				
QUEST_JOBSTEP_20150317_002188	Faire Son Rapport à Vaidotas	바이도타스에게 보고				
QUEST_JOBSTEP_20150317_002189	Le Werewolf a été vaincu. Retourne faire ton rapport à Vaidotas.	웨어울프를 처치하는데 성공하였습니다. 바이도타스에게 돌아가 보고하세요.				
QUEST_JOBSTEP_20150317_002190	Parler au Maître Tireur de carreaux à Klaipeda.	클라페다에 있는 쿼렐슈터 마스터와 대화해 보세요.				
QUEST_JOBSTEP_20150317_002191	Retrouver la lentille au 1er étage de la Mine de cristal	수정광산 1층에서 렌즈 찾기				
QUEST_JOBSTEP_20150317_002192	Le Tireur de carreaux dit qu'en observant à travers le télescope de la Tour astrale, il a trouvé des indices sur la lentille. Rends-toi au 1er étage de la Mine de cristal et cherche la lentille.	쿼렐슈터는 별의 탑에 있던 망원경을 찾고 있다며 그 중 렌즈의 단서를 얻었다고 합니다. 수정광산 1층으로 가서 렌즈를 찾아 보세요.				
QUEST_JOBSTEP_20150317_002193	La lentille a été retrouvée. Remets-la au Maître Tireur de carreaux.	렌즈를 찾았습니다. 쿼렐슈터 마스터에게 전해 주세요.				
QUEST_JOBSTEP_20150317_002194	Vaincre les Shadowgaler et obtenir %s	섀도게일러를 처치해 %s 획득				
QUEST_JOBSTEP_20150317_002195	Se Rendre Auprès du Maître Rôdeur à Klaipeda	클라페다에 있는 레인저 마스터를 찾아 가세요.				
QUEST_JOBSTEP_20150317_002196	Récolter des Échantillons de Venin de Chauve-souris	박쥐의 독 견본 수집				
QUEST_JOBSTEP_20150317_002197	Le Maître Rôdeur a mentionné un assassin nommé Evonipon et veut un échantillon du venin qu'il utilisait. Récolte des échantillons de venin sur les chauves-souris au 1er étage de la Mine de cristal.	레인저 마스터는 에보니폰 이라는 암살자를 언급하면서 그가 쓰던 독 견본을 원하고 있습니다. 수정광산 1층의 박쥐들에게서 독 견본을 수집하세요.				
QUEST_JOBSTEP_20150317_002198	Tous les échantillons de poison nécessaires ont été récoltés. Apporte-les au Maître Rôdeur.	독 견본을 전부 수집했습니다. 레인저 마스터에게 가져다 주세요.				
QUEST_JOBSTEP_20150317_002199	Vaincre les chauves-souris et obtenir %s	박쥐들을 처치해 %s 획득				
QUEST_JOBSTEP_20150323_002200	Le cuir des Glizardon et le croc des Galok au sous-sol 1 de l'Église de Tenet.{nl}Et la poudre noire des Egnome au 2e étage. Rapporte-moi tout ça, je te prie.	테넷 성당 지하 1층의 글리자돈의 가죽, 지상 1층의 갈록의 송곳니.{nl}그리고 지상 2층의 이노움의 검은가루를 제게 가져오세요.				
QUEST_JOBSTEP_20150323_002201	Psychokinésiste. Je te garantis que c'est un domaine vraiment formidable.{nl}Mais si tu pouvais aider mes recherches	사이코키노라. 굉장히 멋진 분야라는 것은 내 보증하지.{nl}단, 내 연구를 도와 주겠다면 말야.				사이코키노 마스터
QUEST_JOBSTEP_20150323_002202	Récolte l'alcool de fleur des Doyor au Ravin de Veja, je te prie.{nl}Ils se brisent facilement, il sera donc difficile d'en obtenir de convenables.	베야 골짜기에서 도요르를 잡아서 꽃술을 모아 주게.{nl}쉽게 망가져서 온전한 걸 구하기가 쉽지 않아.				
QUEST_JOBSTEP_20150323_002203	Bien. L'alcool de fleur est intact.{nl}Je vais t'apprendre à quel point c'est formidable.	좋군. 꽃술이 온전히 살아 있어.{nl}내 밑에서 배우다 보면 자네도 이게 얼마나 굉장한 일인지 알게 될걸세.				
QUEST_JOBSTEP_20150323_002204	Bien. Avant l'épreuve, il me faut quelques ingrédients.{nl}Rapporte-moi le noyau des Corylus et le sang des Galok au 1er étage de l'Église de Tenet, je te{nl}prie.	좋아요. 시험에 앞서 약간의 재료들이 필요해요.{nl}테넷 성당 지상 1층에서 코릴러스의 핵과 갈록의 피를 제게 가져다주세요.				링커 서브 마스터
QUEST_JOBSTEP_20150323_002205	Je vais commencer l'épreuve. {nl}Il y a une faille entre les deux mondes au 1er étage de l'Église de Tenet.{nl}	시험을 시작하겠어요. {nl}테넷 성당 지상 1층에 이면세계의 찢어진 틈이 있죠.{nl}				링커 서브 마스터
QUEST_JOBSTEP_20150323_002206	Pas encore ?{nl}Rends-toi au 1er étage de l'Église de Tenet et va droit à l'endroit marqué sur la carte.	아직이신가요?{nl}테넷 성당 지상 1층에 가셔서 제가 지도에 표시해드린 곳으로 곧장 가시면 됩니다.				링커 서브 마스터
QUEST_JOBSTEP_20150323_002207	Le Maître Tireur de carreaux doit avoir le livre suivant.{nl}Il cherchait du cuir résistant de Glizardon, tu peux donc peut-être négocier avec lui grâce à ça.	다음 권은 쿼렐슈터 마스터가 가지고 계세요.{nl}예전에 글리자돈의 질긴 가죽을 찾으시던데, 어쩌면 그걸로 거래해 볼 수도 있겠네요.				헌터 마스터
QUEST_JOBSTEP_20150323_002208	Le cuir résistant de Glizardon du Maître Chasseur n'est pas encore arrivé ?	헌터 마스터에게서 글리자돈의 질긴 가죽은 아직인가?				쿼렐슈터 마스터
QUEST_JOBSTEP_20150323_002209	Les Glizardon sont au sous-sol 1 de l'Église de Tenet. Le Maître Tireur de carreaux est à{nl}Klaipeda.{nl}Quelqu'un d'autre pourrait te devancer, alors dépêche-toi.	글리자돈은 테넷 성당 지하 1층에, 쿼렐슈터 마스터는 클라페다에 있어요. {nl}다른 사람이 선수 칠 수도 있으니 어서 가보세요.				헌터 마스터
QUEST_JOBSTEP_20150323_002210	Ah, tu tombes à pic.{nl}Si tu peux obtenir pour moi le cuir résistant de Glizardon destiné au Maître Tireur de carreaux,{nl}je ferai une copie du livre suivant.	아, 마침 잘 왔어.{nl}쿼렐슈터 마스터께서 글리자돈의 질긴 가죽을 구해다 주면 다음 권의 사본을 만들어 주시겠대.				아처 마스터
QUEST_JOBSTEP_20150323_002211	Le cuir résistant de Glizardon du Maître Archer n'est pas encore arrivé ?	아처 마스터에게서 글리자돈의 질긴 가죽은 아직인가?				쿼렐슈터 마스터
QUEST_JOBSTEP_20150323_002212	On peut voir des Glizardon au sous-sol 1 de l'Église de Tenet.{nl}Prélève leur cuir et apporte-le au Maître Tireur de carreaux à Klaipeda.	글리자돈은 테넷 성당 지하 1층에서 볼 수 있어.{nl}깨끗하게 갈무리해서 클라페다에 계신 쿼렐슈터 마스터에게 가져다 드려.				아처 마스터
QUEST_JOBSTEP_20150323_002213	Tu tombes à pic. {nl}Si le Maître Tireur de carreaux peut m'obtenir le cuir résistant de Glizardon, je te ferai une copie{nl}du livre suivant.	마침 잘 왔어. {nl}쿼렐슈터 마스터가 글리자돈의 질긴 가죽을 구해 오면 다음 권의 사본을 만들어 주겠대.				레인저 마스터
QUEST_JOBSTEP_20150323_002214	Le Maître Rôdeur ne t'a rien dit ?{nl}Je lui avais demandé le cuir résistant de Glizardon.	레인저 마스터가 뭐라고 하진 않던가?{nl}글리자돈의 질긴 가죽을 부탁했었는데.				쿼렐슈터 마스터
QUEST_JOBSTEP_20150323_002215	Les Glizardon sont au sous-sol 1 de l'Église de Tenet. Le Maître Tireur de carreaux est à{nl}Klaipeda.{nl}Dépêche-toi avant que quelqu'un ne prenne le livre en premier...	글리자돈은 테넷 성당 지하 1층에, 쿼렐슈터 마스터는 클라페다에 있어. {nl}어머. 빨리 가지 않으면 다른 사람이 먼저 채갈지도 모르겠네, 그 책..				레인저 마스터
QUEST_JOBSTEP_20150323_002216	Soutiens-nous avec 5 écorces d'arbre en compensation de notre aide, je te prie.{nl}Les Tipio du Ravin de Veja feront l'affaire.	협조를 구하는 댓가로 방패를 만들 성긴 나무 껍질 5개를 지원해 주게.{nl}베야 골짜기의 티피오 정도면 충분하겠지.				
QUEST_JOBSTEP_20150323_002217	Les Peltastes ont autrefois reçu l'aide du Maître Highlander.{nl}Si tu veux rejoindre les Peltastes, tu dois entreprendre le devoir de compenser cette aide.	일전에 하이랜더 마스터께 도움을 받은 적이 있지요.{nl}당신도 펠타스타의 일원이 되고자 하신다면 보답의 도리를 다 할 의무가 있습니다.				
QUEST_JOBSTEP_20150323_002218	C'est le Maître Peltaste qui envoie ça ? J'en suis très reconnaissant.{nl}Dis-lui que j'en ferai bon usage.	펠타스타 마스터가 보냈다고? 이거 참 고마운 일이군.{nl}보내준 재료는 잘 쓰겠다고 전해주게.				하이랜더 마스터
QUEST_JOBSTEP_20150323_002219	Je suis ravi d'apprendre que cela a plu au Maître Highlander.{nl}Comme promis, je vais te laisser apprendre les leçons du Peltaste.	하이랜더 마스터가 마음에 들어했다니 다행입니다.{nl}약속대로 펠타스타의 가르침을 받도록 허락하지요.				
QUEST_JOBSTEP_20150323_002220	J'ai entendu dire que le Maître Highlander cherche des griffes de Beetow.{nl}Je pense que cette tâche te conviendra.	듣자하니 하이랜더 마스터께선 비토우의 발톱을 찾으신다는군요.{nl}그 정도라면 당신에게도 적당한 임무라고 생각합니다.				
QUEST_JOBSTEP_20150323_002221	Rends-toi au Jardin de Tenet et pose ce pot au sol.{nl}Si tu vaincs des monstres ensuite, les énergies s'accumuleront dans le pot.	테넷 화원으로 가서 이 항아리를 바닥에 놔.{nl}그 다음엔 근처에 있는 몬스터를 처치하면 항아리에 기운이 모일거야.				
QUEST_JOBSTEP_20150323_002222	Dans ce cas, combats les Beetow au Ravin de Veja.{nl}Tu en tireras une révélation.	그렇다면 베야 골짜기의 비토우와 싸워 보려므나.{nl}그 과정에서 깨닳음을 얻을 수 있을 게다.				
QUEST_JOBSTEP_20150323_002223	D'abord, rapporte-moi des os de Glizardon du sous-sol 1 et des poils de Galok du 1er étage de l'Église de Tenet, je te prie.{nl}Et rapporte-moi aussi des fragments d'Egnome du 2e étage. Bien, je compte sur toi.	먼저 테넷 성당 지하 1층의 글리자돈의 뼈, 지상 1층의 갈록의 털.{nl}그리고 지상 2층의 이노움의 파편을 가져다 줘. 그럼 부탁할게.				
QUEST_JOBSTEP_20150323_002224	La réalité change selon ma volonté. Et cela devient possible par la seule pensée !{nl}C'est ce qu'on appelle le pouvoir surnaturel.{nl}L'ampleur du pouvoir dépend de la foi qu'on place en son propre pouvoir...{nl}	현실이 내가 생각한 대로 움직여진다. 오로지 생각으로만 그걸 가능케 한다!{nl}그런 게 바로 초능력이란다.{nl}자신의 힘을 얼마나 믿고 있는지에 따라 그 세기도 달라지는 거고..{nl}				
QUEST_JOBSTEP_20150323_002225	Bien, tu veux donc devenir Psychokinésiste ?{nl}Si tu peux m'aider un peu dans mon travail, je t'aiderai à découvrir tes capacités cachées.	자. 사이코키노를 지망한다고 했지?{nl}내 일만 조금 도와준다면 자네에게 감춰진 진짜 재능을 발휘할 수 있도록 도와주겠어.				
QUEST_JOBSTEP_20150323_002226	Rapporte-moi les essences des Minotaures et des Chapparition du Voie de la porte, je te prie.{nl}Bien... je compte sur toi.	관문로에 가서 미노타우로스와 채퍼리션을 찾아 그들의 정수를 가져 오게.{nl}어디.. 기대해 보겠어.				사이코키노 마스터
QUEST_JOBSTEP_20150323_002227	Bien. C'est ça. Rien qu'à sa couleur, je peux dire que c'est saturé de pouvoir démoniaque.{nl}Je vais désormais t'enseigner ce qu'est un vrai Psychokinésiste, alors prépare-toi !	이거군. 이거야. 색만 봐도 마기가 흘러넘칠 것 같아.{nl}이제부터 진짜 사이코키노가 뭔지 가르쳐 줄 테니 긴장하는 게 좋을 거네!				사이코키노 마스터
QUEST_JOBSTEP_20150323_002228	Mon vieux collègue parti à la Forêt de Sirdgela m'a dit avoir vu une carte à l'aspect étrange.{nl}Je suis certain que c'est la carte que nous cherchons.	일전에 시르드겔라 숲에 갔던 내 옛 동료가 그러길 요상한 지도를 봤대.{nl}그 녀석이 하는 얘길 들어보니까 확실히 그 지도가 맞긴 맞는 거 같아.				새퍼 마스터
QUEST_JOBSTEP_20150323_002229	J'ai entendu dire qu'un Minotaure la détient quelque part dans la Forêt de Sirdgela.{nl}Ce monstre n'est pas facile, alors prépare-toi sérieusement.	시르드겔라 숲 어딘가에서 미노타우로스가 가지고 있댔어.{nl}그 몬스터 때문에 무지 고생했다니까 단단히 준비해 가는게 좋을 거야.				
QUEST_JOBSTEP_20150323_002230	Evoniphon...{nl}Le Maître Rôdeur semble encore avoir des regrets.{nl}	에보니폰이라. {nl}아직도 레인저 마스터는 미련이 남아 있나 봅니다.{nl}				사두 마스터
QUEST_JOBSTEP_20150323_002231	J'ai vu le Maître Élémentaliste parler à un homme encapuchonné.{nl}Je ne peux pas affirmer que c'était lui, mais je ne pourrai jamais oublier ce parfum.	엘리멘탈리스트 마스터가 후드를 눌러 쓴 남자와 대화하는 걸 본 적이 있습니다.{nl}그가 맞다곤 확신할 순 없지만, 그 특유의 향은 절대 잊을 수 없습니다.				사두 마스터
QUEST_JOBSTEP_20150323_002232	Après avoir parlé à l'Élémentaliste, il a disparu dans les ténèbres.{nl}Tu ferais mieux d'aller lui parler.	엘리멘탈리스트 마스터와 짧은 대화를 나눈 뒤 어둠 속으로 사라졌습니다.{nl}그에게 가 보시는게 좋겠습니다.				
QUEST_JOBSTEP_20150323_002233	Je lui ai dit que cela pouvait s'obtenir dans la Forêt de Sirdgela.{nl}C'est l'endroit d'où même la fameuse équipe de recherche du Maître Rodelero a pris la fuite.	시르드겔라 숲에서 구할 수 있을 거라 알려드렸습니다.{nl}그 유명한 로델레로 마스터의 정찰 부대도 도망쳐 나온 곳이지요.				엘리멘탈리스트 마스터
QUEST_JOBSTEP_20150323_002234	Je cherche la trace d'un homme. Son nom est Evoniphon.{nl}J'ai entendu dire que le Maître Sadhu de Crête d'Akmens a des informations sur lui, alors vas-y.	어떤 남자의 흔적을 찾고 있어. 이름은 에보니폰.{nl}아크멘스 능선의 사두 마스터가 그의 정보를 갖고 있다고 하니 가봐.				레인저 마스터
QUEST_JOBSTEP_20150323_002235	Ce n'est pas une tâche énorme. Je veux que tu aides mon expérience...{nl}D'abord, rapporte-moi du Jus inflammable de Tontulia de Carrefour de Zachariel, je te prie.	뭐 그리 대단한 일은 아냐. 내 실험을 하나 도와줬으면 좋겠는데..{nl}먼저 자카리엘 교차로에서 톤투리아의 잘 타는 즙을 모아줘.				새퍼 마스터
QUEST_JOBSTEP_20150323_002236	En fait, les Tonturia ne sont rien, mais la présence de nombreux autres monstres aux alentours est plus dangereuse.{nl}Hmm... Bonne chance !	사실 톤투리아는 별거 아닌데 주변에 다른 몬스터도 많이 있는게 위험하지.{nl}음.. 힘내!				
QUEST_JOBSTEP_20150323_002237	Mon père est un marchand qui vient souvent à Fedimian.{nl}Mais depuis qu'il est entré dans la Forêt de Sirdgela pour une transaction, il n'est jamais revenu.{nl}	저희 아버지는 페디미안을 오가시는 행상인이세요.{nl}하지만 거래를 하러 시르드겔라 숲으로 가시고선, 다신 돌아오지 않으셨어요.{nl}				잡화 상인 미리나
QUEST_JOBSTEP_20150323_002238	J'ai entendu dire qu'un soldat de Fedimian a vu les bagages d'un marchand dans la Forêt de{nl}Sirdgela.{nl}La seule personne en qui je peux avoir confiance en ce moment, c'est toi. Je t'en prie... je compte{nl}sur toi !	페디미안의 병사가 시르드겔라 숲에서 행상인의 짐을 본 적이 있다고 하더라고요.{nl}지금 부탁할 수 있는 분이 당신밖에 없어요. 꼭.. 부탁할게요!				잡화 상인 미리나
QUEST_JOBSTEP_20150323_002239	C'est le symbole que j'avais gravé sur la manche de mon père...{nl}C'est si précieux pour moi... Merci.	이건 제가 아버지 소매에 넣어드린 문양인데..{nl}제겐 너무 소중한 아버지의 유품이네요... 감사합니다.				잡화 상인 미리나
QUEST_JOBSTEP_20150323_002240	Pose simplement ce pot à la Crête de Ramstis.{nl}Le problème, c'est le Chapparition là-bas... Tu devrais pouvoir le vaincre facilement.	람스티스 협곡에 이 항아리를 놓고 오기만 하면 돼.{nl}문제는 그 자리에 버티고 있는 채퍼리션인데.. 너 정도면 분명 처치할 수 있을 거야.				
QUEST_JOBSTEP_20150323_002241	Rapporte-moi des Chamans Hogma et des crocs de gardes du Plateau de Rex, je te prie.{nl}Ce ne sera pas difficile pour toi.{nl}	왕의 고원의 호그마 주술사와 파수꾼의 송곳니를 구해 오세요.{nl}당신 정도라면 어려운 일은 아닐 겁니다.{nl}				
QUEST_JOBSTEP_20150323_002242	J'aime ta détermination.{nl}Vaincs Sparnasman à la Gorge de Vieta pour prouver ton habileté, je te prie.	패기는 마음에 드는군.{nl}그렇다면 비에타 계곡의 스파나스맨으로 실력을 보여보게.				캐터프랙트 마스터
QUEST_JOBSTEP_20150323_002243	Le Cataphractaire est un guerrier qui se tient devant tous et combat.{nl}S'il y a des obstacles sur le chemin, il les transperce.{nl}J'ai eu une bonne idée.	캐터프랙트는 누구보다 앞에 나서서 싸우는 전사이지.{nl}하고자 하는 일에 방해되는 건 전부 뚫어버리면 되는 거야.{nl}마침 적당한 게 하나 떠올랐군.				
QUEST_JOBSTEP_20150323_002244	J'ai entendu dire que des monstres appelés Biteregina attaquent les voyageurs à la Tombe des menottes.{nl}Je reconnaîtrai ton habileté si tu peux vaincre ces monstres.	비테레지나라는 몬스터가 매너클 묘지에서 여행객들을 습격한다나봐.{nl}그 몬스터를 처치한다면 너의 실력을 인정해주겠어.				
QUEST_JOBSTEP_20150323_002245	Félicitations pour avoir réussi l'épreuve.{nl}Mes leçons sont strictes, alors j'espère que tu suivras bien.	시험에 통과한 것을 축하하네.{nl}내 가르침은 엄격하니까 잘 따라오라고.				
QUEST_JOBSTEP_20150323_002246	On dit que Sparnasman menace les gens à la Gorge de Vieta.{nl}Ce ne sera pas un adversaire facile, mais il suffira à prouver ton habileté.	비에타 계곡의 스파나스맨이 사람들에게 위협을 가하고 있다고 한다.{nl}쉽지 않은 상대겠지만, 그대의 실력을 가늠하기 충분할 것이다.				하이랜더 마스터
QUEST_JOBSTEP_20150323_002247	La qualité la plus précieuse aux yeux du Peltaste est le courage.{nl}Car le Peltaste ne doit pas esquiver les attaques ennemies, mais les bloquer avec son bouclier.	펠타스타는 담력을 제일 중요하게 여깁니다.{nl}적의 공격을 피하지 않고 방패로 막아내야 하기 때문이지요.{nl}				
QUEST_JOBSTEP_20150323_002248	Avant d'apprendre mes leçons, tu dois me montrer à quel point tu es courageux.{nl}	제게 가르침을 받기 전에 당신이 얼마나 대범한지를 보여주셔야겠습니다.{nl}				
QUEST_JOBSTEP_20150323_002249	Vaincs les Chapparition à la Crête de Ramstis.{nl}Cette désolation conviendra pour éprouver ton cran.	람스티스 협곡의 채퍼리션을 처치하십시오.{nl}그 음산함은 그대의 담력을 시험하는데 적합할 것입니다.				
QUEST_JOBSTEP_20150323_002250	Ne t'inquiète pas, j'ajusterai le niveau du duel au tien.{nl}Bien, alors je commence !	대련은 당신의 수준에 맞춰 드릴 테니 너무 걱정하지 마세요.{nl}그럼 갑니다!				사두 마스터
QUEST_JOBSTEP_20150323_002251	Je te montrerai n'importe quelle arme, arc ou arme à feu. Allez.	활이든 바람총이든 다 꺼내서 보여 줄 테니까 어서 덤벼.				
QUEST_JOBSTEP_20150323_002252	Alors que je transportais les documents de recherche que j'avais découverts, quelques-uns se{nl}sont envolés à cause du vent.{nl}Ils sont à la Crête de Ramstis, mais je n'ai pas le temps de les retrouver. Je compte sur toi.	이전에 발견한 연구 자료를 옮기다가 그만 몇 장이 바람에 날아갔지뭐예요.{nl}람스티스 협곡인데 전 도저히 틈이 안나서요. 그럼 부탁해요.				쏘마터지 마스터
QUEST_JOBSTEP_20150323_002253	Tu les as retrouvés plus vite que prévu.{nl}Bien, je vais t'aider à exploiter tes capacités de Thaumaturge.	생각보다 빨리 찾으셨네요?{nl}좋아요. 제가 당신 곁에서 쏘마터지의 능력을 이끌어 낼 수 있도록 도울게요.				
QUEST_JOBSTEP_20150323_002254	Rapporte-moi le sang des Chamans Hogma et des Éclaireurs Hogma du Plateau du roi,{nl}et enfin, le sang du Capitaine Hogma de Carrefour de Zachariel, je te prie.	왕의 고원에서 호그마 주술사와 호그마 파수꾼의 피,{nl}마지막으로 자카리엘 교차로에서 호그마 전투대장의 피를 구해 오십시오.				
QUEST_JOBSTEP_20150323_002255	Sparnasman, à la Gorge de Vieta, serait à la hauteur de ta réputation...{nl}Montre-lui ce qu'est la véritable puissance de ceux qui servent la déesse.	자네 정도의 명성이라면 비에타 계곡에 있는 스파나스맨이면 되겠지..{nl}여신을 섬기는 기사의 힘이란 어떤 것인지 본보기를 보여 주게.				팔라딘 마스터
QUEST_JOBSTEP_20150323_002256	Combien de fois est-ce déjà arrivé ?{nl}Je suis désolé, mais va voir le Maître Empenneur pour découvrir ce qui s'est passé, je te prie.{nl}Rends-toi au Village d'Escanciu.	이게 도대체 몇 번째란 말인가!{nl}미안하지만 자네가 직접 플레쳐 마스터에게 가서 어찌 된 일인지 알아봐 주게.{nl}에산치우 마을로 가면 될 것이네.				하이랜더 마스터
QUEST_JOBSTEP_20150323_002257	Cet idiot de capitaine adjoint les a tous pris et s'est enfui vers la Forêt de Poslinkis.{nl}Peut-être que les monstres les ont, je l'espère.	그 멍청한 부선장이 몽땅 챙겨서 포슬린키스 숲으로 도망갔어.{nl}어쩌면 몬스터가 가지고 있을지도 모르지. 그랬으면 좋겠군.				
QUEST_JOBSTEP_20150323_002258	Les Red Fisherman des Plaines de Saknis portent des cannes à pêche.{nl}Quand tu les frappes, elles émettent un sifflement. Rapporte-moi celles-là, je te prie.	사크니스 벌판에 있는 붉은 피셔맨들이 들고 다니는 낚시대가 있소.{nl}그걸 톡톡 두들겨보면 맑은 소리가 나는 나무가 있지. 그걸 가져다 주시오.				플레쳐 마스터
QUEST_JOBSTEP_20150323_002259	Bien que tu aies appris mes leçons, je ne sais pas si tu peux toutes les mettre en pratique.{nl}Je vais te confier une mission. Chasse divers monstres.	당신이 저에게 가르침을 받겠다고 해서 그걸 소화해낼 수 있을지는 모르겠네요.{nl}과제를 드리죠. 여러가지 몬스터를 찾아 사냥하는 거예요.				
QUEST_JOBSTEP_20150323_002260	Des Bushspider à l'entrée de la Forêt de Kateen, des Ellomago au Terrain funéraire des hiboux, et des Pokubon verts à la Forêt de Poslinkis.{nl}Bien sûr, je te donnerai des appâts.	카틴 숲 입구의 크루마보, 매너클 묘지의 엘로마고, 포슬린키스 숲의 초록 포쿠본입니다.{nl}물론, 미끼 정도는 드리지요.				
QUEST_JOBSTEP_20150323_002261	Si tu rêves d'atteindre un stade supérieur en tant que Wugushi, j'ai une mission à te confier.{nl}Récolte des poisons spéciaux sur les Bite des Plaines de Saknis.	네가 무고사로서 더 높은 경지를 꿈꾼다면 네게 줄 과제가 있어.{nl}사크니스 벌판의 바이트에게서 특별한 독을 모아오는 거야.				
QUEST_JOBSTEP_20150323_002262	Dans ce pot se trouvent des aiguilles enduites de l'onguent que j'ai préparé.{nl}En frappant les Bite avec, tu pourras récolter leurs poisons.	이 대롱엔 내가 조합한 약이 묻은 침이 들어 있어.{nl}이걸로 바이트를 맞추면 그 독을 모을 수 있을 거야.				무고사 서브 마스터
QUEST_JOBSTEP_20150323_002263	Ta mission est de chasser les monstres cachés.{nl}Le lieu : les Plaines de Saknis. {nl}Si tu veux devenir Éclaireur, tu dois le faire. Tu ne crois pas ?	몰래 숨어있는 몬스터를 사냥하는 게 네 과제야.{nl}위치는 사크니스 벌판. {nl}스카우터를 지망한다면 이 정도는 해 내야지. 안 그래?				
QUEST_JOBSTEP_20150323_002264	Si tu veux apprendre quoi que ce soit de moi, il te faut des pieds rapides.{nl}Viens à bout de 5 monstres à l'aide de bombes fumigènes à l'entrée de la Forêt de Kateen.	내게 뭐라도 배우려면 우선 발이 빨라야해.{nl}카틴 숲 입구에서 연막탄으로 몬스터 5마리를 따돌리고 오는 것으로 하지.				
QUEST_JOBSTEP_20150323_002265	Tu veux apprendre de moi. {nl}	제게 가르침을 받고 싶으시다고요. {nl}				
QUEST_JOBSTEP_20150323_002266	Dans ce cas, je veux que tu fasses un pari avec le Maître Hackapell en mon nom.{nl}Il croit qu'il existe en ce monde quelque chose d'impénétrable.{nl}	그렇다면 하카펠 마스터와의 내기를 대신 해 주셨으면 하는데요.{nl}그 친구는 뚫을 수 없는 것이 존재한다고 믿고 있거든요.{nl}				
QUEST_JOBSTEP_20150323_002267	S'il te le demande, je lui dirai que c'est notre Hoplite émérite qui l'a vaincu.{nl}Je reconnais désormais ton habileté.	그 친구가 묻거든 우리의 유능한 하플라이트가 쓰러뜨렸노라고 자랑하지요.{nl}이걸로 당신을 인정해 드리겠습니다.				
QUEST_JOBSTEP_20150323_002268	J'ai entendu dire que les autres maîtres ont envoyé leurs disciples vaincre les Yekub au Terrain funéraire des hiboux.{nl}Mais c'est à toi d'accomplir cette tâche. Vas-y.	다른 마스터들이 매너클 묘지의 예쿱을 처치하기 위해 제자들을 보냈다고 한다.{nl}하지만 그건 네가 끝내야 하는 일이다. 다녀와라.				
QUEST_JOBSTEP_20150323_002269	Le commandement doit s'appuyer sur la confiance des compagnons et l'expérience accumulée.{nl}Je dois d'abord vérifier si tu es assez compétent pour commander aux autres.	리더십은 동료의 신임은 물론이고 많은 경험 또한 뒷받침되어야 하지.{nl}자네가 다른 사람들을 지휘할만한 실력이 있는지부터 알아봐야겠군.				센츄리온 마스터
QUEST_JOBSTEP_20150323_002270	En te rendant au Manoir Greene, tu rencontreras Colimencia.{nl}Tu seras digne d'être Centurion si tu peux la vaincre.	그린가의 장원에 가면 콜리멘시아를 만날 수 있다.{nl}그 정도는 처치할 실력은 되어야 센츄리온의 자격이 있겠지.				
QUEST_JOBSTEP_20150323_002271	Voici la corde qui sert à ligoter.{nl}Entraîne-toi suffisamment avec à la Forêt de Poslinkis pour bien la maîtriser.{nl}Nous parlerons de ma leçon après cela.	이건 포박 포승줄이에요.{nl}이걸 가지고 포슬린키스 숲에 가서 충분히 다룰 수 있을 만큼 연습해 오세요.{nl}제 가르침에 대해선 그 후에 말씀 나눠보도록 하죠.				
QUEST_JOBSTEP_20150323_002272	Des Biteregina menacent les gens au Village des hiboux.{nl}Qu'en dis-tu ? Je veux que tu les vainques en compensation de mes leçons.	매너클 묘지에서 비테레지나라는 몬스터가 사람들을 마구 위협하고 있대.{nl}어떻게 생각해? 내 기술을 배우는 댓가라고 생각해 줬으면 좋겠는데.				
QUEST_JOBSTEP_20150323_002273	Portant le titre de « maître », je devrais aider ceux qui m'entourent, mais je n'ai simplement pas le temps.{nl}Quoi qu'il en soit, je t'enseignerai mes techniques comme promis.	마스터의 이름을 달고 있다면 주변을 도울 줄 알아야 되는데 솔직히 짬이 안나.{nl}어쨌든 약속한 대로 네게 기술을 가르쳐 줄게.				
QUEST_JOBSTEP_20150323_002274	Si tu me le présentes ainsi, je peux te dire qu'il existe une solution.{nl}Si tu vaincs les Moa des Faubourgs de Fedimian, qui ont détruit tous mes ingrédients, je changerai ton tour.	그렇게까지 말한다면 방법이 없는 건 아니오.{nl}내 재료들을 다 박살낸 페디미안 외곽의 모아를 처치해 준다면 순서를 앞당겨 드리지.				
QUEST_JOBSTEP_20150323_002275	J'ai entendu dire que le Maître Hackapell compte vaincre le Shadowgaler au Terrain funéraire{nl}des hiboux...{nl}Ce sera bon pour lui de te voir le vaincre en premier.	마침 하카펠 마스터가 매너클 묘지의 섀도게일러를 처치하기로 했다는데..{nl}당신이 한 발 먼저 처리한다면 볼만하겠지요?				하플라이트 서브 마스터
QUEST_JOBSTEP_20150323_002276	Quelqu'un d'habile comme toi pourrait vaincre facilement Reaverpede au Marché de Roxona.{nl}Si tu n'y parviens pas, je ne peux pas t'accepter comme candidat Rôdeur.	너 정도의 실력자라면 록소나 장터의 리버피드는 쉽게 잡을 수 있겠지.{nl}이런 것도 해내지 못한다면 레인저 지망생으로 받아들여 줄 수 없어.				레인저 마스터
QUEST_JOBSTEP_20150323_002277	Un baron idiot a ouvert un portail relié à la Prison des démons.{nl}J'ai entendu dire que les démons y tentent sans cesse de sortir.{nl}	어떤 바보같은 남작이 마족수감소라는 곳과 연결된 포탈을 열어버렸다지?{nl}그곳의 마족들이 자꾸 바깥으로 나오려고 한다는 소문을 들었어.{nl}				
QUEST_JOBSTEP_20150323_002278	Vaincs Deadborn, le démon le plus dangereux de l'endroit.{nl}Ce sera une belle chasse, tu ne trouves pas ?	그 중에 제일 위험한 마족인 데드본을 처치하고 오는거야.{nl}이만 하면 괜찮은 사냥감인것 같은데. 그렇지?				
QUEST_JOBSTEP_20150323_002279	Tu veux apprendre mes techniques ?{nl}Si tu peux me rapporter du bois inflammable des Jonna Jolem de la Zone du pont de l'aqueduc, j'y réfléchirai.	내 기술을 배우고 싶다고 했소?{nl}수로교 지역의 요나졸렘에게서 잘 타는 석재라도 가져온다면 생각해 보겠소.				
QUEST_JOBSTEP_20150323_002280	Sais-tu ceci ?{nl}J'ai entendu dire que Rajatoad, dans la 1re zone de la Prison des démons, possède un poison dangereux.{nl}	그거 알아?{nl}마족수감소 1구역이라는 곳의 라자토드가 굉장한 독을 가지고 있대.{nl}				
QUEST_JOBSTEP_20150323_002281	Nous renforçons notre immunité en contrôlant de nombreux types de poisons.{nl}Si tu peux survivre à ce poison, je t'apprendrai à bien maîtriser le poison.	우린 많은 독을 다루면서 면역력을 기르거든.{nl}네가 그 독에 살아남는다면 독을 제대로 다루는 법에 대해 가르쳐 줄게.				
QUEST_JOBSTEP_20150323_002282	Tu veux devenir Schwarzer Reiter ?{nl}Apprendre à manier les armes à feu est très facile.{nl}	슈바르츠라이터가 되고 싶다고.{nl}총을 쏘는 방법이야 배우는 건 아주 쉽지.{nl}				슈바르츠라이터 마스터
QUEST_JOBSTEP_20150323_002283	Mais c'est une tout autre histoire quand il s'agit de garder l'ennemi qui charge en joue.{nl}Je parle de courage. Et si nous vérifiions cela ?{nl}	하지만 달려드는 적을 끝까지 겨눈다는건 좀 다른 얘기거든.{nl}담력 말이다. 어디, 한 번 확인해 볼까?{nl}				슈바르츠라이터 마스터
QUEST_JOBSTEP_20150323_002284	La Prison des démons... J'ai entendu dire qu'un propriétaire stupide a ouvert le portail vers cet{nl}endroit infesté de monstres.{nl}Chasse Deadborn là-bas, ce sera très amusant.	마족수용소라고, 어떤 멍청한 영주가 마족들이 득시글거리는 곳의 포탈을 열었다는군.{nl}그 곳에 있는 데드본이라는 마족을 사냥해 와. 아주 재밌을거야.				슈바르츠라이터 마스터
QUEST_JOBSTEP_20150323_002285	Très bien. J'ai l'impression de me revoir autrefois.{nl}Maintenant que tu es Schwarzer Reiter, nous pourrons désormais être des miroirs l'un pour l'autre.	훌륭하군. 마치 내 옛날 모습을 보는 것 같아.{nl}자네도 이제 슈바르츠라이터가 되었으니, 서로에게 거울이 되어 줄 수 있을 거야.				
QUEST_JOBSTEP_20150323_002286	J'ai entendu dire qu'un Minotaure est apparu au Marché de Roxona.{nl}Rapporte-moi la preuve de sa mort, je te prie.	미노타우로스는 록소나 장터에서 모습을 드러냈다고 해요.{nl}혹시 모르니 처치한 증거를 꼭 챙겨오시길 바랄게요.				헌터 마스터
QUEST_JOBSTEP_20150323_002287	Il semble que le nombre de démons ne cesse d'augmenter.{nl}J'ai entendu dire que les autres maîtres ont aussi des ennuis.	갈수록 마족들이 자꾸 늘고 있는 것 같아.{nl}다른 마스터들도 고생이라 들었어.				
QUEST_JOBSTEP_20150323_002288	Le nombre de Puragi bleu aux Plaines de Saknis a beaucoup augmenté récemment et ils menacent les villageois.{nl}Si tu veux atteindre un niveau supérieur en vrai Sadhu, montre tes capacités là-bas.	사크니스 벌판의 푸른 푸라기가 크게 불어나 주민들을 위협하고 있다고 합니다.{nl}당신이 진정한 사두로서 한 걸음 더 내딛고 싶다면 당신의 능력을 베푸십시오.				
QUEST_JOBSTEP_20150323_002289	Le Mothstem ? Je l'ai vu aux Faubourgs de Fedimian. {nl}Le Maître Pardonneur le cherchait aussi. J'imagine qu'il ne l'a pas encore trouvé.	모스템이요? 페디미안 외곽에서 봤긴 봤죠. {nl}파드너 마스터께서도 찾으시던데. 아직도 못 찾으셨나 보네요?				잡화 상인
QUEST_JOBSTEP_20150323_002290	Plutôt que de te présenter par des mots, il vaudra bien mieux montrer tes capacités.{nl}Ta mission : vaincre Reaverpede à Escanciu Village.	자신을 말로 포장하는 것 보단 직접 보여주는 것이 백 배 낫습니다.{nl}에산치우 마을의 리버피드를 처치해 오시는 것이 제가 드리는 과제입니다.				
QUEST_JOBSTEP_20150323_002291	Reaverpede, au Village d'Escanciu, serait à la hauteur de ta réputation.{nl}J'ai déjà bien assez entendu ton nom, mais je dois voir par moi-même.	에산치우 마을의 리버피드라면 당신의 명성에 어울리겠지요.{nl}당신의 이름이야 익히 들었습니다만, 저는 직접 확인해야 직성이 풀립니다.				엘리멘탈리스트 서브 마스터
QUEST_JOBSTEP_20150323_002292	J'ai laissé un beau cadeau en contrebas pour mon futur disciple.{nl}J'espère qu'il te plaira.	앞으로 생길 나의 제자를 위해 아래쪽에 멋진 선물을 준비해 놨지.{nl}자네에게 좋은 선물이 되기를 바라네.				
QUEST_JOBSTEP_20150323_002293	Quel cadeau ?{nl}Quel serait selon toi le cadeau le plus précieux pour un Nécromancien ?	어떤 선물이냐고?{nl}네크로맨서에게 제일 좋은 선물이 무엇일 것 같나?				네크로맨서 마스터
QUEST_JOBSTEP_20150323_002294	Si tu veux apprendre ma magie, je dois d'abord connaître ta compétence.{nl}Reaverpede, au Village d'Escanciu, serait à la hauteur de ta réputation.	저의 마법을 배우고 싶다면 먼저 당신의 실력을 알아야겠지요.{nl}에산치우 마을의 골칫거리인 리버피드가 적당하겠어요.				
QUEST_JOBSTEP_20150323_002295	Oh, quel grand courage.{nl}Si tu peux vaincre les Netherbovine de la Forêt de Poslinkis, je t'aiderai à progresser.	오, 대단한 용기인걸요? {nl}포슬린키스 숲에서 난동을 부리고 있는 네더보바인을 해치우고 돌아온다면 전직을 시켜 드리죠.				
QUEST_JOBSTEP_20150323_002296	Tous les maîtres des environs traquent les monstres.{nl}Tu dois vaincre les monstres plus vite que quiconque pour apprendre ma magie.	이 근방의 모든 마스터들이 난동을 부리는 몬스터를 쫓고 있어요.{nl}누구보다도 먼저 그 몬스터를 처치해 주셔야만 제 마법을 배울 자격이 있습니다.				
QUEST_JOBSTEP_20150323_002297	On l'appelle Netherbovine.{nl}Selon une source fiable, il est récemment apparu à la Forêt de Poslinkis.	네더보바인이라는 몬스터입니다.{nl}믿을만한 소식통에 의하면 최근 포슬린키스 숲에서 나타났다는군요.				엘리멘탈리스트 서브 마스터
QUEST_JOBSTEP_20150323_002298	Les blessés sont plus nombreux, mais nos herbes viennent à manquer.{nl}Récolte du Alcool de fleurs sauvages au Marché de Roxona pour eux, je te prie.	몬스터의 습격으로 다친 분들이 늘었지만 약초는 부족하기만 합니다.{nl}그들을 위하여 록소나 장터의 야생화 꽃술을 모아 주세요.				클레릭 마스터
QUEST_JOBSTEP_20150323_002299	Il y a un monstre appelé Colimencia aux Collines de Grynas.{nl}C'est un monstre menaçant, mais tu devrais le vaincre facilement.	그리나스 구릉지에 콜리멘시아라는 몬스터가 있습니다.{nl}위협적인 몬스터입니다만, 이 정도는 가볍게 처치하셔야 합니다.				
QUEST_JOBSTEP_20150323_002300	Les Poata des Collines de Grynas sont bien connus pour attaquer les gens.{nl}Si tu peux les vaincre, cela suffira.	그리나스 구릉지의 포아타가 사람을 습격하기로 악명높다고 들었다.{nl}그만하면 충분한 대금이 될 것이다.				바바리안 마스터
QUEST_JOBSTEP_20150323_002301	Si tu veux apprendre de moi, tu dois d'abord me montrer ton habileté.{nl}Colimencia, au Manoir Greene, serait à la hauteur de ta réputation.	내게 가르침을 받기 원한다면 그 전에 자네의 실력을 내게 보여주게.{nl}그린가의 장원의 콜리멘시아라면 자네 명성에 걸맞은 상대겠지.				
QUEST_JOBSTEP_20150323_002302	Si tu veux devenir un vrai Cataphractaire, tu dois pouvoir vaincre Gaigalas à la Ferme des métayers.{nl}Compris ? Maintenant, dépêche-toi.	캐터프랙트 지망생이라면 테넌츠 농장의 가이갈라스를 처치할 정도는 되어야지. {nl}알겠다면 어서 빨리 냉큼 다녀오게.				
QUEST_JOBSTEP_20150323_002303	Ceci... Ce doit être l'emblème de la famille Legwyn.{nl}Merci. Comme promis, je t'aiderai à atteindre un niveau supérieur.	이건.. 르귄가문의 장식이 맞습니다.{nl}감사합니다. 약속대로 당신이 더 높은 경지로 갈 수 있게 도와드리지요.				
QUEST_JOBSTEP_20150323_002304	Tu dois d'abord montrer tes capacités avant de commencer à apprendre de moi. C'est l'usage.{nl}Je pense que Honeypin, à la Ferme des métayers, suffira.	나에게 뭘 배우고 싶다면 실력부터 제대로 보여주는게 예의 아닐까?{nl}테넌츠 농장의 허니핀 정도가 적당한 것 같은데.				
QUEST_JOBSTEP_20150323_002305	Si tu veux apprendre quelque chose de moi, reviens après avoir vaincu Gaigalas à la Ferme des métayers.{nl}Si tu veux être reconnu tant pour ta détermination que pour ton habileté.	나에게 무언가를 배우고 싶다면 테넌츠 농장의 가이갈라스를 처치해 오도록 해.{nl}너의 각오와 실력 모두를 인정받고 싶다면 말이다.				
QUEST_JOBSTEP_20150323_002306	Je pourrai évaluer ton habileté si tu vaincs Gaigalas au Camp d'entraînement de Grynas.{nl}Bonne chance.	그리나스 수련장의 가이갈라스 정도라면 확인할 수 있겠지요.{nl}부디 무운을 빌겠습니다.				펠타스타 마스터
QUEST_JOBSTEP_20150323_002307	Bien... Je pense pouvoir éprouver ton habileté avec ceci.{nl}J'ai entendu dire que quelqu'un a vu un Poata du Manoir Greene avaler l'emblème.{nl}Bien, je compte sur toi.	그렇다면야.. 이걸로 당신을 시험해 볼 수도 있겠네요.{nl}그린가의 장원의 포아타가 문장을 삼키는 걸 본 사람이 있다는군요.{nl}그럼, 부탁드리겠습니다.				스콰이어 마스터
QUEST_JOBSTEP_20150323_002308	Je suis désolée, mais la voie du Bokor n'est pas ouverte à n'importe qui.{nl}Si tu peux me rapporter l'essence de la Baleine de pierre du Marché de Roxona, je reconnaîtrai{nl}ton habileté.	미안하지만, 보코르의 길은 아무나 탐구할 수 있는 것이 아닙니다.{nl}록소나 장터에 출몰하는 석화고래의 정수를 가져오시면 그 자격을 인정해 드리겠습니다.				보코르 마스터
QUEST_JOBSTEP_20150323_002309	La Baleine de pierre du Marché de Roxona a tué beaucoup de gens.{nl}Il me faut l'essence chargée de la haine des personnes tuées.	록소나 장터의 석화고래는 많은 인명을 해쳤습니다.{nl}그 원한이 담긴 정수가 필요합니다.				보코르 마스터
QUEST_JOBSTEP_20150323_002310	Il est important pour un Sadhu de comprendre la douleur d'autrui.{nl}Comprendre leur esprit sera la source qui accroîtra le pouvoir du Sadhu.{nl}	다른 이의 고통을 헤아릴 줄 아는 것도 사두가 가져야 할 중요한 자세입니다.{nl}그 마음을 아는 것이 사두의 힘을 한층 더 끌어올리는 원동력이 되는 것이지요.{nl}				사두 마스터
QUEST_JOBSTEP_20150323_002311	Je veux dire que nous devons vaincre les monstres qui blessent les gens.{nl}D'après ce que j'ai entendu, Colimencia sème le chaos au Manoir Greene.	사람들을 해치는 몬스터를 처치하는 겁니다.{nl}제가 들은 바로는 그린가의 장원에서 콜리멘시아가 난동을 부리고 있다는군요.				
QUEST_JOBSTEP_20150323_002312	Pardonne-moi d'être trop exigeant, car cette tâche s'accomplit au nom des Paladins.{nl}Gaigalas, à la Ferme des métayers, serait à la hauteur de ton nom.	팔라딘의 이름이 걸린 일이기에 이렇게 까다롭게 구는 걸 용서하게.{nl}테넌츠 농장의 가이갈라스라면 자네가 가진 이름에 적당한 상대가 아닐까 싶군.				팔라딘 마스터
QUEST_JOBSTEP_20150323_002313	Si tu veux atteindre un niveau supérieur de Moine, montre-moi ta détermination à endurer un{nl}entraînement strict.{nl}Rapporte-moi la preuve que tu as vaincu les Netherbovine à la Forêt de Poslinkis et je{nl}reconnaîtrai alors ton habileté.	몽크의 더 높은 경지를 원한다면 혹독한 수련을 견디겠다는 각오를 보여 주시오.{nl}포슬린키스 숲의 네더보바인을 해치워 증거를 가져온다면 당신을 인정해 드리리다.				몽크 마스터
QUEST_JOBSTEP_20150323_002314	Notre entraînement est très strict.{nl}Tu pourras suivre notre entraînement si tu peux vaincre les Netherbovine à la Forêt de{nl}Poslinkis.	우리의 수련은 아주 혹독하오.{nl}포슬린키스 숲에서 네더보바인 정도는 잡을 수 있어야 따라올 수 있을 거요.				몽크 마스터
QUEST_JOBSTEP_20150323_002315	Il y a quelque chose à faire en guise d'épreuve d'admission pour devenir Pardonneur.{nl}Récupère l'argent des indulgences perdu dans la région proche de la Zone du pont de l'aqueduc. Tu peux le faire, n'est-ce pas ?	파드너 입문 시험 대신 자네가 해줄 것이 있어.{nl}수로교 지역에서 잃어버린 면죄부 대금을 되찾아 오게. 할 수 있겠지?				
QUEST_JOBSTEP_20150323_002316	J'ai entendu dire qu'il a été perdu dans la région proche de la Zone du pont de l'aqueduc, alors{nl}retrouve-le à la Zone du pont de l'aqueduc, je te prie.	수로교 지역에서 잃어버렸다고 하니 그곳에서 찾아보게나.				파드너 마스터
QUEST_JOBSTEP_20150323_002317	Demander ce que tu dois faire	무엇을 하면 되는지 묻는다				
QUEST_JOBSTEP_20150323_002318	Ce n'est pas ma responsabilité	그럴 의무는 없다고 한다				
QUEST_JOBSTEP_20150323_002319	L'Enquêteur Silencieux [Avancement Rôdeur] (1)	조용한 탐문자[레인저 전직](1)	QUEST_JOBSTEP_20150317_000923	L'Enquêteur de Fedimian [Avancement Rôdeur] (1)	페디미안의 탐문자[레인저 전직](1)	
QUEST_JOBSTEP_20150323_002320	L'Enquêteur Silencieux [Avancement Rôdeur] (2)	조용한 탐문자[레인저 전직](2)				
QUEST_JOBSTEP_20150323_002321	Avis/Dépose le Pot du Soleil à l'endroit où se trouvait le Chapparition !#8	Notice/채퍼리션이 지키던 자리에 태양의 항아리를 잘 놓아두세요!#8				
QUEST_JOBSTEP_20150323_002322	La Voie pour Devenir Mage [Élémentaliste]	마법사가 되는 방법[엘리멘탈리스트 전직]				
QUEST_JOBSTEP_20150323_002323	Lui dire que tu vas tenter le défi	도전하겠다고 한다				
QUEST_JOBSTEP_20150323_002324	Lui dire que c'est trop dangereux	너무 위험하다고 한다				
QUEST_JOBSTEP_20150323_002325	Je rapporterai du bois inflammable	잘 타는 석재를 구해 오겠다고 한다				
QUEST_JOBSTEP_20150323_002326	La Tâche pour Gagner l'Esprit [Sadhu]	마음을 얻는 일[사두 전직]				
QUEST_JOBSTEP_20150323_002327	Demander quoi faire	무엇을 해야 하는지 묻는다				
QUEST_JOBSTEP_20150323_002328	Lui dire que cela ne servira à rien	별로 도움될 것 같지 않다고 한다				
QUEST_JOBSTEP_20150323_002329	Une Épreuve Importante [Élémentaliste]	시험은 중요해[엘리멘탈리스트 전직]				
QUEST_JOBSTEP_20150323_002330	Refuser car cela semble trop dangereux	위험할 것 같으니 거절하자				
QUEST_JOBSTEP_20150323_002331	Demander quel est le cadeau	어떤 선물인지 묻는다				
QUEST_JOBSTEP_20150323_002332	Accomplir la mission de l'Élémentaliste [Avancement Élémentaliste]	엘리멘탈리스트의 임무 완수[엘리멘탈리스트 전직]				
QUEST_JOBSTEP_20150323_002333	Vaincre %s	%s 처치				
QUEST_JOBSTEP_20150323_002334	Pour prouver ta détermination à devenir plus fort, récolte du Cuir de Glizardon au sous-sol 1 de l'Église de Tenet, du Canine de Galok au 1er étage, et des Poudre noire sur les Egnome au 2e étage, je te prie.	강해지고자 하는 다짐의 증명을 위해 테넷 성당 지하 1층의 글리자돈의 가죽, 지상 1층의 갈록의 송곳니, 지상 2층의 이노움의 검은가루를 구해 오세요.				
QUEST_JOBSTEP_20150323_002335	Récolter l'alcool de fleur des Doyor au Ravin de Veja	베야 골짜기에서 도요르의 꽃술 수집				
QUEST_JOBSTEP_20150323_002336	Le Psychokinésiste t'a proposé de devenir son assistant si ce domaine t'intéresse. Obtiens l'alcool de fleur des Doyor au Ravin de Veja, qui intéresse le Maître Psychokinésiste.	사이코키노 마스터는 이 분야에 관심이 있다면 잠시 자신의 조수가 되어 보는 것을 권했습니다. 사이코키노 마스터가 필요로 하는 베야 골짜기에서 도요르의 꽃술을 구해 오세요.				
QUEST_JOBSTEP_20150323_002337	Assez d'alcool de fleur de Doyor a été obtenu au Ravin de Veja. Retourne voir le Maître Psychokinésiste et remets-lui l'alcool.	베야 골짜기에서 도요르의 꽃술을 충분히 구했습니다. 사이코키노 마스터에게 돌아가 꽃술을 전해 주세요.				
QUEST_JOBSTEP_20150323_002338	Alcool de Fleurs de Doyor	도요르의 꽃술				
QUEST_JOBSTEP_20150323_002339	Le Maître Lieur insiste sur l'importance de la capacité à ouvrir les esprits en tant que Lieur. Pour éprouver les compétences d'un Lieur, obtiens des Noyaux de Corylus et du Sang de Galok au 1er étage de l'Église de Tenet.	링커 마스터는 사람의 마음을 여는 링커의 자질을 굉장히 강조하고 있습니다. 링커의 자질을 알아보는 시험에 필요한 코릴러스의 핵과 갈록의 피를 테넷 성당 지상 1층에서 구해 오세요.				
QUEST_JOBSTEP_20150323_002340	Noyau de Corylus	코릴러스의 핵				
QUEST_JOBSTEP_20150323_002341	Sang de Galok	갈록의 피				
QUEST_JOBSTEP_20150323_002342	Récolter le cuir résistant des Glizardon	글리자돈의 질긴 가죽 수집				
QUEST_JOBSTEP_20150323_002343	Le Maître Chasseur a dit au Maître Tireur de carreaux qu'un échange était possible : du cuir résistant de Glizardon contre le livre. Obtiens du cuir résistant de Glizardon au sous-sol 1 de l'Église de Tenet.	헌터 마스터는 쿼렐슈터 마스터에게 글리자돈의 질긴 가죽으로 책과 거래를 할 수도 있을 것이라고 합니다. 테넷 성당 지하 1층에서 글리자돈의 질긴 가죽을 구해 오세요.				
QUEST_JOBSTEP_20150323_002344	Remettre le cuir résistant de Glizardon au Maître Tireur de carreaux	쿼렐슈터 마스터에게 글리자돈의 질긴 가죽 전달				
QUEST_JOBSTEP_20150323_002345	Assez de cuir résistant de Glizardon, que cherchait le Maître Tireur de carreaux, a été obtenu. Remets le cuir résistant de Glizardon au Maître Tireur de carreaux à Klaipeda.	쿼렐슈터 마스터가 필요로 하는 글리자돈의 질긴 가죽을 충분히 구했습니다. 클라페다의 쿼렐슈터 마스터에게 글리자돈의 질긴 가죽을 전달해 주세요.				
QUEST_JOBSTEP_20150323_002346	Le Maître Archer a dit au Maître Tireur de carreaux qu'un échange était possible : du cuir résistant de Glizardon contre le livre. Obtiens du cuir résistant de Glizardon au sous-sol 1 de l'Église de Tenet.	아처 마스터는 쿼렐슈터 마스터에게 글리자돈의 질긴 가죽으로 책과 거래를 할 수도 있을 것이라고 합니다. 테넷 성당 지하 1층에서 글리자돈의 질긴 가죽을 구해 오세요.				
QUEST_JOBSTEP_20150323_002347	Le Maître Rôdeur a dit au Maître Tireur de carreaux qu'un échange était possible : du cuir résistant de Glizardon contre le livre. Obtiens du cuir résistant de Glizardon au sous-sol 1 de l'Église de Tenet.	레인저 마스터는 쿼렐슈터 마스터에게 글리자돈의 질긴 가죽으로 책과 거래를 할 수도 있을 것이라고 합니다. 테넷 성당 지하 1층에서 글리자돈의 질긴 가죽을 구해 오세요.				
QUEST_JOBSTEP_20150323_002348	Rencontrer Sculpteur Tesla aux Bois de Siauliai Ouest	샤울레이 서쪽 숲의 조각가 테슬라에게 찾아가세요.				
QUEST_JOBSTEP_20150323_002349	Obtenir les écorces d'arbre grossières des Tipio à la Rive herbeuse	풀가람터의 티피오에게서 성긴 나무 껍질 획득				
QUEST_JOBSTEP_20150323_002350	En compensation du soutien du Maître Peltaste de Klaipeda, obtiens 5 écorces d'arbre de Tipio et remets-les-lui.	클라페다에 있는 펠타스타 마스터에게 협조를 구하는 댓가로 티피오의 성긴 나무 껍질을 5개 구해 전해 주세요.				
QUEST_JOBSTEP_20150323_002351	Forêt de Cobalt	코발트 숲				
QUEST_JOBSTEP_20150323_002352	Les remettre au Maître Peltaste à Klaipeda	클라페다의 펠타스타 마스터에게 전달				
QUEST_JOBSTEP_20150323_002353	Les écorces d'arbre pour fabriquer le bouclier ont été obtenues. Avec elles, va voir le Maître Peltaste pour demander son soutien.	방패를 만들기 위한 성긴 나무 껍질을 구했습니다. 이걸 가지고 클라페다의 펠타스타 마스터에게 협조를 요청해 보세요.				
QUEST_JOBSTEP_20150323_002354	Récolter %s sur les Tipio à la Rive herbeuse	풀가람터의 티피오에게서 %s 수집				
QUEST_JOBSTEP_20150323_002355	Récolter des griffes de Beetow au Ravin de Veja	베야 골짜기에서 비토우의 발톱 수집				
QUEST_JOBSTEP_20150323_002356	Le Maître Peltaste veut compenser l'aide du Maître Highlander. Récolte des griffes de Beetow au Ravin de Veja.	펠타스타 마스터는 하이랜더 마스터의 성의에 보답하고자 합니다. 베야 골짜기에서 비토우의 발톱을 구해 오세요.				
QUEST_JOBSTEP_20150323_002357	Les remettre au Maître Highlander	하이랜더 마스터에게 전달				
QUEST_JOBSTEP_20150323_002358	Les griffes de Beetow ont été obtenues. Remets-les au Maître Highlander à Klaipeda.	비토우의 발톱을 구했습니다. 클라페다의 하이랜더 마스터에게 전해 주세요.				
QUEST_JOBSTEP_20150323_002359	Les griffes de Beetow	비토우의 발톱				
QUEST_JOBSTEP_20150323_002360	La mission est accomplie. Retourne faire ton rapport au Maître Peltaste.	임무를 완수했습니다. 펠타스타 마스터에게 돌아가 보고하세요.				
QUEST_JOBSTEP_20150323_002361	Récolte les énergies du feu en plaçant un Pot of Fire près des monstres au Jardin de Tenet.	테넷 화원에 있는 몬스터 근처에서 불의 항아리를 설치하여 불의 기운을 모아 주세요.				
QUEST_JOBSTEP_20150323_002362	Vaincre les Beetow au Ravin de Veja	베야 골짜기의 비토우 처치				
QUEST_JOBSTEP_20150323_002363	Le Maître Épéiste veut une prise de conscience. Vaincs les Beetow à Vallon de Septyni et saisis le sens de ses paroles.	소드맨 마스터는 깨닳음을 얻길 원하고 있습니다. 셉티니 골의 비토우를 처치하면서 소드맨 마스터가 한 말의 의미를 깨닫고 오세요.				
QUEST_JOBSTEP_20150323_002364	Vaincre les Beetow	비토우 처지	QUEST_JOBSTEP_20150323_002333	Vaincre %s	%s 처치	
QUEST_JOBSTEP_20150323_002365	Obtiens des Os de Glizardon au sous-sol 1 de l'Église de Tenet, des Poils de Galok au 1er étage, et des fragments d'Egnome au 2e étage, je te prie	위저드 마스터가 원하는 재료인 테넷 성당 지하 1층의 글리자돈의 뼈, 지상 1층의 갈록의 털, 지상 2층의 이노움의 파편을 모아다 주세요.				
QUEST_JOBSTEP_20150323_002366	Récolter les Essence de Démon au Voie de la Porte	관문로에서 마족의 정수 수집				
QUEST_JOBSTEP_20150323_002367	Le Psychokinésiste t'a dit qu'il t'aiderait à libérer un pouvoir surnaturel, mais qu'il veut des essences de démons en récompense. Vaincs les Minotaures et les Chapparition au Voie de la porte et obtiens les Essence de démon.	사이코키노는 초능력이 발현되는 것을 도와줄 테니 그 댓가로 마족의 정수를 원하고 있습니다. 관문로에 있는 미노타우로스와 채퍼리션을 처치하여 마족의 정수를 얻으세요.				
QUEST_JOBSTEP_20150323_002368	Retrouver la carte à la Forêt de Sirdgela	시르드겔라 숲에서 지도 찾기				
QUEST_JOBSTEP_20150323_002369	Le Maître Sapeur a entendu dire qu'une carte à l'aspect étrange a été découverte dans la Forêt de Sirdgela. Rends-toi à la Forêt de Sirdgela et cherche la carte.	새퍼 마스터는 시르드겔라 숲에 이상한 지도가 발견됬다는 이야기를 들었다고 합니다. 시르드겔라 숲으로 가서 지도를 찾아 보세요.				
QUEST_JOBSTEP_20150323_002370	Rencontrer le Maître Sadhu	사두 마스터를 찾아가기				
QUEST_JOBSTEP_20150323_002371	Le Maître Rôdeur t'a demandé de retrouver la trace d'Evoniphon. Écoute les informations sur Evoniphon auprès du Maître Sadhu à la Crête d'Akmens.	레인저 마스터는 에보니폰의 흔적을 찾는 것을 도와달라고 합니다. 아크멘스 능선의 사두 마스터에게 에보니폰에 대한 정보를 들으세요.				
QUEST_JOBSTEP_20150323_002372	Parler au Maître Élémentaliste	엘리멘탈리스트 마스터와 대화				
QUEST_JOBSTEP_20150323_002373	Le Maître Sadhu t'a dit avoir vu un homme qui semblait être Evoniphon parler au Maître Élémentaliste. Rencontre le Maître Élémentaliste et écoute les informations sur Evoniphon.	사두 마스터는 에보니폰으로 추정되는 남자가 엘리멘탈리스트 마스터와 이야기 하는 것을 보았다고 합니다. 엘리멘탈리스트 마스터를 찾아가 에보니폰에 대한 정보를 들으세요.				
QUEST_JOBSTEP_20150323_002374	Le Maître Élémentaliste se souvient de l'homme au parfum étrange. Parle au Maître Élémentaliste pour savoir où se trouve cet homme.	엘리멘탈리스트 마스터는 특이한 향을 풍기는 남자를 기억하고 있다고 합니다. 그 남자의 행방에 대해 엘리멘탈리스트 마스터와 대화해 보세요.				
QUEST_JOBSTEP_20150323_002375	Chercher les traces d'Evoniphon à la Forêt de Sirdgela	시르드겔라 숲에서 에보니폰 흔적 찾기				
QUEST_JOBSTEP_20150323_002376	Le Maître Élémentaliste se souvient de l'homme au parfum étrange. Parle au Maître Élémentaliste pour savoir où se trouve cet homme.	엘리멘탈리스트 마스터는 에보니폰으로 추정되는 남자에게 남자가 찾는 재료가 있을 만한 곳을 가르쳐 주었다고 합니다. 시르드겔라 숲에서 에보니폰의 흔적을 찾아 보세요.				
QUEST_JOBSTEP_20150323_002377	Tu n'as pu trouver que des morceaux des vêtements d'Evoniphon dans la Forêt de Sirdgela. Retourne voir le Maître Rôdeur.	시르드겔라 숲에서는 에보니폰의 옷조각밖에 찾을 수 없었습니다. 레인저 마스터에게 돌아가 보세요.				
QUEST_JOBSTEP_20150323_002378	Jus Inflammable de Tontulia	톤투리아의 잘 타는 즙				
QUEST_JOBSTEP_20150323_002379	Le Maître Sapeur t'a dit qu'il t'aiderait à devenir Sapeur si tu l'assistais dans son expérience. Commence par récolter du jus inflammable sur les Tonturia à Carrefour de Zachariel.	새퍼 마스터는 자신의 실험을 도와 준다면 새퍼가 되는 것을 도와 주겠다고 합니다. 먼저 자카리엘 교차로에서 톤투리아의 잘 타는 즙을 수집해 오세요.				
QUEST_JOBSTEP_20150323_002380	Les remettre au Maître Sapeur	새퍼 마스터에게 전달				
QUEST_JOBSTEP_20150323_002381	Tout le Jus inflammable de Tontulia a été récolté. Remets-le au Maître Sapeur.	톤투리아의 잘 타는 즙을 모두 모았습니다. 새퍼 마스터에게 전달해 주세요.				
QUEST_JOBSTEP_20150323_002382	Rencontrer Sculpteur Tesla aux Bois de Siauliai Ouest	샤울레이 서쪽 숲에 있는 조각가 테슬라를 찾아 가세요.				
QUEST_JOBSTEP_20150323_002383	Chercher le père du Marchand d'équipement à la Forêt de Sirdgela	시르드겔라 숲에서 도구상인의 아버지 찾기				
QUEST_JOBSTEP_20150323_002384	Le Marchand d'équipement t'a demandé de rechercher les traces de son père en échange de la nourriture pour attirer les chats. Cherche le père du Marchand d'équipement à la Forêt de Sirdgela.	도구상인은 고양이를 꼬드길 특별한 먹이를 넘겨주는 댓가로 자신의 아버지의 흔적을 찾아 달라고 부탁하였습니다. 시르드겔라 숲에서 도구상인의 아버지를 찾아 주세요.				
QUEST_JOBSTEP_20150323_002385	Chercher le Maître Pyromancien à Klaipeda.	클라페다에 있는 파이로맨서 마스터를 찾아 가세요.				
QUEST_JOBSTEP_20150323_002386	Déposer le Pot du Soleil à la Crête de Ramstis	람스티스 협곡으로 가서 태양의 항아리 놓기				
QUEST_JOBSTEP_20150323_002387	Le Maître Pyromancien t'a demandé quelque chose en échange de son enseignement de la magie. Dépose le Pot du Soleil à la Crête de Ramstis.	파이로맨서 마스터는 마법을 가르쳐 주는 대가로 의뢰를 부탁했습니다. 람스티스 협곡에 태양의 항아리를 놓으세요.				
QUEST_JOBSTEP_20150323_002388	La Pyromancien t'a demandé un service en échange de son enseignement de la magie. Dépose le Pot du Soleil à la Crête de Ramstis.	파이로맨서는 마법을 가르쳐 주는 대가로 심부름을 부탁했습니다. 람스티스 협곡에 태양의 항아리를 놓으세요.				
QUEST_JOBSTEP_20150323_002389	Obtiens des Chamans Hogma au Plateau du roi et des crocs de gardes, les ingrédients que veut le Cryomancien, je te prie.	크리오맨서가 원하는 재료인 왕의 고원의 호그마 주술사와 파수꾼의 송곳니를 모아 주세요.				
QUEST_JOBSTEP_20150323_002390	Vaincre Sparnasman à la Gorge de Vieta	비에타 계곡의 스파나스맨 처치				
QUEST_JOBSTEP_20150323_002391	Le Maître Highlander veut que tu prouves que tu es qualifié. Fais tes preuves en vainquant Sparnasman à la Gorge de Vieta.	하이랜더 마스터는 실력을 증명할 것을 요구하고 있습니다. 비에타 계곡의 스파나스맨을 처치해서 증명하세요.				
QUEST_JOBSTEP_20150323_002392	Vaincre les Chapparition à la Crête de Ramstis	람스티스 협곡의 채퍼리션 처치				
QUEST_JOBSTEP_20150323_002393	Le Maître Peltaste t'a dit qu'il faut du courage pour manier le bouclier. Vaincs les Chapparition à la Crête de Ramstis.	펠타스타 마스터는 방패를 들려면 그만한 담력도 갖추어야 한다고 합니다. 람스티스 협곡에서 채퍼리션을 처치하세요.				
QUEST_JOBSTEP_20150323_002394	Parler au Maître Sadhu à la Crête d'Akmens.	아크멘스 능선에서 사두 마스터와 대화해 보세요.				
QUEST_JOBSTEP_20150323_002395	Remporter un duel contre le Maître Sadhu.	사두 마스터와 대련하여 승리를 거두세요.				
QUEST_JOBSTEP_20150323_002396	Parler au Maître Wugushi à la Vallée de Tiltas.	틸타스 협곡에 있는 무고사 마스터와 대화해 보세요.				
QUEST_JOBSTEP_20150323_002397	Le Maître Wugushi t'a dit que celui qui survit à la fin est le vrai vainqueur, même s'il use de ruses. Affronte le Maître Wugushi en duel à la Vallée de Tiltas.	무고사 마스터는 싸움에 있어 비겁하더라도 살아남는 쪽이 진정한 승리자라고 합니다. 틸타스 협곡에서 무고사 마스터와 대련하세요.				
QUEST_JOBSTEP_20150323_002398	Parler au Maître Rodelero au Portail du Grand Roi.	대왕의 관문에 있는 로렐레로 마스터와 대화하세요.				
QUEST_JOBSTEP_20150323_002399	Parler au Maître Thaumaturge à la Vallée du pont interminable.	긴다리 계곡에 있는 쏘마터지 마스터와 대화하세요.				
QUEST_JOBSTEP_20150323_002400	Obtenir les documents de recherche magique à la Crête de Ramstis	람스티스 협곡에서 마법 연구 자료 모으기				
QUEST_JOBSTEP_20150323_002401	Le Maître Thaumaturge t'a dit que si tu l'aidais, il t'aiderait à devenir Thaumaturge. Récolte les documents de recherche magique perdus à la Crête de Ramstis.	쏘마터지 마스터는 자신의 일을 도와준다면 쏘마터지가 될 수 있도록 도와주겠다고 합니다. 람스티스 협곡에서 잃어버린 마법 연구 자료를 모아다 주세요.				
QUEST_JOBSTEP_20150323_002402	Parler au Maître Élémentaliste à la Crête d'Akmens.	아크멘스 능선에 있는 엘리멘탈리스트 마스터와 대화하세요.				
QUEST_JOBSTEP_20150323_002403	Accomplir les missions du Maître Élémentaliste	엘리멘탈리스트 마스터의 과제 수행				
QUEST_JOBSTEP_20150323_002404	Obtiens le sang des Chamans Hogma et des Éclaireurs Hogma au Plateau du roi, et le sang du Capitaine Hogma à Carrefour de Zachariel.	왕의 고원에서 호그마 주술사와 호그마 파수꾼의 피, 자카리엘 교차로에서 호그마 전투대장의 피를 구해 오세요.				
QUEST_JOBSTEP_20150323_002405	Remettre le fruit des missions au Maître Élémentaliste	엘리멘탈리스트 마스터에게 과제 전달				
QUEST_JOBSTEP_20150323_002406	Les missions du Maître Élémentaliste ont été accomplies avec succès. Remets-lui les ingrédients demandés.	엘리멘탈리스트 마스터의 과제를 훌륭히 수행했습니다. 엘리멘탈리스트 마스터에게 과제였던 재료를 가져다 주세요.				
QUEST_JOBSTEP_20150323_002407	Parler au Maître Éclaireur à la Vallée du pont interminable.	긴다리 계곡에 있는 스카우트 마스터와 대화해 보세요.				
QUEST_JOBSTEP_20150323_002408	Parler au Maître Paladin à Falaises de Nefritas.	네프리타스 벼랑에 있는 팔라딘 마스터와 대화하세요.				
QUEST_JOBSTEP_20150323_002409	Le Maître Paladin t'a dit qu'il est important d'agir avec justice et foi au nom de la déesse. Vaincs Sparnasman à la Gorge de Vieta et prouve ta foi.	팔라딘 마스터는 정의와 신념을 여신의 이름으로 행하는 것이 중요하다고 합니다. 비에타 계곡에 있는 스파나스맨을 처치하여 신앙심을 증명하세요.				
QUEST_JOBSTEP_20150323_002410	Parler au Maître Cataphractaire à la Vallée du pont interminable.	긴다리 계곡에 있는 캐터프랙트 마스터와 대화하세요.				
QUEST_JOBSTEP_20150323_002411	Vaincre Sparnasman à la Gorge de Vieta pour prouver ton habileté au Maître Cataphractaire	캐터프랙트 마스터에게 비에타 계곡에 있는 스파나스맨을 처치하여 실력을 증명하세요.				
QUEST_JOBSTEP_20150323_002412	Quelque chose est arrivé au Maître Empenneur à qui le Maître Highlander avait passé commande. Trouve le Maître Empenneur au Village d'Escanciu.	하이랜더 마스터가 거래를 의뢰한 플레쳐 마스터에게 무슨 일이 생긴 것 같습니다. 에산치우 마을에 있는 플레쳐 마스터를 찾아가 보세요.				
QUEST_JOBSTEP_20150323_002413	Vaincre les Moa aux Faubourgs de Fedimian	페디미안 외곽에서 모아 처치				
QUEST_JOBSTEP_20150323_002414	Le Maître Empenneur t'a dit que si tu vainquais les Moa qui ont détruit les ingrédients, il changerait ton tour. Vaincs les Moa des Faubourgs de Fedimian qui attaquent les marchands.	플레쳐 마스터는 재료를 부순 모아를 처치해 준다면 순서를 앞당겨 준다고 합니다. 페디미안 외곽에서 페디미안을 왕래하는 상인들을 습격하는 모아를 처치하세요.				
QUEST_JOBSTEP_20150323_002415	Rencontrer le Maître Corsaire à la Crête d'Akmens	아크멘스 능선에 있는 커세어 마스터를 찾아가세요.				
QUEST_JOBSTEP_20150323_002416	Récupère les objets volés au Maître Corsaire dans la Forêt de Poslinkis. Le Permis de quai s'obtient en vainquant les Vubbe supérieur, la Carte du navigateur en vainquant les Vubbe supérieur Archer, et le Contrat en vainquant les Pokuborn vert.	포슬린키스 숲에서 커세어 마스터의 도둑맞은 물건들을 찾아와주세요. 하이 부베에게 입항허가서, 하이 부베 궁수에게 항해도, 초록 포쿠본에게 계약서를 찾을 수 있습니다.				
QUEST_JOBSTEP_20150323_002417	Rencontrer le Maître Rodelero au Portail du Grand Roi	대왕의 관문에 있는 로델레로 마스터를 찾아 가세요.				
QUEST_JOBSTEP_20150323_002418	Trouver le Maître Empenneur au Village d'Escanciu	에산치우 마을의 플레쳐 마스터 찾아가기				
QUEST_JOBSTEP_20150323_002419	Le Maître Archer t'a dit que si tu lui rendais service, il te donnerait une leçon. Comme demandé par le Maître Archer, va trouver le Maître Empenneur au Village d'Escanciu et vérifie ce qui lui est arrivé.	아처 마스터는 부탁을 들어주면 가르침을 주겠다고 합니다. 아처의 부탁 대로 에산치우 마을에 있는 플레쳐 마스터를 찾아가 무슨 문제가 있는지 확인하고 오세요.				
QUEST_JOBSTEP_20150323_002420	Vaincre Biteregina au Terrain funéraire des hiboux.	매너클 묘지의 비테레지나 처치				
QUEST_JOBSTEP_20150323_002421	Le Maître Sapeur t'a demandé de vaincre Biteregina, qui menace les gens au Terrain funéraire des hiboux.	새퍼 마스터는 매너클 묘지에서 사람들을 위협하는 비테레지나를 처치해 달라고 합니다.				
QUEST_JOBSTEP_20150323_002422	Trouver le Maître Empenneur au Village d'Escanciu	에산치우 마을에 있는 플레쳐 마스터를 찾아 가세요.				
QUEST_JOBSTEP_20150323_002423	Récupère les Cannes de pêcheur rouge aux Plaines de Saknis et ne garde que les bois qui produisent un sifflement.	사크니스 벌판에 있는 붉은 피셔맨의 낚시를 구한 다음 맑은 소리가 나는 나무만 판별하여 가져가세요.				
QUEST_JOBSTEP_20150323_002424	Chasser 3 espèces de monstres à l'aide d'appâts	미끼를 사용하여 몬스터 3종 사냥				
QUEST_JOBSTEP_20150323_002425	Le Maître Chasseur t'a confié des missions de chasse aux monstres dispersés dans diverses régions.{nl}Utilise des appâts pour chasser les Bushspider à l'entrée de la Forêt de Kateen, les Ellomago au Terrain funéraire des hiboux, et les Pokuborn verts à la Forêt de Poslinkis.	헌터 마스터는 여러 지역에 흩어져있는 몬스터 사냥에 대한 과제를 내 주었습니다.{nl}미끼를 사용하여 카틴 숲 입구에서 크루마보, 매너클 묘지에서 엘로마고, 포슬린키스 숲에서 초록 포쿠본을 사냥하세요.				
QUEST_JOBSTEP_20150323_002426	Bushspider à l'entrée de la Forêt de Kateen	카틴 숲 입구의 크루마보				
QUEST_JOBSTEP_20150323_002427	Ellomago au Terrain Funéraire des Hiboux	매너클 묘지의 엘로마고				
QUEST_JOBSTEP_20150323_002428	Pokuborn Verts à la Forêt de Poslinkis	포슬린키스 숲의 초록 포쿠본				
QUEST_JOBSTEP_20150323_002429	Aller trouver le Maître Wugushi à la Vallée de Tiltas.	틸타스 협곡에 있는 무고사 마스터를 찾아 가세요.				
QUEST_JOBSTEP_20150323_002430	Récolter le poison synthétisé sur les Bite	바이트에게서 합성독 수집				
QUEST_JOBSTEP_20150323_002431	Le Maître Wugushi t'a confié la mission de récolter du poison. Récolte le poison synthétisé sur les Bite des Plaines de Saknis à l'aide du tube simplifié.	무고사는 독을 모으는 것을 과제로 주었습니다. 사크니스 벌판의 바이트에게 간이 대롱을 사용하여 합성독을 모아 오세요.				
QUEST_JOBSTEP_20150323_002432	Obtenir %s sur les Bite	바이트에게서 %s 수집				
QUEST_JOBSTEP_20150323_002433	Rencontrer le Maître Éclaireur à la Vallée du pont interminable.	긴다리 계곡에 있는 스카우트 마스터를 찾아 가 보세요.				
QUEST_JOBSTEP_20150323_002434	Trouver les monstres cachés à l'aide de bombes éclairantes et les vaincre	섬광탄으로 숨어있는 몬스터를 탐지하여 처치				
QUEST_JOBSTEP_20150323_002435	Trouve les monstres cachés aux Plaines de Saknis à l'aide de bombes éclairantes et vaincs-les.	사크니스 벌판에 숨어있는 몬스터들을 섬광탄을 사용하여 찾아낸 뒤 처치하세요.				
QUEST_JOBSTEP_20150323_002436	Vaincre les monstres détectés	탐지된 몬스터 처치				
QUEST_JOBSTEP_20150323_002437	Le Maître Roublard t'a dit que tu dois passer une épreuve avant qu'elle ne puisse t'enseigner ses techniques. Au terrain d'entraînement de l'entrée de la Forêt de Kateen, utilise des bombes fumigènes sur les monstres qui chargent et vaincs-les.	로그 마스터는 자신의 기술을 가르쳐 주기 전에 시험이 필요하다고 합니다. 카틴 숲 입구에 준비된 연습장에서 몰려드는 몬스터들에게 연막탄을 사용하여 혼란에 빠뜨린 뒤, 처치하세요.				
QUEST_JOBSTEP_20150323_002438	Vaincre Shadowgaler au Terrain Funéraire des Hiboux	매너클 묘지의 섀도게일러 처치				
QUEST_JOBSTEP_20150323_002439	Le Maître Hoplite t'a dit qu'avant de recevoir une leçon, tu dois vaincre Shadowgaler avant que le Maître Hackapell ne le fasse. Comme elle l'a demandé, vaincs Shadowgaler au Terrain funéraire des hiboux et reviens.	하플라이트 마스터는 가르침을 받기에 앞서 하카펠 마스터가 처치하기로 약속한 섀도게일러를 한 발 먼저 처치하여 골탕을 먹일 것을 바라고 있습니다. 그녀의 바램대로 매너클 묘지의 섀도게일러를 처치하고 와 주세요.				
QUEST_JOBSTEP_20150323_002440	Vaincre les Yekub au Terrain Funéraire des Hiboux	매너클 묘지의 예쿱 처치				
QUEST_JOBSTEP_20150323_002441	Le Maître Barbare veut que tu vainques les Yekub plus vite que quiconque. Vaincs les Yekub au Terrain funéraire des hiboux.	바바리안 마스터는 예쿱을 노리는 다른 사람들보다 먼저 가서 예쿱을 처치하길 바라고 있습니다. 매너클 묘지에 있는 예쿱을 처치하세요.				
QUEST_JOBSTEP_20150323_002442	Le Maître Écuyer t'a dit de t'exercer sans relâche jusqu'à ce que la technique devienne tienne. Entraîne-toi sur les monstres de la Forêt de Poslinkis.	스콰이어 마스터는 포박 포승줄을 손에 익을때까지 연습하라고 합니다. 포슬린키스 숲에 있는 몬스터를 상대로 포박 포승줄을 연습해 보세요.				
QUEST_JOBSTEP_20150323_002443	Vaincre Colimencia	그린가의 장원의 콜리멘시아 처치				
QUEST_JOBSTEP_20150323_002444	Le Maître Centurion t'a dit que tu dois posséder les Skills pour commander aux autres. Vaincs Colimencia et prouve ton habileté.	센츄리온 마스터는 다른 사람을 지휘할 정도의 실력이 필요하다고 합니다. 그린가의 장원의 콜리멘시아를 처치하여 실력을 증명하세요.				
QUEST_JOBSTEP_20150323_002445	Vaincre Reaverpede au Marché de Roxona	록소나 장터의 리버피드 처치				
QUEST_JOBSTEP_20150323_002446	Le Maître Rôdeur doute de son travail et veut se rendre utile comme les autres maîtres. Vaincs Reaverpede au Marché de Roxona.	레인저 마스터는 자신의 일에 회의감이 든다면서 다른 마스터들처럼 도움이 되는 일을 해 보고 싶다고 합니다. 록소나 장터에서 리버피드를 처치하세요.				
QUEST_JOBSTEP_20150323_002447	Vaincre le Minotaure au Marché de Roxona	록소나 장터에서 흥분한 미노타우르스 처치				
QUEST_JOBSTEP_20150323_002448	Le Maître Chasseur t'a dit qu'un Minotaure est apparu et qu'un vrai Chasseur doit posséder l'habileté de vaincre ce monstre. Vaincs le Minotaure au Marché de Roxona et rapporte son croc gigantesque comme preuve.	헌터 마스터는 미노타우르스가 나타났다면서 헌터라면 그 몬스터를 처치할 능력은 있어야 한다고 합니다. 록소나 장터에서 미노타우로스를 처치하고 그 증거로 거대한 송곳니를 가져 오세요.				
QUEST_JOBSTEP_20150323_002449	Le Maître Wugushi de la Vallée de Tiltas te cherche	틸타스 협곡의 무고사 마스터가 당신을 찾고 있습니다				
QUEST_JOBSTEP_20150323_002450	Vaincre Rajatoad dans la 1re zone de la Prison des démons	마족수감소 1구역의 라자토드 처치				
QUEST_JOBSTEP_20150323_002451	Le Maître Wugushi parle de l'immunité du sang. Vaincs Rajatoad dans la 1re zone de la Prison des démons et retourne voir le Maître Wugushi	무고사 마스터는 독의 면역에 대한 중요성에 대해 말하고 있습니다. 마족수감소 1구역에서 라자토드를 처치하고 무고사 마스터에게 돌아가세요				
QUEST_JOBSTEP_20150323_002452	Le Maître Éclaireur de Vallée du pont interminable t'attend	긴다리 계곡의 스카우트 마스터가 당신을 찾고 있습니다				
QUEST_JOBSTEP_20150323_002453	Vaincre Deadborn dans la 1re zone de la Prison des démons	마족수감소 1구역의 데드본 처치				
QUEST_JOBSTEP_20150323_002454	Le Maître Éclaireur t'a dit qu'il faut être habile pour recevoir la leçon. Vaincs Deadborn dans la 1re zone de la Prison des démons et retourne voir le Maître Éclaireur.	스카우트 마스터는 가르침을 받으려면 어느 정도 실력은 되어야 한다고 합니다. 마족수감소 1구역에서 데드본을 처치하고 스카우트 마스터에게 돌아가세요.				
QUEST_JOBSTEP_20150323_002455	Le Maître Empenneur de Village d'Escanciu te cherche	에산치우 마을의 플레쳐 마스터가 당신을 찾고 있습니다				
QUEST_JOBSTEP_20150323_002456	Récolter les charbons de bois inflammables	잘 타는 석재 수집				
QUEST_JOBSTEP_20150323_002457	Le Maître Empenneur t'a dit qu'il t'accepterait comme disciple si tu lui rapportais des charbons de bois inflammables, mais il semble ne pas dire la vérité. Vaincs les Jonna Jolem à la Zone du pont de l'aqueduc et récolte des charbons de bois inflammables.	플레쳐 마스터는 잘 타는 석재를 구해다 준다면 제자로 받아들여 주겠지만 왠지 빈말을 하고 있는 듯한 느낌입니다. 수로교 지역에서 요나졸렘을 처치하고 잘 타는 석재를 수집하세요.				
QUEST_JOBSTEP_20150323_002458	Les charbons de bois inflammables ont été obtenus. Remets-les au Maître Empenneur.	잘 타는 석재를 구했습니다. 플레쳐 마스터에게 전해 주세요.				
QUEST_JOBSTEP_20150323_002459	Le Maître Schwarzer Reiter d'Awaiting Stone Bridge te cherche	돌다리 망터에 있는 슈바르츠라이터 마스터가 당신을 찾고 있습니다				
QUEST_JOBSTEP_20150323_002460	Le Schwarzer Reiter t'a dit qu'il faut le courage d'affronter l'ennemi jusqu'au bout. Vaincs Deadborn dans la 1re zone de la Prison des démons et retourne voir le Schwarzer Reiter.	슈바르츠라이터 적을 끝까지 겨눌 수 있는 담력이 중요하다고 합니다. 마족수감소 1구역에서 데드본을 처치하고 슈바르츠라이터 마스터에게 돌아가세요.				
QUEST_JOBSTEP_20150323_002461	Faire Son Rapport au Maître Schwarzer Reiter	슈바르츠라이터 마스터에게 보고				
QUEST_JOBSTEP_20150323_002462	Deadborn a été vaincu avec succès. Parle au Maître Schwarzer Reiter.	데드본을 처치하는데 성공하였습니다. 슈바르츠라이터 마스터와 대화하세요.				
QUEST_JOBSTEP_20150323_002463	Obtenir l'alcool de fleurs sauvages au Marché de Roxona	록소나 장터에서 야생화 꽃술 구하기				
QUEST_JOBSTEP_20150323_002464	Le Maître Clerc t'a dit qu'il n'a plus d'herbes et veut de l'alcool de fleurs sauvages à la place. Obtiens-le au Marché de Roxona et apporte-le au Maître Clerc.	클레릭 마스터는 약초가 동이 났다면서 야생화 꽃술을 원하고 있습니다. 록소나 장터에서 야생화 꽃술을 구해 클레릭 마스터에게 가져다 주세요.				
QUEST_JOBSTEP_20150323_002465	Obtenir l'Essence de Baleine de Pierre au Marché de Roxona	록소나 장터에서 석화고래의 정수 획득				
QUEST_JOBSTEP_20150323_002466	Le Maître Bokor va t'éprouver en vérifiant si tu peux obtenir l'Essence of Baleine de pierre. Vaincs la Baleine de pierre au Marché de Roxona et rapporte-lui l'Essence of Baleine de pierre.	보코르 마스터는 석화고래의 정수를 가져오는 것으로 시험을 치르겠다고 합니다. 록소나 장터에 돌아다니는 석화고래를 처치해 석화고래의 정수를 가져 오세요.				
QUEST_JOBSTEP_20150323_002467	Trouver Sculpteur Tesla à la Gorge de Vieta.	비에타 계곡에 있는 조각가 테슬라를 찾아가세요.				
QUEST_JOBSTEP_20150323_002468	Trouver le Maître Sadhu à la Crête d'Akmens.	아크멘스 능선에 있는 사두 마스터를 찾아가세요.				
QUEST_JOBSTEP_20150323_002469	Le Maître Sadhu veut que tu vainques Colimencia, qui fait du mal aux gens.	사두 마스터는 사람들에게 피해를 주는 그린가의 장원의 콜리멘시아 처치하길 바라고 있습니다.				
QUEST_JOBSTEP_20150323_002470	La requête du Maître Sadhu est accomplie. Retourne lui parler.	사두 마스터의 요청을 완수했습니다. 사두 마스터에게 돌아가 대화하세요.				
QUEST_JOBSTEP_20150323_002471	Trouver le Maître Paladin à la Falaise de Nefritas.	네프리타스 벼랑에 있는 팔라딘 마스터를 찾아가세요.				
QUEST_JOBSTEP_20150323_002472	Vaincre Gaigalas à la Ferme des Métayers	테넌츠 농장의 가이갈라스 처치				
QUEST_JOBSTEP_20150323_002473	Le Maître Paladin veut éprouver ta foi. Vaincs Gaigalas à la Ferme des métayers.	팔라딘 마스터는 신앙심을 직접 확인하고 싶어합니다. 테넌츠 농장에 자주 출몰한다는 가이갈라스를 처치하세요.				
QUEST_JOBSTEP_20150323_002474	Gaigalas a été vaincu. Retourne faire ton rapport au Maître Paladin.	가이갈라스를 처치했습니다. 팔라딘 마스터에게 돌아가 보고하세요.				
QUEST_JOBSTEP_20150323_002475	Trouver le Maître Moine au Village d'Escanciu.	에산치우 마을에 있는 몽크 마스터를 찾아가세요.				
QUEST_JOBSTEP_20150323_002476	Récupérer les crocs acérés des Netherbovine à la Forêt de Poslinkis.	포슬린키스 숲에서 네더보바인의 날카로운 송곳니 획득				
QUEST_JOBSTEP_20150323_002477	Le Maître Moine t'a demandé d'apporter la preuve de ta volonté de devenir Moine. Vaincs les Netherbovine à la Forêt de Poslinkis et obtiens le croc.	몽크 마스터는 몽크가 되기 위한 다짐의 증거를 가져오라고 하였습니다. 포슬린키스 숲에서 네더보바인을 처치하고 그 증거인 날카로운 송곳니를 획득하세요.				
QUEST_JOBSTEP_20150323_002478	Le croc de Netherbovine a été obtenu. Apporte-le au Maître Moine.	네더보바인의 날카로운 송곳니를 구했습니다. 몽크 마스터에게 가져다 주세요.				
QUEST_JOBSTEP_20150323_002479	Rencontrer le Maître Pardonneur aux Faubourgs de Fedimian.	페디미안 외곽에 있는 파드너 마스터를 찾아가세요.				
QUEST_JOBSTEP_20150323_002480	Le Maître Pardonneur veut que tu récupères l'argent des indulgences perdu pour cette mission. Récupère l'argent perdu dans la région proche de la Zone du pont de l'aqueduc.	파드너 마스터는 잃어버린 면죄부의 대금을 되찾는 것으로 입문 과제를 대신하려 합니다. 수로교 지역에서 잃어버린 대금을 찾아 오세요.				
QUEST_JOBSTEP_20150323_002481	Vaincre les Yonazolem apparus soudainement	갑자기 나타난 요나졸렘 처치				
QUEST_JOBSTEP_20150323_002482	Le Maître Oracle te cherche au Pont de pierre de l'Attente.	돌다리 망터에서 오라클 마스터가 당신을 찾고 있습니다				
QUEST_JOBSTEP_20150323_002483	Obtiens des Essence d'âme de Pawndel et des Essence d'âme de Pawnd au 1er étage de l'Église de Tenet.{nl}	테넷 성당 지상 1층의 폰델의 영혼결정과 폰드의 정신결정을 수집하세요.{nl}				
QUEST_JOBSTEP_20150323_002484	Tu peux fabriquer une Poupée de Bokor en appuyant sur la touche S.	S 키를 눌러 보코르 인형을 제작할 수 있습니다.				
QUEST_JOBSTEP_20150323_002485	Parler à Sculpteur Tesla aux Bois de Siauliai Ouest	샤울레이 서쪽 숲에 있는 조각가 테슬라와 대화해 보세요.				
QUEST_JOBSTEP_20150323_002486	Parler au Maître Sadhu à la Crête d'Akmens	아크멘스 능선에 있는 사두 마스터와 대화해 보세요.				
QUEST_JOBSTEP_20150323_002487	Vaincre les Puragi Bleu aux Plaines de Saknis	사크니스 벌판의 푸른 푸라기 처치				
QUEST_JOBSTEP_20150323_002488	Le Maître Sadhu t'a demandé de vaincre les monstres qui menacent les villageois. Vaincs les Puragi bleu aux Plaines de Saknis.	사두 마스터는 주민들을 위협하는 몬스터들을 퇴치해 달라고 합니다. 사크니스 벌판의 푸른 푸라기를 처치하세요.				
QUEST_JOBSTEP_20150323_002489	Tous les Puragi bleu qui menaçaient les villageois ont été vaincus. Retourne faire ton rapport au Maître Sadhu.	주민에게 위협이 되는 푸른 푸라기들을 모두 처치하였습니다. 사두 마스터에게 돌아가 보고하세요.	QUEST_JOBSTEP_20150317_002023	Tous les monstres qui menaçaient les villageois ont été vaincus. Retourne voir le Maître Sadhu.	주민에게 위협이 되는 몬스터들을 모두 처치하였습니다. 사두 마스터에게 돌아가 보고하세요.	
QUEST_JOBSTEP_20150323_002490	Vaincre les Puragi Bleu	푸른 푸라기 처치				
QUEST_JOBSTEP_20150323_002491	Parler au Maître Moine au Village d'Escanciu	에산치우 마을에 있는 몽크 마스터와 대화하세요.				
QUEST_JOBSTEP_20150323_002492	Le Marchand d'équipement de Fedimian a vu un jour un Mostem aux Faubourgs de Fedimian. Rends-toi aux Faubourgs de Fedimian et obtiens les pots enflammés en vainquant les Mostem.	페디미안의 도구상인은 페디미안 외곽에서 모스템을 본 적이 있다고 합니다. 페디미안 외곽으로 가서 모스템을 처치하고 불항아리를 얻으세요.				
QUEST_JOBSTEP_20150323_002493	Obtenir l'huile durcie aux Plaines de Saknis	사크니스 벌판에서 굳은 기름 수집				
QUEST_JOBSTEP_20150323_002494	Le Marchand d'équipement veut de l'huile durcie en échange de ses informations. Obtiens l'huile durcie sur les Puragi des Plaines de Saknis et apporte-la au Marchand d'équipement.	장비상인은 정보의 댓가로 굳은 기름을 원하고 있습니다. 사크니스 벌판의 푸라기에게서 굳은 기름을 모아 장비상인에게 가져다 주세요.				
QUEST_JOBSTEP_20150323_002495	Éliminer le danger au Terrain funéraire des hiboux	매너클 묘지의 위험 제거				
QUEST_JOBSTEP_20150323_002496	Tu dois montrer ton habileté au Maître Cataphractaire. Vaincs la Biteregina qui menace les gens au Terrain funéraire des hiboux.	캐터프랙트 마스터에게 실력을 보여줄 필요가 있습니다. 매너클 묘지에서 사람들을 위협하는 비테레지나를 처치하세요.				
QUEST_JOBSTEP_20150323_002497	Vaincre Reaverpede au Village d'Escanciu pour l'épreuve du Maître Élémentaliste.	엘리멘탈리스트 마스터의 시험을 위해 에산치우 마을의 리버피드를 처치하세요.				
QUEST_JOBSTEP_20150323_002498	Faire Son Rapport au Maître Élémentaliste	엘리멘탈리스트 마스터에게 보고				
QUEST_JOBSTEP_20150323_002499	Reaverpede a été vaincu avec succès. Fais ton rapport au Maître Élémentaliste.	리버피드를 처치하는데 성공하였습니다. 엘리멘탈리스트 마스터에게 보고하세요.				
QUEST_JOBSTEP_20150323_002500	Vaincre Devilglove aux Faubourgs de Fedimian	페디미안 외곽의 데블글로브 처치				
QUEST_JOBSTEP_20150323_002501	Trouver le cadeau du Maître Nécromancien à Voie du démon affamé	큰 아귀 길에서 네크로맨서 마스터의 선물 찾기				
QUEST_JOBSTEP_20150323_002502	Récolte des Os de Pawndel bleu, des Organes internes de Pawnd noir et des Becs de Harpia à Voie du démon affamé.	큰 아귀 길에 네크로맨서 마스터가 준비한 푸른 폰델의 뼈, 검은 폰드의 내장, 하르피아의 부리를 모아 오세요.				
QUEST_JOBSTEP_20150323_002503	Faire son rapport sur les cadeaux au Maître Nécromancien	네크로맨서 마스터에게 선물 보고				
QUEST_JOBSTEP_20150323_002504	Tous les cadeaux du Maître Nécromancien ont été trouvés. Retourne faire ton rapport au Maître Nécromancien.	네크로맨서 마스터의 선물을 모두 찾았습니다. 네크로맨서 마스터에게 돌아가 보고하세요.				
QUEST_JOBSTEP_20150323_002505	Vaincre Honeypin sur le chemin des Sentiers de Grynas	그리나스 숲길의 허니핀 처치				
QUEST_JOBSTEP_20150323_002506	Le Maître Épéiste insiste sur les entraînements semblables à de vrais combats. Fais l'expérience d'un vrai combat en vainquant Honeypin sur le chemin des Sentiers de Grynas.	소드맨 마스터는 실전과 같은 훈련을 강조하고 있습니다. 그리나스 숲길의 허니핀을 처치하여 실전 경험을 쌓아 보세요.				
QUEST_JOBSTEP_20150323_002507	Vaincre Gaigalas au Camp d'Entraînement de Grynas	그리나스 수련장의 가이갈라스 처치				
QUEST_JOBSTEP_20150323_002508	Le Maître Peltaste veut que tu prouves ton habileté. Prouve ton habileté en vainquant Gaigalas au Camp d'entraînement de Grynas.	펠타스타 마스터는 실력을 증명하길 원하고 있습니다. 그리나스 수련장의 가이갈라스를 처치하여 실력을 증명하세요.				
QUEST_JOBSTEP_20150323_002509	Le Maître Highlander veut que tu accumules plus d'expérience. Vaincs Honeypin sur le chemin des Sentiers de Grynas.	하이랜더 마스터는 더욱 경험을 쌓기를 원하고 있습니다. 그리나스 숲길의 허니핀을 처치하세요.				
QUEST_JOBSTEP_20150323_002510	Vaincre Colimencia aux Collines de Grynas	그리나스 구릉지의 콜리멘시아 처치				
QUEST_JOBSTEP_20150323_002511	Le Maître Hoplite veut que tu sois habile, afin que tes compagnons puissent compter sur toi. Vaincs Colimencia aux Collines de Grynas pour prouver ton habileté.	하플라이트 마스터는 동료들이 의지할만한 실력을 원하고 있습니다. 그리나스 구릉지의 콜리멘시아를 처치하여 실력을 증명하세요.				
QUEST_JOBSTEP_20150323_002512	Vaincre les Poata aux Collines de Grynas	그리나스 구릉지의 포아타 처치				
QUEST_JOBSTEP_20150323_002513	Le Maître Barbare veut qu'on ne l'ignore plus, en vainquant les Poata, bien connus pour attaquer les gens. Vaincs les Poata aux Collines de Grynas.	바바리안 마스터는 사람들을 습격하는 것으로 악명높은 포아타를 처치하는 것으로 사람들이 자신을 무시하지 않게 하려고 합니다. 그리나스 구릉지의 포아타를 처치하세요.				
QUEST_JOBSTEP_20150323_002514	Rencontrer le Maître Rodelero au Portail du Grand Roi	대왕의 관문의 로델레로 마스터를 찾아 가세요.				
QUEST_JOBSTEP_20150323_002515	Le Maître Rodelero veut de l'expérience concrète. Vaincs Colimencia et prouve ton habileté.	로델레로 마스터는 실전 경험을 원하고 있습니다. 그린가의 장원의 콜리멘시아를 처치하여 실력을 증명하세요.				
QUEST_JOBSTEP_20150323_002516	Rencontrer le Maître Cataphractaire à la Vallée du pont interminable.	긴다리 계곡의 캐터프랙트 마스터를 찾아 가세요.				
QUEST_JOBSTEP_20150323_002517	Le Maître Cataphractaire t'a dit que tu dois surmonter toutes les difficultés. Prouve ton habileté en vainquant Gaigalas à la Ferme des métayers.	캐터프랙트 마스터는 난관이 무엇이든 뚫어버리는 것이 중요하다고 합니다. 테넌츠 농장의 가이갈라스를 처치하여 실력을 증명하세요.				
QUEST_JOBSTEP_20150323_002518	Le Maître Écuyer cherche l'ornement de la famille Legwyn. Vaincs les Poata au Manoir Greene et récupère l'ornement.	스콰이어 마스터는 르귄가문의 장식을 찾고 있습니다. 그린가의 장원의 포아타를 처치하여 장식을 찾아오세요.				
QUEST_JOBSTEP_20150323_002519	Trouver le Maître Corsaire à la Crête d'Akmens.	아크멘스 능선의 커세어 마스터를 찾아 가세요.				
QUEST_JOBSTEP_20150323_002520	Vaincre Honeypin à la Ferme des Métayers	테넌츠 농장의 허니핀 처치				
QUEST_JOBSTEP_20150323_002521	Le Maître Corsaire te demande de prouver ton habileté. Vaincs Honeypin à la Ferme des métayers et prouve ton habileté.	커세어 마스터는 실력을 증명하라고 합니다. 테넌츠 농장의 허니핀을 처치하여 실력을 증명하세요.				
QUEST_JOBSTEP_20150323_002522	Rencontrer le Maître Doppelsoeldner à Croisement de Paupys.	파우피스 나루의 도펠죌트너 마스터를 찾아 가세요.				
QUEST_JOBSTEP_20150323_002523	Le Maître Doppelsoeldner veut que tu prouves ton habileté en vainquant Gaigalas à la Ferme des métayers.	도펠죌트너 마스터는 테넌츠 농장의 가이갈라스를 처치하여 실력을 증명하길 원하고 있습니다.				
QUEST_JOBSTEP_20150323_002524	Vaincre Reaverpede au Village d'Escanciu	에산치우 마을의 리버피드 처치				
QUEST_JOBSTEP_20150323_002525	Vaincre le Reaverpede de Village d'Escanciu pour passer l'épreuve du Maître Chronomancien	크로노맨서 마스터의 시험을 위해 에산치우 마을의 리버피드를 처치하세요.				
QUEST_JOBSTEP_20150323_002526	Rencontrer le Maître Thaumaturge à la Vallée du pont interminable.	긴다리 계곡에 있는 쏘마터지 마스터를 만나세요.				
QUEST_JOBSTEP_20150323_002527	Vaincre les Netherbovine à la Forêt de Poslinkis	포슬린키스 숲에서 네더보바인을 처치				
QUEST_JOBSTEP_20150323_002528	Le Maître Thaumaturge t'a dit que tous les maîtres collaborent pour vaincre les monstres ; si tu veux devenir Thaumaturge, tu dois y participer. Vaincs les Netherbovine à la Forêt de Poslinkis.	쏘마터지 마스터는 난동을 부리는 몬스터를 처치하는데 마스터들이 합심하고 있다면서 쏘마터지 지망생이라면 응당 참여해야 할 것이라고 합니다. 포슬린키스 숲에서 난동을 부리는 네더보바인을 처치하세요.				
QUEST_JOBSTEP_20150323_002529	Rencontrer le Maître Élémentaliste	엘리멘탈리스트 마스터 만나기				
QUEST_JOBSTEP_20150323_002530	Rencontrer le Maître Élémentaliste à la Crête d'Akmens	아크멘스 능선에 있는 엘리멘탈리스트 마스터를 만나세요.				
QUEST_JOBSTEP_20150323_002531	Vaincre les Netherbovine à la Forêt de Poslinkis	포슬린키스 숲의 네더보바인 처치				
QUEST_JOBSTEP_20150323_002532	Les maîtres de Crête d'Akmens traquent les monstres en fuite. En tant que candidat Élémentaliste, vaincs les Netherbovine apparus à la Forêt de Poslinkis.	아크멘스 능선의 마스터들은 난동을 부리고 사라지는 몬스터를 쫓고 있다고 합니다. 엘리멘탈리스트의 지망생으로써 포슬린키스 숲에 나타난 네더보바인을 처치하세요.				
QUEST_JOBSTEP_20150323_002533	Les Netherbovine ont été vaincus avec succès. Fais ton rapport au Maître Élémentaliste.	네더보바인을 처치하는데 성공하였습니다. 엘리멘탈리스트 마스터에게 보고하세요.				
QUEST_JOBSTEP_20150323_002534	Rencontrer le Maître Sorcier aux Faubourgs de Fedimian	페디미안 외곽에 있는 소서러 마스터를 만나세요				
QUEST_JOBSTEP_20150323_002535	Rencontrer le Maître Chronomancien à la Route de la Stèle	비석로에 있는 크로노맨서 마스터를 만나세요				
QUEST_JOBSTEP_20150401_002536	Pour mon futur disciple, j'ai préparé un beau cadeau à Voie du démon affamé.{nl}J'espère qu'il te plaira.	앞으로 생길 나의 제자를 위해 큰아귀 길에 멋진 선물을 준비해 놨지.{nl}자네에게 좋은 선물이 되기를 바라네.				네크로맨서 마스터
QUEST_JOBSTEP_20150401_002537	Rencontrer le Maître Sorcier aux Faubourgs de Fedimian.	페디미안 외곽의 소서러 마스터를 찾아 가세요.				
QUEST_JOBSTEP_20150401_002538	Le Maître Sorcier veut éprouver ton habileté. Prouve ton habileté en vainquant Devilglove aux Faubourgs de Fedimian.	소서러 마스터는 실력 평가를 원하고 있습니다. 페디미안 외곽의 데블글로브를 처치하여 실력을 증명하세요.				
QUEST_JOBSTEP_20150401_002539	Parler au Maître Nécromancien au Passage de Mullers	뮬러스 통로의 네크로맨서 마스터와 대화하세요.				
QUEST_JOBSTEP_20150401_002540	Trouver le cadeau du Maître Nécromancien à Voie du démon affamé	큰아귀 길에서 네크로맨서 마스터의 선물 찾기				
QUEST_JOBSTEP_20150401_002541	Rapporte les Os de Pawndel bleu, les Entrailles de Pawnd noir et les Becs de Harpeia que le Maître Nécromancien a préparés à Voie du démon affamé.	큰아귀 길에 네크로맨서 마스터가 준비한 푸른 폰델의 뼈, 검은 폰드의 내장, 하르피아의 부리를 모아 오세요.				
QUEST_JOBSTEP_20150401_002542	Rencontrer le Maître Doppelsoeldner à Fedimian.	페디미안의 도펠죌트너 마스터를 찾아 가세요.				
QUEST_JOBSTEP_20150401_002543	Parler au Maître Chronomancien à la Route de la Stèle	비석로에 있는 크로노맨서 마스터와 대화하세요.				
QUEST_JOBSTEP_20150406_002544	Ah, encore une chose.{nl}Il y a un objet caché à l'Île de Flude, dans les Bois de Siauliai ouest.{nl}Avant d'aller à Klaipeda, trouve-le d'abord et rends-le à ses propriétaires légitimes.	아차차, 한 가지 더.{nl}샤울레이 서쪽 숲의 플루데 섬에 숨겨 둔 물건이 있어. {nl}클라페다에 가기 전에 그걸 먼저 찾아서 클라페다의 원래 주인들에게 돌려줘.				새퍼 마스터
QUEST_JOBSTEP_20150406_002545	J'en ai les moyens	그정도라면 낼 수 있다고 한다				
QUEST_JOBSTEP_20150406_002546	Je n'ai pas d'argent pour ça	그런 돈은 없다고 한다				
QUEST_JOBSTEP_20150406_002547	Obtenir le livre du monde bidimensionnel au 1er étage de l'Église de Tenet	테넷 성당 지상 1층에 있는 이면세계에서 책 획득				
QUEST_JOBSTEP_20150406_002548	Le Maître Lieur t'a dit que si tu es assez compétent, tu pourras trouver le monde bidimensionnel au 1er étage de l'Église de Tenet. Trouve le livre du monde bidimensionnel et remets-le au Maître Lieur.	링커 마스터는 만약 자질이 있다면 테넷 성당 지상 1층의 이면세계를 찾을 수 있는 눈이 있을 거라고 합니다. 이면세계로 들어가 그 곳에 있는 책을 찾아 링커 마스터에게 전해 주세요.				
QUEST_JOBSTEP_20150406_002549	Obtenir le livre du monde bidimensionnel au 1er étage de l'Église de Tenet	테넷 성당 지상 1층의 이면세계에서 책 획득				
QUEST_JOBSTEP_20150406_002550	Obtenir les écorces d'arbre des Tipio au Ravin de Veja	베야 골짜기의 티피오에게서 성긴 나무 껍질 획득				
QUEST_JOBSTEP_20150406_002551	Obtenir %s sur les Tipio au Ravin de Veja	베야 골짜기의 티피오에게서 %s 수집	QUEST_JOBSTEP_20150317_001246	Récolter %s	%s 수집	
QUEST_JOBSTEP_20150406_002552	Le Maître Épéiste veut que tu tires une leçon. Vaincs les Beetow au Ravin de Veja et saisis le sens de ses paroles.	소드맨 마스터는 깨닳음을 얻길 원하고 있습니다. 베야 골짜기의 비토우를 처치하면서 소드맨 마스터가 한 말의 의미를 깨닫고 오세요.				
QUEST_JOBSTEP_20150406_002553	Obtenir des cannes à pêche sur les Pêcheurs rouges des Plaines de Saknis et les examiner, en distinguant celles qui produisent un sifflement	사크니스 벌판에 있는 붉은 피셔맨의 낚시대를 구한 다음 맑은 소리가 나는 나무만 판별하여 가져가세요.				
QUEST_JOBSTEP_20150406_002554	Obtenir le croc acéré en vainquant les Netherbovine à la Forêt de Poslinkis	포슬린키스 숲에서 네더보바인을 처치하고 날카로운 송곳니 획득				
QUEST_JOBSTEP_20150414_002555	Si tu veux vraiment apprendre quelque chose, tu dois d'abord prouver que tu en es digne.{nl}Je vais te confier une mission. Vaincs les Vubbe au 1er étage de la Mine de cristal.	그대가 정녕 제게 가르침을 받고 싶다면 그 자격이 있는지 증명해야 할 것입니다.{nl}과제를 드리지요. 수정광산 1층을 점령하고 있는 부베들을 소탕하십시오.				
QUEST_JOBSTEP_20150414_002556	Merci pour ta détermination à apprendre mon art de l'épée, mais je ne suis pas sûr que tu{nl}puisses suivre.{nl}Je vais t'éprouver en observant comment tu affrontes les Vubbe au 1er étage de la Mine de{nl}cristal.	그대가 나의 검법을 계승하겠다는 건 참으로 고마운 일이나 제대로 따라올 수 있을지 의문이 드는군.{nl}수정광산 1층을 점거하고 있는 부베들을 상대하는 것으로 그대를 시험해 보겠다.				하이랜더 마스터
QUEST_JOBSTEP_20150414_002557	Rends-toi au Jardin de Tenet et pose ce pot au sol.{nl}Quand tu vaincs des monstres près du pot, les énergies s'y rassemblent.	테넷 화원으로 가서 이 항아리를 바닥에 놔.{nl}항아리 근처에 있는 몬스터를 처치하면 항아리에 기운이 모일거야.				파이로맨서 마스터
QUEST_JOBSTEP_20150414_002558	Pose simplement le pot au sol à la Crête de Ramstis.{nl}Le problème sera le Chapparition là-bas... mais je te crois assez compétent pour l'affronter.	람스티스 협곡에 이 항아리를 놓고 오기만 하면 돼.{nl}문제는 그 자리에 버티고 있는 채퍼리션인데.. 너 정도면 분명 상대할 수 있을 거야.				
QUEST_JOBSTEP_20150414_002559	J'ai entendu dire qu'un monstre appelé Biteregina attaque les voyageurs au Terrain funéraire des hiboux.{nl}Si tu peux vaincre ce monstre, je reconnaîtrai ton habileté.	비테레지나라는 몬스터가 매너클 묘지에서 여행객들을 습격한다나봐.{nl}그 몬스터를 흠씬 두들겨준다면 너의 실력을 인정해주겠어.				
QUEST_JOBSTEP_20150414_002560	Montre le pouvoir de la déesse au Chapparition de la Crête de Ramstis.{nl}Ce monstre suffira à éprouver ton courage.	람스티스 협곡의 채퍼리션에게 여신의 위엄을 알려주십시오.{nl}그 음산함은 그대의 담력을 시험하는데 적합할 것입니다.				펠타스타 마스터
QUEST_JOBSTEP_20150414_002561	Si tu veux apprendre quelque chose de moi, il faut être rapide.{nl}Vaincs les monstres à l'entrée de la Forêt de Kateen à l'aide de bombes fumigènes.{nl}Sois prudent, car certains d'entre eux sont assez puissants.	내게 뭐라도 배우려면 우선 발이 빨라야해.{nl}카틴 숲 입구에 준비된 연습장에서 연막탄을 이용해 몬스터를 처치해봐.{nl}꽤 강한 녀석도 있으니까 긴장하는게 좋을거야.				
QUEST_JOBSTEP_20150414_002562	Oh, te voilà déjà de retour.{nl}Bien joué.{nl}	오, 벌써 다녀 왔는가. {nl}수고했네. {nl}				조각가 테슬라
QUEST_JOBSTEP_20150414_002563	Si tu veux apprendre quelque chose de moi, vaincs Gaigalas à la Ferme des métayers.{nl}Si tu veux que ta volonté et ton habileté soient reconnues.	나에게 무언가를 배우고 싶다면 테넌츠 농장의 가이갈라스를 사냥해 오도록 해.{nl}너의 각오와 실력 모두를 인정받고 싶다면 말이다.				
QUEST_JOBSTEP_20150414_002564	Mets fin aux méfaits des monstres.{nl}J'ai entendu dire que Colimencia sème le trouble au Manoir Greene.	사람들을 해치는 몬스터의 악행을 멈추게 하는 겁니다.{nl}제가 들은 바로는 그린가의 장원에서 콜리멘시아가 난동을 부리고 있다는군요.				사두 마스터
QUEST_JOBSTEP_20150414_002565	Es-tu prêt ?{nl}Je te retrouve à la salle d'entraînement du Maître Highlander.	준비는 되셨는지요.{nl}하이랜더 마스터의 도장에서 뵙겠습니다.				오라클 마스터
QUEST_JOBSTEP_20150414_002566	Maître Fauconnier	응사 마스터				
QUEST_JOBSTEP_20150414_002567	Alors tu veux devenir un maître Fauconnier.{nl}Je ne sais pas quel oiseau sera ton ami, mais pour interagir avec lui, le mieux est d'utiliser sa{nl}nourriture.	응사를 지망하는군.{nl}네 친구가 될 새가 무엇이 될진 모르겠지만 누구든 교감할 때 제일 좋은 건 먹이다.{nl}				응사 마스터
QUEST_JOBSTEP_20150414_002568	N'importe laquelle fera l'affaire. Obtiens de la nourriture sur des monstres de type animal.{nl}J'éprouverai ainsi tes capacités de Pardonneur.	뭐든 좋으니 먹이로 줄 고기를 동물형 몬스터에게서 구해와. {nl}그걸로 응사의 자질을 판단하지.				응사 마스터
QUEST_JOBSTEP_20150414_002569	Si les monstres sont forts, c'est plus facile à obtenir.{nl}Si les monstres sont faibles, ce ne sera pas aisé.	강한 몬스터일수록 구하기 쉬울거다.{nl}반대로 약한 몬스터라면 고생 좀 하겠지.				응사 마스터
QUEST_JOBSTEP_20150414_002570	C'est une viande rare. Tu as dû peiner pour l'obtenir.{nl}Je compte sur toi désormais.	꽤 귀한 고기로군. 구하기 힘들었겠어.{nl}서로 응사로써 앞으로 잘 부탁한다.				
QUEST_JOBSTEP_20150414_002571	Goût Difficile [Avancement Fauconnier]	까다로운 입맛[응사 전직]				
QUEST_JOBSTEP_20150414_002572	Je ne peux pas faire des corvées pareilles	그런 귀찮은 일은 못하겠다고 한다				
QUEST_JOBSTEP_20150414_002573	Obtenir le cœur d'Orque de pierre au 1er étage de la Mine de cristal	수정광산 1층에서 스톤오르카의 심장 수집				
QUEST_JOBSTEP_20150414_002574	Zone du 1er étage de la Mine de cristal	수정광산 1층 전지역				
QUEST_JOBSTEP_20150414_002575	Vaincre les monstres à l'aide de bombes fumigènes	연막탄을 사용하고 몬스터 처치하기				
QUEST_JOBSTEP_20150414_002576	Le Maître Oracle t'attend à Klaipeda	클라페다에서 오라클 마스터가 당신을 찾고 있습니다				
QUEST_JOBSTEP_20150414_002577	Le Maître Oracle veut savoir si tu as les capacités de recevoir les préceptes de l'oracle et de bien les diffuser. Affronte le Maître Oracle en duel dans la salle du Maître Highlander et remporte la victoire.	오라클 마스터는 신탁의 지침을 품을 역량이 있는지, 그것을 잘 전파할 의지가 있는지 검증하고 싶어합니다. 하이랜더 마스터의 방에서 오라클 마스터와 대련하여 승리를 거두세요.				
QUEST_JOBSTEP_20150414_002578	L'Appel du Maître Fauconnier	응사 마스터의 부름				
QUEST_JOBSTEP_20150414_002579	Le Maître Fauconnier de Klaipeda te cherche.	클라페다에서 응사 마스터가 당신을 찾고 있습니다.				
QUEST_JOBSTEP_20150414_002580	Obtenir la viande que le faucon apprécie	매가 좋아하는 고기 구하기				
QUEST_JOBSTEP_20150414_002581	Vaincs des monstres de type animal pour obtenir la viande destinée au faucon. N'importe quel monstre convient, mais plus les monstres sont forts, plus il sera facile d'obtenir la viande.	동물형 몬스터를 처치해서 먹이로 줄 만한 고기를 구해오세요. 어떤 몬스터이든 상관 없지만 강한 몬스터일수록 고기를 구하기 쉽습니다.				
QUEST_JOBSTEP_20150414_002582	Parler au Maître Fauconnier	응사 마스터와 대화				
QUEST_JOBSTEP_20150414_002583	Toute la viande destinée à nourrir le faucon a été obtenue. Parle au Maître Fauconnier.	매의 먹이로 쓸 고기를 모두 구하였습니다. 응사 마스터와 다시 대화해 보세요.				
QUEST_JOBSTEP_20150428_002584	Infiltre-toi dans la chambre du Maître Pyromancien et prends ce qui est dans la boîte.{nl}Fais ce que tu veux du reste.	파이로맨서의 방에 몰래 잠입해 그 곳에 있는 상자 안에 든 걸 가져오십시오.{nl}그 외의 것은 알아서 처리하시고요.				크리오맨서 마스터
QUEST_JOBSTEP_20150428_002585	Tous les livres sont désormais rassemblés. Bien joué.{nl}Comme promis, je vais t'enseigner les techniques du Chasseur.{nl}	책이 전부 모였군요. 수고하셨어요.{nl}약속한 대로 당신에게 헌터의 기술을 가르쳐 드리겠어요.{nl}				
QUEST_JOBSTEP_20150428_002586	Et voici ta récompense. {nl}Cela suffira pour obtenir un Velheider.	그리고 이건 수고료. {nl}이 정도면 벨하이더 정돈 분양받을 수 있겠죠.				
QUEST_JOBSTEP_20150428_002587	La magie ne fait pas de distinction entre les gens, mais je n'aime pas les paresseux.{nl}J'éprouverai ton cran en vérifiant si tu peux vaincre les Orques de pierre au 1er étage de la Mine de cristal.	마법은 사람을 가리지 않지만 난 게으른 사람은 싫어.{nl}수정광산 1층에서 스톤오르카를 처치하는 것으로 네 근성을 시험해 보겠어.				
QUEST_JOBSTEP_20150428_002588	C'est une viande rare. Tu as dû peiner pour l'obtenir.{nl}En tant que Fauconnier, je compte sur toi désormais.{nl}	꽤 귀한 고기로군. 구하기 힘들었겠어.{nl}응사로써 앞으로 잘 부탁한다.{nl}				응사 마스터
QUEST_JOBSTEP_20150428_002589	Et il sera difficile d'obtenir un faucon au début.{nl}Je vais t'y aider, puisque nous sommes tous deux des Pardonneurs.	참, 처음엔 매를 분양받기 힘들 거야.{nl}이제부터 같은 응사인데 이 정돈 내가 도와 줘야지.				응사 마스터
QUEST_JOBSTEP_20150428_002590	Toutes les régions du Ravin de Veja	베야 골짜기 전 지역				
QUEST_JOBSTEP_20150428_002591	Vaincre les Orques de Pierre	스톤오르카를 처치				
QUEST_JOBSTEP_20150428_002592	Le Maître Mage insiste sur l'importance de la volonté. Vaincs les Orques de pierre au 1er étage de la Mine de cristal et retourne voir le Maître Mage.	위저드 마스터는 근성의 중요성에 대해 강조하고 있습니다. 수정광산 1층에서 스톤오르카를 처치하고 위저드 마스터에게 돌아가세요.				
QUEST_JOBSTEP_20150428_002593	Tous les Orques de pierre ont été vaincus. Retourne faire ton rapport au Maître Mage.	스톤오르카를 모두 처치하였습니다. 위저드 마스터에게 돌아가 보고하세요.				
QUEST_JOBSTEP_20150511_002594	J'ai entendu dire qu'un Minotaure la détient quelque part dans la Forêt de Sirdgela.{nl}On dit que ce monstre n'est pas facile, alors prépare-toi sérieusement.	시르드겔라 숲 어딘가에서 미노타우로스가 가지고 있댔어.{nl}그 몬스터 때문에 무지 고생했다니까 단단히 준비해 가는 게 좋을 거야.				새퍼 마스터
QUEST_JOBSTEP_20150511_002595	Il a disparu dans les ténèbres après avoir parlé au Maître Élémentaliste.{nl}Tu ferais mieux d'aller lui parler.	엘리멘탈리스트 마스터와 짧은 대화를 나눈 뒤 어둠 속으로 사라졌습니다.{nl}그에게 가 보시는 게 좋겠습니다.				사두 마스터
QUEST_JOBSTEP_20150511_002596	En réalité, les Tontulia ne sont pas si coriaces, mais les autres ennemis sont plus dangereux.{nl}Hmm... Bonne chance !	사실 톤투리아는 별거 아닌데 주변에 다른 몬스터도 많이 있는 게 위험하지.{nl}음.. 힘내!				새퍼 마스터
QUEST_JOBSTEP_20150511_002597	Il faut être rapide pour apprendre de moi.{nl}Utilise des bombes fumigènes au terrain d'entraînement devant l'entrée de la Forêt de Kateen, et vaincs les monstres.{nl}Certains sont vraiment forts, alors tiens-toi prêt.	내게 뭐라도 배우려면 우선 발이 빨라야해.{nl}카틴 숲 입구에 준비된 연습장에서 연막탄을 이용해 몬스터를 처치해봐.{nl}꽤 강한 녀석도 있으니까 긴장하는 게 좋을거야.				
QUEST_JOBSTEP_20150511_002598	D'abord, tu dois rassembler l'huile parfumée nécessaire à l'entretien de la statue de la Déesse.{nl}Si tu la demandes aux prêtres de Klaipeda, ils te la donneront.	먼저 여신상의 보수에 필요한 향유부터 모으는 게 좋겠네.{nl}클라페다의 성직자분들께 부탁하면 쉬이 내어줄 걸세.				조각가 테슬라
QUEST_JOBSTEP_20150511_002599	Si tu veux apprendre de moi, tu dois d'abord me montrer ton habileté.{nl}Honeypin, à la Ferme des métayers, fera l'affaire.	나에게 뭘 배우고 싶다면 실력부터 제대로 보여주는 게 예의 아닐까?{nl}테넌츠 농장의 허니핀 정도가 적당한 것 같은데.				
QUEST_JOBSTEP_20150714_002600	Félicitations pour la naissance d'un nouveau Bokor.{nl}Quand j'ai choisi la voie du Bokor, j'ai commencé par fabriquer ma propre poupée.{nl}	새로운 보코르의 탄생을 축하합니다.{nl}제가 보코르의 길을 선택했을 때에도 나만의 인형을 만드는 것부터 시작했답니다.{nl}	QUEST_JOBSTEP_20150317_000003	Félicitations, un nouveau Bokor est né. {nl}Quand j'ai choisi la voie du Bokor pour la première fois, j'ai commencé par créer ma propre{nl}poupée. 	새로운 보코르의 탄생을 축하합니다.{nl}제가 보코르의 길을 선택했을 땐 나만의 인형을 만드는 것부터 시작했답니다.{nl}	보코르 마스터
QUEST_JOBSTEP_20150714_002601	Nous n'acceptons pas n'importe qui comme Peltaste.{nl}Je vais te confier une mission. D'abord, vaincs tous les Vubbe qui occupent le 1er étage de la{nl}Mine de cristal.	우리는 아무나 펠타스타로 받아들이지 않습니다.{nl}과제를 드리지요. 수정광산 1층을 점령하고 있는 부베들을 소탕하십시오.	QUEST_JOBSTEP_20150414_002555	Si tu veux vraiment apprendre quelque chose, tu dois d'abord prouver que tu en es digne.{nl}Je vais te confier une mission. Vaincs les Vubbe au 1er étage de la Mine de cristal.	그대가 정녕 제게 가르침을 받고 싶다면 그 자격이 있는지 증명해야 할 것입니다.{nl}과제를 드리지요. 수정광산 1층을 점령하고 있는 부베들을 소탕하십시오.	펠타스타 마스터
QUEST_JOBSTEP_20150714_002602	Je vois ta passion pour devenir Pyromancien, mais cette passion ne suffit pas.{nl}Je prendrai ma décision selon la qualité de ton soutien à mes recherches.	파이로맨서가 되겠다는 열의는 알겠지만, 열의와 수준은 다른 이야기지.{nl}내 연구를 얼마나 잘 보조해 주시는지에 따라서 결정하겠어.	QUEST_JOBSTEP_20150317_000013	Je vois que tu veux apprendre la magie auprès de moi, mais je ne peux pas enseigner à n'importe{nl}qui. {nl}Je verrai à quel point tu peux assister mes recherches, puis je déciderai. 	저에게 마법을 배우겠다는 열의는 알겠습니다만, 아무에게나 가르쳐 드릴 순 없습니다.{nl}제 연구를 얼마나 잘 보조해 주시는지에 따라서 결정하겠어요.	파이로맨서 마스터
QUEST_JOBSTEP_20150714_002603	Grâce à toi, je peux passer à l'étape suivante de mes recherches.{nl}Tu peux venir apprendre la magie quand tu veux. Bien joué.	덕분에 다음 연구단계로 넘어갈 수 있겠어.{nl}마법을 배우러 언제든 와도 좋아. 수고했어.	QUEST_JOBSTEP_20150317_000014	Beau travail. Grâce à toi, je peux passer à l'étape suivante de mes recherches. {nl}Je t'enseignerai la magie du Pyromancien comme promis. 	수고하셨어요. 덕분에 다음 연구단계로 넘어갈 수 있겠네요.{nl}약속대로 파이로맨서의 마법을 가르쳐 드리지요.	파이로맨서 마스터
QUEST_JOBSTEP_20150714_002604	Bienvenue. Tu élimineras le mal que j'invoque.{nl}J'enregistrerai la longueur d'onde unique qui émanera de ce processus.	잘 오셨어요. 당신이 해 주실 일은 제가 소환한 악령을 제거해 주시면 됩니다.{nl}그 과정에서 뿜어져 나오는 특별한 파장을 기록하겠어요.	QUEST_JOBSTEP_20150317_000015	Bien, tu es là. J'ai besoin que tu vainques les esprits maléfiques que je vais invoquer. {nl}Je consignerai la longueur d'onde particulière émise durant le processus. 	잘 오셨어요. 당신이 해 주실 일은 제가 소환한 악령을 처치해 주시면 됩니다.{nl}그 과정에서 뿜어져 나오는 특별한 파장을 기록하겠어요.	보코르 마스터
QUEST_JOBSTEP_20150714_002605	Je fais des recherches sur le 4e état de la matière.{nl}C'est impossible sans le soutien du Maître Bokor, qui contrôle les esprits.	난 물질의 제4번째 상태에 대해 연구중이야.{nl}영혼을 다루는 보코르 마스터님의 협조가 없으면 절대로 불가능한 일이지.	QUEST_JOBSTEP_20150317_000016	Je fais des recherches sur le 4e état de la matière. {nl}C'est impossible sans la coopération du Maître Bokor, qui traite avec les esprits. 	전 물질의 제4번째 상태에 대해 연구중입니다.{nl}영혼을 다루는 보코르 마스터님의 협조가 없으면 절대로 불가능한 일이지요.	파이로맨서 마스터
QUEST_JOBSTEP_20150714_002606	Bien. {nl}Comme ces recherches avancent avec le Maître Bokor, elle te dira quoi faire quand tu iras la{nl}voir.	좋아. {nl}그 연구는 보코르 마스터님과 함께 진행중이니 그 분께 가면 할 일을 일러주실거야.	QUEST_JOBSTEP_20150317_000018	Bien. {nl}Cette étude est menée avec le Maître Bokor. Va donc lui rendre visite et elle te dira quoi faire. 	좋습니다. {nl}그 연구는 보코르 마스터님과 함께 진행중이니 그분께 가면 할 일을 일러주실 겁니다.	파이로맨서 마스터
QUEST_JOBSTEP_20150714_002607	Tu veux apprendre la magie auprès de moi ?{nl}Bien sûr que je peux t'enseigner. Si tu me rends un service.	제게 마법을 배우고 싶으시다고요.{nl}물론 가르쳐 드리지요. 한 가지 일만 잘 처리해 주신다면요.	QUEST_JOBSTEP_20150317_000020	Tu veux apprendre la magie du Cryomancien auprès de moi ? {nl}Bien sûr, je t'enseignerai, mais seulement si tu t'occupes d'abord de quelque chose ! 	제게 크리오맨서의 마법을 배우고 싶으시다고요.{nl}물론 가르쳐 드리지요. 한 가지 일만 잘 처리해 주신다면요.	크리오맨서 마스터
QUEST_JOBSTEP_20150714_002608	Cela suffira.{nl}Ce sera difficile à partir de cette étape, alors suis bien.	이 정도면 충분하군.{nl}이 단계부터는 꽤 어려우니까 열심히 따라와야 할 거야.	QUEST_JOBSTEP_20150317_000024	Cela suffira. {nl}Ma magie n'est pas facile, alors tu devras travailler dur pour suivre. 	이 정도면 충분하군.{nl}내 마법은 어려우니까 열심히 따라와야 할 거야.	파이로맨서 마스터
QUEST_JOBSTEP_20150714_002609	Tu veux devenir Rôdeur ? Alors j'ai une requête pour toi. {nl}Je déciderai si je dois t'enseigner selon la qualité de ton travail.	레인저가 되길 원해? 그렇다면 당신에게 한 가지 의뢰를 하지. {nl}그 일을 얼마나 잘 해내느냐에 따라서 당신을 가르칠지 결정하겠어.	QUEST_JOBSTEP_20150317_000029	Alors tu veux apprendre la voie de la flèche auprès de moi... Dans ce cas, j'ai une mission pour{nl}toi. {nl}Je fonderai ma décision sur la façon dont tu accompliras la mission. 	나에게 활을 배우고 싶다라.. 그렇다면 당신에게 한 가지 의뢰를 하지. {nl}그 일을 얼마나 잘 해내느냐에 따라서 당신을 가르칠지 결정하겠어.	레인저 마스터
QUEST_JOBSTEP_20150714_002610	Ainsi, tous les livres sont rassemblés. Bien joué.{nl}Comme promis, je t'autorise à devenir Chasseur.{nl}	책이 전부 모였군요. 수고하셨어요.{nl}약속한 대로 당신이 헌터로 입문하는 것을 허락해 드리죠.{nl}	QUEST_JOBSTEP_20150428_002585	Tous les livres sont désormais rassemblés. Bien joué.{nl}Comme promis, je vais t'enseigner les techniques du Chasseur.{nl}	책이 전부 모였군요. 수고하셨어요.{nl}약속한 대로 당신에게 헌터의 기술을 가르쳐 드리겠어요.{nl}	헌터 마스터
QUEST_JOBSTEP_20150714_002611	Et voici mon cadeau. {nl}Tu pourras acheter un Velheider.	그리고 이건 제 선물. {nl}이 정도면 벨하이더 정돈 분양받을 수 있겠죠.	QUEST_JOBSTEP_20150428_002586	Et voici ta récompense. {nl}Cela suffira pour obtenir un Velheider.	그리고 이건 수고료. {nl}이 정도면 벨하이더 정돈 분양받을 수 있겠죠.	헌터 마스터
QUEST_JOBSTEP_20150714_002612	Bien joué. {nl}J'attends de toi que tu sois à la hauteur de mes attentes.	성과는 확실하군. {nl}내 기대에 확실히 부응해 주길 기대하겠어.	QUEST_JOBSTEP_20150317_000033	Tu as obtenu de bons résultats. Je t'enseignerai désormais. {nl}J'espère que tu seras à la hauteur de mes attentes. 	성과는 확실하군. 이제부터 내가 널 가르치지.{nl}내 기대에 확실히 부응해 주길 기대하겠어.	레인저 마스터
QUEST_JOBSTEP_20150714_002613	Quand tu croises le fer avec un adversaire, tu découvres son habileté.{nl}Si tu peux me prouver tes qualités de guerrier, je t'enseignerai ce qu'est un vrai guerrier.	검과 검을 맞댐으로써 상대의 기량을 알 수 있지.{nl}내게 전사의 자격을 증명하면 진짜 전사가 뭔지 가르쳐 주겠다.	QUEST_JOBSTEP_20150317_000036	On comprend les capacités d'un adversaire en l'affrontant épée contre épée. {nl}Prouve-moi que tu es un véritable guerrier, et je te guiderai pour devenir un vrai Barbare. 	검과 검을 맞댐으로써 상대의 기량을 알 수 있지.{nl}내게 전사의 자격을 증명하면 진정한 바바리안으로 이끌어 주겠다.	바바리안 마스터
QUEST_JOBSTEP_20150714_002614	Bien.{nl}Tu as largement l'étoffe d'un guerrier.	훌륭하군.{nl}전사의 자격은 충분하다.	QUEST_JOBSTEP_20150317_000037	Tu as effectivement les qualités d'un guerrier. {nl}Je vais faire de toi un véritable Barbare. 	전사의 자격은 충분하다. {nl}내가 진짜 바바리안으로 만들어 주지.	바바리안 마스터
QUEST_JOBSTEP_20150714_002615	C'est bien. Il y a trop de regards ici, alors va au camp de base. {nl}Je te suivrai bientôt.	맘에 드는군. 여긴 눈이 많으니 캠프 거점 위로 가 있어라.{nl}금방 따라가도록 하지.				바바리안 마스터
QUEST_JOBSTEP_20150714_002616	Pourquoi traînes-tu ? {nl}Ne t'ai-je pas déjà dit d'aller au camp ?	뭘 꾸물대고 있는 거지?{nl}캠프 거점 위로 가 있으라고 했잖나.				바바리안 마스터
QUEST_JOBSTEP_20150714_002617	T'apprendre à manier la lance est facile, mais ton esprit doit y être prêt.{nl}La mission est simple, mais un peu contraignante.	창을 가르쳐 드리는 거야 쉽습니다만, 제겐 당신의 마음가짐이 중요합니다.{nl}과제는 간단합니다. 조금 귀찮을 뿐이지요.	QUEST_JOBSTEP_20150317_000038	Je comprends que tu veuilles devenir plus fort à la lance. {nl}Accomplis la mission que je te confie, et je t'enseignerai mon art de la lance.	창으로써 강해지고 싶은 당신의 마음은 잘 알겠습니다.{nl}제가 드리는 과제를 수행해 오신다면 저의 창술을 가르쳐 드리겠습니다.	하플라이트 서브 마스터
QUEST_JOBSTEP_20150714_002618	Du Cuir de Glizardon au sous-sol 1 de l'Église de Tenet, des crocs de Galok au 1er étage.{nl}Et de la poudre noire des Egnome... Je compte sur toi.	테넷 성당 지하 1층의 글리자돈의 가죽, 지상 1층의 갈록의 송곳니.{nl}그리고 지상 2층의 이노움의 검은가루.. 잘 부탁드립니다.	QUEST_JOBSTEP_20150323_002200	Le cuir des Glizardon et le croc des Galok au sous-sol 1 de l'Église de Tenet.{nl}Et la poudre noire des Egnome au 2e étage. Rapporte-moi tout ça, je te prie.	테넷 성당 지하 1층의 글리자돈의 가죽, 지상 1층의 갈록의 송곳니.{nl}그리고 지상 2층의 이노움의 검은가루를 제게 가져오세요.	하플라이트 서브 마스터
QUEST_JOBSTEP_20150714_002619	Vaincs les Carcashus à Vallon de Septyni pour récolter les graines.{nl}Elles se brisent facilement, il n'est donc pas aisé d'en obtenir de convenables.	셉티니 골에서 카르카슈를 잡아서 씨앗을 모아 주게.{nl}쉽게 망가져서 온전한 걸 구하기가 쉽지 않아.	QUEST_JOBSTEP_20150323_002202	Récolte l'alcool de fleur des Doyor au Ravin de Veja, je te prie.{nl}Ils se brisent facilement, il sera donc difficile d'en obtenir de convenables.	베야 골짜기에서 도요르를 잡아서 꽃술을 모아 주게.{nl}쉽게 망가져서 온전한 걸 구하기가 쉽지 않아.	
QUEST_JOBSTEP_20150714_002620	Bien. Les graines sont en bon état.{nl}Quand tu commenceras à apprendre de moi, tu réaliseras à quel point c'est formidable.	좋군. 씨앗이 부서지지 않았군.{nl}내 밑에서 배우다 보면 자네도 이게 얼마나 굉장한 일인지 알게 될걸세.	QUEST_JOBSTEP_20150323_002203	Bien. L'alcool de fleur est intact.{nl}Je vais t'apprendre à quel point c'est formidable.	좋군. 꽃술이 온전히 살아 있어.{nl}내 밑에서 배우다 보면 자네도 이게 얼마나 굉장한 일인지 알게 될걸세.	
QUEST_JOBSTEP_20150714_002621	Quoi qu'il en soit, bien joué.{nl}Entendons-nous bien désormais.	어쨌든 정말 수고했어.{nl}앞으로 주거니 받거니 하면서 잘 지내 보자고.	QUEST_JOBSTEP_20150317_000066	Quoi qu'il en soit, tu as fait du bon travail. {nl}Coopérons désormais, en nous enseignant et en apprenant l'un de l'autre. 	어쨌든 정말 수고했어.{nl}앞으로 가르침을 주거니 받거니 하면서 잘 지내 보자고.	새퍼 마스터
QUEST_JOBSTEP_20150714_002622	Je cherchais un livre. Les quatre livres de Lydia Schaffen.{nl}Si tu m'aides à les trouver, je t'autoriserai à devenir Chasseur.	책을 찾고 있어요. 리디아 샤펜님의 책 네 권이요.{nl}책을 찾는 일을 도와주신다면 헌터 입문을 허락하겠어요.	QUEST_JOBSTEP_20150317_000067	Je cherche un livre. Quatre livres de Lydia Schaffen. {nl}Si tu m'aides à trouver ces livres, je t'enseignerai mes Skills. 	책을 찾고 있어요. 리디아 샤펜님의 책 네 권이요.{nl}책을 찾는 일을 도와주신다면 제 기술을 가르쳐 드리겠어요.	헌터 마스터
QUEST_JOBSTEP_20150714_002623	J'ai suffisamment entendu parler de tes exploits. Tu as encore beaucoup de potentiel.{nl}Nous cherchons quelqu'un pour retrouver les livres de Lydia Schaffen et tu arrives au bon{nl}moment. Tu vas nous aider, n'est-ce pas ?	자네의 활약은 들었네. 하지만 자네에게는 무궁무진한 가능성이 있어.{nl}마침 리디아 샤펜의 책을 찾아 줄 사람을 찾고 있었는데 잘됐군. 도와 줄거지?	QUEST_JOBSTEP_20150317_000083	Est-ce toi qui veux apprendre mes Skills ? {nl}Parfait, je cherchais justement quelqu'un pour m'aider à trouver le livre de Lydia Schaffen. {nl}Tu vas m'aider, n'est-ce pas ? 	내 기술을 배우고 싶다는 사람이 자네인가.{nl}마침 리디아 샤펜의 책을 찾아 줄 사람을 찾고 있었는데 잘됐군. 도와 줄거지?	쿼렐슈터 마스터
QUEST_JOBSTEP_20150714_002624	Bien. C'est ça !{nl}Comme promis, je vais t'enseigner les techniques avancées du Tireur de carreaux.{nl}	좋아, 이거야!{nl}약속대로 더 고난이도의 쿼렐슈터 기술을 가르쳐 주지.{nl}	QUEST_JOBSTEP_20150317_000098	Parfait, c'est celui-là ! {nl}Je t'enseignerai les Skills d'un Tireur de carreaux comme promis. {nl}	좋아, 이거야!{nl}약속대로 자네가 더 강해질 수 있도록 쿼렐슈터의 기술을 가르쳐 주지.{nl}	쿼렐슈터 마스터
QUEST_JOBSTEP_20150714_002625	Si tu veux apprendre les techniques de l'Archer, j'ai une requête pour toi.{nl}J'espère que tu nous aideras à retrouver les livres de Lydia Schaffen.	아처의 기술을 더 배우고 싶다면 조건이 있어.{nl}리디야 샤펜님의 책 네 권을 찾는 걸 도와주었으면 해.	QUEST_JOBSTEP_20150317_000100	Si tu veux apprendre davantage de mes Skills, il y a une condition. {nl}Je veux que tu m'aides à trouver les quatre livres de Lydia Schaffen. 	나의 기술을 더 배우고 싶다면 조건이 있어.{nl}리디야 샤펜님의 책 네 권을 찾는 걸 도와주었으면 해.	아처 마스터
QUEST_JOBSTEP_20150714_002626	Enfin, je le vois de mes propres yeux !{nl}Bien joué. Je vais t'enseigner une nouvelle technique sur-le-champ.	이걸 드디어 내 눈으로 보게 되다니!{nl}수고했어. 바로 새로운 기술을 가르쳐 줄게.	QUEST_JOBSTEP_20150317_000113	Enfin, tout est là. {nl}Je t'enseignerai mes Skills comme promis. 	드디어 모두 모았군.{nl}약속대로 내 기술을 전수해 줄 테니 잘 부탁한다.	아처 마스터
QUEST_JOBSTEP_20150714_002627	Il y a des livres que je souhaite collectionner. Ce sont les livres de Lydia Schaffen.{nl}Si tu peux les rassembler, je t'enseignerai les techniques avancées du Rôdeur. Qu'en dis-tu ?	내가 모으려고 하는 책이 있어. 리디아 샤펜의 책이지.{nl}네가 그걸 모아 주면 레인저의 고급 기술들을 전수해 주겠어. 어때?	QUEST_JOBSTEP_20150317_000114	J'ai des livres à rassembler. Ce sont les livres de Lydia Schaffen. {nl}Je t'enseignerai mes Skills si tu les rassembles. Qu'en dis-tu ? 	내가 모으려고 하는 책이 있어. 리디아 샤펜의 책이지.{nl}네가 그걸 모아 주면 내 기술을 전수해 주겠어. 어때?	레인저 마스터
QUEST_JOBSTEP_20150714_002628	Le problème, c'est le Maître Chasseur. Je ne veux pas voir le visage de cette femme.{nl}Je veux donc que tu lui achètes le volume suivant, en le considérant comme les frais de ta{nl}prochaine leçon.	문제는 헌터 마스터야. 그런 여자 얼굴 따윈 정말 보고 싶지 않거든.{nl}그러니 네가 수업료라 생각하고 그 여자에게서 다음 권을 사와.	QUEST_JOBSTEP_20150317_000117	Le problème, c'est le Maître Chasseur. Je ne veux vraiment pas voir son visage. {nl}Alors va lui chercher le livre suivant. 	문제는 헌터 마스터야. 그런 여자 얼굴 따윈 정말 보고 싶지 않거든.{nl}그러니 네가 수업료라 생각하고 그 여자에게서 다음 권을 사와. 	레인저 마스터
QUEST_JOBSTEP_20150714_002629	Je pense que 5 000 pièces d'argent devraient suffire.{nl}Tu en as les moyens, n'est-ce pas ?	한 5,000 실버 정도면 되지 않을까 싶네.{nl}이 정도면 대신 내줄 수 있지?	QUEST_JOBSTEP_20150317_000119	Je pense qu'environ 5 000 pièces d'argent feront l'affaire. {nl}Peux-tu débourser autant ? 	한 5,000 실버 정도면 되지 않을까 싶네.{nl}이 정도면 대신 내줄 수 있지? 	레인저 마스터
QUEST_JOBSTEP_20150714_002630	Enfin, je les ai tous rassemblés. Bien joué.{nl}Enseigner est facile, mais bien suivre est ta responsabilité.	드디어 다 모았군. 정말 수고했어.{nl}가르쳐 주는 거야 쉽지만 따라오는 건 네 재량이야.	QUEST_JOBSTEP_20150317_000127	Tu les as enfin tous rassemblés. Beau travail. {nl}Je t'enseignerai mes Skills comme promis, mais c'est à toi de suivre et de tenir le rythme.	드디어 다 모았군. 정말 수고했어.{nl}약속대로 나의 기술을 전수해 주겠다만 따라오는 건 네 재량이야.	레인저 마스터
QUEST_JOBSTEP_20150714_002631	Un sculpteur doit être compétent, mais il doit aussi savoir reconnaître les bons matériaux.{nl}Si tu peux me rapporter le Cristal bleu que je cherche, je t'aiderai à devenir Dievdirbys.	무릇 조각가란 실력도 중요하지만 재료를 알아보는 눈도 중요하다오.{nl}내가 찾는 푸른 수정을 가져온다면 자네가 딥디르비가 되도록 도와 드리지.	QUEST_JOBSTEP_20150317_000131	Le talent d'un sculpteur est important, mais avoir l'œil pour repérer les bons matériaux l'est tout{nl}autant. {nl}Je t'aiderai à apprendre mes Skills si tu me rapportes les cristaux bleus que je cherche. 	무릇 조각가란 실력도 중요하지만 재료를 알아보는 눈도 중요하다오.{nl}내가 찾는 푸른 수정을 가져온다면 자네가 내 기술을 익힐 수 있도록 도와 드리지.	조각가 테슬라
QUEST_JOBSTEP_20150714_002632	Enfin, tu n'as plus l'air d'un débutant. Je vais te confier une tâche importante.{nl}Si tu fais du bon travail, je te promets de t'aider à passer au niveau supérieur de Highlander.	드디어 신입 티는 벗게 되었군. 그대에게 중요한 임무를 맡기겠다.{nl}훌륭히 완수한다면 다음 계급의 하이랜더를 약속하지.	QUEST_JOBSTEP_20150317_000134	Tu veux apprendre l'art de l'épée du Highlander auprès de moi ? {nl}J'y réfléchirai si tu obtiens la coopération des Peltastes.	내게 하이랜더의 검법을 전수받고 싶나.{nl}그대가 펠타스타들의 협조를 구해 온다면 고려해 보겠다.	하이랜더 마스터
QUEST_JOBSTEP_20150714_002633	La tâche consiste à obtenir l'aide des Peltastes.{nl}Ils t'accueilleront si tu peux rapporter des écorces d'arbre grossières de Mentiwood de Vallon de Septyni.	펠타스타의 협조를 구하는 일이다.{nl}셉티니 골에서 멘티우드의 성긴 나무 껍질이라면 그들도 반길 것이다.	QUEST_JOBSTEP_20150323_002216	Soutiens-nous avec 5 écorces d'arbre en compensation de notre aide, je te prie.{nl}Les Tipio du Ravin de Veja feront l'affaire.	협조를 구하는 댓가로 방패를 만들 성긴 나무 껍질 5개를 지원해 주게.{nl}베야 골짜기의 티피오 정도면 충분하겠지.	
QUEST_JOBSTEP_20150714_002634	Tu as bien accompli la mission.{nl}La reconstruction du royaume ne sera pas loin si nous, les maîtres, gardons des liens étroits.	그대는 훌륭하게 임무를 마쳤다.{nl}이렇게 마스터간의 결속을 다지다 보면 왕국의 재건도 머지않을 것이다.	QUEST_JOBSTEP_20150317_000138	Si les maîtres s'unissent, il ne faudra pas longtemps avant que le royaume ne se relève. {nl}Tu as fait du bon travail. Je t'enseignerai mon art de l'épée.	이렇게 마스터간의 결속을 다지다 보면 왕국의 재건도 머지않을 것이다.{nl}그대가 훌륭히 임무를 완수하였으니 나의 검법을 전수해 주겠다.	하이랜더 마스터
QUEST_JOBSTEP_20150714_002635	Tu sembles prêt à passer au niveau supérieur de Peltaste.{nl}Bien, mais tu dois bien accomplir la tâche pour recevoir l'enseignement.	당신은 다음 단계의 펠타스타로 나아갈 준비가 되어 보이는군요.{nl}좋습니다. 단, 임무를 완벽히 수행하셔야 가르침을 받을 자격을 얻을 수 있습니다.	QUEST_JOBSTEP_20150323_002217	Les Peltastes ont autrefois reçu l'aide du Maître Highlander.{nl}Si tu veux rejoindre les Peltastes, tu dois entreprendre le devoir de compenser cette aide.	일전에 하이랜더 마스터께 도움을 받은 적이 있지요.{nl}당신도 펠타스타의 일원이 되고자 하신다면 보답의 도리를 다 할 의무가 있습니다.	펠타스타 마스터
QUEST_JOBSTEP_20150714_002636	J'ai un jour reçu l'aide du Maître Highlander.{nl}Nous, les Peltastes, plaçons au plus haut les devoirs moraux que les humains doivent respecter.	하이랜더 마스터껜 도움을 받은 적이 있지요.{nl}우리 펠타스타는 인간으로서 지켜야 할 도리를 가장 중요하게 여깁니다.	QUEST_JOBSTEP_20150317_000144	Nous, les Peltastes, considérons nos devoirs en tant qu'humains comme les plus importants. 	우리 펠타스타는 인간으로서 지켜야 할 도리를 가장 중요하게 여깁니다.	펠타스타 마스터
QUEST_JOBSTEP_20150714_002637	Je suis ravi d'apprendre que cela a plu au Maître Highlander.{nl}Désormais, viens me voir quand tu veux.	하이랜더 마스터가 마음에 들어했다니 다행입니다.{nl}자. 언제든 제게 찾아오십시오.	QUEST_JOBSTEP_20150323_002219	Je suis ravi d'apprendre que cela a plu au Maître Highlander.{nl}Comme promis, je vais te laisser apprendre les leçons du Peltaste.	하이랜더 마스터가 마음에 들어했다니 다행입니다.{nl}약속대로 펠타스타의 가르침을 받도록 허락하지요.	펠타스타 마스터
QUEST_JOBSTEP_20150714_002638	Récolte des griffes de Biterose à Vallon de Septyni et remets-les au Maître Highlander.{nl}Je pense que cette tâche te conviendra.	셉티니 골에서 비테로스의 발톱을 모아 하이랜더 마스터님께 전해주십시오.{nl}그 정도라면 당신에게도 적당한 임무라고 생각합니다.	QUEST_JOBSTEP_20150323_002220	J'ai entendu dire que le Maître Highlander cherche des griffes de Beetow.{nl}Je pense que cette tâche te conviendra.	듣자하니 하이랜더 마스터께선 비토우의 발톱을 찾으신다는군요.{nl}그 정도라면 당신에게도 적당한 임무라고 생각합니다.	
QUEST_JOBSTEP_20150714_002639	Il n'est pas difficile de t'enseigner la magie avancée... mais tu dois m'aider avant que je te{nl}l'enseigne.{nl}Je devrais récolter les énergies du feu nécessaires à mes recherches, mais je n'en ai simplement{nl}pas le temps.	고급 마법을 가르쳐 주는 거야 어렵지 않다만.. 그 전에 날 좀 도와줘야겠어.{nl}연구에 필요한 불의 기운을 모아야 하는데 도무지 짬이 나질 않아.	QUEST_JOBSTEP_20150317_000151	J'ai besoin de rassembler l'énergie du feu pour mes recherches, mais je n'ai vraiment pas le{nl}temps. {nl}Si tu la rassembles pour moi, je t'aiderai à apprendre la magie des Pyromanciens.	연구에 필요한 불의 기운을 모아야 하는데 도무지 짬이 나질 않아.{nl}네가 그걸 모아 준다면 파이로맨서의 마법을 익힐 수 있도록 도와줄게.	파이로맨서 마스터
QUEST_JOBSTEP_20150714_002640	Le livre que je cherche est très précieux.{nl}Si tu peux le trouver pour moi, je t'aiderai à apprendre la nouvelle magie du Cryomancien.	제가 찾고 있는 귀한 책이 있습니다.{nl}그 책을 찾아 주신다면 크리오맨서의 새로운 마법을 익힐 수 있도록 도와드리지요.	QUEST_JOBSTEP_20150317_000154	Il y a un livre important que je cherche. {nl}Si tu me rapportes ce livre, je t'aiderai à apprendre la magie des Cryomanciens. 	제가 찾고 있는 귀한 책이 있습니다.{nl}그 책을 찾아다 주신다면 그대가 크리오맨서의 마법을 익힐 수 있도록 도와드리겠어요.	크리오맨서 마스터
QUEST_JOBSTEP_20150714_002641	Un vrai Krivis doit être humble et faire des offrandes aux déesses.{nl}Tu dois prier et faire des offrandes à chaque statue de Déesse des Bois de Siauliai.{nl}	무릇 참된 크리비란 성직자로서 자신을 낮추고 여신께 봉헌해야 하네.{nl}샤울레이 숲의 모든 여신상에게 봉헌 기도를 드리는 것으로 말일세.{nl}	QUEST_JOBSTEP_20150317_000163	Un Krivis doit se libérer des contraintes humaines et se consacrer au clergé. {nl}Cela se fait en offrant des prières de dévotion à toutes les statues de Déesse de Siauliai. {nl}	무릇 크리비란 인간의 굴레를 벗고 성직자로서 자신을 봉헌해야 하네.{nl}샤울레이 숲의 모든 여신상에게 봉헌 기도를 드리는 것으로 말일세.{nl}	크리비 마스터
QUEST_JOBSTEP_20150714_002642	Je sens que tu es empli des bénédictions des déesses.{nl}Frère, je te guiderai sur la voie du vrai Krivis.	그대에게서 여신의 은혜가 충만함이 느껴지는군.{nl}형제여, 참된 크리비의 길로 인도해 주겠네.	QUEST_JOBSTEP_20150317_000165	Je sens que tu es empli des bénédictions de la déesse. {nl}Bienvenue dans ta nouvelle vie de Krivis. 	그대에게서 여신의 은혜가 충만함이 느껴지는군.{nl}형제여, 크리비로서 새로 태어남을 환영하네.	크리비 마스터
QUEST_JOBSTEP_20150714_002643	Selon un vieil adage, ceux qui cherchent la mort vivront.{nl}Tu dois d'abord saisir le sens de cet adage avant que je t'enseigne davantage.	옛 말에 이르길, 죽기로 싸우면 살 것이라 하였지.{nl}네가 이 말의 뜻을 깨닫게 되어야 가르침을 계속 줄 수 있을 것 같구나.	QUEST_JOBSTEP_20150317_000167	Un vieux dicton dit : combats jusqu'à la mort et tu survivras. {nl}Je pourrai t'enseigner quand tu en auras saisi le sens. 	옛 말에 이르길, 죽기로 싸우면 살 것이라 하였지.{nl}네가 이 말의 뜻을 깨닫게 되어야 널 가르칠 수 있을 것 같구나.	소드맨 마스터
QUEST_JOBSTEP_20150714_002644	S'il en est ainsi, combats les Carcashus à Vallon de Septyni.{nl}Tu en tireras une leçon.	그렇다면 셉티니 골의 카르카슈와 싸워 보려므나.{nl}그 과정에서 깨달음을 얻을 수 있을 게다.	QUEST_JOBSTEP_20150323_002222	Dans ce cas, combats les Beetow au Ravin de Veja.{nl}Tu en tireras une révélation.	그렇다면 베야 골짜기의 비토우와 싸워 보려므나.{nl}그 과정에서 깨닳음을 얻을 수 있을 게다.	
QUEST_JOBSTEP_20150714_002645	Le plus important pour un vrai Prêtre est de faire confiance aux déesses et de le leur prouver.{nl}Exorcise l'esprit maléfique d'un soldat au nom des déesses, je te prie.	참된 프리스트에게 가장 중요한 것은 여신을 믿고 증명하는 것입니다.{nl}악령에 빙의된 병사를 여신의 이름으로 퇴마하십시오.	QUEST_JOBSTEP_20150317_000171	La chose la plus importante pour un Prêtre est de croire en la déesse, et de le prouver. {nl}Exorciser au nom de la déesse les soldats possédés par des esprits maléfiques. 	프리스트에게 요구되는 가장 중요한 것은 여신을 믿고 증명하는 것입니다.{nl}악령에 빙의된 병사를 여신의 이름으로 퇴마하십시오.	프리스트 마스터
QUEST_JOBSTEP_20150714_002646	Tu pourras apprendre la magie avancée après avoir d'abord aidé mes recherches.{nl}Voyons si tu es digne de l'apprendre une fois que tu m'auras aidé.	고급 마법을 배우는 건 내 연구를 도와 준 다음의 일이야.{nl}소질에 대한 문제는 그 후에 얘기해.	QUEST_JOBSTEP_20150317_000174	Apprendre la magie auprès de moi vient après avoir aidé mes recherches. {nl}Parlons de la question du talent ensuite. 	내게 마법 수업을 받는 건 내 연구를 도와 준 다음의 일이야.{nl}소질에 대한 문제는 그 후에 얘기하자고.	위저드 마스터
QUEST_JOBSTEP_20150714_002647	D'abord, rapporte-moi des Cornes de Glizardon du sous-sol 1 de l'Église de Tenet, des Plumes de{nl}Galok du 1er étage, et des fragments d'Egnome du 2e étage. Merci.	먼저 테넷 성당 지하 1층의 글리자돈의 뿔, 지상 1층의 갈록의 털.{nl}그리고 지상 2층의 이노움의 파편을 가져다 줘. 그럼 부탁할게.	QUEST_JOBSTEP_20150323_002223	D'abord, rapporte-moi des os de Glizardon du sous-sol 1 et des poils de Galok du 1er étage de{nl}l'Église de Tenet, je te prie.{nl}Et rapporte-moi aussi des fragments d'Egnome du 2e étage. Bien, je compte sur toi.	먼저 테넷 성당 지하 1층의 글리자돈의 뼈, 지상 1층의 갈록의 털.{nl}그리고 지상 2층의 이노움의 파편을 가져다 줘. 그럼 부탁할게.	위저드 마스터
QUEST_JOBSTEP_20150714_002648	Bien joué. Nous avons ainsi rassemblé de bons documents.{nl}Puisque nous avons mené à bien la recherche urgente, reprenons la leçon.	수고했어. 덕분에 좋은 자료가 모인 것 같아.{nl}급한 연구는 무사히 마쳤으니 다시 수업을 시작해보자.	QUEST_JOBSTEP_20150317_000180	Beau travail. J'ai rassemblé des données utiles grâce à toi. {nl}Mes recherches sont achevées, alors tu peux venir t'entraîner quand tu veux.	수고했어. 덕분에 좋은 자료가 모인 것 같아.{nl}연구는 무사히 마쳤으니 언제든지 수련을 받으러 와도 좋아. 	위저드 마스터
QUEST_JOBSTEP_20150714_002649	En tant que Clerc, je pense que le dévouement est le moyen le plus efficace de se rapprocher de{nl}la déesse.{nl}Si tu peux m'aider à soigner les soldats de la Mine de cristal, je t'aiderai assurément.	클레릭으로써 여신께 가장 가까히 다가가는 방법은 봉사라고 생각합니다.{nl}광산 마을의 병사들을 치료하는 것을 도와주신다면 기꺼이 도와드리겠습니다.	QUEST_JOBSTEP_20150317_000181	Tu es sûrement venu apprendre la foi des Clercs. {nl}Je t'enseignerai si tu aides à soigner les soldats blessés du Village des mineurs. 	클레릭의 신앙에 대해 배우러 오셨군요.{nl}광산 마을의 병사들을 치료하는 것을 도와주신다면 가르쳐 드리겠습니다.	클레릭 마스터
QUEST_JOBSTEP_20150714_002650	Tu peux utiliser l'eau divine autant que tu veux au nom du Maître Clerc.{nl}Il est si bon que j'en suis jaloux.	클레릭 마스터님의 이름이라면 성수는 얼마든지 가져다 쓰십시오.{nl}그분은 어찌나 아름다운 마음씨를 가지셨는지, 이 늙은 사제의 질투를 불러온답니다.	QUEST_JOBSTEP_20150317_000184	Si c'est pour le Maître Clerc, prends autant d'eau bénite que nécessaire. {nl}Elle a un cœur si beau que même ce vieux prêtre l'envierait. 	클레릭 마스터님의 이름이라면 성수는 얼마든지 가져다 쓰십시오.{nl}그분은 어찌나 아름다운 마음씨를 가지셨는지, 이 늙은 사제의 질투를 불러온답니다. 	크리비 마스터
QUEST_JOBSTEP_20150714_002651	Quand tu iras chercher l'eau divine auprès des maîtres, transmets-leur aussi mes salutations.	마스터님들께 성수를 받아 오시는 김에 제 안부도 전해 드렸으면 합니다.	QUEST_JOBSTEP_20150317_000186	Transmets-leur mes salutations pendant que tu récupères l'eau bénite auprès des maîtres, je te{nl}prie. 	마스터님들께 성수를 받아 오시는 김에 제 안부도 전해 드렸으면 합니다. 	클레릭 마스터
QUEST_JOBSTEP_20150714_002652	Bien joué.{nl}Je ne suis peut-être pas assez compétent, mais je ferai de mon mieux pour t'aider à te{nl}rapprocher des déesses.	수고하셨습니다.{nl}부족한 몸이나마, 당신이 여신께 더욱 가까히 갈 수 있도록 힘껏 도와드리겠습니다.	QUEST_JOBSTEP_20150317_000188	Beau travail. {nl}Je t'enseignerai la foi des Clercs, comme promis. 	수고하셨습니다.{nl}약속대로 클레릭의 신앙에 대해 가르쳐 드리겠습니다.	클레릭 마스터
QUEST_JOBSTEP_20150714_002653	Si je devais être ta lance, j'en serais vraiment heureux.{nl}Bien. Es-tu prêt à devenir le maître de la lance ?	제가 만약 당신의 창이라면 정말 행복할 것 같군요.{nl}좋습니다. 그 창에게 걸맞는 주인이 될 준비는 되셨습니까?	QUEST_JOBSTEP_20150317_000191	C'est formidable. {nl}Très bien. Tu as ce qu'il faut pour apprendre l'art de la lance auprès de moi. 	정말 훌륭하군요. {nl}좋습니다. 당신은 제게 창술을 배울 충분한 자격이 있습니다. 	하플라이트 서브 마스터
QUEST_JOBSTEP_20150714_002654	Bien.{nl}Montre-moi la lance portée au niveau 6, je te prie.	좋습니다.{nl}제게 6단계로 강화된 창을 만들어 보여 주세요.	QUEST_JOBSTEP_20150317_000192	Très bien. {nl}Si tu veux ma reconnaissance, montre-moi une lance améliorée au niveau 6.{nl}	좋습니다.{nl}제게 인정받고 싶다면 6단계로 강화된 창을 만들어 보여 주세요. {nl}	하플라이트 서브 마스터
QUEST_JOBSTEP_20150714_002655	La réalité se meut selon mon imagination. La seule pensée le rend possible !{nl}Leur puissance varie selon la confiance qu'on a en soi...{nl}	현실이 내가 생각한 대로 움직여진다. 오로지 생각으로만 그걸 가능케 한다!{nl}자신의 힘을 얼마나 믿고 있는지에 따라 그 세기도 달라지는 거고..{nl}	QUEST_JOBSTEP_20150323_002224	La réalité change selon ma volonté. Et cela devient possible par la seule pensée !{nl}C'est ce qu'on appelle le pouvoir surnaturel.{nl}L'ampleur du pouvoir dépend de la foi qu'on place en son propre pouvoir...{nl}	현실이 내가 생각한 대로 움직여진다. 오로지 생각으로만 그걸 가능케 한다!{nl}그런 게 바로 초능력이란다.{nl}자신의 힘을 얼마나 믿고 있는지에 따라 그 세기도 달라지는 거고..{nl}	사이코키노 마스터
QUEST_JOBSTEP_20150714_002656	C'est ce qu'on appelle le pouvoir surnaturel.{nl}Bien. Si tu peux m'aider dans ma tâche, je t'aiderai à révéler tes véritables capacités.	그런 게 바로 초능력이란다.{nl}자. 내 일만 도와준다면 자네의 진짜 재능을 발휘할 수 있도록 도와주겠어.	QUEST_JOBSTEP_20150323_002225	Bien, tu veux donc devenir Psychokinésiste ?{nl}Si tu peux m'aider un peu dans mon travail, je t'aiderai à découvrir tes capacités cachées.	자. 사이코키노를 지망한다고 했지?{nl}내 일만 조금 도와준다면 자네에게 감춰진 진짜 재능을 발휘할 수 있도록 도와주겠어.	사이코키노 마스터
QUEST_JOBSTEP_20150714_002657	Me demander de t'aider à devenir le plus grand Tireur de carreaux, quelle haute ambition. {nl}Ça fait plaisir à entendre. Je cherchais justement quelqu'un pour m'aider aussi.	최고의 쿼렐슈터가 되게 도와달라니 자네는 참 욕심도 많군. {nl}마침 잘 됐어. 나도 날 도와 줄 친구를 찾고 있었거든.	QUEST_JOBSTEP_20150317_000197	Tu veux apprendre les Skills de Tireur de carreaux auprès de moi ? {nl}Pile au bon moment. Je cherchais justement quelqu'un pour m'aider.	내게 쿼렐슈터의 기술을 전수받고 싶다고?{nl}이거 마침 잘 됐군. 나도 날 도와 줄 친구를 찾고 있었거든.	쿼렐슈터 마스터
QUEST_JOBSTEP_20150714_002658	Oh, voici donc la carte. Bien joué.{nl}Je pense que tu pourrais me surpasser.	오, 이게 그 지도란 말인가. 수고했네.{nl}이러다가 자네가 날 뛰어넘는 건 아닌가 모르겠어.	QUEST_JOBSTEP_20150317_000202	Oh, est-ce là la carte ? Beau travail. {nl}Je t'enseignerai mes Skills comme promis. 	오, 이게 그 지도란 말인가. 수고했네.{nl}약속대로 내 기술을 가르쳐 주도록 하지.	쿼렐슈터 마스터
QUEST_JOBSTEP_20150714_002659	C'est un peu fou d'entendre que tu veux devenir le plus grand Rôdeur.{nl}Mais soit. Si tu peux m'aider, ce rêve pourrait ne pas rester un simple rêve.	최고의 레인저가 되고 싶다니 꿈도 야무지군.{nl}하지만 좋아. 날 도와준다면 꿈이 아니게 해 줄수도 있어.	QUEST_JOBSTEP_20150317_000211	Tu veux apprendre les Skills d'un Rôdeur auprès de moi ? {nl}D'accord. Si tu m'aides, j'y réfléchirai selon tes résultats. 	나에게 레인저의 기술을 배우고 싶다고?{nl}좋아. 날 도와준다면 그 성과에 따라서 널 받아들일지 생각해 보겠어.	레인저 마스터
QUEST_JOBSTEP_20150714_002660	Ce parfum... Oui. C'est celui d'Evoniphon.{nl}Cela suffira. Reprenons la leçon, veux-tu ?	이 향기.. 그래. 에보니폰의 것이 맞아.{nl}이거면 충분해. 다시 수업을 시작해 볼까?	QUEST_JOBSTEP_20150317_000220	Cette odeur... oui, c'est celle d'Evoniphon.{nl}Cela suffira. Je t'enseignerai mes Skills comme promis. 	이 향기.. 그래. 에보니폰의 것이 맞아.{nl}이거면 충분해. 약속대로 나의 기술을 가르쳐 주지.	레인저 마스터
QUEST_JOBSTEP_20150714_002661	Alors le meilleur, c'est le Sapeur, n'est-ce pas ?{nl}Mais tu ne peux pas le devenir gratuitement. Tu dois me rendre un service.	여어. 역시 다른 것보다도 새퍼가 최고지?{nl}하지만 맨입으론 어림없고 심부름을 하나 해 줘야겠어. {nl}	QUEST_JOBSTEP_20150317_000223	Hé, si tu es venu ici pour devenir plus fort, tu es au bon endroit. {nl}Mais rien n'est gratuit. Tu dois me rendre un service. {nl}	여어. 더욱 강해지고 싶어서 찾아온 거라면 잘 찾아왔어.{nl}하지만 맨입으론 어림없고 심부름을 하나 해 줘야겠어. {nl}	새퍼 마스터
QUEST_JOBSTEP_20150714_002662	Quoi qu'il en soit, bien joué.{nl}Si tu veux apprendre de nouvelles techniques, viens me voir quand tu veux.	어쨌든 수고했어.{nl}새로운 기술을 배우고 싶다면 언제든지 찾아와도 좋아.	QUEST_JOBSTEP_20150317_000230	Quoi qu'il en soit, merci. {nl}Tu peux revenir quand tu veux si tu souhaites apprendre mes Skills. 	어쨌든 수고했어.{nl}내 기술을 배우고 싶다면 언제든지 찾아와도 좋아.	새퍼 마스터
QUEST_JOBSTEP_20150714_002663	Je vois en toi une lumière plus forte.{nl}Rapporte-moi la carte que tu pourrais obtenir d'un monstre puissant, je te prie.	당신에게선 좀 더 강력한 빛이 보이는군요.{nl}어서 제게 강력한 몬스터에게 얻을 수 있는 카드를 가져다주세요.{nl}	QUEST_JOBSTEP_20150317_000231	Tu veux en apprendre davantage sur les Bokor ? {nl}Alors commence par me rapporter une carte d'un puissant monstre. 	보코르에 대해 자세히 배우고 싶으시다고요.{nl}그렇다면 먼저 강력한 몬스터에게 얻을 수 있는 카드를 가져다주세요. 	보코르 마스터
QUEST_JOBSTEP_20150714_002664	Parfois, un destin cruel peut te mener vers un avenir sombre.{nl}Je souhaite que les déesses te guident sûrement sur la voie du Bokor que tu as choisie.	때로는 정해진 가혹한 숙명이 어두운 미래로 이끌어 갈 수도 있습니다.{nl}그대가 걷는 보코르의 길이 여신께서 안전하게 인도해 주기를..	QUEST_JOBSTEP_20150317_000234	Parfois, un destin cruel et prédéterminé peut mener vers un avenir sombre. {nl}Je te guiderai sur la voie du Bokor comme promis. 	때로는 정해진 가혹한 숙명이 어두운 미래로 이끌어 갈 수도 있습니다.{nl}약속대로 당신을 보코르의 길로 인도해 드리지요.	보코르 마스터
QUEST_JOBSTEP_20150714_002665	Simplement sculpter et ouvrir une nouvelle voie sont deux choses complètement différentes.{nl}Bien sûr, je peux t'aider un peu.	단순히 조각을 할 줄 아는 것과 새로운 경지를 개척하는 건 전혀 다른 얘기라오.{nl}물론 어느 정돈 내가 도와줄 수 있소만..{nl}	QUEST_JOBSTEP_20150317_000235	Je cherche un chat qui puisse servir de modèle mais je suis vieux et ce n'est pas facile. {nl}Amène-moi un chat convenable et je t'enseignerai mes Skills. 	모델이 되어 줄 고양이를 찾고 있는데 나이 때문에 여간 힘든게 아니라오.{nl}적당한 고양이만 데려와 준다면 내 기술을 가르쳐 드리리다.	조각가 테슬라
QUEST_JOBSTEP_20150714_002666	Je cherche un chat qui puisse servir de modèle, mais c'est si difficile à mon grand âge.{nl}Ce serait formidable si tu pouvais m'apporter un chat qui convienne.{nl}	모델이 되어 줄 고양이를 찾고 있는데 나이 때문에 여간 힘든게 아니라오.{nl}자네가 적당한 고양이만 데려와 준다면 참 좋을텐데.{nl}				조각가 테슬라
QUEST_JOBSTEP_20150714_002667	Tu es déjà au stade d'apprendre la magie avancée ? {nl}En échange de mon enseignement, j'ai un service à te demander.	벌써 고위 마법을 배울 단계인건가? {nl}가르쳐주는 대가로 네가 해주었으면 하는 일이 있어.{nl}	QUEST_JOBSTEP_20150317_000245	Je veux que tu fasses quelque chose en échange de l'apprentissage de ma magie. {nl}C'est simple mais un peu dangereux. Veux-tu essayer ? {nl}	내게 마법을 배우는 대가로 네가 해주었으면 하는 일이 있어.{nl}단순한 일이긴 한데 조금 위험해서 말야. 도전해 볼래?{nl}	파이로맨서 마스터
QUEST_JOBSTEP_20150714_002668	C'est simple, mais un peu dangereux. {nl}Veux-tu tenter le défi ?	단순한 일이긴 한데 조금 위험해서 말야. {nl}도전해 볼래?				파이로맨서 마스터
QUEST_JOBSTEP_20150714_002669	Pose simplement ce pot à la Crête de Ramstis.{nl}Le problème, c'est le Chapparition là-bas... Mais tu devrais suffire à le vaincre.	람스티스 협곡에 이 항아리를 놓고 오기만 하면 돼.{nl}문제는 그 자리에 버티고 있는 채퍼리션인데.. 너 정도면 쉽게 상대할 수 있을 거야.	QUEST_JOBSTEP_20150414_002558	Pose simplement le pot au sol à la Crête de Ramstis.{nl}Le problème sera le Chapparition là-bas... mais je te crois assez compétent pour l'affronter.	람스티스 협곡에 이 항아리를 놓고 오기만 하면 돼.{nl}문제는 그 자리에 버티고 있는 채퍼리션인데.. 너 정도면 분명 상대할 수 있을 거야.	파이로맨서 마스터
QUEST_JOBSTEP_20150714_002670	Bien joué.{nl}Alors, ceci sera-t-il la dernière leçon...	수고했어.{nl}이제 마지막 수업일까나..	QUEST_JOBSTEP_20150317_000248	Beau travail. {nl}Je t'enseignerai la pyromancie comme promis. {nl}	수고했어. {nl}약속대로 파이로맨서의 마법을 가르쳐 줄게.{nl}	파이로맨서 마스터
QUEST_JOBSTEP_20150714_002671	Moi, je peux te promettre le pouvoir du stade supérieur.{nl}Mais bien sûr, tu dois payer les frais de la leçon.	저라면 당신께 지금보다도 더 높은 경지의 힘을 약속드릴 수 있습니다.{nl}물론, 그에 따른 수업료는 주셔야겠지요.	QUEST_JOBSTEP_20150317_000249	Je peux te promettre un niveau de puissance supérieur. {nl}Bien sûr, cela ne sera pas gratuit.	저라면 당신께 더 높은 경지의 힘을 약속드릴 수 있습니다.{nl}물론, 그에 따른 수업료는 주셔야겠지요.	크리오맨서 마스터
QUEST_JOBSTEP_20150714_002672	Du 1er étage du Mausolée royal, rapporte-moi des peaux dures de Varv et des cornes rigides de{nl}Zinuteka, je te prie.{nl}Ce ne sera pas difficile puisque tu es mon disciple.	왕릉 1층에서 바브의 딱딱한 껍질과 지누테카스의 단단한 뿔을 구해 오세요.{nl}나의 제자이니 어려운 일은 아닐 겁니다.	QUEST_JOBSTEP_20150323_002241	Rapporte-moi des Chamans Hogma et des crocs de gardes du Plateau de Rex, je te prie.{nl}Ce ne sera pas difficile pour toi.{nl}	왕의 고원의 호그마 주술사와 파수꾼의 송곳니를 구해 오세요.{nl}당신 정도라면 어려운 일은 아닐 겁니다.{nl}	크리오맨서 마스터
QUEST_JOBSTEP_20150714_002673	Bien joué.{nl}Je t'aiderai à devenir un maître Cryomancien.	수고하셨습니다.{nl}크리오맨서의 끝을 볼 수 있도록 도와드리지요.	QUEST_JOBSTEP_20150317_000251	Bien joué. {nl}Je t'aiderai à devenir plus fort.	수고하셨습니다.{nl}그대가 더욱 강해질 수 있도록 도와드리지요.	크리오맨서 마스터
QUEST_JOBSTEP_20150714_002674	Cataphractaire. {nl}Je ne suis pas sûr que cela te convienne.	캐터프랙트라. {nl}자네에게 그게 어울릴지는 잘 모르겠는데.	QUEST_JOBSTEP_20150317_000262	Cataphractaire...{nl}Je ne suis pas sûr que tu aies la force nécessaire pour apprendre.	캐터프랙트라. {nl}자네에겐 그걸 배울만한 힘이 있는진 잘 모르겠는데.	캐터프랙트 마스터
QUEST_JOBSTEP_20150714_002675	Un vrai Cataphractaire est le guerrier qui combat en première ligne.{nl}Si quelque chose entrave le chemin d'un Cataphractaire, il le détruit, tout simplement.{nl}Ah, je viens de me souvenir de quelque chose.	진짜 캐터프랙트는 누구보다 앞에 나서서 싸우는 전사이지.{nl}하고자 하는 일에 방해되는 건 전부 뚫어버리면 되는 거야.{nl}마침 적당한 게 하나 떠올랐군.	QUEST_JOBSTEP_20150323_002243	Le Cataphractaire est un guerrier qui se tient devant tous et combat.{nl}S'il y a des obstacles sur le chemin, il les transperce.{nl}J'ai eu une bonne idée.	캐터프랙트는 누구보다 앞에 나서서 싸우는 전사이지.{nl}하고자 하는 일에 방해되는 건 전부 뚫어버리면 되는 거야.{nl}마침 적당한 게 하나 떠올랐군.	캐터프랙트 마스터
QUEST_JOBSTEP_20150714_002676	J'ai entendu dire que des monstres appelés Biteregina attaquent les voyageurs à Manacle Grave.{nl}Si tu peux les vaincre, je t'enseignerai ce qu'est le vrai Cataphractaire.	비테레지나라는 몬스터가 매너클 묘지에서 여행객들을 습격한다나봐.{nl}그 몬스터를 꿰뚫어버리고 온다면 진짜 캐터프랙트가 뭔지 가르쳐 주지.	QUEST_JOBSTEP_20150414_002559	J'ai entendu dire qu'un monstre appelé Biteregina attaque les voyageurs au Terrain funéraire des{nl}hiboux.{nl}Si tu peux vaincre ce monstre, je reconnaîtrai ton habileté.	비테레지나라는 몬스터가 매너클 묘지에서 여행객들을 습격한다나봐.{nl}그 몬스터를 흠씬 두들겨준다면 너의 실력을 인정해주겠어.	캐터프랙트 서브 마스터
QUEST_JOBSTEP_20150714_002677	Je savais que tu y arriverais.{nl}Ce sera difficile désormais, alors suis-moi bien.	역시 내가 사람 보는 눈은 있어.{nl}이전보다 더 힘겨울 테니 잘 따라오라고.	QUEST_JOBSTEP_20150323_002245	Félicitations pour avoir réussi l'épreuve.{nl}Mes leçons sont strictes, alors j'espère que tu suivras bien.	시험에 통과한 것을 축하하네.{nl}내 가르침은 엄격하니까 잘 따라오라고.	캐터프랙트 서브 마스터
QUEST_JOBSTEP_20150714_002678	Seuls les combats nous rendent forts.{nl}Si tu veux être un vrai Barbare, fais tes preuves !	전투만이 우릴 강하게 만들어준다.{nl}진짜 바바리안이 되고 싶다면 네 자격을 증명해라!	QUEST_JOBSTEP_20150317_000281	Seul le combat nous rend plus forts. {nl}Fais tes preuves si tu veux apprendre auprès de moi !	전투만이 우릴 강하게 만들어준다.{nl}내게 가르침을 받고 싶다면 네 자격을 증명해라!	바바리안 마스터
QUEST_JOBSTEP_20150714_002679	Notre méthode est simple. Tu es qualifié si tu es vivant, et tu ne l'es pas si tu es mort.{nl}Tu es plus que qualifié puisque tu es en vie.	우리의 방식은 단순하다. 살아있으면 자격이 있는 거고, 죽으면 없는 거지.{nl}넌 살아 있으니 자격은 충분하다.	QUEST_JOBSTEP_20150317_000282	Nos méthodes sont simples. {nl}Si tu survis, tu as ce qu'il faut ; sinon, non. {nl}Puisque tu es vivant, tu en es digne.	우리의 방식은 단순하다.{nl}살아있으면 자격이 있는 거고, 죽으면 없는 거지.{nl}넌 살아 있으니 자격은 충분하다.	바바리안 마스터
QUEST_JOBSTEP_20150714_002680	Suis-moi au nord du camp de base. {nl}J'y évaluerai ta force.	캠프 거점 위로 따라와라.{nl}너의 실력은 그곳에서 확인하겠다.				바바리안 마스터
QUEST_JOBSTEP_20150714_002681	Pas ici, c'est au nord du camp de base.	여기 말고. 캠프 거점 위쪽이다.				바바리안 마스터
QUEST_JOBSTEP_20150714_002682	Il est temps d'améliorer les qualités du mana que tu possèdes en tant que Lieur.{nl}N'importe quelle magie convient. Je t'éprouverai en duel.	이제 당신이 링커로써 가지고 있는 마나의 질을 더 높일 때에요.{nl}어떤 마법이든 상관없어요. 대련을 통해 당신을 직접 시험해 보죠.	QUEST_JOBSTEP_20150317_000283	Si tu es qualifié, je ferai passer ton mana au niveau supérieur en tant que Lieur. {nl}Peu importe quelle magie. Je te mettrai à l'épreuve par un duel.	자격이 충분하다면 링커로서 당신의 마나의 질을 더 높여드리지요.{nl}어떤 마법이든 상관없어요. 대련을 통해 당신을 직접 시험해 보죠.	링커 마스터
QUEST_JOBSTEP_20150714_002683	Les Chasseurs ne parlent qu'à travers leurs arcs. {nl}Je m'ajusterai à ton niveau, alors si tu veux être un Chasseur plus fort, essaie de me vaincre.	헌터는 오로지 활로만 말합니다.{nl}당신의 수준에 맞춰 드릴 테니 더 강한 헌터를 원한다면 절 꺾어보시죠.	QUEST_JOBSTEP_20150317_000285	Les Chasseurs ne parlent qu'avec des flèches. {nl}Je me mettrai à ton niveau, alors si tu veux apprendre auprès de moi, tu dois me vaincre.	헌터는 오로지 활로만 말합니다.{nl}당신의 수준에 맞춰 드릴 테니 저에게 가르침을 받고 싶다면 절 꺾어보시죠.	헌터 마스터
QUEST_JOBSTEP_20150714_002684	Le plus haut niveau du Highlander... Tu sembles encore hésiter.{nl}Mais l'absence d'hésitation fait aussi partie de la voie du Highlander. Es-tu prêt ?	가장 최상위의 하이랜더라.. 아직 망설임이 보이는 듯 싶군.{nl}허나 망설임을 베는 것도 하이랜더의 길이다. 준비가 되었는가?	QUEST_JOBSTEP_20150317_000287	Tu dois avoir de la force si tu veux apprendre l'épée du Highlander. {nl}Montre-moi ce que tu vaux. {nl}{nl}	하이랜더의 검을 배우겠다면 그만큼의 실력도 갖추어져야 한다.{nl}내게 그대의 실력을 보여라.{nl}{nl}	하이랜더 마스터
QUEST_JOBSTEP_20150714_002685	Réponds avec le bouclier sans esquiver les attaques ennemies.{nl}La bravoure est la qualité la plus importante chez les Peltastes.	적의 공격을 피하지 않고 그에 맞춰서 방패로 대응하는 것.{nl}용맹함이야말로 펠타스타의 가장 중요한 자질입니다.{nl}	QUEST_JOBSTEP_20150323_002247	La qualité la plus précieuse aux yeux du Peltaste est le courage.{nl}Car le Peltaste ne doit pas esquiver les attaques ennemies, mais les bloquer avec son bouclier.	펠타스타는 담력을 제일 중요하게 여깁니다.{nl}적의 공격을 피하지 않고 방패로 막아내야 하기 때문이지요.{nl}	펠타스타 마스터
QUEST_JOBSTEP_20150714_002686	Je peux t'ouvrir la voie vers le plus haut niveau de Peltaste.{nl}Mais tu dois aussi me prouver ta bravoure.	저는 당신에게 가장 높은 경지의 펠타스타가 되는 길을 열어드릴 수 있습니다.{nl}하지만 당신도 그에 걸맞는 용맹을 보여 주셔야겠지요.	QUEST_JOBSTEP_20150323_002248	Avant d'apprendre mes leçons, tu dois me montrer à quel point tu es courageux.{nl}	제게 가르침을 받기 전에 당신이 얼마나 대범한지를 보여주셔야겠습니다.{nl}	펠타스타 마스터
QUEST_JOBSTEP_20150714_002687	Le moment est venu, frère. La sincérité est le pouvoir du Krivis.{nl}Prouve la sincérité que tu as accumulée jusqu'ici en m'affrontant en duel.	때가 되었네, 형제여. 신실함은 곧 크리비의 힘일세.{nl}여태껏 쌓아 온 그대의 신실함을 대련으로써 증명하게.	QUEST_JOBSTEP_20150317_000293	La sincérité est la force d'un Krivis. {nl}Prouve ta sincérité au moyen d'un duel contre moi.	형제여. 신실함은 곧 크리비의 힘일세.{nl}그대의 신실함을 대련으로써 증명하게.	크리비 마스터
QUEST_JOBSTEP_20150714_002688	Ta sincérité est comme un pilier de pierre inébranlable.{nl}Je t'aiderai à atteindre un niveau supérieur.	형제의 신실함은 굳건한 돌기둥과 같구려.{nl}내 기꺼이 더 높은 경지로 인도해 드리겠네.	QUEST_JOBSTEP_20150317_000295	Ta sincérité est aussi solide que des piliers de pierre. {nl}Je te mènerai à un niveau supérieur comme promis.	형제의 신실함은 굳건한 돌기둥과 같구려.{nl}약속대로 더 높은 경지로 인도해 드리겠네.	크리비 마스터
QUEST_JOBSTEP_20150714_002689	La dévotion des Prêtres ne doit fléchir en aucune circonstance.{nl}J'éprouverai en duel si ta dévotion tient bon même dans les pires circonstances.	가장 고결한 프리스트란 어떤 상황에서도 신앙심에 흔들림이 없어야 합니다.{nl}당신의 신앙심이 극한의 상황 속에서도 굳건할 수 있을지 대련으로 시험하겠습니다.{nl}	QUEST_JOBSTEP_20150317_000296	La foi d'un Prêtre doit être inébranlable, quoi qu'il arrive. {nl}Je t'éprouverai par un duel pour voir la force de ta foi. {nl}	프리스트는 어떤 상황에서도 신앙심에 흔들림이 없어야 합니다.{nl}당신의 신앙심이 극한의 상황 속에서도 굳건할 수 있을지 대련으로 시험하겠습니다.{nl}	프리스트 마스터
QUEST_JOBSTEP_20150714_002690	Rejette ton hésitation et emplis ton cœur des bénédictions des déesses.{nl}Avec ces bénédictions, je t'aiderai à atteindre le plus haut niveau.	주저함을 버리시고 여신의 은총으로 채우십시오.{nl}은총을 통해 가장 높은 경지에 들어설 수 있도록 도와드리겠습니다.	QUEST_JOBSTEP_20150317_000299	Rejette l'hésitation et remplis ce vide de la grâce de la déesse. {nl}Je t'aiderai à atteindre un niveau supérieur grâce à cette grâce.	주저함을 버리시고 여신의 은총으로 채우십시오.{nl}은총을 통해 더 높은 경지에 들어설 수 있도록 도와드리겠습니다.	프리스트 마스터
QUEST_JOBSTEP_20150714_002691	Nous, les Wugushi, n'hésitons pas à employer le poison.{nl}Nous allons d'abord te montrer comment combattre. Nous utiliserons arcs, sarbacanes, tout ce{nl}qui est disponible.	우리 무고사들은 독을 쓰는 것을 주저하지 않아.{nl}일단 우리가 어떻게 싸우는지 보여 줄게. 활이든 바람총이든 다 꺼내서 보여 줄 테니까.{nl}	QUEST_JOBSTEP_20150317_000316	Les Wugushi n'hésitent pas à utiliser le poison. {nl}Avant que tu n'apprennes quoi que ce soit, je te montrerai comment nous combattons. {nl}Flèches ou fusils à air, je te le montrerai par tous les moyens.	우리 무고사들은 독을 쓰는 것을 주저하지 않아.{nl}가르침을 받기 전에 어떻게 싸우는지 보여 줄게. 활이든 바람총이든 다 꺼내서 보여 줄 테니까.{nl}	무고사 마스터
QUEST_JOBSTEP_20150714_002692	Bien. Laisse-moi te donner une leçon. {nl}Cet endroit est trop exigu, alors va au terrain vague en contrebas de la Route de Karas.	좋아. 한 수 가르쳐주지.{nl}여긴 너무 좁으니 카파스 가도 아래의 공터로 먼저 가 있도록 해.	QUEST_JOBSTEP_20150323_002251	Je te montrerai n'importe quelle arme, arc ou arme à feu. Allez.	활이든 바람총이든 다 꺼내서 보여 줄 테니까 어서 덤벼.	무고사 서브 마스터
QUEST_JOBSTEP_20150714_002693	Tu dois avoir peur, à rester planté là. {nl}Sinon, attends à la Route de Karas.	아직도 여기에 있는 걸 보니 겁이 나나 보지?{nl}그게 아니라면 카파스 가도에서 기다려.				무고사 서브 마스터
QUEST_JOBSTEP_20150714_002694	Alors tu veux devenir Rodelero ? Vérifie d'abord ton bouclier. {nl}Quand j'ai choisi cette voie, j'ai commencé par obtenir un bouclier de degré 4.	정말로 로델레로가 되고 싶은 건가? 그렇다면 자신의 방패부터 다시 살펴 봐.{nl}내가 이 길을 선택했을 때는 4단계의 방패를 구하는 것부터 시작했지.				로델레로 서브  마스터
QUEST_JOBSTEP_20150714_002695	Prépare un bouclier amélioré au degré 4. {nl}Je dois au moins vérifier ta volonté.	4단계로 강화된 방패 정도는 준비하게.{nl}최소한의 의지는 확인해야 하지 않겠나.	QUEST_JOBSTEP_20150317_000320	Prépare un bouclier de niveau 6. {nl}J'ai besoin d'évaluer au moins ta volonté.	6단계로 강화된 방패 정도는 준비하게.{nl}최소한의 의지는 확인해야 하지 않겠나.	로델레로 마스터
QUEST_JOBSTEP_20150714_002696	Si tu souhaites devenir Thaumaturge, c'est un honneur pour moi.{nl}Mais avant cela, je veux que tu fasses une simple course.	당신 같은 분이 쏘마터지로 입문하시는건 제가 더 영광이지요.{nl}하지만 그 전에, 간단한 심부름을 해 주셨으면 해요.{nl}	QUEST_JOBSTEP_20150317_000326	La magie du Thaumaturge est l'une des plus difficiles, mais je peux bien te guider. {nl}Rends-moi un service et je te guiderai sur la voie du Thaumaturge.	쏘마터지의 마법은 매우 어려운 마법 중의 하나이지만 저라면 잘 이끌어 드릴 수 있어요.{nl}제 부탁을 들어주신다면 당신을 쏘마터지의 길로 인도해 드릴게요.	쏘마터지 마스터
QUEST_JOBSTEP_20150714_002697	Tu l'as trouvé plus vite que prévu.{nl}Bien, commençons la leçon sur-le-champ.	생각보다 빨리 찾으셨네요?{nl}지금 바로 수업을 시작하도록 하죠.	QUEST_JOBSTEP_20150323_002253	Tu les as retrouvés plus vite que prévu.{nl}Bien, je vais t'aider à exploiter tes capacités de Thaumaturge.	생각보다 빨리 찾으셨네요?{nl}좋아요. 제가 당신 곁에서 쏘마터지의 능력을 이끌어 낼 수 있도록 도울게요.	쏘마터지 마스터
QUEST_JOBSTEP_20150714_002698	Rapporte-moi des Résine de Varv, des Fragment de queue de Zinutekas et des Noyaux{nl}d'activation de Boowook, je te prie.	왕릉 1층에서 바브의 진액, 지누테카스의 꼬리 파편과 부우크의 구동핵을 구해 오십시오.	QUEST_JOBSTEP_20150323_002254	Rapporte-moi le sang des Chamans Hogma et des Éclaireurs Hogma du Plateau du roi, et enfin,{nl}le sang du Capitaine Hogma de Carrefour de Zachariel, je te prie.	왕의 고원에서 호그마 주술사와 호그마 파수꾼의 피,{nl}마지막으로 자카리엘 교차로에서 호그마 전투대장의 피를 구해 오십시오.	엘리멘탈리스트 서브 마스터
QUEST_JOBSTEP_20150714_002699	Vraiment bien joué.{nl}Puisque tu as accompli la mission, je commence la leçon d'Élémentaliste sur-le-champ.	훌륭하군요.{nl}과제를 수행해 오셨으니 원하신다면 바로 엘레멘탈리스트의 수업을 시작하지요.	QUEST_JOBSTEP_20150317_000331	Beau travail. {nl}Puisque tu as accompli ta mission, commençons le duel sans attendre.	훌륭하군요.{nl}과제를 수행해 오셨으니 원하신다면 바로 수련을 시작하지요.	엘리멘탈리스트 마스터
QUEST_JOBSTEP_20150714_002700	Si tu peux prouver ton habileté en m'affrontant en duel, je t'enseignerai les vraies techniques de{nl}l'Éclaireur.	나와 대련해서 네 실력을 증명한다면, 스카우트의 기술을 전수해 주지.	QUEST_JOBSTEP_20150317_000334	Fais tes preuves dans un duel contre moi, puis je t'enseignerai mes techniques secrètes.	나와 대련해서 네 실력을 증명한다면, 내 비장의 기술들을 전수해 주겠어.	스카우트 마스터
QUEST_JOBSTEP_20150714_002701	Comme il y a beaucoup à préparer, va devant au terrain vague en contrebas de la Route de{nl}Karas, je m'y rends dès que j'ai fini.	준비할 게 많으니 먼저 카파스 가도 아래의 공터에 가 있어.{nl}금방 따라갈게.	QUEST_20150317_000158	Se cacher et se faufiler ne résoudra pas tous tes problèmes. {nl}Un vrai Éclaireur doit aussi être prêt à combattre.	은신과 잠입에만 능하다고 만사가 아냐.{nl}전투기술도 갖추고 있어야 진정한 스카우트지.	스카우트 마스터
QUEST_JOBSTEP_20150714_002702	C'est gênant de se battre en duel ici. Il y a un terrain vague en contrebas de la Route de Karas, je{nl}t'y retrouve.	여기서 대련하는 건 민폐야.{nl}카파스 가도 아래쪽에 괜찮은 공터가 있으니까 먼저 가 있어.				스카우트 마스터
QUEST_JOBSTEP_20150714_002703	C'est très impressionnant de trouver quelqu'un qui veut apprendre de moi.{nl}Bien. Si tu peux retrouver mes affaires, je t'accepterai comme Corsaire.	이런 나에게도 뭘 배우겠다는 사람이 있다니 감동적이군.{nl}좋아. 내 물건들을 되찾아 준다면 커세어로 받아들여주지.	QUEST_JOBSTEP_20150317_000367	C'est émouvant de voir que quelqu'un veut apprendre auprès d'une personne comme moi. {nl}Très bien, si tu récupères mes affaires, je t'enseignerai les Skills du Corsaire.	이런 나에게도 뭘 배우겠다는 사람이 있다니 감동적이군.{nl}좋아. 내 물건들을 되찾아 준다면 커세어의 기술을 가르쳐 주지.	커세어 마스터
QUEST_JOBSTEP_20150714_002704	Cet idiot de capitaine a tout pris et s'est enfui vers la Forêt de la prière.{nl}Il est possible que les monstres s'en soient emparés. J'espère que c'est le cas.	그 멍청한 부선장이 몽땅 챙겨서 기원의 숲으로 도망갔어.{nl}어쩌면 몬스터가 가지고 있을지도 모르지. 그랬으면 좋겠군.	QUEST_JOBSTEP_20150323_002257	Cet idiot de capitaine adjoint les a tous pris et s'est enfui vers la Forêt de Poslinkis.{nl}Peut-être que les monstres les ont, je l'espère.	그 멍청한 부선장이 몽땅 챙겨서 포슬린키스 숲으로 도망갔어.{nl}어쩌면 몬스터가 가지고 있을지도 모르지. 그랬으면 좋겠군.	커세어 마스터
QUEST_JOBSTEP_20150714_002705	Affronte-moi avec tout ce que tu as. Je vais te montrer comment combattre avec une épée et un{nl}bouclier.{nl}Selon ton habileté, je t'enseignerai davantage ou je t'éliminerai.	최선을 다해 덤벼라. 검과 방패로 어떻게 싸우는지 보여 주지.{nl}네 실력 여하에 따라 내가 널 더 가르칠 수도, 내칠 수도 있다는 것을 알아둬.	QUEST_JOBSTEP_20150317_000370	Combats de toutes tes forces. Je te montrerai comment combattre à l'épée et au bouclier. {nl}Souviens-toi que cela dépend de tes capacités : t'enseigner ou t'abandonner.	최선을 다해 덤벼라. 검과 방패로 어떻게 싸우는지 보여 주지.{nl}네 실력 여하에 따라 내가 널 가르칠 수도, 내칠 수도 있다는 것을 알아둬.	로델레로 마스터
QUEST_JOBSTEP_20150714_002706	Je ne peux pas déterminer ton vrai potentiel ici, alors montre-le-moi au terrain vague en{nl}contrebas de la Route de Karas.	여기선 제대로 된 실력을 볼 수 없으니 카파스 가도 아래의 공터에서 보지.	QUEST_JOBSTEP_20150317_000371	Penses-tu le contraire même quand ton mieux ne suffit pas ?	최선을 다해 덤벼도 모자를 판에 한눈을 팔 셈인가?	로델레로 마스터
QUEST_JOBSTEP_20150714_002707	Ton corps a de mauvaises habitudes, mais il y a une marge de progression.{nl}Comme tu le sais, mon enseignement est très strict, alors prépare-toi bien.	나쁜 버릇이 몸에 배 있군. 하지만 개선의 여지는 있어.{nl}알다시피 내 가르침은 엄격하니까 단단히 각오해야 할 거야.	QUEST_JOBSTEP_20150317_000372	Tu as une mauvaise habitude. Mais elle peut être corrigée. {nl}J'enseigne avec rigueur, alors prépare-toi.	나쁜 버릇이 몸에 배 있군. 하지만 개선의 여지는 있어.{nl}내 가르침은 엄격하니까 단단히 각오해야 할 거야.	로델레로 마스터
QUEST_JOBSTEP_20150714_002708	Tu veux apprendre mes techniques ?{nl}J'y réfléchirai si tu récoltes le bois que je cherche.	내게 기술을 배우고 싶소?{nl}댁이 내가 찾는 나무를 구해 준다면 생각해 보리다.	QUEST_JOBSTEP_20150317_000386	Tu veux apprendre mes Skills ? {nl}J'y réfléchirai si tu me rapportes l'arbre que je cherche.	나의 기술을 배우고 싶소?{nl}댁이 내가 찾는 나무를 구해 준다면 생각해 보리다.	플레쳐 마스터
QUEST_JOBSTEP_20150714_002709	Le niveau du plus fort des Chasseurs... Je ne suis pas sûr que tu puisses suivre.{nl}Je vais te confier une mission. Chasse divers types de monstres.	가장 강한 헌터의 경지.. 당신이 그걸 소화해낼 수 있을지는 모르겠네요.{nl}과제를 드리죠. 여러가지 몬스터를 찾아 사냥하는 거예요.	QUEST_JOBSTEP_20150323_002259	Bien que tu aies appris mes leçons, je ne sais pas si tu peux toutes les mettre en pratique.{nl}Je vais te confier une mission. Chasse divers monstres.	당신이 저에게 가르침을 받겠다고 해서 그걸 소화해낼 수 있을지는 모르겠네요.{nl}과제를 드리죠. 여러가지 몬스터를 찾아 사냥하는 거예요.	헌터 마스터
QUEST_JOBSTEP_20150714_002710	Des Ducky à la Forêt de l'étendard du couchant, des Drake noir au 5e étage de la Tour du mage,{nl}et des Kowak à la Forêt de la prière.{nl}Ils ne seront pas faciles à trouver.	해진깃발숲의 더키, 마법사의 탑 5층의 검은 드레이크, 기원의 숲의 코왁입니다.{nl}몬스터들을 찾는 것도 쉽진 않을 거에요.	QUEST_JOBSTEP_20150323_002260	Des Bushspider à l'entrée de la Forêt de Kateen, des Ellomago au Terrain funéraire des hiboux, et{nl}des Pokubon verts à la Forêt de Poslinkis.{nl}Bien sûr, je te donnerai des appâts.	카틴 숲 입구의 크루마보, 매너클 묘지의 엘로마고, 포슬린키스 숲의 초록 포쿠본입니다.{nl}물론, 미끼 정도는 드리지요.	헌터 마스터
QUEST_JOBSTEP_20150714_002711	Si tu veux être un Wugushi plus fort, je vais te confier une mission.{nl}Récolte du poison spécial sur les Bite des Plaines de Saknis.	더 강한 무고사가 되겠다면 네게 줄 과제가 있어.{nl}사크니스 벌판의 바이트에게서 특별한 독을 모아오는 거야.	QUEST_JOBSTEP_20150323_002261	Si tu rêves d'atteindre un stade supérieur en tant que Wugushi, j'ai une mission à te confier.{nl}Récolte des poisons spéciaux sur les Bite des Plaines de Saknis.	네가 무고사로서 더 높은 경지를 꿈꾼다면 네게 줄 과제가 있어.{nl}사크니스 벌판의 바이트에게서 특별한 독을 모아오는 거야.	무고사 서브 마스터
QUEST_JOBSTEP_20150714_002712	Il est difficile d'échapper à l'attrait du poison. J'en fais partie.{nl}Bien, commençons-nous ?	독이 가진 매력은 헤어나기 힘들지. 나도 그런 사람 중의 하나야.{nl}자. 그럼 다시 시작해 볼까?	QUEST_JOBSTEP_20150317_000394	Il est difficile d'échapper au charme du poison. J'en fais partie. {nl}Je te ferai découvrir à quel point c'est séduisant. Commençons doucement dès aujourd'hui.	독이 가진 매력은 헤어나기 힘들지. 나도 그런 사람 중의 하나야.{nl}너도 그 매력을 알게 해줄게. 오늘부터 천천히 시작해 보자고.	무고사 서브 마스터
QUEST_JOBSTEP_20150714_002713	Ta mission est de chasser les monstres cachés.{nl}Le lieu : Carrefour d'Apsimesti. {nl}Tu dois le faire si tu veux devenir un Éclaireur plus fort. Tu ne crois pas ?	몰래 숨어있는 몬스터를 사냥하는 게 네 과제야.{nl}위치는 압시메스티 교차로. {nl}더 강한 스카우트가 되고 싶다면 이 정도는 해 내야지. 안 그래?	QUEST_JOBSTEP_20150323_002263	Ta mission est de chasser les monstres cachés.{nl}Le lieu : les Plaines de Saknis. {nl}Si tu veux devenir Éclaireur, tu dois le faire. Tu ne crois pas ?	몰래 숨어있는 몬스터를 사냥하는 게 네 과제야.{nl}위치는 사크니스 벌판. {nl}스카우터를 지망한다면 이 정도는 해 내야지. 안 그래?	스카우트 마스터
QUEST_JOBSTEP_20150714_002714	Tu l'as fait facilement.{nl}Bien, passons-nous au stade intensifié ?{nl}	생각보다 쉽게 해냈네?{nl}좋아. 이제 심화단계로 들어가 볼까?{nl}	QUEST_JOBSTEP_20150317_000397	Ce fut plus facile pour toi que je ne le pensais.{nl}Parfait. Je pense qu'il sera amusant de t'enseigner. {nl}Viens me voir quand tu veux apprendre.	생각보다 쉽게 해냈네?{nl}좋아. 가르치는 재미가 있겠어. 앞으로도 배우고 싶은 게 있으면 날 찾아와.{nl}	스카우트 마스터
QUEST_JOBSTEP_20150714_002715	Les Roublards doivent être rapides.{nl}Combats les monstres au terrain d'entraînement près de l'entrée de la Forêt de Kateen à l'aide de{nl}bombes fumigènes.{nl}Certains sont vraiment forts, alors méfie-toi.	로그란 우선 발이 빨라야해.{nl}카틴 숲 입구에 준비된 연습장에서 연막탄을 이용해 몬스터를 상대해봐.{nl}꽤 강한 녀석도 있으니까 긴장하는 게 좋을거야.	QUEST_JOBSTEP_20150511_002597	Il faut être rapide pour apprendre de moi.{nl}Utilise des bombes fumigènes au terrain d'entraînement devant l'entrée de la Forêt de Kateen, et{nl}vaincs les monstres.{nl}Certains sont vraiment forts, alors tiens-toi prêt.	내게 뭐라도 배우려면 우선 발이 빨라야해.{nl}카틴 숲 입구에 준비된 연습장에서 연막탄을 이용해 몬스터를 처치해봐.{nl}꽤 강한 녀석도 있으니까 긴장하는 게 좋을거야.	로그 마스터
QUEST_JOBSTEP_20150714_002716	L'insaisissabilité est la qualité la plus séduisante du Roublard.{nl}Par des mouvements vifs, le Roublard étourdit ses ennemis.	신출귀몰함은 로그의 꽃이지. {nl}아주 화려한 꽃처럼 빠른 몸놀림으로 정신을 쏙 빼놓는 거야.	QUEST_JOBSTEP_20150317_000403	La vivacité surnaturelle est le fleuron des Roublards. {nl}Le mouvement rapide embrouille l'esprit.	신출귀몰함은 로그의 꽃이지. {nl}아주 화려한 꽃처럼 빠른 몸놀림으로 정신을 쏙 빼놓는 거야. 	로그 마스터
QUEST_JOBSTEP_20150714_002717	Le stade parfait de l'Hoplite détruit tout.{nl}Malheureusement, mon confrère le Maître Hackapell ne croit pas en une telle chose.	하플라이트의 가장 완벽한 경지는 모든 것을 다 뚫어버리지요.{nl}안타깝게도 제 지인인 하카펠 마스터는 그런 건 없다고 믿고 있습니다만..{nl}	QUEST_JOBSTEP_20150323_002265	Tu veux apprendre de moi. {nl}	제게 가르침을 받고 싶으시다고요. {nl}	하플라이트 서브 마스터
QUEST_JOBSTEP_20150714_002718	Si tu peux m'aider à le prouver, il réalisera la vérité.{nl}Qu'en dis-tu ?	그러니 제가 아니라 당신이 나서 주시면 그 친구도 깨닫는 게 있을 겁니다.{nl}어떻습니까?	QUEST_JOBSTEP_20150323_002266	Dans ce cas, je veux que tu fasses un pari avec le Maître Hackapell en mon nom.{nl}Il croit qu'il existe en ce monde quelque chose d'impénétrable.{nl}	그렇다면 하카펠 마스터와의 내기를 대신 해 주셨으면 하는데요.{nl}그 친구는 뚫을 수 없는 것이 존재한다고 믿고 있거든요.{nl}	하플라이트 서브 마스터
QUEST_JOBSTEP_20150714_002719	Les lances sont puissantes et ne perdent jamais.{nl}Je veux voir la mine déconfite de ce type quand Shadowgaler sera mort.	창은 무적이고 불패입니다.{nl}섀도게일러가 죽고 난 뒤 그 불쌍한 친구의 얼굴을 보고 싶군요.	QUEST_JOBSTEP_20150317_000409	La lance est imbattable et invincible. {nl}Je veux voir la tête de ce pauvre Shadowgaler quand il sera vaincu.	창은 무적이고 불패입니다.{nl}섀도게일러를 처치하고 난 뒤 그 불쌍한 친구의 얼굴을 보고 싶군요.	하플라이트 마스터
QUEST_JOBSTEP_20150714_002720	Si mon ami nous le demande, je lui dirai que c'est notre Hoplite émérite qui l'a vaincu.{nl}Tu as atteint le niveau d'un maître, mais si tu as besoin d'aide, tu peux venir me voir.	그 친구가 묻거든 우리의 유능한 하플라이트가 쓰러뜨렸노라고 자랑하지요.{nl}당신은 이미 대가의 경지이지만 혹시나 부족한 것이 있으면 저를 찾아 주시길.	QUEST_JOBSTEP_20150323_002267	S'il te le demande, je lui dirai que c'est notre Hoplite émérite qui l'a vaincu.{nl}Je reconnais désormais ton habileté.	그 친구가 묻거든 우리의 유능한 하플라이트가 쓰러뜨렸노라고 자랑하지요.{nl}이걸로 당신을 인정해 드리겠습니다.	하플라이트 서브 마스터
QUEST_JOBSTEP_20150714_002721	Tu veux devenir le plus grand Barbare.{nl}Il y a quelque chose que tu dois faire.{nl}	최고의 바바리안을 원하는군.{nl}네가 해야 할 일이 있다.{nl}	QUEST_JOBSTEP_20150317_000411	Tu veux apprendre auprès de moi ? {nl}Alors tu dois réussir une épreuve. {nl}	나에게 가르침을 받고 싶은가.{nl}그렇다면 한 가지 시험을 치뤄야 한다.{nl}	바바리안 마스터
QUEST_JOBSTEP_20150714_002722	Les autres maîtres ont envoyé leurs disciples au Terrain funéraire des hiboux pour éliminer les{nl}Yekub.{nl}Mais c'est à toi de le faire. Détruis-les et reviens me voir.	다른 마스터들이 매너클 묘지의 예쿱을 없애기 위해 제자들을 보냈다고 한다.{nl}하지만 그건 네가 끝내야 하는 일이다. 다녀와라.	QUEST_JOBSTEP_20150323_002268	J'ai entendu dire que les autres maîtres ont envoyé leurs disciples vaincre les Yekub au{nl}Terrain funéraire des hiboux.{nl}Mais c'est à toi d'accomplir cette tâche. Vas-y.	다른 마스터들이 매너클 묘지의 예쿱을 처치하기 위해 제자들을 보냈다고 한다.{nl}하지만 그건 네가 끝내야 하는 일이다. 다녀와라.	바바리안 마스터
QUEST_JOBSTEP_20150714_002723	Les Yekub seront faciles pour le plus grand des Barbares.	최고의 바바리안에게 예쿱 정도는 쉬울 것이다.	QUEST_JOBSTEP_20150317_000413	Si tu as la capacité d'apprendre auprès de moi, alors Yekub sera assez facile.	내 가르침을 받을 자격이 있다면 예쿱 정도는 쉬울 것이다.	바바리안 마스터
QUEST_JOBSTEP_20150714_002724	En te rendant au Manoir Greene, tu pourras rencontrer Colimencia.{nl}Tu dois être assez compétent pour l'affronter afin de devenir Centurion.	그린가의 장원에 가면 콜리멘시아를 만날 수 있다.{nl}그 정도는 상대할 실력은 되어야 센츄리온의 자격이 있겠지.	QUEST_JOBSTEP_20150323_002270	En te rendant au Manoir Greene, tu rencontreras Colimencia.{nl}Tu seras digne d'être Centurion si tu peux la vaincre.	그린가의 장원에 가면 콜리멘시아를 만날 수 있다.{nl}그 정도는 처치할 실력은 되어야 센츄리온의 자격이 있겠지.	센츄리온 마스터
QUEST_JOBSTEP_20150714_002725	L'Écuyer brille davantage avec un partenaire que seul.{nl}En particulier, les attaques à la corde menées avec un partenaire sont plus fortes que toutes les{nl}autres.	스콰이어란 혼자서도 강하지만 파트너와 함께할 때 특히 더 빛이 나는 분야에요.{nl}특히 밧줄을 사용하여 동료와 함께 공격하는 연계 공격은 어떤 공격보다도 강력하죠.{nl}	QUEST_JOBSTEP_20150317_000418	Les Écuyers sont forts, mais c'est en aidant nos partenaires que nous brillons. {nl}Utiliser la corde pour enchaîner des attaques avec ses alliés est une attaque nettement plus{nl}puissante que toute autre.	스콰이어란 혼자서도 강하지만 내 파트너를 도울 때 특히 더 빛이 나는 분야에요.{nl}특히 밧줄을 사용하여 동료와 함께 공격하는 연계 공격은 어떤 공격보다도 강력하죠.{nl}	스콰이어 마스터
QUEST_JOBSTEP_20150714_002726	Voici une corde d'arrestation.{nl}Emporte-la à la Forêt de Poslinkis et entraîne-toi jusqu'à pouvoir en attraper au moins 3 d'un{nl}coup.{nl}Nous parlerons de l'Écuyer ensuite. {nl}{nl}	이건 포박 포승줄이에요.{nl}이걸로 포슬린키스 숲에서 한번에 세 마리 이상 잡아볼 수 있도록 연습해 오세요.{nl}스콰이어에 대해선 그 후에 말씀 나눠보도록 하죠.{nl}{nl}	QUEST_JOBSTEP_20150323_002271	Voici la corde qui sert à ligoter.{nl}Entraîne-toi suffisamment avec à la Forêt de Poslinkis pour bien la maîtriser.{nl}Nous parlerons de ma leçon après cela.	이건 포박 포승줄이에요.{nl}이걸 가지고 포슬린키스 숲에 가서 충분히 다룰 수 있을 만큼 연습해 오세요.{nl}제 가르침에 대해선 그 후에 말씀 나눠보도록 하죠.	스콰이어 마스터
QUEST_JOBSTEP_20150714_002727	T'y es-tu habitué ?{nl}Apprenons doucement à partir de maintenant.	어느 정도 익숙해졌나요?{nl}스콰이어란 그런 것입니다. 지금부터 차근히 배워 보죠.	QUEST_JOBSTEP_20150317_000421	À quel point la maîtrises-tu ? {nl}Je t'enseignerai en profondeur comme promis.	어느 정도 익숙해졌나요?{nl}약속대로 당신을 철저히 가르쳐 드리겠어요.	스콰이어 마스터
QUEST_JOBSTEP_20150714_002728	J'ai entendu dire que les monstres appelés Biteregina attaquent les gens à la Tombe des{nl}menottes.{nl}Qu'en penses-tu ? Considère cela comme la contrepartie de l'apprentissage de mes techniques.	매너클 묘지에서 비테레지나라는 몬스터가 사람들을 마구 위협하고 있대.{nl}어떻게 생각해? 내 최고의 기술을 배우는 댓가라고 생각해 줬으면 좋겠는데.	QUEST_JOBSTEP_20150323_002272	Des Biteregina menacent les gens au Village des hiboux.{nl}Qu'en dis-tu ? Je veux que tu les vainques en compensation de mes leçons.	매너클 묘지에서 비테레지나라는 몬스터가 사람들을 마구 위협하고 있대.{nl}어떻게 생각해? 내 기술을 배우는 댓가라고 생각해 줬으면 좋겠는데.	새퍼 마스터
QUEST_JOBSTEP_20150714_002729	En tant que maître, je devrais aider les autres, mais je manque simplement de temps.{nl}Quoi qu'il en soit, c'est vraiment splendide. Mais prépare-toi à devenir un Sapeur encore plus{nl}fort.	마스터의 이름을 달고 있다면 주변을 도울 줄 알아야 되는데 솔직히 짬이 안나.{nl}어쨌든 정말 굉장하군. 하지만 더 엄청난 새퍼가 될 준비를 하라고.	QUEST_JOBSTEP_20150323_002273	Portant le titre de « maître », je devrais aider ceux qui m'entourent, mais je n'ai simplement pas{nl}le temps.{nl}Quoi qu'il en soit, je t'enseignerai mes techniques comme promis.	마스터의 이름을 달고 있다면 주변을 도울 줄 알아야 되는데 솔직히 짬이 안나.{nl}어쨌든 약속한 대로 네게 기술을 가르쳐 줄게.	새퍼 마스터
QUEST_JOBSTEP_20150714_002730	Si tu le dis, il y a un autre moyen.{nl}Si tu peux vaincre les Moa des Faubourgs de Fedimian, je te laisserai passer en premier.	그렇게까지 말한다면 방법이 없는 건 아니오.{nl}내 재료들을 다 박살낸 페디미안 외곽의 모아를 흠씬 두들겨준다면 순서를 앞당겨 드리지.	QUEST_JOBSTEP_20150323_002274	Si tu me le présentes ainsi, je peux te dire qu'il existe une solution.{nl}Si tu vaincs les Moa des Faubourgs de Fedimian, qui ont détruit tous mes ingrédients, je{nl}changerai ton tour.	그렇게까지 말한다면 방법이 없는 건 아니오.{nl}내 재료들을 다 박살낸 페디미안 외곽의 모아를 처치해 준다면 순서를 앞당겨 드리지.	플레쳐 마스터
QUEST_JOBSTEP_20150714_002731	Je te donne cette fusée éclairante. {nl}Tu pourras trouver plus facilement les monstres cachés.	이 섬광탄을 줄게. {nl}숨어있는 몬스터들을 좀 더 쉽게 찾을 수 있을 거야.	QUEST_JOBSTEP_20150317_000432	Je te donne cette fusée éclairante puisque tu es novice. {nl}Elle t'aidera à trouver les monstres efficacement.	초심자니까 이 섬광탄을 줄게. {nl}숨어있는 몬스터들을 좀 더 쉽게 찾을 수 있을 거야.	스카우트 마스터
QUEST_JOBSTEP_20150714_002732	Je t'attendais. Je savais que tu viendrais me trouver.{nl}Mais j'imagine que tu es venu parce que tu es assez compétent. N'est-ce pas ?{nl}	기다리고 있었어. 슬슬 날 찾아 올 거라고 생각했지.{nl}하지만 그럴 만한 실력이 되니까 찾아온 거겠지? {nl}	QUEST_JOBSTEP_20150317_000434	Je suppose que tu es venu apprendre quelque chose auprès de moi parce que tu en as la{nl}capacité. {nl}Celle de gagner un duel contre moi.	내게 뭔가를 배울 만한 실력이 있으니까 찾아온거겠지?{nl}가령 나랑 대련해서 이긴다던가.	로그 마스터
QUEST_JOBSTEP_20150714_002733	Par exemple, m'affronter en duel et gagner.	가령 나와 대련해서 이긴다던가.				로그 마스터
QUEST_JOBSTEP_20150714_002734	Bien.{nl}Tu peux commencer l'entraînement du niveau supérieur quand tu veux.	훌륭하군.{nl}언제든지 다음 단계의 수련을 시작해도 되겠어.	QUEST_JOBSTEP_20150317_000436	Tu es plus rapide que tu n'en as l'air. {nl}Je t'enseignerai mes Skills désormais, alors viens quand tu veux.	보기보다 날렵하군.{nl}이제부터 내 기술을 전수해 줄 테니 언제든지 찾아와.	로그 마스터
QUEST_JOBSTEP_20150714_002735	Le moment est venu. C'est formidable que tu sois arrivé si loin.{nl}Mais ton habileté doit dépasser la moyenne pour atteindre le niveau supérieur.	드디어 때가 왔군. 여기까지 따라와 준 것만 해도 정말 대단해.{nl}하지만 네 기량이 어느 정도는 되어야 그 이상을 바라볼 수도 있지 않겠어?	QUEST_JOBSTEP_20150317_000443	T'enseigner les Skills des Éclaireurs n'est pas difficile. {nl}Mais tu dois avoir la capacité de suivre, tu ne crois pas ?	스카우트의 기술은 가르쳐주는건 어렵지 않아.{nl}하지만 네 기량이 어느 정도는 되어야 내 수련을 따라올 수 있지 않겠어?	스카우트 마스터
QUEST_JOBSTEP_20150714_002736	J'ai entendu dire qu'un baron idiot a ouvert le portail relié à la Prison des démons.{nl}J'ai reçu de l'Aile de Vaivora la requête d'empêcher les démons de sortir.	어떤 바보같은 남작이 마족 수감소라는 곳과 연결된 포탈을 열어버렸다지?{nl}바이보라의 날개에게서 그 곳의 마족이 나오는 걸 막아달라는 의뢰를 받았어.{nl}	QUEST_JOBSTEP_20150323_002277	Un baron idiot a ouvert un portail relié à la Prison des démons.{nl}J'ai entendu dire que les démons y tentent sans cesse de sortir.{nl}	어떤 바보같은 남작이 마족수감소라는 곳과 연결된 포탈을 열어버렸다지?{nl}그곳의 마족들이 자꾸 바깥으로 나오려고 한다는 소문을 들었어.{nl}	스카우트 마스터
QUEST_JOBSTEP_20150714_002737	Je veux te confier la tâche de vaincre Deadborn.{nl}Je pense que ce sera un bon gibier.	네게는 데드본의 처리를 맡기고 싶군.{nl}이만 하면 괜찮은 사냥감인것 같은데.	QUEST_JOBSTEP_20150323_002278	Vaincs Deadborn, le démon le plus dangereux de l'endroit.{nl}Ce sera une belle chasse, tu ne trouves pas ?	그 중에 제일 위험한 마족인 데드본을 처치하고 오는거야.{nl}이만 하면 괜찮은 사냥감인것 같은데. 그렇지?	스카우트 마스터
QUEST_JOBSTEP_20150714_002738	Vraiment très bien. Tu es assez compétent.{nl}Si tu veux apprendre une nouvelle technique, tu es toujours le bienvenu.	정말 멋진걸? 네 기량은 충분해.{nl}새로운 기술을 배우고 싶다면 언제든지 환영이야.	QUEST_JOBSTEP_20150317_000445	Beau travail. Tu as fait mieux que je ne l'espérais. {nl}Passe me voir quand tu veux apprendre quelque chose.	수고했어. 생각보다 꽤 빠르게 해치웠군.{nl}앞으로도 뭔가 배우고 싶은 게 있으면 찾아와.	스카우트 마스터
QUEST_JOBSTEP_20150714_002739	C'est pourquoi tu dois m'aider.{nl}Peux-tu me rapporter des Natural Mano Stone des Rocktortuga au site commémoratif de Ruklys{nl}?	그러니 네가 날 좀 도와줘야겠다.{nl}루클리스 기념지에서 락투르투가에게서 천연 마노석을 가져와 주겠어?	QUEST_JOBSTEP_20150317_000447	Tu devras donc m'aider. {nl}Il faudra vaincre les Rocktortuga au Mémorial de Ruklys et me rapporter des Pierres de mano{nl}naturelle.	그러니 네가 날 좀 도와줘야겠다.{nl}루클리스 기념지에서 락투르투가를 처치하고 천연 마노석을 가져다 주겠어?	새퍼 마스터
QUEST_JOBSTEP_20150714_002740	Ne sois pas avide d'apprendre une nouvelle technique et continue simplement ce que tu faisais.{nl}J'y repenserai si tu peux rapporter des charbons inflammables des Yonazolem de la Zone du{nl}pont de l'aqueduc.	새로운 기술에 욕심내지 말고 하던 거나 열심히 하시오.{nl}수로교 지역의 요나졸렘에게서 잘 타는 석재라도 가져온다면 모를까.	QUEST_JOBSTEP_20150323_002279	Tu veux apprendre mes techniques ?{nl}Si tu peux me rapporter du bois inflammable des Jonna Jolem de la Zone du pont de l'aqueduc,{nl}j'y réfléchirai.	내 기술을 배우고 싶다고 했소?{nl}수로교 지역의 요나졸렘에게서 잘 타는 석재라도 가져온다면 생각해 보겠소.	플레쳐 마스터
QUEST_JOBSTEP_20150714_002741	Tu possèdes une habileté splendide.{nl}Je suis heureux d'accepter un tel disciple. Je t'enseignerai mes techniques.	정말 어처구니가 없을 정도로 대단한 실력을 가졌군.{nl}그런 제자라면 나도 반갑지. 기술을 가르쳐 주겠소.	QUEST_JOBSTEP_20150317_000452	Tu possèdes des Skills déraisonnablement grandes. {nl}J'accueillerais volontiers un disciple comme toi. Je t'enseignerai mes Skills.	정말 어처구니가 없을 정도로 대단한 실력을 가졌군.{nl}그런 제자라면 나도 반갑지. 기술을 가르쳐 주겠소. 	플레쳐 마스터
QUEST_JOBSTEP_20150714_002742	J'ai reçu des Ailes de Vaivora la requête de bloquer Rajatoad de la Prison des démons.{nl}Si tu vises à être le plus grand Wugushi, je pense que tu dois les vaincre. Qu'en dis-tu ?	바이보라의 날개에게서 마족 수감소의 라자토드를 막아달라는 부탁을 받았어.{nl}최고의 무고사를 목표로 한다면 그에 어울리는 시련이라고 생각하는데 어때?	QUEST_JOBSTEP_20150323_002280	Sais-tu ceci ?{nl}J'ai entendu dire que Rajatoad, dans la 1re zone de la Prison des démons, possède un poison{nl}dangereux.{nl}	그거 알아?{nl}마족수감소 1구역이라는 곳의 라자토드가 굉장한 독을 가지고 있대.{nl}	무고사 서브 마스터
QUEST_JOBSTEP_20150714_002743	Qu'as-tu fait pour ouvrir ce portail ?{nl}Très bien, bien.	뭘 어떻게 해야 그런 포탈을 열어버리는거야?{nl}참 대단하군, 대단해.	QUEST_JOBSTEP_20150317_000454	Cela aurait-il du sens qu'un Wugushi soit empoisonné et affaibli ?	무고사가 독에 당해 시름시름 앓는다면 그게 말이 되겠어?	무고사 서브 마스터
QUEST_JOBSTEP_20150714_002744	Tu ne déçois jamais mes attentes. Bien joué.{nl}Bien. Poursuivons-nous ?	역시 내 기대를 저버리지 않는군. 수고했어.{nl}자. 어서 진도를 나가 볼까?	QUEST_JOBSTEP_20150317_000455	Notre enseignement est rude, alors j'espère que tu comprends. {nl}Quoi qu'il en soit, tu peux venir quand tu veux apprendre.	우린 가르침이 좀 험하니까 네가 이해해 줬으면 좋겠어.{nl}어쨌든 가르침을 받고 싶으면 언제든 찾아와도 좋아.	무고사 서브 마스터
QUEST_JOBSTEP_20150714_002745	Bien. J'ai l'impression de me revoir autrefois.{nl}Tu es véritablement un Schwarzer Reiter.	훌륭하군. 마치 내 옛날 모습을 보는 것 같아.{nl}자네도 이제 어엿한 슈바르츠라이터네.	QUEST_JOBSTEP_20150323_002285	Très bien. J'ai l'impression de me revoir autrefois.{nl}Maintenant que tu es Schwarzer Reiter, nous pourrons désormais être des miroirs l'un pour{nl}l'autre.	훌륭하군. 마치 내 옛날 모습을 보는 것 같아.{nl}자네도 이제 슈바르츠라이터가 되었으니, 서로에게 거울이 되어 줄 수 있을 거야.	슈바르츠라이터 마스터
QUEST_JOBSTEP_20150714_002746	D'étranges incidents surviennent parce que le monde est ainsi.{nl}J'ai entendu dire que les autres maîtres traversent aussi des moments difficiles.	세상이 이 모양이니 갈수록 별 이상한 사건이 자꾸 터지는 것 같아.{nl}다른 마스터들도 고생이라 들었어.	QUEST_JOBSTEP_20150323_002287	Il semble que le nombre de démons ne cesse d'augmenter.{nl}J'ai entendu dire que les autres maîtres ont aussi des ennuis.	갈수록 마족들이 자꾸 늘고 있는 것 같아.{nl}다른 마스터들도 고생이라 들었어.	스카우트 마스터
QUEST_JOBSTEP_20150714_002747	Les villageois se plaignent des Rocktortuga dans les Bois de Siauliai ouest.{nl}Si tu peux vaincre ces monstres, je te donnerai de précieuses offrandes.	샤울레이 서쪽 숲에 락토르투가가 날뛰는 통에 주민들의 원성이 자자합니다.{nl}그 몬스터만 처리해 주신다면 공양품을 내어 드리겠습니다.	QUEST_JOBSTEP_20150317_000484	Les habitants se plaignent du Rocktortuga qui sème le chaos dans les Bois de l'ouest de{nl}Siauliai. {nl}Je te donnerai les offrandes si tu vaincs ce monstre.	샤울레이 서쪽 숲에 락토르투가가 날뛰는 통에 주민들의 원성이 자자합니다.{nl}그 몬스터를 처치해 주신다면 공양품을 내어 드리겠습니다.	프리스트 마스터
QUEST_JOBSTEP_20150714_002748	Je suis désolée, mais tu dois faire quelque chose pour moi.{nl}Discutons plus tard... D'abord, rapporte-moi le joyau que j'ai laissé au Maître Krivis, je te prie.	죄송하지만, 그대가 응당 나서 주셔야 할 일이 있습니다.{nl}이야기는 천천히.. 일단 크리비 마스터께 맡긴 보석을 제게 가져와 주세요.	QUEST_JOBSTEP_20150317_000496	Si tu veux approfondir la voie du Bokor, tu dois faire quelque chose pour moi.{nl}Récupère le joyau auprès du Maître Krivis, je t'en prie.	그대가 보코르의 길을 탐구하고 싶다면 응당 나서 주셔야 할 일이 있습니다.{nl}먼저 크리비 마스터께 맡긴 보석을 제게 가져와 주세요.	보코르 마스터
QUEST_JOBSTEP_20150714_002749	C'est aussi la tâche d'un Dievdirbys de soigner son œuvre avec affection plutôt que de{nl}simplement la produire.{nl}Si tu rêves de devenir un Dievdirbys dont on se souviendra longtemps, n'oublie jamais ce{nl}sentiment.	작품을 만드는 것이 다가 아니라 애정을 가지고 보살피는 것도 딥디르비의 일이야.{nl}오래도록 기억될 딥디르비를 꿈꾼다면 이 느낌을 잊지 말게.	QUEST_JOBSTEP_20150317_000528	C'est aussi le rôle d'un Dievdirbys de prendre soin de l'œuvre, et pas seulement de la créer.{nl}N'oublie pas ce sentiment si tu veux apprendre les Skills d'un Dievdirbys.	작품을 만드는 것이 다가 아니라 애정을 가지고 보살피는 것도 딥디르비의 일이야.{nl}딥디르비의 기술을 익힐 거라면 이 느낌을 잊지 말게.	조각가 테슬라
QUEST_JOBSTEP_20150714_002750	Le nombre d'Ambulo de l'arbre rouge a beaucoup augmenté à Carrefour d'Apsimesti et ils{nl}menacent les villageois.{nl}Si tu veux progresser en vrai Sadhu, partage tes capacités.	압시메스티 교차로의 붉은 트리암불로가 크게 불어나 주민들을 위협하고 있다고 합니다.{nl}당신이 진정한 사두로서 한 걸음 더 내딛고 싶다면 당신의 능력을 베푸십시오.	QUEST_JOBSTEP_20150323_002288	Le nombre de Puragi bleu aux Plaines de Saknis a beaucoup augmenté récemment et ils{nl}menacent les villageois.{nl}Si tu veux atteindre un niveau supérieur en vrai Sadhu, montre tes capacités là-bas.	사크니스 벌판의 푸른 푸라기가 크게 불어나 주민들을 위협하고 있다고 합니다.{nl}당신이 진정한 사두로서 한 걸음 더 내딛고 싶다면 당신의 능력을 베푸십시오.	사두 마스터
QUEST_JOBSTEP_20150714_002751	Bien. Mais nous sommes devant la sainte statue de la Déesse. {nl}Je t'éprouverai au Site de l'autel de Shiluma.	좋소. 다만 이곳은 신성한 여신상 앞이오.{nl}쉴루마 제단 터에서 시험하도록 하겠소.				몽크 마스터
QUEST_JOBSTEP_20150714_002752	Ta foi est vraiment splendide. {nl}Je t'autorise à entrer. Notre entraînement, à nous les moines, est rude, alors prépare-toi.	그대의 신앙은 참으로 훌륭하오. {nl}입문을 허락하겠소. 우리 몽크들의 수련은 혹독하니 각오하는 게 좋을 거요.{nl}	QUEST_JOBSTEP_20150317_000537	Bien. Ta foi religieuse est très forte.{nl}Je t'accepterai comme Moine. Prépare-toi, car notre entraînement est très rude.	좋아. 그대의 신앙은 훌륭하군. {nl}입문을 허락하겠소. 우리 몽크들의 수련은 혹독하니 각오하는 게 좋을 거요.{nl}	몽크 마스터
QUEST_JOBSTEP_20150714_002753	Oui, c'est ça ! Il était là depuis le début.{nl}Quoi qu'il en soit, je t'ouvre l'accès à la voie du Pardonneur.	오오, 그래! 이거야. 등잔 밑이 어둡다더니 그게 내 꼴이군.{nl}어쨌든 파드너로 입문을 허락하지.	QUEST_JOBSTEP_20150317_000544	Oh. Oui ! C'est bien ça.{nl}Je t'accepterai comme Pardonneur.	오오, 그래! 이거야. 등잔 밑이 어둡다더니 그게 내 꼴이군.{nl}어쨌든 파드너로 입문을 허락하지. 	파드너 마스터
QUEST_JOBSTEP_20150714_002754	Le Bocal de feu ? Bien sûr que je connais. {nl}Mais je suis un marchand. Alors à moins que tu ne me rapportes de la Huile durcie des Puragi{nl}aux Plaines de Saknis...	불항아리요? 알다마다요. {nl}하지만 전 장사꾼입지요. 사크니스 벌판에 있는 푸른 푸라기에게서 굳은 기름을 구해 주신다면 모를까..	QUEST_JOBSTEP_20150317_000546	Le Pot de feu ? Bien sûr que je le connais.{nl}Mais tu sais que je suis marchand. Si tu pouvais me rapporter l'huile durcie des monstres du{nl}Voie du démon affamé...	불항아리요? 알다마다요. {nl}하지만 전 장사꾼입지요. 큰 아귀 길에 있는 몬스터에게서 굳은 기름을 구해 주신다면 모를까..	장비 상인
QUEST_JOBSTEP_20150714_002755	Les Poata de la forêt est de Siauliai menacent les villageois.{nl}Si tu peux vaincre ce monstre au nom des déesses, je t'enseignerai ma magie.{nl}{nl}	샤울레이 동쪽 숲에 있는 포아타가 주민들을 위협하고 있대.{nl}여신의 이름으로 그 몬스터를 없애 준다면 나의 마법을 전수해 주겠어.{nl}{nl}	QUEST_JOBSTEP_20150317_000554	Les Poata menacent les villageois des Bois de Siauliai est.{nl}Si tu parviens à vaincre ces monstres au nom de la Déesse Gabija, je t'enseignerai ma magie.{nl}{nl}	샤울레이 동쪽 숲에 있는 포아타가 주민들을 위협하고 있대.{nl}가비야 여신의 이름으로 그 몬스터를 없애 준다면 나의 마법을 전수해 주겠어.{nl}{nl}	파이로맨서 마스터
QUEST_JOBSTEP_20150714_002756	Bien joué. Les déesses seraient satisfaites.{nl}Comme promis, je te mènerai au niveau supérieur de Pyromancien.	잘했어. 여신께서도 만족해하실 거야.{nl}약속대로 파이로맨서의 더 높은 경지로 이끌어 줄게.	QUEST_JOBSTEP_20150317_000556	Bien joué. La Déesse Gabija doit être très satisfaite.{nl}Comme promis, je te ferai passer au stade suivant du Pyromancien.	잘했어. 가비야 여신께서도 만족해하실 거야.{nl}약속대로 파이로맨서의 더 높은 경지로 이끌어 줄게.	파이로맨서 마스터
QUEST_JOBSTEP_20150714_002757	Les Psychokinésistes montrent leur pouvoir en croyant en leurs capacités.{nl}Tu dois montrer combien tu crois en toi pour atteindre le niveau du Psychokinésiste parfait.	사이코키노들은 자신의 능력을 믿는 것으로 힘을 발휘하네.{nl}자네가 스스로를 얼마나 믿는지를 보여야 완벽한 사이코키노의 경지로 들어설 수 있을 것이네.	QUEST_JOBSTEP_20150317_000560	Un Psychokinésiste manifeste son pouvoir en croyant en ses propres capacités.{nl}Tu dois montrer à quel point tu as confiance en toi pour recevoir mes leçons.	사이코키노들은 자신의 능력을 믿는 것으로 힘을 발휘하네.{nl}자네가 스스로를 얼마나 믿는지를 보여야 내 가르침을 받을 수 있을 것이네.	사이코키노 마스터
QUEST_JOBSTEP_20150714_002758	Les Guerriers Vubbe rouge de cette forêt sont durs à affronter.{nl}Mais si tu crois en toi, tu pourras leur faire face.	이 숲의 붉은 부베 투사는 자네에겐 분명 버거운 상대야.{nl}하지만 자네 스스로를 믿는다면 분명 상대할 수 있을 것이네.	QUEST_JOBSTEP_20150317_000561	Les Guerriers Vubbe rouge de cette forêt sont difficiles à affronter.{nl}Mais si tu as confiance en toi, tu pourras les vaincre.	이 숲의 붉은 부베 투사는 자네에겐 분명 버거운 상대이네.{nl}하지만 자네 스스로를 믿는다면 분명 처치할 수 있을 것이네.	사이코키노 마스터
QUEST_JOBSTEP_20150714_002759	Le plus haut niveau du Lieur... Je veux savoir comment tu contrôles le mana.{nl}Peu importe la magie que tu utilises, vaincs simplement les Guerriers Vubbe aux Bois de{nl}Siauliai est.	링커의 가장 높은 단계.. 전 당신의 마나 운용법을 알고 싶군요.{nl}어떤 마법이든 상관없으니 샤울레이 동쪽 숲의 부베 투사를 처치해 주세요.	QUEST_JOBSTEP_20150317_000564	Avant que tu n'apprennes la magie auprès de moi, je veux voir comment tu maîtrises le mana.{nl}Vaincs le Guerrier Vubbe des Bois de Siauliai ouest en utilisant la magie de ton choix.	저에게 마법을 배우기에 앞서 당신의 마나 운용법을 알고 싶군요.{nl}어떤 마법이든 상관없으니 샤울레이 동쪽 숲의 부베 투사를 처치해 주세요.	링커 서브 마스터
QUEST_JOBSTEP_20150714_002760	Tu possèdes les capacités les plus splendides parmi tous ceux que j'ai rencontrés.{nl}Mais si tu apprends le nouveau contrôle, tu seras le plus grand Lieur.	당신은 제가 만났던 사람 중에 가장 훌륭한 자질을 갖춘 것 같아요.{nl}하지만 여기에 링커의 새로운 운용법을 더한다면 최고의 링커가 되겠지요?	QUEST_JOBSTEP_20150317_000566	Tu possèdes assurément de grandes capacités.{nl}En tant que Lieur, si je parviens à bien te guider, tu deviendras un magicien vraiment puissant.	당신은 아주 훌륭한 자질을 갖춘 것 같아요.{nl}제가 링커로서 당신을 잘 이끌어 줄 수만 있다면 정말 강력한 마법사가 되실 수 있을 거예요.	링커 서브 마스터
QUEST_JOBSTEP_20150714_002761	Avant d'apprendre la magie du niveau supérieur, je dois éprouver tes connaissances magiques.{nl}Les Salamander qui gravissent la Tour du mage suffiront.	다음 단계의 마법을 배우기 전에 당신의 마법적 소양을 시험해 볼 필요가 있겠어요.{nl}마법사의 탑에 있는 타오르는 샐러맨더 정도면 될 거 같네요.	QUEST_JOBSTEP_20150317_000567	Avant que tu n'apprennes la magie d'un Thaumaturge, je dois éprouver tes Skills magiques.{nl}Vaincs les Salamandres ardentes de la Tour du mage.	쏘마터지의 마법을 배우기 전에 당신의 마법적 소양을 시험해 볼 필요가 있겠어요.{nl}마법사의 탑에 있는 타오르는 샐러맨더 정도면 될 거 같네요.	쏘마터지 마스터
QUEST_JOBSTEP_20150714_002762	Bien.{nl}Avec cela, tu pourras apprendre la nouvelle magie sans aucun problème.	훌륭해요.{nl}이 정도면 새로 배울 마법들도 문제 없이 익힐 수 있겠어요.	QUEST_JOBSTEP_20150317_000569	C'est bien.{nl}Je ferai de mon mieux pour t'aider à progresser à l'avenir.{nl}{nl}	이 정도면 훌륭해요.{nl}당신의 발전을 위해 힘껏 도와드릴게요.{nl}{nl}	쏘마터지 마스터
QUEST_JOBSTEP_20150714_002763	Plutôt que d'exagérer tes paroles, il vaut bien mieux te montrer.{nl}Vaincre Reaverpede à Escanciu Village sera ta prochaine mission pour le niveau supérieur.	자신을 말로 포장하는 것 보단 직접 보여주는 것이 백 배 낫습니다.{nl}에산치우 마을의 리버피드를 처치해 오시는 것이 다음 단계를 위한 과제입니다.	QUEST_JOBSTEP_20150323_002290	Plutôt que de te présenter par des mots, il vaudra bien mieux montrer tes capacités.{nl}Ta mission : vaincre Reaverpede à Escanciu Village.	자신을 말로 포장하는 것 보단 직접 보여주는 것이 백 배 낫습니다.{nl}에산치우 마을의 리버피드를 처치해 오시는 것이 제가 드리는 과제입니다.	엘리멘탈리스트 서브 마스터
QUEST_JOBSTEP_20150714_002764	Si tu veux devenir mon disciple, je dois d'abord cerner ton habileté.{nl}Le Reaverpede d'Escanciu Village suffira.	저의 제자가 되고 싶다면 먼저 당신의 실력을 알아야겠지요.{nl}에산치우 마을의 골칫거리인 리버피드가 적당하겠어요.	QUEST_JOBSTEP_20150323_002294	Si tu veux apprendre ma magie, je dois d'abord connaître ta compétence.{nl}Reaverpede, au Village d'Escanciu, serait à la hauteur de ta réputation.	저의 마법을 배우고 싶다면 먼저 당신의 실력을 알아야겠지요.{nl}에산치우 마을의 골칫거리인 리버피드가 적당하겠어요.	크로노맨서 마스터
QUEST_JOBSTEP_20150714_002765	Je savais que tu viendrais.{nl}Tu as senti tes limites en tant que Thaumaturge, n'est-ce pas ?	슬슬 오실 때가 되었다고 생각했어요.{nl}쏘마터지로서 한계를 느끼시는 거죠?	QUEST_JOBSTEP_20150317_000602	Des monstres sèment le chaos près de Fedimian.{nl}Par conséquent, les maîtres travaillent ensemble pour les vaincre.{nl}Alors, si tu postules pour devenir Thaumaturge, je pense que tu devrais aider aussi.	페디미안의 근처에서 몬스터들이 갑자기 난동을 부리고 있어요.{nl}덕분에 마스터들이 녀석들을 해치우는데 합심하고 있죠.{nl}어때요, 쏘마터지 지망생이라면 당연히 힘을 보태야 할 일이라고 보는데요?	쏘마터지 마스터
QUEST_JOBSTEP_20150714_002766	Mais il reste encore des niveaux.{nl}D'abord, je vérifierai si tu peux vaincre les Netherbovine près de Fedimian.	하지만 아직 남은 단계가 있어요.{nl}먼저 페디미안 근처의 네더보바인으로 당신이 그 단계를 넘어설 수 있을지 확인할게요.	QUEST_JOBSTEP_20150323_002295	Oh, quel grand courage.{nl}Si tu peux vaincre les Netherbovine de la Forêt de Poslinkis, je t'aiderai à progresser.	오, 대단한 용기인걸요? {nl}포슬린키스 숲에서 난동을 부리고 있는 네더보바인을 해치우고 돌아온다면 전직을 시켜 드리죠.	쏘마터지 마스터
QUEST_JOBSTEP_20150714_002767	Il n'y a pas de limite pour les Thaumaturges.{nl}Mais si quelqu'un a une limite, il n'y a pas d'autre voie.{nl}	쏘마터지의 영역엔 한계란 없어요.{nl}하지만 받아들이는 자신이 한계가 있다면 무슨 소용이겠어요?{nl}	QUEST_JOBSTEP_20150317_000604	Bien. Tu es qualifié comme Thaumaturge.{nl}Comme promis, je te ferai progresser.	좋아요. 쏘마터지로서 그 정도면 충분히 자격이 있네요.{nl}약속대로 전직시켜 드릴게요.	쏘마터지 마스터
QUEST_JOBSTEP_20150714_002768	Quoi qu'il en soit, tu as accompli la mission avec succès.{nl}Apprenons-nous la magie suivante ?	어쨌든, 당신은 과제를 훌륭히 통과했어요.{nl}다음 마법을 배워 볼까요?				쏘마터지 마스터
QUEST_JOBSTEP_20150714_002769	Les maîtres des environs traquent les monstres qui sèment le chaos.{nl}Si tu es le plus grand Élémentaliste, tu dois vaincre ces monstres plus vite que quiconque.	이 근방의 모든 마스터들이 난동을 부리는 몬스터를 쫓고 있습니다.{nl}최강의 엘리멘탈리스트라면 누구보다도 먼저 그 몬스터를 해치워야 하지 않겠습니까.	QUEST_JOBSTEP_20150323_002296	Tous les maîtres des environs traquent les monstres.{nl}Tu dois vaincre les monstres plus vite que quiconque pour apprendre ma magie.	이 근방의 모든 마스터들이 난동을 부리는 몬스터를 쫓고 있어요.{nl}누구보다도 먼저 그 몬스터를 처치해 주셔야만 제 마법을 배울 자격이 있습니다.	엘리멘탈리스트 서브 마스터
QUEST_JOBSTEP_20150714_002770	Je peux imaginer la tête des autres maîtres.{nl}Et surtout, je suis si heureux d'apprendre que tu es digne de devenir le vrai Élémentaliste.	다른 마스터들의 표정이 눈에 선하군요.{nl}뿐만 아니라 당신이 진정한 엘리멘탈리스트의 이름에 걸맞는다니 기분이 참 좋습니다.	QUEST_JOBSTEP_20150317_000607	J'imagine encore la tête des autres maîtres.{nl}Non seulement cela, mais je suis aussi heureux d'avoir un bon disciple.	다른 마스터들의 표정이 눈에 선하군요.{nl}뿐만 아니라 좋은 제자를 얻게 되어서 기분이 참 좋습니다.	엘리멘탈리스트 서브 마스터
QUEST_JOBSTEP_20150714_002771	J'ai entendu dire que Necroventer est réapparu au Ancien jardin de la Déesse.{nl}Si tu veux apprendre la haute magie du Sorcier, je pense que ce serait un adversaire adéquat.{nl}Qu'en penses-tu ?	여신의 옛뜰에서 네크로벤터가 다시 나타났다나봐.{nl}소서러의 고위 마법을 배우고 싶다면 적절한 상대인 것 같은데 어때?	QUEST_JOBSTEP_20150317_000608	Il n'est pas logique pour un maître de rester dans un lieu sûr quand des hordes de monstres{nl}sévissent.{nl}J'ai trouvé cela injuste, alors j'ai quitté Fedimian.{nl}	몬스터가 넘쳐나는데도 마스터면서 안전한 곳에만 있겠다는 건 말도 안 되는 거 같아.{nl}그건 도리가 아닌 거 같아서 페디미안에서 뛰쳐나왔어.{nl}	소서러 마스터
QUEST_JOBSTEP_20150714_002772	C'est tellement stupide.{nl}Ne rien faire devant un si beau gibier.	정말 바보같은 짓이야.{nl}저렇게 훌륭한 사냥감을 두고 가만히 있는다는 건.	QUEST_JOBSTEP_20150317_000610	Il est absurde pour un maître de rester dans un lieu sûr.{nl}	마스터면서 안전한 울타리 안에만 있다니, 정말 바보같은 짓이야.{nl}	소서러 마스터
QUEST_JOBSTEP_20150714_002773	Ainsi, tu ne me déçois pas du tout.{nl}Maintenant, tu sais ce qu'il te reste à faire, n'est-ce pas ?	역시 날 실망시키지 않는구나.{nl}자. 이제 무엇을 해야 할 지는 알고 있겠지?	QUEST_JOBSTEP_20150317_000611	Je comprends ton point de vue.{nl}Je t'enseignerai la magie comme je l'avais promis.	네 뜻은 잘 알겠어.{nl}약속대로 내 마법을 가르쳐 줄게.	소서러 마스터
QUEST_JOBSTEP_20150714_002774	Je peux toujours enseigner la magie de niveau supérieur. {nl}Mais je ne suis pas sûr que tu puisses me suivre.	지금보다 더 난이도 있는 마법이야 언제든 가르쳐드릴 순 있지요. {nl}하지만 당신이 과연 따라올 수 있을지 의문이 드네요.	QUEST_JOBSTEP_20150317_000612	Je peux t'enseigner ma magie quand tu veux.{nl}Mais je ne suis pas sûr que tu puisses bien suivre.	제 마법은 언제든 가르쳐드릴 순 있지요. {nl}하지만 당신이 과연 따라올 수 있을지 의문이 드네요.{nl}	크로노맨서 마스터
QUEST_JOBSTEP_20150714_002775	Tu dépasses mes attentes.{nl}Mais prépare-toi, car ce sera plus dur qu'avant.	제 예상을 훨씬 웃도는 분이시군요.{nl}하지만 이전보다 더 어려운 영역이니 각오하셔야 할 겁니다.	QUEST_JOBSTEP_20150317_000614	Tu es meilleur que je ne l'espérais.{nl}Mais la magie qui maîtrise le temps est vraiment difficile, alors prépare-toi.	제 예상을 훨씬 웃도는 분이시군요.{nl}하지만 시간을 다루는 마법은 아주 어려운 영역이니 각오하셔야 할 겁니다.	크로노맨서 마스터
QUEST_JOBSTEP_20150714_002776	Ça faisait longtemps. Tu veux devenir Alchimiste.{nl}D'abord, nous devons vérifier si tu peux être Alchimiste.	오랜만입니다. 알케미스트가 되고 싶으시다고요.{nl}일단 당신이 그 격에 어울리는 사람인지 먼저 알아봐야겠습니다.	QUEST_JOBSTEP_20150317_000615	Ça fait longtemps. Tu veux devenir Alchimiste.{nl}Je dois vérifier si tu es digne d'être un Alchimiste.	오랜만입니다. 알케미스트가 되고 싶으시다고요.{nl}그 격에 어울리는 사람인지 먼저 알아봐야겠습니다.	
QUEST_JOBSTEP_20150714_002777	Bien. {nl}J'ai hâte de voir la suite.	좋습니다. {nl}앞으로가 기대되는군요.	QUEST_JOBSTEP_20150317_000618	Bien. J'attends beaucoup de ton avenir.{nl}Je te ferai accéder au rang d'Alchimiste.	좋습니다. 앞으로가 기대되는군요.{nl}알케미스트로 전직시켜 드리겠습니다.	바이도타스
QUEST_JOBSTEP_20150714_002778	Pour suivre l'entraînement d'un Prêtre, tu dois d'abord démontrer ta volonté de chasser les{nl}forces maléfiques.{nl}Reprends les sacs chargés de pouvoir démoniaque aux Vubbe du Village des mineurs de{nl}Siauliai.	프리스트의 수행을 따르시려면 먼저 사악한 힘을 몰아낼 의지를 증명하셔야 합니다.{nl}샤울레이 광산 마을의 부베들에게서 마기가 깃든 주머니를 빼앗아 오십시오.	QUEST_JOBSTEP_20150317_000619	Tu dois prouver ta détermination à éliminer le mal pour suivre l'entraînement d'un Prêtre.{nl}Récupère des bourses imprégnées de Magi auprès des Vubbe du 1er étage de la Mine de cristal, je{nl}t'en prie.	프리스트의 수행을 따르시려면 먼저 사악한 힘을 몰아낼 의지를 증명하셔야 합니다.{nl}수정광산 1층의 부베들에게서 마기가 깃든 주머니를 빼앗아 오십시오.	프리스트 마스터
QUEST_JOBSTEP_20150714_002779	Tu trouveras probablement beaucoup de Vubbe au Avant-poste Vubbe et dans leur{nl}campement.	부베 전초기지나 피난처에서 다수의 부베들을 발견하실 수 있을 겁니다.	QUEST_JOBSTEP_20150317_000620	Parle à l'ancien de la Mine de cristal si tu as du mal à y entrer, je t'en prie.	만약 수정광산에 들어가기 힘들다면 광산 마을의 촌장님께 이야기해 보십시오.	프리스트 마스터
QUEST_JOBSTEP_20150714_002780	Si la magie ne choisit pas son détenteur, je n'aime pas les disciples paresseux.{nl}Vaincre les Orques de pierre au 1er étage de la Mine de cristal servira d'épreuve de ton cran.	마법은 사람을 가리지 않지만 난 게으른 사람은 싫어.{nl}수정광산 1층에서 스톤오르카를 해치우는 것으로 네 근성을 시험해 보겠어.	QUEST_JOBSTEP_20150428_002587	La magie ne fait pas de distinction entre les gens, mais je n'aime pas les paresseux.{nl}J'éprouverai ton cran en vérifiant si tu peux vaincre les Orques de pierre au 1er étage de la{nl}Mine de cristal.	마법은 사람을 가리지 않지만 난 게으른 사람은 싫어.{nl}수정광산 1층에서 스톤오르카를 처치하는 것으로 네 근성을 시험해 보겠어.	위저드 마스터
QUEST_JOBSTEP_20150714_002781	Les Clercs doivent servir autrui s'ils veulent atteindre un stade supérieur dans la vie.{nl}Récolte des Onguents verts sur les Vubbe du Village des mineurs afin de pouvoir soigner plus de{nl}gens, je te prie.	클레릭은 봉사로써 더욱 높은 경지를 바라본답니다.{nl}보다 많은 사람들을 치료할 수 있도록 광산 마을의 부베에게서 녹색 고약을 모아 주세요.	QUEST_JOBSTEP_20150317_000640	Les Clercs aident les autres à atteindre un stade supérieur.{nl}Pour soigner les autres, rapporte-moi l'onguent vert des Vubbe du 1er étage de la Mine de cristal,{nl}je t'en prie.{nl}{nl}	클레릭은 봉사로써 더욱 높은 경지를 바라본답니다.{nl}많은 사람들을 치료할 수 있도록 수정광산 1층의 부베에게서 녹색 고약을 모아 주세요.{nl}{nl}	클레릭 마스터
QUEST_JOBSTEP_20150714_002782	Élimine les chauves-souris au 1er étage de la Mine de cristal et rapporte leurs ailes comme{nl}preuve.	수정광산 1층의 박쥐를 해치우고 그 증거로 녀석들의 날개을 가져와.	QUEST_JOBSTEP_20150317_000643	Vaincs les chauves-souris du 1er étage de la Mine de cristal et rapporte-moi leurs ailes en{nl}preuve.	수정광산 1층의 박쥐를 처치하고 그 증거로 녀석들의 날개을 가져와.	아처 마스터
QUEST_JOBSTEP_20150714_002783	Il y a un monstre appelé Colimencia aux Collines de Grynas. {nl}C'est un monstre menaçant, mais tu devrais pouvoir le vaincre facilement.	그리나스 구릉지에 콜리멘시아라는 몬스터가 있습니다.{nl}위협적인 몬스터입니다만, 이 정도는 가볍게 해치우셔야 합니다.	QUEST_JOBSTEP_20150323_002299	Il y a un monstre appelé Colimencia aux Collines de Grynas.{nl}C'est un monstre menaçant, mais tu devrais le vaincre facilement.	그리나스 구릉지에 콜리멘시아라는 몬스터가 있습니다.{nl}위협적인 몬스터입니다만, 이 정도는 가볍게 처치하셔야 합니다.	하플라이트 마스터
QUEST_JOBSTEP_20150714_002784	Enfin, tu es un vrai Rodelero.{nl}Mais que dis-tu de Colimencia... Le monstre dangereux du Manoir Greene.	드디어 자네도 한 명의 어엿한 로델레로군.{nl}하지만 콜리멘시아라면 어떨까.. 그린가의 장원에 있는 위험한 녀석 말일세.	QUEST_JOBSTEP_20150323_002301	Si tu veux apprendre de moi, tu dois d'abord me montrer ton habileté.{nl}Colimencia, au Manoir Greene, serait à la hauteur de ta réputation.	내게 가르침을 받기 원한다면 그 전에 자네의 실력을 내게 보여주게.{nl}그린가의 장원의 콜리멘시아라면 자네 명성에 걸맞은 상대겠지.	로델레로 마스터
QUEST_JOBSTEP_20150714_002785	S'il manque quelque chose, cela signifie qu'il y a une marge de progression.{nl}Ne t'inquiète pas. Je peux la combler pour toi.	부족한 것이 있다는 건 더 나아갈 여지가 있다는 말일세.{nl}걱정 말게. 내가 채워줄 수 있거든.	QUEST_JOBSTEP_20150317_000666	Bien. Tes Skills suffisent.{nl}Je suis heureux de t'enseigner.	좋아, 그 정도면 실력은 충분하군.{nl}가르치는 보람이 있겠어.	로델레로 마스터
QUEST_JOBSTEP_20150714_002786	Si tu rêves de devenir le plus grand Cataphractaire, tu dois pouvoir vaincre Gaigalas à la Ferme{nl}des métayers facilement.{nl}Si tu as compris, reviens vite.	최강의 캐터프랙트를 꿈꾼다면 테넌츠 농장의 가이갈라스 정도는 가볍게 없앨 수 있어야지.{nl}알겠다면 어서 빨리 냉큼 다녀오게.				캐터프랙트 마스터
QUEST_JOBSTEP_20150714_002787	Une fois qu'on décide de devenir le plus grand, il n'y a plus rien à craindre. {nl}Missions ou quoi que ce soit... Je détruirai simplement tout. Tu ne crois pas ?	최강이 되겠다고 결심한 이상 거칠 게 뭐가 있겠어. {nl}과제고 뭐고 방해가 되는 건 전부 뚫어버리면 그만인 거야. 그렇지?				캐터프랙트 서브 마스터
QUEST_JOBSTEP_20150714_002788	Plus je te vois, plus tu me plais.{nl}Bien. Commençons.	정말 볼 수록 마음에 드는 제자야.{nl}좋아. 시작해 보자고.				캐터프랙트 서브 마스터
QUEST_JOBSTEP_20150714_002789	Je suis occupé personnellement... Je suis désolé.{nl}Un rapport dit que quelqu'un a vu l'emblème de la famille disparue, alors je le traque.	지금 저는 개인적으로 바쁜 일이 있어서.. 죄송합니다.{nl}잃어버린 가문의 장식을 봤다는 제보가 있어서 추적 중이거든요.	QUEST_JOBSTEP_20150317_000670	Je suis désolé, mais je suis trop occupé pour t'accepter en ce moment.{nl}J'ai entendu dire que quelqu'un avait vu le symbole de notre famille, perdu lors de Medzio{nl}Diena, alors je le recherche.	죄송하지만 지금 저는 개인적으로 바쁜 일이 있어서 당신을 거둘 여유가 없습니다.{nl}신수의 날에 잃어버린 가문의 장식을 봤다는 제보가 있어서 추적 중이거든요.{nl}	스콰이어 마스터
QUEST_JOBSTEP_20150714_002790	Ceci... est l'emblème de la famille Legwyn.{nl}Merci. Comme promis, je t'enseignerai de nouvelles techniques.	이건.. 르귄가문의 장식이 맞습니다.{nl}감사합니다. 약속대로 당신께 새로운 기술을 전수해 드리지요.	QUEST_JOBSTEP_20150323_002303	Ceci... Ce doit être l'emblème de la famille Legwyn.{nl}Merci. Comme promis, je t'aiderai à atteindre un niveau supérieur.	이건.. 르귄가문의 장식이 맞습니다.{nl}감사합니다. 약속대로 당신이 더 높은 경지로 갈 수 있게 도와드리지요.	스콰이어 마스터
QUEST_JOBSTEP_20150714_002791	Les pirates ont leurs niveaux, et les Corsaires aussis.{nl}Peut-être que Honeypin, à la Ferme des métayers, saura exactement te situer.	해적도 급이 있듯이 커세어도 마찬가지야.{nl}테넌츠 농장의 허니핀 정도라면 네 위치를 확실하게 알 수 있을지도.	QUEST_JOBSTEP_20150511_002599	Si tu veux apprendre de moi, tu dois d'abord me montrer ton habileté.{nl}Honeypin, à la Ferme des métayers, fera l'affaire.	나에게 뭘 배우고 싶다면 실력부터 제대로 보여주는 게 예의 아닐까?{nl}테넌츠 농장의 허니핀 정도가 적당한 것 같은데.	커세어 마스터
QUEST_JOBSTEP_20150714_002792	Ouah, c'est inattendu.{nl}Je peux même t'enseigner des techniques plus difficiles sans crainte.	이야, 예상 밖인걸?{nl}좀 더 어려운 기술을 가르쳐줘도 괜찮겠어.	QUEST_JOBSTEP_20150317_000675	Très fiable.{nl}Bien. Je t'enseignerai mes Skills désormais.	믿음직스럽군.{nl}좋아. 이제부터 내 기술을 전수해 주겠어.	커세어 마스터
QUEST_JOBSTEP_20150714_002793	Si tu veux devenir Doppelsoeldner, chasse Gaigalas à la Ferme des métayers.{nl}Si tu veux que ta détermination et ton habileté soient reconnues.	도펠죌트너가 되고 싶다면 테넌츠 농장의 가이갈라스를 사냥해 오도록 해.{nl}너의 각오와 실력 모두를 인정받고 싶다면 말이다.	QUEST_JOBSTEP_20150414_002563	Si tu veux apprendre quelque chose de moi, vaincs Gaigalas à la Ferme des métayers.{nl}Si tu veux que ta volonté et ton habileté soient reconnues.	나에게 무언가를 배우고 싶다면 테넌츠 농장의 가이갈라스를 사냥해 오도록 해.{nl}너의 각오와 실력 모두를 인정받고 싶다면 말이다.	도펠죌트너 마스터
QUEST_JOBSTEP_20150714_002794	C'est utilisable.{nl}Bien. Je t'accueille comme Doppelsoeldner.	쓸만하군.{nl}좋다. 도펠죌트너로써 환영한다.	QUEST_JOBSTEP_20150317_000678	Je reconnaîtrai tes Skills comme promis. {nl}Suis-moi. Je t'ouvrirai la voie du Doppelsoeldner.	약속한 대로 너의 실력을 인정하지. {nl}따라와라. 도펠죌트너의 길을 열어주겠다.	도펠죌트너 마스터
QUEST_JOBSTEP_20150714_002795	Tu trouveras cela excessif.{nl}Mais tu dois prendre conscience de tes faiblesses pour atteindre le niveau supérieur de{nl}Rodelero.{nl}	분명 버거움을 느낄 것이네.{nl}하지만 자신의 부족함을 알아야 더 높은 경지의 로델레로가 될 수 있는 것이지.{nl}				로델레로 마스터
QUEST_JOBSTEP_20150714_002796	Je sais que tu progresses bien en Paladin compétent.{nl}Mais je veux le vérifier de mes propres yeux.	자네가 훌륭한 팔라딘으로 성장하고 있다는 건 익히 들어서 알고 있네.{nl}하지만 나는 내 두 눈으로 직접 확인하고 싶어.	QUEST_JOBSTEP_20150317_000696	J'ai assez entendu parler de toi, de ta foi religieuse solide.{nl}Mais je veux le constater de mes propres yeux.	자네가 강직한 신앙심을 가지고 있다는 건 익히 들어서 알고 있네.{nl}하지만 나는 내 두 눈으로 직접 확인하고 싶어.	팔라딘 마스터
QUEST_JOBSTEP_20150714_002797	Vraiment très bien.{nl}Je te mènerai au plus haut niveau de Paladin.	참으로 훌륭하도다.{nl}내 자네를 가장 높은 경지의 팔라딘으로 이끌어 주겠네.	QUEST_JOBSTEP_20150317_000699	Tu t'en es bien sorti.{nl}Avec ceci, ta foi religieuse est prouvée, alors je t'accepterai pour apprendre mes leçons.	아주 훌륭하게 해내었군.{nl}이걸로 자네의 신앙심은 증명되었으니 나의 가르침을 받는 것을 허락하겠네.	팔라딘 마스터
QUEST_JOBSTEP_20150714_002798	Tu veux progresser ? Alors il y a quelque chose à faire pour moi en guise d'épreuve.{nl}Récupère l'argent des indulgences perdu à la Zone du pont de l'aqueduc, je te prie. Tu peux le{nl}faire, n'est-ce pas ?	승급을 원한다고. 그렇다면 시험 대신 자네가 해줄 것이 있어.{nl}수로교 지역에서 잃어버린 면죄부 대금을 되찾아 오게. 할 수 있겠지?	QUEST_JOBSTEP_20150323_002315	Il y a quelque chose à faire en guise d'épreuve d'admission pour devenir Pardonneur.{nl}Récupère l'argent des indulgences perdu dans la région proche de la Zone du pont de l'aqueduc.{nl}Tu peux le faire, n'est-ce pas ?	파드너 입문 시험 대신 자네가 해줄 것이 있어.{nl}수로교 지역에서 잃어버린 면죄부 대금을 되찾아 오게. 할 수 있겠지?	파드너 마스터
QUEST_JOBSTEP_20150714_002799	Au moment où je ne savais que faire, les déesses t'ont envoyé.{nl}Quoi qu'il en soit, félicitations pour ton avancement.	참으로 난감한 차에 여신께서 자넬 보내주신 거지. 암. {nl}어쨌든 승급을 축하하네.	QUEST_JOBSTEP_20150317_000705	Au moment où je ne savais plus quoi faire, la déesse t'a envoyé.{nl}Quoi qu'il en soit, je te félicite de devenir Pardonneur.	참으로 난감한 차에 여신께서 자넬 보내주신 거지. 암. {nl}어쨌든 파드너로 입문을 축하하네.	파드너 마스터
QUEST_JOBSTEP_20150714_002800	Durant le duel, j'ai découvert que ce sont les déesses qui t'ont mené sur la voie de l'Oracle.{nl}C'est à toi de faire les interprétations, mais je t'aiderai à les rendre justes.	이 대련으로 당신을 오라클로 인도한 것이 여신의 뜻임을 알았습니다.{nl}해석은 그대의 몫.. 하지만 최대한 올바른 해석을 할 수 있도록 제가 돕겠습니다.	QUEST_JOBSTEP_20150317_000708	J'ai suffisamment évalué ta compétence.{nl}En tant qu'Maître Oracle, je t'aiderai à bien interpréter l'oracle.	당신의 역량은 잘 확인했습니다.{nl}오라클 마스터로써 그대가 옳바르게 신탁을 해석할 수 있도록 도와드리겠습니다.	오라클 마스터
QUEST_JOBSTEP_20150714_002801	En réalité, il est assez difficile d'obtenir son premier faucon.{nl}Mais tu es désormais un Fauconnier toi aussi, alors je vais t'y aider.	참, 처음엔 매를 분양받기 힘들 거다.{nl}이제부터 같은 응사인데 이 정돈 내가 도와 줘야지.	QUEST_JOBSTEP_20150428_002589	Et il sera difficile d'obtenir un faucon au début.{nl}Je vais t'y aider, puisque nous sommes tous deux des Pardonneurs.	참, 처음엔 매를 분양받기 힘들 거야.{nl}이제부터 같은 응사인데 이 정돈 내가 도와 줘야지.	응사 마스터
QUEST_JOBSTEP_20150714_002802	Avis/Rassemble les offrandes et remets-les au Maître Clerc !#10	Notice/성금을 모아 클레릭 마스터에게 전달하세요!#10	QUEST_JOBSTEP_20150317_000841	Annonce/Rassemblez des dons et remettez-les au Maître Clerc !#7	Notice/성금을 모아 클레릭 마스터에게 전달!#7	
QUEST_JOBSTEP_20150714_002803	Avis/Soigne les patients du Village des mineurs de Siauliai !#5	Notice/샤울레이 광산 마을의 환자를 치료하세요!#5	QUEST_JOBSTEP_20150317_000906	Annonce/Soignons les patients du Village des mineurs de Siauliai !#5	Notice/샤울레이 광산 마을의 환자를 치료하자!#5	
QUEST_JOBSTEP_20150714_002804	En quoi puis-je t'aider ?	도와줄 일이 무엇인지 묻는다	QUEST_JOBSTEP_20150317_000911	Je vais récupérer l'essence du démon.	마족의 정수를 구해 오겠다고 한다	
QUEST_JOBSTEP_20150714_002805	Parle-m'en	말해보라고 한다				
QUEST_JOBSTEP_20150714_002806	Attirer	유인 중				
QUEST_JOBSTEP_20150714_002807	Avis/Le chat montre de l'intérêt !#5	Notice/고양이가 관심을 보입니다!#5	QUEST_JOBSTEP_20150317_000942	Annonce/Le chat manifeste de l'intérêt !	Notice/고양이가 관심을 보입니다!	
QUEST_JOBSTEP_20150714_002808	Extraction d'alcool de fleurs sauvages	야생화 꽃술 채집 중				
QUEST_JOBSTEP_20150714_002809	Avis/Coffre Vide	Notice/빈 상자입니다	QUEST_JOBSTEP_20150317_001110	Avis/Coffre Vide	Notice/빈 상자	
QUEST_JOBSTEP_20150714_002810	Oui	그렇다고 한다				
QUEST_JOBSTEP_20150714_002811	Récolter les graines des Carcashus à Vallon de Septyni	셉티니 골에서 카르카슈의 씨앗 수집	QUEST_JOBSTEP_20150323_002335	Récolter l'alcool de fleur des Doyor au Ravin de Veja	베야 골짜기에서 도요르의 꽃술 수집	
QUEST_JOBSTEP_20150714_002812	Le Maître Psychokinésiste t'a proposé de devenir son assistant si ce domaine t'intéresse. Obtiens les graines de Carcashus dont le Maître Psychokinésiste a besoin à Vallon de Septyni.	사이코키노 마스터는 이 분야에 관심이 있다면 잠시 자신의 조수가 되어 보는 것을 권했습니다. 사이코키노 마스터가 필요로 하는 셉티니 골에서 카르카슈의 씨앗을 구해 오세요.	QUEST_JOBSTEP_20150323_002336	Le Psychokinésiste t'a proposé de devenir son assistant si ce domaine t'intéresse. Obtiens l'alcool de fleur des Doyor au Ravin de Veja, qui intéresse le Maître Psychokinésiste.	사이코키노 마스터는 이 분야에 관심이 있다면 잠시 자신의 조수가 되어 보는 것을 권했습니다. 사이코키노 마스터가 필요로 하는 베야 골짜기에서 도요르의 꽃술을 구해 오세요.	
QUEST_JOBSTEP_20150714_002813	Assez de graines de Carcashus ont été obtenues à Vallon de Septyni. Retourne voir le Maître Psychokinésiste et remets-lui l'alcool de fleur.	셉티니 골에서 카르카슈의 씨앗을 충분히 구했습니다. 사이코키노 마스터에게 돌아가 꽃술을 전해 주세요.	QUEST_JOBSTEP_20150323_002337	Assez d'alcool de fleur de Doyor a été obtenu au Ravin de Veja. Retourne voir le Maître Psychokinésiste et remets-lui l'alcool.	베야 골짜기에서 도요르의 꽃술을 충분히 구했습니다. 사이코키노 마스터에게 돌아가 꽃술을 전해 주세요.	
QUEST_JOBSTEP_20150714_002814	Le Maître Chasseur t'a dit que si tu l'aides à retrouver les livres, il te reconnaîtra comme Chasseur. Comme il te l'a indiqué, cherche les livres au Avant-poste Vubbe.	헌터 마스터는 책을 찾는 일을 도와 준다면 헌터로 인정하겠다고 합니다. 헌터 마스터가 알려준 대로 부베 전초기지에서 헌터 마스터가 찾는 책이 있는지 수색해 보세요.	QUEST_JOBSTEP_20150317_001273	Le Maître Chasseur cherche un livre, et dit qu'il t'acceptera comme Chasseur si tu l'aides à le trouver. Fouille l'Avant-poste Vubbe et vérifie si tu peux y trouver le livre.	헌터 마스터는 책을 찾고 있으며 책을 찾는 일을 도와 준다면 헌터로 인정하겠다고 합니다. 헌터 마스터가 알려준 대로 부베 전초기지에서 헌터 마스터가 찾는 책이 있는지 수색해 보세요.	
QUEST_JOBSTEP_20150714_002815	Le Maître Tireur de carreaux t'a demandé de l'aider à chercher les livres. Comme il te l'a indiqué, cherche les livres au Avant-poste Vubbe.	쿼렐슈터 마스터는 책을 찾는 일을 도와 달라고 합니다. 쿼렐슈터 마스터가 알려준 대로 부베 전초기지에서 쿼렐슈터 마스터가 찾는 책이 있는지 수색해 보세요.	QUEST_JOBSTEP_20150317_001295	Le Maître Tireur de carreaux cherche un livre et dit qu'il t'acceptera comme Tireur de carreaux si tu l'aides à le trouver. Fouille l'Avant-poste Vubbe et vérifie si tu peux y trouver le livre.	쿼렐슈터 마스터는 책을 찾고 있으며 책을 찾는 일을 도와 준다면 쿼렐슈터로 인정하겠다고 합니다. 쿼렐슈터 마스터가 알려준 대로 부베 전초기지에서 쿼렐슈터 마스터가 찾는 책이 있는지 수색해 보세요.	
QUEST_JOBSTEP_20150714_002816	Le Maître Archer t'a demandé de l'aider à chercher les livres. Comme il te l'a indiqué, cherche les livres au Avant-poste Vubbe.	아처 마스터는 책을 찾는 일을 도와 달라고 합니다. 아처 마스터가 알려준 대로 부베 전초기지에서 아처 마스터가 찾는 책이 있는지 수색해 보세요.	QUEST_JOBSTEP_20150317_001312	Le Maître Archer cherche un livre et dit qu'il t'acceptera comme Archer si tu l'aides à le trouver. Fouille l'Avant-poste Vubbe et vérifie si tu peux y trouver le livre.	아처 마스터는 책을 찾고 있으며 책을 찾는 일을 도와 준다면 아처로 인정하겠다고 합니다. 아처 마스터가 알려준 대로 부베 전초기지에서 아처 마스터가 찾는 책이 있는지 수색해 보세요.	
QUEST_JOBSTEP_20150714_002817	Le Maître Rôdeur t'a demandé de l'aider à chercher les livres. Comme il te l'a indiqué, cherche les livres au Avant-poste Vubbe.	레인저 마스터는 책을 찾는 일을 도와 달라고 합니다. 레인저 마스터가 알려준 대로 부베 전초기지에서 레인저 마스터가 찾는 책이 있는지 수색해 보세요.	QUEST_JOBSTEP_20150317_001327	Le Maître Rôdeur cherche un livre et dit qu'il t'acceptera comme Rôdeur si tu l'aides à le trouver. Fouille l'Avant-poste Vubbe et vérifie si tu peux y trouver le livre.	레인저 마스터는 책을 찾고 있으며 책을 찾는 일을 도와 준다면 레인저로 인정하겠다고 합니다. 레인저 마스터가 알려준 대로 부베 전초기지에서 레인저 마스터가 찾는 책이 있는지 수색해 보세요.	
QUEST_JOBSTEP_20150714_002818	Obtenir les écorces d'arbre grossières des Mentiwood à Vallon de Septyni	셉티니 골의 멘티우드에게서 성긴 나무 껍질 획득	QUEST_JOBSTEP_20150406_002550	Obtenir les écorces d'arbre des Tipio au Ravin de Veja	베야 골짜기의 티피오에게서 성긴 나무 껍질 획득	
QUEST_JOBSTEP_20150714_002819	Obtiens les écorces d'arbre grossières des Mentiwood en compensation de l'aide reçue du Maître Peltaste de Klaipeda.	클라페다에 있는 펠타스타 마스터에게 협조를 구하는 댓가로 멘티우드의 성긴 나무 껍질을 5개 구해 전해 주세요.	QUEST_JOBSTEP_20150323_002350	En compensation du soutien du Maître Peltaste de Klaipeda, obtiens 5 écorces d'arbre de Tipio et remets-les-lui.	클라페다에 있는 펠타스타 마스터에게 협조를 구하는 댓가로 티피오의 성긴 나무 껍질을 5개 구해 전해 주세요.	
QUEST_JOBSTEP_20150714_002820	Récolter les griffes des Biterose à Vallon de Septyni	셉티니 골에서 비테로스의 발톱 수집	QUEST_JOBSTEP_20150323_002355	Récolter des griffes de Beetow au Ravin de Veja	베야 골짜기에서 비토우의 발톱 수집	
QUEST_JOBSTEP_20150714_002821	Le Maître Peltaste t'a confié une mission. Obtiens les griffes des Biterose à Vallon de Septyni.	펠타스타 마스터는 한 가지 임무를 맡겼습니다. 셉티니 골에서 비테로스의 발톱을 구해 오세요.	QUEST_JOBSTEP_20150323_002356	Le Maître Peltaste veut compenser l'aide du Maître Highlander. Récolte des griffes de Beetow au Ravin de Veja.	펠타스타 마스터는 하이랜더 마스터의 성의에 보답하고자 합니다. 베야 골짜기에서 비토우의 발톱을 구해 오세요.	
QUEST_JOBSTEP_20150714_002822	Toutes les régions de Vallon de Septyni	셉티니 골 전 지역	QUEST_JOBSTEP_20150428_002590	Toutes les régions du Ravin de Veja	베야 골짜기 전 지역	
QUEST_JOBSTEP_20150714_002823	Les griffes de Biterose ont été obtenues. Remets-les au Maître Highlander à Klaipeda.	비테로스의 발톱을 구했습니다. 클라페다의 하이랜더 마스터에게 전해 주세요.	QUEST_JOBSTEP_20150323_002358	Les griffes de Beetow ont été obtenues. Remets-les au Maître Highlander à Klaipeda.	비토우의 발톱을 구했습니다. 클라페다의 하이랜더 마스터에게 전해 주세요.	
QUEST_JOBSTEP_20150714_002824	Les griffes des Biterose	비테로스의 발톱				
QUEST_JOBSTEP_20150714_002825	Le Maître Cryomancien t'a dit qu'il cherche un livre précieux et veut que tu le lui rapportes. Rencontre le maire du Village des mineurs de Siauliai pour lui demander où se trouve le livre.	크리오맨서는 자신이 찾는 귀한 책이 있다면서 그 책을 찾아다 주길 원하고 있습니다. 샤울레이 광산 마을의 촌장을 찾아 책의 행방에 대해 대화해 보세요.				
QUEST_JOBSTEP_20150714_002826	Vaincre les Carcashus à Vallon de Septyni	셉티니 골의 카르카슈 처치	QUEST_JOBSTEP_20150323_002362	Vaincre les Beetow au Ravin de Veja	베야 골짜기의 비토우 처치	
QUEST_JOBSTEP_20150714_002827	Le Maître Épéiste veut être compris. En vainquant les Carcashus à Vallon de Septyni, saisis le sens de ses paroles.	소드맨 마스터는 깨달음을 얻길 원하고 있습니다. 셉티니 골의 카르카슈를 처치하면서 소드맨 마스터가 한 말의 의미를 깨닫고 오세요.	QUEST_JOBSTEP_20150406_002552	Le Maître Épéiste veut que tu tires une leçon. Vaincs les Beetow au Ravin de Veja et saisis le sens de ses paroles.	소드맨 마스터는 깨닳음을 얻길 원하고 있습니다. 베야 골짜기의 비토우를 처치하면서 소드맨 마스터가 한 말의 의미를 깨닫고 오세요.	
QUEST_JOBSTEP_20150714_002828	Obtiens les Cornes de Glizardon du sous-sol 1 de l'Église de Tenet, les Fourrure de Galok du 1er étage, {nl}et les fragments d'Egnome du 2e étage que veut le Maître Mage.	위저드 마스터가 원하는 재료인 테넷 성당 지하 1층의 글리자돈의 뿔, 지상 1층의 갈록의 털, 지상 2층의 이노움의 파편을 모아다 주세요.	QUEST_JOBSTEP_20150323_002365	Obtiens des Os de Glizardon au sous-sol 1 de l'Église de Tenet, des Poils de Galok au 1er étage, et des fragments d'Egnome au 2e étage, je te prie	위저드 마스터가 원하는 재료인 테넷 성당 지하 1층의 글리자돈의 뼈, 지상 1층의 갈록의 털, 지상 2층의 이노움의 파편을 모아다 주세요.	
QUEST_JOBSTEP_20150714_002829	Le Maître Clerc t'a demandé d'aider à soigner les patients. Obtiens de l'eau bénite auprès du Maître Prêtre et du Maître Krivis et soigne les patients du Village des mineurs.	클레릭 마스터는 환자를 치료하는 것을 도와달라고 합니다. 프리스트 마스터와 크리비 마스터에게 성수를 받아 광산 마을에 있는 환자를 치료해 주세요.				
QUEST_JOBSTEP_20150714_002830	Le Maître Psychokinésiste t'a dit qu'il t'aiderait à révéler tes vraies capacités, mais qu'il veut des essences démoniaques en compensation. Vaincs les Minotaures et les Chapparition et obtiens des essences démoniaques.	사이코키노는 진짜 재능이 발현되는 것을 도와줄 테니 그 댓가로 마족의 정수를 원하고 있습니다. 관문로에 있는 미노타우로스와 채퍼리션을 처치하여 마족의 정수를 얻으세요.	QUEST_JOBSTEP_20150323_002367	Le Psychokinésiste t'a dit qu'il t'aiderait à libérer un pouvoir surnaturel, mais qu'il veut des essences de démons en récompense. Vaincs les Minotaures et les Chapparition au Voie de la porte et obtiens les Essence de démon.	사이코키노는 초능력이 발현되는 것을 도와줄 테니 그 댓가로 마족의 정수를 원하고 있습니다. 관문로에 있는 미노타우로스와 채퍼리션을 처치하여 마족의 정수를 얻으세요.	
QUEST_JOBSTEP_20150714_002831	Le Maître Sapeur t'a demandé d'aider son expérience. D'abord, récolte le Jus inflammable sur les Tontulia à Carrefour de Zachariel.	새퍼 마스터는 자신의 실험을 도와 달다고 합니다. 먼저 자카리엘 교차로에서 톤투리아의 잘 타는 즙을 수집해 오세요.	QUEST_JOBSTEP_20150323_002379	Le Maître Sapeur t'a dit qu'il t'aiderait à devenir Sapeur si tu l'assistais dans son expérience. Commence par récolter du jus inflammable sur les Tonturia à Carrefour de Zachariel.	새퍼 마스터는 자신의 실험을 도와 준다면 새퍼가 되는 것을 도와 주겠다고 합니다. 먼저 자카리엘 교차로에서 톤투리아의 잘 타는 즙을 수집해 오세요.	
QUEST_JOBSTEP_20150714_002832	Le Maître Pyromancien t'a demandé quelque chose en échange de l'enseignement de la magie avancée. Dépose le Pot du Soleil à la Crête de Ramstis.	파이로맨서 마스터는 고위 마법을 가르쳐주는 대가로 의뢰를 부탁했습니다. 람스티스 협곡에 태양의 항아리를 놓으세요.				
QUEST_JOBSTEP_20150714_002833	Récolte les Écorces dures de Varv et les Cornes robustes de Zinutekas, les ingrédients que veut le Maître Cryomancien, au 1er étage du Mausolée royal.	왕릉 1층에서 크리오맨서가 원하는 재료인 바브의 딱딱한 껍질과 지누테카스의 단단한 뿔을 모아 주세요.	QUEST_JOBSTEP_20150323_002389	Obtiens des Chamans Hogma au Plateau du roi et des crocs de gardes, les ingrédients que veut le Cryomancien, je te prie.	크리오맨서가 원하는 재료인 왕의 고원의 호그마 주술사와 파수꾼의 송곳니를 모아 주세요.	
QUEST_JOBSTEP_20150714_002834	Le Maître Sadhu veut savoir si tu es prêt à recevoir l'entraînement. Affronte le Maître Sadhu en duel et gagne.	사두 마스터는 수련을 받아들일 준비가 되었는지 알고싶어 합니다. 사두 마스터와 대련하여 승리를 거두세요.	QUEST_JOBSTEP_20150323_002395	Remporter un duel contre le Maître Sadhu.	사두 마스터와 대련하여 승리를 거두세요.	
QUEST_JOBSTEP_20150714_002835	Parler au Maître Wugushi au Portail du Grand Roi	대왕의 관문에 있는 무고사 마스터와 대화해 보세요.	QUEST_JOBSTEP_20150323_002396	Parler au Maître Wugushi à la Vallée de Tiltas.	틸타스 협곡에 있는 무고사 마스터와 대화해 보세요.	
QUEST_JOBSTEP_20150714_002836	Le Maître Wugushi dit que, même lâche, le dernier debout est le vrai vainqueur du combat. Affronte le Maître Wugushi en duel.	무고사 마스터는 싸움에 있어 비겁하더라도 살아남는 쪽이 진정한 승리자라고 합니다. 무고사 마스터와 대련하세요.	QUEST_JOBSTEP_20150323_002397	Le Maître Wugushi t'a dit que celui qui survit à la fin est le vrai vainqueur, même s'il use de ruses. Affronte le Maître Wugushi en duel à la Vallée de Tiltas.	무고사 마스터는 싸움에 있어 비겁하더라도 살아남는 쪽이 진정한 승리자라고 합니다. 틸타스 협곡에서 무고사 마스터와 대련하세요.	
QUEST_JOBSTEP_20150714_002837	Améliorer un objet de type bouclier de quatre niveaux.	방패 계열 장비를 4단계로 강화				
QUEST_JOBSTEP_20150714_002838	Le Maître Rodelero t'a demandé d'apporter un bouclier amélioré au niveau 4. Améliore un objet de type bouclier et apporte-le au Maître Rodelero pour gagner sa reconnaissance.	로렐렉로 마스터는 4단계 정도 강화된 방패를 가져오라고 합니다. 방패 계열 장비를 강화해 로델레로 마스터의 인정을 받으세요.	QUEST_JOBSTEP_20150317_001591	Le Maître Rodelero te demande de lui présenter un bouclier de niveau 6 ou plus. Améliore ton bouclier pour obtenir la reconnaissance du Maître Rodelero	로렐렉로 마스터는 6단계 정도 강화된 방패를 가져오라고 합니다. 방패 계열 장비를 강화해 로델레로 마스터의 인정을 받으세요.	
QUEST_JOBSTEP_20150714_002839	L'objet de type bouclier a été amélioré de 4 niveaux avec succès. Fais ton rapport au Maître Rodelero.	방패 계열의 장비를 4단계로 강화하는데 성공하였습니다. 로델레로 마스터에게 보고하세요.				
QUEST_JOBSTEP_20150714_002840	Parler au Maître Thaumaturge au Passage vers le Grand Roi.	대왕의 관문에 있는 쏘마터지 마스터와 대화하세요.				
QUEST_JOBSTEP_20150714_002841	Obtiens des Résine de Varb, des Fragment de queue de Zinutekas et des Noyaux d'activation de Boowook au 1er étage du Mausolée royal.	왕릉 1층에서 바브의 진액, 지누테카스의 꼬리 파편과 부우크의 구동핵을 구해 오세요.	QUEST_JOBSTEP_20150323_002404	Obtiens le sang des Chamans Hogma et des Éclaireurs Hogma au Plateau du roi, et le sang du Capitaine Hogma à Carrefour de Zachariel.	왕의 고원에서 호그마 주술사와 호그마 파수꾼의 피, 자카리엘 교차로에서 호그마 전투대장의 피를 구해 오세요.	
QUEST_JOBSTEP_20150714_002842	Parler au Maître Éclaireur au Passage vers le Grand Roi.	대왕의 관문에 있는 스카우트 마스터와 대화해 보세요.	QUEST_JOBSTEP_20150323_002407	Parler au Maître Éclaireur à la Vallée du pont interminable.	긴다리 계곡에 있는 스카우트 마스터와 대화해 보세요.	
QUEST_JOBSTEP_20150714_002843	Parler au Maître Cataphractaire au Passage vers le Grand Roi.	대왕의 관문에 있는 캐터프랙트 마스터와 대화하세요.				
QUEST_JOBSTEP_20150714_002844	Obtiens les bourses imprégnées d'énergie maléfique auprès des Vubbe du Village des mineurs.	샤울레이 광산 마을 부베들에게 마기가 깃든 주머니 획득	QUEST_JOBSTEP_20150317_001628	Récupérer la bourse à l'aura maléfique auprès des Vubbe au 1er étage de la Mine de cristal	수정광산 1층 부베들에게 마기가 깃든 주머니 획득	
QUEST_JOBSTEP_20150714_002845	Le Maître Prêtre t'a demandé de vaincre les Vubbe des environs du Village des mineurs pour prouver ta sincérité. 	프리스트 마스터는 신실함의 증명으로 샤울레이 광산 마을 근처의 부베들을 처치하고 	QUEST_JOBSTEP_20150317_001629	Le Maître Prêtre te demande de vaincre les Vubbe qui occupent le 1er étage de la Mine de cristal comme preuve de ta foi	프리스트 마스터는 신실함의 증명으로 수정광산 1층을 점령한 부베들을 처치하고 	
QUEST_JOBSTEP_20150714_002846	Récolter des Onguents verts sur les Vubbe au Village des mineurs de Siauliai	샤울레이 광산 마을의 부베에게서 녹색 고약 수집	QUEST_JOBSTEP_20150317_001659	Récupérer les onguents verts auprès des Vubbe au 1er étage de la Mine de cristal	수정광산 1층의 부베에게서 녹색 고약 수집	
QUEST_JOBSTEP_20150714_002847	Le Maître Clerc t'a dit que le dévouement permet d'atteindre un niveau supérieur. Vaincs les Vubbe au Village des mineurs de Siauliai et récolte des Onguents verts.	클레릭 마스터는 봉사로써 더욱 높은 경지를 바라볼 수 있다고 합니다. 샤울레이 광산 마을의 부베들을 처치하고 녹색 고약을 모아 오세요.	QUEST_JOBSTEP_20150317_001660	Le Maître Clerc dit que le service permet de viser plus haut. Vaincs les Vubbe au 1er étage de la Mine de cristal et rassemble de l'onguent vert.	클레릭 마스터는 봉사로써 더욱 높은 경지를 바라볼 수 있다고 합니다. 수정광산 1층의 부베들을 처치하고 녹색 고약을 모아 오세요.	
QUEST_JOBSTEP_20150714_002848	Récupère les objets volés au Maître Corsaire dans la Forêt de la prière. Retrouve le Permis de quai, la Carte du navigateur et le Contrat en vainquant les Combattants de prison.	기원의 숲에서 커세어 마스터의 도둑맞은 물건들을 찾아와주세요. 뇌옥투사에게 입항허가서, 항해도와 계약서를 찾을 수 있습니다.	QUEST_JOBSTEP_20150323_002416	Récupère les objets volés au Maître Corsaire dans la Forêt de Poslinkis. Le Permis de quai s'obtient en vainquant les Vubbe supérieur, la Carte du navigateur en vainquant les Vubbe supérieur Archer, et le Contrat en vainquant les Pokuborn vert.	포슬린키스 숲에서 커세어 마스터의 도둑맞은 물건들을 찾아와주세요. 하이 부베에게 입항허가서, 하이 부베 궁수에게 항해도, 초록 포쿠본에게 계약서를 찾을 수 있습니다.	
QUEST_JOBSTEP_20150714_002849	Se Rendre Auprès du Maître Empenneur au Ancien Jardin de la Déesse	여신의 옛뜰에 있는 플레쳐 마스터를 찾아 가세요.	QUEST_JOBSTEP_20150323_002422	Trouver le Maître Empenneur au Village d'Escanciu	에산치우 마을에 있는 플레쳐 마스터를 찾아 가세요.	
QUEST_JOBSTEP_20150714_002850	Chasser 3 espèces de monstres dans diverses régions	다양한 지역의 몬스터 3종 사냥	QUEST_JOBSTEP_20150323_002424	Chasser 3 espèces de monstres à l'aide d'appâts	미끼를 사용하여 몬스터 3종 사냥	
QUEST_JOBSTEP_20150714_002851	Le Maître Chasseur t'a confié une mission de chasse aux monstres dispersés dans diverses régions.{nl}Chasse les Ducky à la Forêt de l'étendard du couchant, les Drake noir au 5e étage de la Tour du mage, et les Kowak à la Forêt de la prière.	헌터 마스터는 여러 지역에 흩어져있는 몬스터 사냥에 대한 과제를 내 주었습니다.{nl}해진깃발숲에서 더키, 마법사의 탑 5층에서 검은 드레이크, 기원의 숲에서 코왁을 사냥하세요.	QUEST_JOBSTEP_20150323_002425	Le Maître Chasseur t'a confié des missions de chasse aux monstres dispersés dans diverses régions.{nl}Utilise des appâts pour chasser les Bushspider à l'entrée de la Forêt de Kateen, les Ellomago au Terrain funéraire des hiboux, et les Pokuborn verts à la Forêt de Poslinkis.	헌터 마스터는 여러 지역에 흩어져있는 몬스터 사냥에 대한 과제를 내 주었습니다.{nl}미끼를 사용하여 카틴 숲 입구에서 크루마보, 매너클 묘지에서 엘로마고, 포슬린키스 숲에서 초록 포쿠본을 사냥하세요.	
QUEST_JOBSTEP_20150714_002852	%s de la Forêt de l'étendard du couchant	해진깃발숲의 %s	QUEST_JOBSTEP_20150323_002426	Bushspider à l'entrée de la Forêt de Kateen	카틴 숲 입구의 크루마보	
QUEST_JOBSTEP_20150714_002853	%s du 5e étage de la Tour du mage	마법사의 탑 5층의 %s	QUEST_JOBSTEP_20150323_002427	Ellomago au Terrain Funéraire des Hiboux	매너클 묘지의 엘로마고	
QUEST_JOBSTEP_20150714_002854	%s de la Forêt de la prière	기원의 숲의 %s	QUEST_JOBSTEP_20150323_002428	Pokuborn Verts à la Forêt de Poslinkis	포슬린키스 숲의 초록 포쿠본	
QUEST_JOBSTEP_20150714_002855	Se Rendre Auprès du Maître Wugushi au Passage vers le Grand Roi	대왕의 관문에 있는 무고사 마스터를 찾아 가세요.	QUEST_JOBSTEP_20150323_002429	Aller trouver le Maître Wugushi à la Vallée de Tiltas.	틸타스 협곡에 있는 무고사 마스터를 찾아 가세요.	
QUEST_JOBSTEP_20150714_002856	Se Rendre Auprès du Maître Éclaireur au Passage vers le Grand Roi	대왕의 관문에 있는 스카우트 마스터를 찾아 가 보세요.	QUEST_JOBSTEP_20150323_002433	Rencontrer le Maître Éclaireur à la Vallée du pont interminable.	긴다리 계곡에 있는 스카우트 마스터를 찾아 가 보세요.	
QUEST_JOBSTEP_20150714_002857	Utilise des fusées éclairantes pour trouver les monstres cachés à Carrefour d'Apsimesti et vaincs-les.	압시메스티 교차로에 숨어있는 몬스터들을 섬광탄을 사용하여 찾아낸 뒤 처치하세요.	QUEST_JOBSTEP_20150323_002435	Trouve les monstres cachés aux Plaines de Saknis à l'aide de bombes éclairantes et vaincs-les.	사크니스 벌판에 숨어있는 몬스터들을 섬광탄을 사용하여 찾아낸 뒤 처치하세요.	
QUEST_JOBSTEP_20150714_002858	Le Maître Hoplite veut que tu trouves et vainques Shadowgaler, que le Maître Hackapell a promis de vaincre. Comme elle le souhaite, reviens après avoir vaincu Shadowgaler à la Tombe des menottes.	하플라이트 마스터는 하카펠 마스터가 처치하기로 약속한 섀도게일러를 한 발 먼저 처치하여 골탕을 먹일 것을 바라고 있습니다. 그녀의 바램대로 매너클 묘지의 섀도게일러를 처치하고 와 주세요.	QUEST_JOBSTEP_20150323_002439	Le Maître Hoplite t'a dit qu'avant de recevoir une leçon, tu dois vaincre Shadowgaler avant que le Maître Hackapell ne le fasse. Comme elle l'a demandé, vaincs Shadowgaler au Terrain funéraire des hiboux et reviens.	하플라이트 마스터는 가르침을 받기에 앞서 하카펠 마스터가 처치하기로 약속한 섀도게일러를 한 발 먼저 처치하여 골탕을 먹일 것을 바라고 있습니다. 그녀의 바램대로 매너클 묘지의 섀도게일러를 처치하고 와 주세요.	
QUEST_JOBSTEP_20150714_002859	Le Maître Écuyer t'a demandé de t'exercer autant que possible à la corde d'arrestation afin de la maîtriser sans peine. Entraîne-toi à utiliser la corde sur trois monstres à la fois à la Forêt de Poslinkis. 	스콰이어 마스터는 포박 포승줄을 손에 익을때까지 연습하라고 합니다. 포슬린키스 숲에 있는 몬스터를 상대로 동시에 3마리에게 포박 포승줄을 사용할 수 있도록 연습해 보세요.	QUEST_JOBSTEP_20150323_002442	Le Maître Écuyer t'a dit de t'exercer sans relâche jusqu'à ce que la technique devienne tienne. Entraîne-toi sur les monstres de la Forêt de Poslinkis.	스콰이어 마스터는 포박 포승줄을 손에 익을때까지 연습하라고 합니다. 포슬린키스 숲에 있는 몬스터를 상대로 포박 포승줄을 연습해 보세요.	
QUEST_JOBSTEP_20150714_002860	Se Rendre Auprès du Maître Centurion à la Forêt de la Prière	기원의 숲에 있는 센츄리온 마스터를 찾아 가세요.	QUEST_JOBSTEP_20150317_001802	Rencontrer le Maître Centurion à Voie du Démon Affamé	큰아귀 길에 있는 센츄리온 마스터를 찾아 가세요.	
QUEST_JOBSTEP_20150714_002861	Le Maître Wugushi t'attend au Portail du Grand Roi.	대왕의 관문의 무고사 마스터가 당신을 찾고 있습니다	QUEST_JOBSTEP_20150323_002449	Le Maître Wugushi de la Vallée de Tiltas te cherche	틸타스 협곡의 무고사 마스터가 당신을 찾고 있습니다	
QUEST_JOBSTEP_20150714_002862	Le Maître Éclaireur t'attend au Portail du Grand Roi.	대왕의 관문의 스카우트 마스터가 당신을 찾고 있습니다				
QUEST_JOBSTEP_20150714_002863	Le Maître Éclaireur veut vérifier tes capacités. Vaincs Deadborn dans le district 1 de la Prison des démons et retourne voir le Maître Éclaireur.	스카우트 마스터는 기량을 확인하고 싶어 합니다. 마족수감소 1구역에서 데드본을 처치하고 스카우트 마스터에게 돌아가세요.	QUEST_JOBSTEP_20150323_002454	Le Maître Éclaireur t'a dit qu'il faut être habile pour recevoir la leçon. Vaincs Deadborn dans la 1re zone de la Prison des démons et retourne voir le Maître Éclaireur.	스카우트 마스터는 가르침을 받으려면 어느 정도 실력은 되어야 한다고 합니다. 마족수감소 1구역에서 데드본을 처치하고 스카우트 마스터에게 돌아가세요.	
QUEST_JOBSTEP_20150714_002864	Le Maître Empenneur t'attend au Ancien jardin de la Déesse.	여신의 옛뜰의 플레쳐 마스터가 당신을 찾고 있습니다	QUEST_JOBSTEP_20150323_002455	Le Maître Empenneur de Village d'Escanciu te cherche	에산치우 마을의 플레쳐 마스터가 당신을 찾고 있습니다	
QUEST_JOBSTEP_20150714_002865	Le Maître Empenneur t'a dit qu'il t'enseignerait de meilleures techniques si tu lui rapportais des Pierres de feu très inflammable, mais tu ne peux pas vraiment lui faire confiance. Vaincs les Yonazolem à la Zone du pont de l'aqueduc et récolte des Pierres de feu très inflammable.	플레쳐 마스터는 잘 타는 석재를 구해다 준다면 더 좋은 기술을 가르쳐 주겠지만 왠지 빈말을 하고 있는 듯한 느낌입니다. 수로교 지역에서 요나졸렘을 처치하고 잘 타는 석재를 수집하세요.	QUEST_JOBSTEP_20150323_002457	Le Maître Empenneur t'a dit qu'il t'accepterait comme disciple si tu lui rapportais des charbons de bois inflammables, mais il semble ne pas dire la vérité. Vaincs les Jonna Jolem à la Zone du pont de l'aqueduc et récolte des charbons de bois inflammables.	플레쳐 마스터는 잘 타는 석재를 구해다 준다면 제자로 받아들여 주겠지만 왠지 빈말을 하고 있는 듯한 느낌입니다. 수로교 지역에서 요나졸렘을 처치하고 잘 타는 석재를 수집하세요.	
QUEST_JOBSTEP_20150714_002866	Le Schwarzer Reiter t'attend à la Forêt de la prière.	기원의 숲에 있는 슈바르츠라이터 마스터가 당신을 찾고 있습니다	QUEST_JOBSTEP_20150323_002459	Le Maître Schwarzer Reiter d'Awaiting Stone Bridge te cherche	돌다리 망터에 있는 슈바르츠라이터 마스터가 당신을 찾고 있습니다	
QUEST_JOBSTEP_20150714_002867	Se Rendre Auprès du Maître Moine au Ancien Jardin de la Déesse	여신의 옛뜰에 있는 몽크 마스터를 찾아가세요.				
QUEST_JOBSTEP_20150714_002868	Récolter un Croc acéré sur les Netherbovine à la Forêt de Poslinkis	포슬린키스 숲의 네더보바인에게서 날카로운 송곳니 수집	QUEST_JOBSTEP_20150406_002554	Obtenir le croc acéré en vainquant les Netherbovine à la Forêt de Poslinkis	포슬린키스 숲에서 네더보바인을 처치하고 날카로운 송곳니 획득	
QUEST_JOBSTEP_20150714_002869	Le Maître Moine t'a demandé d'apporter la preuve de ta détermination. Vaincs les Netherbovine à la Forêt de Poslinkis et rapporte un Croc acéré comme preuve.	몽크 마스터는 각오의 증거를 가져오라고 하였습니다. 포슬린키스 숲에서 네더보바인을 처치하고 그 증거인 날카로운 송곳니를 획득하세요.	QUEST_JOBSTEP_20150323_002477	Le Maître Moine t'a demandé d'apporter la preuve de ta volonté de devenir Moine. Vaincs les Netherbovine à la Forêt de Poslinkis et obtiens le croc.	몽크 마스터는 몽크가 되기 위한 다짐의 증거를 가져오라고 하였습니다. 포슬린키스 숲에서 네더보바인을 처치하고 그 증거인 날카로운 송곳니를 획득하세요.	
QUEST_JOBSTEP_20150714_002870	Se Rendre Auprès du Maître Pardonneur à la Crête d'Akmens	아크멘스 능선에 있는 파드너 마스터를 찾아가세요.				
QUEST_JOBSTEP_20150714_002871	Le Maître Pardonneur t'exemptera de la mission d'avancement, mais t'a demandé de récupérer les offrandes d'indulgence perdues. Retrouve l'Offrande d'indulgence perdue à la Zone du pont de l'aqueduc.	파드너 마스터는 잃어버린 면죄부의 대금을 되찾는 것으로 승급 과제를 대신하려 합니다. 수로교 지역에서 잃어버린 대금을 찾아 오세요.	QUEST_JOBSTEP_20150323_002480	Le Maître Pardonneur veut que tu récupères l'argent des indulgences perdu pour cette mission. Récupère l'argent perdu dans la région proche de la Zone du pont de l'aqueduc.	파드너 마스터는 잃어버린 면죄부의 대금을 되찾는 것으로 입문 과제를 대신하려 합니다. 수로교 지역에서 잃어버린 대금을 찾아 오세요.	
QUEST_JOBSTEP_20150714_002872	Vaincre les Ambulo de l'Arbre Rouge à Carrefour d'Apsimesti	압시메스티 교차로의 붉은 트리암불로 처치				
QUEST_JOBSTEP_20150714_002873	Le Maître Sadhu t'a demandé de vaincre les monstres qui menacent les villageois. Vaincs les Ambulo de l'arbre rouge à Carrefour d'Apsimesti.	사두 마스터는 주민들을 위협하는 몬스터들을 퇴치해 달라고 합니다. 압시메스티 교차로의 붉은 트리암불로를 처치하세요.				
QUEST_JOBSTEP_20150714_002874	Parler au Maître Moine au Ancien jardin de la Déesse.	여신의 옛뜰에 있는 몽크 마스터와 대화하세요.	QUEST_JOBSTEP_20150323_002491	Parler au Maître Moine au Village d'Escanciu	에산치우 마을에 있는 몽크 마스터와 대화하세요.	
QUEST_JOBSTEP_20150714_002875	Le Marchand d'objets veut de la Huile durcie en échange d'informations. Rassemble de la Huile durcie sur les Puragi des Plaines de Saknis et remets-la au Marchand d'objets.	장비상인은 정보의 댓가로 굳은 기름을 원하고 있습니다. 사크니스 벌판의 푸른 푸라기에게서 굳은 기름을 모아 장비상인에게 가져다 주세요.	QUEST_JOBSTEP_20150323_002494	Le Marchand d'équipement veut de l'huile durcie en échange de ses informations. Obtiens l'huile durcie sur les Puragi des Plaines de Saknis et apporte-la au Marchand d'équipement.	장비상인은 정보의 댓가로 굳은 기름을 원하고 있습니다. 사크니스 벌판의 푸라기에게서 굳은 기름을 모아 장비상인에게 가져다 주세요.	
QUEST_JOBSTEP_20150714_002876	Se Rendre Auprès du Maître Sorcier à la Forêt de la Prière	기원의 숲의 소서러 마스터를 찾아 가세요.	QUEST_JOBSTEP_20150401_002537	Rencontrer le Maître Sorcier aux Faubourgs de Fedimian.	페디미안 외곽의 소서러 마스터를 찾아 가세요.	
QUEST_JOBSTEP_20150714_002877	Le Maître Rodelero t'a dit que tu es désormais un vrai Rodelero, mais aussi que tu peux encore progresser. Vaincs Colimencia au Manoir Greene et découvre ce qui te manque.	로델레로 마스터는 어엿한 로델레로지만 더 나아갈 수 있는 가능성에 대해 말하고 있습니다. 그린가의 장원에서 콜리멘시아를 처치하고 부족한 것이 무엇인지 알아보세요.				
QUEST_JOBSTEP_20150714_002878	Se Rendre Auprès du Maître Cataphractaire au Portail du Grand Roi	대왕의 관문의 캐터프랙트 마스터를 찾아 가세요.	QUEST_JOBSTEP_20150323_002516	Rencontrer le Maître Cataphractaire à la Vallée du pont interminable.	긴다리 계곡의 캐터프랙트 마스터를 찾아 가세요.	
QUEST_JOBSTEP_20150714_002879	Se Rendre Auprès du Maître Thaumaturge au Portail du Grand Roi	대왕의 관문에 있는 쏘마터지 마스터를 만나세요.	QUEST_JOBSTEP_20150323_002526	Rencontrer le Maître Thaumaturge à la Vallée du pont interminable.	긴다리 계곡에 있는 쏘마터지 마스터를 만나세요.	
QUEST_JOBSTEP_20150714_002880	Le Maître Thaumaturge veut savoir si tu peux franchir le niveau suivant. Vaincs les Netherbovine qui sèment le chaos à la Forêt de Poslinkis.	쏘마터지 마스터는 다음 단계를 넘어설 수 있을지 알아보고 싶어합니다. 포슬린키스 숲에서 난동을 부리는 네더보바인을 처치하세요.	QUEST_JOBSTEP_20150323_002528	Le Maître Thaumaturge t'a dit que tous les maîtres collaborent pour vaincre les monstres ; si tu veux devenir Thaumaturge, tu dois y participer. Vaincs les Netherbovine à la Forêt de Poslinkis.	쏘마터지 마스터는 난동을 부리는 몬스터를 처치하는데 마스터들이 합심하고 있다면서 쏘마터지 지망생이라면 응당 참여해야 할 것이라고 합니다. 포슬린키스 숲에서 난동을 부리는 네더보바인을 처치하세요.	
QUEST_JOBSTEP_20150714_002881	Les maîtres de Crête d'Akmens traquent le monstre qui sème le chaos avant de disparaître. Vaincs les Netherbovine apparus à la Forêt de Poslinkis.	아크멘스 능선의 마스터들은 난동을 부리고 사라지는 몬스터를 쫓고 있다고 합니다.  포슬린키스 숲에 나타난 네더보바인을 처치하세요.	QUEST_JOBSTEP_20150323_002532	Les maîtres de Crête d'Akmens traquent les monstres en fuite. En tant que candidat Élémentaliste, vaincs les Netherbovine apparus à la Forêt de Poslinkis.	아크멘스 능선의 마스터들은 난동을 부리고 사라지는 몬스터를 쫓고 있다고 합니다. 엘리멘탈리스트의 지망생으로써 포슬린키스 숲에 나타난 네더보바인을 처치하세요.	
QUEST_JOBSTEP_20150714_002882	Rencontrer le Maître Sorcier à la Forêt de la Prière	기원의 숲에 있는 소서러 마스터를 만나세요	QUEST_JOBSTEP_20150323_002534	Rencontrer le Maître Sorcier aux Faubourgs de Fedimian	페디미안 외곽에 있는 소서러 마스터를 만나세요	
QUEST_JOBSTEP_20150714_002883	Le Maître Sorcier t'a dit qu'on ne peut rester inactif alors que les monstres deviennent fous ces derniers temps. Rends-toi au Ancien jardin de la Déesse et vaincs Necroventer.	소서러 마스터는 마족들이 창궐하는 지금 태평하게 있어도 되냐면서 자신의 뜻을 따라 줄 것을 원하고 있습니다. 여신의 옛뜰로 가서 네크로벤터를 처치하세요.	QUEST_JOBSTEP_20150317_002179	Le Maître Sorcier dit qu'on ne peut rester tranquille quand les démons rôdent. Rends-toi au Ancien jardin de la Déesse et vaincs le Necroventer.	소서러 마스터는 마족들이 창궐하는 지금 태평하게 있어도 되냐면서 소서러를 지망한다면 자신의 뜻을 따라 줄 것을 원하고 있습니다. 여신의 옛뜰로 가서 네크로벤터를 처치하세요.	
QUEST_JOBSTEP_20150717_002884	Je fais affaire depuis longtemps avec le Marchand d'objets de Klaipeda, alors je peux peut-être{nl}t'aider.	클라페다의 잡화 상인과는 오랫동안 거래했으니 자넬 도와줄 수 있을지도 모르겠소.	QUEST_JOBSTEP_20150317_000244	J'ai longtemps commercé avec un Marchand d'objets de Klaipeda, alors ils pourraient t'aider. 	클라페다의 도구상인과 오랫동안 거래했으니 자넬 도와줄 수 있을지도 모르겠소.	조각가 테슬라
QUEST_JOBSTEP_20150717_002885	Le Sceau de la Famille Legwyn [Avancement Écuyer]	르귄 가문의 인장[스콰이어 전직]				
QUEST_JOBSTEP_20150717_002886	L'Honneur de la Vieille Mer [Avancement Corsaire]	옛 바다의 명예[커세어 전직]				
QUEST_JOBSTEP_20150717_002887	La Machine du Corps d'Armée Royal [Avancement Centurion]	왕국 군단의 군단기[센츄리온 전직]				
QUEST_JOBSTEP_20150717_002888	La délégation disparue [Avancement Doppelsoeldner]	실종된 사절단의 행방[도펠죌트너 전직]				
QUEST_JOBSTEP_20150717_002889	La Dame Invincible [Avancement Sorcier]	불노불사의 여인[소서러 전직]				
QUEST_JOBSTEP_20150717_002890	L'Histoire de l'Alchimiste [Avancement Chronomancien]	연금술사의 사정[크로노맨서 전직]				
QUEST_JOBSTEP_20150717_002891	Ce que la Mort Laisse Derrière Elle [Avancement Nécromancien]	죽음 뒤 남겨진 것들[네크로맨서 전직]				
QUEST_JOBSTEP_20150717_002892	Le Passé de la Mine de Cristal (1) [Avancement Alchimiste]	수정광산의 과거(1)[알케미스트 전직]				
QUEST_JOBSTEP_20150717_002893	Le Passé de la Mine de Cristal (2) [Avancement Alchimiste]	수정광산의 과거(2)[알케미스트 전직]				
QUEST_JOBSTEP_20150717_002894	Personne ne Sait [Avancement Roublard]	쥐도 새도 모르게[로그 전직]				
QUEST_JOBSTEP_20150717_002895	Lydia Schaffen et la famille Black [Avancement Empenneur]	리디아 샤펜과 블랙가문[플레쳐 전직]				
QUEST_JOBSTEP_20150717_002896	Maîtriser les Monstres [Avancement Fauconnier]	몬스터 길들이기[응사 전직]				
QUEST_JOBSTEP_20150717_002897	Adresse au Tir Parfaite [Avancement Schwarzer Reiter]	오십발오십중[슈바르츠 라이터 전직]				
QUEST_JOBSTEP_20150717_002898	La Responsabilité du Tableau d'Olpas [Avancement Moine]	올파스 그림의 책임[몽크 전직]				
QUEST_JOBSTEP_20150717_002899	Les Archives Réservées du Clerc [Avancement Pardonneur]	성직자의 예비장부[파드너 전직]				
QUEST_JOBSTEP_20150717_002900	Le désastre est un excellent échantillon [Avancement Druide]	재앙의 결과도 훌륭한 샘플[드루이드 전직]				
QUEST_JOBSTEP_20150717_002901	Erreur de Réception [Avancement Oracle]	수신장애[오라클 전직]				
QUEST_JOBSTEP_20150717_002902	Remettre les biens volés au Marchand d'objets de Klaipeda	클라페다 잡화 상인에게 훔친 물품 전달				
QUEST_JOBSTEP_20150717_002903	Le Maître Sapeur veut rendre les biens volés à leur propriétaire et se repentir du passé. Rends les objets volés au Marchand d'objets de Klaipeda.	새퍼 마스터는 과거의 일을 참회하고 싶다며 이전에 훔친 물품들을 주인들에게 돌려주고 싶어 합니다. 훔친 물건을 찾았으니 클라페다의 잡화 상인에게 훔친 물건을 돌려 주세요.	QUEST_JOBSTEP_20150317_001261	Le Maître Sapeur veut rendre les biens volés à leurs propriétaires et se repentir du passé. Remets le bien volé que tu as trouvé au Marchand d'objets de Klaipeda.	새퍼 마스터는 과거의 일을 참회하고 싶다며 이전에 훔친 물품들을 주인들에게 돌려주고 싶어 합니다. 훔친 물건을 찾았으니 클라페다의 도구상인에게 훔친 물건을 돌려 주세요.	
QUEST_JOBSTEP_20150717_002904	Obtenir une Carte de Monstre Boss	보스 몬스터 카드 수집				
QUEST_JOBSTEP_20150717_002905	Le Maître Bokor t'a demandé d'apporter la carte obtenue d'un monstre boss.	보코르 마스터는 보스 몬스터에게 얻을 수 있는 카드를 가져 오라고 합니다.	QUEST_JOBSTEP_20150317_001478	Le Maître Bokor t'a demandé d'apporter une carte de monstre boss. La carte peut être obtenue auprès de n'importe quel monstre boss de terrain ou de mission.	보코르 마스터는 보스 몬스터에게 얻을 수 있는 카드를 가져 오라고 합니다. 미션과 필드의 모든 보스 몬스터에게서 획득 가능합니다.	
QUEST_JOBSTEP_20150717_002906	Parler au Marchand d'Objets de Klaipeda	클라페다 잡화 상인과 대화				
QUEST_JOBSTEP_20150717_002907	Sculpteur Tesla cherche un chat à prendre pour modèle. Demande au Marchand d'objets de Klaipeda s'il connaît un chat qui conviendrait.	조각가 테슬라는 모델로 쓸 고양이를 찾고 있습니다. 조각가 테슬라와 오래 교류한 클라페다의 잡화 상인에게 모델로 쓸 만한 고양이가 있는지 물어 보세요.				
QUEST_JOBSTEP_20150717_002908	Retrouver le père du Marchand d'objets dans la Forêt de Sirdgela	시르드겔라 숲에서 잡화 상인의 아버지 찾기	QUEST_JOBSTEP_20150323_002383	Chercher le père du Marchand d'équipement à la Forêt de Sirdgela	시르드겔라 숲에서 도구상인의 아버지 찾기	
QUEST_JOBSTEP_20150717_002909	En échange des appâts pour attirer le chat, le Marchand d'objets t'a demandé de retrouver les traces de son père. Retrouve le père de la marchande dans la Sirdgela Forest.	잡화 상인은 고양이를 꼬드길 특별한 먹이를 넘겨주는 댓가로 자신의 아버지의 흔적을 찾아 달라고 부탁하였습니다. 시르드겔라 숲에서 잡화 상인의 아버지를 찾아 주세요.	QUEST_JOBSTEP_20150323_002384	Le Marchand d'équipement t'a demandé de rechercher les traces de son père en échange de la nourriture pour attirer les chats. Cherche le père du Marchand d'équipement à la Forêt de Sirdgela.	도구상인은 고양이를 꼬드길 특별한 먹이를 넘겨주는 댓가로 자신의 아버지의 흔적을 찾아 달라고 부탁하였습니다. 시르드겔라 숲에서 도구상인의 아버지를 찾아 주세요.	
QUEST_JOBSTEP_20150717_002910	Remettre le morceau de vêtement du père au Marchand d'objets	잡화 상인에게 아버지의 옷 조각 전달	QUEST_JOBSTEP_20150317_001487	Remettre le morceau de vêtement du père au Marchand d'objets	도구상인에게 아버지의 옷 조각 전달	
QUEST_JOBSTEP_20150717_002911	Tu n'as pas pu retrouver le père de la marchande, mais tu as trouvé un vêtement qui semble lui avoir appartenu. Remets-le au Marchand d'objets.	안타깝게도 잡화 상인의 아버지는 찾지 못했지만 그의 것으로 보이는 옷 조각을 발견했습니다. 잡화 상인에게 옷 조각을 전해 주세요.				
QUEST_JOBSTEP_20150717_002912	Un appât spécial a été reçu du Marchand d'objets. Utilise-le pour attirer le chat à Klaipeda.	잡화 상인에게 특별한 먹이를 받았습니다. 이것을 사용해서 클라페다에 있는 고양이를 유혹하여 보세요.	QUEST_JOBSTEP_20150317_001491	De la nourriture spéciale pour chat a été reçue du Marchand d'objets. Utilise-la pour attirer le chat à Klaipeda.	도구상인에게 특별한 먹이를 받았습니다. 이것을 사용해서 클라페다에 있는 고양이를 유혹하여 보세요.	
QUEST_JOBSTEP_20150717_002913	Rencontrer le Marchand d'Objets de Fedimian	페디미안 잡화 상인 만나기	QUEST_JOBSTEP_20150317_002039	Rencontrer le Marchand d'Objets à Fedimian	페디미안 도구상인 만나기	
QUEST_JOBSTEP_20150717_002914	En échange de la Huile durcie, le Marchand d'objets de Fedimian t'a dit qu'un monstre nommé Mothstem détient un Bocal de feu. Demande au marchand où tu peux trouver le Mothstem.	페디미안의 장비 상인은 굳은 기름의 댓가로 불항아리는 모스템이라는 몬스터가 가지고 있다고 알려 주었습니다. 모스템을 어디서 만날 수 있을지 잡화 상인과 대화해 보세요.	QUEST_JOBSTEP_20150317_002040	Le Marchand d'équipement dit que le Mothstem a emporté le Pot de feu en échange de l'huile durcie. Parle au Marchand d'objets et demande-lui où tu peux trouver le Mothstem.	페디미안의 장비 상인은 굳은 기름의 댓가로 불항아리는 모스템이라는 몬스터가 가지고 있다고 알려 주었습니다. 모스템을 어디서 만날 수 있을지 도구상인과 대화해 보세요.	
QUEST_JOBSTEP_20150717_002915	Le Marchand d'objets dit avoir croisé un Mothstem aux Faubourgs de Fedimian. Vaincs le Mothstem aux Faubourgs de Fedimian et récupère un Bocal de feu de Mothstem.	페디미안의 잡화 상인은 페디미안 외곽에서 모스템을 본 적이 있다고 합니다. 페디미안 외곽으로 가서 모스템을 처치하고 불항아리를 얻으세요.	QUEST_JOBSTEP_20150323_002492	Le Marchand d'équipement de Fedimian a vu un jour un Mostem aux Faubourgs de Fedimian. Rends-toi aux Faubourgs de Fedimian et obtiens les pots enflammés en vainquant les Mostem.	페디미안의 도구상인은 페디미안 외곽에서 모스템을 본 적이 있다고 합니다. 페디미안 외곽으로 가서 모스템을 처치하고 불항아리를 얻으세요.	
QUEST_JOBSTEP_20150717_002916	Se Rendre Auprès du Maître Écuyer à Fedimian	페디미안에 있는 스콰이어 마스터를 찾아가세요.				
QUEST_JOBSTEP_20150717_002917	Morceau du Sceau de la Famille Legwyn	르귄가의 인장 조각				
QUEST_JOBSTEP_20150717_002918	Le Maître Écuyer dit avoir besoin du sceau de la famille Legwyn. Vaincs les monstres et récolte les morceaux du sceau de la famille Legwyn à la Résidence de la famille Legwyn déchue.	스콰이어 마스터는 르귄가문의 인장이 필요하다고 합니다. 쇠락한 르귄가문의 저택으로 가서 몬스터를 처치하고 르귄가의 인장 조각을 모아오세요.				
QUEST_JOBSTEP_20150717_002919	Tous les morceaux du sceau de la famille Legwyn ont été récoltés. Retourne voir le Maître Écuyer.	스콰이어 마스터가 말하던 르귄가문의 인장 조각을 모두 모았습니다. 스콰이어 마스터에게 돌아가세요.				
QUEST_JOBSTEP_20150717_002920	Choses à faire	할일				
QUEST_JOBSTEP_20150717_002921	Retourner voir le Maître Corsaire.	커세어 마스터에게 돌아가세요.				
QUEST_JOBSTEP_20150717_002922	Se Rendre Auprès du Maître Centurion à la Forêt de la Prière	기원의 숲에 있는 센츄리온 마스터를 찾아가세요.				
QUEST_JOBSTEP_20150717_002923	Retourner voir le Maître Centurion.	센츄리온 마스터에게 돌아가세요.				
QUEST_JOBSTEP_20150717_002924	Se Rendre Auprès du Maître Doppelsoeldner à Fedimian	페디미안에 있는 도펠죌트너 마스터를 찾아가세요.				
QUEST_JOBSTEP_20150717_002925	Retourner voir le Maître Doppelsoeldner.	도펠죌트너 마스터에게 돌아가세요.				
QUEST_JOBSTEP_20150717_002926	Se Rendre Auprès du Maître Sorcier à la Forêt de la Prière	기원의 숲에 있는 소서러 마스터를 찾아가세요.				
QUEST_JOBSTEP_20150717_002927	Retourner voir le Maître Sorcier.	소서러 마스터에게 돌아가세요.				
QUEST_JOBSTEP_20150717_002928	Se Rendre Auprès du Maître Chronomancien à la Route de la Stèle	비석로에 있는 크로노맨서 마스터를 찾아가세요.				
QUEST_JOBSTEP_20150717_002929	Retourner voir le Maître Chronomancien.	크로노맨서 마스터에게 돌아가세요.				
QUEST_JOBSTEP_20150717_002930	Se Rendre Auprès du Maître Nécromancien au Passage de Mullers	뮬러스 통로에 있는 네크로맨서 마스터를 찾아가세요.				
QUEST_JOBSTEP_20150717_002931	Retourner voir le Maître Nécromancien.	네크로맨서 마스터에게 돌아가세요.				
QUEST_JOBSTEP_20150717_002932	Le Passé de la Mine de Cristal	수정광산의 과거				
QUEST_JOBSTEP_20150717_002933	Parler au Maître Alchimiste	알케미스트 마스터와 대화				
QUEST_JOBSTEP_20150717_002934	Se rendre auprès du Maître Alchimiste au Village des mineurs de Siauliai.	샤울레이 광산 마을에 있는 알케미스트 마스터를 찾아가세요.				
QUEST_JOBSTEP_20150717_002935	Retourner voir le Maître Alchimiste.	알케미스트 마스터에게 돌아가세요.				
QUEST_JOBSTEP_20150717_002936	Se Rendre Auprès du Maître Roublard à Fedimian	페디미안에 있는 로그 마스터를 찾아가세요.				
QUEST_JOBSTEP_20150717_002937	Retourner voir le Maître Roublard.	로그 마스터에게 돌아가세요.				
QUEST_JOBSTEP_20150717_002938	Se Rendre Auprès du Maître Empenneur au Ancien Jardin de la Déesse	여신의 옛뜰에 있는 플레쳐 마스터를 찾아가세요.				
QUEST_JOBSTEP_20150717_002939	Retourner voir le Maître Empenneur.	플레쳐 마스터에게 돌아가세요.				
QUEST_JOBSTEP_20150717_002940	Se Rendre Auprès du Maître Fauconnier à la Route de la Stèle	비석로에 있는 응사 마스터를 찾아가세요.				
QUEST_JOBSTEP_20150717_002941	Retourner voir le Maître Fauconnier.	응사 마스터에게 돌아가세요.				
QUEST_JOBSTEP_20150717_002942	Parler au Maître Schwarzer Reiter	슈바르츠 라이터 마스터와 대화				
QUEST_JOBSTEP_20150717_002943	Se Rendre Auprès du Maître Schwarzer Reiter à la Forêt de la Prière	기원의 숲에 있는 슈바르츠 라이터 마스터를 찾아가세요.				
QUEST_JOBSTEP_20150717_002944	Retourner voir le Maître Schwarzer Reiter.	슈바르츠 라이터 마스터에게 돌아가세요.				
QUEST_JOBSTEP_20150717_002945	Retourner voir le Maître Moine.	몽크 마스터에게 돌아가세요.				
QUEST_JOBSTEP_20150717_002946	Retourner voir le Maître Pardonneur.	파드너 마스터에게 돌아가세요.				
QUEST_JOBSTEP_20150717_002947	Retourner voir le Maître Druide.	드루이드 마스터에게 돌아가세요.				
QUEST_JOBSTEP_20150717_002948	Se Rendre Auprès du Maître Oracle à Klaipeda	클라페다에 있는 오라클 마스터를 찾아가세요.				
QUEST_JOBSTEP_20150717_002949	Retourner voir le Maître Oracle.	오라클 마스터에게 돌아가세요.				
QUEST_JOBSTEP_20150729_002950	Récolte des Épingles de queue sur les Desmodus au sous-sol 1 de l'Église de Tenet, je te prie.{nl}Ils se brisent facilement, il est donc difficile d'en obtenir de convenables.	테넷 성당 지하 1층에서 데스모두스의 꼬리침을 모아 주게.{nl}쉽게 망가져서 온전한 걸 구하기가 쉽지 않아.	QUEST_JOBSTEP_20150714_002619	Vaincs les Carcashus à Vallon de Septyni pour récolter les graines.{nl}Elles se brisent facilement, il n'est donc pas aisé d'en obtenir de convenables.	셉티니 골에서 카르카슈를 잡아서 씨앗을 모아 주게.{nl}쉽게 망가져서 온전한 걸 구하기가 쉽지 않아.	사이코키노 마스터
QUEST_JOBSTEP_20150729_002951	Bien. Les Épingles de queue ne sont pas brisés.{nl}Après notre leçon, tu réaliseras à quel point c'est formidable.	좋아. 꼬리침이 부서지지 않았군.{nl}내 밑에서 배우다 보면 자네도 이게 얼마나 굉장한 일인지 알게 될걸세.	QUEST_JOBSTEP_20150714_002620	Bien. Les graines sont en bon état.{nl}Quand tu commenceras à apprendre de moi, tu réaliseras à quel point c'est formidable.	좋군. 씨앗이 부서지지 않았군.{nl}내 밑에서 배우다 보면 자네도 이게 얼마나 굉장한 일인지 알게 될걸세.	사이코키노 마스터
QUEST_JOBSTEP_20150729_002952	Tu dois obtenir le soutien du Maître Peltaste.{nl}Elle t'accueillera si tu obtiens de l'Écorce d'arbre grossière sur les Yognome au sous-sol 1 de{nl}l'Église de Tenet.	펠타스타의 협조를 구하는 일이다.{nl}테넷 성당 지하 1층에서 요노움의 성긴 나무 껍질이라면 그들도 반길 것이다.	QUEST_JOBSTEP_20150714_002633	La tâche consiste à obtenir l'aide des Peltastes.{nl}Ils t'accueilleront si tu peux rapporter des écorces d'arbre grossières de Mentiwood de Vallon de{nl}Septyni.	펠타스타의 협조를 구하는 일이다.{nl}셉티니 골에서 멘티우드의 성긴 나무 껍질이라면 그들도 반길 것이다.	하이랜더 마스터
QUEST_JOBSTEP_20150729_002953	Récolte des aiguilles noires sur les Glizardon au sous-sol 1 de l'Église de Tenet et remets-les au{nl}Maître Highlander, je te prie.{nl}Je pense que cette mission te conviendra.	테넷 성당 지하 1층에서 글리자돈의 검은 손톱을 모아 하이랜더 마스터님께 전해주십시오.{nl}그 정도라면 당신에게도 적당한 임무라고 생각합니다.	QUEST_JOBSTEP_20150714_002638	Récolte des griffes de Biterose à Vallon de Septyni et remets-les au Maître Highlander.{nl}Je pense que cette tâche te conviendra.	셉티니 골에서 비테로스의 발톱을 모아 하이랜더 마스터님께 전해주십시오.{nl}그 정도라면 당신에게도 적당한 임무라고 생각합니다.	펠타스타 마스터
QUEST_JOBSTEP_20150729_002954	S'il en est ainsi, combats les Glizardon au sous-sol 1 de l'Église de Tenet.{nl}Tu en tireras une révélation.	그렇다면 테넷 성당 지하 1층의 글리자돈과 싸워 보려므나.{nl}그 과정에서 깨달음을 얻을 수 있을 게다.	QUEST_JOBSTEP_20150714_002644	S'il en est ainsi, combats les Carcashus à Vallon de Septyni.{nl}Tu en tireras une leçon.	그렇다면 셉티니 골의 카르카슈와 싸워 보려므나.{nl}그 과정에서 깨달음을 얻을 수 있을 게다.	소드맨 마스터
QUEST_JOBSTEP_20150729_002955	Tu veux devenir Alchimiste.{nl}Je vais vérifier si tu en es digne.	알케미스트가 되고 싶으시다고요.{nl}일단 당신이 그 격에 어울리는 사람인지 먼저 알아봐야겠습니다.	QUEST_JOBSTEP_20150714_002776	Ça faisait longtemps. Tu veux devenir Alchimiste.{nl}D'abord, nous devons vérifier si tu peux être Alchimiste.	오랜만입니다. 알케미스트가 되고 싶으시다고요.{nl}일단 당신이 그 격에 어울리는 사람인지 먼저 알아봐야겠습니다.	
QUEST_JOBSTEP_20150729_002956	Tu veux être un meilleur Écuyer.{nl}Si tu peux accomplir ma requête, je t'aiderai assurément.{nl}	스콰이어로서 더욱 정진하고자 하는 모양이군요.{nl}저의 의뢰를 해결해오신다면 기꺼이 돕도록 하겠어요.{nl}				
QUEST_JOBSTEP_20150729_002957	La famille Legwyn possédait autrefois un manoir aujourd'hui en ruines.{nl}Il en est arrivé là à cause d'un certain incident... mais je ne veux pas qu'il reste ainsi.{nl}Je ne peux rien y faire pour le moment, mais rapporte au moins le sceau de la famille Legwyn qui s'y trouve, je te prie.	르귄가에는 지금은 폐허처럼 되어버린 저택이 있지요.{nl}좋지 않은 일로 그렇게 되어버렸지만.. 그런 꼴로 방치하고 싶진 않군요.{nl}지금 당장 큰일을 할 수는 없지만 적어도 그곳에서 르귄가의 인장을 수거해주세요.				
QUEST_JOBSTEP_20150729_002958	Tu trouveras le sceau qui brillait jadis en te rendant aux ruines du manoir de la famille Legwyn.{nl}Il est soit brisé, soit difficile à reconnaître dans sa forme d'origine... espérons que les monstres ne l'ont pas totalement détruit.	쇠락한 르귄가문의 저택에 가면 한때는 찬란하게 반짝였을 인장을 찾을 수 있을 겁니다.{nl}지금은 부서지거나 제 형체를 알아보기 힘들수도 있지만.. 어쩌면 몬스터들에 의해 박살났을 수도 있죠.				
QUEST_JOBSTEP_20150729_002959	Quelle horreur... Si je deviens l'héritier officiel de la famille Legwyn, je ne laisserai pas les choses ainsi.{nl}Bien sûr, je n'oublierai pas de te récompenser en tant qu'Écuyer qui a accompli ma requête.	이런 처참한 상태라니.. 제가 르귄가의 정식 상속자가 된다면 이대로 두진 않을겁니다.{nl}물론 그전에 제 부탁을 잘 처리해주신 당신을 스콰이어로서 돕는 걸 잊진 않았습니다.				
QUEST_JOBSTEP_20150729_002960	Cela ne me dérange pas de rencontrer quelqu'un qui veut apprendre de moi.{nl}Mais cela ne signifie pas que j'accepterai n'importe qui.{nl}	언제든지 나의 기술을 전수받고 싶어하는 자를 만나는 건 나쁘지 않은 기분이군.{nl}하지만 그렇다고 어중이떠중이 다 받아줄 수는 없는 노릇이지.{nl}				
QUEST_JOBSTEP_20150729_002961	Quand la plaine de corail était encore sous les eaux, {nl}j'ai affronté le grand pirate Vladslovas pour décider qui était le plus fort.{nl}J'ai gagné, mais le collier de Vladslovas, que j'aurais dû prendre comme preuve de ma victoire, est tombé dans la mer.{nl}	지금은 육지가 되어버린 산호평원이 아직 바다였던 시절,{nl}나는 블라디슬로바스라는 대해적과 바다사나이의 자존심을 걸고 대전투를 벌인적이 있어.{nl}결과는 나의 승리였지만 그 증거로 챙겼어야 할 블라디슬로바스의 목걸이가 바다에 빠지고 말았지.{nl}				
QUEST_JOBSTEP_20150729_002962	J'avais renoncé car c'était bien trop profond à l'époque, mais je pourrais le retrouver maintenant que la zone est devenue terre ferme.{nl}Rends-toi à la Côte de Cranto et cherche le collier.{nl}Il est assez éblouissant, tu n'auras donc pas de mal à le trouver.	그땐 워낙 깊은 바다였기에 포기했지만 땅이 솟아올라 육지가 된 지금이라면 찾을 수 있을지도 모른다는 생각이 드는군.{nl}산호평원 32_1에 가서 블라디슬로바스의 목걸이를 한번 찾아봐.{nl}워낙 화려한 물건이라 보자마자 알 수 있을거야.				
QUEST_JOBSTEP_20150729_002963	Si je le retrouve, ceux qui pensaient que je bluffais seront très surpris !	그것만 되찾으면 내 말을 허세라고 하고 믿지 않는 녀석들에게 한방 먹일 수 있겠어.				
QUEST_JOBSTEP_20150729_002964	Tu l'as vraiment trouvé !{nl}Il est très abîmé, mais je suis sûr que c'est lui.{nl}Bien, je t'enseignerai mes techniques comme promis !	정말 찾아왔군!{nl}아무래도 상당히 망가지긴 했지만 틀림없어.{nl}좋아, 약속대로 나의 기술을 전수해주지!				
QUEST_JOBSTEP_20150729_002965	Un Centurion doit contribuer au royaume et en faire sa gloire.{nl}Récemment, je collecte les drapeaux de plusieurs escouades militaires du royaume anéanties{nl}lors du Medzio Diena.{nl}J'espère que tu aideras aussi cette tâche, pour la gloire des soldats du royaume.	센츄리온이라면 왕국을 위해 헌신할 줄 알며 그것을 명예로 삼을 줄 알아야 하지.{nl}나는 요즘 신수의 날 전멸한 몇몇 왕국군의 군단기를 되찾는 일을 하고 있다.{nl}자네도 왕국군의 명예를 위해 이 일을 도왔으면 좋겠군.				센츄리온 마스터
QUEST_JOBSTEP_20150729_002966	J'ai entendu dire que des soldats du royaume ont disparu au terrain d'entraînement du conflit{nl}lors du Medzio Diena.{nl}Je ne m'attends pas à ce qu'ils soient en vie, mais pour honorer leur loyauté envers le royaume,{nl}je veux que tu retrouves leur drapeau.	신수의 날에 대립의 훈련장에서 연락이 끊긴 왕국군이 있다는 이야기를 들었다.{nl}그들이 생존해있길 바라는건 무리지만 적어도 그 부대가 왕국을 위해 바쳤던 충성심을 기억해주기 위해 군단기를 찾아와주면 된다.				센츄리온 마스터
QUEST_JOBSTEP_20150729_002967	Le drapeau n'est pas en bon état... Il aurait mieux valu le retrouver un peu plus tôt...{nl}Mon cœur se serre de le voir dans cet état, mais je ne peux oublier toute l'aide que tu m'as apportée.{nl}Je t'aiderai à te développer vers un stade supérieur.	이런 상태라니.. 조금만 더 일찍 되찾았다면 좋았을걸..{nl}군단기의 상태가 이래서 마음이 좋지 않네만 수고해준 자네를 잊을 순 없지.{nl}한단계 더 발전할 수 있도록 내가 돕도록 하겠다.				
QUEST_JOBSTEP_20150729_002968	Tu es venu en apprendre davantage en tant que Doppelsoeldner ?{nl}Mais en ce moment, j'ai une tâche importante à accomplir...{nl}Oui, puisque j'ai confiance en toi, peux-tu faire ceci en guise d'épreuve ?{nl}	도펠죌트너로서 더 배우고 싶어서 찾아왔는가?{nl}헌데 내가 지금 아주 중요한 일이 있어서..{nl}그렇지, 자네라면 믿을 수는 있으니 이 일을 시험대신 하지 않겠나?{nl}				
QUEST_JOBSTEP_20150729_002969	Je prépare quelque chose en ce moment et je dois rencontrer quelqu'un, mais il est injoignable ces derniers temps.{nl}Je voudrais aller vérifier moi-même, mais comme ma tâche avance discrètement, je ne peux pas y aller sans être repéré par beaucoup de gens.{nl}Peux-tu y aller pour moi ?	내가 준비하고 있는 일이 있어 만날 사람이 있는데 얼마전부터 연락이 되질 않는군.{nl}내가 직접가서 알아보고 싶지만 조용히 진행하고 있는 일이라 직접가면 너무 눈에 띄어서 힘들다네.{nl}자네가 대신 가봐주지 않겠나?				
QUEST_JOBSTEP_20150729_002970	La personne que j'essaie de rencontrer est l'envoyé du général Ramin.{nl}Je n'ai plus de nouvelles depuis notre dernier contact à Chemin du pèlerin 36_2.{nl}Vas-y et découvre s'il se passe quelque chose.	내가 만나기로 한 사람은 라민 장군의 사절이네.{nl}순례자의 길 36_2에서의 연락을 마지막으로 소식이 없군.{nl}그곳으로 가서 무슨일이 있는 건 아닌지 알아봐주게.				
QUEST_JOBSTEP_20150729_002971	Bon sang... Je ne veux pas y croire, mais d'après ce que tu viens de me dire, il semble qu'il soit mort sous les attaques des monstres.{nl}Je suppose que je dois contacter le général Ramin par un autre moyen.{nl}Ah, et garde cela secret, je te prie.{nl}	그런.. 믿고 싶지않지만 자네 말대로라면 몬스터에게 습격을 당해 불행한 죽음을 맞이한 모양이군.{nl}다른 방법으로 라민 장군에게 다시 연락을 해봐야겠다.{nl}아, 그리고 혹시나 해서 말해두지만 이 일은 다른 사람들에겐 비밀로 해두게.{nl}				
QUEST_JOBSTEP_20150729_002972	Bien sûr, je n'ai pas oublié ma promesse.{nl}Je t'aiderai à devenir un meilleur Doppelsoeldner.	물론 자네에게 약속한 것도 잊지 않았지.{nl}도펠죌트너로서 성장하는 것을 돕도록 하겠다.				
QUEST_JOBSTEP_20150729_002973	Je fais des recherches sur la vie éternelle ces derniers temps.{nl}J'étudie divers documents, mais le mieux serait d'écouter quelqu'un qui vit une vie éternelle.{nl}Je veux entendre quelques Amjina encore présents en ce monde...{nl}	최근 불로불사에 대해 연구중이야.{nl}여러가지 자료라던지 조사해보고 있지만 역시 본인한테 듣는게 제일 아니겠어?{nl}지금 존재하는 영생자인 암지나스 중에 몇명한테 이야기를 조금 듣고 싶은데..{nl}				
QUEST_JOBSTEP_20150729_002974	Il n'est pas convenable que je leur rende visite en tant que maître, et nous, les maîtres, sommes séparés depuis longtemps.{nl}Cela fait aussi partie des recherches du Sorcier, alors demande-leur comment ils vivent leur vie éternelle.{nl}Si tu peux faire cela pour moi, j'élèverai tes capacités de Sorcier d'un niveau.	같은 마스터가 찾아가는건 모양새도 좋지 않고 너무 제각각 흩어져 지내잖아.{nl}이것도 소서러로서 연구의 일환이니까 대신 암지나스가 영생하는 방법들에 대해서 물어봐주고 와줘.{nl}그렇다면 소서러의 힘을 한 단계 끌어올려주지.				
QUEST_JOBSTEP_20150729_002975	Parmi les Amjina, on a confirmé la présence du Maître Dievdirbys aux Bois de Siauliai ouest, du Maître Nécromancien au Passage de Mullers, et du Maître Chronomancien à la Route de la stèle.{nl}Demande à chacun d'eux comment il vit sa vie éternelle.	암지나스 중에 지금 소재가 확실한 사람은 샤울레이 서쪽 숲의 딥디르비 마스터, 뮬러스 통로의 네크로맨서 마스터, 비석로의 크로노맨서 마스터야.{nl}이 세 사람에게 각각의 영생하는 방법에 대해 물어보고 와줘.				
QUEST_JOBSTEP_20150729_002976	Les Amjina sont vraiment différents.{nl}Je dois élargir ma réflexion et les comprendre.{nl}	과연, 암지나스라고 해도 전혀 다르구나.{nl}나도 더 넓게 생각하고 찾아봐야겠는걸.{nl}				
QUEST_JOBSTEP_20150729_002977	Bien, je te mènerai vers un niveau supérieur de Sorcier.	좋아, 이제 널 한 단계 높은 소서러로 이끌어줄게.				
QUEST_JOBSTEP_20150729_002978	Tu es venu améliorer tes capacités de Chronomancien.{nl}Mais en ce moment, j'aide à la tâche que m'a confiée le Maître Alchimiste de la famille Winterspoon, je ne peux donc pas t'aider pour l'instant.{nl}	크로노맨서의 능력을 더욱 발전시키기 위해 찾아오셨군요.{nl}하지만 지금은 윈터스푼 가문의 가주인 알케미스트 마스터가 부탁한 일을 돕고 있어서 곤란하네요.{nl}				
QUEST_JOBSTEP_20150729_002979	{nl}Si tu veux bien, peux-tu m'aider un peu plus dans cette tâche ?{nl}Ainsi, je la terminerai vite et je t'aiderai.	{nl}혹시 괜찮다면 이 일을 조금 도와주겠어요?{nl}그렇다면 저도 빨리 끝내고 당신을 도울 수 있겠지요.				
QUEST_JOBSTEP_20150729_002980	Il semble que le Maître Alchimiste enquête sur la Mine de cristal. {nl}Pour cela, il m'a demandé de lui prêter mon orbe, qui lit le passé de la personne à qui il a appartenu.{nl}Explorer toutes les régions du 1er et du 2e district de la Mine de cristal.{nl} 	알케미스트 마스터는 수정광산에 대해 조사하는 모양이에요.{nl}그러기 위해서 소유자의 기억을 읽어 과거를 기록하는 저의 보주를 빌려달라고 했죠.{nl}이 보주를 가지고 수정광산 1광구와 2광구의 모든 지역을 탐색하세요.{nl}				
QUEST_JOBSTEP_20150729_002981	Si tu as déjà exploré complètement ces régions par le passé, l'orbe lira tes souvenirs et enregistrera le passé.{nl}La tâche en sera bien plus facile.	만약 당신이 과거에 이미 완벽히 탐색해두었다면 보주는 당신의 기억을 읽어서 과거를 기록해줄거에요.{nl}그렇다면 일이 한결 수월하겠죠.				
QUEST_JOBSTEP_20150729_002982	Tout a été enregistré.{nl}Bien. Je vais transmettre ceci au Maître Alchimiste.{nl}À mon tour de t'aider.	확실히 기록되었네요.{nl}좋아요, 이건 제가 알케미스트 마스터에게 전해주도록 하겠어요.{nl}이제 제가 당신을 도울 차례군요.				
QUEST_JOBSTEP_20150729_002983	Le pouvoir du Nécromancien s'exprime toujours à travers les matériaux qui servent de catalyseurs.{nl}Ce pouvoir est influencé par les capacités du Nécromancien lui-même et par sa puissance.{nl}Si tu veux progresser en tant que Nécromancien, il est important d'obtenir ces matériaux. 	네크로맨서의 힘은 항상 촉매가 되는 소재를 통해 발현되지.{nl}그 힘은 네크로맨서 자신의 능력과 소재가 가진 힘에 모두 영향을 받아.{nl}네크로맨서로서 더 나아가려면 그런 소재를 구하는 것도 중요하지.{nl}				
QUEST_JOBSTEP_20150729_002984	D'après mes découvertes, une forte rancune tourbillonne autour du Sanctuaire de Videntis.{nl}En t'y rendant, tu trouveras des matériaux qui renferment les pensées des morts.{nl}Si tu peux les obtenir, je t'ouvrirai la porte d'un niveau supérieur de Nécromancien.	마침 내가 조사하다가 알아낸 바로는 무슨 일인지 바이덴티스 신당에 강한 원념이 소용돌이 치더군.{nl}그곳에 가면 죽은 자의 사념이 강하게 남은 소재를 구할 수 있을 거야.{nl}그걸 구해온다면 너에게 더 높은 경지의 네크로맨서로의 길을 열어주지.				
QUEST_JOBSTEP_20150729_002985	Plus la rancune ou les regrets des esprits dans leur vie passée sont grands, plus le pouvoir de{nl}leurs souvenirs est fort.{nl}Trouve les souvenirs où l'on peut sentir de forts regrets.	억울하거나 삶에 미련이 많은 영혼일수록 남은 유품이 강한 힘을 발휘하지.{nl}그런 강한 미련이 느껴지는 유품을 찾아오면 돼.				네크로맨서 마스터
QUEST_JOBSTEP_20150729_002986	Voici l'objet dont émane un fort regret.{nl}Si tu deviens capable de repérer ce genre d'objet, tu deviendras un Nécromancien plus fort.{nl}Pour l'instant, je vais t'aider en récompense de cet objet.	보기만해도 강한 미련이 느껴지는 물건이군.{nl}너도 이런 물건을 보는 안목을 더 키운다면 강한 네크로맨서가 될 수 있을거야.{nl}지금은 이 물건에 대한 보답으로 내가 조금 도와주도록 하지.				
QUEST_JOBSTEP_20150729_002987	Tu es donc venu apprendre les capacités avancées de l'Alchimiste.{nl}Mais j'ai quelque chose d'urgent à faire, je ne peux donc pas enseigner pour le moment.{nl}Ce pourrait être dangereux de laisser cela en l'état, alors j'essaie de terminer vite.{nl}	더 높은 경지의 알케미스트의 능력을 전수받으러 오셨군요.{nl}헌데 지금 급한 일이 있어서 조금 곤란합니다.{nl}이대로 두면 위험할 수도 있는 일이라서 빨리 처리하려고 하거든요.{nl}				
QUEST_JOBSTEP_20150729_002988	Peux-tu aider à cette tâche ?{nl}Ainsi, je t'enseignerai les capacités de l'Alchimiste en retour.	아니면 이 일을 조금 도와주시겠습니까?{nl}그렇다면 저도 당신의 실력에 대한 검증이라 생각하고 일이 끝나는 대로 당신에게 알케미스트의 능력을 전수해드리겠습니다.				
QUEST_JOBSTEP_20150729_002989	C'est donc le Maître Alchimiste qui t'envoie ?{nl}Je l'ai préparé puisque le chef de la famille Winterspoon l'a demandé.{nl}Repars avec ceci, je te prie.	알케미스트 마스터가 보내서 오셨다구요?{nl}그 일이라면 윈터스푼 가문의 가주가 부탁한 일이니 미리 준비해뒀습니다.{nl}이걸 가지고 돌아가보세요.				
QUEST_JOBSTEP_20150729_002990	Bien.{nl}J'enquête sur la Mine de cristal... J'ai besoin de l'orbe qui enregistre les souvenirs du Maître Chronomancien.{nl}Il est le chef de notre famille Winterspoon, je le lui ai donc demandé à l'avance. Dis-lui que c'est moi qui t'envoie.	좋습니다.{nl}수정광산을 조사하고 있는데.. 크로노맨서 마스터가 가진 과거의 기억을 기록하는 보주가 필요합니다.{nl}마침 저희 윈터스푼 가문의 어르신이셔서 제가 미리 부탁드려놨으니 제가 보냈다고 하고 받아오시면 됩니다.				
QUEST_JOBSTEP_20150729_002991	Lucide... En fait, as-tu bien rencontré le Maître Chronomancien ?	루시드님.. 아니 크로노맨서 마스터에게는 잘 다녀오셨습니까?				
QUEST_JOBSTEP_20150729_002992	Tu as bien rapporté l'orbe.{nl}L'orbe qui enregistre le passé a le pouvoir de lire les souvenirs de son possesseur et de les consigner.{nl}S'il te reconnaît comme son possesseur, il lira tes souvenirs, et s'il reste des zones à explorer, tu devras les découvrir par toi-même.	제대로 보주를 가져오셨군요.{nl}과거의 기억을 기록하는 보주는 소유자의 기억을 읽어 과거를 기록하는 힘이 있습니다.{nl}당신을 소유자로 인정하면 기억을 읽을 테고 더 조사해야할 부분은 직접 발로 뛰어서 탐색해주셔야 합니다.				
QUEST_JOBSTEP_20150729_002993	Explorer toutes les zones du 1er et du 2e district de la Mine de cristal avec cet orbe.{nl}Si tu les as déjà complètement explorées par le passé, l'orbe lira les souvenirs de son possesseur et enregistrera le passé.	이 보주를 가지고 수정광산 1광구와 2광구의 모든 지역을 탐색해주십시오.{nl}만약 과거에 이미 완벽히 탐색해둔 상태라면 보주는 소유자의 기억을 읽어서 과거를 기록해줄겁니다.				
QUEST_JOBSTEP_20150729_002994	Voici l'orbe du Maître Chronomancien.{nl}Tout a bien été enregistré.{nl}	과연 크로노맨서 마스터의 보주입니다.{nl}확실하게 기록되었군요.{nl}				
QUEST_JOBSTEP_20150729_002995	Je veux vérifier cela tout de suite, mais je suppose que je dois d'abord tenir ma promesse envers toi.{nl}Je vais t'enseigner les capacités de l'Alchimiste.	지금 당장 이것을 확인해보고 싶은 마음이지만 당신과의 약속부터 지키는 것이 순서겠죠.{nl}당신에게 알케미스트의 능력을 전수해드리겠습니다.				
QUEST_JOBSTEP_20150729_002996	Cette histoire se serait déroulée{nl}un jour à la Tour astrale.{nl}Une dispute éclata entre les{nl}disciples de Lydia Schaffen.{nl}Plusieurs disciples s'étaient{nl}réunis après l'entraînement et, au{nl}fil de la conversation, ces mots{nl}auraient été prononcés : « Peu{nl}importe la qualité de ton arc, si{nl}ton habileté fait défaut, tu ne{nl}peux en tirer tout le potentiel. Ce{nl}qui compte au final, c'est donc ta{nl}propre habileté. »{nl}Telle fut l'affirmation d'un certain{nl}disciple, qui déclencha la dispute.{nl}	 전하는 바로는 이것은 어느 날 별의 탑에서 일어난 일이라고 한다.  {nl}어느 날 별의 탑에서 리디아 샤펜의 제자들 사이에 논쟁이 벌어졌다.{nl}여러 제자가 훈련 후에 모여 여담을 나누는 중에 이런 이야기가 나왔다고 한다. {nl}[아무리 좋은 활이라도 쓰는 사람의 실력이 나쁘다면 위력을 낼 수 없네. 그러므로 결국 중요한 것은 일신의 실력이란 말일세.]{nl}한 제자의 이런 주장에 다른 제자가 반박하였다.{nl}	QUEST_JOBSTEP_20150317_000745	Cette histoire se serait déroulée{nl}un jour à la Tour astrale.{nl}Une dispute éclata parmi les{nl}disciples de Lydia Schaffen.{nl}Plusieurs disciples s'étaient{nl}réunis après l'entraînement et, au{nl}cours de la discussion, un tel{nl}dialogue aurait surgi : « Peu{nl}importe la qualité de ton arc, si{nl}tes Skills font défaut, tu ne peux{nl}en exploiter tout le potentiel. Par{nl}conséquent, ce qui compte au{nl}final, c'est ta propre habileté.{nl}»{nl}Telle fut l'affirmation d'un certain{nl}disciple, qui déclencha la dispute.{nl}	 전하는 바로는 이것은 어느 날 별의 탑에서 일어난 일이라고 한다.  {nl}어느 날 별의 탑에서 리디아 샤펜의 제자들 사이에 논쟁이 벌어졌다.{nl}여러 제자가 훈련 후에 모여 여담을 나누는 중에 이런 이야기가 나왔다고 한다. {nl}“아무리 좋은 활이라도 쓰는 사람의 실력이 나쁘다면 위력을 낼 수 없네. 그러므로 결국 중요한 것은 일신의 실력이란 말일세.”{nl}한 제자의 이런 주장에 다른 제자가 반박하였다.{nl}	리디아 샤펜의 오늬
QUEST_JOBSTEP_20150729_002997	« Tu oublies les fondements du{nl}tir à l'arc. Qu'est-ce qu'un archer{nl}? C'est quelqu'un qui utilise un{nl}outil appelé arc, n'est-ce pas ?{nl}Penses-tu qu'un archer sans arc{nl}puisse exister ? {nl}Même si l'on devient célèbre{nl}pour son habileté à l'épée et à la{nl}lance, peut-on encore se dire{nl}archer ? Au final, le tir à l'arc est{nl}bien le concept d'une{nl}dépendance aux outils, non ? »{nl}	[자네는 궁수의 기본을 망각하고 있네. 궁수란 무엇인가? 궁수는 활이란 도구를 다루는사람일세. 활 없는 궁수가 존재할 수 있단 말인가? 제아무리 일신의 무예가 드높아도 칼과 창으로 무예를 펼친다면, 어떻게 궁수가 될 수 있단 말인가? 결국, 궁수는 도구에 종속된 개념일세.]{nl}	QUEST_JOBSTEP_20150317_000746	« Tu oublies les fondements du{nl}tir à l'arc. Qu'est-ce qu'un archer{nl}? C'est quelqu'un qui utilise un{nl}outil appelé arc, n'est-ce pas ?{nl}Penses-tu qu'un archer sans arc{nl}puisse exister ? {nl}Même si l'on devient célèbre{nl}pour son habileté à l'épée et à la{nl}lance, peut-on encore se dire{nl}archer ? Au final, le tir à l'arc est{nl}bien le concept d'une{nl}dépendance aux outils, non ? »{nl}	“자네는 궁수의 기본을 망각하고 있네. 궁수란 무엇인가? 궁수는 활이란 도구를 다루는사람일세. 활 없는 궁수가 존재할 수 있단 말인가? 제아무리 일신의 무예가 드높아도 칼과 창으로 무예를 펼친다면, 어떻게 궁수가 될 수 있단 말인가? 결국, 궁수는 도구에 종속된 개념일세.”{nl}	리디아 샤펜의 오늬
QUEST_JOBSTEP_20150729_002998	Le disciple d'un avis différent{nl}répliqua :{nl}« Tu dis que les outils sont{nl}importants, parlons-en.{nl}Qu'est-ce qu'un arc ? Il existe{nl}diverses armes pour un archer.{nl}Tout comme il existe des armes{nl}ne demandant guère d'habileté,{nl}telle l'arbalète, il existe aussi des{nl}armes dont l'efficacité varie{nl}énormément selon l'habileté de{nl}l'utilisateur, comme celles des{nl}Wugushi.{nl}La Flèche de vent des Wugushi{nl}est difficile à maîtriser ; c'est une{nl}arme ardue à manier pour{nl}quelqu'un sans expérience,{nl}quelle que soit la qualité des{nl}matériaux de son arc.{nl}	그러자 그와 견해를 달리하는 제자가 재차 반박하였다.{nl}[자네의 말이 도구가 중요한 것이라니 그 말을 놓고 봄세. {nl}대체 활의 범위란 뭐란 말인가? 석궁처럼 사람의 실력을 비교적 적게 타는 무기와 무고사의 무기처럼 쓰는 사람의 실력에 크게 좌우되는 무기처럼 궁수의 무기 범위에서도 다양성이 존재한다네. {nl}무고사의 바람화살은 숙달하기 어려운 활로써 아무리 좋은 재질로 잘 만들어도 경험이 없는 사람은 제대로 사용하기 어려운 무기이네. {nl}	QUEST_JOBSTEP_20150317_000747	Le disciple d'un avis différent{nl}répliqua :{nl}« Tu dis que les outils sont{nl}importants, parlons-en.{nl}Qu'est-ce qu'un arc ? Il existe{nl}diverses armes pour un archer.{nl}Tout comme il existe des armes{nl}ne demandant guère d'habileté,{nl}telle l'arbalète, il existe aussi des{nl}armes dont l'efficacité varie{nl}énormément selon l'habileté de{nl}l'utilisateur, comme celles des{nl}Wugushi.{nl}La Flèche de vent des Wugushi{nl}est difficile à maîtriser ; c'est une{nl}arme ardue à manier pour{nl}quelqu'un sans expérience,{nl}quelle que soit la qualité des{nl}matériaux de son arc.{nl}	그러자 그와 견해를 달리하는 제자가 재차 반박하였다.{nl}“자네의 말이 도구가 중요한 것이라니 그 말을 놓고 봄세. {nl}대체 활의 범위란 뭐란 말인가? 석궁처럼 사람의 실력을 비교적 적게 타는 무기와 무고사의 무기처럼 쓰는 사람의 실력에 크게 좌우되는 무기처럼 궁수의 무기 범위에서도 다양성이 존재한다네. {nl}무고사의 바람화살은 숙달하기 어려운 활로써 아무리 좋은 재질로 잘 만들어도 경험이 없는 사람은 제대로 사용하기 어려운 무기이네. {nl}	리디아 샤펜의 오늬
QUEST_JOBSTEP_20150729_002999	C'est comme dire que, puisque{nl}les gens meurent s'ils ne mangent{nl}pas, leur vie est moins{nl}importante que la nourriture et{nl}en dépend.{nl}Prétends-tu que, parce que tu{nl}manges pour vivre, tu vis pour{nl}manger ? »{nl}Sur quoi, un autre disciple{nl}partagea son point de vue :{nl}« Vous débattez de la voie de{nl}l'Archer, mais vous ne vous{nl}concentrez que sur un seul{nl}aspect.{nl}Ce que vous omettez, c'est que{nl}peu importe la renommée d'un{nl}Archer, peu importe son œil de{nl}lynx, ce dont il tire avantage, c'est{nl}le vent. {nl}	 이것은 마치 사람이 밥을 먹지 않으면, 죽으니 사람의 삶이 밥보다 못하며 사람의 인생은 밥에 종속되었단 주장이나 마찬가지일세.{nl} 자네는 살기 위해 밥을 먹는 것이지 밥을 먹기 위해 산다고 주장할 셈인가?]{nl} 그러자 또 다른 제자가 이에 대해 다른 견해를 제기했다.{nl}[자네들은 궁수의 길을 논함에 있어 한 가지 면만을 보고 있네. {nl} 자네들이 놓치고 있는 점은 어떤 명궁이든 명사수이든 결국 그들이 이용하는 것은 바람이란 사실일세. {nl}	QUEST_JOBSTEP_20150317_000749	C'est comme dire que, puisque{nl}les gens mourraient s'ils ne{nl}mangeaient pas, leur vie est{nl}moins importante que la{nl}nourriture et en dépend.{nl}Prétends-tu que, puisque tu{nl}manges pour vivre, tu vis pour{nl}manger ? »{nl}Sur ce, un autre disciple partagea{nl}son point de vue :{nl}« Vous débattez de la voie de{nl}l'Archer, mais vous ne vous{nl}concentrez que sur un seul{nl}aspect.{nl}Ce que vous omettez, c'est que{nl}peu importe la célébrité d'un{nl}archer, peu importe la finesse de{nl}son œil, ce qu'il met à son{nl}avantage, c'est le vent. {nl}	 이것은 마치 사람이 밥을 먹지 않으면, 죽으니 사람의 삶이 밥보다 못하며 사람의 인생은 밥에 종속되었단 주장이나 마찬가지일세.{nl} 자네는 살기 위해 밥을 먹는 것이지 밥을 먹기 위해 산다고 주장할 셈인가?”{nl} 그러자 또 다른 제자가 이에 대해 다른 견해를 제기했다.{nl}“자네들은 궁수의 길을 논함에 있어 한 가지 면만을 보고 있네. {nl} 자네들이 놓치고 있는 점은 어떤 명궁이든 명사수이든 결국 그들이 이용하는 것은 바람이란 사실일세. {nl}	리디아 샤펜의 오늬
QUEST_JOBSTEP_20150729_003000	La flèche ne pourrait être tirée{nl}sans le vent et l'air qui la portent{nl}jusqu'à la cible ; comment un{nl}tireur d'élite pourrait-il exister,{nl}ou plutôt, que pourrait accomplir{nl}un archer dans ce cas ?{nl}Au final, ce qui est nécessaire à{nl}un archer, c'est de percevoir le{nl}flux du vent et de savoir agir en{nl}conséquence. »{nl}	 활이 쏘아내는 화살이나 탄자를 받아 목표까지 날라주는 바람과 공기가 없다면 어떻게 명사수가 존재할 것이며, 명궁은 또 무슨 의미란 말인가? 결국, 궁수에게 중요한 것은 바람의 결을 느끼고 그 바람의 결에 자신의 의지를 싣는 일일세.]{nl}	QUEST_JOBSTEP_20150317_000750	La flèche ne pourrait être tirée{nl}sans le vent et l'air qui la portent{nl}jusqu'à la cible ; comment un{nl}tireur d'élite pourrait-il exister,{nl}ou plutôt, que pourrait accomplir{nl}un archer dans ce cas ?{nl}Au final, ce qui est nécessaire à{nl}un archer, c'est de percevoir le{nl}flux du vent et de savoir agir en{nl}conséquence. »{nl}	 활이 쏘아내는 화살이나 탄자를 받아 목표까지 날라주는 바람과 공기가 없다면 어떻게 명사수가 존재할 것이며, 명궁은 또 무슨 의미란 말인가? 결국, 궁수에게 중요한 것은 바람의 결을 느끼고 그 바람의 결에 자신의 의지를 싣는 일일세.”{nl}	리디아 샤펜의 오늬
QUEST_JOBSTEP_20150729_003001	Lydia Schaffen continua de{nl}manger tout en écoutant les{nl}disciples, gardant sa position sur{nl}la balustrade. Quand ils eurent{nl}fini, elle resta silencieuse un{nl}moment, mais bientôt elle fouilla{nl}du bout des doigts le tas de{nl}coques de châtaignes qu'elle avait{nl}mangées et en tira quelque chose,{nl}disant, rapporte-t-on, ceci : {nl}« Qu'est-ce que c'est ? »{nl}Le disciple à l'œil perçant{nl}répondit avant tout autre.{nl}« C'est la peau intérieure d'une{nl}châtaigne. »{nl}	 리디아 샤펜은 제자들을 맞은 자세 그대로 하던 대로 밤을 먹으며 제자들의 되풀이된 주장을 경청한 다음, 잠시 조용히 있다가 이윽고 손가락으로 자신이 먹으며 모아 놓은 밤껍질 무더기를 손가락으로 뒤적거린 후 그 가운데서 무엇을 들어 올리더니 이렇게 말했다고 전한다.{nl}[이것이 무엇이냐?]{nl}눈치 빠르고 시력이 좋은 제자 하나가 가장 먼저 대답했다.{nl}[보늬입니다.]{nl}	QUEST_JOBSTEP_20150317_000753	Lydia Schaffen continua de{nl}manger tout en écoutant les{nl}disciples, gardant sa position sur{nl}la balustrade. Quand ils eurent{nl}fini, elle resta silencieuse un{nl}moment, mais bientôt elle fouilla{nl}du bout des doigts le tas de{nl}coques de châtaignes qu'elle avait{nl}mangées et en tira quelque chose,{nl}disant, rapporte-t-on, ceci : {nl}« Qu'est-ce que c'est ? »{nl}Le disciple à l'œil perçant{nl}répondit avant tout autre.{nl}« C'est la peau intérieure d'une{nl}châtaigne. »{nl}	 리디아 샤펜은 제자들을 맞은 자세 그대로 하던 대로 밤을 먹으며 제자들의 되풀이된 주장을 경청한 다음, 잠시 조용히 있다가 이윽고 손가락으로 자신이 먹으며 모아 놓은 밤껍질 무더기를 손가락으로 뒤적거린 후 그 가운데서 무엇을 들어 올리더니 이렇게 말했다고 전한다.{nl}“이것이 무엇이냐?”{nl}눈치 빠르고 시력이 좋은 제자 하나가 가장 먼저 대답했다.{nl}“보늬입니다.”{nl}	리디아 샤펜의 오늬
QUEST_JOBSTEP_20150729_003002	Il était tout à fait évident qu'il{nl}s'agissait bien de la peau{nl}intérieure d'une châtaigne, alors{nl}les autres hochèrent la tête en{nl}signe d'accord et attendirent les{nl}mots suivants de leur maître. {nl}Et Lydia Schaffen poursuivit. {nl}« Non. Ceci est l'encoche de ma{nl}flèche. »{nl}	 그것이 보늬란 것은 명백한 사실이었기에 다른 제자들도 고개를 끄덕이며 스승의 다음 말을 기다렸다. {nl}그리고 리디아 샤펜의 말이 이어졌다.{nl}[아니다. 이것은 나의 오늬이니라.]{nl}	QUEST_JOBSTEP_20150317_000754	Il était tout à fait évident qu'il{nl}s'agissait bien de la peau{nl}intérieure d'une châtaigne, alors{nl}les autres hochèrent la tête en{nl}signe d'accord et attendirent les{nl}mots suivants de leur maître. {nl}Et Lydia Schaffen poursuivit. {nl}« Non. Ceci est l'encoche de ma{nl}flèche. »{nl}	 그것이 보늬란 것은 명백한 사실이었기에 다른 제자들도 고개를 끄덕이며 스승의 다음 말을 기다렸다. {nl}그리고 리디아 샤펜의 말이 이어졌다.{nl}“아니다. 이것은 나의 오늬이니라.”{nl}	리디아 샤펜의 오늬
QUEST_JOBSTEP_20150729_003003	Un jour, Lydia Schaffen quitta{nl}seule un certain village et marcha{nl}dans la nuit.{nl} Lydia Schaffen vit un voyageur{nl}assis, épuisé, au bord d'un{nl}chemin forestier. {nl} Par curiosité, elle décida de{nl}l'approcher.{nl} « Pourquoi es-tu assis ici dans la{nl}forêt au milieu de la nuit ? »{nl}Le voyageur hésita d'abord à{nl}répondre, mais après qu'on lui{nl}eut demandé plusieurs fois, il{nl}finit par ouvrir la bouche. {nl}La raison était apparemment{nl}celle-ci : {nl}	 어느 날 리디아 샤펜이 홀로 어떤 마을을 벗어나 밤길을 걷고 있었습니다.{nl} 리디아 샤펜은 한 나그네가 숲길에 힘없이 주저앉아 있는 것을 보고 멈췄습니다.{nl} 호기심에 리디아 샤펜이 그에게 물었습니다.{nl} [한밤에 이런 숲에서 왜 그러고 계십니까?]{nl}주저앉아 있던 나그네는 리디아 샤펜의 거듭된 재촉에 겨우 입을 열었습니다. {nl} 나그네가 말한 사연은 다음과 같았습니다.{nl}	QUEST_JOBSTEP_20150317_000762	Un jour, Lydia Schaffen quitta{nl}seule un certain village et marcha{nl}dans la nuit.{nl} Lydia Schaffen vit un voyageur{nl}assis, épuisé, au bord d'un{nl}chemin forestier. {nl} Par curiosité, elle décida de{nl}l'approcher.{nl} « Pourquoi es-tu assis ici dans la{nl}forêt au milieu de la nuit ? »{nl}Le voyageur hésita d'abord à{nl}répondre, mais après qu'on lui{nl}eut demandé plusieurs fois, il{nl}finit par ouvrir la bouche. {nl}La raison était apparemment{nl}celle-ci : {nl}	 어느 날 리디아 샤펜이 홀로 어떤 마을을 벗어나 밤길을 걷고 있었습니다.{nl} 리디아 샤펜은 한 나그네가 숲길에 힘없이 주저앉아 있는 것을 보고 멈췄습니다.{nl} 호기심에 리디아 샤펜이 그에게 물었습니다.{nl} “한밤에 이런 숲에서 왜 그러고 계십니까?”{nl}주저앉아 있던 나그네는 리디아 샤펜의 거듭된 재촉에 겨우 입을 열었습니다. {nl} 나그네가 말한 사연은 다음과 같았습니다.{nl}	리디아 샤펜과 럼펠스틸스킨
QUEST_JOBSTEP_20150729_003004	Par le passé, Rumpelstiltskin était{nl}plutôt réputé pour défier ses{nl}adversaires à user de leur{nl}meilleure Skill puis les vaincre. {nl} Mais il modifiait un peu les{nl}règles de son jeu chaque fois. {nl} Lydia Schaffen demanda : « Je{nl}comprends que tu veuilles défier{nl}mon habileté au tir à l'arc, alors{nl}qu'allons-nous faire ? »{nl}	 지금은 럼펠스틸스킨의 이름을 사람들이 잘 모르지만, 당시에 이 악마는 시합 상대가 잘하는 것으로 승부하여 상대에게 패배를 선사하는 것으로 유명했습니다. {nl} 다만 항상 시합에 약간의 변형을 가하곤 했습니다. {nl} 리디아 샤펜이 말했습니다. {nl}[그래 활쏘기 시합을 하겠다는 말은 알아듣겠다. 그런데 어떻게 하자는 것이지?]{nl}	QUEST_JOBSTEP_20150317_000766	Par le passé, Rumpelstiltskin était{nl}plutôt réputé pour défier ses{nl}adversaires à user de leur{nl}meilleure Skill puis les vaincre. {nl} Mais il modifiait un peu les{nl}règles de son jeu chaque fois. {nl} Lydia Schaffen demanda : « Je{nl}comprends que tu veuilles défier{nl}mon habileté au tir à l'arc, alors{nl}qu'allons-nous faire ? »{nl}	 지금은 럼펠스틸스킨의 이름을 사람들이 잘 모르지만, 당시에 이 악마는 시합 상대가 잘하는 것으로 승부하여 상대에게 패배를 선사하는 것으로 유명했습니다. {nl} 다만 항상 시합에 약간의 변형을 가하곤 했습니다. {nl} 리디아 샤펜이 말했습니다. {nl}“그래 활쏘기 시합을 하겠다는 말은 알아듣겠다. 그런데 어떻게 하자는 것이지?”{nl}	리디아 샤펜과 럼펠스틸스킨
QUEST_JOBSTEP_20150729_003005	« Bien sûr, un jeu pour voir qui{nl}est le meilleur à l'arc ne serait pas{nl}si intéressant. Jouons donc à un{nl}jeu où tu tires une flèche sur une{nl}cible, et j'essaierai d'attraper et de{nl}chevaucher la flèche avant qu'elle{nl}n'atteigne la cible », dit{nl}Rumpelstiltskin. {nl}Lydia répondit, questionnant la{nl}proposition : « Chevaucher une{nl}flèche ? »{nl}« C'est exact », affirma{nl}Rumpelstiltskin.{nl}	[누가 더 활을 잘 쏘나 하는 시합은 재미가 없다는 말이지. 그러니 이렇게 하자고 너는 과녁을 정하고 활을 쏘아. 그러면 나는 그 화살이 과녁에 닿기 전에 그 화살에 올라타도록 하지.]{nl}럼펠스틸스킨이 이렇게 말하자 리디아 샤펜이 되물었습니다.{nl}[화살에 올라탄다고?]{nl}[맞아.]{nl}	QUEST_JOBSTEP_20150317_000767	« Bien sûr, un jeu pour voir qui{nl}est le meilleur à l'arc ne serait pas{nl}si intéressant. Jouons donc à un{nl}jeu où tu tires une flèche sur une{nl}cible, et j'essaierai d'attraper et de{nl}chevaucher la flèche avant qu'elle{nl}n'atteigne la cible », dit{nl}Rumpelstiltskin. {nl}Lydia répondit, questionnant la{nl}proposition : « Chevaucher une{nl}flèche ? »{nl}« C'est exact », affirma{nl}Rumpelstiltskin.{nl}	“누가 더 활을 잘 쏘나 하는 시합은 재미가 없다는 말이지. 그러니 이렇게 하자고 너는 과녁을 정하고 활을 쏘아. 그러면 나는 그 화살이 과녁에 닿기 전에 그 화살에 올라타도록 하지.”{nl}럼펠스틸스킨이 이렇게 말하자 리디아 샤펜이 되물었습니다.{nl}“화살에 올라탄다고?”{nl}“맞아.”{nl}	리디아 샤펜과 럼펠스틸스킨
QUEST_JOBSTEP_20150729_003006	En répondant, Rumpelstiltskin{nl}commença à rétrécir son corps.{nl} Une fois réduit à la taille d'un{nl}poing d'enfant, Rumpelstiltskin{nl}déclara : « Eh bien, cette taille me{nl}permettra de chevaucher ta{nl}flèche, n'est-ce pas ? »{nl}Lydia Schaffen réfléchit un{nl}instant,{nl}« Il y a toutefois un problème. Si{nl}tu touches la flèche et la fais{nl}tomber au sol sans qu'elle{nl}n'atteigne jamais la cible, ne{nl}serait-ce pas malgré tout une{nl}défaite pour moi, que tu l'aies{nl}chevauchée ou non ? »{nl}Rumpelstiltskin lui répondit par{nl}ces mots.{nl}	그렇게 대답한 럼펠스틸스킨의 몸은 작아지기 시작했습니다. {nl}그는 어린이의 주먹 크기로 줄어들더니 다시 말을 이었습니다.{nl}[어때 이 정도 크기면 네 화살에 올라탈 수 있겠지?]{nl}리디아 샤펜은 잠시 무엇을 생각하다 말했습니다.{nl}[이 시합은 문제가 있어. 만약 네가 화살을 건드려서 땅에 떨구거나 해서 과녁을 못 맞히게 하면 네가 화살에 올라타든 못 타든 내가 지는 것이잖아?]{nl}리디아 샤펜의 말에 럼펠스틸스킨이 대답했습니다.{nl}	QUEST_JOBSTEP_20150317_000768	En répondant, Rumpelstiltskin{nl}commença à rétrécir son corps.{nl} Une fois réduit à la taille d'un{nl}poing d'enfant, Rumpelstiltskin{nl}déclara : « Eh bien, cette taille me{nl}permettra de chevaucher ta{nl}flèche, n'est-ce pas ? »{nl}Lydia Schaffen réfléchit un{nl}instant,{nl}« Il y a toutefois un problème. Si{nl}tu touches la flèche et la fais{nl}tomber au sol sans qu'elle{nl}n'atteigne jamais la cible, ne{nl}serait-ce pas malgré tout une{nl}défaite pour moi, que tu l'aies{nl}chevauchée ou non ? »{nl}Rumpelstiltskin lui répondit par{nl}ces mots.{nl}	그렇게 대답한 럼펠스틸스킨의 몸은 작아지기 시작했습니다. {nl}그는 어린이의 주먹 크기로 줄어들더니 다시 말을 이었습니다.{nl}“어때 이 정도 크기면 네 화살에 올라탈 수 있겠지?”{nl}리디아 샤펜은 잠시 무엇을 생각하다 말했습니다.{nl}“이 시합은 문제가 있어. 만약 네가 화살을 건드려서 땅에 떨구거나 해서 과녁을 못 맞히게 하면 네가 화살에 올라타든 못 타든 내가 지는 것이잖아?”{nl}리디아 샤펜의 말에 럼펠스틸스킨이 대답했습니다.{nl}	리디아 샤펜과 럼펠스틸스킨
QUEST_JOBSTEP_20150729_003007	« Alors que dirais-tu de ceci. Je{nl}gagne si je parviens à chevaucher{nl}ta flèche jusqu'à ce qu'elle{nl}atteigne la cible. »{nl} « Et si ta flèche tombe au sol, »{nl}continua-t-il, « alors nous{nl}perdons tous les deux. »{nl}Rumpelstiltskin ajouta : « Le jeu{nl}comptera trois manches, au{nl}meilleur des trois. »{nl}	[그럼 이렇게 하지. 내가 이기는 조건은 네 화살을 타고 표적까지 날아가기야.]{nl}{nl}[그전에 네가 그 화살에서 떨어진다면?]{nl}[그것도 내가 지는 것으로 하지. 그리고 시합은 세 차례 하는 걸로 하지. 그러니까 3번 겨뤄 2번 이기는 사람이 이기는 것이지.]{nl}	QUEST_JOBSTEP_20150317_000769	« Alors que dirais-tu de ceci. Je{nl}gagne si je parviens à chevaucher{nl}ta flèche jusqu'à ce qu'elle{nl}atteigne la cible. »{nl} « Et si ta flèche tombe au sol, »{nl}continua-t-il, « alors nous{nl}perdons tous les deux. »{nl}Rumpelstiltskin ajouta : « Le jeu{nl}comptera trois manches, au{nl}meilleur des trois. »{nl}	“그럼 이렇게 하지. 내가 이기는 조건은 네 화살을 타고 표적까지 날아가기야.”{nl}{nl}“그전에 네가 그 화살에서 떨어진다면?”{nl}“그것도 내가 지는 것으로 하지. 그리고 시합은 세 차례 하는 걸로 하지. 그러니까 3번 겨뤄 2번 이기는 사람이 이기는 것이지.”{nl}	리디아 샤펜과 럼펠스틸스킨
QUEST_JOBSTEP_20150729_003008	Après la réponse en apparence{nl}honnête de Rumpelstiltskin,{nl}Lydia Schaffen répliqua : « Très{nl}bien, encore une chose : je tirerai{nl}sur n'importe quelle cible, dans{nl}n'importe quelle direction.{nl}Je t'annoncerai la cible à chaque{nl}manche. Ainsi, tu ne pourras pas{nl}t'y habituer pour les deuxième et{nl}troisième manches. Cela te{nl}convient-il ?{nl}« Très bien, faisons ainsi »,{nl}accepta Rumpelstiltskin. {nl}Après s'être aussi entendus sur{nl}les conditions de la défaite, le jeu{nl}entre deux personnes, euh, une{nl}personne et un démon,{nl}commença.{nl}	럼펠스틸스킨이 그렇게 선선히 말하자 리디아 샤펜이 다시 말했습니다.{nl}[좋아. 그럼 한 가지만 더 말하지. 나는 지금 이 자리에서 아무 방향으로 아무 표적을 향해 쏠 거야. 두 번째나 세 번째에 네가 익숙해지지 않도록 말이지. 다만 차례마다 맞추는 표적은 미리 말해 주겠어. 어때 이 조건에 동의해?]{nl}[좋아. 그렇게 하지.]{nl}럼펠스틸스킨이 동의하고 패배할 경우 보상에 대해서도 합의한 다음; 두 사람, 아니 한 사람과 한 악마의 시합이 시작되었습니다. {nl}	QUEST_JOBSTEP_20150317_000770	Après la réponse en apparence{nl}honnête de Rumpelstiltskin,{nl}Lydia Schaffen répliqua : « Très{nl}bien, encore une chose : je tirerai{nl}sur n'importe quelle cible, dans{nl}n'importe quelle direction.{nl}Je t'annoncerai la cible à chaque{nl}manche. Ainsi, tu ne pourras pas{nl}t'y habituer pour les deuxième et{nl}troisième manches. Cela te{nl}convient-il ?{nl}« Très bien, faisons ainsi »,{nl}accepta Rumpelstiltskin. {nl}Après s'être aussi entendus sur{nl}les conditions de la défaite, le jeu{nl}entre deux personnes, euh, une{nl}personne et un démon,{nl}commença.{nl}	럼펠스틸스킨이 그렇게 선선히 말하자 리디아 샤펜이 다시 말했습니다.{nl}“좋아. 그럼 한 가지만 더 말하지. 나는 지금 이 자리에서 아무 방향으로 아무 표적을 향해 쏠 거야. 두 번째나 세 번째에 네가 익숙해지지 않도록 말이지. 다만 차례마다 맞추는 표적은 미리 말해 주겠어. 어때 이 조건에 동의해?”{nl}“좋아. 그렇게 하지.”{nl}럼펠스틸스킨이 동의하고 패배할 경우 보상에 대해서도 합의한 다음; 두 사람, 아니 한 사람과 한 악마의 시합이 시작되었습니다. {nl}	리디아 샤펜과 럼펠스틸스킨
QUEST_JOBSTEP_20150729_003009	Lydia Schaffen soupesa sa flèche,{nl}puis annonça la première cible :{nl}« Le plus grand arbre brun là-bas{nl}! »{nl}Sur ces mots, elle relâcha la{nl}flèche qui trancha l'air à une{nl}vitesse effroyable{nl}	리디아 샤펜이 화살을 잰 다음 목표를 불렀습니다. {nl}[저기 가장 큰 갈색 나무!]{nl}그리고 그 말과 함께 시위를 놓았고 화살은 무서운 속도로 바람을 갈랐습니다.{nl}	QUEST_JOBSTEP_20150317_000771	Lydia Schaffen soupesa sa flèche,{nl}puis annonça la première cible :{nl}« Le plus grand arbre brun là-bas{nl}! »{nl}Sur ces mots, elle relâcha la{nl}flèche qui trancha l'air à une{nl}vitesse effroyable{nl}	리디아 샤펜이 화살을 잰 다음 목표를 불렀습니다. {nl}“저기 가장 큰 갈색 나무!”{nl}그리고 그 말과 함께 시위를 놓았고 화살은 무서운 속도로 바람을 갈랐습니다.{nl}	리디아 샤펜과 럼펠스틸스킨
QUEST_JOBSTEP_20150729_003010	Rumpelstiltskin bondit avec{nl}agilité pour rattraper la flèche en{nl}vol, et après y être monté, la{nl}flèche transperça l'arbre. Tandis{nl}que la flèche continuait d'osciller,{nl}il dansa au rythme de l'oscillation{nl}et chanta un air inconnu.{nl}Lydia Schaffen soupesa à{nl}nouveau ses flèches, puis{nl}annonça :{nl}« Toutes les pommes de ce pin{nl}sur ma gauche, devant moi ! »{nl}Après avoir annoncé la cible,{nl}Lydia Schaffen déchaîna son{nl}talent divin d'archère. 	하지만 럼펠스틸스킨은 가벼운 동작으로 날아가는 화살을 추격해 그에 올라탄 후 화살이 나무에 꽂히자 부르르 떠는 진동에 맞춰 화살대 위에서 춤을 추며 알 수 없는 노래를 불렀습니다.{nl}리디아 샤펜이 다시 화살을 잰 후 외쳤습니다.{nl}[내 좌측 정면 소나무의 모든 솔방울!]{nl}그 말과 함께 리디아 샤펜의 신기에 가까운 궁술이 펼쳐졌지요. 	QUEST_JOBSTEP_20150317_000772	Rumpelstiltskin bondit avec{nl}agilité pour rattraper la flèche en{nl}vol, et après y être monté, la{nl}flèche transperça l'arbre. Tandis{nl}que la flèche continuait d'osciller,{nl}il dansa au rythme de l'oscillation{nl}et chanta un air inconnu.{nl}Lydia Schaffen soupesa à{nl}nouveau ses flèches, puis{nl}annonça :{nl}« Toutes les pommes de ce pin{nl}sur ma gauche, devant moi ! »{nl}Après avoir annoncé la cible,{nl}Lydia Schaffen déchaîna son{nl}talent divin d'archère. 	하지만 럼펠스틸스킨은 가벼운 동작으로 날아가는 화살을 추격해 그에 올라탄 후 화살이 나무에 꽂히자 부르르 떠는 진동에 맞춰 화살대 위에서 춤을 추며 알 수 없는 노래를 불렀습니다.{nl}리디아 샤펜이 다시 화살을 잰 후 외쳤습니다.{nl}“내 좌측 정면 소나무의 모든 솔방울!”{nl}그 말과 함께 리디아 샤펜의 신기에 가까운 궁술이 펼쳐졌지요. 	리디아 샤펜과 럼펠스틸스킨
QUEST_JOBSTEP_20150729_003011	« Voilà, j'ai réussi à m'asseoir sur{nl}chaque flèche avant que la{nl}dernière n'atteigne la cible. Je{nl}gagne. »{nl} Lydia Schaffen répondit :{nl}« Certes, je ne peux nier que tu{nl}t'es assis sur chaque flèche avant{nl}que la dernière n'atteigne sa{nl}cible. »{nl}	[어쨌거나 마지막 화살이 표적에 닿기 전에 모든 화살에 한 번씩 올라탔으니 이건 내가 이긴 거야.]{nl}리디아 샤펜이 말했습니다.{nl}[분명히 마지막 화살이 표적에 닿기 전에 모든 화살에 한 번씩 올라탔으니 네 말을 인정하지.]{nl}	QUEST_JOBSTEP_20150317_000775	« Voilà, j'ai réussi à m'asseoir sur{nl}chaque flèche avant que la{nl}dernière n'atteigne la cible. Je{nl}gagne. »{nl} Lydia Schaffen répondit :{nl}« Certes, je ne peux nier que tu{nl}t'es assis sur chaque flèche avant{nl}que la dernière n'atteigne sa{nl}cible. »{nl}	“어쨌거나 마지막 화살이 표적에 닿기 전에 모든 화살에 한 번씩 올라탔으니 이건 내가 이긴 거야.”{nl}리디아 샤펜이 말했습니다.{nl}“분명히 마지막 화살이 표적에 닿기 전에 모든 화살에 한 번씩 올라탔으니 네 말을 인정하지.”{nl}	리디아 샤펜과 럼펠스틸스킨
QUEST_JOBSTEP_20150729_003012	Rumpelstiltskin esquissa un{nl}sourire malveillant après avoir{nl}entendu les paroles de Lydia{nl}Schaffen et dit :{nl}« Cela signifie que j'ai gagné ce{nl}jeu. Maintenant, quant au gage{nl}dont nous avons convenu... »{nl}Avant que Rumpelstiltskin ne{nl}puisse terminer, Lydia Schaffen{nl}secoua la tête et déclara :{nl}« Ne me dis pas que, parce que tu{nl}as gagné deux manches, tu ne{nl}joueras pas la dernière ? C'est{nl}inacceptable, nous avions{nl}clairement promis de jouer trois{nl}manches, n'est-ce pas ? »{nl}	럼펠스틸스킨은 리디아 샤펜의 말에 사악한 미소를 지으며 말했습니다.{nl}[그럼 이제 이 시합은 내가 이겼군. 그러면 아까 말한 보상 말인데….]{nl}럼펠스틸스킨의 말이 이어지기 전에 리디아 샤펜이 고개를 젓고 말했습니다.{nl}[설마 네가 두 번 이겼다고 마지막 시합을 안 하겠다는 것인가? 나는 그렇게 못 하겠는데 더구나우리 약속은 어쨌거나 분명히 3번의 시합을 하기로 약속한 것이지 않나? 	QUEST_JOBSTEP_20150317_000776	Rumpelstiltskin esquissa un{nl}sourire malveillant après avoir{nl}entendu les paroles de Lydia{nl}Schaffen et dit :{nl}« Cela signifie que j'ai gagné ce{nl}jeu. Maintenant, quant au gage{nl}dont nous avons convenu... »{nl}Avant que Rumpelstiltskin ne{nl}puisse terminer, Lydia Schaffen{nl}secoua la tête et déclara :{nl}« Ne me dis pas que, parce que tu{nl}as gagné deux manches, tu ne{nl}joueras pas la dernière ? C'est{nl}inacceptable, nous avions{nl}clairement promis de jouer trois{nl}manches, n'est-ce pas ? »{nl}	럼펠스틸스킨은 리디아 샤펜의 말에 사악한 미소를 지으며 말했습니다.{nl}“그럼 이제 이 시합은 내가 이겼군. 그러면 아까 말한 보상 말인데….”{nl}럼펠스틸스킨의 말이 이어지기 전에 리디아 샤펜이 고개를 젓고 말했습니다.{nl}“설마 네가 두 번 이겼다고 마지막 시합을 안 하겠다는 것인가? 나는 그렇게 못 하겠는데 더구나우리 약속은 어쨌거나 분명히 3번의 시합을 하기로 약속한 것이지 않나? 	리디아 샤펜과 럼펠스틸스킨
QUEST_JOBSTEP_20150729_003013	« Le jeu ne s'achève pas avant la{nl}troisième manche, alors je trouve{nl}inutile de parler de gages avant{nl}que le jeu ne soit réellement{nl}terminé... »{nl}	3번의 시합을 다 하기 전에는 시합은 끝난 것이 아니고 시합이 끝나지 않은 상태에서 보상이니 뭐니 하는 것을 언급하는 일은 무의미하다고 생각하는데..]{nl}	QUEST_JOBSTEP_20150317_000777	« Le jeu ne s'achève pas avant la{nl}troisième manche, alors je trouve{nl}inutile de parler de gages avant{nl}que le jeu ne soit réellement{nl}terminé... »{nl}	3번의 시합을 다 하기 전에는 시합은 끝난 것이 아니고 시합이 끝나지 않은 상태에서 보상이니 뭐니 하는 것을 언급하는 일은 무의미하다고 생각하는데..”{nl}	리디아 샤펜과 럼펠스틸스킨
QUEST_JOBSTEP_20150729_003014	Reconnaissant qu'il avait déjà{nl}gagné deux manches et n'avait{nl}aucune raison de refuser la{nl}troisième, ainsi que le fait que le{nl}jeu n'était assurément pas encore{nl}terminé, Rumpelstiltskin n'eut{nl}d'autre choix que de se plier aux{nl}paroles de Lydia Schaffen.{nl}Et ainsi la manche finale débuta ;{nl}Lydia Schaffen soupesa sa{nl}dernière flèche, et annonça en{nl}tirant sur la corde :{nl}« Ma cible est... la lune dans le{nl}ciel ! »{nl}Rumpelstiltskin enfourcha la{nl}flèche dès qu'elle quitta la corde,{nl}et il ne tarda pas à réaliser ce qu'il{nl}venait d'entendre.	럼펠스틸스킨은 설사 이번 차례에 져도 어차피 자신이 2승을 거둔 상황이기 때문에 딱히 거절할이유가 없었고, 리디아 샤펜의 말대로 확실히 시합은 아직 끝나지 않았기 때문에 리디아 샤펜의 말에 따를 수밖에 없었습니다.{nl}그래서 마지막 시합이 시작되었고, 리디아 샤펜은 마지막 화살을 잰 후 그것을 당기며 외쳤습니다.{nl}[목표는 하늘의 저 달!]{nl}럼펠스틸스킨은 활이 시위를 떠나자마자 화살에 올라타 걸터앉은 자세로 있다가 곧, 자신이 무슨 말을 들었는지 깨달았습니다. 	QUEST_JOBSTEP_20150317_000778	Reconnaissant qu'il avait déjà{nl}gagné deux manches et n'avait{nl}aucune raison de refuser la{nl}troisième, ainsi que le fait que le{nl}jeu n'était assurément pas encore{nl}terminé, Rumpelstiltskin n'eut{nl}d'autre choix que de se plier aux{nl}paroles de Lydia Schaffen.{nl}Et ainsi la manche finale débuta ;{nl}Lydia Schaffen soupesa sa{nl}dernière flèche, et annonça en{nl}tirant sur la corde :{nl}« Ma cible est... la lune dans le{nl}ciel ! »{nl}Rumpelstiltskin enfourcha la{nl}flèche dès qu'elle quitta la corde,{nl}et il ne tarda pas à réaliser ce qu'il{nl}venait d'entendre.	럼펠스틸스킨은 설사 이번 차례에 져도 어차피 자신이 2승을 거둔 상황이기 때문에 딱히 거절할이유가 없었고, 리디아 샤펜의 말대로 확실히 시합은 아직 끝나지 않았기 때문에 리디아 샤펜의 말에 따를 수밖에 없었습니다.{nl}그래서 마지막 시합이 시작되었고, 리디아 샤펜은 마지막 화살을 잰 후 그것을 당기며 외쳤습니다.{nl}“목표는 하늘의 저 달!”{nl}럼펠스틸스킨은 활이 시위를 떠나자마자 화살에 올라타 걸터앉은 자세로 있다가 곧, 자신이 무슨 말을 들었는지 깨달았습니다. 	리디아 샤펜과 럼펠스틸스킨
QUEST_JOBSTEP_20150729_003015	Alors que Rumpelstiltskin,{nl}grinçant des dents, s'apprêtait à{nl}ouvrir la bouche, Lydia Schaffen{nl}déclara :{nl}« Pour que le jeu s'achève, tu dois{nl}chevaucher la flèche jusqu'à ce{nl}qu'elle atteigne sa cible. Le jeu ne{nl}peut se terminer avant. Si tu{nl}parviens à toucher la lune et à{nl}revenir, alors j'accepterai{nl}assurément le gage. »{nl}Ayant dit cela, Lydia Schaffen{nl}s'éloigna sous le regard de{nl}Rumpelstiltskin qui, grinçant des{nl}dents une fois de plus, ne pouvait{nl}changer le cours du jeu.	럼펠스틸스킨은 리디아 샤펜에게 이를 갈며 뭐라 하려고 했지만, 그전에 리디아 샤펜이 먼저 말을 꺼냈습니다.{nl}[시합이 끝나려면 반드시 네가 화살에 타고 과녁에 도착해야 해. 그전에는 시합이 끝난 것이 아니지. 네가 달에 닿은 후 내게 돌아오면 내 약속한 보상을 꼭 하지.] {nl}그렇게 말한 후 리디아 샤펜은 럼펠스틸스킨을 남겨두고 자기 길을 가기 시작했습니다. 럼펠스틸스킨은 그런 리디아 샤펜의 뒷모습을 보고 이를 갈았지만, 뾰족한 수가 없었습니다. 	QUEST_JOBSTEP_20150317_000780	Alors que Rumpelstiltskin,{nl}grinçant des dents, s'apprêtait à{nl}ouvrir la bouche, Lydia Schaffen{nl}déclara :{nl}« Pour que le jeu s'achève, tu dois{nl}chevaucher la flèche jusqu'à ce{nl}qu'elle atteigne sa cible. Le jeu ne{nl}peut se terminer avant. Si tu{nl}parviens à toucher la lune et à{nl}revenir, alors j'accepterai{nl}assurément le gage. »{nl}Ayant dit cela, Lydia Schaffen{nl}s'éloigna sous le regard de{nl}Rumpelstiltskin qui, grinçant des{nl}dents une fois de plus, ne pouvait{nl}changer le cours du jeu.	럼펠스틸스킨은 리디아 샤펜에게 이를 갈며 뭐라 하려고 했지만, 그전에 리디아 샤펜이 먼저 말을 꺼냈습니다.{nl}“시합이 끝나려면 반드시 네가 화살에 타고 과녁에 도착해야 해. 그전에는 시합이 끝난 것이 아니지. 네가 달에 닿은 후 내게 돌아오면 내 약속한 보상을 꼭 하지.” {nl}그렇게 말한 후 리디아 샤펜은 럼펠스틸스킨을 남겨두고 자기 길을 가기 시작했습니다. 럼펠스틸스킨은 그런 리디아 샤펜의 뒷모습을 보고 이를 갈았지만, 뾰족한 수가 없었습니다. 	리디아 샤펜과 럼펠스틸스킨
QUEST_JOBSTEP_20150729_003016	Je vais récupérer le sceau	인장을 수거해오겠다고 한다	QUEST_LV_0100_20150317_002398	Accepter	수락	
QUEST_JOBSTEP_20150729_003017	Dire que tu ne veux pas te mêler d'une affaire de famille	집안일에 끼고 싶지 않다고 한다	QUEST_LV_0200_20150317_001850	Refuser	거부	
QUEST_JOBSTEP_20150729_003018	Dire que c'est absurde	터무니없는 소리라고 한다				
QUEST_JOBSTEP_20150729_003019	J'aiderai assurément	당연히 돕겠다고 한다				
QUEST_JOBSTEP_20150729_003020	Cela ne m'intéresse pas	별로 관심없다고 한다	QUEST_LV_0200_20150317_001850	Refuser	거부	
QUEST_JOBSTEP_20150729_003021	Dire de croire en toi	믿고 맡겨두라고 한다	QUEST_LV_0100_20150317_002398	Accepter	수락	
QUEST_JOBSTEP_20150729_003022	Je ne veux pas me mêler d'une tâche suspecte	수상한 일에는 관여하지 않겠다고 한다	QUEST_LV_0200_20150317_001850	Refuser	거부	
QUEST_JOBSTEP_20150729_003023	Lui exposer les circonstances/TALK/3/TRACK_BEFORE/None	상황을 전하는 중/TALK/3/TRACK_BEFORE/None				
QUEST_JOBSTEP_20150729_003024	Les Amjina Éternels [Avancement Sorcier]	불노불사의 암지나스[소서러 전직]				
QUEST_JOBSTEP_20150729_003025	Je vais lui demander	물어보고 오겠다고 한다				
QUEST_JOBSTEP_20150729_003026	Lui dire d'y aller lui-même	직접 가라고 한다				
QUEST_JOBSTEP_20150729_003027	Transmission de ce que vous avez entendu/TALK/3/TRACK_BEFORE/None	들은 이야기를 전하는 중/TALK/3/TRACK_BEFORE/None				
QUEST_JOBSTEP_20150729_003028	J'abandonne, c'est effrayant	무서우니 관두겠다고 한다	QUEST_LV_0200_20150317_001850	Refuser	거부	
QUEST_JOBSTEP_20150729_003029	Lui dire de faire sa tâche lui-même	자기 일은 알아서 하라고 한다	QUEST_LV_0100_20150317_002395	J'attendrai alors	기다리겠다고 한다	
QUEST_JOBSTEP_20150729_003030	Récolter des Épingles de Queue de Desmodus au Sous-sol 1 de l'Église de Tenet	테넷 성당 지하 1층에서 데스모두스의 꼬리침 수집	QUEST_JOBSTEP_20150714_002811	Récolter les graines des Carcashus à Vallon de Septyni	셉티니 골에서 카르카슈의 씨앗 수집	
QUEST_JOBSTEP_20150729_003031	Le Maître Psychokinésiste t'a dit que ce domaine l'intéresse et t'a proposé de devenir son assistant. Obtiens les Épingles de queue de Desmodus dont le Maître Psychokinésiste a besoin au sous-sol 1 de l'Église de Tenet.	사이코키노 마스터는 이 분야에 관심이 있다면 잠시 자신의 조수가 되어 보는 것을 권했습니다. 사이코키노 마스터가 필요로 하는 테넷 성당 지하 1층에서 데스모두스의 꼬리침을 구해 오세요.	QUEST_JOBSTEP_20150714_002812	Le Maître Psychokinésiste t'a proposé de devenir son assistant si ce domaine t'intéresse. Obtiens les graines de Carcashus dont le Maître Psychokinésiste a besoin à Vallon de Septyni.	사이코키노 마스터는 이 분야에 관심이 있다면 잠시 자신의 조수가 되어 보는 것을 권했습니다. 사이코키노 마스터가 필요로 하는 셉티니 골에서 카르카슈의 씨앗을 구해 오세요.	
QUEST_JOBSTEP_20150729_003032	Assez d'Épingle de queue de Desmodus ont été obtenus. Retourne voir le Maître Psychokinésiste et remets-les-lui.	데스모두스의 꼬리침을 충분히 구했습니다. 사이코키노 마스터에게 돌아가 전해 주세요.	QUEST_JOBSTEP_20150714_002813	Assez de graines de Carcashus ont été obtenues à Vallon de Septyni. Retourne voir le Maître Psychokinésiste et remets-lui l'alcool de fleur.	셉티니 골에서 카르카슈의 씨앗을 충분히 구했습니다. 사이코키노 마스터에게 돌아가 꽃술을 전해 주세요.	
QUEST_JOBSTEP_20150729_003033	Obtenir des Écorces grossières sur les Yognome au sous-sol 1 de l'Église de Tenet.	테넷 성당 지하 1층의 요노움에게서 성긴 나무 껍질 획득				
QUEST_JOBSTEP_20150729_003034	Comme condition pour demander la coopération du Maître Peltaste de Klaipeda, obtiens des Écorces grossières sur les Yognome au sous-sol 1 de l'Église de Tenet et remets-les-lui.	클라페다에 있는 펠타스타 마스터에게 협조를 구하는 댓가로 테넷 성당 지하 1층의 요노움에게서 성긴 나무 껍질을 구해 전해 주세요.	QUEST_JOBSTEP_20150714_002819	Obtiens les écorces d'arbre grossières des Mentiwood en compensation de l'aide reçue du Maître Peltaste de Klaipeda.	클라페다에 있는 펠타스타 마스터에게 협조를 구하는 댓가로 멘티우드의 성긴 나무 껍질을 5개 구해 전해 주세요.	
QUEST_JOBSTEP_20150729_003035	Récolter des Griffes noires de Glizardon au sous-sol 1 de l'Église de Tenet.	테넷 성당 지하 1층의 글리자돈의 검은 손톱 수집				
QUEST_JOBSTEP_20150729_003036	Le Maître Peltaste t'a confié une mission. Obtiens des Griffes noires de Glizardon au sous-sol 1 de l'Église de Tenet.	펠타스타 마스터는 한 가지 임무를 맡겼습니다. 테넷 성당 지하 1층의 글리자돈의 검은 손톱을 구해 오세요.	QUEST_JOBSTEP_20150714_002821	Le Maître Peltaste t'a confié une mission. Obtiens les griffes des Biterose à Vallon de Septyni.	펠타스타 마스터는 한 가지 임무를 맡겼습니다. 셉티니 골에서 비테로스의 발톱을 구해 오세요.	
QUEST_JOBSTEP_20150729_003037	Les Griffes noires de Glizardon ont été obtenus. Remets-les au Maître Highlander à Klaipeda.	글리자돈의 검은 손톱을 구했습니다. 클라페다의 하이랜더 마스터에게 전해 주세요.				
QUEST_JOBSTEP_20150729_003038	Griffes Noires de Glizardon	글리자돈의 검은 손톱				
QUEST_JOBSTEP_20150729_003039	Vaincre un Glizardon au Sous-sol 1 de l'Église de Tenet	테넷 성당 지하 1층의 글리자돈 처치	QUEST_JOBSTEP_20150714_002826	Vaincre les Carcashus à Vallon de Septyni	셉티니 골의 카르카슈 처치	
QUEST_JOBSTEP_20150729_003040	Le Maître Épéiste veut que tu tires une leçon. Vaincs un Glizardon au sous-sol 1 de l'Église de Tenet et saisis le sens de ses paroles.	소드맨 마스터는 깨달음을 얻길 원하고 있습니다. 테넷 성당 지하 1층의 글리자돈을 처치하면서 소드맨 마스터가 한 말의 의미를 깨닫고 오세요.	QUEST_JOBSTEP_20150714_002827	Le Maître Épéiste veut être compris. En vainquant les Carcashus à Vallon de Septyni, saisis le sens de ses paroles.	소드맨 마스터는 깨달음을 얻길 원하고 있습니다. 셉티니 골의 카르카슈를 처치하면서 소드맨 마스터가 한 말의 의미를 깨닫고 오세요.	
QUEST_JOBSTEP_20150729_003041	Chercher les objets du grand pirate Vladslovas	대해적 블라디슬로바스의 물건 찾기	QUEST_JOBSTEP_20150717_002920	Choses à faire	할일	
QUEST_JOBSTEP_20150729_003042	Le Maître Corsaire veut retrouver les objets du grand pirate Vladslovas pour s'en servir comme preuve de sa victoire. Cherche les objets de Vladslovas engloutis par la mer à la Plaine de corail 32_1, qui était autrefois la mer. 	커세어 마스터는 과거 자신이 싸워 이겼던 대해적 블라디슬로바스의 물건을 찾아 승리의 증거로 쓰고 싶어 합니다. 과거 바다였던 산호평원 32_1에 가서 바다에 가라앉았다는 블라디슬로바스의 물건을 찾아보세요.	QUEST_JOBSTEP_20150717_002920	Choses à faire	할일	
QUEST_JOBSTEP_20150729_003043	Le collier brisé du grand pirate Vladslovas a été retrouvé. Retourne voir le Maître Corsaire.	대해적 블라디슬로바스의 부서진 목걸이를 찾았습니다. 커세어 마스터에게 돌아가세요.				
QUEST_JOBSTEP_20150729_003044	Récupérer le drapeau déchiré de l'armée royale	찢어진 왕국군의 군단기 회수	QUEST_JOBSTEP_20150717_002920	Choses à faire	할일	
QUEST_JOBSTEP_20150729_003045	Le Maître Centurion veut récupérer le drapeau de l'armée royale anéantie lors du Medzio Diena. Vaincs les monstres au Training Field of Conflict et récupère le drapeau déchiré de l'armée royale.	센츄리온 마스터는 신수의 날 전멸한 왕국군의 군단기를 되찾고 싶어합니다. 대립의 훈련장의 몬스터들을 처치해서 찢어진 왕국군의 군단기를 회수하세요.	QUEST_JOBSTEP_20150717_002920	Choses à faire	할일	
QUEST_JOBSTEP_20150729_003046	Tous les drapeaux déchirés de l'armée royale ont été récupérés. Retourne voir le Maître Centurion.	찢어진 왕국군의 군단기를 모두 모았습니다. 센츄리온 마스터에게 돌아가세요.	QUEST_JOBSTEP_20150717_002923	Retourner voir le Maître Centurion.	센츄리온 마스터에게 돌아가세요.	
QUEST_JOBSTEP_20150729_003047	Retrouver la trace du disparu 	실종된 사절의 행방 찾기	QUEST_JOBSTEP_20150717_002920	Choses à faire	할일	
QUEST_JOBSTEP_20150729_003048	Le Maître Doppelsoeldner t'a dit qu'il a perdu le contact avec l'envoyé censé le rencontrer à Chemin du pèlerin 36_2. Retrouve la trace de l'envoyé pour découvrir ce qui s'est passé.  	도펠죌트너 마스터는 자신과 만나기로 한 사절이 순례자의 길 36_2에서 연락이 끊겼다고 합니다. 무슨 일이 생긴 것인지 사절의 행방을 찾아보세요.	QUEST_JOBSTEP_20150717_002920	Choses à faire	할일	
QUEST_JOBSTEP_20150729_003049	Vaincre %s qui ont surgi	습격해온 %s 처치	QUEST_JOBSTEP_20150323_002333	Vaincre %s	%s 처치	
QUEST_JOBSTEP_20150729_003050	Recueillir les informations concernant les Amjina	암지나스에 대한 정보 수집				
QUEST_JOBSTEP_20150729_003051	Le Maître Sorcier t'a dit qu'il fait des recherches sur la vie éternelle. Recueille des informations sur les Amjina qui vivent une vie éternelle. Tu peux en apprendre davantage auprès du Maître Dievdirbys aux Bois de Siauliai ouest, du Maître Nécromancien au Passage de Mullers, et du Maître Chronomancien à la Route de la stèle.	소서러 마스터는 불로불사에 대해 연구하고 있다고 합니다. 영원한 삶을 산다고 하는 암지나스에 대한 정보를 모아오세요. 샤울레이 서쪽 숲의 딥디르비 마스터, 뮬러스 통로의 네크로맨서 마스터, 비석로의 크로노맨서 마스터에게서 이야기를 들을 수 있습니다.	QUEST_JOBSTEP_20150717_002920	Choses à faire	할일	
QUEST_JOBSTEP_20150729_003052	Tu as recueilli des témoignages des Amjina. Retourne voir le Maître Sorcier.	암지나스에게 이야기들을 들었습니다. 소서러 마스터에게 돌아가세요.	QUEST_JOBSTEP_20150717_002927	Retourner voir le Maître Sorcier.	소서러 마스터에게 돌아가세요.	
QUEST_JOBSTEP_20150729_003053	Explorer la Mine de Cristal	수정광산 탐사				
QUEST_JOBSTEP_20150729_003054	Le Maître Chronomancien enquêtera sur l'incident survenu à la Mine de cristal à la demande du Maître Alchimiste. Avec l'orbe de verre qui reflète le passé, atteins un taux d'exploration de 100 % dans les 1er et 2e districts de la Mine de cristal.	크로노맨서 마스터는 알케미스트 마스터의 부탁으로 수정광산에서 있었던 사건을 조사하는 일을 해주기로 했다고 합니다. 크로노맨서 마스터가 준 과거를 비추는 유리보주를 들고 수정광산 1광구와 2광구의 모든 지역의 맵 탐색율 100%를 달성하세요.				
QUEST_JOBSTEP_20150729_003055	Les souvenirs de la Mine de cristal sont suffisamment enregistrés dans l'orbe. Retourne voir le Maître Chronomancien.	수정광산의 기억이 보주에 충분히 기록되었습니다. 크로노맨서 마스터에게 돌아가세요.				
QUEST_JOBSTEP_20150729_003056	Obtenir les souvenirs d'où émanent de forts regrets	강한 미련이 느껴지는 유품 획득	QUEST_JOBSTEP_20150717_002920	Choses à faire	할일	
QUEST_JOBSTEP_20150729_003057	Le Maître Nécromancien veut créer des morts-vivants plus puissants avec des matériaux plus forts. Plus la rancune des morts est forte, meilleurs sont les matériaux ; obtiens donc au Sanctuaire de Videntis les souvenirs d'où émanent de forts regrets.	네크로맨서 마스터는 더 강한 소재로 더 강한 언데드를 제작하고 싶어합니다. 죽은 자의 원념이 강할수록 좋은 소재가 된다고 하니 바이덴티스 신당에서 강한 미련이 느껴지는 유품을 구해오세요.	QUEST_JOBSTEP_20150717_002920	Choses à faire	할일	
QUEST_JOBSTEP_20150729_003058	Le Maître Alchimiste t'a dit que pour enquêter sur la Mine de cristal, il a besoin de l'orbe contenant les souvenirs du passé du Maître Chronomancien. Obtiens l'orbe qui enregistre les souvenirs du passé auprès du Maître Chronomancien.	알케미스트 마스터는 수정광산을 조사하는 일을 하기 위해서는 크로노맨서 마스터가 가진 과거의 기억을 기록하는 보주가 필요하다고 합니다. 크로노맨서 마스터에게 가서 과거의 기억을 기록하는 보주를 받아오세요.	QUEST_JOBSTEP_20150717_002920	Choses à faire	할일	
QUEST_JOBSTEP_20150729_003059	L'orbe qui enregistre les souvenirs du passé a été obtenu. Retourne voir le Maître Alchimiste.	과거의 기억을 기록하는 보주를 얻었습니다. 알케미스트 마스터에게 돌아가세요.	QUEST_JOBSTEP_20150717_002935	Retourner voir le Maître Alchimiste.	알케미스트 마스터에게 돌아가세요.	
QUEST_JOBSTEP_20150729_003060	L'orbe qui enregistre les souvenirs du passé a été obtenu. Parle au Maître Alchimiste.	과거의 기억을 기록하는 보주를 구했습니다. 알케미스트 마스터와 이야기해보세요.				
QUEST_JOBSTEP_20150729_003061	Explorer la Mine de Cristal	수정광산 탐색				
QUEST_JOBSTEP_20150729_003062	Le Maître Alchimiste veut que tu enquêtes sur l'incident survenu à la Mine de cristal. Avec l'orbe de verre qui reflète le passé, remis par le Maître Chronomancien, atteins un taux d'exploration de 100 % dans toutes les régions des 1er et 2e districts de la Mine de cristal.	알케미스트 마스터는 수정광산에서 있었던 사건을 조사하라고 합니다. 크로노맨서 마스터가 준 과거를 비추는 유리보주를 들고 수정광산 1광구와 2광구의 모든 지역의 맵 탐색율 100%를 달성하세요.				
QUEST_JOBSTEP_20150730_003063	La voie de l'Alchimiste n'est pas facile.{nl}Nous devons d'abord vérifier si tu en es digne.	알케미스트는 그리 쉬운 길이 아닙니다.{nl}일단 당신이 그 격에 어울리는 사람인지 알아볼 필요가 있겠군요.	QUEST_JOBSTEP_20150729_002955	Tu veux devenir Alchimiste.{nl}Je vais vérifier si tu en es digne.	알케미스트가 되고 싶으시다고요.{nl}일단 당신이 그 격에 어울리는 사람인지 먼저 알아봐야겠습니다.	바이도타스
QUEST_JOBSTEP_20150730_003064	Le monde me connaît comme le Maître Écuyer.{nl}Mais je suis aussi l'unique survivant de la famille Legwyn.{nl}	세상이 아는 저는 스콰이어 마스터입니다만.{nl}르귄가의 유일한 생존자이기도 합니다.{nl}	QUEST_JOBSTEP_20150729_002956	Tu veux être un meilleur Écuyer.{nl}Si tu peux accomplir ma requête, je t'aiderai assurément.{nl}	스콰이어로서 더욱 정진하고자 하는 모양이군요.{nl}저의 의뢰를 해결해오신다면 기꺼이 돕도록 하겠어요.{nl}	스콰이어 마스터
QUEST_JOBSTEP_20150730_003065	En tant que dernier chef de la famille, j'essaie de la relever une fois encore.{nl}Si tu peux retrouver le sceau dans le manoir de la famille Legwyn, je t'enseignerai tout sur{nl}l'Écuyer.	저는 마지막 당주로써 가문을 다시 일으키려고 합니다.{nl}르귄 가문의 저택에서 인장을 찾아 주신다면 스콰이어의 모든 것을 전수해 드리겠어요.	QUEST_JOBSTEP_20150729_002957	La famille Legwyn possédait autrefois un manoir aujourd'hui en ruines.{nl}Il en est arrivé là à cause d'un certain incident... mais je ne veux pas qu'il reste ainsi.{nl}Je ne peux rien y faire pour le moment, mais rapporte au moins le sceau de la famille Legwyn{nl}qui s'y trouve, je te prie.	르귄가에는 지금은 폐허처럼 되어버린 저택이 있지요.{nl}좋지 않은 일로 그렇게 되어버렸지만.. 그런 꼴로 방치하고 싶진 않군요.{nl}지금 당장 큰일을 할 수는 없지만 적어도 그곳에서 르귄가의 인장을 수거해주세요.	스콰이어 마스터
QUEST_JOBSTEP_20150730_003066	Ce n'est pas grave s'il n'est pas intact.{nl}Si nous avons le sceau de la famille, nous pourrons faire savoir au monde que la famille Legwyn{nl}est toujours en vie.	완전히 온전하지 않아도 좋습니다.{nl}가문의 인장만 있다면 르귄 가는 아직 살아 있다는 것을 널리 알릴 수 있겠지요.	QUEST_JOBSTEP_20150729_002958	Tu trouveras le sceau qui brillait jadis en te rendant aux ruines du manoir de la famille Legwyn.{nl}Il est soit brisé, soit difficile à reconnaître dans sa forme d'origine... espérons que les monstres ne{nl}l'ont pas totalement détruit.	쇠락한 르귄가문의 저택에 가면 한때는 찬란하게 반짝였을 인장을 찾을 수 있을 겁니다.{nl}지금은 부서지거나 제 형체를 알아보기 힘들수도 있지만.. 어쩌면 몬스터들에 의해 박살났을 수도 있죠.	스콰이어 마스터
QUEST_JOBSTEP_20150730_003067	Quelle horreur...{nl}Si je deviens l'héritier officiel de la famille Legwyn, je ne pardonnerai pas cela.	이렇게 처참한 상태라니.. {nl}제가 르귄 가의 정식 상속자가 되면 절대 용서하지 않을 겁니다.{nl}	QUEST_JOBSTEP_20150729_002959	Quelle horreur... Si je deviens l'héritier officiel de la famille Legwyn, je ne laisserai pas les choses{nl}ainsi.{nl}Bien sûr, je n'oublierai pas de te récompenser en tant qu'Écuyer qui a accompli ma requête.	이런 처참한 상태라니.. 제가 르귄가의 정식 상속자가 된다면 이대로 두진 않을겁니다.{nl}물론 그전에 제 부탁을 잘 처리해주신 당신을 스콰이어로서 돕는 걸 잊진 않았습니다.	스콰이어 마스터
QUEST_JOBSTEP_20150730_003068	Bien sûr, je dois d'abord te rendre la pareille en tant que Maître Écuyer.	물론 그 전에, 스콰이어 마스터로써 당신께 보답하는 것이 먼저이겠지요.				스콰이어 마스터
QUEST_JOBSTEP_20150730_003069	C'était quand la Plaine de corail était encore la mer.{nl}J'ai autrefois affronté le grand pirate Vladslovas pour le trône des mers.{nl}	이건 산호 평원이 아직 바다였을 시절 이야기다.{nl}나는 블라디슬로바스라는 대해적과 왕좌의 자리를 놓고 결투 한 적이 있었지.{nl}	QUEST_JOBSTEP_20150729_002960	Cela ne me dérange pas de rencontrer quelqu'un qui veut apprendre de moi.{nl}Mais cela ne signifie pas que j'accepterai n'importe qui.{nl}	언제든지 나의 기술을 전수받고 싶어하는 자를 만나는 건 나쁘지 않은 기분이군.{nl}하지만 그렇다고 어중이떠중이 다 받아줄 수는 없는 노릇이지.{nl}	커세어 마스터
QUEST_JOBSTEP_20150730_003070	J'ai gagné à l'époque, mais j'ai laissé tomber dans la mer son collier, obtenu après l'avoir battu.{nl}La mer était très profonde alors, mais je pourrais le retrouver maintenant.	당연히 내가 이겼지만, 증거로 챙긴 그 녀석의 목걸이를 바다에 빠뜨리고 말았어.{nl}그 땐 워낙 깊은 바다라 포기했지만, 지금이라면 찾을 수 있을지도 모르겠군.	QUEST_JOBSTEP_20150729_002961	Quand la plaine de corail était encore sous les eaux, j'ai affronté le grand pirate Vladslovas pour{nl}décider qui était le plus fort.{nl}J'ai gagné, mais le collier de Vladslovas, que j'aurais dû prendre comme preuve de ma victoire,{nl}est tombé dans la mer.{nl}	지금은 육지가 되어버린 산호평원이 아직 바다였던 시절,{nl}나는 블라디슬로바스라는 대해적과 바다사나이의 자존심을 걸고 대전투를 벌인적이 있어.{nl}결과는 나의 승리였지만 그 증거로 챙겼어야 할 블라디슬로바스의 목걸이가 바다에 빠지고 말았지.{nl}	커세어 마스터
QUEST_JOBSTEP_20150730_003071	Si je le retrouve, ceux qui disaient que mes paroles n'étaient que du bluff seront surpris.{nl}Ce sera aux alentours de la Plaine de corail 32_1. Tu es le Corsaire que j'ai reconnu, tu le{nl}trouveras donc facilement.  	그것만 되찾으면 내가 허세라는 녀석들에게 크게 한 방 먹일 수 있어.{nl}산호평원 32_1쯤일거다. 너는 내가 인정한 커세어니 금방 찾을 수 있겠지.	QUEST_JOBSTEP_20150729_002963	Si je le retrouve, ceux qui pensaient que je bluffais seront très surpris !	그것만 되찾으면 내 말을 허세라고 하고 믿지 않는 녀석들에게 한방 먹일 수 있겠어.	커세어 마스터
QUEST_JOBSTEP_20150730_003072	Bien !{nl}Je t'enseignerai tout. 	역시! 어중이떠중이들보단 낫군.{nl}대해적인 이 몸이 네게 모든 걸 전수해주마.	QUEST_JOBSTEP_20150729_002964	Tu l'as vraiment trouvé !{nl}Il est très abîmé, mais je suis sûr que c'est lui.{nl}Bien, je t'enseignerai mes techniques comme promis !	정말 찾아왔군!{nl}아무래도 상당히 망가지긴 했지만 틀림없어.{nl}좋아, 약속대로 나의 기술을 전수해주지!	커세어 마스터
QUEST_JOBSTEP_20150730_003073	Bien joué. Il aurait mieux valu le retrouver un peu plus tôt.{nl}Je t'enseignerai la nouvelle formation en récompense. Elle est précise, donc bien plus puissante.	수고했네. 조금만 더 일찍 되찾았으면 좋았을 걸 후회되는군.{nl}보답으로 새로운 진형을 가르쳐 주겠다. 정교한 만큼 더 강력하지.	QUEST_JOBSTEP_20150729_002967	Le drapeau n'est pas en bon état... Il aurait mieux valu le retrouver un peu plus tôt...{nl}Mon cœur se serre de le voir dans cet état, mais je ne peux oublier toute l'aide que tu m'as{nl}apportée.{nl}Je t'aiderai à te développer vers un stade supérieur.	이런 상태라니.. 조금만 더 일찍 되찾았다면 좋았을걸..{nl}군단기의 상태가 이래서 마음이 좋지 않네만 수고해준 자네를 잊을 순 없지.{nl}한단계 더 발전할 수 있도록 내가 돕도록 하겠다.	센츄리온 마스터
QUEST_JOBSTEP_20150730_003074	Si tu es un Doppelsoeldner, tu dois faire quelque chose pour le royaume.{nl}Je veux le faire moi-même, mais comme cela doit rester discret, je ne me fais pas confiance pour{nl}gérer la situation.	자네가 도펠죌트너라면 왕국을 위해 반드시 나서줘야 할 일이 있네.{nl}내가 직접 나섰으면 하나 조용히 진행하고 있는 일인지라 너무 눈에 띄게 되지.	QUEST_JOBSTEP_20150729_002968	Tu es venu en apprendre davantage en tant que Doppelsoeldner ?{nl}Mais en ce moment, j'ai une tâche importante à accomplir...{nl}Oui, puisque j'ai confiance en toi, peux-tu faire ceci en guise d'épreuve ?{nl}	도펠죌트너로서 더 배우고 싶어서 찾아왔는가?{nl}헌데 내가 지금 아주 중요한 일이 있어서..{nl}그렇지, 자네라면 믿을 수는 있으니 이 일을 시험대신 하지 않겠나?{nl}	도펠죌트너 마스터
QUEST_JOBSTEP_20150730_003075	Merci de le dire. Retrouve l'envoyé du général Ramin aussi discrètement que possible, je te prie.{nl}Son dernier contact venait de Chemin du pèlerin 36_2.	그래 말해주니 고맙군. 자네는 긴밀히 라민 장군의 사절을 찾아주게. {nl}순례자의 길 36_2에서의 연락을 마지막으로 소식이 없군.	QUEST_JOBSTEP_20150729_002970	La personne que j'essaie de rencontrer est l'envoyé du général Ramin.{nl}Je n'ai plus de nouvelles depuis notre dernier contact à Chemin du pèlerin 36_2.{nl}Vas-y et découvre s'il se passe quelque chose.	내가 만나기로 한 사람은 라민 장군의 사절이네.{nl}순례자의 길 36_2에서의 연락을 마지막으로 소식이 없군.{nl}그곳으로 가서 무슨일이 있는 건 아닌지 알아봐주게.	도펠죌트너 마스터
QUEST_JOBSTEP_20150730_003076	Quel dommage. Je suppose qu'il a été attaqué par les monstres.{nl}Quoi qu'il en soit, puisque tu as rejoint les Doppelsoeldner, je te soutiendrai de tout mon être.	안타깝군. 필히 몬스터에게 당한 것일 테지.{nl}어쨌든 이걸로 자네도 도펠죌트너의 중요한 일원이 되었으니 내가 적극 지원해 주겠네.{nl}	QUEST_JOBSTEP_20150729_002971	Bon sang... Je ne veux pas y croire, mais d'après ce que tu viens de me dire, il semble qu'il soit{nl}mort sous les attaques des monstres.{nl}Je suppose que je dois contacter le général Ramin par un autre moyen.{nl}Ah, et garde cela secret, je te prie.{nl}	그런.. 믿고 싶지않지만 자네 말대로라면 몬스터에게 습격을 당해 불행한 죽음을 맞이한 모양이군.{nl}다른 방법으로 라민 장군에게 다시 연락을 해봐야겠다.{nl}아, 그리고 혹시나 해서 말해두지만 이 일은 다른 사람들에겐 비밀로 해두게.{nl}	도펠죌트너 마스터
QUEST_JOBSTEP_20150730_003077	Ah, et garde cela secret, je te prie.{nl}Je dois trouver un autre moyen de contacter le général Ramin.	아, 그리고 이 일은 다른 사람들에겐 절대 비밀로 해 두게.{nl}라민 장군께는 다른 방법으로 연락할 방법을 찾아야겠지.	QUEST_JOBSTEP_20150729_002972	Bien sûr, je n'ai pas oublié ma promesse.{nl}Je t'aiderai à devenir un meilleur Doppelsoeldner.	물론 자네에게 약속한 것도 잊지 않았지.{nl}도펠죌트너로서 성장하는 것을 돕도록 하겠다.	도펠죌트너 마스터
QUEST_JOBSTEP_20150730_003078	Si tu as déjà exploré complètement la zone par le passé, enregistre-le simplement dans l'orbe.{nl}Après avoir exploré toutes les zones de la Mine de cristal, utilise l'orbe pour enregistrer ton passé.	만약 당신이 과거에 이미 완벽히 탐색해두었다면 보주에 기록만 하시면 되요.{nl}수정광산의 모든 지역을 탐색한 뒤에 보주를 사용하시면 보주가 당신의 기억을 읽어서 과거를 기록해줄거에요.	QUEST_JOBSTEP_20150729_002981	Si tu as déjà exploré complètement ces régions par le passé, l'orbe lira tes souvenirs et enregistrera le passé.{nl}La tâche en sera bien plus facile.	만약 당신이 과거에 이미 완벽히 탐색해두었다면 보주는 당신의 기억을 읽어서 과거를 기록해줄거에요.{nl}그렇다면 일이 한결 수월하겠죠.	
QUEST_JOBSTEP_20150730_003079	Explorer chaque zone des 1er et 2e districts avec cet orbe.{nl}Si tu as déjà complètement exploré ces zones, enregistre-le simplement dans l'orbe.{nl}Après avoir atteint un taux d'exploration de 100 % dans ces zones, utilise l'orbe pour enregistrer ton passé.	이 보주를 가지고 수정광산 1광구와 2광구의 모든 지역을 탐색해주십시오.{nl}만약 과거에 이미 완벽히 탐색해둔 상태라면 보주에 바로 기록만 하시면 됩니다.{nl}모든 지역을 탐사하신 뒤 보주를 사용하면 소유자의 기억을 읽어서 과거를 기록해줄겁니다.	QUEST_JOBSTEP_20150729_002993	Explorer toutes les zones du 1er et du 2e district de la Mine de cristal avec cet orbe.{nl}Si tu les as déjà complètement explorées par le passé, l'orbe lira les souvenirs de son possesseur et enregistrera le passé.	이 보주를 가지고 수정광산 1광구와 2광구의 모든 지역을 탐색해주십시오.{nl}만약 과거에 이미 완벽히 탐색해둔 상태라면 보주는 소유자의 기억을 읽어서 과거를 기록해줄겁니다.	
QUEST_JOBSTEP_20150730_003080	Accepter	인장을 찾겠다고 한다				
QUEST_JOBSTEP_20150730_003081	Refuser	개인사에 끼고 싶지 않다고 한다				
QUEST_JOBSTEP_20150730_003082	Morceau du Sceau de la Famille Legwyn	르귄가의 인장 조각 수집	QUEST_JOBSTEP_20150717_002917	Morceau du Sceau de la Famille Legwyn	르귄가의 인장 조각	
QUEST_JOBSTEP_20150730_003083	Le Maître Écuyer dit avoir besoin du sceau de la famille Legwyn. Vaincs les monstres et récolte les morceaux du sceau de la famille Legwyn à la Résidence de la famille Legwyn déchue.	스콰이어 마스터는 가문을 재건하기 위해서는 르귄 가문의 인장이 필요하다고 합니다. 쇠락한 르귄 가문의 저택에서 몬스터를 처치하고 르귄가의 인장 조각을 모아 오세요.				
QUEST_JOBSTEP_20150730_003084	Parler au Maître Écuyer	스콰이어 마스터에게 전달				
QUEST_JOBSTEP_20150730_003085	Tous les morceaux du sceau de la famille Legwyn ont été récoltés. Retourne voir le Maître Écuyer.	르귄 가문의 인장 조각을 모두 모았습니다. 스콰이어 마스터에게 전해 주세요.				
QUEST_JOBSTEP_20150730_003086	Chercher le collier du grand pirate Vladslovas	대해적 블라디슬로바스의 목걸이 수색				
QUEST_JOBSTEP_20150730_003087	Le Maître Corsaire veut retrouver les objets du grand pirate Vladslovas pour s'en servir comme preuve de sa victoire. Cherche les objets de Vladslovas engloutis par la mer à la Plaine de corail 32_1, aujourd'hui asséchée. 	커세어 마스터는 과거 자신이 싸워 이겼던 대해적 블라디슬로바스의 목걸이를 되찾아 승리의 증거로 쓰고 싶어 합니다. 과거 바다였던 산호평원 32_1에서 블라디슬로바스의 목걸이를 찾아 보세요.	QUEST_JOBSTEP_20150729_003042	Le Maître Corsaire veut retrouver les objets du grand pirate Vladslovas pour s'en servir comme preuve de sa victoire. Cherche les objets de Vladslovas engloutis par la mer à la Plaine de corail 32_1, qui était autrefois la mer. 	커세어 마스터는 과거 자신이 싸워 이겼던 대해적 블라디슬로바스의 물건을 찾아 승리의 증거로 쓰고 싶어 합니다. 과거 바다였던 산호평원 32_1에 가서 바다에 가라앉았다는 블라디슬로바스의 물건을 찾아보세요.	
QUEST_JOBSTEP_20150730_003088	Il semble que l'envoyé soit mort. Retourne faire ton rapport au Maître Doppelsoeldner.	사절은 안타깝게도 죽임을 당한 것 같습니다. 도펠죌트너 마스터에게 돌아가 전해주세요.	QUEST_JOBSTEP_20150717_002925	Retourner voir le Maître Doppelsoeldner.	도펠죌트너 마스터에게 돌아가세요.	
QUEST_JOBSTEP_20150803_003089	Je fais des recherches sur la vie éternelle ces derniers temps.{nl}J'étudie divers documents, mais le mieux serait d'écouter ceux qui vivent déjà une vie éternelle.{nl}	최근 불로불사에 대해 연구중이야.{nl}여러 가지로 조사해보고 있지만, 역시 본인한테 듣는 게 제일 아니겠어?{nl}	QUEST_JOBSTEP_20150729_002973	Je fais des recherches sur la vie éternelle ces derniers temps.{nl}J'étudie divers documents, mais le mieux serait d'écouter quelqu'un qui vit une vie éternelle.{nl}Je veux entendre quelques Amjina encore présents en ce monde...{nl}	최근 불로불사에 대해 연구중이야.{nl}여러가지 자료라던지 조사해보고 있지만 역시 본인한테 듣는게 제일 아니겠어?{nl}지금 존재하는 영생자인 암지나스 중에 몇명한테 이야기를 조금 듣고 싶은데..{nl}	소서러 마스터
QUEST_JOBSTEP_20150803_003090	Ceux qui possèdent la vie éternelle sont appelés Amjina. Je veux que tu leur demandes comment{nl}ils vivent leur vie éternelle.{nl}Il n'est pas convenable que je leur rende visite en tant que maître, puisque nous, les maîtres,{nl}vivons en des lieux différents.	암지나스라고, 영생을 사는 사람들에게 네가 물어봐 주었으면 좋겠어.{nl}같은 마스터가 찾아가는 건 모양새도 좋지 않고, 너무 제각각 흩어져 지내잖아?	QUEST_JOBSTEP_20150729_002974	Il n'est pas convenable que je leur rende visite en tant que maître, et nous, les maîtres, sommes{nl}séparés depuis longtemps.{nl}Cela fait aussi partie des recherches du Sorcier, alors demande-leur comment ils vivent leur vie{nl}éternelle.{nl}Si tu peux faire cela pour moi, j'élèverai tes capacités de Sorcier d'un niveau.	같은 마스터가 찾아가는건 모양새도 좋지 않고 너무 제각각 흩어져 지내잖아.{nl}이것도 소서러로서 연구의 일환이니까 대신 암지나스가 영생하는 방법들에 대해서 물어봐주고 와줘.{nl}그렇다면 소서러의 힘을 한 단계 끌어올려주지.	소서러 마스터
QUEST_JOBSTEP_20150803_003091	Parmi les Amjina, il y a Sculpteur Tesla aux Bois de Siauliai ouest...{nl}Le Maître Nécromancien au Passage de Mullers, et le Maître Chronomancien à la Route de la{nl}stèle. Je compte sur toi.	그나마 소재가 확실한 암지나스는 샤울레이 서쪽 숲의 조각가 테슬라랑..{nl}뮬러스 통로의 네크로맨서 마스터, 비석로의 크로노맨서 마스터야. 부탁할게.	QUEST_JOBSTEP_20150729_002975	Parmi les Amjina, on a confirmé la présence du Maître Dievdirbys aux Bois de Siauliai ouest, du{nl}Maître Nécromancien au Passage de Mullers, et du Maître Chronomancien à la Route de la stèle.{nl}Demande à chacun d'eux comment il vit sa vie éternelle.	암지나스 중에 지금 소재가 확실한 사람은 샤울레이 서쪽 숲의 딥디르비 마스터, 뮬러스 통로의 네크로맨서 마스터, 비석로의 크로노맨서 마스터야.{nl}이 세 사람에게 각각의 영생하는 방법에 대해 물어보고 와줘.	소서러 마스터
QUEST_JOBSTEP_20150803_003092	Ces Amjina semblent tous avoir des raisons différentes derrière leur situation.{nl}Je devrais examiner chacune de plus près...{nl}	과연, 같은 암지나스라도 전혀 다르구나.{nl}나도 더 넓게 생각하고 찾아봐야겠는 걸.{nl}				소서러 마스터
QUEST_JOBSTEP_20150803_003093	Quoi qu'il en soit, merci d'avoir aidé mes recherches.{nl}En retour, je t'enseignerai tout le savoir qu'il te reste à acquérir sur ce qu'est un Sorcier.	어쨌든 내 연구를 도와줘서 정말 고마워.{nl}보답으로 소서러의 마지막 단계에 대해 가르쳐 줄게.	QUEST_JOBSTEP_20150729_002977	Bien, je te mènerai vers un niveau supérieur de Sorcier.	좋아, 이제 널 한 단계 높은 소서러로 이끌어줄게.	소서러 마스터
QUEST_JOBSTEP_20150803_003094	Tu es venu apprendre un niveau supérieur de notre magie, mais en ce moment j'aide Vaidotas{nl}de la famille Winterspoon, je ne peux donc pas t'aider pour l'instant.{nl}	크로노맨서의 고위 마법을 배우기 위해 찾아오셨군요.{nl}하지만 지금은 윈터스푼 가문의 당주인 바이도타스를 돕고 있어서 조금 곤란하네요.{nl}	QUEST_JOBSTEP_20150729_002978	Tu es venu améliorer tes capacités de Chronomancien.{nl}Mais en ce moment, j'aide à la tâche que m'a confiée le Maître Alchimiste de la famille{nl}Winterspoon, je ne peux donc pas t'aider pour l'instant.{nl}	크로노맨서의 능력을 더욱 발전시키기 위해 찾아오셨군요.{nl}하지만 지금은 윈터스푼 가문의 가주인 알케미스트 마스터가 부탁한 일을 돕고 있어서 곤란하네요.{nl}	크로노맨서 마스터
QUEST_JOBSTEP_20150803_003095	{nl}Si tu veux bien, peux-tu m'aider à enquêter sur la Mine de cristal ?{nl}Ainsi, je terminerai vite et me consacrerai à t'aider.	괜찮다면 수정광산 조사를 도와주시겠어요?{nl}그렇다면 빨리 일을 마치고 당신을 도울 수 있을 테니까요.	QUEST_JOBSTEP_20150729_002979	{nl}Si tu veux bien, peux-tu m'aider un peu plus dans cette tâche ?{nl}Ainsi, je la terminerai vite et je t'aiderai.	{nl}혹시 괜찮다면 이 일을 조금 도와주겠어요?{nl}그렇다면 저도 빨리 끝내고 당신을 도울 수 있겠지요.	크로노맨서 마스터
QUEST_JOBSTEP_20150803_003096	Avec cet orbe, explore l'ensemble des districts 1 et 2 de la Mine de cristal.{nl}Si tu l'as déjà fait, il te suffit de l'enregistrer dans l'orbe.	이 보주를 가지고 수정광산 1광구와 2광구의 모든 지역을 탐색하세요.{nl}만약 당신이 과거에 이미 완벽히 탐색해두었다면 보주에 기록만 하시면 될 겁니다.	QUEST_JOBSTEP_20150729_002980	Il semble que le Maître Alchimiste enquête sur la Mine de cristal. {nl}Pour cela, il m'a demandé de lui prêter mon orbe, qui lit le passé de la personne à qui il a{nl}appartenu.{nl}Explorer toutes les régions du 1er et du 2e district de la Mine de cristal.{nl} 	알케미스트 마스터는 수정광산에 대해 조사하는 모양이에요.{nl}그러기 위해서 소유자의 기억을 읽어 과거를 기록하는 저의 보주를 빌려달라고 했죠.{nl}이 보주를 가지고 수정광산 1광구와 2광구의 모든 지역을 탐색하세요.{nl}	크로노맨서 마스터
QUEST_JOBSTEP_20150803_003097	Tout a été enregistré.{nl}Bien. Je vais transmettre ceci à Vaidotas.{nl}À mon tour de t'aider.	확실히 기록되었네요. 좋아요, 이건 제가 바이도타스에게 전해주도록 하겠어요.{nl}이제 제가 당신을 도울 차례군요.	QUEST_JOBSTEP_20150729_002982	Tout a été enregistré.{nl}Bien. Je vais transmettre ceci au Maître Alchimiste.{nl}À mon tour de t'aider.	확실히 기록되었네요.{nl}좋아요, 이건 제가 알케미스트 마스터에게 전해주도록 하겠어요.{nl}이제 제가 당신을 도울 차례군요.	크로노맨서 마스터
QUEST_JOBSTEP_20150803_003098	Les pensées des morts... Tous les Nécromanciens veulent les posséder, surtout celles liées aux{nl}souvenirs perdus.{nl}	죽은 자의 사념.. 네크로맨서라면 누구나 갖고 싶어 하지.{nl}특히 주인 잃은 유품이라면 더더욱 말이다.{nl}	QUEST_JOBSTEP_20150729_002983	Le pouvoir du Nécromancien s'exprime toujours à travers les matériaux qui servent de{nl}catalyseurs.{nl}Ce pouvoir est influencé par les capacités du Nécromancien lui-même et par sa puissance.{nl}Si tu veux progresser en tant que Nécromancien, il est important d'obtenir ces matériaux. 	네크로맨서의 힘은 항상 촉매가 되는 소재를 통해 발현되지.{nl}그 힘은 네크로맨서 자신의 능력과 소재가 가진 힘에 모두 영향을 받아.{nl}네크로맨서로서 더 나아가려면 그런 소재를 구하는 것도 중요하지.{nl}	네크로맨서 마스터
QUEST_JOBSTEP_20150803_003099	D'après mes découvertes, une forte rancune tourbillonne autour du Sanctuaire de Videntis.{nl}Si tu peux obtenir ce qui cause cette rancune, je t'ouvrirai la porte d'un niveau supérieur de{nl}nécromancie.	무슨 일인지 몰라도 바이덴티스 신당엔 강한 원념이 소용돌이 치더군.{nl}그걸 구해온다면 널 더 높은 경지로 이끌어 주마.	QUEST_JOBSTEP_20150729_002984	D'après mes découvertes, une forte rancune tourbillonne autour du Sanctuaire de Videntis.{nl}En t'y rendant, tu trouveras des matériaux qui renferment les pensées des morts.{nl}Si tu peux les obtenir, je t'ouvrirai la porte d'un niveau supérieur de Nécromancien.	마침 내가 조사하다가 알아낸 바로는 무슨 일인지 바이덴티스 신당에 강한 원념이 소용돌이 치더군.{nl}그곳에 가면 죽은 자의 사념이 강하게 남은 소재를 구할 수 있을 거야.{nl}그걸 구해온다면 너에게 더 높은 경지의 네크로맨서로의 길을 열어주지.	네크로맨서 마스터
QUEST_JOBSTEP_20150803_003100	Si tu deviens capable de repérer ce genre d'objet, tu deviendras un Nécromancien plus fort.{nl}Pour l'instant, je te récompenserai si tu peux en trouver un.	너도 이런 물건을 보는 안목을 더 키운다면 강한 네크로맨서가 될 수 있을거야.{nl}지금은 이 물건에 대한 보답으로 내가 조금 도와주도록 하지.	QUEST_JOBSTEP_20150729_002986	Voici l'objet dont émane un fort regret.{nl}Si tu deviens capable de repérer ce genre d'objet, tu deviendras un Nécromancien plus fort.{nl}Pour l'instant, je vais t'aider en récompense de cet objet.	보기만해도 강한 미련이 느껴지는 물건이군.{nl}너도 이런 물건을 보는 안목을 더 키운다면 강한 네크로맨서가 될 수 있을거야.{nl}지금은 이 물건에 대한 보답으로 내가 조금 도와주도록 하지.	네크로맨서 마스터
QUEST_JOBSTEP_20150803_003101	Ah, tu tombes à pic. {nl}J'enquête sur la Mine de cristal, mais il serait dangereux de la laisser en l'état, alors je veux régler{nl}cela rapidement.{nl}	아, 마침 잘 오셨습니다. {nl}수정광산을 조사하고 있는데, 방치하면 위험하기 때문에 빨리 처리하려고 하거든요.{nl}	QUEST_JOBSTEP_20150729_002987	Tu es donc venu apprendre les capacités avancées de l'Alchimiste.{nl}Mais j'ai quelque chose d'urgent à faire, je ne peux donc pas enseigner pour le moment.{nl}Ce pourrait être dangereux de laisser cela en l'état, alors j'essaie de terminer vite.{nl}	더 높은 경지의 알케미스트의 능력을 전수받으러 오셨군요.{nl}헌데 지금 급한 일이 있어서 조금 곤란합니다.{nl}이대로 두면 위험할 수도 있는 일이라서 빨리 처리하려고 하거든요.{nl}	바이도타스
QUEST_JOBSTEP_20150803_003102	Si tu peux m'aider, je pense que l'enquête sera terminée plus tôt.{nl}Ce sera aussi une excellente occasion d'éprouver tes talents d'Alchimiste.	당신이 제 일을 도와 주신다면 조사를 빨리 마칠 수 있을 것 같군요.{nl}알케미스트로써 당신의 실력을 검증하는 좋은 기회도 되고요.	QUEST_JOBSTEP_20150729_002988	Peux-tu aider à cette tâche ?{nl}Ainsi, je t'enseignerai les capacités de l'Alchimiste en retour.	아니면 이 일을 조금 도와주시겠습니까?{nl}그렇다면 저도 당신의 실력에 대한 검증이라 생각하고 일이 끝나는 대로 당신에게 알케미스트의 능력을 전수해드리겠습니다.	바이도타스
QUEST_JOBSTEP_20150803_003103	Je suis heureux que Vaidotas m'ait demandé un service.{nl}Repars avec ceci.	바이도타스가 내게 부탁을 다 하다니 왠지 기쁘군요.{nl}이걸 가지고 돌아가보세요.	QUEST_JOBSTEP_20150729_002989	C'est donc le Maître Alchimiste qui t'envoie ?{nl}Je l'ai préparé puisque le chef de la famille Winterspoon l'a demandé.{nl}Repars avec ceci, je te prie.	알케미스트 마스터가 보내서 오셨다구요?{nl}그 일이라면 윈터스푼 가문의 가주가 부탁한 일이니 미리 준비해뒀습니다.{nl}이걸 가지고 돌아가보세요.	크로노맨서 마스터
QUEST_JOBSTEP_20150803_003104	Bien.{nl}J'ai besoin de l'orbe qui enregistre les souvenirs du passé, détenu par le Maître{nl}Chronomancien.{nl}Il est le chef de notre famille Winterspoon, je le lui ai donc demandé à l'avance. Dis-lui que c'est{nl}moi qui t'envoie.	좋습니다.{nl}먼저 크로노맨서 마스터님께 과거의 기억을 기록하는 보주를 빌려와 주세요.{nl}마침 저희 윈터스푼 가문의 어르신이시니 제가 보냈다고 하면 주실 겁니다.	QUEST_JOBSTEP_20150729_002990	Bien.{nl}J'enquête sur la Mine de cristal... J'ai besoin de l'orbe qui enregistre les souvenirs du Maître{nl}Chronomancien.{nl}Il est le chef de notre famille Winterspoon, je le lui ai donc demandé à l'avance. Dis-lui que c'est{nl}moi qui t'envoie.	좋습니다.{nl}수정광산을 조사하고 있는데.. 크로노맨서 마스터가 가진 과거의 기억을 기록하는 보주가 필요합니다.{nl}마침 저희 윈터스푼 가문의 어르신이셔서 제가 미리 부탁드려놨으니 제가 보냈다고 하고 받아오시면 됩니다.	바이도타스
QUEST_JOBSTEP_20150803_003105	Lucide... En fait, as-tu bien rencontré le Maître Chronomancien ?	루시드님.. 아니 크로노맨서 마스터님께 다녀오셨습니까?	QUEST_JOBSTEP_20150729_002991	Lucide... En fait, as-tu bien rencontré le Maître Chronomancien ?	루시드님.. 아니 크로노맨서 마스터에게는 잘 다녀오셨습니까?	바이도타스
QUEST_JOBSTEP_20150803_003106	L'orbe lit les souvenirs passés de son possesseur et les enregistre.{nl}Explore complètement les districts 1 et 2 de la Mine de cristal avec ceci.{nl}	이 보주는 소유자의 기억을 읽어 과거를 기록하는 힘이 있습니다.{nl}이걸 가지고 수정광산 1광구와 2광구의 모든 지역을 탐색해주세요.{nl}	QUEST_JOBSTEP_20150729_002992	Tu as bien rapporté l'orbe.{nl}L'orbe qui enregistre le passé a le pouvoir de lire les souvenirs de son possesseur et de les{nl}consigner.{nl}S'il te reconnaît comme son possesseur, il lira tes souvenirs, et s'il reste des zones à explorer, tu{nl}devras les découvrir par toi-même.	제대로 보주를 가져오셨군요.{nl}과거의 기억을 기록하는 보주는 소유자의 기억을 읽어 과거를 기록하는 힘이 있습니다.{nl}당신을 소유자로 인정하면 기억을 읽을 테고 더 조사해야할 부분은 직접 발로 뛰어서 탐색해주셔야 합니다.	바이도타스
QUEST_JOBSTEP_20150803_003107	Quand tu utilises cet orbe après une exploration complète, il lit les souvenirs de son possesseur{nl}et enregistre le passé.{nl}Si tu as déjà exploré ces régions par le passé, enregistre-le tout de suite dans l'orbe.{nl}	모든 지역을 조사하신 뒤에 보주를 사용하면 소유자의 기억을 읽어서 과거를 기록해줄 겁니다.{nl}이미 예전에 조사하신 적이 있다면 보주에 바로 기록하시고요.{nl}	QUEST_JOBSTEP_20150730_003079	Explorer chaque zone des 1er et 2e districts avec cet orbe.{nl}Si tu as déjà complètement exploré ces zones, enregistre-le simplement dans l'orbe.{nl}Après avoir atteint un taux d'exploration de 100 % dans ces zones, utilise l'orbe pour enregistrer{nl}ton passé.	이 보주를 가지고 수정광산 1광구와 2광구의 모든 지역을 탐색해주십시오.{nl}만약 과거에 이미 완벽히 탐색해둔 상태라면 보주에 바로 기록만 하시면 됩니다.{nl}모든 지역을 탐사하신 뒤 보주를 사용하면 소유자의 기억을 읽어서 과거를 기록해줄겁니다.	바이도타스
QUEST_JOBSTEP_20150803_003108	Bien joué. {nl}L'analyse prendra du temps, alors en attendant, je vais t'enseigner de nouvelles techniques{nl}d'alchimie.	정말 수고하셨습니다. {nl}이걸 확인하려면 시간이 좀 걸릴 테니 그 동안 새로운 연금술에 대해 가르쳐 드리지요.	QUEST_JOBSTEP_20150729_002994	Voici l'orbe du Maître Chronomancien.{nl}Tout a bien été enregistré.{nl}	과연 크로노맨서 마스터의 보주입니다.{nl}확실하게 기록되었군요.{nl}	바이도타스
QUEST_JOBSTEP_20150803_003109	Les Amjina Éternels [Avancement Sorcier]	불로불사의 암지나스[소서러 전직]				
QUEST_JOBSTEP_20150803_003110	Lui dire qu'il vaudrait mieux écouter directement	직접 듣는 게 좋겠다고 한다				
QUEST_JOBSTEP_20150803_003111	Je n'en ai pas le cran	그럴 용기는 없다고 한다	QUEST_JOBSTEP_20150729_003028	J'abandonne, c'est effrayant	무서우니 관두겠다고 한다	
QUEST_JOBSTEP_20150803_003112	Assez de baume a été reçu. Restaure la statue de la Déesse Vakarine à Fedimian et la statue de la Déesse Ausrine à Klaipeda.	향유를 넉넉히 받았습니다. 페디미안의 바카리네 여신상과 클라페다의 아우슈리네 여신상을 관리해 주세요.	QUEST_JOBSTEP_20150317_002015	Assez de baume a été reçu. Restaure la statue de Vakarine à Fedimian et à Klaipeda.	향유를 넉넉히 받았습니다. 페디미안의 바카리네 여신상과 클라페다의 바카리네 여신상을 관리해 주세요.	
QUEST_JOBSTEP_20150803_003113	Le Maître Sorcier veut en entendre davantage de la part des Amjina. Tu peux rencontrer le Maître Dievdirbys aux Bois de Siauliai ouest, le Maître Nécromancien au Passage de Mullers, et le Maître Chronomancien à la Route de la stèle.	소서러 마스터는 영생을 산다는 암지나스에게 이야기를 듣고 싶어 합니다. 샤울레이 서쪽 숲의 딥디르비 마스터, 뮬러스 통로의 네크로맨서 마스터, 비석로의 크로노맨서 마스터에게서 이야기를 들을 수 있습니다.				
QUEST_JOBSTEP_20150803_003114	Tu as entendu les Amjina parler de leur vie éternelle. Retourne voir le Maître Sorcier.	암지나스에게 영생에 대한 이야기를 들었습니다. 소서러 마스터에게 돌아가세요.				
QUEST_JOBSTEP_20150803_003115	Obtenir les souvenirs d'où émane un fort sentiment de regret.	강한 미련이 느껴지는 유품 수집	QUEST_JOBSTEP_20150729_003056	Obtenir les souvenirs d'où émanent de forts regrets	강한 미련이 느껴지는 유품 획득	
QUEST_JOBSTEP_20150803_003116	Le Maître Nécromancien veut des souvenirs chargés d'une rancune plus forte. Obtiens les souvenirs menaçants au Sanctuaire de Videntis.	네크로맨서 마스터는 강한 원념을 지닌 유품을 갖고 싶어 합니다. 바이덴티스 신당에서 강한 미련이 느껴지는 유품을 구해오세요.	QUEST_JOBSTEP_20150729_003057	Le Maître Nécromancien veut créer des morts-vivants plus puissants avec des matériaux plus forts. Plus la rancune des morts est forte, meilleurs sont les matériaux ; obtiens donc au Sanctuaire de Videntis les souvenirs d'où émanent de forts regrets.	네크로맨서 마스터는 더 강한 소재로 더 강한 언데드를 제작하고 싶어합니다. 죽은 자의 원념이 강할수록 좋은 소재가 된다고 하니 바이덴티스 신당에서 강한 미련이 느껴지는 유품을 구해오세요.	
QUEST_JOBSTEP_20150803_003117	Les souvenirs à l'aura pesante ont été récoltés. Retourne voir le Maître Nécromancien.	강한 미련이 느껴지는 유품을 모았습니다. 네크로맨서 마스터에게 돌아가세요.	QUEST_JOBSTEP_20150717_002931	Retourner voir le Maître Nécromancien.	네크로맨서 마스터에게 돌아가세요.	
QUEST_JOBSTEP_20150803_003118	Rencontrer Vaidotas au Village des Mineurs de Siauliai	샤울레이 광산 마을에 있는 바이도타스를 찾아가세요.				
QUEST_JOBSTEP_20150803_003119	Vaidotas t'a dit que pour enquêter sur la Mine de cristal, il a besoin de l'Orbe enregistreur des souvenirs passés. Obtiens l'Orbe enregistreur des souvenirs passés auprès du Maître Chronomancien.	바이도타스는 수정광산을 조사하는 일을 하기 위해서는 과거의 기억을 기록하는 보주가 필요하다고 합니다. 크로노맨서 마스터에게 가서 과거의 기억을 기록하는 보주를 받아오세요.	QUEST_JOBSTEP_20150729_003058	Le Maître Alchimiste t'a dit que pour enquêter sur la Mine de cristal, il a besoin de l'orbe contenant les souvenirs du passé du Maître Chronomancien. Obtiens l'orbe qui enregistre les souvenirs du passé auprès du Maître Chronomancien.	알케미스트 마스터는 수정광산을 조사하는 일을 하기 위해서는 크로노맨서 마스터가 가진 과거의 기억을 기록하는 보주가 필요하다고 합니다. 크로노맨서 마스터에게 가서 과거의 기억을 기록하는 보주를 받아오세요.	
QUEST_JOBSTEP_20150803_003120	L'orbe qui enregistre les souvenirs du passé a été emprunté. Retourne voir Vaidotas.	과거의 기억을 기록하는 보주를 빌렸습니다. 바이도타스게 돌아가세요.	QUEST_JOBSTEP_20150729_003059	L'orbe qui enregistre les souvenirs du passé a été obtenu. Retourne voir le Maître Alchimiste.	과거의 기억을 기록하는 보주를 얻었습니다. 알케미스트 마스터에게 돌아가세요.	
QUEST_JOBSTEP_20150803_003121	L'orbe qui enregistre les souvenirs du passé a été obtenu. Parle à Vaidotas.	과거의 기억을 기록하는 보주를 구했습니다. 바이도타스와 이야기해보세요.	QUEST_JOBSTEP_20150729_003060	L'orbe qui enregistre les souvenirs du passé a été obtenu. Parle au Maître Alchimiste.	과거의 기억을 기록하는 보주를 구했습니다. 알케미스트 마스터와 이야기해보세요.	
QUEST_JOBSTEP_20150803_003122	Vaidotas veut que tu enquêtes sur l'incident survenu à la Mine de cristal. Avec l'orbe de verre remis par le Maître Chronomancien et sa capacité à refléter le passé, atteins un taux d'exploration de 100 % dans les 1er et 2e districts de la Mine de cristal.	바이도타스는 수정광산에서 있었던 사건을 조사하라고 합니다. 크로노맨서 마스터가 준 과거를 비추는 유리보주를 들고 수정광산 1광구와 2광구의 모든 지역의 맵 탐색율 100%를 달성하세요.	QUEST_JOBSTEP_20150729_003062	Le Maître Alchimiste veut que tu enquêtes sur l'incident survenu à la Mine de cristal. Avec l'orbe de verre qui reflète le passé, remis par le Maître Chronomancien, atteins un taux d'exploration de 100 % dans toutes les régions des 1er et 2e districts de la Mine de cristal.	알케미스트 마스터는 수정광산에서 있었던 사건을 조사하라고 합니다. 크로노맨서 마스터가 준 과거를 비추는 유리보주를 들고 수정광산 1광구와 2광구의 모든 지역의 맵 탐색율 100%를 달성하세요.	
QUEST_JOBSTEP_20150803_003123	Les souvenirs de la Mine de cristal sont enregistrés dans l'orbe. Retourne voir Vaidotas.	수정광산의 기억을 보주에 기록하였습니다. 바이도타스에게 돌아가세요.	QUEST_JOBSTEP_20150729_003055	Les souvenirs de la Mine de cristal sont suffisamment enregistrés dans l'orbe. Retourne voir le Maître Chronomancien.	수정광산의 기억이 보주에 충분히 기록되었습니다. 크로노맨서 마스터에게 돌아가세요.	
QUEST_JOBSTEP_20150803_003124	Remettre discrètement le cadeau au Maître Éclaireur	스카우트 마스터에게 몰래 선물 전달	QUEST_JOBSTEP_20150717_002920	Choses à faire	할일	
QUEST_JOBSTEP_20150803_003125	Le Maître Roublard veut faire un cadeau surprise au Maître Éclaireur. Trouve le Maître Éclaireur au Portail du Grand Roi et glisse discrètement le cadeau dans sa poche.  Cela semble assez important pour lui — ils ont dû être proches à une époque.	로그 마스터는 한 때 친했던 스카우트 마스터와 소원해진 관계를 아쉬워하며 관계 회복을 위해 몰래 깜짝 선물을 전해주고자 합니다. 대왕의 관문에 있는 스카우트 마스터를 찾아가 뒤에서 몰래 주머니에 선물을 넣어두세요.	QUEST_JOBSTEP_20150717_002920	Choses à faire	할일	
QUEST_JOBSTEP_20150803_003126	Tu as réussi à déposer le cadeau sans être repéré. Retourne voir le Maître Roublard.	들키지 않고 몰래 선물을 전해주는데 성공했습니다. 로그 마스터에게 돌아가세요.	QUEST_JOBSTEP_20150717_002937	Retourner voir le Maître Roublard.	로그 마스터에게 돌아가세요.	
QUEST_JOBSTEP_20150803_003127	Chercher les traces de Lydia Schaffen	리디아 샤펜에 관한 단서 수색				
QUEST_JOBSTEP_20150803_003128	Le Maître Empenneur veut que tu cherches l'arc que le premier Maître Empenneur a fabriqué pour Lydia Schaffen. Retrouve l'arc au 31_1 de la Zone du canyon.	플레쳐 마스터는 초대 플레쳐 마스터가 리디아 샤펜을 위해 만들어 주었다는 화살을 찾고 싶어합니다. 협곡지대 36_1에서 초대 플레쳐 마스터의 화살을 찾아오세요.	QUEST_JOBSTEP_20150717_002920	Choses à faire	할일	
QUEST_JOBSTEP_20150803_003129	Les remettre au Maître Empenneur	플레쳐 마스터와 전달	QUEST_JOBSTEP_20150317_001727	Les remettre au Maître Empenneur	플레쳐 마스터에게 전달	
QUEST_JOBSTEP_20150803_003130	L'arc du premier Maître Empenneur a été retrouvé. Retourne voir le Maître Empenneur actuel.	초대 플레쳐 마스터의 화살을 찾았습니다. 플레쳐 마스터에게 돌아가세요.				
QUEST_JOBSTEP_20150908_003131	Remets l'objet du Maître Sapeur aux habitants de Klaipeda !	클라페다 사람들에게 새퍼 마스터의 물건을 전하세요!				
QUEST_JOBSTEP_20150908_003132	Rassemble un don et livre-le au Maître Clerc !	성금을 모아 클레릭 마스터에게 전달하세요!				
QUEST_JOBSTEP_20150908_003133	Soigne le patient du Village des mineurs de Siauliai !	샤울레이 광산 마을의 환자를 치료하세요!				
QUEST_JOBSTEP_20150908_003134	Le chat montre de l'intérêt !	고양이가 관심을 보입니다!				
QUEST_JOBSTEP_20150908_003135	Déposer l'Essence du soleil à l'endroit que gardait le Chapparition	채퍼리션이 지키던 자리에 태양의 항아리를 잘 놓아두세요!				
QUEST_JOBSTEP_20150908_003136	C'est une boîte vide	빈 상자입니다				
QUEST_JOBSTEP_20150908_003137	Expliquer la situation	상황을 전하는 중	QUEST_JOBSTEP_20150729_003023	Lui exposer les circonstances/TALK/3/TRACK_BEFORE/None	상황을 전하는 중/TALK/3/TRACK_BEFORE/None	
QUEST_JOBSTEP_20150908_003138	Expliquer ce que tu as entendu	들은 이야기를 전하는 중				
