UI_20150317_000001	{@st41b}Apprenez des Attributs{nl}auprès des maîtres de chaque classe.{/}	{@st41b}각 클래스 마스터들에게서{nl}특성을 배울 수 있습니다.{/}				
UI_20150317_000002	{@st43}Liste des Attributs {/}	{@st43}특성 목록{/}				
UI_20150317_000003	{@st59}Fermer{/}	{@st59}특성리스트를 닫습니다{/}				
UI_20150317_000004	{@st43}Apprendre des Attributs{/}	{@st43}특성 배우기{/}				
UI_20150317_000005	{@st59}Fermer{/}	{@st59}특성창을 닫습니다{/}				
UI_20150317_000006	{@st41b}Argent{/}	{@st41b}소지금{/}				
UI_20150317_000007	Mes Hauts Faits	나의 업적				
UI_20150317_000008	Classement du Serveur	서버 랭킹				
UI_20150317_000009	{@st59}Un événement inattendu est disponible.{/}	{@st59}돌발이벤트가 있습니다{/}				
UI_20150317_000010	{@st59}Il y a un nouveau message d'aide{/}	{@st59}도움말이 있습니다{/}				
UI_20150317_000011	{@st41}Voulez-vous vraiment fabriquer ce type de flèche ?{/}	{@st41}어떤 종류의 화살을 제작하겠습니까?{/}				
UI_20150317_000012	{@st41b}Une fois{/}	{@st41b}한번만{/}				
UI_20150317_000013	{@st41b}Tout{/}	{@st41b}모두{/}				
UI_20150317_000014	{@st41b}Pause{/}	{@st41b}중단{/}				
UI_20150317_000015	{@st43}Journal d'Aventure{/}	{@st43}모험일지{/}				
UI_20150317_000016	{@st43}Hôtel des Ventes{/}	{@st43}경매장{/}				
UI_20150317_000017	{@st59}Fermer{/}	{@st59}경매장을 닫습니다{/}				
UI_20150317_000018	{@st41b}Objets vendus : ×%s, Objets invendus : ×%s{/}	{@st41b}낙찰물품 : %s개,  유찰물품 : %s개{/}				
UI_20150317_000019	{@st43}{s22}Enchère d'Objets{/}	{@st43}{s22}아이템 경매{/}				
UI_20150317_000020	{@st59}Fermer{/}	{@st59}퀘스트 정보를 닫습니다{/}				
UI_20150317_000021	Availest	아베일레스트				
UI_20150317_000022	{@st41b}Temps Restant	{@st41b}남은 시간				
UI_20150317_000023	3 heures 16 minutes	3시간 16분				
UI_20150317_000024	{@st41b}Prix de Départ	{@st41b}시작가				
UI_20150317_000025	{@st41b}Enchères	{@st41b}입찰수				
UI_20150317_000026	{@st41b}Prix Actuel	{@st41b}현재가				
UI_20150317_000027	{@st41b}Prix de l'Enchère	{@st41b}입찰금				
UI_20150317_000028	{@st41b}Prix d'enchère minimum à partir de {@st57}%s{@st41b}argent{/}	{@st41b}최소 {@st57}%s {@st41b}실버부터 입찰가능{/}				
UI_20150317_000029	{@st41b}Enchérir{/}	{@st41b}입찰{/}				
UI_20150317_000030	{@st43b}Achat immédiat !{nl}{img icon_item_silver 20 20}{@st57}%s{/}	{@st43b}바로 구매!{nl}{img icon_item_silver 20 20}{@st57}%s{/}				
UI_20150317_000031	{@st44}Paramètres des Permissions{/}	{@st44}권한설정{/}				
UI_20150317_000032	{@st45}Nom : %s{/}	{@st45}이름:%s{/}				
UI_20150317_000033	{@st45}Coffre de Groupe{/}	{@st45}파티 창고{/}				
UI_20150317_000034	{@st49}Aucun	{@st49}없음				
UI_20150317_000035	{@st49}Déposer	{@st49}넣기				
UI_20150317_000036	{@st49}Récupérer	{@st49}가져오기				
UI_20150317_000037	{@st45}Sondage{/}	{@st45}설문{/}				
UI_20150317_000038	{@st49}Créer	{@st49}작성				
UI_20150317_000039	{@st49}Supprimer	{@st49}삭제				
UI_20150317_000040	{@st44}Enregistrer{/}	{@st44}저장{/}				
UI_20150317_000041	{@st44}Annuler{/}	{@st44}취소{/}				
UI_20150317_000042	{@st43}{s22}Boutique de Coiffures{/}	{@st43}{s22}미용실{/}				
UI_20150317_000043	{@st59}Coiffure Précédente{/}	{@st59}이전 머리{/}				
UI_20150317_000044	{@st59}Coiffure Suivante{/}	{@st59}다음 머리{/}				
UI_20150317_000045	{@st41b} Changer {s18} (100 TP requis) {/}	{@st41b}변경{s18}(NXP 100 필요){/}				
UI_20150317_000046	{@st59}Adopter la coiffure sélectionnée.{/}	{@st59}선택한 헤어로 변경합니다.{/}				
UI_20150317_000047	{@st41}Annuler	{@st41}해약				
UI_20150317_000048	{@st43}Marché Noir{/}	{@st43}블랙 마켓{/}				
UI_20150317_000049	Nom du Livre	책이름				
UI_20150317_000050	{@St59}Arrêter la Lecture{/}	{@st59}독서를 그만둡니다{/}				
UI_20150317_000051	{@st59}Page Précédente{/}	{@st59}이전 페이지{/}				
UI_20150317_000052	{@st59}Page Suivante{/}	{@st59}다음페이지{/}				
UI_20150317_000053	{@st47}%s est apparu !	{@st47}%s 등장!!				
UI_20150317_000054	{@st43}Score{/}	{@st43}스코어{/}				
UI_20150317_000055	Dégâts Reçus	받은 데미지				
UI_20150317_000056	Bonus de Technique	테크닉 보너스				
UI_20150317_000057	Bonus d'Esquive	회피 보너스				
UI_20150317_000058	Temps de Complétion	클리어 시간				
UI_20150317_000059	Score Total	총 점수				
UI_20150317_000060	{@st42}Temps Écoulé	{@st42}경과 시간				
UI_20150317_000061	10 minutes	10분				
UI_20150317_000062	10 secondes	10초				
UI_20150317_000063	{@st44}Terminer	{@st44}마감하기				
UI_20150317_000064	{@st59}Fermer{/}	{@st59}자판기를 닫습니다{/}				
UI_20150317_000065	{@st43}Distributeur de Buffs	{@st43}버프 자판기				
UI_20150317_000066	Nom du Distributeur	자판기 이름				
UI_20150317_000067	{@st43}Enregistrer	{@st43}등록				
UI_20150317_000068	{@st43}Annuler	{@st43}취소				
UI_20150317_000069	Distributeur de Buffs	버프 자판기				
UI_20150317_000070	{@st59}Fermer	{@st59}버프 자판기를 닫습니다.				
UI_20150317_000071	{@st59}Distributeur de buffs{nl} - Vous pouvez payer de l'argent pour recevoir des buffs{nl}d'un autre joueur.	{@st59}버프 자판기{nl} - 실버를 지불해 해당 플레이어에게 버프 기술을 시전받을 수 있습니다.				
UI_20150317_000072	Menu du Carrosse	마차메뉴				
UI_20150317_000073	{ol}{s22}Débarquer{/}	{ol}{s22}내리기{/}				
UI_20150317_000074	Incantation	캐스팅				
UI_20150317_000075	{@st43}Paramètres du Jeu{/}	{@st43}게임설정{/}				
UI_20150317_000076	{@st64}Utilisez les touches directionnelles pour sélectionner une case !	{@st64}방향키를 입력해 셀을 선택하세요!				
UI_20150317_000077	{@st43}Informations sur l'Avancement {/}	{@st43}전직 정보{/}				
UI_20150317_000078	{@st43}Choisir une Classe	{@st43}클래스 선택				
UI_20150317_000079	Psychokinésiste	사이코키네스스트				
UI_20150317_000080	{@st42}Cercle %s {/}	{@st42}%s 서클{/}				
UI_20150317_000081	Combien de cercles	몇 서클				
UI_20150317_000082	Affiche une brève description de la classe.	클래스에 대한 간단한 설명을 이곳에 표시합니다.				
UI_20150317_000083	{@st41b}Attaque {@sti7}%s{/}	{@st41b}공격력 {@sti7}%s{/}				
UI_20150317_000084	{@st41b}Soutien {@sti7}%s{/}	{@st41b}보조    {@sti7}%s{/}				
UI_20150317_000085	{@st41b}Difficulté{@sti7}%s{/}	{@st41b}난이도 {@sti7}%s{/}				
UI_20150317_000086	{@st59}Fermer{/}	{@st59}클래스 정보 창을 닫습니다{/}				
UI_20150317_000087	Alerte d'Avancement	전직 가능 알람				
UI_20150317_000088	{@st43} Avancement	{@st43}클래스 전직				
UI_20150317_000089	{@sti7}{s14} Personnage {/}	{@sti7}{s14}캐릭터{/}				
UI_20150317_000090	{@sti8}{s14} Classe {/}	{@sti8}{s14}클래스{/}				
UI_20150317_000091	{@st44}Discussion{/}	{@st44}채팅{/}				
UI_20150317_000092	À. WWWWWWWW et 1 autre	To. WWWWWWWW 외 1				
UI_20150317_000093	Général : /s discussion {nl} Cri : /y discussion {nl} Groupe : /p discussion{nl} Chuchotement : /w pseudo du personnage discussion	일반 : /s 내용{nl}외침 : /y 내용{nl}파티 : /p 내용{nl}귓속말 : /w 캐릭명 내용				
UI_20150317_000094	{@st41}Toute la Discussion{/}	{@st41}일반 대화{/}				
UI_20150317_000095	{@59}Quitter{/}	{@59}종료하기{/}				
UI_20150317_000096	{@59}Inviter{/}	{@59}초대하기{/}				
UI_20150317_000097	{@st59}Tout{/}	{@st59}전체{/}				
UI_20150317_000098	{@st59}Normal (/s discussion){/}	{@st59}일반  (/s 할말){/}				
UI_20150317_000099	{@st59}Cri (/y discussion){/}	{@st59}외침  (/y 할말){/}				
UI_20150317_000100	{@st59}Groupe (/p discussion){/}	{@st59}파티  (/p 할말){/}				
UI_20150317_000101	{@st59}Chuchotement (/w nom d'équipe discussion){/}	{@st59}귓속말   (/w 팀이름 할말){/}				
UI_20150317_000102	{@st59}Ajuster la Fenêtre de Discussion{/}	{@st59}채팅창 크기 조절{/}				
UI_20150317_000103	{@st43}{s22}Macro de Discussion{/}	{@st43}{s22}채팅 매크로{/}				
UI_20150317_000104	{@st43}Macro{/}	{@st43}매크로{/}				
UI_20150317_000105	{@st59b}Macro {nl} {@st59s} - Mode d'emploi : {nl} 1. Faites glisser une icône de geste vers un emplacement de geste en bas. {nl} 2. Écrivez votre phrase et enregistrez. {nl} 3. Utilisez le raccourci pour utiliser la phrase et faire le geste en même temps. {/}	{@st59b}매크로{nl}{@st59s} - 사용 방법 : {nl} 1. 상단의 제스쳐 아이콘을 하단의 제스쳐 슬롯에 등록{nl} 2. 대화문구 작성 후 저장{nl} 3. 해당 단축키를 사용해서 대사와 동시에 제스쳐 동작{/}				
UI_20150317_000106	{@st59}Fermer{/}	{@st59}매크로를 닫습니다{/}				
UI_20150317_000107	{@st41b}Enregistrer{/}	{@st41b}저장{/}				
UI_20150317_000108	{@st59}Enregistrer{/}	{@st59}등록한 내용을 저장합니다{/}				
UI_20150317_000109	{@st41b}Annuler{/}	{@st41b}취소{/}				
UI_20150317_000110	{@st59}Annuler{/}	{@st59}등록한 내용을 취소합니다{/}				
UI_20150317_000111	{@st42}Paramètres de Discussion	{@st42}채팅 설정				
UI_20150317_000112	{@st42}Transparence	{@st42}투명도				
UI_20150317_000113	Afficher la Bulle de Discussion	말풍선 표시				
UI_20150317_000114	Afficher les Cris en Haut	화면 상단에 외치기 내용 표시				
UI_20150317_000115	{@st43}Liste de Triches{/}	{@st43}치트리스트{/}				
UI_20150317_000116	{@st42b}Objet{/}	{@st42b}  아이템  {/}				
UI_20150317_000117	{@st42b}Monstre{/}	{@st42b}  몬스터  {/}				
UI_20150317_000118	{@st42b}Déplacer la carte{/}	{@st42b}  맵이동  {/}				
UI_20150317_000119	{@st42b}Ordre de Combat{/}	{@st42b}  전투명령  {/}				
UI_20150317_000120	{@st41b}Fermer{/}	{@st41b}닫기{/}				
UI_20150317_000121	{s16}{b}Créez des objets en cliquant sur le bouton Créer ou par double-clic.	{s16}{b}더블클릭 또는 생성 버튼으로 아이템을 생성할 수 있습니다.				
UI_20150317_000122	{s16}{b}pc	{s16}{b}개				
UI_20150317_000123	{s16}{b}Niv.	{s16}{b}레벨				
UI_20150317_000124	{@st41b}Rechercher{/}	{@st41b}검색{/}				
UI_20150317_000125	{s16}{b}Invoquez des monstres en cliquant sur le bouton Créer ou par double-clic.	{s16}{b}더블클릭 또는 생성버튼으로 몬스터를 소환할 수 있습니다.				
UI_20150317_000126	{s16}{b}pc	{s16}{b}마리				
UI_20150317_000127	{s16}{b}Sélectionnez une zone souhaitée.	{s16}{b}원하는 지역을 선택하세요				
UI_20150317_000128	{s18}{b}Afficher la Mini-carte{/}	{s18}{b}미니맵 보기{/}				
UI_20150317_000129	{@st41b}Liste d'Outils{/}	{@st41b}툴 리스트{/}				
UI_20150317_000130	{@st59b}Collection {nl}{@st59s}- Achetez le Deck de collection pour ajouter des objets à collectionner à votre collection. {nl} - Le raccourci de collection sera activé lorsque vous utiliserez l'objet Deck de collection. {nl} {/}	{@st59b}콜렉션{nl}{@st59s} - 게임내 콜렉션 덱을 구해 아이템을 수집하면 해당 아이템 수집 가능{nl} - 콜렉션 덱 아이템 사용했을 경우 콜렉션 단축키가 활성화{nl}{/}				
UI_20150317_000131	{@st59}Fermer{/}	{@st59}콜렉션 정보를 닫습니다{/}				
UI_20150317_000132	{@st43}Collection{/}	{@st43}콜렉션{/}				
UI_20150317_000133	{@st43}Bombe de Peinture{/}	{@st43}컬러스프레이{/}				
UI_20150317_000134	{@st49}Bombe de Peinture{/}	{@st49}컬러스프레이{/}				
UI_20150317_000135	{@st49}Couleur{/}	{@st49}색상{/}				
UI_20150317_000136	{@st49}Restant{/}	{@st49}잔량{/}				
UI_20150317_000137	{@st49}Pinceau{/}	{@st49}브러쉬{/}				
UI_20150317_000138	{@st49}{a END_EDIT_SPRAY}Dessiner{/}{/}	{@st49}{a END_EDIT_SPRAY}그리기{/}{/}				
UI_20150317_000139	{@st49}{a SAVE_EDIT_SPRAY}Enregistrer{/}{/}	{@st49}{a SAVE_EDIT_SPRAY}저장{/}{/}				
UI_20150317_000140	{@st49}{a LOAD_EDIT_SPRAY}Importer{/}{/}	{@st49}{a LOAD_EDIT_SPRAY}불러오기{/}{/}				
UI_20150317_000141	{@st49}Fermer{/}	{@st49}닫기{/}				
UI_20150317_000142	{@st43}Adoption de Compagnon	{@st43}컴패니언 분양				
UI_20150317_000143	{@st59}Entrez le nom de votre compagnon nouvellement adopté {/}	{@st59}분양 받을 컴패니언의 이름을 입력하세요{/}				
UI_20150317_000144	{@st41b}Nom{/}	{@st41b}이름{/}				
UI_20150317_000145	{@st41b}Prix %s{/}	{@st41b}가격     %s{/}				
UI_20150317_000146	{@st59}Fermer{/}	{@st59}컴패니엄 분양 창을 닫습니다{/}				
UI_20150317_000147	{@st41b}Adopter	{@st41b}분양				
UI_20150317_000148	{@st59}Confirmer{/}	{@st59}분양 받을 컴패니언을 결정합니다{/}				
UI_20150317_000149	{@st43}Boutique de Compagnons	{@st43}컴패니언 샵				
UI_20150317_000150	{@st59}Fermer{/}	{@st59}컴패니언 상점을 닫습니다{/}				
UI_20150317_000151	{@st43}Infos sur l'Autre Personnage{/}{@st42}	{@st43}다른 캐릭터 정보{/} {@st42}				
UI_20150317_000152	{@st59}Fermer{/}	{@st59}캐릭터 정보를 닫습니다{/}				
UI_20150317_000153	{@st41b}Informations	{@st41b}정보				
UI_20150317_000154	{@st41b}Historique	{@st41b}기록				
UI_20150317_000155	Nom d'Équipe	팀이륨				
UI_20150317_000156	Nom du Personnage	캐릭이륨				
UI_20150317_000157	Cercle {#ffff00}%s{/} %s Niv. {#ffff00}%s{/}	{#ffff00}%s{/}랭크 %s {#ffff00}%s{/}레벨				
UI_20150317_000158	Guerrier	젼샤				
UI_20150317_000159	Indice d'aventure {#ffff00}%s{/} (Rang{#ffff00}%s{/}/%s)	모험지수 {#ffff00}%s{/} ({#ffff00}%s{/}위/%s)				
UI_20150317_000160	Indice d'aventure {#ffff00}%s{/} ({#ffff00}Non classé{/})	모험지수 {#ffff00}%s{/} ({#ffff00}Unranked{/})				
UI_20150317_000161	Total des hauts faits : {#ffff00}%s{/}	업적달성 {#ffff00}%s{/}개				
UI_20150317_000162	Paramètres	설정				
UI_20150317_000163	Effacez le titre de l'onglet pour le supprimer.	탭 제목을 지우고 확인하면 탭이 삭제됩니다				
UI_20150317_000164	{@st49}Tout{/}	{@st49}전체{/}				
UI_20150317_000165	{@st49}Système{/}	{@st49}시스템{/}				
UI_20150317_000166	{@st49}Dialogue{/}	{@st49}대화{/}				
UI_20150317_000167	{@st49}Combat{/}	{@st49}전투{/}				
UI_20150317_000168	{@st49}Objet{/}	{@st49}아이템{/}				
UI_20150317_000169	{@st43}Crédits{/}	{@st43}크레딧{/}				
UI_20150317_000170	{@st43}Paramètres de verrouillage de cible {/}	{@st43}타겟 고정 설정 중{/}				
UI_20150317_000171	Nom du PNJ	엔피씨이름				
UI_20150317_000172	Comparer	비교				
UI_20150317_000173	Illustration	일러스트				
UI_20150317_000174	Sélectionnez une conversation	대화 선택				
UI_20150317_000175	Aide Textuelle	텍스트 헬프				
UI_20150317_000176	{@st41}Fabrication d'Objets{/}	{@st41}아이템 제조{/}				
UI_20150317_000177	{@st45tw2}Fabrication de l'objet en cours...	{@st45tw2}아이템 제작 중...				
UI_20150317_000178	%r secondes	%r 초				
UI_20150317_000179	{@st41}Annuler{/}	{@st41}취소{/}				
UI_20150317_000180	{@st45tw2}Quantité{/}	{@st45tw2}수량 {/}				
UI_20150317_000181	{@st45tw2}Voulez-vous fabriquer cet objet ?	{@st45tw2}아이템을 만드시겠습니까?				
UI_20150317_000182	{@st41}Confirmer{/}	{@st41}결정{/}				
UI_20150317_000183	Informations sur la Quête	퀘스트 정보				
UI_20150317_000184	{@st59}Annuler l'Échange{/}	{@st59}거래를취소합니다{/}				
UI_20150317_000185	{@st43}Échange Personnel{/}	{@st43}개인 거래{/}				
UI_20150317_000186	Ma Liste d'Échange	내 거래 목록				
UI_20150317_000187	Argent : %s	실버 : %s				
UI_20150317_000188	Entrer	입력				
UI_20150317_000189	{@st41}Accepter	{@st41}수락				
UI_20150317_000190	{@st41}Confirmer	{@st41}최종확인				
UI_20150317_000191	Liste d'échange de l'autre joueur (%s)	상대방(%s) 거래 목록				
UI_20150317_000192	Nom de l'Autre Joueur	상대방이름				
UI_20150317_000193	{s18}{ol} {gr gradation1}Événement de Terrain{/}	{s18}{ol}{gr gradation1}필드 이벤트{/}				
UI_20150317_000194	{s20}{ol}Vaincre la tribu Vubbe ! Voulez-vous participer ?	{s20}{ol}부베족을 물리쳐라! 참가하시겠습니까?				
UI_20150317_000195	{s20}{ol}%s Voulez-vous participer ?	{s20}{ol}%s 참가하시겠습니까?				
UI_20150317_000196	{s20}{ol}Participants : (1/5)	{s20}{ol}참가 인원 : (1/5)				
UI_20150317_000197	{s20}{ol}Participants : (%s/%s)	{s20}{ol}참가 인원 : (%s/%s)				
UI_20150317_000198	{s20}{ol}La partie commencera dans 1 seconde.	{s20}{ol}1초 후 게임이 시작됩니다.				
UI_20150317_000199	{s20}{ol}La partie commencera dans %s secondes.	{s20}{ol}%s초 후 게임이 시작됩니다.				
UI_20150317_000200	Ne plus afficher aujourd'hui.	오늘 하루 보지 않기.				
UI_20150317_000201	Ne plus afficher les événements de terrain.	필드 이벤트를 보지 않습니다.				
UI_20150317_000202	Rejoindre la Partie	게임 참여				
UI_20150317_000203	Démarrer une partie avec d'autres joueurs.	플레이어들과 게임을 시작합니다.				
UI_20150317_000204	Refuser l'invitation à la partie.	게임 참여를 하지 않습니다.				
UI_20150317_000205	Préréglages de Bombe	스프레이 프리셋				
UI_20150317_000206	{@st49}Sélectionner{/}	{@st49}선택{/}				
UI_20150317_000207	{@st49}Annuler{/}	{@st49}취소{/}				
UI_20150317_000208	{@st49}Supprimer{/}	{@st49}삭제{/}				
UI_20150317_000209	Entrez un nom de fichier pour enregistrer.	저장할 파일의 이름을 입력합니다.				
UI_20150317_000210	{@st43}Amis	{@st43}친구				
UI_20150317_000211	{@st59}Fermer{/}	{@st59}친구 목록를 닫습니다{/}				
UI_20150317_000212	{@st59b}Amis{nl}{@st59s} - Devenez ami avec d'autres joueurs du jeu. {nl} - Vous pouvez consulter le statut de vos amis dans l'onglet Liste d'amis. {nl} - Dans l'onglet Gérer, vous pouvez inviter, refuser ou bloquer vos amis. {/}	{@st59b}친구{nl}{@st59s} - 친구 관계는 계정 사이에 생성{nl} - 목록 탭에서 친구들의 상태 확인/삭제 가능{nl} - 관리 탭에서 초대, 거절, 차단 등의 내용을 확인{/}				
UI_20150317_000213	{@st41b}Afficher en Ligne{/}	{@st41b}접속한 친구만 보기{/}				
UI_20150317_000214	{@st41b}Liste	{@st41b}목록				
UI_20150317_000215	{@st41b}Gérer	{@st41b}관리				
UI_20150317_000216	{@st41b}Envoyer une Demande d'Ami	{@st41b}친구 신청				
UI_20150317_000217	{@st41b}Bloquer	{@st41b}차단				
UI_20150317_000218	{@st59}Rechercher{/}	{@st59}검색{/}				
UI_20150317_000219	{@st44}Guilde{/}	{@st44}길드{/}				
UI_20150317_000220	Guilde	길드				
UI_20150317_000221	Liste	명단				
UI_20150317_000222	Actualités	새소식				
UI_20150317_000223	Mission de Guilde	길드미션				
UI_20150317_000224	Membres en Ligne	접속중인 구성원 수				
UI_20150317_000225	{@st44}Créer une Guilde{/}	{@st44}길드생성{/}				
UI_20150317_000226	{@st42}Créer{/}	{@st42}생성{/}				
UI_20150317_000227	{@st42}Fermer{/}	{@st42}닫기{/}				
UI_20150317_000228	{@st42}Tout{/}	{@st42}전체{/}				
UI_20150317_000229	{@st42}Classement du Jour{/}	{@st42}오늘랭킹{/}				
UI_20150317_000230	{@st42}Classement Hebdomadaire{/}	{@st42}주간랭킹{/}				
UI_20150317_000231	{@st56}Rang {/}	{@st56}순위{/}				
UI_20150317_000232	{@st56}Points{/}	{@st56}점수{/}				
UI_20150317_000233	{@st56}Classe{/}	{@st56}직업{/}				
UI_20150317_000234	{@st56}Nom {/}	{@st56}이름{/}				
UI_20150317_000235	Page Précédente	이전 페이지				
UI_20150317_000236	Page Suivante	다음 페이지				
UI_20150317_000237	{@st42}Rechercher un ID{/}	{@st42}ID 검색{/}				
UI_20150317_000238	Entrez l'ID à rechercher	입력한 ID를 검색합니다				
UI_20150317_000239	Fermer le Temple de la Renommée	명예의 전당을 닫습니다				
UI_20150317_000240	Entrez l'ID à rechercher	검색할 ID를 입력합니다				
UI_20150317_000241	{@st59} Endurance {/}	{@st59}스태미나{/}				
UI_20150317_000242	{@st43}Liste d'Aide{/}	{@st43}도움말 목록{/}				
UI_20150317_000243	{@st59}Fermer{/}	{@st59}도움말 목록 창을 닫습니다{/}				
UI_20150317_000244	{@st59b}Liste d'aide{nl}{@st59s} - Si vous avez besoin d'aide, vous pouvez toujours consulter les sujets d'aide. {nl} - Sélectionnez un sujet pour en savoir plus. {/}	{@st59b}도움말 목록{nl}{@st59s} - 읽었던 도움말들을 목록에서 다시 확인 가능{nl} - 원하는 항목을 선택해서 상세 보기{/}				
UI_20150317_000245	{@st43}{s22}Aide{/}	{@st43}{s22}도움말{/}				
UI_20150317_000246	{@st47_b}{b}Sujets d'Aide{/}	{@st47_b}{b}도움말 제목{/}				
UI_20150317_000247	{@st42b}Contenu d'Aide Simplifié{/}	{@st42b}심플 도움말내용{/}				
UI_20150317_000248	{@st59}Voir les détails{/}	{@st59}자세하게 보기{/}				
UI_20150317_000249	Veuillez entrer une quantité	수량을 입력하세요				
UI_20150317_000250	{@st59}Entrez le contenu{/}	{@st59}내용을 입력합니다{/}				
UI_20150317_000251	{@st41b}Confirmer	{@st41b}확인				
UI_20150317_000252	{@st59}Confirmer {/}	{@st59}입력 내용을 확인합니다{/}				
UI_20150317_000253	{@st41b}Fermer	{@st41b}닫기				
UI_20150317_000254	{@st59}Annuler {/}	{@st59}입력을 취소합니다{/}				
UI_20150317_000255	{@st43}Téléportation{/}	{@st43}워프{/}				
UI_20150317_000256	{@st59}Fermer{/}	{@st59}워프 창을 닫습니다{/}				
UI_20150317_000257	{@st59b}Téléportation{nl}{@st59s} - Vous permet de voyager rapidement vers des régions déjà visitées. {nl} - Cette fonction s'active quand deux points de téléportation ou plus sont disponibles. {nl} {/}	{@st59b}워프{nl}{@st59s} - 자신이 방문한 지역으로 워프할 수 있는 시스템{nl} - 워프가 2개이상일때 워프 기능 활성화{nl}{/}				
UI_20150317_000258	{@st41}Position actuelle : %s{/}	{@st41}현재 위치 : %s{/}				
UI_20150317_000259	{@st43}{s22}Téléportation{/}	{@st43}{s22}워프{/}				
UI_20150317_000260	{@st41b}Voulez-vous vous déplacer vers cette zone ?{/}	{@st41b}이 지역으로 이동하시겠습니까?{/}				
UI_20150317_000261	Qu'en est-il de Siauliai	사울레이 어쩌고				
UI_20150317_000262	Pièces consommées : 0	소모 코인 : 0				
UI_20150317_000263	Intro	인트로				
UI_20150317_000264	{@st43}Inventaire{/}	{@st43}인벤토리{/}				
UI_20150317_000265	{@st59}Fermer{/}	{@st59}인벤토리를 닫습니다{/}				
UI_20150317_000266	{@st59b}Équipement {nl} {@st59s}- Coiffure/Costume : équipement pour changer l'apparence d'un{nl}personnage. {nl} - Arme : possibilité d'équiper une arme à une main ou à deux{nl}mains {nl} (une arme secondaire/bouclier peut être équipée avec une arme{nl}à une main) {nl} - Armure : Haut, Bas, Gants, Chaussures. {nl} - Accessoires : possibilité d'équiper 1 collier et 2 bracelets. {nl} {/}	{@st59b}착용장비{nl}{@st59s} - 헤어/코스튬 : 외형 변경 가능 아이템 착용{nl} - 무기 : 한손 장비 및 양손 장비 착용 가능{nl}   (한손 장비 착용시 서브웨폰/방패 착용 가능 ){nl} - 방어구 : 상의, 하의, 장갑, 신발 착용{nl} - 악세서리 : 목걸이 1개, 팔찌 2개 착용{nl}{/}				
UI_20150317_000267	{@st59}Coiffure 1{/}	{@st59}헤어 코스튬1{/}				
UI_20150317_000268	{@st59}Coiffure 2{/}	{@st59}헤어 코스튬2{/}				
UI_20150317_000269	{@st59}Collier{/}	{@st59}목걸이{/}				
UI_20150317_000270	{@st59}Costume{/}	{@st59}코스튬{/}				
UI_20150317_000271	{@st59}Haut{/}	{@st59}상의{/}				
UI_20150317_000272	{@st59}Gants{/}	{@st59}장갑{/}				
UI_20150317_000273	{@st59}Bas{/}	{@st59}하의{/}				
UI_20150317_000274	{@st59}Chaussures{/}	{@st59}신발{/}				
UI_20150317_000275	{@st59}Main gauche{/}	{@st59}왼손{/}				
UI_20150317_000276	{@st59}Main droite{/}	{@st59}오른손{/}				
UI_20150317_000277	{@st59}Bracelet 1{/}	{@st59}팔찌1{/}				
UI_20150317_000278	{@st59}Bracelet 2{/}	{@st59}팔찌2{/}				
UI_20150317_000279	{@st59}Brassard{/}	{@st59}암밴드{/}				
UI_20150317_000280	{@st59}Rechercher{/}	{@st59}입력한 이름으로 검색합니다{/}				
UI_20150317_000281	Poids	무게				
UI_20150317_000282	{@st43}Buff d'Équipement{/}	{@st43}장비 버프{/}				
UI_20150317_000283	{@st59}Fermer{/}	{@st59}수리 UI를 닫습니다{/}				
UI_20150317_000284	{@st42}Disponible pour Buff	{@st42}버프 가능 장비 목록				
UI_20150317_000285	{@st42}Consommer{/}	{@st42}소모 아이템{/}				
UI_20150317_000286	{@st42}Lancer	{@st42}실행				
UI_20150317_000287	{@st42}Objet Ciblé{/}	{@st42}타겟 아이템{/}				
UI_20150317_000288	{@st59}Anneau 1{/}	{@st59}링1{/}				
UI_20150317_000289	{@st43}Fabrication d'Objets{/}	{@st43}아이템 제작{/}				
UI_20150317_000290	{@st42b}Afficher les Objets Fabricables{/}	{@st42b}재료가 있는 것만 보기{/}				
UI_20150317_000291	{@st59}Fermer{/}	{@st59}아이템 제작을 닫습니다{/}				
UI_20150317_000292	{@st43}{s22}Diviser l'Objet	{@st43}{s22}아이템 나누기				
UI_20150317_000293	{@st59}Entrez une quantité{/}	{@st59}개수를 입력하세요{/}				
UI_20150317_000294	Barre de Vie des Monstres	몬스터 체력게이지				
UI_20150317_000295	{@st44}Ensemble d'objets obtenu{/}	{@st44}세트 아이템 획득{/}				
UI_20150317_000296	Guerrier du Clavier	키보드 워리어				
UI_20150317_000297	Éliminations	킬				
UI_20150317_000298	99 minutes 99 secondes	99분 99초				
UI_20150317_000299	38 000 points	38000 점				
UI_20150317_000300	Potion de Vitesse Améliorée	향상된 신속의 물약				
UI_20150317_000301	{@st41}Confirmer{/}	{@st41}확 인{/}				
UI_20150317_000302	{@st59b} Journal d'aventure {nl}{@st59s}- Votre progression est enregistrée dans le Journal d'aventure. {nl} - Vous pouvez augmenter votre Indice d'aventure grâce à des contenus tels que : obtenir des objets, chasser des monstres, fabriquer des objets et explorer la carte.{nl}    Indice d'aventure : Le total de tous vos indices. {nl}    Croissance : 5 points par niveau de personnage et niveau de classe {nl}    Objets : Équipement : grade X 10 points, Livres : 10 points, Autres : 1 point {nl}    Monstres : 10 points par monstre (50 points pour les monstres Boss) {nl}    Cartes : 1 point par 10 % exploré {nl}    Quêtes : 1 point par quête {nl}    Hauts Faits : Variable selon le haut fait {nl}    Fabrication : 10 points {nl}    Collection : 5 points pour un deck et 45 points une fois complété {nl} - Vous pouvez recevoir des récompenses spéciales d'un PNJ en ville selon votre Indice d'aventure. {/}	{@st59b}모험일지{nl}{@st59s} - 자신의 진행한 정보가 모험일지에 기록{nl} - 아이템 습득, 몬스터 사냥, 제작, 맵탐험, 콘텐츠 진행으로 모험지수 획득{nl}    모험지수 : 다른 모든 지수의 총 합{nl}    성장 : 레벨 및 직업 레벨당 5점{nl}    아이템 : 장비 : 등급 X 10점, 책 : 10점, 기타 : 1점{nl}    몬스터 : 몬스터당 10점 (보스 : 50점){nl}    지역탐색 : 10%당 1점{nl}    퀘스트 : 퀘스트당 1점{nl}    업적 : 업적별로 다름{nl}    제작법 : 개당 10점{nl}    콜렉션 : 덱 5점 , 완성 45점{nl} - 획득한 모험지수에 따라 마을 NPC에게서 보상 획득{/}				
UI_20150317_000303	{@sti7}{s22}{ds}Hauts Faits{/}	{@sti7}{s22}{ds}모험지수 달성도{/}				
UI_20150317_000304	{@st42b}{#22FF22} Top 10 % / %s points{/}	{@st42b}{#22FF22}상위 10% / %s점{/}				
UI_20150317_000305	{@st42b} Moyenne / %s Points {/}	{@st42b}전체 평균 /  %s점{/}				
UI_20150317_000306	1er / %s Points	1위 / %s점				
UI_20150317_000307	Rang %s	%s위				
UI_20150317_000308	%s points	%s점				
UI_20150317_000309	Profession	직업				
UI_20150317_000310	Équipe	팀				
UI_20150317_000311	{@st59}Fermer{/}	{@st59}모험일지를 닫습니다{/}				
UI_20150317_000312	{@st43}Classement du Journal d'Aventure{/}	{@st43}모험일지 랭킹{/}				
UI_20150317_000313	{@st43}{s22}Rang   	{@st43}{s22}랭킹				
UI_20150317_000314	{@st43}{s22}Nom	{@st43}{s22}이름				
UI_20150317_000315	{@st43}{s22}Score	{@st43}{s22}점수				
UI_20150317_000316	{@st41}Détails{/}	{@st41}상세정보{/}				
UI_20150317_000317	{@st43}Commencer la Fabrication{/}	{@st43}제작시작{/}				
UI_20150317_000318	{@st59}Démarrer la fabrication d'objet.{/}	{@st59}아이템 제작을 시작합니다.{/}				
UI_20150317_000319	{@st44}Pavé numérique{/}	{@st44}키패드{/}				
UI_20150317_000320	{@st42}Temps limite	{@st42}제한 시간				
UI_20150317_000321	{@st56}Élimination{/}	{@st56}킬{/}				
UI_20150317_000322	{@st56}Overkill{/}	{@st56}오버킬{/}				
UI_20150317_000323	{@st56}Tir{/}	{@st56}피격{/}				
UI_20150317_000324	{@st56}Mort{/}	{@st56}사망{/}				
UI_20150317_000325	Puissance des Sorts	주문력				
UI_20150317_000326	Défense	방어력				
UI_20150317_000327	Résistance Magique	마법저항력				
UI_20150317_000328	Taux d'Attaque Critique	치명타율				
UI_20150317_000329	{@st43}Emplacement{/}	{@st43}소켓 관리{/}				
UI_20150317_000330	{@st59}Fermer{/}	{@st59}소켓 관리를 닫습니다{/}				
UI_20150317_000331	Veuillez insérer vos objets	아이템을 올려주세요				
UI_20150317_000332	Potentiel	포텐셜				
UI_20150317_000333	Coût d'emplacement supplémentaire : {#ff9933}%s{/}{nl}Coût d'extraction de gemme : {#ff9933}%s{/}	소켓 추가 비용 : {#ff9933}%s{/}{nl}젬 추출 비용 : {#ff9933}%s{/}				
UI_20150317_000334	{@st41b}Ajouter un Emplacement	{@st41b}소켓 추가				
UI_20150317_000335	{@st41b}Extraire la Gemme	{@st41b}젬 추출				
UI_20150317_000336	{@st41}Fabriquer{/}	{@st41}제조{/}				
UI_20150317_000337	{@st41}%s %s pc	{@st41}%s  %s 개				
UI_20150317_000338	Carte de la Zone	지역 지도				
UI_20150317_000339	Zone explorée : 95,5 %	탐사율 : 95.5%				
UI_20150317_000340	{@st45tw}Zone explorée %s% {/}	{@st45tw}탐사율 %s%{/}				
UI_20150317_000341	{@st59}Fermer{/}	{@st59}지도를 닫습니다 (M){/}				
UI_20150317_000342	{@st41}Carte{/}	{@st41}지도{/}				
UI_20150317_000343	Maj (effacer), Ctrl (remplissage moyen)	시프트(지우기), 컨트롤(중간채우기)				
UI_20150317_000344	{ol}Titre	{ol}제목				
UI_20150317_000345	{@st41}Ajouter{/}	{@st41}추가{/}				
UI_20150317_000346	{@st41}Supprimer{/}	{@st41}삭제{/}				
UI_20150317_000347	{@st41}Enregistrer{/}	{@st41}저장{/}				
UI_20150317_000348	{@st41}Auto{/}	{@st41}자동{/}				
UI_20150317_000349	{@st41}Réinitialiser{/}	{@st41}초기화{/}				
UI_20150317_000350	{@st59}Définir la quantité.{/}	{@st59}조각의 개수를 설정합니다.{/}				
UI_20150317_000351	{ol}Groupe	{ol}그룹				
UI_20150317_000352	{ol}Message	{ol}메세지				
UI_20150317_000353	{ol}Son	{ol}사운드				
UI_20150317_000354	{@st41}Créer la Mini-carte{/}	{@st41}미니맵 제작{/}				
UI_20150317_000355	{@st55}Carte de la Zone	{@st55}지역 지도				
UI_20150317_000356	{@st43}{s22}Marché{/}	{@st43}{s22}마켓{/}				
UI_20150317_000357	{@st43}{s24}Marché{/}	{@st43}{s24}마켓{/}				
UI_20150317_000358	{@st42b}Filtre{/}	{@st42b}계열{/}				
UI_20150317_000359	{@st42b}Type{/}	{@st42b}타입{/}				
UI_20150317_000360	{@st42b}Niv. requis{/}	{@st42b}착용 레벨{/}				
UI_20150317_000361	{@st42b}Niv. d'Amélioration{/}	{@st42b}강화 수치{/}				
UI_20150317_000362	{@st42b}Nom	{@st42b}이름				
UI_20150317_000363	{@st41b}Récupérer %s	{@st41b}아이템 수령함%s				
UI_20150317_000364	{@st41b}Vendre	{@st41b}판매 등록				
UI_20150317_000365	{@st41b}Rechercher	{@st41b}검색				
UI_20150317_000366	{@st59}Fermer{/}	{@st59}마켓 창을 닫습니다{/}				
UI_20150317_000367	{@st42b}Trier	{@st42b}보기 순서				
UI_20150317_000368	{@st41b}Acheter	{@st41b}판매중인 아이템				
UI_20150317_000369	{@st43}{s22}Récupérer	{@st43}{s22}아이템 수령함				
UI_20150317_000370	{@st41b}Tout Récupérer	{@st41b}모두 받기				
UI_20150317_000371	{@st41b}Récupérer	{@st41b}아이템 수령함				
UI_20150317_000372	{@st43}{s22}Vendre	{@st43}{s22}판매 등록				
UI_20150317_000373	{@st42b}Quantité	{@st42b}개수				
UI_20150317_000374	{@st42b}Prix	{@st42b}가격				
UI_20150317_000375	{@st42b}Masquer le Nom du Vendeur{/}	{@st42b}판매자 비공개{/}				
UI_20150317_000376	{@st41b}Mettre en vente	{@st41b}등록				
UI_20150317_000377	Pièce de Siège	공성전 코인				
UI_20150317_000378	Quelqu'un a été tué par quelqu'un	누군가누구를처치했습니다.				
UI_20150317_000379	{@st43}Mini-jeux{/}	{@st43}미니게임{/}				
UI_20150317_000380	{@st49}Tirer la Catapulte{/}	{@st49}투석기발사{/}				
UI_20150317_000381	{@st44}Contrôler la direction{/}	{@st44}방향조절{/}				
UI_20150317_000382	{@st44}Tirer{/}	{@st44}발사{/}				
UI_20150317_000383	Mini-jeu	미니게임				
UI_20150317_000384	{s18}{ol}{gr gradation1}Mini-jeu de cache-cache{/}	{s18}{ol}{gr gradation1}얼음 땡 미니게임{/}				
UI_20150317_000385	{s16}Voulez-vous rejoindre le mini-jeu ?	{s16}미니게임에 참가하시겠습니까?				
UI_20150317_000386	{s16}Participants : (0/5)	{s16}참가 인원 : (0/5)				
UI_20150317_000387	{s16}Participants : (%s /%s)	{s16}참가 인원 : (%s/%s)				
UI_20150317_000388	{s16}La partie commence dans 1 seconde.	{s16}1초 후 게임이 시작됩니다.				
UI_20150317_000389	{s16}La partie commence dans %s secondes.	{s16}%s초 후 게임이 시작됩니다.				
UI_20150317_000390	{@st59}Zoomer{/}	{@st59}확대{/}				
UI_20150317_000391	{@st59}Dézoomer{/}	{@st59}축소{/}				
UI_20150317_000392	{@st59}Carte (M){/}	{@st59}지도 (M){/}				
UI_20150317_000393	{@st42b} Carte de la Zone	{@st42b}지역 지도				
UI_20150317_000394	{@st44}Synthétiseur d'Objets{/}	{@st44}아이템 조합기{/}				
UI_20150317_000395	{s16}{#FFcc66}{ol}Veuillez sélectionner l'objet que vous voulez créer{/}{/}	{s16}{#FFcc66}{ol}제작할 아이템을 선택하세요{/}{/}				
UI_20150317_000396	{s16}{#FFcc66}{ol}Faites glisser les ingrédients vers les emplacements	{s16}{#FFcc66}{ol}재료 아이템을 슬롯에 드래그 하세요				
UI_20150317_000397	{@st42}Créer{/}	{@st42}제작{/}				
UI_20150317_000398	{@st42} Annuler {/}	{@st42}취소{/}				
UI_20150317_000399	Informations sur %s	%s의 정보				
UI_20150317_000400	Kepa ou...	케파라던가				
UI_20150317_000401	{@st41}{Details}	{@st41}{상세정보}				
UI_20150317_000402	{s20}{#050505}Description du monstre Description du monstre Description du monstre Description du monstre	{s20}{#050505}몬스터 설명 내용 몬스터 설명 내용 몬스터 설명 내용 몬스터 설명 내용				
UI_20150317_000403	{@st41} Élimination {/}	{@st41} 킬 {/}				
UI_20150317_000404	{@st41} Overkill {/}	{@st41} 오버킬 {/}				
UI_20150317_000405	{@st41} Élimination Normale {/}	{@st41} 일반킬 {/}				
UI_20150317_000406	{@st41} Zone {/}	{@st41} 지역 {/}				
UI_20150317_000407	{@st41} Objet {/}	{@st41} 아이템 {/}				
UI_20150317_000408	{@st41} Haut Fait {/}	{@st41} 업적 {/}				
UI_20150317_000409	Objet	대상				
UI_20150317_000410	{@st43}Necronomicon{/}	{@st43}네크로노미콘{/}				
UI_20150317_000411	{@st59}Fermer{/}	{@st59}네크로노미콘 UI를 닫습니다{/}				
UI_20150317_000412	{@st59}Je suis trop paresseux pour réfléchir.{/}	{@st59}나는 아무 생각이 없다. 왜냐하면 아무 생각이 없기 때문이다.{/}				
UI_20150317_000413	Créature invoquée : {#ffcc33}%s{/}	소환체 : {#ffcc33}%s{/}				
UI_20150317_000414	Harpie Morte-vivante	언데드 하피				
UI_20150317_000415	Skill : %s	스킬 : %s				
UI_20150317_000416	Skill 1, Skill 2	스킬1, 스킬2				
UI_20150317_000417	Fragments requis : %s	필요 파편 : %s				
UI_20150317_000418	Bête 60 / Insecte 20 / Mutant 10	야수 60 / 곤충 20 / 변이 10				
UI_20150317_000419	Nombre de Fragments	파편의 갯수				
UI_20150317_000420	Partie 1	파츠1				
UI_20150317_000421	Partie 2	파츠2				
UI_20150317_000422	Partie 3	파츠3				
UI_20150317_000423	Félicitations ! Vous avez gagné un niveau.	축하합니다! 레벨이 상승하였습니다				
UI_20150317_000424	Alerte d'Objet	아이템알림				
UI_20150317_000425	{@st64}Détails{/}	{@st64}내용{/}				
UI_20150317_000426	Comment Jouer	조작 튜토리얼				
UI_20150317_000427	{@st42b}          Déplacez-vous une fois avec chaque touche{/}	{@st42b}캐릭터가 상하좌우 4방향으로  이동합니다{/}				
UI_20150317_000428	{@st42b}       Attaque de base{/}	{@st42b}캐릭터가 기본 공격을 합니다{/}				
UI_20150317_000429	{@st42b}                Sauter{/}	{@st42b}캐릭터가 제자리 또는 이동시 점프를 합니다{/}				
UI_20150317_000430	{@st42b}  Appuyez sur deux touches directionnelles pour vous déplacer en diagonale.{/}	{@st42b}인접한 방향키 2개를 동시에 입력해 대각선으로 이동합니다{/}				
UI_20150317_000431	Outil de Brouillard de Carte	맵 포그 툴				
UI_20150317_000432	Outil pour tuer des monstres	몬스터 죽이기 툴				
UI_20150317_000433	Outil pour créer une mini-carte	미니맵 만들기 툴				
UI_20150317_000434	Outil de dialogue	다이얼로그 툴				
UI_20150317_000435	{@st43}Paramètres GM{/}	{@st43}운영자 설정{/}				
UI_20150317_000436	{@st59}Fermer{/}	{@st59}파티 정보를 닫습니다{/}				
UI_20150317_000437	{@st59b}Informations sur le groupe{nl}{@st59s} - Cliquez sur le bouton Créer un groupe en bas pour créer un groupe. {nl} - Faites un clic droit sur d'autres joueurs pour envoyer une invitation de groupe. {nl} - Des modifications peuvent être apportées au groupe dans l'onglet Paramètres. {nl} - Définissez des critères de recherche spécifiques pour les membres du groupe depuis la liste des groupes publics.{/}	{@st59b}파티 정보{nl}{@st59s} - 하단의 파티 생성 버튼을 눌러 스스로 파티 생성 가능{nl} - 다른 유저의 캐릭터 위에서 마우스 우클릭으로 파티 초대 가능{nl} - 설정탭에서 현재 파티의 다양한 설정을 실시간으로 조정{nl} - 파티 목록으로 파티원을 구할때 공개 항목에서 조건 설정{/}				
UI_20150317_000438	{@st43}Informations sur le Groupe{/}	{@st43}파티 정보{/}				
UI_20150317_000439	{@st41b}Membres{/}	{@st41b}구성{/}				
UI_20150317_000440	{@st41b}Événement de Groupe {/}	{@st41b}파티 이벤트{/}				
UI_20150317_000441	{@st41b}Paramètres{/}	{@st41b}설정{/}				
UI_20150317_000442	{@st41}Membres{/}	{@st41}멤버{/}				
UI_20150317_000443	{@st41}Conditions pour rejoindre ce groupe	{@st41}파티 가입 조건				
UI_20150317_000444	{@st41b}Public	{@st41b}공개				
UI_20150317_000445	{@st41b}Privé	{@st41b}비공개				
UI_20150317_000446	Niveau Souhaité                                ~	희망 레벨                                 ~				
UI_20150317_000447	{@st41}Répartition du Butin	{@st41}아이템 분배 규칙				
UI_20150317_000448	{@st41b}Libre pour tous	{@st41b}각자 획득				
UI_20150317_000449	{@st41b}Tour par Tour	{@st41b}순서대로 획득				
UI_20150317_000450	{@st41b}Aléatoire	{@st41b}랜덤하게 분배				
UI_20150317_000451	{@st41}Répartition de l'XP	{@st41}경험치 분배 규칙				
UI_20150317_000452	{@st41b}XP Individuelle	{@st41b}각자얻기				
UI_20150317_000453	{@st41b}XP Égale	{@st41b}균등분배				
UI_20150317_000454	{@st41b}Par niveau	{@st41b}레벨차등				
UI_20150317_000455	{@st41}Partage de Quête	{@st41}퀘스트 공유				
UI_20150317_000456	{@st41b}Utiliser	{@st41b}사용				
UI_20150317_000457	{@st41b}Ne Pas Utiliser	{@st41b}사용안함				
UI_20150317_000458	{@st41b}Créer un Groupe	{@st41b}파티 생성				
UI_20150317_000459	{@st43}Liste des Groupes Publics {/}	{@st43}공개 파티 목록{/}				
UI_20150317_000460	{@st59b}Liste des groupes publics{nl}{@st59s} - Recherchez un groupe à rejoindre en consultant les groupes ouverts de votre serveur {nl} - Utilisez l'option de recherche pour trouver un groupe à rejoindre{/}	{@st59b}공개 파티 목록{nl}{@st59s} - 서버내 공개된 파티 목록을 확인해서 원하는 파티에 가입{nl} - 검색 옵션 사용으로 원하는 조건의 파티 검색{/}				
UI_20150317_000461	{@st59}Fermer la Liste des Groupes{/}	{@st59}파티목록을 닫습니다{/}				
UI_20150317_000462	Utiliser la Recherche	검색 옵션 사용				
UI_20150317_000463	Partage de Quête	퀘스트 공유				
UI_20150317_000464	Répartition de l'XP	경험치 분배규칙				
UI_20150317_000465	Répartition des Objets	아이템 분배규칙				
UI_20150317_000466	{@st43}Inviter	{@st43}초대				
UI_20150317_000467	{@st41b}Inviter{/}	{@st41b}초대{/}				
UI_20150317_000468	{s18}{ol}{gr gradation1}Règles de déconnexion{/}	{s18}{ol}{gr gradation1}로그아웃 PC 규칙{/}				
UI_20150317_000469	{ol}Conditions d'application des règles	{ol}규칙 적용 조건				
UI_20150317_000470	{ol}Action pour appliquer les règles	{ol}규칙 적용 동작				
UI_20150317_000471	Entrez un nom pour la règle	규칙의 이름을 입력합니다				
UI_20150317_000472	{Gr gradation1}Enregistrement{/}	{gr gradation1}등록{/}				
UI_20150317_000473	Enregistrer les Règles	규칙을 등록합니다				
UI_20150317_000474	{Gr gradation1}Annuler{/}	{gr gradation1}취소{/}				
UI_20150317_000475	Annuler l'Action	작업을 취소합니다				
UI_20150317_000476	{@st43}Infos sur le Compagnon	{@st43}컴패니언 정보				
UI_20150317_000477	{@st59b}Infos sur le compagnon{nl}{@st59s} - Vous pouvez activer votre compagnon ou le mettre en mode repos avec le{nl}bouton ci-dessous. {nl} - Les attributs et les objets équipés de votre compagnon peuvent être{nl}personnalisés. {/}	{@st59b}컴패니언 정보{nl}{@st59s} - 휴면/활동 버튼으로 컴패니언 넣고 빼기 가능{nl} - 컴패니언의 특성, 아이템 장착으로 커스터마이즈 가능{/}				
UI_20150317_000478	{@st59}Fermer{/}	{@st59}컴패니언 정보를 닫습니다{/}				
UI_20150317_000479	{@st41b}Nom : {@sti9}%s{/}	{@st41b}이름 : {@sti9}%s{/}				
UI_20150317_000480	{@sti9}%s{@st41b}Complicité : {@sti9}%s {@st41b}Niveau{/}	{@sti9}%s{@st41b}과의 친밀도 : {@sti9}%s {@st41b}레벨{/}				
UI_20150317_000481	{@st41b}XP{/}	{@st41b}경험치{/}				
UI_20150317_000482	{@st41b}Endurance{/}	{@st41b}스태미나{/}				
UI_20150317_000483	{@st41b}Affinité{/}	{@st41b}친밀도{/}				
UI_20150317_000484	{@st41b}Attributs et Informations	{@st41b}특성 및 정보				
UI_20150317_000485	{@st43}Compagnon{/}	{@st43}컴패니언{/}				
UI_20150317_000486	{@st59b}Compagnon{nl}{@st59s} - Cliquez sur un objet de la liste pour voir plus{nl}d'informations. {/}	{@st59b}컴패니언{nl}{@st59s} - 목록에서 원하는 항목을 클릭해서 상세 정보 보기{/}				
UI_20150317_000487	{@st59}Fermer{/}	{@st59}컴패니언을 닫습니다{/}				
UI_20150317_000488	{@st59}Fermer{/}	{@st59}도움말 창을 닫습니다{/}				
UI_20150317_000489	{@st59}Aide{nl} - Consultez des informations{nl}détaillées et des astuces. {nl} - Consultez d'autres sujets depuis la{nl}liste d'aide{/}	{@st59}도움말{nl} - 도움말 상세 보기{nl} - 다른 항목을 보려면 도움말 목록에서 선택{/}				
UI_20150317_000490	{@st43}Aide{/}	{@st43}도움말{/}				
UI_20150317_000491	Sujets d'Aide	도움말 제목				
UI_20150317_000492	{ol}{#AAAA00}{s16}Temps écoulé : %s	{ol}{#AAAA00}{s16}진행시간 : %s				
UI_20150317_000493	{@st43}Pot de Poison{/}	{@st43}포이즌 팟{/}				
UI_20150317_000494	{@st59}Fermer{/}	{@st59}포이즌 팟 UI를 닫습니다{/}				
UI_20150317_000495	{@st59}Nécessite une saisie{/}	{@st59}작성 필요{/}				
UI_20150317_000496	Quantité de poison : %s	독의 양 : %s				
UI_20150317_000497	Objets utilisables pour fabriquer du poison	독 제조에 쓰일 수 있는 아이템				
UI_20150317_000498	Tout Sélectionner	전체 선택				
UI_20150317_000499	Cliquez à nouveau pour tout désélectionner	한번 더 클릭시 전체 해제				
UI_20150317_000500	Fabrication	제조				
UI_20150317_000501	mélanger mélanger mixer et mélanger	섞고 섞고 돌리고 섞고				
UI_20150317_000502	{@st43}Catégorie{/}	{@st43}항목{/}				
UI_20150317_000503	{@st43}Moi{/}	{@st43}나{/}				
UI_20150317_000504	{@st43}Cible{/}	{@st43}대상{/}				
UI_20150317_000505	{@st43}Niveau{/}	{@st43}레벨{/}				
UI_20150317_000506	{@st43}Fonds{/}	{@st43}소지금{/}				
UI_20150317_000507	{@st43}Taux{/}	{@st43}등급{/}				
UI_20150317_000508	{@st43}Ratio Victoires/Défaites JcJ{/}	{@st43}PvP승률{/}				
UI_20150317_000509	{@st59}Fermer{/}	{@st59}창을 닫습니다{/}				
UI_20150317_000510	{@sti5}Montant total d'achat : %s{/}	{@sti5}총 구매 금액 : %s{/}				
UI_20150317_000511	{@sti5}Montant total : %s{/}	{@sti5}총 금액 : %s{/}				
UI_20150317_000512	{@st41b} Acheter	{@st41b}구매				
UI_20150317_000513	{@st43}Matériaux obtenus pour un objet fabricable !	{@st43}제작 아이템 재료 획득!				
UI_20150317_000514	{@st43}Magnum Opus{/}	{@st43}마그눔 오푸스{/}				
UI_20150317_000515	{@st41}Tout Supprimer	{@st41}전체 삭제				
UI_20150317_000516	{@st42}Cible de pension {@stx1}(%s requis){/}	{@st42}연금 대상 {@stx1}(%s 소요){/}				
UI_20150317_000517	{@st41}Combiner	{@st41}조합				
UI_20150317_000518	{@st43}Quêtes{/}	{@st43}퀘스트{/}				
UI_20150317_000519	{@st59b}Quêtes{nl}{@st59s} - Quand vous acceptez une nouvelle quête, elle est ajoutée au suivi de quêtes. {nl} - Une quête principale s'affiche en jaune, tandis qu'une quête secondaire s'affiche en bleu. {nl} - La flèche sous les pieds du personnage indique l'emplacement de votre quête. {nl} - Si vous avez terminé une quête, une icône « Retour » s'affiche dans le suivi de quêtes. {nl}    (Vous téléporte vers le PNJ de quête avec la touche Retour arrière ou un clic de souris) {nl} - Ajoutez ou retirez des quêtes du suivi en cochant ou décochant la case devant le nom de la quête. {/}	{@st59b}퀘스트{nl}{@st59s} - 퀘스트 획득시 퀘스트 알리미에 등록{nl} - 메인퀘스트는 노란색, 서브퀘스트는 파란색 표시{nl} - 캐릭터 발 밑의 화살표로 퀘스트 위치를 표시{nl} - 퀘스트 완료시 퀘스트 알리미에 돌아가기 아이콘 표시{nl}  (백스페이스나 마우스 클릭으로 완료 NPC로 순간이동){nl} - 퀘스트 알리미에 등록/해제시 퀘스트 이름 앞 체크 선택{/}				
UI_20150317_000520	{@st41b}En cours{/}	{@st41b}  진행  {/}				
UI_20150317_000521	{@st41b}Abandonnée{/}	{@st41b}  포기  {/}				
UI_20150317_000522	{@st43}{s22}Informations sur la Quête{/}	{@st43}{s22}퀘스트 정보{/}				
UI_20150317_000523	Mission Terminée	임무 완료				
UI_20150317_000524	{@st41}Terminer{/}	{@st41}완료{/}				
UI_20150317_000525	Infos sur la Progression de la Mission	임무 진행 정보				
UI_20150317_000526	{s18}{ol}Informations sur la Quête	{s18}{ol}퀘스트 정보				
UI_20150317_000527	{s16}Temps Restant	{s16}남은 시간				
UI_20150317_000528	Utiliser l'objet de quête	퀘스트 아이템 사용				
UI_20150317_000529	Indice de Quête	퀘스트 힌트				
UI_20150317_000530	{@st41}Confirmer{/}	{@st41}확인{/}				
UI_20150317_000531	{@st43}{s22}Quête Terminée{/}	{@st43}{s22}퀘스트 완료{/}				
UI_20150317_000532	{@st41b}Terminer{/}	{@st41b}완료{/}				
UI_20150317_000533	{@st41}Accepter{/}	{@st41}수락{/}				
UI_20150317_000534	{@st41}Refuser{/}	{@st41}거절{/}				
UI_20150317_000535	{@st44}Retour{/}	{@st44}돌아가기{/}				
UI_20150317_000536	Vers quelle quête voulez-vous revenir ?	어떤 퀘스트로 돌아가시겠습니까?				
UI_20150317_000537	{@st41b}Nom de la classe de quête{/}	{@st41b}퀘스트 클래스 네임{/}				
UI_20150317_000538	{@st59}Augmenter les Emplacements{/}	{@st59}슬롯을 확장합니다{/}				
UI_20150317_000539	{@st59}Réduire les Emplacements{/}	{@st59}슬롯을 축소합니다{/}				
UI_20150317_000540	{@st59}Invoquer le compagnon.{/}	{@st59}컴패니언을 소환합니다.{/}				
UI_20150317_000541	{@st44}Menu{/}	{@st44}메뉴{/}				
UI_20150317_000542	{@st60}Sélection du Personnage{/}	{@st60}캐릭터선택{/}				
UI_20150317_000543	{@st60}Déconnexion{/}	{@st60}로그아웃{/}				
UI_20150317_000544	{@st60}Quitter le Jeu{/}	{@st60}게임종료{/}				
UI_20150317_000545	{@st60}Paramètres du Jeu{/}	{@st60}게임설정{/}				
UI_20150317_000546	{@st60}Retour{/}	{@st60}돌아가기{/}				
UI_20150317_000547	{@st41}Passer le Tutoriel{/}	{@st41}튜토리얼 건너뛰기{/}				
UI_20150317_000548	{@st41}Sélection du Personnage{/}	{@st41}캐릭터 선택{/}				
UI_20150317_000549	{@st41}Déconnexion{/}	{@st41}로그아웃{/}				
UI_20150317_000550	{@st41}Quitter le Jeu{/}	{@st41}게임 종료{/}				
UI_20150317_000551	{@st41}Retour{/}	{@st41}돌아가기{/}				
UI_20150317_000552	{@st43}{s22}Rassemblement pour le raid !	{@st43}{s22}레이드 소집!				
UI_20150317_000553	{@st41b}Des monstres approchent des abords du château de la ville. Vous seul pouvez les arrêter.	{@st41b}도시 외곽 성곽에 몬스터들이 몰려들고 있습니다. 당신만이 문제를 해결할 수 있습니다.				
UI_20150317_000554	{@st43}{s22}Paramètres du Jeu{/}	{@st43}{s22}게임설정{/}				
UI_20150317_000555	{@sti7}Recherche d'un groupe de raid...{/}	{@sti7}레이드파티 검색중..{/}				
UI_20150317_000556	{@st41b}Annuler la participation	{@st41b}참가 취소				
UI_20150317_000557	{@st41b}Je vais m'en occuper !	{@st41b}제가 해결해보겠습니다!				
UI_20150317_000558	{@st41b}Je ne pense pas pouvoir aider cette fois...	{@st41b}저는 힘들 것 같아요...				
UI_20150317_000559	{@sti7}{s24}Choisir les Récompenses de Raid{/}	{@sti7}{s24}레이드 보상 선택{/}				
UI_20150317_000560	{@st42b}Temps restant {@st43}%s{@st42b} secondes{/}	{@st42b}남은 시간 {@st43}%s{@st42b} 초{/}				
UI_20150317_000561	{@st41b}Augmenter le nombre de sélections	{@st41b}선택 횟수 늘리기				
UI_20150317_000562	{@43b}{s22} Nombre de sélections possibles : {@st43}%s{/}	{@43b}{s22}선택 가능 횟수 : {@st43}%s{/}				
UI_20150317_000563	shadow_box tentativeremoval	shadow_box 잠정제거				
UI_20150317_000564	{@st43}Classement{/}	{@st43}랭킹{/}				
UI_20150317_000565	{@st59}Fermer{/}	{@st59}랭킹창을 닫습니다{/}				
UI_20150317_000566	{@st41}Top 100 Monstres Tués{/}	{@st41}몬스터 킬 Top 100{/}				
UI_20150317_000567	{@st41}Top 100 Dégâts{/}	{@st41}데미지 Top 100{/}				
UI_20150317_000568	{@st41}Top 100 Argent{/}	{@st41}머니머니 Top 100{/}				
UI_20150317_000569	{@st41}Top 100 des Niveaux{/}	{@st41}레벨업 Top 100{/}				
UI_20150317_000570	{@st41b}Menu{/}	{@st41b}메뉴{/}				
UI_20150317_000571	{@st43}{s22}Améliorer l'Objet{/}	{@st43}{s22}아이템 강화{/}				
UI_20150317_000572	{@st41b}Objet Sélectionné	{@st41b}대상 아이템				
UI_20150317_000573	{@st41b}Enclume	{@st41b}모루				
UI_20150317_000574	{@st41}{s20}Nombre de coups d'enclume :{@st43} %s	{@st41}{s20}모루 타격 횟수 :{@st43} %s				
UI_20150317_000575	{@st41} {s20}Prix : %s	{@st41}{s20}강화 가격 : %s				
UI_20150317_000576	{@st41b}Améliorer{/}	{@st41b}강화 시작{/}				
UI_20150317_000577	{@st59}Démarrer l'Amélioration{/}	{@st59}아이템 강화를 시작합니다.{/}				
UI_20150317_000578	{@st59}Fermer{/}	{@st59}강화를 닫습니다{/}				
UI_20150317_000579	{@st41b}              Améliorer avec les {@sti9}×%s{/} objets sélectionnés ?{/}	{@st41b}선택한 {@sti9}%s개{/} 아이템으로 강화하시겠습니까?{/}				
UI_20150317_000580	{@st43}Amélioration	{@st43}강화				
UI_20150317_000581	{@st44}Améliorer l'Objet{/}	{@st44}아이템 강화{/}				
UI_20150317_000582	{s24}{b}{#000000}Amélioration terminé !	{s24}{b}{#000000}강화 완료!				
UI_20150317_000583	{@st41}Améliorer à Nouveau{/}	{@st41}재강화{/}				
UI_20150317_000584	{@st41}Fermer{/}	{@st41}닫기{/}				
UI_20150317_000585	{s18}{ol}{gr gradation1}Réparer l'Équipement{/}	{s18}{ol}{gr gradation1}장비 수리{/}				
UI_20150317_000586	Équipement Équipé	  착용장비  				
UI_20150317_000587	Équipement dans l'Inventaire	  소지장비  				
UI_20150317_000588	{Gr gradation1}Tout Sélectionner{/}	{gr gradation1}전체선택{/}				
UI_20150317_000589	Tout Sélectionner	전체선택				
UI_20150317_000590	{Gr gradation1}Réparer{/}	{gr gradation1}수리{/}				
UI_20150317_000591	{@st43}Réparer{/}	{@st43}수리{/}				
UI_20150317_000592	Liste des objets réparables	수리 필요 아이템 목록				
UI_20150317_000593	{@st41b}Coût de Réparation{/}	{@st41b}수리 비용{/}				
UI_20150317_000594	{@st41b}Montant Restant{/}	{@st41b}예상 잔액{/}				
UI_20150317_000595	{@st41b}Réparer{/}	{@st41b}장비 수리{/}				
UI_20150317_000596	Réparer l'équipement sélectionné.	선택한 장비를 수리합니다.				
UI_20150317_000597	{@st59}Fermer la Réparation d'Objet{/}	{@st59}아이템 정비를 닫습니다{/}				
UI_20150317_000598	{@st43}Renforcement d'Objet{/}	{@st43}아이템 정비{/}				
UI_20150317_000599	{@st41}Liste des objets renforçables{/}	{@st41}정비 필요 아이템 목록{/}				
UI_20150317_000600	{@st44}Renforcer l'Objet{/}	{@st44}아이템 정비{/}				
UI_20150317_000601	{@st42}Renforcer{/}	{@st42}정비{/}				
UI_20150317_000602	{@st59}Renforcer avec les paramètres actuels{/}	{@st59}현재 내용으로 정비합니다.{/}				
UI_20150317_000603	{@st59}Ne pas renforcer{/}	{@st59}정비하지 않습니다.{/}				
UI_20150317_000604	{@st44}Reprendre{/}	{@st44}재시작{/}				
UI_20150317_000605	{@st41b}Vous êtes {/}{s20}{#cc6600}{ol}devenu incapable de combattre{/}{@st41b}{/}	{@st41b}당신은 {/}{s20}{#cc6600}{ol}전투 불능 {/}{@st41b}상태가 되었습니다!{/}				
UI_20150317_000606	{@st41b}Réapparaître au point de résurrection le plus proche{/}	{@st41b}가까운 부활지점에서 다시하기{/}				
UI_20150317_000607	{@st41b}Réapparaître ici (nécessite %s TP) {/}	{@st41b}제자리에서 다시하기(NXP %s개 필요){/}				
UI_20150317_000608	{@st41b}Retourner sur le terrain{/}	{@st41b}필드로 복귀하기{/}				
UI_20150317_000609	{@st41b}Abandonner la quête et recommencer{/}	{@st41b}퀘스트 포기 후 재시작하기{/}				
UI_20150317_000610	{@st41b}Réessayer{/}	{@st41b}재도전{/}				
UI_20150317_000611	Sanctuaire de la Résurrection (70031)	부활의 성소(70031)				
UI_20150317_000612	Objet requis manquant.	아이템이 필요합니다.				
UI_20150317_000613	Emplacement Rapide de Repos	휴식 퀵슬롯				
UI_20150317_000614	{@st43}Boîte de dialogue{/}	{@st43}말풍선{/}				
UI_20150317_000615	Nom Temporaire	임시이름				
UI_20150317_000616	{@st41b} {s18} Espace d'Inventaire Insuffisant 	{@st41b}{s18}인벤토리 공간 부족				
UI_20150317_000617	Vous ne pouvez pas obtenir l'objet car votre inventaire{nl}est plein{nl}Veuillez libérer de l'espace dans votre inventaire.	인벤토리가 가득 차서 아이템을 획득할 수 없습니다.{nl}인벤토리를 정리해 주세요.				
UI_20150317_000618	{@st44}Ensemble d'objets obtenu !{/}	{@st44}세트 아이템 획득!{/}				
UI_20150317_000619	Veuillez sélectionner un objet	아이템을 선택해주세요				
UI_20150317_000620	{@st59b} boutique {nl} {@st59s} - Clic droit et entrez la quantité pour acheter plusieurs{nl}exemplaires {nl} - Double clic droit pour vendre toute la pile d'objets {/}	{@st59b}상점{nl}{@st59s} - 아이템을 대량 구입하려면 마우스 우클릭 후 갯수 입력{nl} - 아이템을 전량 판매하려면 마우스 더블 우클릭으로 이용{/}				
UI_20150317_000621	{@st59}Fermer{/}	{@st59}상점을 닫습니다{/}				
UI_20150317_000622	{@st59}Première Page{/}	{@st59}처음 페이지{/}				
UI_20150317_000623	{@st59}Page Suivante{/}	{@st59}다음 페이지{/}				
UI_20150317_000624	{@st59}Dernière Page{/}	{@st59}마지막 페이지{/}				
UI_20150317_000625	{@st41b}Réinitialiser{/}	{@st41b}비우기{/}				
UI_20150317_000626	{@st59}Réinitialiser le Panier{/}	{@st59}장바구니를 비웁니다{/}				
UI_20150317_000627	{@st41b}Confirmer{/}	{@st41b}정산{/}				
UI_20150317_000628	{@st59}Confirmer la Transaction{/}	{@st59}거래를 결정합니다{/}				
UI_20150317_000629	{@st43}Boutique{/}	{@st43}상점{/}				
UI_20150317_000630	{@st41b}Objets Achetés{/}	{@st41b}구입 아이템{/}				
UI_20150317_000631	{@st41b}Objets Vendus{/}	{@st41b}판매 아이템{/}				
UI_20150317_000632	{@st41b}Prix{/}	{@st41b}거래 정산 ▶{/}				
UI_20150317_000633	{@st41b}Solde{/}	{@st41b}예상 잔액 ▶{/}				
UI_20150317_000634	{@st41b}Mes Objets Vendus{/}	{@st41b}내가 판매한 아이템{/}				
UI_20150317_000635	{@st41}Emplacements vides{/}	{@st41}슬롯 비우기{/}				
UI_20150317_000636	{@st43}Total{/}	{@st43}정산{/}				
UI_20150317_000637	{@st41}Régler la Transaction{/}	{@st41}거래 정산{/}				
UI_20150317_000638	{@st41}Après la Transaction{/}	{@st41}예상 잔액{/}				
UI_20150317_000639	{@st41}Objets achetés{/}	{@st41}구입 아이템{/}				
UI_20150317_000640	{@sti1c}Simonie	{@sti1c}시모니				
UI_20150317_000641	{@st41}Skills de Fabrication	{@st41}제작 스킬				
UI_20150317_000642	{@st42}Niveau %s{/}	{@st42}레벨 %s{/}				
UI_20150317_000643	Coût	제작 비용				
UI_20150317_000644	Qté de Fabrication	제작 갯수				
UI_20150317_000645	Environ %s secondes nécessaires	약 %s초 소요				
UI_20150317_000646	{@st41}Fabriquer	{@st41}만들기				
UI_20150317_000647	{@st43}Skills et Attributs{/}	{@st43}클래스 스킬과 특성{/}				
UI_20150317_000648	{@st59}Fermer Classes et Skills{/}	{@st59}클래스와 스킬을 닫습니다{/}				
UI_20150317_000649	{@st59b}Classes{nl}{@st59s}- Vous pouvez apprendre de nouvelles Skills en augmentant le Cercle de votre classe. {nl} - Vous pouvez choisir parmi 3 classes disponibles pour votre avancement de la 1re à la 2e classe. {nl} - Vous pouvez avancer jusqu'à 3 fois dans la même classe. {nl} - Vous ne pouvez pas revenir à votre classe précédente une fois que vous avez avancé vers une autre classe. {nl} - Vous devez consommer tous vos points de Skill pour pouvoir avancer. {nl} - Vous pouvez choisir la même classe.{nl}{@st59b}Skills{nl}{@st59s} - Vous pouvez augmenter le rang de chaque Skill jusqu'au niveau 5.{nl} - Les attributs appris auprès de vos maîtres sont visibles sous vos Skills. {/}	{@st59b}클래스{nl}{@st59s} - 클래스의 서클을 성장시켜 해당 클래스의 스킬을 습득{nl} - 1차 직업에서 2차 직업로 전직할 경우 3개 클래스 선택 가능{nl} -  동일한 직업으로 총 3회까지 전직 가능{nl} -  다른 직업으로 전직 시 이전 직업은 전직 불가{nl} -  스킬포인트 모두 소비 시 전직 가능{nl} - 동일한 클래스도 선택 가능{nl}{@st59b}스킬{nl}{@st59s} - 각  랭크별 스킬은 최대 5레벨 증가 가능{nl} - 마스터에게 배운 특성은 스킬 하단에서 확인 가능{/}				
UI_20150317_000650	{@st41b}Appliquer{/}	{@st41b}적용{/}				
UI_20150317_000651	{@st59}Appliquer{/}	{@st59}스킬 포인트를 적용합니다{/}				
UI_20150317_000652	Clerc	큘레릭				
UI_20150317_000653	{@st59}Annuler{/}	{@st59}포인트 배분을 취소합니다{/}				
UI_20150317_000654	Apprentissage de {#ff4400}%s (Niv. %s){/}...	{#ff4400}%s (%s레벨){/} 학습 중..				
UI_20150317_000655	Psychohassle	싸이코해승				
UI_20150317_000656	%s minute(s) restante(s)	%s분 남음				
UI_20150317_000657	{@st43}Pose{/}	{@st43}포즈{/}				
UI_20150317_000658	{@st59}Fermer{/}	{@st59}포즈를 닫습니다{/}				
UI_20150317_000659	{@st41}Tableau{/}	{@st41}게시판{/}				
UI_20150317_000660	{@st41}Échange{/}	{@st41}거래{/}				
UI_20150317_000661	{@st41}Fonctions Sociales{/}	{@st41}사회기능{/}				
UI_20150317_000662	{@st41b}Écrire{/}	{@st41b}글쓰기{/}				
UI_20150317_000663	{@st41}Publier{/}	{@st41}등록{/}				
UI_20150317_000664	{@st59}Publier le Message{/}	{@st59}글을 등록합니다{/}				
UI_20150317_000665	{@st41}Créer Ma Page{/}	{@st41}마이페이지 시작{/}				
UI_20150317_000666	{@st59}Publier Ma Page{/}	{@st59}마이페이지를 외부에 게시합니다{/}				
UI_20150317_000667	{@st59}Enregistrer le Message d'Accueil{/}	{@st59}안부를 등록합니다{/}				
UI_20150317_000668	{@st41b}1. Menu{/}	{@st41b}1. 메뉴{/}				
UI_20150317_000669	{@st41}Visiter{/}	{@st41}방문{/}				
UI_20150317_000670	{@st59}Visiter Ma Page{/}	{@st59}마이페이지를 방문합니다{/}				
UI_20150317_000671	{@st41}Vendre{/}	{@st41}판매{/}				
UI_20150317_000672	{@st59}Vendre l'Objet{/}	{@st59}아이템을 판매 합니다{/}				
UI_20150317_000673	{@st43}Métiers{/}	{@st43}생 활{/}				
UI_20150317_000674	{@st59}Fermer{/}	{@st59}생활을 닫습니다{/}				
UI_20150317_000675	{@st41}Tout Afficher{/}	{@st41}모두 보기{/}				
UI_20150317_000676	{@st41}Créer une Carte{/}	{@st41}맵 만들기{/}				
UI_20150317_000677	{@st41}%s/min (%s en main){/}	{@st41}%s/분 (%s 보유){/}				
UI_20150317_000678	Guerrier du Clavier	키보드워리어				
UI_20150317_000679	{@st42}%s{/}{@st42_yellow}Niveau{/}	{@st42}%s{/}{@st42_yellow}레벨{/}				
UI_20150317_000680	{@st41_yellow}Temps d'Emploi	{@st41_yellow}고용시간				
UI_20150317_000681	{@st43}Graffiti{/}	{@st43}그래피티{/}				
UI_20150317_000682	{@st59}Fermer{/}	{@st59}스프레이를 닫습니다{/}				
UI_20150317_000683	{@st41b}Astuce : dessinez une image dans le cadre ci-dessous{/}	{@st41b}Tip : 아래 액자내에 그림을 그립니다.{/}				
UI_20150317_000684	{@st41b}Couleurs{/}	{@st41b}색상{/}				
UI_20150317_000685	{@st41b}Quantité{/}	{@st41b}수량{/}				
UI_20150317_000686	{@st41b}Pinceau{/}	{@st41b}브러쉬{/}				
UI_20150317_000687	{@st43}Dessiner{/}	{@st43}그리기{/}				
UI_20150317_000688	{@st59}Dessiner l'image terminée sur le sol.{/}	{@st59}완성한 그림을 바닥에 그립니다.{/}				
UI_20150317_000689	{@st41b}{a SAVE_EDIT_SPRAY}Enregistrer{/}{/}	{@st41b}{a SAVE_EDIT_SPRAY}저장{/}{/}				
UI_20150317_000690	{@st59}Enregistrer les dessins{/}	{@st59}그리고 있는 그림을 저장합니다.{/}				
UI_20150317_000691	{@st41b}{a LOAD_EDIT_SPRAY}Charger{/}{/}	{@st41b}{a LOAD_EDIT_SPRAY}불러오기{/}{/}				
UI_20150317_000692	{@st59}Charger les dessins précédemment réalisés.{/}	{@st59}그렸던 그림을 불러옵니다.{/}				
UI_20150317_000693	{@st59}Couleur sélectionnée 1{/}	{@st59}선택한 색상1{/}				
UI_20150317_000694	{@st59}Couleur sélectionnée 2{/}	{@st59}선택한 색상2{/}				
UI_20150317_000695	{@st59}Liste des Couleurs{/}	{@st59}색상 목록{/}				
UI_20150317_000696	{@st59}Pinceau Sélectionné{/}	{@st59}선택한 브러시{/}				
UI_20150317_000697	{@st59}Pinceau 1{/}	{@st59}브러시 1{/}				
UI_20150317_000698	{@st59}Pinceau 2{/}	{@st59}브러시 2{/}				
UI_20150317_000699	{@st59}Pinceau 3{/}	{@st59}브러시 3{/}				
UI_20150317_000700	{@st59}Pinceau 4{/}	{@st59}브러시 4{/}				
UI_20150317_000701	{@st59}Pinceau 5{/}	{@st59}브러시 5{/}				
UI_20150317_000702	{@st59}Pinceau 6{/}	{@st59}브러시 6{/}				
UI_20150317_000703	{@st49}Personnes qui aiment ceci{/}	{@st49}좋아하는 사람들{/}				
UI_20150317_000704	{s20}{#050505}Décrivez ce que vous voulez	{s20}{#050505}뭐가되었든 설명				
UI_20150317_000705	{@st41} Tout {/}	{@st41} 전체 {/}				
UI_20150317_000706	{@st41} Groupe {/}	{@st41} 파티 {/}				
UI_20150317_000707	{@st41} Monstre {/}	{@st41} 몬스터 {/}				
UI_20150317_000708	{@st41b}{#f0dcaa}Points de statut restants -> {@st46}%s	{@st41b}{#f0dcaa}남은 스테이터스 포인트 ▶ {@st46}%s				
UI_20150317_000709	{@st59b}Mes informations{nl}{@st59s}- Statut : utilisez les points gagnés en montant de niveau pour améliorer les 5 attributs de statut. {nl}- Informations : ce sont des informations sur votre personnage basées sur votre statut et votre équipement actuels. {nl}- Titre : les titres peuvent être obtenus en accomplissant des hauts faits. {nl} {/}	{@st59b}내 정보{nl}{@st59s} - 스테이터스 : 레벨업으로 얻은 포인트를 사용해서 5가지 능력 강화{nl} - 정보 : 아이템 및 스테이터스 능력치에 따른 캐릭터 능력치 정보{nl} - 칭호 : 업적을 완료했을때 습득가능한 칭호{nl}{/}				
UI_20150317_000710	{@st41b}Infos{/}	{@st41b}정보{/}				
UI_20150317_000711	{@st41b}Titre{/}	{@st41b}칭호{/}				
UI_20150317_000712	Afficher la Classe	직업 출력				
UI_20150317_000713	Afficher le Nom du Personnage	캐릭터 이름 출력				
UI_20150317_000714	{@st59}Changer le Nom du Personnage{/}	{@st59}캐릭터 이름을 수정합니다{/}				
UI_20150317_000715	{@st41b}Appliquer	{@st41b}적용				
UI_20150317_000716	{@st59}Appliquer{/}	{@st59}스테이터스 분배를 적용합니다{/}				
UI_20150317_000717	{@st41b}Annuler	{@st41b}취소				
UI_20150317_000718	{@st59}Annuler{/}	{@st59}스테이터스 분배를 취소합니다{/}				
UI_20150317_000719	Nom du Personnage	PC이름				
UI_20150317_000720	{@st41_yellow}Niveau : {@st41}%s{/}	{@st41_yellow}레벨: {@st41}%s{/}				
UI_20150317_000721	{@st41_yellow}Skills de Mercenaire	{@st41_yellow}용병 스킬				
UI_20150317_000722	{@st43}Effets d'Attaque{/}	{@st43}공격 효과{/}				
UI_20150317_000723	{@st43}Effets de Défense{/}	{@st43}방어 효과{/}				
UI_20150317_000724	{@st43}Statistique{/}	{@st43}스탯{/}				
UI_20150317_000725	systemmenu_vertical retrait provisoire	systemmenu_vertical 잠정제거				
UI_20150317_000726	{@st59}Informations sur le Personnage (F1){/}	{@st59}캐릭터 정보 (F1){/}				
UI_20150317_000727	{@st59}Inventaire (F2){/}	{@st59}인벤토리 (F2){/}				
UI_20150317_000728	{@st59}Classes et Skills (F3){/}	{@st59}클래스와 스킬 (F3){/}				
UI_20150317_000729	{@st59}Journal d'Aventure (F4){/}	{@st59}모험일지 (F4){/}				
UI_20150317_000730	{@st59}Quêtes (F5){/}	{@st59}퀘스트 (F5){/}				
UI_20150317_000731	{@st59}Groupe (F6){/}	{@st59}파티 (F6){/}				
UI_20150317_000732	{@st59}Amis (F7){/}	{@st59}친구 (F7){/}				
UI_20150317_000733	{@st59}Macro (F8) {/}	{@st59}매크로 (F8){/}				
UI_20150317_000734	{@st59}Compagnon (F9) {/}	{@st59}컴패니언 (F9){/}				
UI_20150317_000735	{@st59}Aide (F10) {/}	{@st59}도움말 (F10){/}				
UI_20150317_000736	{@st59}Menu Système (Échap){/}	{@st59}시스템 메뉴 (Esc){/}				
UI_20150317_000737	{@st59}Necronomicon{/}	{@st59}네크로노미콘{/}				
UI_20150317_000738	Aide (F1)	도움말(F1)				
UI_20150317_000739	Contenu	내용				
UI_20150317_000740	Voir les Détails	상세보기				
UI_20150317_000741	{@st43}Paramètres du Jeu{/}	{@st43}게임 설정{/}				
UI_20150317_000742	{@st43}Jeu{/}	{@st43}게임{/}				
UI_20150317_000743	{@st41b}Afficher l'XP Gagnée{/}	{@st41b}경험치 획득량 표기{/}				
UI_20150317_000744	{@st41b}Afficher le Nom du Personnage{/}	{@st41b}캐릭터 이름 보기{/}				
UI_20150317_000745	{@st41b}Afficher uniquement le nom d'équipe{/}	{@st41b}팀 이름만 표시{/}				
UI_20150317_000746	{@st41b}Afficher le Guide de Quête{/}	{@st41b}퀘스트 가이드 표시{/}				
UI_20150317_000747	{@st43}Résolution{/}	{@st43}화면{/}				
UI_20150317_000748	{@st43}Graphismes{/}	{@st43}그래픽{/}				
UI_20150317_000749	{@st41b}Plein Écran{/}	{@st41b}전체 화면{/}				
UI_20150317_000750	{@st41b}Mode Fenêtré{/}	{@st41b}창모드{/}				
UI_20150317_000751	{@st43}Son{/}	{@st43}사운드{/}				
UI_20150317_000752	{@st41b}Volume des effets sonores (%s){/}	{@st41b}효과음 크기 (%s){/}				
UI_20150317_000753	{@st41b}Volume de la musique (%s){/}	{@st41b}음악 크기 (%s){/}				
UI_20150317_000754	{@st41b}Volume (%s){/}	{@st41b}사운드 전체 크기 (%s){/}				
UI_20150317_000755	{@st43}{b}Choisir la Langue{/}	{@st43}언어 선택{/}				
UI_20150317_000756	{@st59}Fermer{/}	{@st59}게임 설정창을 닫습니다{/}				
UI_20150317_000757	{@st41b}Mode configuration minimale {/}	{@st41b}최저 사양 모드{/}				
UI_20150317_000758	{@st41b}Afficher{/}	{@st41b}보기{/}				
UI_20150317_000759	{@st59}Crédits{/}	{@st59}만든 사람들{/}				
UI_20150317_000760	Fenêtre de buffs de la cible	타겟버프창				
UI_20150317_000761	{@st46}Image d'IMC	{@st46}IMC님의 그림				
UI_20150317_000762	{@st46}Image de %s	{@st46}%s님의 그림				
UI_20150317_000763	{@st46}J'aime	{@st46}좋아요				
UI_20150317_000764	{@st46}Signaler	{@st46}신고				
UI_20150317_000765	{@st46}Utiliser des conservateurs	{@st46}보존제 사용				
UI_20150317_000766	{@st46}Supprimer l'Image	{@st46}그림 제거				
UI_20150317_000767	Hallucination de Neige	스노우할레이션				
UI_20150317_000768	Bouquet	꽃다발				
UI_20150317_000769	{@st41} Cadeaux	{@st41}선물				
UI_20150317_000770	Veuillez entrer une quantité	개수를 입력하세요.				
UI_20150317_000771	{@st53b}%s Victoires %s Défaites	{@st53b}%s 승 %s 패				
UI_20150317_000772	{@st42}Programme du Jour	{@st42}오늘의 스케쥴				
UI_20150317_000773	{@st53}Avant le début :	{@st53}시작까지 :				
UI_20150317_000774	{@st53b}Cadeaux reçus : ×%s	{@st53b}받은선물 : %s개				
UI_20150317_000775	{@st43b}Envoyer un cadeau à %s{/}	{@st43b}%s님에게 선물{/}				
UI_20150317_000776	{@st55_a}Partie suivante	{@st55_a}다음 경기				
UI_20150317_000777	{@st53}- Cliquez sur le nom pour observer{nl}- Clic droit pour envoyer un cadeau	{@st53}- 이름을 클릭하여 관전 가능{nl}- 우 클릭으로 선물가능				
UI_20150317_000778	Centrer la caméra sur mon personnage	카메라를 나의 캐릭터로				
UI_20150317_000779	{@st55_a}Félicitations !	{@st55_a}우승을 축하드립니다!				
UI_20150317_000780	{@st42}Changer de Caméra	{@st42}카메라 전환				
UI_20150317_000781	{@st44}Journal d'Aventure{/}	{@st44}모험일지{/}				
UI_20150317_000782	{@st59}Modifier les Paramètres d'Affichage{/}	{@st59}표시 방식을 변경합니다{/}				
UI_20150317_000783	{@st41}Statistiques {/}	{@st41} 통계 {/}				
UI_20150317_000784	{@st41}Fabrication {/}	{@st41} 제조 {/}				
UI_20150317_000785	{@st41}Chasse {/}	{@st41} 사냥 {/}				
UI_20150317_000786	{@st41}Aide {/}	{@st41} 도움말 {/}				
UI_20150317_000787	{@st44}Page Wiki{/}	{@st44}위키페이지{/}				
UI_20150317_000788	{@st42}Informations{/}	{@st42}정보{/}				
UI_20150317_000789	{@st42}Détails{/}	{@st42}상세{/}				
UI_20150317_000790	{@st42}Combat{/}	{@st42}전투{/}				
UI_20150317_000791	{@st42}Obtenir{/}	{@st42}획득{/}				
UI_20150317_000792	{@st59}Fermer la Page{/}	{@st59}페이지를 닫습니다{/}				
UI_20150317_000793	{@st43}Champ de bataille	{@st43}배틀 필드				
UI_20150317_000794	{@st59}Fermer le champ de bataille.	{@st59}배틀 필드를 닫습니다.				
UI_20150317_000795	(Bronze 3)	(브론즈 3)				
UI_20150317_000796	{@sti8}Points gagnables aujourd'hui : {nl}%s{/}	{@sti8}오늘의 획득가능 점수 : {nl}%s{/}				
UI_20150317_000797	{@st41}Boutique de Points	{@st41}포인트샵				
UI_20150317_000798	{@st41}Classement	{@st41}랭킹				
UI_20150317_000799	{@st42}Programme du champ de bataille	{@st42}배틀 필드 일정				
UI_20150317_000800	{@st42}Historique Récent	{@st42}최근 전적				
UI_20150317_000801	{@st41}Recevoir de l'XP	{@st41}경험치 받기				
UI_20150317_000802	{@st41}Page JcJ	{@st41}PVP페이지				
UI_20150317_000803	{@st41}Rechercher	{@st41}검색				
UI_20150317_000804	{@st43}Classement du Champ de Bataille	{@st43}배틀 필드 랭킹				
UI_20150317_000805	{@st59}Fermer le classement du champ de bataille	{@st59}배틀 필드랭킹을 닫습니다.				
UI_20150317_000806	{@st56}Nom du Skill{/}	{@st56}스킬이름{/}				
UI_20150317_000807	{@st41}Vérifier les coordonnées{/}	{@st41}좌표 확인{/}				
UI_20150317_000808	{@st41}Rechercher{/}	{@st41}찾아가기{/}				
UI_20150317_000809	{@st42b}Gérer la régénération des monstres{/}	{@st42b}몬젠 관리{/}				
UI_20150317_000810	{@st42b}Liste des Monstres{/}	{@st42b}몬스터 리스트{/}				
UI_20150317_000811	{@st42b}Créer une Interface{/}	{@st42b}UI 제작{/}				
UI_20150317_000812	{@st42b}Brouillard de Carte{/}	{@st42b}맵 포그{/}				
UI_20150317_000813	{@st42b}Créer une Carte{/}	{@st42b}맵 제작{/}				
UI_20150317_000814	{@st42b}Créer une Mini-carte{/}	{@st42b}미니맵 제작{/}				
UI_20150317_000815	{@st42b}Dialogue {/}	{@st42b}다이얼로그 {/}				
UI_20150317_000816	{@st42b}Modifier les Récompenses de Quête{/}	{@st42b}퀘스트 보상 수정{/}				
UI_20150317_000817	{@st42b}Régénération de groupe{/}	{@st42b}그룹젠{/}				
UI_20150317_000818	{@st42b}Définir l'emplacement sur la carte{/}	{@st42b}맵 위치지정{/}				
UI_20150317_000819	{@st42b}Carte des Skills{/}	{@st42b}스킬맵{/}				
UI_20150317_000820	{@st42b}Liste des événements{/}	{@st42b}이벤트 목록{/}				
UI_20150317_000821	{@st42b}Vérifier les coordonnées{/}	{@st42b}좌표 확인{/}				
UI_20150317_000822	{@st42b} Vérifier XAC, chemin de texture{/}	{@st42b}XAC,텍스쳐경로확인{/}				
UI_20150317_000823	{@st42b}Performances ON/OFF{/}	{@st42b}퍼포먼스ONOFF{/}				
UI_20150317_000824	Liste des dialogues	대사 리스트				
UI_20150317_000825	Rechercher	검색.				
UI_20150317_000826	{@st41}Aperçu{/}	{@st41}미리보기{/}				
UI_20150317_000827	{@st41}Désactivé{/}	{@st41}끄기{/}				
UI_20150317_000828	{@st41}Retirer{/}	{@st41}제거{/}				
UI_20150317_000829	{@st41}Tout enregistrer{/}	{@st41}모두저장{/}				
UI_20150317_000830	{@st41}Appliquer l'image{/}	{@st41}그림적용{/}				
UI_20150317_000831	{#FFFFFF}{ds}Sélectionner l'Événement	 {#FFFFFF}{ds}이벤트선택				
UI_20150317_000832	{#FFFFFF}{ds}Modifier l'Événement	 {#FFFFFF}{ds}이벤트편집				
UI_20150317_000833	{ol}Liste	{ol}리스트				
UI_20150317_000834	Le nom du groupe à enregistrer	저장할 그룹의 이름				
UI_20150317_000835	{@st42}Créer Nouveau{/}	{@st42}새로만들기{/}				
UI_20150317_000836	{@st41}Régénération de groupe{/}	{@st41}그룹젠{/}				
UI_20150317_000837	{@st59}Entrez le nom du monstre à rechercher{/}	{@st59}검색할 몬스터의 이름을 입력합니다{/}				
UI_20150317_000838	{@st59}Entrez le nom du groupe à enregistrer{/}	{@st59}저장할 그룹의 이름을 입력합니다{/}				
UI_20150317_000839	{@st41}Nouveau groupe{/}	{@st41}새 그룹{/}				
UI_20150317_000840	Filtrage	필터링				
UI_20150317_000841	{@st59}Entrez un filtre{/}	{@st59}필터를 입력합니다{/}				
UI_20150317_000842	{ol}Valeur de la Propriété	{ol}속성 값				
UI_20150317_000843	Liste des Classes	클래스리스트				
UI_20150317_000844	Appliquer au XML	XML에 적용				
UI_20150317_000845	{#FFFFFF}{ds}Journal	 {#FFFFFF}{ds}로그				
UI_20150317_000846	{#FFFFFF}{ds}Afficher toutes les propriétés	 {#FFFFFF}{ds}모든속성보기 				
UI_20150317_000847	Entrez un mot-clé à rechercher	검색어를 입력합니다.				
UI_20150317_000848	Toutes les valeurs d'attribut	모든 속성 값				
UI_20150317_000849	{ol}Nom	{ol}이름				
UI_20150317_000850	{ol}Valeur	{ol}값				
UI_20150317_000851	Roublard	로그				
UI_20150317_000852	{ol}Révision	{ol}리비전				
UI_20150317_000853	{ol}Roublard	{ol}로그				
UI_20150317_000854	Liste des classes	클래스 리스트				
UI_20150317_000855	Conversion XML	XML변환				
UI_20150317_000856	{ol}Nom de la classe	{ol}클래스네임				
UI_20150317_000857	{ol}Nom de la Propriété	{ol}속성이름				
UI_20150317_000858	{ol}Valeur modifiée	{ol}변경값				
UI_20150317_000859	{ol}Appliquer	{ol}반영				
UI_20150317_000860	Ouvrir le Dossier	폴더열기				
UI_20150317_000861	Tout Cocher	전체체크				
UI_20150317_000862	Historique	히스토리				
UI_20150317_000863	Restaurer la Valeur	값롤백				
UI_20150317_000864	{ol}Sélectionner un objet	{ol}아이템 선택				
UI_20150317_000865	Entrez le nom à rechercher	검색할 이름을 입력합니다.				
UI_20150317_000866	{@st42}Confirmer{/}	{@st42}확인{/}				
UI_20150317_000867	{@st41}Créer une Interface{/}	{@st41}UI 제작{/}				
UI_20150317_000868	{ol}Cadre	{ol}프레임				
UI_20150317_000869	{@st41}Cadre{/}	{@st41}프레임{/}				
UI_20150317_000870	{@st41}Bouton{/}	{@st41}버튼{/}				
UI_20150317_000871	{@st41}Texte{/}	{@st41}텍스트{/}				
UI_20150317_000872	{@st42b}Normal{img btn_close}	{@st42b}일반{img btn_close}				
UI_20150317_000873	{@st42b}Enchère{img btn_close}	{@st42b}경매{img btn_close}				
UI_20150317_000874	{@st41}Définir l'emplacement sur la carte{/}	{@st41}맵 위치지정{/}				
UI_20150317_000875	{@st41}Renommer{/}	{@st41}이름변경{/}				
UI_20150317_000876	{@st59}Entrez les mots à filtrer{/}	{@st59}필터링할 내용을 입력합니다{/}				
UI_20150317_000877	{@st41}Créer{/}	{@st41}만들기{/}				
UI_20150317_000878	{@st56}Enregistrer XML{/}	{@st56}XML저장{/}				
UI_20150317_000879	{@st56}Réinitialiser{/}	{@st56}초기화{/}				
UI_20150317_000880	{@st56}Attribut{/}	{@st56}속성{/}				
UI_20150317_000881	{@st56}Valeur{/}	{@st56}값{/}				
UI_20150317_000882	{@st42}Contenu{/}	{@st42}내용{/}				
UI_20150317_000883	{@st41}Annuler{/}	{@st41}되돌리기{/}				
UI_20150317_000884	{@st41}Tout enregistrer{/}	{@st41}모두 저장{/}				
UI_20150317_000885	{@st41}Ouvrir XML{/}	{@st41}XML열기{/}				
UI_20150317_000886	{@st42b}Skill fixe : 0{/}	{@st42b}고정스킬 : 0{/}				
UI_20150317_000887	{@st42b}Skill fixe : %s{/}	{@st42b}고정스킬 : %s{/}				
UI_20150317_000888	{@st42b}Poursuite à la souris{/}	{@st42b}마우스호밍{/}				
UI_20150317_000889	{@st42b}Nom du Skill{/}	{@st42b}스킬이름{/}				
UI_20150317_000890	{@st41}Liste des monstres{/}	{@st41}몬스터 리스트{/}				
UI_20150317_000891	{@st41}Gestionnaire de Performance{/}	{@st41}퍼포먼스매니저{/}				
UI_20150317_000892	{ol}Sélectionner la Quête	{ol}퀘스트 선택				
UI_20150317_000893	Entrez le nom de la quête à rechercher	검색할 퀘스트 이름을 입력합니다.				
UI_20150317_000894	{ol}Sélectionner la carte	{ol}맵 선택				
UI_20150317_000895	Entrez le nom de la carte à rechercher	검색할 맵의 이름을 입력합니다.				
UI_20150317_000896	{@st42}Carte actuelle{/}	{@st42}현재맵{/}				
UI_20150317_000897	{ol}Nom de la carte	{ol}맵이름				
UI_20150317_000898	{ol}Coordonnées	{ol}좌표				
UI_20150317_000899	{@st41}Modifier les récompenses de quête{/}	{@st41}퀘스트 보상 수정{/}				
UI_20150317_000900	{@st59}Entrez la quête à rechercher{/}	{@st59}검색할 퀘스트를 입력합니다{/}				
UI_20150317_000901	{@st59}Entrez l'objet à rechercher{/}	{@st59}검색할 아이템을 입력합니다{/}				
UI_20150317_000902	{@st42}XP	{@st42}경험치				
UI_20150317_000903	{ol}Récompenses de base	{ol}기본 보상				
UI_20150317_000904	{ol}Quantité	{ol}갯수				
UI_20150317_000905	{ol}Récompenses supplémentaires	{ol}추가 보상				
UI_20150317_000906	{@st45}Triches fréquemment utilisées	{@st45}자주 사용한 치트				
UI_20150317_000907	{@st41}Carte des Skills{/}	{@st41}스킬맵{/}				
UI_20150317_000908	{@st42}Capacité{/}	{@st42}어빌리티{/}				
UI_20150317_000909	{@st42}Guerrier{/}	{@st42}전사{/}				
UI_20150317_000910	{@st42}Mage{/}	{@st42}위저드{/}				
UI_20150317_000911	{@st42}Archer{/}	{@st42}궁수{/}				
UI_20150317_000912	{@st42}Moine{/}	{@st42}몽크{/}				
UI_20150317_000913	{@st42}Sorcier{/}	{@st42}소서러{/}				
UI_20150317_000914	{@st41}Skill{/}	{@st41}스킬반{/}				
UI_20150317_000915	{@st59}Charger XML{/}	{@st59}xml 로드{/}				
UI_20150317_000916	{@st41}Charger{/}	{@st41}불러오기{/}				
UI_20150317_000917	{@st59}Enregistrer en XML{/}	{@st59}xml로 저장{/}				
UI_20150317_000918	{@st59}Réinitialiser la carte de Skills ouverte{/}	{@st59}열려있는 스킬맵 리셋{/}				
UI_20150317_000919	{@st41}Réinitialiser{/}	{@st41}리셋{/}				
UI_20150317_000920	{@st59}Réinitialiser toutes les cartes de Skills{/}	{@st59}모든 스킬맵 리셋{/}				
UI_20150317_000921	{@st41}Tout Réinitialiser{/}	{@st41}모두리셋{/}				
UI_20150317_000922	{S18}Supprimer le script	{s18}해제스크립트				
UI_20150317_000923	{S18}Argument de type chaîne	{s18}문자열 인자				
UI_20150317_000924	{s18}argument chaîne 1	{s18}숫자1 인자				
UI_20150317_000925	{s18}argument chaîne 2	{s18}숫자2 인자				
UI_20150317_000926	{s18}Niveau max de Skill	{s18}스킬 최대 레벨				
UI_20150317_000927	{@st59}Supprimer la zone de type de script{/}	{@st59}해제 스크립트 입력창{/}				
UI_20150317_000928	{@st59}Supprimer l'argument du script{/}	{@st59}해제 스크립트 인자{/}				
UI_20150317_000929	{@st59}Niveau max de Skill{/}	{@st59}스킬 최대 레벨{/}				
UI_20150317_000930	{@st59}Enregistrer la Propriété{/}	{@st59}속성 저장{/}				
UI_20150317_000931	{@st41}Enregistrer la Propriété{/}	{@st41}속성 저장{/}				
UI_20150317_000932	{@st44}Liste des Interfaces{/}	{@st44}UI 목록{/}				
UI_20150317_000933	{ds}Liste des Extensions	{ds}에드온 목록				
UI_20150317_000934	{ds}Liste des cadres fixes	{ds}고정프레임 목록				
UI_20150317_000935	{@st42}Liste des interfaces{/}	{@st42}UI 목록{/}				
UI_20150317_000936	{@st59}Afficher la liste des interfaces{/}	{@st59}UI 목록을 보여준다{/}				
UI_20150317_000937	{@st42}Ajuster l'emplacement{/}	{@st42}위치 조절{/}				
UI_20150317_000938	{@st59}Ajuster l'emplacement{/}	{@st59}위치조절{/}				
UI_20150317_000939	{@st42}Modifier la Propriété{/}	{@st42}속성 편집{/}				
UI_20150317_000940	{@st59}Modifier la propriété{/}	{@st59}속성편집{/}				
UI_20150317_000941	{@st42}Enregistrer{/}	{@st42}저장{/}				
UI_20150317_000942	{@st59}Enregistrer{/}	{@st59}저장{/}				
UI_20150317_000943	{@st44}Modifier les propriétés d'interface{/}	{@st44}UI 속성 편집{/}				
UI_20150317_000944	{@St59}Sélection du Personnage{/}	{@st59}캐릭터선택{/}				
UI_20150317_000945	{@St59}Déconnexion{/}	{@st59}로그아웃{/}				
UI_20150317_000946	{@St59}Paramètres{/}	{@st59}게임설정{/}				
UI_20150317_000947	{@St59}Quitter{/}	{@st59}게임종료{/}				
UI_20150317_000948	{@st43}Paramètres de la Caserne{/}	{@st43}숙소 설정{/}				
UI_20150317_000949	{@st59}Fermer{/}	{@st59}숙소 설정을 닫습니다{/}				
UI_20150317_000950	{@St42_b}{s18}{#f5c384}Nom d'Équipe{/}	{@st42_b}{s18}{#f5c384}팀 이름{/}				
UI_20150317_000951	{@st59}Entrez le nom d'équipe {/}	{@st59}원하는 팀 이름을 입력하세요{/}				
UI_20150317_000952	{@st59}Enregistrer le Nom d'Équipe{/}	{@st59}팀 이름을 저장합니다{/}				
UI_20150317_000953	Suppression Provisoire	systemmenu_vertical 잠정삭제				
UI_20150317_000954	{@St59}Fermer{/}	{@st59}배럭 꾸미기를 닫습니다{/}				
UI_20150317_000955	{@St43}Décoration de la Caserne{/}	{@st43}배럭 꾸미기{/}				
UI_20150317_000956	{@St41b}Thème{/}	{@st41b}   테마   {/}				
UI_20150317_000957	{@St41b}Disposition des Objets{/}	{@st41b}   물품배치   {/}				
UI_20150317_000958	{@St41b}Nom	{@st41b}이름				
UI_20150317_000959	{@St41b}Prix	{@st41b}가격				
UI_20150317_000960	{@St41b}État	{@st41b}상태				
UI_20150317_000961	{@St44}Nouveau Personnage{/}	{@st44}새 캐릭터{/}				
UI_20150317_000962	{@St41b}{s22}Choisir la Classe du Personnage{/}	{@st41b}{s22}생성을 원하는 클래스를 선택하세요{/}				
UI_20150317_000963	{@St41b}Retour{/}	{@st41b}생성 취소{/}				
UI_20150317_000964	{@St59}Retourner à votre caserne sans créer de personnage	{@st59}캐릭터 생성을 취소합니다{/}				
UI_20150317_000965	Changer de Personnage	캐릭터선택				
UI_20150317_000966	{@St41}Personnage{/}	{@st41}캐릭터{/}				
UI_20150317_000967	{@St59}Tourner dans le sens horaire{/}	{@st59}오른쪽으로 회전{/}				
UI_20150317_000968	{@St59}Tourner dans le sens antihoraire{/}	{@st59}왼쪽으로 회전{/}				
UI_20150317_000969	{@St43b}Rotation du Personnage{/}	{@st43b}캐릭터 회전{/}				
UI_20150317_000970	{@st43}Nom du Personnage{/}	{@st43}캐릭터 이름{/}				
UI_20150317_000971	Entrez un nom{@st59} {/}	{@st59}이름을 입력합니다{/}				
UI_20150317_000972	{@St43b}Choisir le Genre{/}	{@st43b}성별 선택{/}				
UI_20150317_000973	{@St59}Femme{/}	{@st59}여성{/}				
UI_20150317_000974	{@St59}Homme{/}	{@st59}남성{/}				
UI_20150317_000975	{@st43b}Choisir la Coiffure{/}	{@st43b}헤어 선택{/}				
UI_20150317_000976	{@st59}Coiffure 1{/}	{@st59}헤어1{/}				
UI_20150317_000977	{@st59}Coiffure 2{/}	{@st59}헤어2{/}				
UI_20150317_000978	{@St59}Coiffure 3{/}	{@st59}헤어3{/}				
UI_20150317_000979	{@st59}Coiffure 4{/}	{@st59}헤어4{/}				
UI_20150317_000980	{@st59}Coiffure 5{/}	{@st59}헤어5{/}				
UI_20150317_000981	{@st59}Coiffure 6{/}	{@st59}헤어6{/}				
UI_20150317_000982	{@st59}Coiffure 7{/}	{@st59}헤어7{/}				
UI_20150317_000983	{@st59}Coiffure 8{/}	{@st59}헤어8{/}				
UI_20150317_000984	{@st59}Coiffure 9{/}	{@st59}헤어9{/}				
UI_20150317_000985	{@st59}Coiffure 10{/}	{@st59}헤어10{/}				
UI_20150317_000986	{@St43b}Choisir une Classe{/}	{@st43b}클래스 선택{/}				
UI_20150317_000987	{@st59}Épéiste{/}	{@st59}소드맨{/}				
UI_20150317_000988	{@st59}Mage{/}	{@st59}위저드{/}				
UI_20150317_000989	{@st59}Archer{/}	{@st59}아처{/}				
UI_20150317_000990	{@st59}Clerc{/}	{@st59}클레릭{/}				
UI_20150317_000991	{@St41b}Visiter la Caserne {/}	{@st41b}배럭방문{/}				
UI_20150317_000992	{@St59}Visiter la caserne d'un autre joueur.{/}	{@st59}다른 사람의 배럭을 방문합니다.{/}				
UI_20150317_000993	{@St41b}Déconnexion{/}	{@st41b}로그아웃{/}				
UI_20150317_000994	{@St59}Retourner à l'écran de connexion{/}	{@st59}로그인 화면으로 이동합니다{/}				
UI_20150317_000995	{@St41b}Quitter le Jeu{/}	{@st41b}게임종료{/}				
UI_20150317_000996	{@St59}Quitter Tree of Savior{/}	{@st59}게임을 종료합니다{/}				
UI_20150317_000997	{@st41b}Choisir un Canal{/}	{@st41b}게임을 시작할 채널을 선택하세요{/}				
UI_20150317_000998	{@st43}Entrer{/}	{@st43}게임 시작{/}				
UI_20150317_000999	{@St59}Démarrer le jeu avec le personnage sélectionné{/}	{@st59}선택한 캐릭터로 게임을 시작합니다{/}				
UI_20150317_001000	{@St43}{s26}Nom d'Équipe{/}	{@st43}{s26}팀 이름{/}				
UI_20150317_001001	{@st59}Nom d'Équipe{/}	{@st59}팀 이름{/}				
UI_20150317_001002	{@st41b}Changer le Nom d'Équipe{/}	{@st41b}팀 이름 변경{/}				
UI_20150317_001003	{@st59}Changer le Nom d'Équipe{/}	{@st59} 팀 이름을 변경합니다{/}				
UI_20150317_001004	{@St41}Compagnon{/}	{@st41}컴패니언{/}				
UI_20150317_001005	Glisser la Discussion	채팅 드래그				
UI_20150317_001006	{@St44}Nouveau Nom de Dialogue{/}	{@st44}새로운 대화창 이름{/}				
UI_20150317_001007	{@St42}Modifier{/}	{@st42}변경{/}				
UI_20150317_001008	{@St44}Nouveau Nom de Fenêtre{/}	{@st44}새로운 창 이름{/}				
UI_20150317_001009	{@St43}{s40}{gr gradation4}Création de Personnage{/}	{@st43}{s40}{gr gradation4}캐릭터 생성{/}				
UI_20150317_001010	{@St59}Créer un personnage{/}	{@st59}캐릭터를 생성합니다{/}				
UI_20150317_001011	{@St59}Annuler la création du personnage{/}	{@st59}생성을 취소합니다{/}				
UI_20150317_001012	{@St59}Fermer{/}	{@st59}팀 이름 입력을 닫습니다{/}				
UI_20150317_001013	{@St59}Créer une équipe avec le nom saisi{/}	{@st59}입력한 이름으로 팀을 생성합니다{/}				
UI_20150317_001014	{@St43}{s30}{#f0dcaa}Entrez votre nom d'équipe !	{@st43}{s30}{#f0dcaa}팀 이름 입력!				
UI_20150317_001015	{@St41b}Votre nom d'équipe est un nom qui représente tous vos personnages.{nl}Ce nom sera utilisé universellement lors des échanges, de l'adhésion à une guilde, des conversations et plus encore.{nl}         Le nom d'équipe peut être modifié à tout moment avec 150 TP.{/}	{@st41b} 팀 이름은 모든 캐릭터를 대표하는 이름입니다.{nl}자유롭게 바꿀 수 있는 팀 이름은 거래, 길드 가입, 대화 등에 사용되는 공용 이름입니다.{/}				
UI_20150317_001016	Arrière-plan de chargement	로딩 배경				
UI_20150317_001017	Astuce	팁				
UI_20150317_001018	Astuces de Jeu	게임팁				
UI_20150317_001019	Connexion	로그인				
UI_20150317_001020	Identifiant du Compte	계정				
UI_20150317_001021	{@st59}Entrez votre identifiant de compte{/}	{@st59}계정을 입력 하십시오{/}				
UI_20150317_001022	Mot de passe	비밀번호				
UI_20150317_001023	{@St59}Entrez votre mot de passe{/}	{@st59}비밀 번호를 입력하십시오{/}				
UI_20150317_001024	{@St43}Entrer{/}	{@st43}게임 접속{/}				
UI_20150317_001025	{@St59}Se connecter au serveur sélectionné{/}	{@st59}선택한 서버에 접속합니다{/}				
UI_20150317_001026	{@st41b}Rejouer{/}	{@st41b}리플레이{/}				
UI_20150317_001027	{@st41b}Mode Solo{/}	{@st41b}싱글 모드{/}				
UI_20150317_001028	{@St41b}Quitter le Jeu{/}	{@st41b}게임 종료{/}				
UI_20150317_001029	Enregistrer	저장				
UI_20150317_001030	{@St59}Si coché, votre compte sera enregistré{/}	{@st59}체크하면 계정을 저장합니다{/}				
UI_20150317_001031	Liste des Serveurs	서버 목록				
UI_20150317_001032	{@St59}Choisir un Serveur{/}	{@st59}접속을 원하는 서버를 선택하여 주세요{/}				
UI_20150317_001033	Titre de Connexion	로그인타이틀				
UI_20150317_001034	[Version bêta fermée]	[클로즈 베타 테스트 버전]				
UI_20150317_001035	Options	옵션				
UI_20150317_001036	Distance de Visibilité	시야거리				
UI_20150317_001037	{S20}{#BBBBBB}Distance de Visibilité	{s20}{#BBBBBB}시야 거리				
UI_20150317_001038	Distance de visibilité :	시야 거리 :				
UI_20150317_001039	Personnage :	캐릭터 :				
UI_20150317_001040	Objets d'arrière-plan :	배경 오브젝트 :				
UI_20150317_001041	Topographie - Herbe (%) :	지형-풀(%) :				
UI_20150317_001042	Topographie - Arbres (%) :	지형-트리 (%) :				
UI_20150317_001043	Topographie - Objets (%) :	지형-오브젝트(%) :				
UI_20150317_001044	Ombre	섀도우				
UI_20150317_001045	{S20}{#BBBBBB}Mappage des Ombres	{s20}{#BBBBBB}섀도우맵				
UI_20150317_001046	Activer le Mappage des Ombres	섀도우맵 사용				
UI_20150317_001047	Qualité des ombres :	섀도우 품질 :				
UI_20150317_001048	Utilisation du SSAO	SSAO 사용				
UI_20150317_001049	Méthode SSAO :	SSAO 방식 :				
UI_20150317_001050	Résolution SSAO :	SSAO 해상도 :				
UI_20150317_001051	Reflet de l'Eau	물반사				
UI_20150317_001052	{s20}{#BBBBBB}Reflet de l'Eau	{s20}{#BBBBBB}물 반사				
UI_20150317_001053	Reflet de l'Eau sur les Personnages	캐릭터 물반사				
UI_20150317_001054	Reflet de l'Eau sur l'Arrière-plan	배경 물반사				
UI_20150317_001055	{s20}{#BBBBBB}Configuration de la Lueur	{s20}{#BBBBBB}Glow 설정				
UI_20150317_001056	Activer la Lueur	Glow 사용				
UI_20150317_001057	{@st41}Attaque{/}	{@st41}공격력{/}				
UI_20150317_001058	{@St41}Défense{/}	{@st41}방어력{/}				
UI_20150317_001059	{@st41}Soutien{/}	{@st41}보조{/}				
UI_20150317_001060	{@st41}Difficulté{/}	{@st41}난이도{/}				
UI_20150317_001061	{@st41}Coiffure	{@st41}헤 어				
UI_20150317_001062	{@st41}Rotation	{@st41}회 전				
UI_20150317_001063	{@st43}Créer un Personnage	{@st43}캐릭터 생성				
UI_20150317_001064	{@st59}Créer ce Personnage{/}	{@st59}설정대로 캐릭터를 생성합니다{/}				
UI_20150317_001065	{@st41b}Annuler	{@st41b}선택 취소				
UI_20150317_001066	{@st59}Annuler la Sélection du Personnage{/}	{@st59}캐릭터 선택을 취소합니다{/}				
UI_20150317_001067	Informations sur le Personnage	캐릭터정보				
UI_20150317_001068	{@st41}Emmener	{@st41}함께하기				
UI_20150317_001069	{@st59}Après avoir cliqué ici, choisissez un personnage que le compagnon doit suivre{/}	{@st59}클릭후 캐릭터를 선택하면 컴패니언이 따라다닙니다{/}				
UI_20150317_001070	Interface de Création d'Objet	아이템 생성 UI				
UI_20150317_001071	{s24}Nom :	{s24}이름 : 				
UI_20150317_001072	{s16} FOR :	{s16} 힘 : 				
UI_20150317_001073	{s16} PV :	{s16} 체력 : 				
UI_20150317_001074	{s16} AGI :	{s16} 민첩 : 				
UI_20150317_001075	{s16} VIT :	{s16} 기력 : 				
UI_20150317_001076	{s16} Force :	{s16} 도력 : 				
UI_20150317_001077	{s18} Sélection de Classe	{s18} 직업선택				
UI_20150317_001078	{s18} Union de la Voie Droite	{s18} 정도연맹				
UI_20150317_001079	{s18} Union du Mal Providentiel	{s18} 천명마교				
UI_20150317_001080	Hong Moo Moon	홍무문				
UI_20150317_001081	Dae Do Cheon	대도천				
UI_20150317_001082	Épées de Feu	화선도				
UI_20150317_001083	For adenomas hwageuk	용화극선종				
UI_20150317_001084	Perforation	천자성				
UI_20150317_001085	Yeonhwagyo	연화교				
UI_20150317_001086	{S16}Genre et Apparence	{s16}성별 및 외모				
UI_20150317_001087	Homme	남				
UI_20150317_001088	Femme	여				
UI_20150317_001089	Ajustement des Cheveux	머리 조절				
UI_20150317_001090	Ajustement de la Taille	키 조절				
UI_20150317_001091	Largeur des Épaules	어깨 넓이				
UI_20150317_001092	Taille des mains et des pieds	손, 발 크기				
UI_20150317_001093	Taille de la Poitrine	가슴 사이즈				
UI_20150317_001094	Tour de Taille	허리 사이즈				
UI_20150317_001095	Taille des Hanches	골반 사이즈				
UI_20150317_001096	{S18} Taille de la Tête	{s18} 머리크기				
UI_20150317_001097	{S14} Ajustement de la Taille	{s14} 키 조절				
UI_20150317_001098	{S14} Largeur des Épaules	{s14} 어깨 넓이				
UI_20150317_001099	{S14} Taille des mains et des pieds	{s14} 손, 발 크기				
UI_20150317_001100	{S14} Taille de la Poitrine	{s14} 가슴 사이즈				
UI_20150317_001101	{S14} Tour de Taille	{s14} 허리 사이즈				
UI_20150317_001102	{S14} Taille du Bassin	{s14} 골반 사이즈				
UI_20150317_001103	Utiliser un préréglage	미리설정값				
UI_20150317_001104	Aléatoire	임의설정값				
UI_20150317_001105	Créer un Nouveau Personnage	신규 인물 생성				
UI_20150317_001106	Annuler la Création du Personnage	인물 생성 취소				
UI_20150317_001107	{@St43}{s40}{gr gradation4}Démarrage du Jeu{/}	{@st43}{s40}{gr gradation4}게임 시작{/}				
UI_20150317_001108	{@St43}{s40}{gr gradation4}Fin de l'Aperçu{/}	{@st43}{s40}{gr gradation4}미리보기 종료{/}				
UI_20150317_001109	{@St43}{s40}{gr gradation4}Retour à la Zone{/}	{@st43}{s40}{gr gradation4}존으로돌아가기{/}				
UI_20150317_001110	{@St59}Retourner à la zone.{/}	{@st59}다시 존으로 들어갑니다.{/}				
UI_20150317_001111	{@St41b}Retour{/}	{@st41b}돌아가기{/}				
UI_20150317_001112	{@St59}Retourner à ma caserne.{/}	{@st59}나의 배럭으로 돌아갑니다.{/}				
UI_20150317_001113	{@St43}{s24}NomCaserne{/}	{@st43}{s24}배럭 이름{/}				
UI_20150317_001114	{@St59}Nom de la Caserne{/}	{@st59}배럭 이름{/}				
UI_20150317_001115	{@st41b}Décorer{/}	{@st41b}꾸미기{/}				
UI_20150317_001116	{@St59}Décorer la Caserne{/}	{@st59}배럭 꾸미기{/}				
UI_20150317_001117	{@St41b}Configuration{/}	{@st41b}설  정{/}				
UI_20150317_001118	{@St59}Paramètres de la Caserne{/}	{@st59}배럭 설정{/}				
UI_20150317_001119	Cadre d'objet personnalisé	커스터마이즈 아이템 프레임				
UI_20150317_001120	Vert	녹색				
UI_20150317_001121	Densité	밀도				
UI_20150317_001122	Comme les PV	체력이라던가				
UI_20150317_001123	{@st59}Accessoires de Cheveux{/}	{@st59}헤어악세서리{/}				
UI_20150317_001124	{@st59}Accessoires Secondaires{/}	{@st59}보조악세서리{/}				
UI_20150317_001125	{@St42}Texte{/}	{@st42}텍스트{/}				
UI_20150317_001126	Nom du contenu de base	기본 콘텐츠 이름				
UI_20150317_001127	Nom du groupe de base	기본 그룹 이름				
UI_20150317_001128	Nom d'objet de base	기본 아이템 이름				
UI_20150317_001129	M. Kim	김평직				
UI_20150317_001130	Poids : %s	무게 : %s				
UI_20150317_001131	N/D	별별벼려별				
UI_20150317_001132	Race %s	%s 종족				
UI_20150317_001133	N/D	표례스텨(싱뮬형)				
UI_20150317_001134	Non cessible	거래 불가				
UI_20150317_001135	Ne peut pas être renforcé	강화 불가				
UI_20150317_001136	N/D	별별별별				
UI_20150317_001137	Nom de l'Objet	템이름				
UI_20150317_001138	N/D	이 템을 착용하면 어쩌고 저쩌고				
UI_20150317_001139	Niv. et plus	레벨 몇 이상				
UI_20150317_001140	Équipable par tous	누구는 장착 가능				
UI_20150317_001141	Emplacements maximum : ×%s	최대 소캣 %s개				
UI_20150317_001142	Nom de l'Objet	아이템 이륨				
UI_20150317_001143	Valeur de vente : %s argent	상점 판매 가격 : %s 실버				
UI_20150317_001144	Combien	얼마				
UI_20150317_001145	{@St42b}Taux d'Exploration Complet de Siauliai{/}	{@st42b}샤울레이 전체 탐사율{/}				
UI_20150317_001146	{@St42b}Zone de la Forêt de l'Ouest Explorée{/}	{@st42b}서쪽숲 탐사율{/}				
UI_20150317_001147	{@St18}Objet{/}	{@st18}아이템{/}				
UI_20150317_001148	{@St18}Mon Classement{/}	{@st18}내 순위{/}				
UI_20150317_001149	Diamant	다이야				
UI_20150317_001150	Endurance +9,000	체력 플러스 구천				
UI_20150317_001151	{@St18}Moyenne{/}	{@st18}평균{/}				
UI_20150317_001152	{@St42b}{s18}Qualité de fabrication{/}	{@st42b}{s18}숙련도{/}				
UI_20150317_001153	{@St55_c}Nom d'objet	{@st55_c}아이템 이름				
UI_20150317_001154	{@St55_c}Notes du Mémo	{@st55_c}메모 기록				
UI_20150317_001155	{@St59}Entrez un nom. Si vous n'en entrez pas, le nom par défaut sera utilisé.{/}	{@st59}이름을 입력합니다. 입력하지 않을경우 기본이름으로 제작됩니다.{/}				
UI_20150317_001156	{@St59}Entrez un mémo{/}	{@st59}메모를 입력합니다{/}				
UI_20150317_001157	{@St43}Produire des objets	{@st43}아이템 제작				
UI_20150317_001158	{@st42b}%s points {/}	{@st42b}%s 점{/}				
UI_20150317_001159	{@st42b}%s{/}	{@st42b}%s 개{/}				
UI_20150317_001160	{@st42b}%s points {/}	{@st42b}%s점{/}				
UI_20150317_001161	{@st42b}%s{/}	{@st42b}%s개{/}				
UI_20150317_001162	{S16}{ol}par prix	{s16}{ol}개당 가격				
UI_20150317_001163	Prix total : 1	총 가격 :   1				
UI_20150317_001164	{@St41}Aide	{@st41}도움말				
UI_20150317_001165	{@St41}Description de la Photo	{@st41}사진에 대한 설명				
UI_20150317_001166	{@St41}Enregistrement	{@st41}등록				
UI_20150317_001167	{@St41}Nom	{@st41}이  름				
UI_20150317_001168	{@St41}Message	{@st41}메세지				
UI_20150317_001169	{@St43}Nom{/}	{@st43}이  름{/}				
UI_20150317_001170	{@St41b}Message{/}	{@st41b}메세지{/}				
UI_20150317_001171	{@St42b}Connexion{/}	{@st42b}로그인{/}				
UI_20150317_001172	{@St41}Créer une nouvelle conversation	{@st41}새 대화 만들기				
UI_20150317_001173	{@St41}Conversation Complète	{@st41}전체 대화				
UI_20150317_001174	Nom de la Région	지역이름				
UI_20150317_001175	{@St41}Nom de Skill	{@st41}스킬이름				
UI_20150317_001176	{@St41}Points d'Attribut	{@st41}특성포인트				
UI_20150317_001177	{@St41}Nom de la Classe	{@st41}클래스이름				
UI_20150317_001178	Nom du Personnage	케릭터 이름				
UI_20150317_001179	{@Sti7}Supprimer{/}	{@sti7}삭제{/}				
UI_20150317_001180	Niveau du Personnage	케릭터 레벨				
UI_20150317_001181	{@St42}Partage de Quête{/}	{@st42}퀘스트공유{/}				
UI_20150317_001182	{@St42}Partage d'XP{/}	{@st42}경험치공유{/}				
UI_20150317_001183	Mémo du Personnage	케릭터 메모				
UI_20150317_001184	Niveau moyen du groupe : {#FFFF00}%s{/}	파티 평균레벨 : {#FFFF00}%s{/}				
UI_20150317_001185	Recherche de : {#FFFF00}%s{/}	찾는 파티원 : {#FFFF00}%s{/}				
UI_20150317_001186	Clerc / Archer	성직자 / 궁수				
UI_20150317_001187	Partage de quête : {#FFFF00}%s{/}	퀘스트 공유 : {#FFFF00}%s{/}				
UI_20150317_001188	N/D	사아용				
UI_20150317_001189	Répartition de l'XP : {#FFFF00}%s{/}	경험치 분배규칙 : {#FFFF00}%s{/}				
UI_20150317_001190	Également	규운등 분배				
UI_20150317_001191	Répartition des objets : {#FFFF00}%s{/}	아이템 분배규칙 : {#FFFF00}%s{/}				
UI_20150317_001192	Aléatoirement	래앤덤하게 분배				
UI_20150317_001193	Comment faire pour	어떻게하면내가				
UI_20150317_001194	Vous ne voyez pas qui c'est	누군지모를까				
UI_20150317_001195	{@st41b}Journal d'Aventure Mis à Jour	{@st41b}모험일지에 등록되었습니다.				
UI_20150317_001196	Objets de Menu pour la Quête	퀘스트용 메뉴오브젝트				
UI_20150317_001197	Catégories de Quête	퀘스트의 카테고리				
UI_20150317_001198	Liste des Objets de Quête	퀘스트의 리스트 오브젝트				
UI_20150317_001199	N/D	퀘스트의 리스트 오브젝트-여기까지는 옛날꺼임				
UI_20150317_001200	Ligne utilisée sur la feuille de route	로드맵에서 사용하는 라인				
UI_20150317_001201	Emplacement Object_Standard	슬롯 오브젝트_일반용				
UI_20150317_001202	Emplacement Object_Cash	슬롯 오브젝트_캐시슬롯				
UI_20150317_001203	Détails du Personnage Type 1	캐릭터 상세 정보 타입1				
UI_20150317_001204	Détails du Personnage Type 2	캐릭터 상세 정보 타입2				
UI_20150317_001205	Liste d'Inventaire Type 1	인벤토리 리스트 타입1				
UI_20150317_001206	Liste d'Inventaire Type 2	인벤토리 리스트 타입2				
UI_20150317_001207	Type d'Emplacement d'Inventaire	인벤토리 슬롯 타입				
UI_20150317_001208	Voir les détails de l'objet sur le marché	마켓에서 아이템 보기_디테일				
UI_20150317_001209	Affichage du Nom de l'Objet	아이템 이름 출력				
UI_20150317_001210	Affichage du nombre restant	남아 있는 개수를 출력				
UI_20150317_001211	Affichage de la Valeur	값을 출력				
UI_20150317_001212	Quand vous l'ajoutez au panier	카트에 담았을 때				
UI_20150317_001213	Affichage de la valeur totale	총합을 출력				
UI_20150317_001214	Pour l'affichage de l'objet	아이템 출력용				
UI_20150317_001215	Affichage du prix unitaire	단가출력				
UI_20150317_001216	Catégorie d'objet	아이템 카테고리				
UI_20150317_001217	Actualités	새 소식				
UI_20150317_001218	{@St42b}Redémarrer{/}	{@st42b}재시작{/}				
UI_20150317_001219	Peltang Stang	펠탕스탕				
UI_20150317_001220	Cercle 99	99 서클				
UI_20150317_001221	Vaincre 8 Vubbe Enragés	부베 망나니 8마리 처치				
UI_20150317_001222	Infobulle	툴팁				
UI_20150317_001223	XP : sad{br}+1 Cristal d'enchantement (Attaque)	EXP : sad{br}+1 인챈트 크리스탈 (공격)				
UI_20150317_001224	Épée d'Apprenti	어프렌티스 소드				
UI_20150317_001225	Durabilité de réparation :	수리 내구도 :				
UI_20150317_001226	Coût de réparation : 120 argent	수리비용 : 120 실버				
UI_20150317_001227	Coût de réparation : %s argent	수리비용 : %s 실버				
UI_20150317_001228	{@st42b}Nombre d'enchères {@sti7}%s{/}	{@st42b}입찰수 {@sti7}%s{/}				
UI_20150317_001229	{@st42b}Prix actuel {img icon_item_silver 20 20}{@st57}%s{/}	{@st42b}현재가 {img icon_item_silver 20 20}{@st57}%s{/}				
UI_20150317_001230	{@St41}Achat immédiat ! {Img icon_item_silver 20 20}{@st57}%s{/}	{@st41}바로 구매! {img icon_item_silver 20 20}{@st57}%s{/}				
UI_20150317_001231	{@St41b}Recevoir les objets{/}	{@st41b}아이템 수령{/}				
UI_20150317_001232	{@st42b} Prix de l'enchère {img icon_item_silver 20 20}{@st57}%s{/}	{@st42b}입찰금 {img icon_item_silver 20 20}{@st57} %s{/}				
UI_20150317_001233	{@Sti7}Retour	{@sti7}반환				
UI_20150317_001234	{@St59}Tête{/}	{@st59}머리{/}				
UI_20150317_001235	{@St59}Bracelet Gauche{/}	{@st59}왼팔찌{/}				
UI_20150317_001236	{@St59}Bracelet Droit{/}	{@st59}오른팔찌{/}				
UI_20150317_001237	{@St59}Costumes{/}	{@st59}의상{/}				
UI_20150317_001238	{@st59}Anneau 2{/}	{@st59}링2{/}				
UI_20150317_001239	Nom de l'Animal	펫이름				
UI_20150317_001240	Lot Chandler	잡화상 묶음				
UI_20150317_001241	Forêt de l'ouest etc...	서쪽숲등				
UI_20150317_001242	Consommer des TP	NXP 소모				
UI_20150317_001243	Nom de la Catégorie	카테고리이름				
UI_20150317_001244	Ceci est une aide	도움말 입니당				
UI_20150317_001245	{@Sti7}%s points{/}	{@sti7}%s 점{/}				
UI_20150317_001246	{@st41b}Score %s	{@st41b}%s 점수				
UI_20150317_001247	Terminer la Quête 25	퀘스트 클리어 25개				
UI_20150317_001248	[Secondaire]Forêt de Thron	- [서브] 가시숲				
UI_20150317_001249	{@St42}Objet Équipé	{@st42}장착 아이템				
UI_20150317_001250	{@St44}Informations sur la classe de rang %s{/}	{@st44}%s랭크 클래스 정보{/}				
UI_20150317_001251	Alerte d'Avancement	몇차 전직 정보				
UI_20150317_001252	CœUr j'Aime	하트라던가				
UI_20150317_001253	N/D	쇼드뮨				
UI_20150317_001254	Niveau %s	%s 레벨				
UI_20150317_001255	Mémo : {#666666}%s	메모 : {#666666}%s				
UI_20150317_001256	Ayase	아야세				
UI_20150317_001257	Relation avec %s	%s 님과의 관계 배지				
UI_20150317_001258	{#FFFF33}%s{/} souhaite devenir ami{/}	{#FFFF33}%s{/} 님이 친구로 초대하였습니다{/}				
UI_20150317_001259	{@St41b}Accepter	{@st41b}수락				
UI_20150317_001260	{@St41b}Refuser	{@st41b}거절				
UI_20150317_001261	{@St53b}Chargement de votre liste d'amis.	{@st53b}친구 목록을 로딩중입니다.				
UI_20150317_001262	Niveau %s{/}	레벨 %s{/}				
UI_20150317_001263	{@st41} Annuler	{@st41}취소				
UI_20150317_001264	Veuillez ajouter le buff à vendre.	판매할 버프를 등록해주세요.				
UI_20150317_001265	Prix : %s{/}	가격 : %s{/}				
UI_20150317_001266	Quantité Restante	남은갯수				
UI_20150317_001267	{@St41}Acheter	{@st41}구매				
UI_20150317_001268	Quantité restante : %s {/}	남은갯수 : %s{/}				
UI_20150317_001269	{@St41}Objet{/}	{@st41}아이템{/}				
UI_20150317_001270	{@St41b} Mémo	{@st41b}메모				
UI_20150317_001271	{@St41b}Fabriquer	{@st41b}제작				
UI_20150317_001272	{@St41b}Prix : %s{/}	{@st41b}가격 : %s{/}				
UI_20150317_001273	{@Sti5}Prix : %s{/}	{@sti5}가격 : %s{/}				
UI_20150317_001274	{@Sti9} Quête de groupe (%s){/}	{@sti9}파티원 퀘스트 (%s){/}				
UI_20150317_001275	{@st41_yellow} Taux d'exploration : %s% {/}	{@st41_yellow}탐색율 %s%{/}				
UI_20150317_001276	{@st41_yellow} Score : %s {/}	{@st41_yellow}획득점수 %s{/}				
UI_20150317_001277	{@st42b}{b}Taux d'Accomplissement{/}	{@st42b}{b}달성율{/}				
UI_20150317_001278	{@st59}Rejoindre la Quête de Groupe{/}	{@st59}파티 퀘스트 진행을 수락합니다{/}				
UI_20150317_001279	Fenêtres	윈도우				
UI_20150317_001280	Statut	스테이더스				
UI_20150317_001281	Onglet	탭				
UI_20150317_001282	Objet Image	이미지아이템				
UI_20150317_001283	Effet	이펙트				
UI_20150317_001284	Configuration des Contrôles	컨트롤셋				
UI_20150317_001285	{@St41}Difficulté : %s	{@st41}난이도 : %s				
UI_20150317_001286	{@St42}Temps restant : %s	{@st42}남은 시간 : %s				
UI_20150317_001287	{@St53}Fabrication d'Objets	{@st53}제조 중인 아이템				
UI_20150323_001288	{@st59}Placez votre objet ici{/}	{@st59}아이템을 올려주세요{/}				
UI_20150323_001289	{@st42}Annuler	{@st42}취 소				
UI_20150323_001290	{@st42}Confirmer	{@st42}확 인				
UI_20150323_001291	{@st43}Briquetage{/}	{@st43}브리케팅{/}				
UI_20150323_001292	Potentiel Actuel	현재 포텐셜				
UI_20150323_001293	Matériau Consommable	소비 재료				
UI_20150323_001294	Quantité Consommée	소비 갯수				
UI_20150323_001295	Quantité Disponible	보유 갯수				
UI_20150323_001296	{@sti6}Historique des Transactions	{@sti6}거래 기록				
UI_20150323_001297	{@st43}Camp de Base	{@st43}거점				
UI_20150323_001298	Titre de l'Enseigne	간판 제목				
UI_20150323_001299	{@st43}Construire	{@st43}건설				
UI_20150323_001300	{@stc1}Durée du Camp de Base	{@stc1}거점 유지 시간				
UI_20150323_001301	{@stc1}Effet	{@stc1}효과				
UI_20150323_001302	{@stc1}Matériaux et Prix	{@stc1}소비재료 및 비용				
UI_20150323_001303	{@st41b}Camp de Base	{@st41b}거점				
UI_20150323_001304	{@st41b}Journal	{@st41b}로그				
UI_20150323_001305	{@st41b}Renouveler	{@st41b}시간 갱신				
UI_20150323_001306	{@st59}Renouvelle la durée.{/}	{@st59}유지 시간을 갱신합니다{/}				
UI_20150323_001307	{@st41b}Durée du Camp de Base	{@st41b}거점 유지 시간				
UI_20150323_001308	{@st41b}Effet	{@st41b}효과				
UI_20150323_001309	{@st42b}Un camp de base dure 24 heures supplémentaires lorsqu'il est renouvelé. Consomme %s argent.	{@st42b}갱신시 24시간 추가 거점이 유지되며 %s실버가 소모됩니다.				
UI_20150323_001310	{@st41b}Coffre Personnel	{@st41b}개인 창고				
UI_20150323_001311	{@stc1}Déposer et retirer des objets du coffre coûte %s argent.{/}	{@stc1}창고에 물품을 보관하고 찾을시에 %s실버가 소모됩니다.{/}				
UI_20150323_001312	{@st41}{#ffff00}Verrouiller la Cible{/}	{@st41}{#ffff00}타겟 고정{/}				
UI_20150323_001313	{@st43}Table de Rafraîchissements	{@st43}배식 테이블				
UI_20150323_001314	{@st41b}Type de nourriture	{@st41b}음식종류				
UI_20150323_001315	{@st41b}Table	{@st41b}테이블				
UI_20150323_001316	{@st59}Fermer{/}	{@st59}배식테이블을 닫습니다{/}				
UI_20150323_001317	{@st43}Grimoire{/}	{@st43}그리모어{/}				
UI_20150323_001318	{@st59}Fermer{/}	{@st59}그리모어 UI를 닫습니다{/}				
UI_20150323_001319	Ma Skill d'Invocation	내 소환 스킬				
UI_20150323_001320	Carte Principale	메인 카드				
UI_20150323_001321	Carte Secondaire	보조카드				
UI_20150323_001322	Statistique	스텟				
UI_20150323_001323	CON	콘				
UI_20150323_001324	INT	인트				
UI_20150323_001325	DEX	덱스				
UI_20150323_001326	CRT	크리				
UI_20150323_001327	{@st43}Créer une boutique{/}	{@st43}상점 개설{/}				
UI_20150323_001328	{@st41b}Paramètres	{@st41b}설정				
UI_20150323_001329	Prix Unitaire	개당 가격				
UI_20150323_001330	{@st41b}Liste des Matériaux	{@st41b}재료 목록				
UI_20150323_001331	{@st43}Torréfaction de Gemme{/}	{@st43}젬로스팅{/}				
UI_20150323_001332	{@st59}Fermer{/}	{@st59}UI를 닫습니다{/}				
UI_20150323_001333	{@st41b}Réparer{/}	{@st41b}손질{/}				
UI_20150323_001334	{@st41b}Journal{/}	{@st41b}로그{/}				
UI_20150323_001335	Prix à recevoir	받는 가격				
UI_20150323_001336	{@st59}Placer une Gemme{/}	{@st59}젬을 올려주세요{/}				
UI_20150323_001337	Matériau Consommable	소비재료				
UI_20150323_001338	Quantité Restante	남은 갯수				
UI_20150323_001339	{@st42}Fermer	{@st42}폐점				
UI_20150323_001340	{@st43}Entretien d'Arme{/}	{@st43}무기 손질{/}				
UI_20150323_001341	{@st43}Entretien de l'Équipement{/}	{@st43}장비 손질{/}				
UI_20150323_001342	{@st41b}Prix à recevoir	{@st41b}받는 가격				
UI_20150323_001343	{@st41b}Matériaux	{@st41b}소비재료				
UI_20150323_001344	{@st43}Réparer{/}	{@st43}수 리{/}				
UI_20150323_001345	{@st41b}Réparer{/}	{@st41b}수리{/}				
UI_20150323_001346	Niveau de Skill	스킬레벨				
UI_20150323_001347	{@st41}Nombre Total de Joueurs Autorisés	{@st41}입장가능 인원				
UI_20150323_001348	{@st43}Donjon d'Objet	{@st43}아이템 각성 던전				
UI_20150323_001349	{@st41}Matériaux Requis	{@st41}필요 재료				
UI_20150323_001350	{@st59}Matériaux Requis{/}	{@st59}필요재료{/}				
UI_20150323_001351	Niveau recommandé : %s	권장 레벨 : %s				
UI_20150323_001352	{@st43}Mode de Sélection d'Interface{/}	{@st43}UI 선택 모드{/}				
UI_20150323_001353	{@st43}Boutique d'Achat	{@st43}매입의뢰상점				
UI_20150323_001354	Nom de la Boutique	상점 이름				
UI_20150323_001355	{@st41b}Ouvrir la Boutique	{@st41b}상점열기				
UI_20150323_001356	{@st59}Démarrer la Boutique d'Achat{/}	{@st59}매입의뢰상점을 시작합니다{/}				
UI_20150323_001357	{@st59}Annuler{/}	{@st59}취소합니다{/}				
UI_20150323_001358	{@st59}Fermer{/}	{@st59}매입의뢰상점을 닫습니다{/}				
UI_20150323_001359	Demander l'Achat	매입의뢰				
UI_20150323_001360	{@st59}Fermer la Boutique d'Achat	{@st59}매입의뢰상점을 닫습니다.				
UI_20150323_001361	{@st59}Boutique d'achat{nl} - Échangez vos objets contre de l'argent	{@st59}매입의뢰상점{nl} - 내가 가진 물건을 실버로 교환할 수 있습니다.				
UI_20150323_001362	{@st43}Objets recherchés par l'acheteur{/}	{@st43}의뢰자가 원하는 물건{/}				
UI_20150323_001363	{@st43}Objets à vendre	{@st43}판매하고자 하는 물건				
UI_20150323_001364	{@st43}Bénéfice Total	{@st43}총 수입				
UI_20150323_001365	{@st41}Vendre	{@st41}판매				
UI_20150323_001366	{@st41}Matériaux d'Alchimie	{@st41}연금 재료				
UI_20150323_001367	{@st41}Résultat d'alchimie {@stx1}(%s requis){/}	{@st41}연금 대상 {@stx1}(%s 소요){/}				
UI_20150323_001368	{@st59}Invoquer l'Animal{/}	{@st59}펫을 소환합니다.{/}				
UI_20150323_001369	{@st41b}Paramètres Perso.{/}	{@st41b}캐릭터 설정{/}				
UI_20150323_001370	{@st59}Grimoire{/}	{@st59}그리모어{/}				
UI_20150323_001371	{@st41b}Appliquer le Flou Lumineux{/}	{@st41b}블룸 적용{/}				
UI_20150323_001372	{@st41b}Appliquer le Vignettage{/}	{@st41b}비넷팅 적용{/}				
UI_20150323_001373	{@st41b}Appliquer le FXAA{/}	{@st41b}FXAA 적용{/}				
UI_20150323_001374	{@st41b}Appliquer la Lueur{/}	{@st41b}GLOW 적용{/}				
UI_20150323_001375	{@st41b}Appliquer la Profondeur {/}	{@st41b}Depth 적용{/}				
UI_20150323_001376	{@st41b}Appliquer les Particules Douces{/}	{@st41b}SoftParticle 적용{/}				
UI_20150323_001377	{@st43}Coffre Personnel{/}	{@st43}개인 창고{/}				
UI_20150323_001378	{@st59}Fermer le Coffre Personnel{/}	{@st59}개인 창고를 닫습니다.{/}				
UI_20150323_001379	{@sti6}Déposer et retirer des objets du coffre coûte %s argent...{/}	{@sti6}창고에 물품을 보관하고 찾을시에 %s실버가 소모됩니다.{/}				
UI_20150323_001380	{@st59}Alt+Z pour changer d'arme{/}	{@st59}Alt+Z로 무기 전환{/}				
UI_20150323_001381	{@st59}Enregistrer les Paramètres de la Caserne{/}	{@st59}숙소 설정을 저장합니다{/}				
UI_20150323_001382	Changer de Caserne	숙소 변경				
UI_20150323_001383	{@st59}Fermer	{@st59}숙소 변경창을 닫습니다.				
UI_20150323_001384	{@st59}Changer de caserne{nl} - Changez de carte et augmentez le nombre de personnages disponibles en changeant de caserne. 	{@st59}속소 변경{nl} - 숙소를 변경하여 맵을 변경하고 인원수를 확장합니다.				
UI_20150323_001385	{@st41}Annuler l'Aperçu	{@st41}미리보기 취소				
UI_20150323_001386	{@st46}Mes TP : %s{/}	{@st46}나의 NXP : %s{/}				
UI_20150323_001387	{@st41b}Changer de Caserne{/}	{@st41b}숙소 변경{/}				
UI_20150323_001388	{@st59}Décorer votre caserne{/}	{@st59}숙소 꾸미기{/}				
UI_20150323_001389	{@st41b}Paramètres de la Caserne{/}	{@st41b}숙소 설정{/}				
UI_20150323_001390	{@st59}Modifier les Paramètres de la Caserne{/}	{@st59}숙소 설정을 변경합니다{/}				
UI_20150323_001391	{@st45ty}Message d'Accueil du Personnage{/}	{@st45ty}캐릭터 인사말{/}				
UI_20150323_001392	{@st45ty}Boutique d'Achat	{@st45ty}매입의뢰상점				
UI_20150323_001393	{@st41b}Modifier	{@st41b}변경				
UI_20150323_001394	{@st59}Modifier le Message d'Accueil du Personnage{/}	{@st59}캐릭터 인사말을 변경합니다{/}				
UI_20150323_001395	{@st59}Configurer la Boutique d'Achat{/}	{@st59}매입의뢰상점을 설정합니다{/}				
UI_20150323_001396	Quantité : %s{/}	구매수량 : %s{/}				
UI_20150323_001397	Rechercher des objets à acheter	구입할 아이템 검색				
UI_20150323_001398	Quantité	구매수량				
UI_20150323_001399	Prix Unitaire	개당가격				
UI_20150323_001400	{@sti5}×%s{/}	{@sti5}%s 개{/}				
UI_20150323_001401	{@st41}Manger	{@st41}먹기				
UI_20150323_001402	{@st41}Fabriquer	{@st41}제작				
UI_20150323_001403	{@st41}Quantité	{@st41}제작 갯수				
UI_20150323_001404	{@st41}Matériau Consommable	{@st41}소비 재료	UI_20150323_001293	Matériau Consommable	소비 재료	
UI_20150401_001405	{@st59}Fermer{/}	{@st59}브리케팅을 닫습니다{/}				
UI_20150401_001406	{@st41}Retirer le Camp de Base	{@st41}거점 해체				
UI_20150401_001407	{@st43}[Cercle %s]{/}	{@st43}[%s서클]{/}				
UI_20150401_001408	{@st43}Skill{/}	{@st43}스킬{/}				
UI_20150401_001409	{@st43}Astuce de Classe{/}	{@st43}클래스Tip{/}				
UI_20150401_001410	Astuce de Classe	클래스Tip				
UI_20150401_001411	{@st42}{#ffff00}Verrouiller la Cible {/}	{@st42}{#ffff00}타겟 고정{/}				
UI_20150401_001412	{@st41}Retirer la Table	{@st41}테이블 해체				
UI_20150401_001413	{@st43}Teinture{/}	{@st43}팅크쳐링{/}				
UI_20150401_001414	Emplacement Rapide Manette	조이스틱 퀵슬롯				
UI_20150401_001415	{@st42}{#ffff00}Mode Clavier{/}	{@st42}{#ffff00}키보드 모드{/}				
UI_20150401_001416	{@st43}Ouvrir la Boîte d'Offrande	{@st43}봉헌함 열기				
UI_20150401_001417	{@st41b}Ouvrir	{@st41b}열기				
UI_20150401_001418	{@st41b}Boîte d'Offrande	{@st41b}봉헌함				
UI_20150401_001419	{@st41}Nom de la Boîte d'Offrande	{@st41}봉헌함 이름				
UI_20150401_001420	Paiement	지급 금액				
UI_20150401_001421	Bénéfice Estimé	예상 수익				
UI_20150401_001422	Fonds	소지금				
UI_20150401_001423	{@st45tw}Détails de l'Objet de la Boîte d'Offrande	{@st45tw}봉헌함 물품 상세내용				
UI_20150401_001424	{@st41}Tout Vendre	{@st41}일괄 판매				
UI_20150401_001425	{@st43}Boîte d'Offrande	{@st43}봉헌함				
UI_20150401_001426	Offrir	봉헌하기				
UI_20150401_001427	Régler la Transaction	거래 정산				
UI_20150401_001428	Solde Estimé	예상 잔액				
UI_20150401_001429	{@st45tw}Boîte d'Offrande	{@st45tw}봉헌함				
UI_20150401_001430	{@st41}Vide	{@st41}비우기				
UI_20150401_001431	{@st43}Liste des joueurs de la zone actuelle{/}	{@st43}현재 존 유저 목록{/}				
UI_20150401_001432	{@st59}Fermer{/}	{@st59}운영자 UI리스트를 닫습니다{/}				
UI_20150401_001433	{@st41}Description du groupe :	{@st41}파티 설명 :				
UI_20150401_001434	{s20}Quantité de poison {s28}{b}{#ff6600}%s	{s20}독의 양  {s28}{b}{#ff6600}%s				
UI_20150401_001435	Matériaux pour le Poison	독 제조용 재료 아이템				
UI_20150401_001436	{@st41b}Tout Sélectionner{/}	{@st41b}전체 선택{/}				
UI_20150401_001437	{@st59}Cliquez à nouveau pour tout désélectionner{/}	{@st59}한번 더 클릭시 전체 해제{/}				
UI_20150401_001438	{@st41b}Fabriquer{/}	{@st41b}제조{/}				
UI_20150401_001439	{@st59}Mélanger mélanger tourner et mélanger{/}	{@st59}섞고 섞고 돌리고 섞고{/}				
UI_20150401_001440	{@st41b}Hauts Faits{/}	{@st41b}업적{/}				
UI_20150401_001441	Couleur de Coiffure	헤어컬러				
UI_20150401_001442	Titres Disponibles	장착 가능 칭호				
UI_20150401_001443	{@st41b}Mode interface manette{/}	{@st41b}조이스틱 UI 모드{/}				
UI_20150401_001444	{@st41}{#ffffcc}Nom	{@st41}{#ffffcc}이름				
UI_20150401_001445	{@st41}{#ffffcc}Prix	{@st41}{#ffffcc}가격				
UI_20150401_001446	{@st41}{#ffffcc}Statut	{@st41}{#ffffcc}상태				
UI_20150401_001447	{@st41b}Annuler l'Aperçu	{@st41b}미리보기 취소				
UI_20150401_001448	{@st41}{#ffff00}Mes TP : %s{/}	{@st41}{#ffff00}나의 NXP : %s{/}				
UI_20150401_001449	Équipé	착용중				
UI_20150401_001450	Description : {#FFFF00}%s{/}	설명 : {#FFFF00}%s{/}				
UI_20150401_001451	Niveau moyen : {#FFFF00}%s{/}	평균 레벨 : {#FFFF00}%s{/}				
UI_20150401_001452	Conditions	조건				
UI_20150401_001453	Titre : %s	칭호   %s				
UI_20150401_001454	Récompense : %s	보상   %s				
UI_20150401_001455	{@st42}Montant	{@st42}갯수				
UI_20150406_001456	{@st43}Camp de Base	{@st43}베이스 캠프				
UI_20150406_001457	{@st42}Construire	{@st42}건설				
UI_20150406_001458	{@st42}Annuler	{@st42}취소				
UI_20150406_001459	{@stc1}Durée du Camp	{@stc1}캠프 유지 시간				
UI_20150406_001460	{@st41b}Camp de Base	{@st41b}베이스캠프				
UI_20150406_001461	{@st41b}Durée du Camp	{@st41b}캠프 유지 시간				
UI_20150406_001462	{@st42b}Un camp de base dure 24 heures supplémentaires lorsqu'il est renouvelé. {nl}%s argent est consommé.	{@st42b}갱신시 24시간 추가 캠프 유지되며{nl} %s실버가 소모됩니다.				
UI_20150406_001463	{@st41}Retirer le Camp	{@st41}캠프 해체				
UI_20150406_001464	{@st42}Retirer la Table	{@st42}테이블 해체				
UI_20150406_001465	{@st59b}Grimoire{nl}{@st59s} - Placez une carte sur le paquet pour{nl}commencer l'invocation{/}	{@st59b}그리모어{nl}{@st59s} - 카드를 덱에 올리고 소환술을 실행합니다{/}				
UI_20150406_001466	{@st41}Ma Skill d'Invocation	{@st41}내 소환 스킬				
UI_20150406_001467	{@st41}Statistique	{@st41}스텟				
UI_20150406_001468	{@st41b}Nom de la Boîte d'Offrande	{@st41b}봉헌함 이름				
UI_20150406_001469	{@st41b}Détails de la Boîte d'Offrande	{@st41b}봉헌함 물품 상세내용				
UI_20150406_001470	{@st59}Fermer	{@st59}매입의뢰상점을 닫습니다				
UI_20150406_001471	{@st59b}Boutique d'achat{nl}{@st59s} - Échangez des objets contre de l'argent	{@st59b}매입의뢰상점{nl}{@st59s} - 내가 가진 물건을 실버로 교환할 수 있습니다				
UI_20150406_001472	{@st41b}Objet Demandé par l'Autre Joueur{/}	{@st41b}의뢰자 요청 아이템{/}				
UI_20150406_001473	{@st41b}Objets Disponibles{/}	{@st41b}판매 등록 아이템{/}				
UI_20150406_001474	{@st41b}Ventes Totales	{@st41b}총 수입				
UI_20150406_001475	{@st41b}Vendre	{@st41b}판매				
UI_20150406_001476	{@st59}Vendez vos objets.{/}	{@st59}등록한 아이템을 판매합니다{/}				
UI_20150406_001477	{@st59}Fermer{/}	{@st59}개인 창고를 닫습니다{/}				
UI_20150406_001478	{@st41b}%s argent est facturé pour déposer et retirer des objets du coffre.{/}	{@st41b}창고에 물품을 보관하고 찾을시에 %s실버가 소모됩니다.{/}				
UI_20150406_001479	{@st41b}Quantité	{@st41b}갯수				
UI_20150414_001480	{@st42b}La durée de votre camp peut être augmentée.{nl} Coût : %s argent.	{@st42b}갱신시 캠프 유지시간이 증가되며{nl} %s실버가 소모됩니다.				
UI_20150414_001481	{@st41b}Type {@sti7}%s{/}	{@st41b}타입           {@sti7}%s{/}				
UI_20150414_001482	{@st41b}Difficulté {@sti7}%s{/}	{@st41b}조작난이도 {@sti7}%s{/}				
UI_20150414_001483	{@st59b} Objet {/}	{@st59b}  아이템  {/}				
UI_20150414_001484	{@st59b} Monstre {/}	{@st59b}  몬스터  {/}				
UI_20150414_001485	{@st59b} Déplacer la Carte {/}	{@st59b}  맵이동  {/}				
UI_20150414_001486	{@st59b} Commande de Combat {/}	{@st59b}  전투명령  {/}				
UI_20150414_001487	{s26}{b}	{s26}{b}개				
UI_20150414_001488	{s26}{b}Niveau	{s26}{b}레벨				
UI_20150414_001489	{@st44}{s26}Niveau	{@st44}{s26}레벨				
UI_20150414_001490	{@st59b}{s26}pc	{@st59b}{s26}마리				
UI_20150414_001491	{@st41b}Cuisine	{@st41b}조리				
UI_20150414_001492	{@st41b}Nourriture	{@st41b}음식				
UI_20150414_001493	{@st42}Retirer la Table de Rafraîchissements	{@st42}배식대 해체				
UI_20150414_001494	{@st41b}Historique{/}	{@st41b}기록{/}				
UI_20150414_001495	{@st41}Description du Groupe	{@st41}파티 설명				
UI_20150414_001496	{@st41b}Entrer{/}	{@st41b}입력{/}				
UI_20150414_001497	Niveau de torréfaction %s	로스팅 레벨 %s				
UI_20150428_001498	{@st43}Boutique d'Achat{/}	{@st43}매입상점{/}				
UI_20150428_001499	{@st41b}Fermer	{@st41b}마감하기				
UI_20150428_001500	{@st41b}Signaler un Bug	{@st41b}버그 제보				
UI_20150428_001501	{@st59}Signalez-nous des bugs et problèmes{/}	{@st59}문제가 있는 사항을 알립니다{/}				
UI_20150428_001502	Lorsque vous signalez un bug, votre partie jusqu'à ce moment sera envoyée à notre serveur.{nl}Le fichier de relecture nous aidera beaucoup à résoudre le bug. Voulez-vous l'envoyer ?	버그를 제보하시면 현재까지 게임플레이 화면이 서버로 전송됩니다. 전송된 리플레이 파일은 버그 수정에 큰 도움이 됩니다. 전송하시겠습니까?				
UI_20150428_001503	{@st41b}Description du bug :{/}	{@st41b}버그 내용 :{/}				
UI_20150428_001504	{@st41b}Entrer une description n'est pas obligatoire, mais cela nous aidera beaucoup à analyser le bug.	{@st41b}버그 내용은 필수 입력 사항이 아니지만 분석에 도움이 됩니다.				
UI_20150428_001505	{@st41b}Envoyer	{@st41b}전송				
UI_20150428_001506	{@st42}{s14}{#ffff00}Verrouillage de Cible{/}	{@st42}{s14}{#ffff00}타겟 고정{/}				
UI_20150428_001507	{@st59}Verrouille votre cible quelle que soit la distance ou la direction	{@st59}거리나 방향 전환에 관계없이 타겟을 고정합니다				
UI_20150428_001508	Groupe trouvé !	파티 조건 일치!				
UI_20150428_001509	Emplacement Rapide de Repos (Manette)	조이스틱 휴식 퀵슬롯				
UI_20150428_001510	{@st41b}Mode Repos	{@st41b}휴식모드				
UI_20150428_001511	Tutoriel Manette	조이패드 튜토리얼				
UI_20150428_001512	{@st59}Fermer le Tutoriel Manette (M){/}	{@st59}조이패드 설명을 닫습니다.(M){/}				
UI_20150428_001513	Tutoriel Clavier	키보드 튜토리얼				
UI_20150428_001514	{@st44}Déconnexion{/}	{@st44}로그아웃{/}				
UI_20150428_001515	{@st41b}Quitter Assistant (nécessite %s TP){/}	{@st41b}헬퍼 남기기(NXP %s개 필요){/}				
UI_20150428_001516	Coût d'ajout d'emplacement : {#ff9933}%s{/}{nl}Coût de retrait de gemme : {#ff9933}%s{/}	소켓 추가 비용 : {#ff9933}%s{/}{nl}젬 제거 비용 : {#ff9933}%s{/}				
UI_20150428_001517	{@st41b}Retirer la Gemme	{@st41b}젬 제거				
UI_20150428_001518	{@st42}{s14}{#ffff00}Mode Interface{/}	{@st42}{s14}{#ffff00}UI 모드{/}				
UI_20150428_001519	{@st59}Utilisez le clavier ou la manette pour contrôler l'interface	{@st59}키보드나 조이패드를 사용해서 UI를 조작합니다				
UI_20150428_001520	Utiliser la Recherche de Groupe 	파티원 찾기 기능 사용				
UI_20150428_001521	Quand un personnage correspondant à vos conditions de{nl}groupe est trouvé {nl}la notification [Groupe trouvé !] s'affichera.	찾기 기능을 사용하는 캐릭터 중 조건에 맞는 캐릭터를{nl}만난다면 [파티 조건 일치!] 문구가 표시 됩니다.				
UI_20150428_001522	{@st41}Style de Jeu{/}	{@st41}플레이 스타일{/}				
UI_20150428_001523	Quêtes	퀘스트 진행				
UI_20150428_001524	Chasse	사냥 중심				
UI_20150428_001525	Événements	이벤트 진행				
UI_20150428_001526	{@st41}Différence de niveau{/}	{@st41}레벨 차이{/}				
UI_20150428_001527	Sans rapport	관계없음  /				
UI_20150428_001528	{@st41}Type de Classe Souhaité{/}	{@st41}원하는 클래스 계열{/}				
UI_20150428_001529	{@st41b}Quitter le Groupe	{@st41b}파티 탈퇴				
UI_20150428_001530	{@st59}Rechercher par description de groupe{/}	{@st59}파티 설명으로 검색합니다{/}				
UI_20150428_001531	{s18}{ol}{gr gradation1}Règles de l'Assistant{/}	{s18}{ol}{gr gradation1}헬퍼 규칙{/}				
UI_20150428_001532	{@st59}Fabriquer{/}	{@st59}제조를 실행합니다.{/}				
UI_20150428_001533	{@st45ty}Couleur de Coiffure	{@st45ty}헤어컬러				
UI_20150428_001534	{@st45ty}Titre Disponible	{@st45ty}장착 가능 칭호				
UI_20150428_001535	{@st41_yellow}Skill d'Assistant	{@st41_yellow}헬퍼 스킬				
UI_20150428_001536	{@st41b}Afficher les Noms des Autres Personnages{/}	{@st41b}다른 캐릭터 이름 표시{/}				
UI_20150428_001537	{@st43}Mode Interface{/}	{@st43}UI 모드{/}				
UI_20150428_001538	{@st41b}Auto{/}	{@st41b}자동{/}				
UI_20150428_001539	{@st41b}Manette{/}	{@st41b}조이패드{/}				
UI_20150428_001540	{@st41b}Clavier{/}	{@st41b}키보드{/}				
UI_20150428_001541	Manette	조이패드				
UI_20150428_001542	{@st59}Infos Manette{/}	{@st59}조이패드 안내{/}				
UI_20150428_001543	Clavier	키보드				
UI_20150428_001544	{@st59}Infos Clavier{/}	{@st59}키보드 안내{/}				
UI_20150428_001545	{@st43}Paramètres Graphiques{/}	{@st43}그래픽 설정{/}				
UI_20150428_001546	{@st43}Performance{/}	{@st43}성능 조정{/}				
UI_20150428_001547	{@st41b}Mode basse config{/}	{@st41b}저사양모드{/}				
UI_20150428_001548	{@st41b}Ajustement Automatique{/}	{@st41b}자동조정{/}				
UI_20150428_001549	{@st41b}Ne pas utiliser{/}	{@st41b}사용안함{/}				
UI_20150428_001550	FAQ du Jeu	게임faq				
UI_20150428_001551	Joueurs : (%s/%s)	인원 : (%s/%s)				
UI_20150428_001552	Niv. 100 minimum : (%s/%s)	100레벨 이상 : (%s/%s)				
UI_20150511_001553	{@st41}Lien d'Invitation au Groupe	{@st41}파티초대 링크걸기				
UI_20150714_001554	{@st66b}Objets vendus : ×%s / Objets invendus : ×%s{/}	{@st66b}낙찰물품 : %s개 / 유찰물품 : %s개{/}				
UI_20150714_001555	{@st41b}Historique des Échanges	{@st41b}거래 기록				
UI_20150714_001556	{@st41b}Retirer le Camp de Base	{@st41b}캠프 해체				
UI_20150714_001557	Combats de Cartes	카드대전				
UI_20150714_001558	{@st64}%s victoire(s) {/}	{@st64}%s승{/}				
UI_20150714_001559	Choisir une Carte	카드 결정				
UI_20150714_001560	Indice d'aventure :{#ffff00} %s{/} ({#ffff00}Rang : %s{/})	모험지수 {#ffff00}%s{/} ({#ffff00}%s{/}위)				
UI_20150714_001561	{@st66b}J'aime !	{@st66b}좋아요!				
UI_20150714_001562	J'aime ce personnage {#ffff00}%s{/}	이 캐릭터가 좋아요 {#ffff00}%s{/}				
UI_20150714_001563	{@st41b}Retirer la Table de Rafraîchissements	{@st41b}배식대 해체				
UI_20150714_001564	{@st42}Ma Skill d'Invocation	{@st42}내 소환 스킬				
UI_20150714_001565	{@st42}Statistique	{@st42}스텟				
UI_20150714_001566	{@st42}Position actuelle : %s{/}	{@st42}현재 위치 : %s{/}				
UI_20150714_001567	{@st59b}Équipement {nl}{@st59s} - Coiffure/Costume : équipement pour changer l'apparence d'un personnage. {nl} - Arme : arme à une main ou à deux mains {nl} (une arme secondaire/bouclier peut être équipé avec une arme à une main) {nl} - Armure : Haut, Bas, Gants, Chaussures. {nl} - Accessoires : 1 collier et 2 bracelets. {nl} {/}	{@st59b}착용장비{nl}{@st59s} - 헤어/코스튬 : 외형 변경 가능 아이템 착용{nl} - 무기 : 한손 장비 및 양손 장비 착용 가능{nl}   (한손 장비 착용시 서브웨폰/방패 착용 가능 ){nl} - 방어구 : 상의, 하의, 장갑, 신발 착용{nl} - 악세서리 : 목걸이 1개, 팔찌 2개 착용{nl}   (팔찌2는 Alt키로 비교해 보기/장착 가능){/}				
UI_20150714_001568	{@st43}Ouvrir la boutique de %s {/}	{@st43}%s 상점 개설{/}				
UI_20150714_001569	{@st41b}Torréfaction{/}	{@st41b}로스팅{/}				
UI_20150714_001570	{@st66}Tout Sélectionner	{@st66}전체 선택				
UI_20150714_001571	{@st43}Fabriquer des Flèches{/}	{@st43}화살제작{/}				
UI_20150714_001572	{@st59}Fermer{/}	{@st59} UI를 닫습니다{/}				
UI_20150714_001573	{@st66b}Vérifier{/}	{@st66b}확인{/}				
UI_20150714_001574	{@st66b}Quitter Assistant (nécessite %s TP){/}	{@st66b}헬퍼 남기기(NXP %s개 필요){/}				
UI_20150714_001575	Coût d'emplacement supplémentaire : {#000000}%s{/} {nl}Coût d'extraction de gemme : {#000000}%s{/}	소켓 추가 비용 : {#000000}%s{/} {nl}젬 추출 비용 : {#000000}%s{/}				
UI_20150714_001576	{ds}Niveau recommandé : %s	{ds}권장 레벨 : %s				
UI_20150714_001577	Exploré : 50,0 %	탐사율 : 50.0%				
UI_20150714_001578	{@st45tw}[%s% exploré]{/}	{@st45tw}[탐사율 %s%]{/}				
UI_20150714_001579	>>Afficher plus d'infos...	>>더 보기..				
UI_20150714_001580	%s (Rang %s)	%s (%s 랭크)				
UI_20150714_001581	Nom de la Classe	직업이름				
UI_20150714_001582	{@st41b}Inviter	{@st41b}초대				
UI_20150714_001583	{@st41}Vous pouvez passer aux contrôles clavier, manette ou souris dans le menu système.{nl}	{@st41}조이패드나 마우스 조작을 원할 경우, 시스템 메뉴의 게임 설정에서 선택할 수 있습니다.{/}				
UI_20150714_001584	Quand vous rencontrez un personnage correspondant à vos{nl}conditions de groupe, {nl}la notification [Groupe trouvé !] s'affichera.{nl}Vous serez également recommandé à d'autres groupes.	조건이 일치하는 캐릭터를 만난다면 [파티 조건 일치!] 문구가 표시 됩니다.{nl}또한 파티원을 구하는 다른 파티에 자주 추천됩니다.				
UI_20150714_001585	{@st42}Style de Jeu{/}	{@st42}플레이 스타일{/}				
UI_20150714_001586	{@st42}Différence de niveau{/}	{@st42}레벨 차이{/}				
UI_20150714_001587	Tous	관계없음				
UI_20150714_001588	{@st42}Type de Classe{/}	{@st42}원하는 클래스 계열{/}				
UI_20150714_001589	{@st42}Nom du groupe : %s{/}	{@st42}파티명 : %s{/}				
UI_20150714_001590	{@st42}Description{/}	{@st42}파티 설명{/}				
UI_20150714_001591	{@st42}Entrer{/}	{@st42}입력{/}				
UI_20150714_001592	{@st42}Répartition des Objets	{@st42}아이템 분배 규칙				
UI_20150714_001593	{@st42}Répartition de l'XP	{@st42}경험치 분배 규칙				
UI_20150714_001594	XP Individuelle	각자얻기				
UI_20150714_001595	XP Égale	균등분배				
UI_20150714_001596	Par niveau	레벨차등				
UI_20150714_001597	{@st42}Partage de Quête	{@st42}퀘스트 공유				
UI_20150714_001598	Désactivé	사용안함				
UI_20150714_001599	{@st42}Groupe Public{/}	{@st42}공개 파티 목록에 등록{/}				
UI_20150714_001600	Niveau	희망 레벨				
UI_20150714_001601	{@st42}Utiliser 'Recommander un Groupe'{/}	{@st42}파티원 추천 기능 사용{/}				
UI_20150714_001602	Par distance	거리에 의해				
UI_20150714_001603	Par classe	직업에 의해				
UI_20150714_001604	Par niveau	레벨에 의해				
UI_20150714_001605	Par quête	진행 퀘스트에 의해				
UI_20150714_001606	Par proximité	친분에 의해				
UI_20150714_001607	{@st42}Partager le Lien d'Invitation au Groupe	{@st42}파티초대 링크걸기				
UI_20150714_001608	>>Aperçu du groupe...	>>파티 보기..				
UI_20150714_001609	Nom du groupe : %s	파티이름 : %s				
UI_20150714_001610	Description du groupe : %s	파티소개 : %s				
UI_20150714_001611	Créé il y a %s	결성시간 : %s 전				
UI_20150714_001612	Membres du groupe : %s/5	인원구성 : %s/5				
UI_20150714_001613	Rejoindre	가입				
UI_20150714_001614	{@st59}Rechercher par nom ou description de groupe{/}	{@st59}파티 이름 및 설명으로 검색합니다{/}				
UI_20150714_001615	Détails d'Aide Simplifiée	심플 도움말내용				
UI_20150714_001616	{@st43}Boîte de Messages	{@st43}메세지함				
UI_20150714_001617	{@st41b}Tout	{@st41b}전체				
UI_20150714_001618	{@st41b}Messages Non Lus	{@st41b}안읽은 메세지함				
UI_20150714_001619	{@st43}{s22}Choisissez un personnage pour recevoir les objets.{/}	{@st43}{s22}아이템을 수령할 캐릭터를 선택해주세요.{/}				
UI_20150714_001620	{@st41b}Améliorer	{@st41b}강화				
UI_20150714_001621	{@st66}Objets nécessitant une réparation	{@st66}수리 필요 아이템 목록				
UI_20150714_001622	{@st43}Simoni	{@st43}시모니				
UI_20150714_001623	{@st59}Augmenter les Skills{/}	{@st59}스킬을 올려주세요{/}				
UI_20150714_001624	{@st59}Fermer{/}	{@st59}스킬과 특성을 닫습니다{/}				
UI_20150714_001625	{@st43}Skills et Attributs{/}	{@st43}스킬과 특성{/}				
UI_20150714_001626	Points de statut restants {nl}{@st46}%s	남은 스테이터스 포인트 {nl}{@st46}%s				
UI_20150714_001627	Mentions J'aime reçues : %s	내가 받은 좋아요! : %s개				
UI_20150714_001628	{@st66b}Afficher l'XP Gagnée{/}	{@st66b}경험치 획득량 표기{/}				
UI_20150714_001629	{@st66b}Afficher le Nom du Personnage{/}	{@st66b}캐릭터 이름 보기{/}				
UI_20150714_001630	{@st66b}Afficher Uniquement le Nom d'Équipe{/}	{@st66b}팀 이름만 표시{/}				
UI_20150714_001631	{@st66b}Afficher les Noms des Autres Joueurs{/}	{@st66b}다른 캐릭터 이름 표시{/}				
UI_20150714_001632	{@st66b}Auto{/}	{@st66b}자동{/}				
UI_20150714_001633	{@st66b}Manette{/}	{@st66b}조이패드{/}				
UI_20150714_001634	{@st66b}Clavier{/}	{@st66b}키보드{/}				
UI_20150714_001635	{@st66b}Souris	{@st66b}마우스				
UI_20150714_001636	{@st66b}Plein Écran{/}	{@st66b}전체 화면{/}				
UI_20150714_001637	{@st66b}Mode Fenêtré{/}	{@st66b}창모드{/}				
UI_20150714_001638	{@st66b}Volume des effets sonores (%s){/}	{@st66b}효과음 크기 (%s){/}				
UI_20150714_001639	{@st66b}Volume de la musique (%s){/}	{@st66b}음악 크기 (%s){/}				
UI_20150714_001640	{@st66b}Volume total (%s){/}	{@st66b}사운드 전체 크기 (%s){/}				
UI_20150714_001641	{@st66b}Mode Basse Config{/}	{@st66b}저사양모드{/}				
UI_20150714_001642	{@st66b}Configuration Automatique{/}	{@st66b}자동조정{/}				
UI_20150714_001643	{@st66b}Désactiver{/}	{@st66b}사용안함{/}				
UI_20150714_001644	{@st66b}Appliquer le Flou Lumineux{/}	{@st66b}블룸 적용{/}				
UI_20150714_001645	{@st66b}Appliquer le Vignettage{/}	{@st66b}비넷팅 적용{/}				
UI_20150714_001646	{@st66b}Appliquer le FXAA{/}	{@st66b}FXAA 적용{/}				
UI_20150714_001647	{@st66b}Appliquer la Lueur{/}	{@st66b}GLOW 적용{/}				
UI_20150714_001648	{@st66b}Appliquer la Profondeur{/}	{@st66b}Depth 적용{/}				
UI_20150714_001649	{@st66b}Appliquer les Particules Douces{/}	{@st66b}SoftParticle 적용{/}				
UI_20150714_001650	{@st66b}Appliquer les Textures HD {/}	{@st66b}고사양 텍스쳐 적용{/}				
UI_20150714_001651	{@st66b}Synchronisation Verticale Activée{/}	{@st66b}수직 동기화 켜기{/}				
UI_20150714_001652	{@st66b}Synchronisation Verticale Désactivée{/}	{@st66b}수직 동기화 끄기{/}				
UI_20150714_001653	{@st66b} %s argent est facturé pour déposer et retirer des objets du coffre.{/}	{@st66b}창고에 물품을 보관하고 찾을시에 %s실버가 소모됩니다.{/}				
UI_20150714_001654	%s m'aiment	%s가 나를 좋아합니다				
UI_20150714_001655	{@st41}Observer	{@st41}관전하기				
UI_20150714_001656	{@st66b}Quitter le Mode Spectateur	{@st66b}관전 종료				
UI_20150714_001657	Une partie a été trouvée. Voulez-vous la rejoindre ?	게임을 찾았습니다. 참가하시겠습니까?				
UI_20150714_001658	{@st41}Rejoindre	{@st41}참가				
UI_20150714_001659	{@st41}Refuser	{@st41}거절				
UI_20150714_001660	Fin de Partie	경기 종료				
UI_20150714_001661	Morts	데스				
UI_20150714_001662	Dégâts	피해량				
UI_20150714_001663	{@st41}Retour à la Zone	{@st41}존으로 돌아가기				
UI_20150714_001664	{@st41b}Retour à la zone dans %s secondes...{/}	{@st41b}%s초 후 존으로 이동합니다...{/}				
UI_20150714_001665	{@st59}Ouvre la Boîte de Messages{/}	{@st59}메세지함을 엽니다{/}				
UI_20150714_001666	{@st42}Changer de Caserne{/}	{@st42}숙소 변경{/}				
UI_20150714_001667	{@st42}Paramètres de la Caserne{/}	{@st42}숙소 설정{/}				
UI_20150714_001668	{@st65}Score %s{/}	{@st65}%s 점{/}				
UI_20150714_001669	{@st65}×%s{/}	{@st65}%s 개{/}				
UI_20150714_001670	{@st65}% Score{/}	{@st65}%s점{/}				
UI_20150714_001671	{@st65}×%s{/}	{@st65}%s개{/}				
UI_20150714_001672	Description de l'Image	사진에 대한 설명				
UI_20150714_001673	{#000000}%s secondes	{#000000}%s 초				
UI_20150714_001674	{#000000}%s équipé	{#000000}%s 장착				
UI_20150714_001675	Nom du groupe : {#2c140c}%s{/}	파티명 : {#2c140c}%s{/}				
UI_20150714_001676	Description : {#2c140c}%s{/}	설명 : {#2c140c}%s{/}				
UI_20150714_001677	Niveau moyen du groupe : {#2c140c}%s{/}	평균 레벨 :  {#2c140c}%s{/}				
UI_20150714_001678	Recherche de : {#2c140c}%s{/}	찾는 파티원 :  {#2c140c}%s{/}				
UI_20150714_001679	Partage de quête : {#2c140c}%s{/}	퀘스트 공유 :  {#2c140c}%s{/}				
UI_20150714_001680	Répartition de l'XP : {#2c140c}%s{/}	경험치 분배규칙 :  {#2c140c}%s{/}				
UI_20150714_001681	Répartition des objets : {#2c140c}%s{/}	아이템 분배규칙 :  {#2c140c}%s{/}				
UI_20150714_001682	Avez-vous passé un bon moment avec ce groupe ?	파티는 즐거우셨나요?				
UI_20150714_001683	{@st42} %s obtenu par %s	{@st42}%s님이 %s(을)를 드셨습니다				
UI_20150714_001684	{@st42} %s a renforcé %s	{@st42}%s님이 %s(을)를 강화하셨습니다.				
UI_20150714_001685	Mémo :%s	메모 :%s				
UI_20150714_001686	{@st59}Ajoutez le matériau à cet emplacement.{/}	{@st59}재료 아이템을 슬롯에 추가합니다.{/}				
UI_20150714_001687	{@st66b}Prix : %s{/}	{@st66b}가격 : %s{/}				
UI_20150714_001688	Message d'Accueil du Personnage	캐릭터 인사말				
UI_20150714_001689	Boutique d'Achat	매입의뢰상점				
UI_20150714_001690	×%s	%s 개				
UI_20150714_001691	{@41b}Critères	{@41b}조건				
UI_20150714_001692	{@st41}Supprimer	{@st41}삭제				
UI_20150714_001693	{@st41}Actualiser	{@st41}새로 고침				
UI_20150717_001694	{#ffff00}%s{/} joueurs aiment ce personnage	이 플레이어가 좋아요 {#ffff00}%s{/}				
UI_20150717_001695	{@st41b}{s56}Ce jeu est {#0066FF}	{@st41b}{s56}이 게임은 {#0066FF}				
UI_20150717_001696	Classé T.	12세 이용가				
UI_20150717_001697	{s40} {nl}Jouer pendant de longues périodes peut avoir un impact négatif sur votre santé.{/}	{#FFFFFF}입니다.{nl}{s40} {nl}장시간의 게임 이용은 건강을 해칠 수 있습니다.{/}				
UI_20150717_001698	{@st66b}Entrer	{@st66b}입력				
UI_20150717_001699	{@st42}Infos sur Mon Invocation	{@st42}내 소환수 정보				
UI_20150717_001700	Vos déplacements ralentissent si vous n'avez pas assez d'{@st59}END{/}	{@st59}STA{nl}{@st59s}스태미나가 부족하면 이동이 느려집니다{/}				
UI_20150717_001701	{@st59}Trier votre inventaire{/}	{@st59}인벤토리를 정렬합니다{/}				
UI_20150717_001702	Trier	정리				
UI_20150717_001703	{@st59}Fermer{/}	{@st59}조이패드 설명을 닫습니다.{/}				
UI_20150717_001704	{@st59}Fermer{/}	{@st59}키보드 설명을 닫습니다.{/}				
UI_20150717_001705	Tutoriel Souris	마우스 튜토리얼				
UI_20150717_001706	{@st59}Fermer{/}	{@st59}마우스 설명을 닫습니다.{/}				
UI_20150717_001707	Attaque : %s	공격력 : %s				
UI_20150717_001708	Défense : %s	방어력 : %s				
UI_20150717_001709	FOR : %s	힘 : %s				
UI_20150717_001710	CON : %s	체력 : %s				
UI_20150717_001711	INT : %s	지능 : %s				
UI_20150717_001712	DEX : %s	민첩 : %s				
UI_20150717_001713	ESP : %s	정신 : %s				
UI_20150717_001714	{@st42b}Les classes de type Épéiste peuvent foncer en appuyant deux fois sur une touche directionnelle.{/}	{@st42b}소드맨 계열은 방향을 빠르게 두번 입력하여 질주할 수 있습니다{/}				
UI_20150717_001715	{@st42}Nom et Description du Groupe{/}	{@st42}파티명과 설명{/}				
UI_20150717_001716	{@st42}Insérer le Tag d'Invitation au Groupe	{@st42}파티 초대 태그 삽입				
UI_20150717_001717	{@st41b}Liste des Groupes Publics{/}	{@st41b}공개 파티 목록{/}				
UI_20150717_001718	{@st41b}Liste des Personnages Recommandés{/}	{@st41b}추천 캐릭터 목록{/}				
UI_20150717_001719	{@st41b}Recevoir une Recommandation	{@st41b}추천 받기				
UI_20150717_001720	Ceci ne peut être utilisé que par les chefs de groupe.	파티 리더만 사용 가능한 기능입니다.				
UI_20150717_001721	Vous devez utiliser la fonction de recommandation de membres de groupe.	파티원 추천 기능을 사용해야 합니다.				
UI_20150717_001722	{@st66b}Nom de la Classe de Quête{/}	{@st66b}퀘스트 클래스 네임{/}				
UI_20150717_001723	{@st59b}Boutique{nl}{@st59s} - Utilisez Maj + clic droit et entrez une quantité pour acheter/vendre plusieurs objets{nl} - Faites un double clic droit pour vendre tous les objets{/}	{@st59b}상점{nl}{@st59s} - 아이템을 여러 개 판매/구매하려면 Shift + 우클릭 후 갯수 입력{nl} - 아이템을 전량 판매하려면 마우스 더블 우클릭으로 이용{/}				
UI_20150717_001724	{@st59}Infos Souris{/}	{@st59}마우스 안내{/}				
UI_20150717_001725	{@st66b}Trier	{@st66b}정렬				
UI_20150717_001726	{@st59}Trier les objets de votre coffre{/}	{@st59}아이템을 정렬합니다.{/}				
UI_20150717_001727	{@st59}Équipez des armes sur cet emplacement{nl}Appuyez sur Alt+Z pour changer d'arme{/}	{@st59}슬롯에 무기 장착{nl}Alt+Z로 무기 전환{/}				
UI_20150717_001728	Observer un autre personnage	다른사람 시점으로 관전하기				
UI_20150717_001729	{@st41}Champ de bataille	{@st41}배틀 필드				
UI_20150717_001730	Résultats	결과				
UI_20150717_001731	{@st41}Se Déplacer Maintenant	{@st41}바로 이동				
UI_20150717_001732	{@st41b}             Un nom d'équipe représente tous vos personnages.{nl}                C'est un nom commun utilisé dans le jeu.{nl}                  (Changer votre nom d'équipe coûtera des TP !){/}	{@st66b} 팀 이름은 모든 캐릭터를 대표하는 이름입니다.{nl}자유롭게 바꿀 수 있는 팀 이름은 거래, 길드 가입, 대화 등에 사용되는 공용 이름입니다.{/}				
UI_20150729_001733	{@st42}Afficher uniquement les attributs apprenables{/}	{@st42}학습 가능한 특성만 표시{/}				
UI_20150729_001734	Nombre de Pattes	다리갯수				
UI_20150729_001735	Touche	키				
UI_20150729_001736	Poids	몸무게				
UI_20150729_001737	{@st43}Torréfaction de Gemme{/}	{@st43}젬 로스팅{/}	UI_20150323_001331	{@st43}Torréfaction de Gemme{/}	{@st43}젬로스팅{/}	
UI_20150729_001738	{@st59b}Fabrication d'objets{nl}{@st59s} - Un objet peut être fabriqué à l'aide d'une recette.{nl} - Placez la recette et les matériaux requis dans l'emplacement pour commencer la fabrication. {nl} - Vous pouvez attribuer un nom unique et un mémo à l'objet.{/}	{@st59b}아이템 제작{nl}{@st59s} - 레시피 아이템을 입수하면 해당하는 아이템 제작 가능{nl} - 레시피와 재료를 슬롯에 넣은 후 아이템 제작 실행{nl} - 제작하는 아이템에 이름과 메모 기입 가능{/}				
UI_20150729_001739	{@st59}Fermer la Fabrication de Flèches{/}	{@st59}화살제작을 닫습니다.{/}				
UI_20150729_001740	Fragments nécessaires : Mutant %s / Bête %s / Plante %s	필요 파편 : 변이 %s개 / 야수 %s개 / 식물 %s개	UI_20150317_000417	Fragments requis : %s	필요 파편 : %s	
UI_20150729_001741	{@st42b}         Les classes Épéiste peuvent sprinter en                     appuyant deux fois sur une touche directionnelle{/}	{@st42b}전사 계열은 방향을 빠르게 두번 입력하여 질주할 수 있습니다{/}	UI_20150717_001714	{@st42b}Les classes de type Épéiste peuvent foncer en appuyant deux fois sur une touche directionnelle.{/}	{@st42b}소드맨 계열은 방향을 빠르게 두번 입력하여 질주할 수 있습니다{/}	
UI_20150729_001742	{@st41}Paramètres du Groupe	{@st41}파티 설정				
UI_20150729_001743	{@st41}Paramètres de Recrutement du Groupe	{@st41}파티 모집 설정				
UI_20150729_001744	{@st42}Rechercher des Membres de Groupe{/}	{@st42}파티원 찾기 기능 사용{/}	UI_20150428_001520	Utiliser la Recherche de Groupe 	파티원 찾기 기능 사용	
UI_20150729_001745	Quand un joueur correspond aux critères que vous avez définis, un message [Groupe trouvé !] s'affichera sur votre écran.	조건이 일치하는 플레이어를 만난다면 [파티 조건 일치!] 문구가 표시 됩니다.				
UI_20150729_001746	{@st41b}Liste des Joueurs Recommandés{/}	{@st41b}추천 플레이어 목록{/}	UI_20150717_001718	{@st41b}Liste des Personnages Recommandés{/}	{@st41b}추천 캐릭터 목록{/}	
UI_20150729_001747	{@st41}Informations sur l'Attribut	{@st41}특성 및 정보				
UI_20150729_001748	{@st59}Annuler l'Amélioration{/}	{@st59}강화를 취소합니다{/}				
UI_20150729_001749	{@st59b}Amélioration de gemme/carte{nl}{@st59s} - Sélectionnez une gemme ou une carte de votre inventaire pour la améliorer.{nl} - Tous les objets à l'exception des objets de quête peuvent être utilisés comme matériaux pour améliorer les gemmes.{nl} (Plus efficace en utilisant une gemme comme matériau){nl} - Les cartes ne peuvent être améliorées qu'en utilisant d'autres cartes.{/}	{@st59b}젬/카드 강화{nl}{@st59s} - 강화할 젬 또는 카드를 인벤토리에서 선택하여 등록{nl} - 퀘스트 아이템을 제외한 모든 아이템을 젬 강화 재료로 사용 가능{nl}   (젬을 재료로 사용했을 때 효율이 가장 높음){nl} - 카드 강화는 다른 카드들로만 재료로 사용 가능{/}				
UI_20150729_001750	{#000000}{s22}File d'Attente du Serveur	{#000000}{s22}서버 입장 대기중				
UI_20150729_001751	{#000000}{s22}Le serveur est actuellement plein. Mise en file d'attente.	{#000000}{s22}서버 인원이 가득 차 입장 대기 중 입니다.				
UI_20150729_001752	{#000000}{s22}Position actuelle : %s	{#000000}{s22}현재 순위 : %s				
UI_20150729_001753	{@st43}Ligue de Combat d'Équipe	{@st43}팀 배틀 리그				
UI_20150729_001754	{@st59}Fermer	{@st59}팀 배틀 리그를 닫습니다.				
UI_20150729_001755	{@st42}Programme de la Ligue de Combat d'Équipe	{@st42}팀 배틀 리그 일정				
UI_20150729_001756	{@st43}Classement de la Ligue de Combat d'Équipe	{@st43}팀 배틀 리그 랭킹	UI_20150317_000804	{@st43}Classement du Champ de Bataille	{@st43}배틀 필드 랭킹	
UI_20150729_001757	{@st59}Fermer l'Équipe	{@st59}팀 배틀 리그 랭킹을 닫습니다.	UI_20150317_000805	{@st59}Fermer le classement du champ de bataille	{@st59}배틀 필드랭킹을 닫습니다.	
UI_20150729_001758	Nom d'Équipe	팀 이름				
UI_20150729_001759	{@st41b}Nom du Skill	{@st41b}스킬이름				
UI_20150729_001760	{@st59}Accepter la Mission de Groupe{/}	{@st59}파티 미션 진행을 수락합니다{/}	UI_20150317_001278	{@st59}Rejoindre la Quête de Groupe{/}	{@st59}파티 퀘스트 진행을 수락합니다{/}	
UI_20150729_001761	{@st59}Supprimer ce ticket{/}	{@st59}해당 티켓을 삭제합니다.{/}				
UI_20150729_001762	Score	점수				
UI_20150729_001763	Rejoindre la Ligue de Combat d'Équipe	팀 배틀 리그 참여				
UI_20150730_001764	{@st56}Mon Rang	{@st56}내 랭킹				
UI_20150730_001765	{@st56}Rang d'Éliminations	{@st56}킬 랭킹				
UI_20150730_001766	{@st56}Rang de Dégâts	{@st56}데미지 랭킹				
UI_20150803_001767	Général : /s discussion{nl}Cri : /y discussion {nl}Groupe : /p discussion{nl} Chuchotement : /w NomÉquipe discussion	일반 : /s 할말{nl}외침 : /y 할말{nl}파티 : /p 할말{nl}귓속말 : /w 팀이름 할말	UI_20150317_000093	Général : /s discussion {nl} Cri : /y discussion {nl} Groupe : /p discussion{nl} Chuchotement : /w pseudo du personnage discussion	일반 : /s 내용{nl}외침 : /y 내용{nl}파티 : /p 내용{nl}귓속말 : /w 캐릭명 내용	
UI_20150803_001768	{@st66b}Vibration de la Manette{/}	{@st66b}조이패드 진동{/}				
UI_20150803_001769	Une partie a été trouvée. Veuillez patienter avant de pouvoir la rejoindre.	게임을 찾았습니다. 잠시 후 게임에 입장합니다.	UI_20150714_001657	Une partie a été trouvée. Voulez-vous la rejoindre ?	게임을 찾았습니다. 참가하시겠습니까?	
UI_20150804_001770	{@st43}{s18}Choisissez le personnage qui recevra l'objet.{/}	{@st43}{s18}아이템을 수령할 캐릭터를 선택해주세요.{/}				
UI_20150804_001771	Emplacements maximum : %s	최대 소켓 %s개	UI_20150317_001141	Emplacements maximum : ×%s	최대 소캣 %s개	
UI_20150807_001772	{@st41b}Détails {img red_down_arrow 16 16}	{@st41b}상세 보기 {img red_down_arrow 16 16}				
UI_20150807_001773	{@st41b}Prix :{/}	{@st41b}거래 정산 :{/}	UI_20150317_000632	{@st41b}Prix{/}	{@st41b}거래 정산 ▶{/}	
UI_20150807_001774	{@st41b}Après réparation :{/}	{@st41b}예상 잔액 :{/}	UI_20150317_000633	{@st41b}Solde{/}	{@st41b}예상 잔액 ▶{/}	
UI_20150918_001775	Durée du Camp	캠프 유지 시간				
UI_20150918_001776	Effet	효과				
UI_20150918_001777	La durée du camp est augmentée lorsqu'il est renouvelé.{nl}Nécessite %s argent.	갱신시 캠프 유지시간이 증가되며{nl} %s실버가 소모됩니다.				
UI_20150918_001778	Coffre Personnel	개인 창고				
UI_20150918_001779	{@st41b}Type : {@sti7}%s{/}	{@st41b}타입 : {@sti7}%s{/}				
UI_20150918_001780	{@st41b}Difficulté : {@sti7}%s{/}	{@st41b}조작난이도 : {@sti7}%s{/}				
UI_20150918_001781	{#ffff00}{ol}%s{/}{/} joueurs aiment ce personnage	이 플레이어가 좋아요 {#ffff00}{ol}%s{/}				
UI_20150918_001782	{@st43}Donjons Instanciés	{@st43}인스턴스 던전				
UI_20150918_001783	{@st41}Vérifier l'Emplacement	{@st41}위치 확인				
UI_20150918_001784	{#000000}Nom du Donjon{/}	{#000000}이름{/}				
UI_20150918_001785	{#000000}Niveau Requis{/}	{#000000}입장레벨{/}				
UI_20150918_001786	{#000000}Nombre d'Entrées{/}	{#000000}입장 회수{/}				
UI_20150918_001787	{#000000}Le nombre d'entrées sera réinitialisé à %s.{/}	{#000000}입장 횟수는 %s시에 초기화 됩니다.{/}				
UI_20150918_001788	{img silver 20 20} Prix	{img silver 20 20} 받는 가격				
UI_20150918_001789	Infos sur les Groupes à Proximité	주변 파티 정보				
UI_20150918_001790	Fragments requis : %s 	필요 파편 : %s개	UI_20150729_001740	Fragments nécessaires : Mutant %s / Bête %s / Plante %s	필요 파편 : 변이 %s개 / 야수 %s개 / 식물 %s개	
UI_20150918_001791	{@st66b}Vide	{@st66b}비우기				
UI_20150918_001792	{@st42}Afficher les Groupes à Proximité{/}	{@st42}주변 파티 정보 표시{/}				
UI_20150918_001793	Amitié avec {@sti9}%s{@st66b} : {@st66b}Niveau{/} {@sti9}%s {@st66b}	{@sti9}%s{@st66b}과의 친밀도 : {@sti9}%s {@st66b}레벨{/}	UI_20150317_000480	{@sti9}%s{@st41b}Complicité : {@sti9}%s {@st41b}Niveau{/}	{@sti9}%s{@st41b}과의 친밀도 : {@sti9}%s {@st41b}레벨{/}	
UI_20150918_001794	Amitié	친밀도	UI_20150317_000483	{@st41b}Affinité{/}	{@st41b}친밀도{/}	
UI_20150918_001795	{@st41b}Matériau obtenu pour la fabrication d'objets !	{@st41b}제작 아이템 재료 획득!				
UI_20150918_001796	{@st66b}{s20}Vous êtes {/}{s20}{#cc6600}{ol}devenu incapable de combattre {/}{@st66b}{s20} !{/}	{@st66b}{s20}당신은 {/}{s20}{#cc6600}{ol}전투 불능 {/}{@st66b}{s20}상태가 되었습니다!{/}				
UI_20150918_001797	{@st66b}Recommencer au point de résurrection le plus proche{/}	{@st66b}가까운 부활지점에서 다시하기{/}				
UI_20150918_001798	{@st66b}Recommencer ici (nécessite %s TP){/}	{@st66b}제자리에서 다시하기(NXP %s개 필요){/}	UI_20150317_000607	{@st41b}Réapparaître ici (nécessite %s TP) {/}	{@st41b}제자리에서 다시하기(NXP %s개 필요){/}	
UI_20150918_001799	{@st66b}Retourner sur le terrain{/}	{@st66b}필드로 복귀하기{/}				
UI_20150918_001800	{@st66b}Abandonner la quête et réessayer{/}	{@st66b}퀘스트 포기 후 재시작하기{/}	UI_20150317_000609	{@st41b}Abandonner la quête et recommencer{/}	{@st41b}퀘스트 포기 후 재시작하기{/}	
UI_20150918_001801	{@st66b}Réessayer{/}	{@st66b}재도전{/}	UI_20150317_000610	{@st41b}Réessayer{/}	{@st41b}재도전{/}	
UI_20150918_001802	{@st66b}Objets Vendus{/}	{@st66b}내가 판매한 아이템{/}				
UI_20150918_001803	{@st53}Points de classement : %s	{@st53}랭킹포인트 : %s				
UI_20150918_001804	Total non échangeable : %s	총 거래 불가: %s개				
UI_20150918_001805	{@st42b}Vérifier le Dialogue{/}	{@st42b}대사 확인{/}				
UI_20150918_001806	{@st66b}Donner de la nourriture à un groupe extérieur{/}	{@st66b}파티원 외 음식 제공{/}				
UI_20150918_001807	{@st41b}Changer le Titre de l'Enseigne	{@st41b}간판이름변경				
UI_20150918_001808	{@sti9}Mon Rang	{@sti9}내 랭킹				
UI_20150918_001809	{@sti9}Rang d'Éliminations	{@sti9}킬 랭킹				
UI_20150918_001810	{@sti9}Rang de Dégâts	{@sti9}데미지 랭킹				
UI_20151001_001811	{@st43}Paramètres des Touches{/}	{@st43}키 설정{/}				
UI_20151001_001812	{@st45tw2}Catégorie	{@st45tw2}카테고리				
UI_20151001_001813	Action	액션				
UI_20151001_001814	Restaurer les valeurs par défaut	기본값 복원				
UI_20151016_001815	{@st59}L'objet sélectionné sera verrouillé{/}	{@st59}선택한 아이템이 잠금 상태가 됩니다.{/}				
UI_20151016_001816	{@st59}Vous pouvez changer le thème de votre caserne et le prévisualiser.	{@st59}미리보기로 살펴보고 숙소의 테마를 변경할 수 있습니다. 	UI_20150323_001384	{@st59}Changer de caserne{nl} - Changez de carte et augmentez le nombre de personnages disponibles en changeant de caserne. 	{@st59}속소 변경{nl} - 숙소를 변경하여 맵을 변경하고 인원수를 확장합니다.	
UI_20151016_001817	%s Personnages{/}	정원%s명{/}				
UI_20151016_001818	{@st42b}Aperçu	{@st42b}미리보기				
UI_20151016_001819	{@st42b}Retour	{@st42b}돌아가기				
UI_20151016_001820	{@st42b}Acheter	{@st42b}구매				
UI_20151016_001821	{@st42b}Utiliser	{@st42b}적용				
UI_20151016_001822	Nom et Description de la Guilde	길드명과 소개글				
UI_20151016_001823	Nom d'Équipe	팀이름				
UI_20151016_001824	Titre	직책				
UI_20151016_001825	Annonce	공지사항				
UI_20151022_001826	{@st41}File d'Attente du Serveur	{@st41}서버 입장 대기중				
UI_20151022_001827	{#000000}{s18}Le serveur est actuellement plein. Mise en file d'attente.	{#000000}{s18}서버 인원이 가득 차 입장 대기 중 입니다.				
UI_20151022_001828	{#000000}{s18}Position actuelle : %s	{@st66b18}현재 순위 : %s				
UI_20151022_001829	{@st66b}Afficher les Effets des Autres Personnages	{@st66b}다른 캐릭터 이펙트 보기				
UI_20151102_001830	TP	NXP				
UI_20151224_001831	{@st41b}Changer{s18}(Nécessite 100 TP){/}	{@st41b}변경{s18}(TP 100 필요){/}	UI_20150317_000045	{@st41b} Changer {s18} (100 TP requis) {/}	{@st41b}변경{s18}(NXP 100 필요){/}	
UI_20151224_001832	Quantité Consommée	소비 개수				
UI_20151224_001833	Quantité Disponible	보유 개수				
UI_20151224_001834	{@st43}Boutique de Sorts{/}	{@st43}주문 판매상점{/}	UI_20150428_001498	{@st43}Boutique d'Achat{/}	{@st43}매입상점{/}	
UI_20151224_001835	{@st59}Fermer{/}	{@st59}주문 판매상점을 닫습니다{/}				
UI_20151224_001836	{@st43}Boutique de Sorts	{@st43}주문 판매상점	UI_20150317_000065	{@st43}Distributeur de Buffs	{@st43}버프 자판기	
UI_20151224_001837	Boutique de Sorts	주문 판매상점	UI_20150317_000069	Distributeur de Buffs	버프 자판기	
UI_20151224_001838	{@st59}Fermer	{@st59}주문 판매상점을 닫습니다.	UI_20150317_000070	{@st59}Fermer	{@st59}버프 자판기를 닫습니다.	
UI_20151224_001839	{@st59}Boutique de sorts{nl} - Vous pouvez recevoir un Skill de buff d'un joueur en payant en argent.	{@st59}주문 판매상점{nl} - 실버를 지불해 해당 플레이어에게 버프 스킬을 받을 수 있습니다.	UI_20150317_000071	{@st59}Distributeur de buffs{nl} - Vous pouvez payer de l'argent pour recevoir des buffs{nl}d'un autre joueur.	{@st59}버프 자판기{nl} - 실버를 지불해 해당 플레이어에게 버프 기술을 시전받을 수 있습니다.	
UI_20151224_001840	{@st41b}Construire	{@st41b}건설				
UI_20151224_001841	{@st41b}Matériaux et Prix	{@st41b}소비재료 및 비용				
UI_20151224_001842	{@st66b}Camp de Base	{@st66b}베이스캠프	UI_20150406_001460	{@st41b}Camp de Base	{@st41b}베이스캠프	
UI_20151224_001843	{@st66b}Historique	{@st66b}기록				
UI_20151224_001844	Nombre de Pattes	다리개수	UI_20150729_001734	Nombre de Pattes	다리갯수	
UI_20151224_001845	{@st41}Confirmer	{@st41}확인				
UI_20151224_001846	{@st42}Utiliser{/}	{@st42}사용{/}				
UI_20151224_001847	{@st66b18}※ Les achats effectués avec des TP ne sont pas remboursables.{/}	{@st66b18}※구매에 사용된 TP는 환불되지 않습니다.{/}				
UI_20151224_001848	{@st59}Guilde  (/g discussion){/}	{@st59}길드  (/g 할말){/}				
UI_20151224_001849	{@st59}Guilde   (/g discussion){/}	{@st59}길드   (/g 할말){/}				
UI_20151224_001850	{@st42}Taille du Texte	{@st42}글자 크기				
UI_20151224_001851	{@st66b}Informations	{@st66b}정보	UI_20150317_000153	{@st41b}Informations	{@st41b}정보	
UI_20151224_001852	PV de la Statue de la Déesse	여신상HP				
UI_20151224_001853	Manche	라운드				
UI_20151224_001854	Joueur	플레이어				
UI_20151224_001855	Allié	아군				
UI_20151224_001856	Ennemi	적군				
UI_20151224_001857	{@st66b}Cuisine	{@st66b}조리	UI_20150414_001491	{@st41b}Cuisine	{@st41b}조리	
UI_20151224_001858	{@st66b}Nourriture	{@st66b}음식	UI_20150414_001492	{@st41b}Nourriture	{@st41b}음식	
UI_20151224_001859	{@st66b}Liste	{@st66b}목록	UI_20150317_000214	{@st41b}Liste	{@st41b}목록	
UI_20151224_001860	{@st66b}Gérer	{@st66b}관리	UI_20150317_000215	{@st41b}Gérer	{@st41b}관리	
UI_20151224_001861	{@st59}Fermer{/}	{@st59}길드 정보를 닫습니다{/}				
UI_20151224_001862	{@st43}Guilde{/}	{@st43}길드{/}				
UI_20151224_001863	{@st41b}Informations de Base	{@st41b}기본정보				
UI_20151224_001864	{@st41b}Propriété	{@st41b}속성				
UI_20151224_001865	Recherche de participants pour l'événement de guilde.	길드이벤트 참가자를 모집하고 있습니다.				
UI_20151224_001866	{@st41b}Amélioration et Rang	{@st41b}성장 및 랭크				
UI_20151224_001867	{@st41b}Attributs de Guilde	{@st41b}길드 특성				
UI_20151224_001868	{@st43}Améliorer la Guilde{/}	{@st43}길드 성장{/}				
UI_20151224_001869	Canal / Emplacement	채널 / 위치				
UI_20151224_001870	Invoquer	소환				
UI_20151224_001871	Au Membre de la Guilde	길드원에게 가기				
UI_20151224_001872	Aller	가기				
UI_20151224_001873	{@st43}Historique{/}	{@st43}히스토리{/}				
UI_20151224_001874	{@st59}Fermer{/}	{@st59}히스토리 정보를 닫습니다.{/}				
UI_20151224_001875	{@st45tw2}Catégorie{/}	{@st45tw2}항목{/}				
UI_20151224_001876	{@st45tw2}Valeur de Variation{/}	{@st45tw2}변동값{/}				
UI_20151224_001877	{@st45tw2}Heure{/}	{@st45tw2}시간{/}				
UI_20151224_001878	{@st45tw2}Récupérer{/}	{@st45tw2}복구{/}				
UI_20151224_001879	{@st66b}Donjons{/}	{@st66b}던전{/}				
UI_20151224_001880	{@st66b}Demander une Mission au Bureau{/}	{@st66b}의뢰소 미션{/}				
UI_20151224_001881	{@st66b18}Limite d'Entrées{/}	{@st66b18}입장 횟수{/}				
UI_20151224_001882	{@st45tw2}Nom{/}	{@st45tw2}이름{/}				
UI_20151224_001883	{@st45tw2}Niv. requis{/}	{@st45tw2}입장레벨{/}				
UI_20151224_001884	Temps écoulé : 	검색 시간 : 				
UI_20151224_001885	{@st59}Zoomer{/}	{@st59}지도를 확대합니다{/}				
UI_20151224_001886	{@st59}Dézoomer{/}	{@st59}지도를 축소합니다{/}				
UI_20151224_001887	{@st59}Afficher le Dernier Point de Téléportation{/}	{@st59}마지막 워프 지역을 봅니다{/}				
UI_20151224_001888	{@st59}Afficher la Position Actuelle{/}	{@st59}현재 위치를 봅니다{/}				
UI_20151224_001889	{@st59}Coiffure 3{/}	{@st59}헤어 코스튬3{/}				
UI_20151224_001890	{@st59}Coiffure{/}	{@st59}헤어{/}				
UI_20151224_001891	{@st41b}Annuler	{@st41b}취 소				
UI_20151224_001892	{@st41b}Confirmer	{@st41b}확 인				
UI_20151224_001893	{@st66b}Torréfaction{/}	{@st66b}로스팅{/}	UI_20150714_001569	{@st41b}Torréfaction{/}	{@st41b}로스팅{/}	
UI_20151224_001894	{@st66b}Historique{/}	{@st66b}기록{/}				
UI_20151224_001895	Restant	남은 개수				
UI_20151224_001896	{@st66b}Entretien{/}	{@st66b}손질{/}	UI_20150323_001333	{@st41b}Réparer{/}	{@st41b}손질{/}	
UI_20151224_001897	{@st66b}Réparer{/}	{@st66b}수리{/}	UI_20150323_001345	{@st41b}Réparer{/}	{@st41b}수리{/}	
UI_20151224_001898	{@st41}Niveau de Skill	{@st41}스킬레벨				
UI_20151224_001899	{@st41}Matériau Précieux	{@st41}재물 재료				
UI_20151224_001900	{@st66b}Renvoyer Assistant (nécessite %s TP){/}	{@st66b}헬퍼 남기기(TP %s개 필요){/}	UI_20150714_001574	{@st66b}Quitter Assistant (nécessite %s TP){/}	{@st66b}헬퍼 남기기(NXP %s개 필요){/}	
UI_20151224_001901	{@st66b}Carte Complète{/}	{@st66b}전체 지도{/}				
UI_20151224_001902	{@st59}Afficher la Carte Complète{/}	{@st59}전체 지도를 엽니다{/}				
UI_20151224_001903	{ol}Message	{ol}메시지	UI_20150317_000352	{ol}Message	{ol}메세지	
UI_20151224_001904	{@st66b18}Récupérer	{@st66b18}아이템 수령함				
UI_20151224_001905	{@st66b18}Vendre	{@st66b18}판매 등록				
UI_20151224_001906	{@st66b18}Acheter	{@st66b18}판매중인 아이템				
UI_20151224_001907	{@st45tw2}Niv.{/}	{@st45tw2}레벨{/}				
UI_20151224_001908	{@st45tw2}Prix Unitaire{/}	{@st45tw2}단가{/}				
UI_20151224_001909	{@st45tw2}Quantité{/}	{@st45tw2}구매개수{/}				
UI_20151224_001910	{@st45tw2}Prix Total{/}	{@st45tw2}총 금액{/}				
UI_20151224_001911	{@st42}Options Avancées{/}	{@st42}상세옵션{/}				
UI_20151224_001912	{@st65}Niveau{/}	{@st65}레벨{/}				
UI_20151224_001913	{@st65}Niveau d'Amélioration{/}	{@st65}강화 수치{/}				
UI_20151224_001914	{@st59}Rechercher par nom d'objet et options{/}	{@st59}입력한 이름과 작성된 옵션으로 검색합니다{/}				
UI_20151224_001915	{@st65}Du Plus Bas au Plus Haut{/}	{@st65}낮은 가격순{/}				
UI_20151224_001916	{@st65}Du Plus Haut au Plus Bas{/}	{@st65}높은 가격순{/}				
UI_20151224_001917	{@st45tw2}Montant{/}	{@st45tw2}개수{/}				
UI_20151224_001918	{@st45tw2}Temps avant récupération{/}	{@st45tw2}수령 가능 시간{/}				
UI_20151224_001919	{@st66b}Période de Vente et Commission{/}	{@st66b}판매 등록 시간 및 수수료{/}				
UI_20151224_001920	{@st66}Après 48 heures, vous pouvez récupérer votre{nl}argent du marché, à l'exception des Tokens.	{@st66}토큰 아이템을 제외한 판매 아이템의{nl}정산된 실버는 48시간 후 수령할 수 있습니다.{/}				
UI_20151224_001921	{@st45tw2}Date limite{/}	{@st45tw2}마감 시간{/}				
UI_20151224_001922	{@st45tw2}Commission{/}	{@st45tw2}판매 완료시 수수료{/}				
UI_20151224_001923	{@st45tw2}Prix Total{/}	{@st45tw2}총금액{/}				
UI_20151224_001924	Prix Limite le Plus Haut{/}	상한가{/}				
UI_20151224_001925	Prix Limite le Plus Bas{/}	하한가{/}				
UI_20151224_001926	{@st66}Prix du Marché le Plus Bas{/}	{@st66}하위시세{/}				
UI_20151224_001927	{@st66}Prix du Marché le Plus Haut{/}	{@st66}상위시세{/}				
UI_20151224_001928	%s (Canal %s)	%s (%s 채널)				
UI_20151224_001929	Nombre de Fragments	파편의 개수				
UI_20151224_001930	{@st66b}Ouvrir	{@st66b}열기	UI_20150401_001417	{@st41b}Ouvrir	{@st41b}열기	
UI_20151224_001931	{@st66b}Boîte d'Offrande	{@st66b}봉헌함	UI_20150401_001418	{@st41b}Boîte d'Offrande	{@st41b}봉헌함	
UI_20151224_001932	{@st66b}Membres{/}	{@st66b}구성{/}	UI_20150317_000439	{@st41b}Membres{/}	{@st41b}구성{/}	
UI_20151224_001933	{@st66b}Événement de Groupe{/}	{@st66b}파티 이벤트{/}	UI_20150317_000440	{@st41b}Événement de Groupe {/}	{@st41b}파티 이벤트{/}	
UI_20151224_001934	{@st66b}Paramètres{/}	{@st66b}설정{/}				
UI_20151224_001935	{@st42b}Enregistrer{/}	{@st42b}저장{/}				
UI_20151224_001936	{@st41}Nom et Description du Groupe{/}	{@st41}파티명과 설명{/}				
UI_20151224_001937	Afficher les Groupes à Proximité	주변 파티 정보 표시	UI_20150918_001792	{@st42}Afficher les Groupes à Proximité{/}	{@st42}주변 파티 정보 표시{/}	
UI_20151224_001938	Groupe Public	공개 파티 목록에 등록				
UI_20151224_001939	Écart de niveau	레벨 차이				
UI_20151224_001940	Utiliser 'Recommander un Groupe'	파티원 추천 기능 사용				
UI_20151224_001941	{@st66b}Insérer le Tag d'Invitation au Groupe	{@st66b}파티 초대 태그 삽입				
UI_20151224_001942	Mission Compétitive	경쟁 미션				
UI_20151224_001943	Unité	단위				
UI_20151224_001944	{@st41b}Entrer	{@st41b}가입	UI_20150714_001613	Rejoindre	가입	
UI_20151224_001945	{@st66b}Liste des Groupes Publics{/}	{@st66b}공개 파티 목록{/}	UI_20150717_001717	{@st41b}Liste des Groupes Publics{/}	{@st41b}공개 파티 목록{/}	
UI_20151224_001946	{@st66b}Liste des Joueurs Recommandés{/}	{@st66b}추천 플레이어 목록{/}	UI_20150729_001746	{@st41b}Liste des Joueurs Recommandés{/}	{@st41b}추천 플레이어 목록{/}	
UI_20151224_001947	Vie	수명				
UI_20151224_001948	{@st43}Boîte de Messages	{@st43}메시지함				
UI_20151224_001949	{@st66b}Tout	{@st66b}전체				
UI_20151224_001950	{@st66b}Non lus	{@st66b}안읽은 메시지함	UI_20150714_001618	{@st41b}Messages Non Lus	{@st41b}안읽은 메세지함	
UI_20151224_001951	{@st59b}Quêtes{nl}{@st59s} - Quand vous acceptez une nouvelle quête, elle est ajoutée à la fenêtre des quêtes.{nl} - Une quête principale s'affiche en jaune, tandis qu'une quête secondaire s'affiche en bleu.{nl} - La flèche sous les pieds de votre personnage indique l'emplacement de votre quête{nl} - Une icône « Retour » s'affiche dans la fenêtre des quêtes quand une quête est terminée{nl}  (Vous téléporte vers le PNJ de quête avec la touche Retour arrière ou un clic de souris){nl} - Ajoutez ou retirez des quêtes de la fenêtre en cochant ou décochant la case devant le nom de la quête{/}	{@st59b}퀘스트{nl}{@st59s} - 퀘스트 획득시 퀘스트 지령창에 등록{nl} - 메인퀘스트는 노란색, 서브퀘스트는 파란색 표시{nl} - 캐릭터 발 밑의 화살표로 퀘스트 위치를 표시{nl} - 퀘스트 완료시 퀘스트 지령창에 돌아가기 아이콘 표시{nl}  (백스페이스나 마우스 클릭으로 완료 NPC로 순간이동){nl} - 퀘스트 지령창에 등록/해제시 퀘스트 이름 앞 체크 선택{/}	UI_20150317_000519	{@st59b}Quêtes{nl}{@st59s} - Quand vous acceptez une nouvelle quête, elle est ajoutée au suivi de quêtes. {nl} - Une quête principale s'affiche en jaune, tandis qu'une quête secondaire s'affiche en bleu. {nl} - La flèche sous les pieds du personnage indique l'emplacement de votre quête. {nl} - Si vous avez terminé une quête, une icône « Retour » s'affiche dans le suivi de quêtes. {nl}    (Vous téléporte vers le PNJ de quête avec la touche Retour arrière ou un clic de souris) {nl} - Ajoutez ou retirez des quêtes du suivi en cochant ou décochant la case devant le nom de la quête. {/}	{@st59b}퀘스트{nl}{@st59s} - 퀘스트 획득시 퀘스트 알리미에 등록{nl} - 메인퀘스트는 노란색, 서브퀘스트는 파란색 표시{nl} - 캐릭터 발 밑의 화살표로 퀘스트 위치를 표시{nl} - 퀘스트 완료시 퀘스트 알리미에 돌아가기 아이콘 표시{nl}  (백스페이스나 마우스 클릭으로 완료 NPC로 순간이동){nl} - 퀘스트 알리미에 등록/해제시 퀘스트 이름 앞 체크 선택{/}	
UI_20151224_001952	{@st66b}  En cours  {/}	{@st66b}  진행  {/}	UI_20150317_000520	{@st41b}En cours{/}	{@st41b}  진행  {/}	
UI_20151224_001953	{@st66b}  Abandonnée  {/}	{@st66b}  포기  {/}	UI_20150317_000521	{@st41b}Abandonnée{/}	{@st41b}  포기  {/}	
UI_20151224_001954	{@st66b}Ressusciter Avec le Cristal d'Âme{/}	{@st66b}소울 크리스탈로 부활하기{/}				
UI_20151224_001955	{@st59b}Boutique{nl}{@st59s} - Utilisez Maj + clic droit pour entrer une quantité et vendre/acheter plusieurs objets{nl} - Faites un double clic droit pour vendre tous les objets{/}	{@st59b}상점{nl}{@st59s} - 아이템을 여러 개 판매/구매하려면 Shift + 우클릭 후 개수 입력{nl} - 아이템을 전량 판매하려면 마우스 더블 우클릭으로 이용{/}	UI_20150717_001723	{@st59b}Boutique{nl}{@st59s} - Utilisez Maj + clic droit et entrez une quantité pour acheter/vendre plusieurs objets{nl} - Faites un double clic droit pour vendre tous les objets{/}	{@st59b}상점{nl}{@st59s} - 아이템을 여러 개 판매/구매하려면 Shift + 우클릭 후 갯수 입력{nl} - 아이템을 전량 판매하려면 마우스 더블 우클릭으로 이용{/}	
UI_20151224_001956	Quantité	제작 개수				
UI_20151224_001957	{@st42}Avantages %s{/}	{@st42}%s 헤택{/}				
UI_20151224_001958	Voulez-vous utiliser ce %s ?{/}	%s 아이템을 사용하시겠습니까?{/}				
UI_20151224_001959	Cet objet disparaîtra de votre inventaire{nl}Réinitialise tous vos points de Skill.	사용한 아이템은 인벤토리에서 사라지며{nl}전체 스킬 포인트가 초기화 됩니다.{/}				
UI_20151224_001960	{@st41}Utiliser	{@st41}사용				
UI_20151224_001961	{@st59b}Classes{nl}{@st59s}- Vous pouvez apprendre de nouvelles Skills en augmentant le Cercle de votre classe. {nl} - Vous pouvez choisir parmi 3 classes disponibles pour votre avancement de la 1re à la 2e classe. {nl} - Vous pouvez avancer jusqu'à 3 fois dans la même classe. {nl} - Vous ne pouvez pas revenir à votre classe précédente une fois que vous avez avancé vers une autre classe. {nl} - Vous devez consommer tous vos points de Skill pour pouvoir avancer. {nl} - Vous pouvez choisir la même classe.{nl}{@st59b}Skills{nl}{@st59s} - Vous pouvez augmenter le rang de chaque Skill jusqu'au niveau 5.{nl} - Les attributs appris auprès de vos maîtres sont visibles sous vos Skills. {/}	{@st59b}클래스{nl}{@st59s} - 클래스의 서클을 성장시켜 해당 클래스의 스킬을 습득{nl} - 1차 직업에서 2차 직업로 전직할 경우 3개 클래스 선택 가능{nl} - 동일한 직업으로 총 3회까지 전직 가능{nl} - 동일한 클래스도 선택 가능{nl}{@st59b}스킬{nl}{@st59s} - 각 랭크별 스킬은 최대 5레벨 증가 가능{nl} - 마스터에게 배운 특성은 스킬 하단에서 확인 가능{/}	UI_20150317_000649	{@st59b}Classes{nl}{@st59s}- Vous pouvez apprendre de nouvelles Skills en augmentant le Cercle de votre classe. {nl} - Vous pouvez choisir parmi 3 classes disponibles pour votre avancement de la 1re à la 2e classe. {nl} - Vous pouvez avancer jusqu'à 3 fois dans la même classe. {nl} - Vous ne pouvez pas revenir à votre classe précédente une fois que vous avez avancé vers une autre classe. {nl} - Vous devez consommer tous vos points de Skill pour pouvoir avancer. {nl} - Vous pouvez choisir la même classe.{nl}{@st59b}Skills{nl}{@st59s} - Vous pouvez augmenter le rang de chaque Skill jusqu'au niveau 5.{nl} - Les attributs appris auprès de vos maîtres sont visibles sous vos Skills. {/}	{@st59b}클래스{nl}{@st59s} - 클래스의 서클을 성장시켜 해당 클래스의 스킬을 습득{nl} - 1차 직업에서 2차 직업로 전직할 경우 3개 클래스 선택 가능{nl} -  동일한 직업으로 총 3회까지 전직 가능{nl} -  다른 직업으로 전직 시 이전 직업은 전직 불가{nl} -  스킬포인트 모두 소비 시 전직 가능{nl} - 동일한 클래스도 선택 가능{nl}{@st59b}스킬{nl}{@st59s} - 각  랭크별 스킬은 최대 5레벨 증가 가능{nl} - 마스터에게 배운 특성은 스킬 하단에서 확인 가능{/}	
UI_20151224_001962	{@st66b}Informations{/}	{@st66b}정보{/}				
UI_20151224_001963	{@st66b}Hauts Faits{/}	{@st66b}업적{/}	UI_20150401_001440	{@st41b}Hauts Faits{/}	{@st41b}업적{/}	
UI_20151224_001964	{@st66b}Paramètres Perso.{/}	{@st66b}캐릭터 설정{/}				
UI_20151224_001965	{@st59}Collection (F11){/}	{@st59}콜렉션 (F11){/}				
UI_20151224_001966	{@st66b}Paramètres des Touches	{@st66b}키 설정				
UI_20151224_001967	{@st42}Durée : %s{/}	{@st42}사용기간 : %s{/}				
UI_20151224_001968	Retire %s de{nl}votre inventaire, fournissant des avantages pour %s{nl}pour ce %s.{/}	사용한 %s 인벤토리에서 사라지며{nl}%s동안 현재 %s에만 적용됩니다.{/}				
UI_20151224_001969	Retire %s{nl}de votre inventaire et l'applique à ce %s.{/}	사용한 %s 인벤토리에서{nl}사라지며 현재 %s에만 적용됩니다.{/}				
UI_20151224_001970	La durée de votre Token peut être consultée dans les paramètres du personnage.	캐릭터 설정창에서 잔여시간을 확인하실 수 있습니다.{/}				
UI_20151224_001971	{@st59}Fermer{/}	{@st59}TP SHOP을 닫습니다{/}				
UI_20151224_001972	{@st43}{s18}Aperçu et Achat	{@st43}{s18}미리보기 및 구매				
UI_20151224_001973	Aperçu	미리보기				
UI_20151224_001974	TP des Objets Équipés	착용 품목 TP				
UI_20151224_001975	{@st49}Acheter l'Objet Équipé{/}	{@st49}이대로 구매하기{/}				
UI_20151224_001976	Panier	장바구니				
UI_20151224_001977	TP Disponibles	보유중인 TP				
UI_20151224_001978	TP du Panier	장바구니 TP				
UI_20151224_001979	TP Restants	잔여 TP				
UI_20151224_001980	{@st49}Confirmer l'Achat{/}	{@st49}구매 확정{/}				
UI_20151224_001981	{@st66b}Agrandir le Coffre	{@st66b}창고 확장				
UI_20151224_001982	{@st59}Agrandir le Coffre{/}	{@st59}창고를 확장합니다{/}				
UI_20151224_001983	{@st42b}Zone{/}	{@st42b}지역{/}				
UI_20151224_001984	{@st59}Ouvrir la Carte{/}	{@st59}지도를 엽니다{/}				
UI_20151224_001985	Nombre	{ol}개수				
UI_20151224_001986	{@st43}Changer le Nom d'Équipe{/}	{@st43}팀명 변경{/}				
UI_20151224_001987	{@st59}Changer le Nom d'Équipe{/}	{@st59}팀명을 변경합니다{/}				
UI_20151224_001988	{@st59}Annuler{/}	{@st59}팀명 변경을 취소합니다{/}				
UI_20151224_001989	{@st66b18}Changer le Nom d'Équipe{/}	{@st66b18}팀명 변경{/}				
UI_20151224_001990	{@st66b18}Changer de Caserne{/}	{@st66b18}숙소 변경{/}				
UI_20151224_001991	{@st66}Changer de nom d'équipe coûte 150 TP{/}	{@st66}※팀명 변경시 150TP가 소모됩니다.{/}				
UI_20151224_001992	{@st59}Entrez un nom{/}	{@st59}원하시는 이름을 입력하세요{/}				
UI_20151224_001993	{@st41b}TP Gratuits{/}	{@st41b}무료 TP{/}				
UI_20151224_001994	{@st59}Fermer{/}	{@st59}숙소 꾸미기를 닫습니다{/}	UI_20150317_000954	{@St59}Fermer{/}	{@st59}배럭 꾸미기를 닫습니다{/}	
UI_20151224_001995	{@st43}Décoration de la Caserne{/}	{@st43}숙소 꾸미기{/}	UI_20150317_000955	{@St43}Décoration de la Caserne{/}	{@st43}배럭 꾸미기{/}	
UI_20151224_001996	{@st41b}Visite de Caserne{/}	{@st41b}숙소방문{/}				
UI_20151224_001997	{@st59}Visitez les casernes d'autres joueurs.{/}	{@st59}다른 사람의 숙소를 방문합니다.{/}				
UI_20151224_001998	{@st41b}Boîte de Messages{/}	{@st41b}메시지{/}				
UI_20151224_001999	{@st59}Ouvrir la Boîte de Messages{/}	{@st59}메시지함을 엽니다{/}	UI_20150714_001665	{@st59}Ouvre la Boîte de Messages{/}	{@st59}메세지함을 엽니다{/}	
UI_20151224_002000	{@st42}Personnage{/}	{@st42}캐릭터{/}				
UI_20151224_002001	{@st42}TP Gratuits{/}	{@st42}무료TP{/}				
UI_20151224_002002	{@st42}TP d'Événement{/}	{@st42}이벤트TP{/}				
UI_20151224_002003	{@st41b}Crédits{/}	{@st41b}크레디트{/}				
UI_20151224_002004	{@st59}Crédits{/}	{@st59}크레디트{/}				
UI_20151224_002005	{@st42}Producteur et réalisateur{/}{nl}{@st41b}{s22}Seyong Kim{nl} {nl}{@st42}Directeur artistique{nl}{@st41b}{s22}Jeongwon An (MAGGI){nl} {nl}{@st42}Designer artistique{nl}{@st41b}{s22}Mina Kim{nl}Heajin Sung{nl}Minkyong Kang{nl}Junhyuck Park{nl}Jinyoung Bae{nl}Hyosun Shin{nl}Sehee Park{nl} {nl}{@st42}Programmeur senior{nl}{@st41b}{s22}Sanghyup Shin{nl} {nl}{@st42}Programmeur de recherche{nl}{@st41b}{s22}Jaehoon Jung{nl} {nl}{@st42}Programmeur{nl}{@st41b}{s22}Young Choi{nl}Seongbae Han{nl}Bora Kim{nl}YongGyun Lee{nl}Minkyu Kim{/}	{@st42}프로듀서 겸 디렉터{/}{nl}{@st41b}{s22}김세용{nl} {nl}{@st42}아트 디렉터{nl}{@st41b}{s22}안정원{nl} {nl}{@st42}아트 디자이너{nl}{@st41b}{s22}김민아{nl}성혜진{nl}강민경{nl}박준혁{nl}배진영{nl}신효선{nl}박세희{nl} {nl}{@st42}책임 프로그래머{nl}{@st41b}{s22}신상협{nl} {nl}{@st42}선임 프로그래머{nl}{@st41b}{s22}정재훈{nl} {nl}{@st42}프로그래머{nl}{@st41b}{s22}최영{nl}한성배{nl}김보라{nl}이용균{nl}김민규{/}				
UI_20151224_002006	{@st42}Designer du système de combat{nl}{@st41b}{s22}Girak Choi{nl}{nl}P.J. Kim{nl} {nl}{@st42}Concepteur de niveaux{nl}{@st41b}{s22}Hongseok Ra{nl} {nl}{@st42}Directeur du scénario{nl}{@st41b}{s22}Seungjo Lee{nl} {nl}{@st42}Animateur principal{nl}{@st41b}{s22}Sujin Lee{nl} {nl}{@st42}Animateur{nl}{@st41b}{s22}Seunghyeon Myeong{nl}Minwoo Park{nl}Sookyung Kim{nl}Dongjin Kim{nl}Mijin Kim{nl} {nl}{@st42}Effets / SFX{nl}{@st41b}{s22}Hyejin Jung{nl} {nl}{@st42}Designer de personnages{nl}{@st41b}{s22}Jiae Park{nl}Junwon Hwang{nl}Subum Lee{nl}Dami Kim{/}	{@st42}전투기획{nl}{@st41b}{s22}최기락{nl}김평직{nl}김현일{nl} {nl}{@st42}레벨 디자이너{nl}{@st41b}{s22}라홍석{nl} {nl}{@st42}연출 감독{nl}{@st41b}{s22}이승조{nl} {nl}{@st42}리드 애니메이터{nl}{@st41b}{s22}이수진{nl} {nl}{@st42}애니메이터{nl}{@st41b}{s22}명승현{nl}박민우{nl}김수경{nl}신동진{nl}김미진{nl} {nl}{@st42}이펙트 / SFX{nl}{@st41b}{s22}정혜진{nl} {nl}{@st42}캐릭터 디자이너{nl}{@st41b}{s22}박지애{nl}황준원{nl}이수범{nl}김담이{/}				
UI_20151224_002007	{@st42}Designer d'arrière-plans{nl}{@st41b}{s22}Roch{nl}Rendering Studio Corp.{nl}Lisa Lee{nl}Dongho Kang{nl}JIN{nl}Yeonew{nl}Moje{nl}Hyunjung Lee{nl} {nl}{@st42}Responsable design de contenu{nl}{@st41b}{s22}Choungsu Lee{nl} {nl}{@st42}Designer de contenu{nl}{@st41b}{s22}Ujeong Son{nl}Wonjong Lee{nl}Orange Smith{nl}Jihyun Moon{nl}Jeongsu Kim{nl}Donghun Choe{nl}Seungyoung Jin{nl}Ginyi Lee{nl}Jongwook Moon{nl} {nl}{@st42}Scénariste{nl}{@st41b}{s22}Seion Kim{nl} {nl}{@st42}Superviseur de la conception du monde{nl}{@st41b}{s22}Martynas Siauciunas Kacinskas{nl}Kristina Kudriasova{/}	{@st42}배경 그래픽 디자이너{nl}{@st41b}{s22}장세명{nl}(주)렌더링{nl}이윤선{nl}강동호{nl}이남진{nl}연유경{nl}장용덕{nl}이현정{nl} {nl}{@st42}컨텐츠 기획 매니저{nl}{@st41b}{s22}이청수{nl} {nl}{@st42}컨텐츠 기획자{nl}{@st41b}{s22}손우정{nl}이원종{nl}정현진{nl}문지현{nl}김정수{nl}최동훈{nl}진승영{nl}이긴이{nl}문종욱{nl} {nl}{@st42}시나리오 라이터{nl}{@st41b}{s22}김세연{nl} {nl}{@st42}설정 감수{nl}{@st41b}{s22}마르티나스{nl}크리스티나{/}				
UI_20151224_002008	{@st42}Directeur son{nl}{@st41b}{s22}sevin{nl} {nl}{@st42}Directeur son général{nl}{@st41b}{s22}MIGHT{nl} {nl}{@st42}Designer sonore{nl}{@st41b}{s22}VIKCO{nl} {nl}{@st42}Responsable UX/UI{nl}{@st41b}{s22}Gilyong Lee{nl} {nl}{@st42}Designer UI{nl}{@st41b}{s22}Jooyeon Seo{nl} {nl}{@st42}DBA{nl}{@st41b}{s22}Manju Han{nl} {nl}{@st42}Responsable assurance qualité{nl}{@st41b}{s22}Yonghyun Kim{nl} {nl}{@st42}Assurance qualité{nl}{@st41b}{s22}Yonghyun Ahn{nl}Eunyoung Park{nl}Mancheol No{nl}Eunyeong Lee{nl}Yebin Lheem{nl}Jaesoon Jang{nl}Jisu Park{/}	{@st42}음향감독{nl}{@st41b}{s22}곽동일{nl} {nl}{@st42}선임 사운드 디자이너{nl}{@st41b}{s22}정희록{nl} {nl}{@st42}사운드 디자이너{nl}{@st41b}{s22}박선태{nl} {nl}{@st42}UX/UI 매니저{nl}{@st41b}{s22}이길용{nl} {nl}{@st42}UI 디자이너{nl}{@st41b}{s22}서주연{nl} {nl}{@st42}데이터 베이스{nl}{@st41b}{s22}한만주{nl} {nl}{@st42}QA 매니저{nl}{@st41b}{s22}김용현{nl} {nl}{@st42}QA{nl}{@st41b}{s22}안용현{nl}박은영{nl}노만철{nl}이은영{nl}임예빈{nl}장재순{nl}박지수{/}				
UI_20151224_002009	{@st42}Directeur de la publication mondiale{nl}{@st41b}{s22}Moojin Shin{nl} {nl}{@st42}Localisation{nl}{@st41b}{s22}Jay{nl}Shawn{nl}Jenny{nl}John{nl} {nl}{@st42}Support technique{nl}{@st41b}{s22}Kangwoo Kim{nl}Wanjae Lee{nl}Sunyong Lee{nl}Sungkie Park{/}	{@st42}운영본부장{nl}{@st41b}{s22}신무진{nl} {nl}{@st42}해외 현지화{nl}{@st41b}{s22}신정호{nl}변성흠{nl}성명선{nl}김준영{nl} {nl}{@st42}기술 지원{nl}{@st41b}{s22}김강우{nl}이완재{nl}이선용{nl}박성기{/}				
UI_20151224_002010	Choisir la Ville de Départ	시작 도시 선택				
UI_20151224_002011	{@st44}Klaipeda	{@st44}클라페다				
UI_20151224_002012	{@st59s}Une ville minière qui a prospéré grâce à la mine de cristal.{nl}Cette ville a subi des dégâts mineurs pendant Medzio Diena.{/}	{@st59s}수정광산을 중심으로 발전한 광업도시,{nl}신수의 날에 가장 경미한 피해를 입었다.{/}				
UI_20151224_002013	{@st44}Orsha	{@st44}오르샤				
UI_20151224_002014	{@st59s}Nous avons tenté de nous protéger en nous appuyant sur le château géant pendant Medzio Diena.{nl}Mais cette effroyable catastrophe a englouti jusqu'au château.{/}	{@st59s}신수의 날에 거대한 성곽에 의지해 재앙을 막아보려 했지만,{nl}재앙은 그 성곽마저도 삼켜버렸다.{/}				
UI_20151224_002015	{@st59}Retourner à ma caserne.{/}	{@st59}나의 숙소로 돌아갑니다.{/}	UI_20150317_001112	{@St59}Retourner à ma caserne.{/}	{@st59}나의 배럭으로 돌아갑니다.{/}	
UI_20151224_002016	{@st43}{s24}Nom de la Caserne{/}	{@st43}{s24}숙소 이름{/}	UI_20150317_001113	{@St43}{s24}NomCaserne{/}	{@st43}{s24}배럭 이름{/}	
UI_20151224_002017	{@st59}Nom de la Caserne{/}	{@st59}숙소 이름{/}	UI_20150317_001114	{@St59}Nom de la Caserne{/}	{@st59}배럭 이름{/}	
UI_20151224_002018	{@st59}Paramètres de la Caserne{/}	{@st59}숙소 설정{/}	UI_20150317_001118	{@St59}Paramètres de la Caserne{/}	{@st59}배럭 설정{/}	
UI_20151224_002019	{@st42}Remise à zéro	{@st42}초기화 횟수				
UI_20151224_002020	{@st41}Message	{@st41}메시지				
UI_20151224_002021	{@st59}Afficher le Dialogue de Quête{/}	{@st59}퀘스트 대사 보기{/}				
UI_20151224_002022	{@st59}Abandonner la Quête{/}	{@st59}퀘스트 포기{/}				
UI_20151224_002023	{@st49}Aperçu{/}	{@st49}미리보기{/}				
UI_20151224_002024	{@st49}Ajouter{/}	{@st49}담기{/}				
UI_20151224_002025	%s a mangé un(e) %s.	%s님이 %s(을)를 드셨습니다	UI_20150714_001683	{@st42} %s obtenu par %s	{@st42}%s님이 %s(을)를 드셨습니다	
UI_20151224_002026	Quantité Restante	남은개수				
UI_20151224_002027	Quantité restante : %s{/}	남은개수 : %s{/}	UI_20150317_001268	Quantité restante : %s {/}	남은갯수 : %s{/}	
UI_20151224_002028	{@st41}Acheter{/}	{@st41}구매{/}				
UI_20151224_002029	{@st45tw2}Points{/}	{@st45tw2}점수{/}				
UI_20151224_002030	Nom Croissant	이름 올림차순{/}				
UI_20151224_002031	Nom Décroissant	이름 내림차순{/}				
UI_20151224_002032	Par date	최근 날짜순{/}				
UI_20151224_002033	{@st42}Avantages Token{/}	{@st42}토큰 혜택{/}				
UI_20151224_002034	{@st66b}Changer le Titre de l'Enseigne	{@st66b}간판이름변경				
UI_20151224_002035	{@st41b}Manger	{@st41b}먹기				
UI_20151224_002036	{@st41b}Nombre	{@st41b}개수	UI_20150406_001479	{@st41b}Quantité	{@st41b}갯수	
UI_20151224_002037	Jardin cash %s{/}	캐쉬정원%s명{/}				
UI_20151224_002038	Afficher en Ligne	접속인원만 보기				
UI_20151224_002039	Entrée du Repaire	아지트 입장				
UI_20151224_002040	Autoriser uniquement les membres de la guilde	길드원만 입장				
UI_20151224_002041	Historique des Guerres	전쟁 전적				
UI_20151224_002042	Liste des Guerres de Guilde	전쟁 길드 목록				
UI_20151224_002043	Temps Restant	남은 전쟁 시간				
UI_20151224_002044	Tour Disponible	타워 보유 목록				
UI_20151224_002045	Améliorer la Guilde	길드 성장				
UI_20151224_002046	Rang de Contribution	기여도 랭크				
UI_20151224_002047	Skills et Informations de Guilde	길드 스킬 및 정보				
UI_20151224_002048	{@st42}Avantages %s{/}	{@st42}%s 혜택적용{/}				
UI_20151224_002049	Avantages	혜택				
UI_20160224_002050	Coffre d'Équipe	팀 창고				
UI_20160224_002051	{@st59}Fermer{/}	{@st59}팀 창고를 닫습니다{/}				
UI_20160224_002052	Vous pouvez stocker des objets échangeables, au coût de 1{nl}Potentiel.{nl}Retirer des objets du coffre d'équipe déduira 1 de vos{nl}échanges restants, quel que soit le nombre d'objets retirés.	거래가 가능한 아이템만 보관할 수 있으며, 포텐셜 1이 감소합니다.{nl}팀 창고에서 아이템을 꺼낼 때는 아이템 갯수에 관계없이 거래 가능횟수가 1 차감됩니다.				
UI_20160224_002053	Récupérer l'Objet	아이템 수령				
UI_20160224_002054	Général : /s (discussion){nl}Cri : /y (discussion){nl}Groupe : /p (discussion){nl}Chuchotement : /w Nom d'équipe (discussion){nl}Réponse : /r (discussion){nl} {nl}Possibilité de changer avec la touche Tab	일반 : /s 할말{nl}외침 : /y 할말{nl}파티 : /p 할말{nl}귓속말 : /w 팀이름 할말{nl}답신 : /r 할말{nl} {nl}Tab키로 전환 가능	UI_20150803_001767	Général : /s discussion{nl}Cri : /y discussion {nl}Groupe : /p discussion{nl} Chuchotement : /w NomÉquipe discussion	일반 : /s 할말{nl}외침 : /y 할말{nl}파티 : /p 할말{nl}귓속말 : /w 팀이름 할말	
UI_20160224_002055	{@59}Fermer{/}	{@59}닫기{/}				
UI_20160224_002056	Défi	도전				
UI_20160224_002057	Veuillez choisir pour continuer	진행 여부를 선택하세요				
UI_20160224_002058	{@st63_yellow}Abandonné :{/}	{@st63_yellow}포기 :{/}				
UI_20160224_002059	Recevoir une récompense et partir.	보상을 획득하고 퇴장합니다.				
UI_20160224_002060	{@st63_yellow}Défi :{/}	{@st63_yellow}도전 :{/}				
UI_20160224_002061	Passage à l'étage suivant	다음층으로 이동				
UI_20160224_002062	{@st43}Collecteur de Reliques{/}	{@st43}유물 수집상{/}				
UI_20160224_002063	{@st59}Fermer{/}	{@st59}유물 수집상을 닫습니다{/}				
UI_20160224_002064	{@st59b}Échanger des objets{nl}{@st59s} - Permet d'échanger des objets obtenus dans la Tour de terre{nl} - L'échange commence après avoir inséré les ingrédients dans l'emplacement.{nl}{/}	{@st59b}아이템 교환{nl}{@st59s} - 대지의 탑에서 아이템을 입수하여 교환 가능{nl} - 아이템 재료를 슬롯에 넣은 후 교환 실행{nl}{/}				
UI_20160224_002065	F	층				
UI_20160224_002066	{@st59}Fermer{/}	{@st59}큐브 획득 창을 닫습니다.{/}				
UI_20160224_002067	{@st59}Placer un accessoire{/}	{@st59}악세서리를 올려주세요{/}				
UI_20160224_002068	{@st66b}Ouvrir une fois de plus coûte de l'argent.{/}	{@st66b}실버를 사용해서 1회 더 열 수 있습니다. {/}				
UI_20160224_002069	{@st66b}(Jusqu'à deux fois pour les utilisateurs avec avantages Token){/}	{@st66b}토큰 혜택 적용시 2회까지 가능합니다.{/}				
UI_20160224_002070	{@st41b}Vous avez dépassé le nombre de fois autorisé.{/}	{@st41b}횟수를 모두 소진하였습니다.{/}				
UI_20160224_002071	{@st66b}Infos de Base	{@st66b}기본정보	UI_20151224_001863	{@st41b}Informations de Base	{@st41b}기본정보	
UI_20160224_002072	{@st66b}Propriété	{@st66b}속성	UI_20151224_001864	{@st41b}Propriété	{@st41b}속성	
UI_20160224_002073	Le maître de guilde recherche des participants pour l'événement de guilde.	길드 마스터가 길드 이벤트 참가자를 모집하고 있습니다.				
UI_20160224_002074	{@st63_yellow}Membres :{/}	{@st63_yellow}인원 :{/}				
UI_20160224_002075	{@st63}%s participants (Connexion %s){/}	{@st63}%s명 참여 (로그인 %s명중){/}				
UI_20160224_002076	{@st63_yellow}Emplacement :{/}	{@st63_yellow}위치 :{/}				
UI_20160224_002077	Forêt de Cobalt	코발트숲				
UI_20160224_002078	{@st63_yellow}Objectif :{/}	{@st63_yellow}목표 :{/}				
UI_20160224_002079	{@st43}Guilde Niv. %s{/}	{@st43}길드 Lv. %s{/}				
UI_20160224_002080	{@st66b}Amélioration et Rang	{@st66b}성장 및 랭크	UI_20151224_001866	{@st41b}Amélioration et Rang	{@st41b}성장 및 랭크	
UI_20160224_002081	{@st66b}Attributs de Guilde	{@st66b}길드 특성	UI_20151224_001867	{@st41b}Attributs de Guilde	{@st41b}길드 특성	
UI_20160224_002082	Coffre de Guilde	길드 보관함				
UI_20160224_002083	{@st59}Fermer{/}	{@st59}길드 보관함을 닫습니다{/}				
UI_20160224_002084	* Le maître de guilde peut envoyer des objets aux membres de la guilde.{nl}* Les objets peuvent être récupérés via la boîte de messages.	* 이 아이템은 길드 마스터가 길드원에게 양도할 수 있고, 그 아이템은{nl}수령한 길드원에게 귀속됩니다.{nl}* 아이템은 메시지함에서 수령할 수 있습니다.				
UI_20160224_002085	{@st41b}Enchanter	{@st41b}마법 부여				
UI_20160224_002086	{@st41b}Parchemin d'Enchantement{/}	{@st41b}마법 부여 스크롤{/}				
UI_20160224_002087	{@st59}Fermer{/}	{@st59}마법 부여 스크롤 창을 닫습니다.{/}				
UI_20160224_002088	{@st66b}Consomme 1 Parchemin d'Enchantement{/}	{@st66b}마법부여 스크롤 1개가 소비됩니다.{/}				
UI_20160224_002089	{@st42b}Parchemins actuels  : %s{/}	{@st42b}현재 스크롤 보유 개수 : %s개{/}				
UI_20160224_002090	{@st66b}Missions{/}	{@st66b}의뢰소{/}	UI_20151224_001880	{@st66b}Demander une Mission au Bureau{/}	{@st66b}의뢰소 미션{/}	
UI_20160224_002091	{@st66b}Couvent de Saalus{/}	{@st66b}살러스 수녀원{/}				
UI_20160224_002092	{@st66b}Tour de Terre{/}	{@st66b}대지의 탑{/}				
UI_20160224_002093	{@st59b}Donjons instanciés{nl}{@st59s}Contenu où votre groupe doit accomplir certains objectifs dans des zones instanciées indépendantes.{nl}Vous pouvez soit créer un groupe avant d'entrer, soit rechercher automatiquement un groupe pour affronter un donjon.{nl} - Donjons : entrez en parlant au PNJ d'entrée du donjon dans chaque zone de niveau correspondante.{nl} - Missions : entrez en parlant aux réceptionnistes du bureau des mercenaires à Fedimian.{nl} - Mission Couvent de Saalus : entrez en parlant à Sœur Lhasa à Couvent de Saalus.{nl}{/}	{@st59b}인스턴스 던전{nl}{@st59s}독립된 인스턴스 존에서 목표 달성을 위해 파티 단위로 진행하는 콘텐츠입니다.{nl}입장 전에 파티를 구성해 도전하거나 자동으로 파티를 찾아 도전할 수 있습니다.{nl} - 던전 : 각 레벨 대의 존에서 던전 입장  NPC를 통해 입장{nl} - 의뢰소 미션 : 페디미안 용병 의뢰소 접수원을 통해 입장{nl} - 살러스 수녀원 미션 : 살러스 수녀원에서 수녀 라사를 통해 입장{nl}{/}				
UI_20160224_002094	{@st59}Fermer{/}	{@st59}인스턴스 던전을 닫습니다{/}				
UI_20160224_002095	{@st59}Afficher/Ne pas afficher{/}	{@st59}보이기/안보이기{/}				
UI_20160224_002096	{@st45tw2}Temps d'Attente{/}	{@st45tw2}대기 시간{/}				
UI_20160224_002097	Enchère	입찰	ETC_20150317_002986	Rejoindre	참가	
UI_20160224_002098	Temps d'Enchère Restant	남은 입찰 시간				
UI_20160224_002099	Dé d'Objet	아이템 주사위				
UI_20160224_002100	{@st42}Avantages %s{/}	{@st42}%s 혜택{/}				
UI_20160224_002101	Cet objet disparaîtra de votre inventaire{nl}et tous les %s seront réinitialisés.{/}	사용한 아이템은 인벤토리에서 사라지며{nl}전체 %s가 초기화 됩니다.{/}	UI_20151224_001959	Cet objet disparaîtra de votre inventaire{nl}Réinitialise tous vos points de Skill.	사용한 아이템은 인벤토리에서 사라지며{nl}전체 스킬 포인트가 초기화 됩니다.{/}	
UI_20160224_002102	Le temps restant peut être consulté dans les paramètres du personnage.{/}	캐릭터 정보창에서 잔여시간을 확인하실 수 있습니다.{/}				
UI_20160224_002103	Récupération des données.	데이터를 받는 중 입니다.				
UI_20160224_002104	{@st66b}Classement{/}	{@st66b}랭킹{/}				
UI_20160224_002105	{@st66b}Observer	{@st66b}관전하기				
UI_20160224_002106	{@st41b}Quitter le Mode Spectateur	{@st41b}관전 종료				
UI_20160224_002107	Équipe Bleue	블루팀				
UI_20160224_002108	Équipe Rouge	레드팀				
UI_20160224_002109	{@59}Afficher dans une nouvelle fenêtre{/}	{@59}새 창으로 보기{/}				
UI_20160224_002110	Journal d'Aventure Mis à Jour	모험일지에 등록되었습니다.				
UI_20160224_002111	{@st41}Échanger	{@st41}교환				
UI_20160224_002112	Venez au joyeux royaume	행복한 나라로 오세요				
UI_20160224_002113	Programme de la Ligue de Combat d'Équipe	팀 배틀 리그 일정				
UI_20160224_002114	Historique Récent	최근 전적				
UI_20160224_002115	{@st45tw2}Catégorie{/}	{@st45tw2}유형{/}				
UI_20160224_002116	{@st41c}%s{/}	{@st41c}%s명{/}				
UI_20160224_002117	{@st41c}%sm{/}	{@st41c}%s분{/}				
UI_20160224_002118	Temple Shooter rassemble les Vubbes pour les ramener à la Mine de cristal, désormais libérée du règne de Mirtis.{nl}Vainquez Temple Shooter et aidez à rendre Mine de cristal sûre à nouveau.	미르티스 지배가 사라진 수정광산에 템플슈터가 부베들을 다시 불러들이고 있습니다.{nl}템플슈터를 처치하고 수정광산이 다시 안전해지도록 도와주세요.				
UI_20160224_002119	{@st41c}Chapitre %s{/}	{@st41c}%s장{/}				
UI_20160224_002120	Nom et Classe	이름 및 클래스				
UI_20160224_002121	{@st41b}Actualiser	{@st41b}새로 고침				
UI_20160224_002122	Voir l'Historique Récent	최근 열린 관람 목록				
UI_20160224_002123	Observer	관전하기				
UI_20160224_002124	{#000000}%s V{/}	{#000000}%s 승{/}				
UI_20160224_002125	{@st66b}Boutique de Points	{@st66b}포인트샵				
UI_20160224_002126	Points Quotidiens	일일 획득 포인트				
UI_20160224_002127	Points Achetés	현재 구매 포인트				
UI_20160224_002128	Historique	전적				
UI_20160224_002129	Coffre	보관함				
UI_20160224_002130	Rang %s	%s 위				
UI_20160224_002131	Défaites : %s	처치횟수 : %s				
UI_20160224_002132	Dégâts : %s	대미지 : %s				
UI_20160224_002133	Nombre maximum de buffs augmenté	최대 버프 적용 개수 증가				
UI_20160310_002134	{@st65}Dégâts : %s{/}	{@st65}피해량 %s{/}				
UI_20160310_002135	{@st65}{s12}Haut Fait{/}	{@st65}{s12}달성{/}				
UI_20160310_002136	{#16120e}Haut Fait{/}	{#16120e}달성{/}				
UI_20160310_002137	Nombre : %s	횟수 : %s	UI_20160224_002131	Défaites : %s	처치횟수 : %s	
UI_20160310_002138	Dégâts : %s	피해량 : %s	UI_20160224_002132	Dégâts : %s	대미지 : %s	
UI_20160310_002139	{@sti9}Classement des Éliminations	{@sti9}처치 랭킹	UI_20150918_001809	{@sti9}Rang d'Éliminations	{@sti9}킬 랭킹	
UI_20160310_002140	{@sti9}Classement des Dégâts	{@sti9}피해 랭킹	UI_20150918_001810	{@sti9}Rang de Dégâts	{@sti9}데미지 랭킹	
UI_20160317_002141	1 entrée d'instance supplémentaire pour les missions et donjons	미션,던전 1회 추가입장				
UI_20160317_002142	2 entrées d'instance supplémentaires pour les missions et donjons	미션,던전 2회 추가입장	UI_20160317_002141	1 entrée d'instance supplémentaire pour les missions et donjons	미션,던전 1회 추가입장	
UI_20160323_002143	{@st41} Infos sur Mon Invocation	{@st41}내 소환수 정보				
UI_20160323_002144	{@st41} Classement des Batailles de Guilde{/}	{@st43}길드배틀랭킹{/}				
UI_20160323_002145	Classement des Batailles de Guilde	길드배틀랭킹				
UI_20160323_002146	{@st59}Fermer	{@st59}길드배틀랭킹을 닫습니다.				
UI_20160323_002147	{@st66b} Classement en temps réel	{@st66b}실시간 순위				
UI_20160323_002148	{@st66b} Classement Hebdomadaire	{@st66b}주간 순위{/}				
UI_20160323_002149	{@st66b} Classement Général{/}	{@st66b}역대 순위{/}				
UI_20160323_002150	Classement de Ma Guilde	내 길드 순위				
UI_20160323_002151	{@sti1}Emplacement de %s{/}	{@sti1}%s 위{/}				
UI_20160323_002152	Classement de la semaine dernière	지난 주간 순위				
UI_20160323_002153	1er	1위				
UI_20160323_002154	Liste des Récompenses de Guilde	길드 보상 목록				
UI_20160323_002155	{@st41}Créature invoquée : {#ffcc33}%s{/}	{@st41}소환체 : {#ffcc33}%s{/}				
UI_20160323_002156	{@st41}Fragments requis : %s	{@st41}필요 파편 : %s개				
UI_20160323_002157	ATQ : {@st41b}%s	공격력 : {@st41b}%s				
UI_20160323_002158	DÉF : {@st41b}%s	방어력 : {@st41b}%s				
UI_20160323_002159	FOR : {@st41b}%s	힘 : {@st41b}%s				
UI_20160323_002160	CON : {@st41b}%s	체력 : {@st41b}%s				
UI_20160323_002161	INT : {@st41b}%s	지능 : {@st41b}%s				
UI_20160323_002162	DEX : {@st41b}%s	민첩 : {@st41b}%s				
UI_20160323_002163	ESP : {@st41b}%s	정신 : {@st41b}%s				
UI_20160323_002164	{@st42}Couleur de Coiffure{/}	{@st42}헤어컬러{/}				
UI_20160323_002165	{@st42}Titres Disponibles{/}	{@st42}장착 가능 칭호{/}	UI_20150401_001442	Titres Disponibles	장착 가능 칭호	
UI_20160323_002166	Infos d'Équipe	팀 정보				
UI_20160323_002167	{@st66b}Changer de Caserne{/}	{@st66b}숙소 변경{/}	UI_20150714_001666	{@st42}Changer de Caserne{/}	{@st42}숙소 변경{/}	
UI_20160323_002168	{@st43}{s26}Niveau d'équipe %s{/}	{@st43}{s26}팀 레벨  %s{/}				
UI_20160323_002169	{@st66b}Infos d'Équipe	{@st66b}팀 정보				
UI_20160323_002170	{#2c140c}Niveau moyen : %s{/}	{#2c140c}평균레벨 : %s{/}				
UI_20160323_002171	{@st41b}Rejoindre	{@st41b}참가				
UI_20160323_002172	{@st42} Messages d'Accueil du Personnage{/}	{@st42}캐릭터 인사말{/}				
UI_20160323_002173	[Serveur] Nom de Guilde	[서버] 길드명				
UI_20160323_002174	Historique / Score	전적 / 점수				
UI_20160323_002175	[Créé il y a %s]	[결성: %s 전]				
UI_20160411_002176	{@st66b}Utiliser la Vibration de la Caméra{/}	{@st66b}카메라 진동 사용{/}				
UI_20160425_002177	{@st42}Si les deux parties utilisent des{nl}Tokens,{nl}les propriétés d'échange de l'arme{nl}ne seront pas modifiées.{/}	{@st42}양쪽 모두 토큰 혜택을 적용받는다면{nl}무기 아이템의 거래 속성은{nl}변경되지 않습니다.{/}				
UI_20160425_002178	{@st66b}Appliquer l'Effet d'Arrière-plan	{@st66b} 환경 이펙트 적용				
UI_20160425_002179	{@st66b}Appliquer les Parties Mortes	{@st66b} 데드 파츠 적용				
UI_20160425_002180	{@st66b}Appliquer les Silhouettes de Personnages	{@st66b} 캐릭터 실루엣 적용				
UI_20160426_002181	{/}Voulez-vous supprimer votre {b}{s20}Compagnon{/}{s43}{@st43}%s{/}{/}{b}{s20} ?{/}	{/}{b}{s20}컴패니언{/}{s43}{@st43}%s{/}{/}{b}{s20}을 정말 삭제하시겠습니까?{/}				
UI_20160426_002182	{/}{b}{s20}Il ne pourra pas être récupéré après suppression.{/}	{/}{b}{s20}삭제가 완료된 이후엔 복구되지 않습니다.{/}				
UI_20160426_002183	{/}{b}{s20}Compagnon{/}{s43}{@st43}%s{/}	{/}{b}{s20}컴패니언{/}{s43}{@st43}%s{/}				
UI_20160426_002184	{/}Suppression dans {b}{s20}%s secondes.{/}	{/}{b}{s20}%s초후 삭제 됩니다.{/}				
UI_20160426_002185	{s18}{ol}{#ffffcc}Non{/}	{s18}{ol}{#ffffcc}아니오{/}				
UI_20160426_002186	{s18}{ol}{#ffffcc}Annuler{/}	{s18}{ol}{#ffffcc}취소{/}				
UI_20160509_002187	Seuls les utilisateurs de Token ont accès au coffre d'équipe. Les objets échangeables peuvent y être stockés.	토큰을 구매한 유저만 이용가능하며, 거래가 가능한 아이템을 보관할 수 있습니다.				
UI_20160520_002188	Acheter des TP	TP충전				
UI_20160520_002189	{@st42}Achat de TP	{@st42}TP충전				
UI_20160520_002190	{@st43}{s22}Objet d'Inventaire Steam	{@st43}{s22}스팀 인벤토리 아이템				
UI_20160520_002191	{@st45tw2}Achat de TP{/}	{@st45tw2}TP구매{/}				
UI_20160520_002192	TP Offerts	지급 TP				
UI_20160520_002193	{@st49}Utiliser{/}	{@st49}사용{/}				
UI_20160520_002194	{@st42}Guerre de Guilde	{@st42}길드 전쟁				
UI_20160520_002195	Déclarer Neutre	중립 선언				
UI_20160603_002196	{@st66b}Vitesse de contrôle des Skills (%s){/}	{@st66b}스킬조작 속도 (%s){/}				
UI_20160613_002197	{@st42}Si les deux parties utilisent des Tokens,{nl}les équipements échangeables ne deviendront pas{nl}non échangeables.{nl}{#FFFF00}Les consommables et matériaux deviendront{nl}non échangeables quelle que soit l'utilisation de{nl}Token.{/}	{@st42}양쪽 모두 토큰 혜택을 적용받는다면 {nl}장비 아이템의 거래 속성은 변경되지 않습니다.{nl}{#FFFF00}소비나 재료 아이템은 토큰여부와 상관없이 {nl}거래불가로 옵션이 조정됩니다.{/}	UI_20160425_002177	{@st42}Si les deux parties utilisent des{nl}Tokens,{nl}les propriétés d'échange de l'arme{nl}ne seront pas modifiées.{/}	{@st42}양쪽 모두 토큰 혜택을 적용받는다면{nl}무기 아이템의 거래 속성은{nl}변경되지 않습니다.{/}	
UI_20160617_002198	{@st59}Fermer{/}	{@st59}제작 UI를 닫습니다.{/}	UI_20150729_001739	{@st59}Fermer la Fabrication de Flèches{/}	{@st59}화살제작을 닫습니다.{/}	
UI_20160617_002199	{@st43}{s22}Niveau d'équipe %s{/}	{@st43}{s22}팀 레벨  %s{/}				
UI_20160622_002200	{@st41}Signaler{/}	{@st41}신고{/}				
UI_20160622_002201	Signaler un objet soupçonné d'être utilisé dans un échange problématique.	증여 거래로 의심되는 아이템을 신고합니다.				
UI_20160711_002202	{@st42}Objet{/}	{@st42}아이템{/}				
UI_20160711_002203	{@st42}{img silver 20 20} Montant Stocké{/}	{@st42}{img silver 20 20} 보관금액{/}				
UI_20160711_002204	{@st66b}{img in_arrow 20 20}Entrée	{@st66b}{img in_arrow 20 20}입금				
UI_20160711_002205	{@st59}Effectuer un dépôt.{/}	{@st59}입금 합니다.{/}				
UI_20160711_002206	{@st66b}{img chul_arrow 20 20}Sortie	{@st66b}{img chul_arrow 20 20}출금				
UI_20160711_002207	{@st59}Effectuer un retrait.{/}	{@st59}출금 합니다.{/}				
UI_20160711_002208	{@st42b}{img silver 20 20} Montant{/}	{@st42b}{img silver 20 20} 금액{/}				
UI_20160711_002209	File d'attente actuelle :	현재 대기 인원 : 				
UI_20160711_002210	Réception des informations.	정보를 받아오고 있습니다.				
UI_20160718_002211	Réduire la Discussion	채팅창 간략화				
UI_20160718_002212	Défilement Forcé de la Discussion	채팅스크롤 강제 하단 이동				
UI_20160718_002213	{@st43}Boutique d'Événement{/}	{@st43}이벤트 상점{/}				
UI_20160718_002214	{@st59}Fermer{/}	{@st59}이벤트 상점을 닫습니다{/}	UI_20160224_002063	{@st59}Fermer{/}	{@st59}유물 수집상을 닫습니다{/}	
UI_20160718_002215	{@st41}Statistique	{@st41}스탯	UI_20150406_001467	{@st41}Statistique	{@st41}스텟	
UI_20160718_002216	{@st59}GvG Régional	{@st59}통합 길드배틀				
UI_20160718_002217	{@st43}Classement GvG Régional	{@st43}통합 길드배틀랭킹{/}				
UI_20160718_002218	Classement GvG Régional	통합 길드배틀랭킹	UI_20160323_002145	Classement des Batailles de Guilde	길드배틀랭킹	
UI_20160718_002219	{@st59}Fermer	{@st59}통합 길드배틀랭킹을 닫습니다.	UI_20160323_002146	{@st59}Fermer	{@st59}길드배틀랭킹을 닫습니다.	
UI_20160718_002220	{@st59b}GvG régional{nl}{@st59s} - Les récompenses sont distribuées chaque semaine et le classement est réinitialisé.{nl}- Consultez la liste des récompenses pour plus de détails.{nl}{/}	{@st59b}통합 길드배틀{nl}{@st59s} - 매주 보상이 지급되며 랭킹이 초기화 됩니다.{nl}- 보상 내역은 보상 목록을 참조하세요.{nl}{/}	UI_20160224_002064	{@st59b}Échanger des objets{nl}{@st59s} - Permet d'échanger des objets obtenus dans la Tour de terre{nl} - L'échange commence après avoir inséré les ingrédients dans l'emplacement.{nl}{/}	{@st59b}아이템 교환{nl}{@st59s} - 대지의 탑에서 아이템을 입수하여 교환 가능{nl} - 아이템 재료를 슬롯에 넣은 후 교환 실행{nl}{/}	
UI_20160718_002221	{@st66b}Rang %s{/}	{@st66b}%s 위{/}				
UI_20160718_002222	{@sti8}{s18}{ds}Participants (%s){/}	{@sti8}{s18}{ds}참여한 길드원 (%s){/}				
UI_20160718_002223	{@st41}Refusé{/}	{@st41}거절한 길드원{/}				
UI_20160718_002224	{@st66d}%s participant(s) (parmi %s connectés){/}	{@st66d}%s명 참여 (로그인 %s명중){/}				
UI_20160718_002225	{@st41}Se Déplacer vers la Zone	{@st41}바로 존으로 이동				
UI_20160718_002226	{@st46}Résultats de la Bataille de Guilde{/}	{@st46}길드 대전 결과{/}				
UI_20160718_002227	{@st45tw2}Durée de la Bataille{/}	{@st45tw2}대전 시간{/}				
UI_20160718_002228	{@st43b}PV de la Tour de Guilde{/}	{@st43b}길드 타워 HP{/}				
UI_20160718_002229	{@sti9}Nombre Total d'Éliminations{/}	{@sti9}총 킬 카운트{/}				
UI_20160718_002230	{@stz1}Nombre Total de Morts{/}	{@stz1}총 데스 카운트{/}				
UI_20160718_002231	{@sti1c}Historique{/}	{@sti1c}전적{/}				
UI_20160718_002232	{@sti6}%s V {@sti7}%s D{/}	{@sti6}%s승 {@sti7}%s패{/}				
UI_20160718_002233	{@sti9}%s V {@sti6}%s D{/}	{@sti9}%s승 {@sti6}%s패{/}				
UI_20160718_002234	{@st45tw2}Rang d'Éliminations	{@st45tw2}킬 랭킹3				
UI_20160718_002235	{@st45tw2}Nom	{@st45tw2}이름				
UI_20160718_002236	{@st45tw2}Éliminations	{@st45tw2}킬				
UI_20160718_002237	{@st45tw2}Morts	{@st45tw2}데스				
UI_20160718_002238	{@st59}Objectif{/}	{@st59}렌즈{/}				
UI_20160718_002239	{@st41}Matériau Sacrificiel	{@st41}제물 재료				
UI_20160718_002240	{@st66b}Afficher les Effets des Autres Personnages{/}	{@st66b}다른 캐릭터 이펙트 보기{/}	UI_20151022_001829	{@st66b}Afficher les Effets des Autres Personnages	{@st66b}다른 캐릭터 이펙트 보기	
UI_20160718_002241	{@st66b}Appliquer les Effets d'Arrière-plan{/}	{@st66b}배경 이펙트 적용{/}	UI_20160425_002178	{@st66b}Appliquer l'Effet d'Arrière-plan	{@st66b} 환경 이펙트 적용	
UI_20160718_002242	{@st59}Affiche les effets et graphismes d'arrière-plan.{/}	{@st59}배경 그래픽의 환경 이펙트를 표시합니다.{/}				
UI_20160718_002243	{@st66b}Appliquer les parties mortes des monstres petits et moyens	{@st66b}소형 및 중형 몬스터 데드파츠 적용{/}	UI_20160425_002179	{@st66b}Appliquer les Parties Mortes	{@st66b} 데드 파츠 적용	
UI_20160718_002244	{@st59}Affiche les parties mortes des monstres vaincus.{/}	{@st59}몬스터 처치시 파편을 표시합니다.{/}				
UI_20160718_002245	{@st66b}Afficher les Silhouettes de Personnages{/}	{@st66b}캐릭터 실루엣 적용{/}	UI_20160425_002180	{@st66b}Appliquer les Silhouettes de Personnages	{@st66b} 캐릭터 실루엣 적용	
UI_20160718_002246	{@st59}Les personnages cachés derrière l'arrière-plan sont affichés en silhouette.{/}	{@st59}캐릭터가 배경 뒤에 있을 때 실루엣으로 표시합니다.{/}				
UI_20160718_002247	Utiliser %s ?{/}	%s 을 사용하시겠습니까?{/}	UI_20151224_001958	Voulez-vous utiliser ce %s ?{/}	%s 아이템을 사용하시겠습니까?{/}	
UI_20160718_002248	Impossible d'utiliser :	사용제한 : %s				
UI_20160718_002249	Jour Heure Minute Seconde	일시분초				
UI_20160718_002250	{@st42b}Siauliai{/}	{@st42b}샤울레이{/}				
UI_20160718_002251	{#000000}Score{/}	{#000000}점수{/}				
UI_20160718_002252	{#000000}%s points{/}	{#000000}%s 점{/}				
UI_20160718_002253	Classement GvG Régional	통합 길드 배틀 순위				
UI_20160811_002254	{@st66b18}※ L'objet est consommé lorsque vous changez de nom.{/}	{@st66b18}※이름을 변경하면 아이템이 소모됩니다.{/}				
UI_20160811_002255	{@st42}Afficher les Notifications de Connexion	{@st42}접속 알림 표시				
UI_20160811_002256	{@white_16_ol}Membre de la Guilde{/}	{@white_16_ol}길드원{/}				
UI_20160811_002257	{@white_16_ol}Ami{/}	{@white_16_ol}친구{/}				
UI_20160811_002258	{@st66d}{s18}{#FFFF18}[%s]{/}{nl}{@st66d}{s18}{#FFFFFF}Le retrait fera perdre une étoile.{/}	{@st66d}{s18}{#FFFF18}[ %s ]{/} {@st66d}{s18}{#FFFFFF} 제거 시{nl}카드 레벨이 한단계 하락합니다.{/}				
UI_20160811_002259	{@st66b}Effet Amovible{/}	{@st66b}제거 되는 효과{/}				
UI_20160811_002260	Aucun.	없음.				
UI_20160811_002261	{@st41b}Déséquiper{/}	{@st41b}해제하기{/}				
UI_20160811_002262	{img icon_item_tospoint 24 24}{@st41b}Consomme 5 TP{nl}Déséquiper la carte sans perdre d'étoile{/}	{img icon_item_tospoint 24 24}{@st41b}5TP 소모{nl}별 감소없이 카드 해제하기{/}				
UI_20160811_002263	{@st41b}Confirmer	{@st41b}최종확인				
UI_20160811_002264	{@st42}Mes Objets d'Échange{/}	{@st42}내 거래 목록{/}				
UI_20160811_002265	{@st42}Objets d'Échange de l'Autre Joueur{/}	{@st42}상대방 거래 목록{/}				
UI_20160811_002266	{@st66b}Si les deux parties utilisent des Tokens,{nl}les propriétés d'échange de l'équipement restent{nl}inchangées.{nl}Les consommables et matériaux deviendront non{nl}échangeables{nl}quelle que soit l'utilisation de Token.{/}	{@st66b}거래 시 유저가 모두 토큰을 사용 중 이라면{nl}장비 아이템의 속성 변경이 없습니다.{nl}소비나 재료 아이템은 토큰여부와 상관없이 거래불가입니다.{/}				
UI_20160811_002267	Correspondance de Token	토큰일치				
UI_20160811_002268	{@st42}Cet objet deviendra non échangeable après l'échange{/}	{@st42}거래 후 장비 아이템 거래 불가{/}				
UI_20160811_002269	{@st42}Cet objet restera échangeable après l'échange{/}	{@st42}거래 후 장비 아이템 거래 가능{/}				
UI_20160811_002270	{@st41b}Échanger	{@st41b}거래				
UI_20160811_002271	{@st41b}Non	{@st41b}아니오				
UI_20160811_002272	{@st66d}Les propriétés de l'objet ne seront pas{nl}modifiées{nl}car les deux parties utilisent des{nl}Tokens.{/}	{@st66d}거래 대상 양측이 모두 토큰 사용으로{nl}아이템 속성이 변경되지 않습니다.{/}				
UI_20160811_002273	{@st66d}Les propriétés de l'objet seront{nl}modifiées{nl}car les deux parties n'utilisent{nl}pas de Token.{/}	{@st66d}거래 대상 양측이 모두 토큰 사용하지 않아{nl}아이템 속성이 변경 됩니다.{/}				
UI_20160811_002274	{@st42}Liste des objets qui deviendront non échangeables après l'échange{/}	{@st42}거래 속성이 변경되는 아이템 목록{/}				
UI_20160811_002275	{@st66b}{s20}Votre personnage est actuellement en {/}{s20}{#770000}combat{@st66b}{s20}.{/}	{@st66b}{s20}캐릭터가 현재 {/}{s20}{#770000}전투 중{@st66b}{s20}입니다.{/}				
UI_20160811_002276	{@st66b}Annuler{/}	{@st66b}취소{/}				
UI_20160811_002277	{@st66b}Classement en temps réel	{@st66b}주간 실시간 랭킹	UI_20160323_002147	{@st66b} Classement en temps réel	{@st66b}실시간 순위	
UI_20160811_002278	{@st66b}Classement de la Saison Précédente{/}	{@st66b}전 시즌 랭킹{/}	UI_20160323_002148	{@st66b} Classement Hebdomadaire	{@st66b}주간 순위{/}	
UI_20160811_002279	Classement de la Semaine Précédente	지난 주간 랭킹				
UI_20160811_002280	20 x Bons de 300 TP	300TP 교환권 20장				
UI_20160811_002281	Recevoir les Récompenses	보상 받기				
UI_20160811_002282	{@sti1c}Classement Hebdomadaire{/}	{@sti1c}주간 전적{/}				
UI_20160811_002283	{@st66b}Défense en Montée{/}	{@st66b}업힐 디펜스{/}				
UI_20160811_002284	Niveau croissant{/}	레벨 오름차순{/}				
UI_20160811_002285	Niveau décroissant{/}	레벨 내림차순{/}				
UI_20160811_002286	{img %s 12 12}{/} {@st66b}{s18}Carte de Monstre{/}	{img %s 12 12}{/} {@st66b}{s18}몬스터 카드{/}				
UI_20160811_002287	Transcender l'Objet	아이템 초월				
UI_20160811_002288	Transcendance	초월				
UI_20160811_002289	{@st59b}Transcender l'objet{nl}{@st59s}- Une autre façon d'améliorer les performances de l'objet, en plus de l'enclume{nl}- Objets pouvant transcender : armes, armures et accessoires{nl}- Taux de réussite de la transcendance = Ingrédients utilisés / Ingrédients{nl}maximum requis{nl}- Augmente le palier de transcendance de 1 en cas de succès (maximum 10 paliers){nl}- Diminue le palier de transcendance de 1 en cas d'échec (aucune perte de{nl}Potentiel){nl}- Les objets transcendés ne peuvent pas être échangés{/}	{@st59b}아이템 초월{nl}{@st59s}- 모루 강화와는 다른 아이템 성능 강화{nl}- 초월 가능 장비 : 무기, 방어구, 장신구{nl}- 초월 성공 확률 = 넣은 재료 개수 / 최대 필요 재료 개수{nl}- 성공 시, 초월이 1단계 상승(최대 10단계){nl}- 실패 시, 초월이 -1단계 하락(포텐셜은 감소되지 않음){nl}- 초월시킨 장비는 거래 제한으로 변경됨{/}				
UI_20160811_002290	{@st42}Palier %s{/}	{@st42}%s단계{/}				
UI_20160811_002291	Extraire la Gemme Bénie	축복석 추출				
UI_20160811_002292	{@st59b}Extraire la gemme bénie{nl}{@st59s}- Extrait une gemme bénie d'un objet transcendé{nl}- Prérequis d'extraction : Marteau de démantèlement{nl}- Vous récupérerez une partie des gemmes bénies utilisées pour la transcendance, même si l'objet sera détruit. {nl}- Impossible au palier de transcendance 0.{/}	{@st59b}축복석 추출{nl}{@st59s}- 초월아이템에서 축복석 추출{nl}- 축복석 추출 재료 : 분해의 망치{nl}- 축복석 추출시 해당 아이템은 제거되지만, 사용된 축복석의 일부를 되돌려 받을 수 있습니다. {nl}- 초월 0단계에서는 사용할 수 없습니다.{/}				
UI_20160811_002293	Résultats de l'Extraction	축복석 추출 결과				
UI_20160811_002294	Extraire l'Objet	아이템 추출				
UI_20160811_002295	{@st59b}Extraire l'objet{nl}{@st59s}- Retire les effets transcendantaux d'un objet transcendé{nl}- Prérequis d'extraction : Bâton de sort{/}	{@st59b}아이템 추출{nl}{@st59s}- 초월아이템에서 초월효과 제거{nl}- 아이템 추출 재료 : 마력 흡수침{/}				
UI_20160811_002296	Résultats de l'Extraction d'Objet	아이템 추출 결과				
UI_20160811_002297	Nom du (Pack) en vente	판매 아이템 (패키지) 이름				
UI_20160811_002298	{@st67}{s18} ※ Vous ne pouvez acheter qu'1 produit par compte.{/}	{@st67}{s18}   ※ 본 상품은 계정 당 1회만 구매 가능합니다.{/}				
UI_20160811_002299	{@st67}{s18} ※ Le pack et tous les objets inclus sont non échangeables.{/}	{@st67}{s18}   ※ 패키지 포함 구성물은 모두 거래가 불가능합니다.{/}				
UI_20160811_002300	{@st66d}{s20}Acheter {/}	{@st66d}{s20}구매 {/}				
UI_20160811_002301	{@st66d}{s20}Annuler{/}	{@st66d}{s20}취소{/}				
UI_20160811_002302	{@st67}{s26}Les objets ne sont pas remboursables.{/}	{@st67}{s26}구매가 확정되면 되돌릴 수 없습니다.{/}				
UI_20160811_002303	{@st66d}{s26}Confirmer l'Achat{/}	{@st66d}{s26}구매확정{/}				
UI_20160811_002304	{@st66d}{s26}Non{/}	{@st66d}{s26}아니오{/}				
UI_20160811_002305	{@st66d}{s26}Droit de Rétractation{/}	{@st66d}{s26}청약철회{/}				
UI_20160811_002306	{@st59}Voir les emplacements de donjons suggérés{/}	{@st59}추천 던전 위치를 봅니다{/}				
UI_20160811_002307	{@st41}Caserne %s (%s/%s){/}	{@st41}숙소%s (%s/%s){/}				
UI_20160811_002308	{@st59}Se déplacer vers la caserne.	{@st59}숙소를 이동합니다.				
UI_20160811_002309	{@st59}Veuillez sélectionner un serveur.{/}	{@st59}유라테(시즌 서버) 서버는 10/20까지 운영되는 이벤트 서버입니다.{nl}자세한 내용은 홈페이지 공지사항을 참고해주세요.{nl}바카리네, 라이마, 제미나, 가비야 서버는 바이보라 서버로 통합되었습니다.{/}	UI_20150317_001032	{@St59}Choisir un Serveur{/}	{@st59}접속을 원하는 서버를 선택하여 주세요{/}	
UI_20160811_002310	{@st59}Veuillez sélectionner un serveur.{nl}Les serveurs Vakarine, Laima, Zemyna et Gabija ont été fusionnés dans le serveur Vaivora.{/}	{@st59}접속을 원하는 서버를 선택하여 주세요.{nl}바카리네, 라이마, 제미나, 가비야 서버가 바이보라 서버로 통합되었습니다.{/}	UI_20150317_001032	{@St59}Choisir un Serveur{/}	{@st59}접속을 원하는 서버를 선택하여 주세요{/}	
UI_20160811_002311	{@st66b}Se déplacer vers une autre caserne	{@st66b}숙소 이동				
UI_20160811_002312	{@st59}Changer la caserne.{/}	{@st59}숙소를 이동시킵니다.{/}				
UI_20160811_002313	{@st59}Supprimer le Compagnon	{@st59}컴패니언 삭제				
UI_20160811_002314	Vous vous sentez mieux.	기분 좋아진다.				
UI_20160811_002315	Type tapis	장판형				
UI_20160811_002316	{@st42b}{s16}Recharger{/}	{@st42b}{s16}충전하기{/}				
UI_20160811_002317	{@st66b}{s16}Aperçu{/}	{@st66b}{s16}미리보기{/}				
UI_20160811_002318	{@st42b}{s16}Ajouter{/}	{@st42b}{s16}담기{/}				
UI_20160811_002319	Non appris	미습득				
UI_20160811_002320	* En combat	* 대전 시				
UI_20160811_002321	{@st66d}Arme Équipée	{@st66d}착용 무기				
UI_20161005_002322	Changer l'Apparence	외형 변경				
UI_20161005_002323	{@st45tw2}Arme Matériau{/}	{@st45tw2}재료 무기{/}				
UI_20161005_002324	{@st43}Enchanter l'Armure{/}	{@st43}인챈트 아머{/}				
UI_20161005_002325	{@st66b}Enchanter{/}	{@st66b}마법부여{/}				
UI_20161005_002326	{@st59}Fermer{/}	{@st59}코스튬 마법부여 UI를 닫습니다{/}				
UI_20161005_002327	{img silver 20 20}Prix	받는 가격{img silver 20 20}				
UI_20161005_002328	 Nom de la Boutique	 상점 이름				
UI_20161005_002329	{@st66b}Boutique{/}	{@st66b}상점{/}				
UI_20161005_002330	{img silver 20 20}Prix	받는 가격{img silver 20 20} 				
UI_20161005_002331	{@st41b}Confirmer	{@st41b}결정				
UI_20161005_002332	{@st41b}Fermer	{@st41b}폐점				
UI_20161005_002333	{img squaier_buff 24 24}24 heures{/}	{img squaier_buff 24 24}24시간 지속{/}				
UI_20161005_002334	{@st66b}Détails	{@st66b}상세정보	UI_20160224_002072	{@st66b}Propriété	{@st66b}속성	
UI_20161005_002335	{@st66b}Guerre	{@st66b}전쟁				
UI_20161005_002336	{@st43}Infos sur l'Homoncule{/}	{@st43}호문쿨루스 정보{/}				
UI_20161005_002337	Durée	생명시간				
UI_20161005_002338	{@st66b}Attaque Physique{/}	{@st66b}물리공격력{/}				
UI_20161005_002339	{@st66b}Attaque Magique{/}	{@st66b}마법공격력{/}				
UI_20161005_002340	{@st66b}Défense Physique{/}	{@st66b}물리방어력{/}				
UI_20161005_002341	{@st66b}Défense Magique{/}	{@st66b}마법방어력{/}				
UI_20161005_002342	{@st42}Paramètres de Skill{/}	{@st42}스킬 설정{/}				
UI_20161005_002343	{@st66b}Jusqu'à quatre Skills d'IA d'homoncule peuvent être définies.{nl}Une fois appliquée, le Skill définie ne peut plus être changée.{/}	{@st66b}호문쿨루스 AI스킬은 4개까지 설정 가능하며,{nl} 한번 설정한 스킬은 변경되지 않습니다.{/}				
UI_20161005_002344	Nom{/}	이름{/}				
UI_20161005_002345	Paramètres{/}	설정{/}				
UI_20161005_002346	{@st59}Fermer{/}	{@st59}호문쿨루스 정보 UI를 닫습니다{/}				
UI_20161005_002347	{@st66d}Vous ne pourrez pas annuler ceci une fois le Skill appliqué.{nl}Voulez-vous continuer ?{/}	{@st66d}한번 적용된 스킬은 변경하실 수 없습니다.{nl}진행하시겠습니까?{/}				
UI_20161005_002348	Un parchemin qui vainc rapidement{nl}les monstres dans un donjon instancié.	인스턴스 던전의 몬스터를 {nl}빠르게 처치할 수 있는 주문서 입니다.				
UI_20161005_002349	Bon de Nettoyage d'Instance	인스턴스 던전 소탕권{/}				
UI_20161005_002350	Avertissement	주의사항				
UI_20161005_002351	 Les monstres vaincus par le pilier de lumière{nl}ne seront pas enregistrés dans le Journal{nl}d'aventure, et{nl}les objets tomberont près du pilier de lumière.{nl}Attention à la perte possible d'objets.{nl}Le bon utilisé disparaîtra instantanément{nl}et ne peut être utilisé que dans des donjons{nl}instanciés.{/}	 빛기둥에 죽은 몬스터는 모험일지에 기록되지{nl}않을 수 있으며, 빛기둥 주변에서 아이템이 떨어지게{nl}되어, 유실 가능성에 유의해 주시기 바랍니다.{nl}사용한 소탕권은 즉시 사라지며, 해당회차 인스턴스{nl}던전에서만 적용됩니다.{/}				
UI_20161005_002352	Voulez-vous utiliser le bon de nettoyage d'instance ?{/}	인스턴스 던전 소탕권을 사용하시겠습니까?{/}				
UI_20161005_002353	{@st59b}Extraction de gemmes bénies{nl}{@st59s}- Extrait une gemme bénie d'un objet transcendé{nl}- Prérequis d'extraction : Marteau de démantèlement{nl}- Vous récupérerez une partie des gemmes bénies utilisées pour la transcendance, même si l'objet sera détruit.{nl}  : Taux de réussite actuel / 40 % du montant des gemmes bénies sera retourné. {nl}- Impossible d'utiliser ceci quand votre objet est au palier de transcendance 0.{/}	{@st59b}축복석 추출{nl}{@st59s}- 초월아이템에서 축복석 추출{nl}- 축복석 추출 재료 : 분해의 망치{nl}- 축복석 추출시 해당 아이템은 제거되지만, 사용된 축복석의 일부를 되돌려 받을 수 있습니다. {nl}   : 현재까지 성공 / 실패에 사용된 축복석의 40%를 돌려받습니다. {nl}- 초월 0단계에서는 사용할 수 없습니다.{/}	UI_20160811_002292	{@st59b}Extraire la gemme bénie{nl}{@st59s}- Extrait une gemme bénie d'un objet transcendé{nl}- Prérequis d'extraction : Marteau de démantèlement{nl}- Vous récupérerez une partie des gemmes bénies utilisées pour la transcendance, même si l'objet sera détruit. {nl}- Impossible au palier de transcendance 0.{/}	{@st59b}축복석 추출{nl}{@st59s}- 초월아이템에서 축복석 추출{nl}- 축복석 추출 재료 : 분해의 망치{nl}- 축복석 추출시 해당 아이템은 제거되지만, 사용된 축복석의 일부를 되돌려 받을 수 있습니다. {nl}- 초월 0단계에서는 사용할 수 없습니다.{/}	
UI_20161005_002354	Mission Échouée	미션 실패				
UI_20161005_002355	Tous les joueurs ont été mis hors combat.	모든 플레이어가 전투 불능 상태가 되었습니다.				
UI_20161005_002356	Confirmer la sortie de la tour.	확인을 누르시면 탑 밖으로 이동합니다.				
UI_20161005_002357	{@st43b}{s20}Confirmer{/}	{@st43b}{s20}확인{/}				
UI_20161005_002358	{@st41}Attaque Automatique	{@st41}자동 공격 활성화				
UI_20161005_002359	{s16}{#000000}Amis en ligne %s/%s{/}	{s16}{#000000}접속중인 친구 %s/%s{/}				
UI_20161005_002360	{@st43}Aller vers l'Ami{/}	{@st43}친구에게 가기{/}				
UI_20161005_002361	{@st43}Portail	{@st43}포탈				
UI_20161005_002362	{@st41b}Enregistrer la Position	{@st41b}위치 저장				
UI_20161005_002363	{@st59}Fermer{/}	{@st59}포탈 UI를 닫습니다.{/}				
UI_20161005_002364	{@st66b}Portails enregistrés : %s/%s{/}	{@st66b}포탈 저장 개수 %s/%s{/}				
UI_20161005_002365	{@st43}Fabriquer un Grimoire	{@st43}스펠북 제작				
UI_20161005_002366	{@st43}Boutique de Changement de Genre{/}	{@st43}스위치 젠더 상점{/}				
UI_20161005_002367	{@st66b}Changer{/}	{@st66b}변환{/}				
UI_20161005_002368	{@st59}Fermer{/}	{@st59}스위치 젠더 UI를 닫습니다{/}				
UI_20161005_002369	{img silver 20 20}Prix 	받는 가격 {img silver 20 20} 				
UI_20161005_002370	{@st41b}Ouvrir	{@st41b}열 기				
UI_20161005_002371	Avant{/}	현재{/}				
UI_20161005_002372	Après{/}	변경 후{/}				
UI_20161005_002373	{@st66d}Changer de Genre{/}	{@st66d}성별 변경{/}				
UI_20161005_002374	Avertissement{/}	주의 사항{/}				
UI_20161005_002375	Retirez tout votre équipement avant de continuer{nl}Vos costumes de classe seront modifiés avec votre genre{/}	모든 장비 해제 한 뒤에 전환 가능{nl}기본 직업별 코스튬은 성별 자동 변경{/}				
UI_20161005_002376	{@st67}Tous les objets premium spécifiques au genre ne seront{nl}plus équipables{/}	{@st67}기존 성별에 맞게 구매한 유료코스튬은{nl}성별 변환 후, 장착 불가{/}				
UI_20161005_002377	Statistique	능력치				
UI_20161005_002378	{@st66d}{s30}La page web est arrivée à sa fin. {nl} Veuillez appuyer sur Fermer.{/}	{@st66d}{s30}웹 페이지가 끝났습니다. {nl} 닫기를 눌러주세요.{/}				
UI_20161005_002379	Vue à la Première Personne	플레이어 시점 보기				
UI_20161005_002380	Tous les Personnages	총 캐릭터				
UI_20161005_002381	{@st66e}%s{nl}Changement de %s vers {@st66d_y}%s{/}	{@st66e}%s{nl} %s에서 {@st66d_y}%s{/}으로 변경{/}				
UI_20161005_002382	{@st66b}Redémarrer{/}	{@st66b}재시작{/}				
UI_20161005_002383	{@st66d_y}%s{/}	{@st66d_y}%s의{/}				
UI_20161005_002384	Option sélectionnée :{nl}%s	선택 옵션:{nl}%s				
UI_20161005_002385	Attributs et Infos de Guilde	길드 특성 및 정보				
UI_20161005_002386	{@st66b}Enregistrer	{@st66b}저장				
UI_20161005_002387	{@st42}Tableau de message d'une ligne - Publiez jusqu'à 3 fois par jour.{/}	{@st42}한줄 게시판 - 하루 3회 입력가능합니다.{/}				
UI_20161005_002388	{@st42}Historique	{@st42}전적				
UI_20161005_002389	Rangs GvG	길드 배틀 랭킹				
UI_20161005_002390	{@st66e}Forge (%s/%s){/}	{@st66e}포지(%s/%s){/}				
UI_20161005_002391	{@st66e}Chargeur de bouclier (%s/%s){/}	{@st66e}실드 차져(%s/%s){/}				
UI_20161005_002392	{@st45tw2}Membres de la Guilde Uniquement{/}	{@st45tw2}길드원만 입장{/}				
UI_20161005_002393	{@st42}Apprendre [%s] est requis.{/}	{@st42}[%s]을 배워야 합니다.{/}				
UI_20161005_002394	{@st66b}Coordonnées{/}	{@st66b}좌표{/}				
UI_20161005_002395	{@st42b}Ouvrir le Portail	{@st42b}포탈 열기				
UI_20161005_002396	{@st66b}Temps de Recharge du Portail{/}	{@st66b}포탈 재사용 대기시간{/}				
UI_20161010_002397	{@st66d_y}{s20}Tout{/}	{@st66d_y}{s20}총{/}				
UI_20161107_002398	{@st43}Liste d'Échange{/}	{@st43}교환 목록{/}				
UI_20161107_002399	{@st41b}Médailles : {/}	{@st41b}총 소비 메달 : {/}				
UI_20161107_002400	{@st41b}Total de médailles obtenues : {/}	{@st41b}총 획득 메달 : {/}				
UI_20161107_002401	Voulez-vous dépenser des médailles pour ces objets ?	메달을 위 아이템으로 교환하시겠습니까?				
UI_20161107_002402	Une fois échangé, vous ne pouvez pas annuler.	교환 시 원래의 아이템으로 되돌릴 수 없습니다.				
UI_20161107_002403	Voulez-vous échanger l'objet contre une médaille ?	해당 아이템을 메달로 교환하시겠습니까?				
UI_20161107_002404	Rééchanger un objet acheté contre une médaille peut entraîner une perte due au taux de change.	구매한 아이템을 메달로 재교환 시 교환율의 불이익이 발생할 수 있습니다.				
UI_20161107_002405	{@st43}{s24}Boutique TP	{@st43}{s24}TP상점				
UI_20161107_002406	{@st43}{s24}ACTUALITÉS{/}	{@st43}{s24}신상품{/}				
UI_20161107_002407	  {img Nexon_cash_mark 30 30} Possédé{/}{/}	  보유중인{img Nexon_cash_mark 30 30}{/}{/}				
UI_20161107_002408	{@st66d}{s20}Recharger le Portefeuille Steam{/}	{@st66d}{s20}넥슨캐시 충전{/}				
UI_20161107_002409	{@st66d}{s18}Aperçu/Achat{/}	{@st66d}{s18}미리보기 및 구매{/}				
UI_20161107_002410	{@st66d}Réinitialiser l'Aperçu{/}	{@st66d}미리보기 초기화{/}				
UI_20161107_002411	{@st66d}Finaliser l'Achat{/}	{@st66d}구매 확정{/}				
UI_20161107_002412	  TP Actuels{/}	  보유중인 TP{/}				
UI_20161107_002413	  TP Restants{/}	  잔여 TP{/}				
UI_20161107_002414	{@st66d}Échanger Contre des Médailles{/}	{@st66d}메달로 교환하기{/}				
UI_20161107_002415	{@st66d}Échanger Contre un Objet{/}	{@st66d}아이템으로{nl} 교환하기{/}				
UI_20161107_002416	  Médailles Actuelles{/}	  보유중인 메달{/}				
UI_20161107_002417	  Médailles Restantes{/}	  잔여 메달{/}				
UI_20161107_002418	Prix en Médailles	장바구니 메달				
UI_20161107_002419	{@st66b}Achat de TP{/}	{@st66b}TP 구매{/}				
UI_20161107_002420	{@st66b}Boutique d'Échange{/}	{@st66b}리사이클 상점{/}				
UI_20161107_002421	Échanger des objets contre des médailles	보유중인 아이템을 메달로 교환				
UI_20161107_002422	Échanger des médailles contre des objets	보유중인 메달을 아이템으로 교환				
UI_20161107_002423	Achetables	구매가능 목록				
UI_20161107_002424	Vendables	판매가능 목록				
UI_20161107_002425	{@st66d}{s18}Top 5 des Ventes{/}	{@st66d}{s18}인기 아이템 Top5{/}				
UI_20161107_002426	{@st55_b} Entrez un mot-clé.{/}	{@st55_b}  검색어를 입력하세요.{/}				
UI_20161107_002427	 TP Achetables	 TP 구매				
UI_20161107_002428	{@st66d}{s18}Offre Spéciale{/}	{@st66d}{s18}특별판매{/}				
UI_20161107_002429	{@st66d}Acheter{/}	{@st66d}구매 하기{/}				
UI_20161107_002430	{@st66d}{s18}Stockage Payant{/}	{@st66d}{s18}캐시 창고{/}				
UI_20161107_002431	{@st43d}{s18}- Utilisable uniquement une fois l'achat de l'objet finalisé.{nl} -Clic droit pour finaliser l'achat.{nl}- L'objet acheté sera dans l'inventaire de votre personnage.{nl}- Les objets du stockage payant peuvent être remboursés dans les 7 jours suivant l'achat.{/}	{@st43d}{s18}- 캐시 창고의 아이템을 구매 확정해야만 사용 할 수 있습니다.{nl}- 구매 확정은 마우스 우클릭을 통해 가능합니다.{nl}- 구매 확정한 상품은 캐릭터 인벤토리로 이동됩니다.{nl}- 캐시창고에 보관된 아이템은 구입 후 7일 이내에 청약철회를 할 수 있습니다.{/}				
UI_20161107_002432	{@st67}{s18}Un achat ne peut pas être annulé une fois finalisé.{/}	{@st67}{s18}구매가 확정되면 되돌릴 수 없습니다.{/}				
UI_20161107_002433	{@st66d}{s18}Oui{/}	{@st66d}{s18}구매확정{/}	UI_20160811_002303	{@st66d}{s26}Confirmer l'Achat{/}	{@st66d}{s26}구매확정{/}	
UI_20161107_002434	{@st66d}{s18}Non{/}	{@st66d}{s18}아니오{/}	UI_20160811_002304	{@st66d}{s26}Non{/}	{@st66d}{s26}아니오{/}	
UI_20161107_002435	{@st66}{s18}Droit de Rétractation{/}	{@st66}{s18}청약철회{/}	UI_20160811_002305	{@st66d}{s26}Droit de Rétractation{/}	{@st66d}{s26}청약철회{/}	
UI_20161107_002436	{@st42b}{s16}Acheter{/}	{@st42b}{s16}구매하기{/}	UI_20160811_002316	{@st42b}{s16}Recharger{/}	{@st42b}{s16}충전하기{/}	
UI_20161107_002437	{@st42}{s16} Coût en Médailles {/}{img icon_item_recyclemedal 20 20}{/}	{@st42}{s16}  소모메달 {/}{img icon_item_recyclemedal 20 20}{/}				
UI_20161107_002438	{@st42}{s16} Médailles Obtenues {/}{img icon_item_recyclemedal 20 20}{/}	{@st42}{s16}  획득메달 {/}{img icon_item_recyclemedal 20 20}{/}				
UI_20161107_002439	Possédé : %s	보유 수량 : %s				
UI_20161107_002440	{@st42b}{s16}Acheter{/}	{@st42b}{s16}구매{/}				
UI_20161107_002441	{@st42b}{s16}Échanger Contre Médaille{/}	{@st42b}{s16}메달로 교환{/}				
UI_20161107_002442	Médailles Consommées	소비 메달				
UI_20161107_002443	Médailles Obtenues	획득 메달				
UI_20161108_002444	{@st43}%s obtenu !{/}	{@st43}%s 획득!{/}				
UI_20161108_002445	{@st42b}Ouvrir Cube béni de la Déesse X %s	{@st42b}축복받은 여신의 큐브 X %s 열기				
UI_20161108_002446	{@st42b}Ouvrir Cube secret de Leticia X %s	{@st42b}레티샤의 비밀 큐브 X %s 열기				
UI_20161108_002447	{@st41}Ouvrir le Cube de Compensation	{@st41}보상 큐브 열기				
UI_20161108_002448	{@st59}Fermer{/}	{@st59}창을 닫습니다.{/}				
UI_20161108_002449	{@st66b}Pourrait contenir quelque chose{nl}de mystérieux{nl}une fois ouvert.{/}	{@st66b}사용하면 무언가 알 수 없는 것을{nl}획득할 수 있을 것 같습니다.{/}				
UI_20161121_002450	{@st41}Réinitialisation des entrées : 06h00 chaque jour{/}	{@st41}입장 횟수 초기화 : 매일 6시{/}				
UI_20161121_002451	Nom/Emplacement	이름/위치				
UI_20161121_002452	Niveau Requis	입장레벨				
UI_20161121_002453	Nombre d'Entrées	입장 횟수				
UI_20161121_002454	Entrer dans le Donjon	던전 입장				
UI_20161121_002455	%s/%s	%s/%s회				
UI_20161121_002456	Équipement Principal Obtenable	대표 획득 장비				
UI_20161121_002457	{@st66b}Correspondance Auto{nl}Re-entrer	{@st66b}자동매칭{nl}재입장				
UI_20161121_002458	Retour à l'emplacement précédemment attribué.	이전에 매칭된 곳으로 입장합니다.				
UI_20161121_002459	Correspondance Auto	자동매칭				
UI_20161121_002460	Monstre Principal	대표 등장 몬스터				
UI_20161121_002461	En attente de la participation des membres du groupe.{nl}Un message sera envoyé aux joueurs de la tranche de niveau appropriée.	파티원의 참여를 기다립니다.{nl}레벨대가 맞는 파티원에게는 메세지가 전송됩니다.				
UI_20161121_002462	Correspondance Auto{nl}Avec le Groupe	파티원과 자동매칭				
UI_20161121_002463	Correspondance Auto Avec{nl}Les Membres Actuels	현재 모인 멤버로 자동매칭				
UI_20161121_002464	{@st41b}Entrer Maintenant	{@st41b}바로입장				
UI_20161121_002465	File d'attente totale : %s	총 대기인원: %s명				
UI_20161121_002466	En attente de la participation des membres du groupe.	파티원의 참여를 기다리고 있습니다.				
UI_20161121_002467	{@st66b}Annuler la File d'Attente	{@st66b}매칭 취소				
UI_20161121_002468	Entrée en cours...	잠시 후 이동				
UI_20161121_002469	{@st59}Fermer le message.{/}	{@st59}메세지를 닫습니다.{/}				
UI_20161214_002470	{@st43}Identifier{/}	{@st43}감정{/}				
UI_20161214_002471	{@st59}Fermer{/}	{@st59}감정 UI를 닫습니다{/}				
UI_20161214_002472	{@st66}Liste des Objets Identifiables	{@st66}감정 필요 아이템 목록				
UI_20161214_002473	{@st41b}Coût d'Identification{/}	{@st41b}감정 비용{/}				
UI_20161214_002474	{@st41b}Identifier{/}	{@st41b}감정 하기{/}				
UI_20161214_002475	Nom	이름을 지어주세요				
UI_20161214_002476	{@st43}Boutique de Compagnons	{@st43}컴패니언 상점	UI_20150317_000149	{@st43}Boutique de Compagnons	{@st43}컴패니언 샵	
UI_20161214_002477	{@st66b}Adopter{/}	{@st66b}분양{/}				
UI_20161214_002478	{@st66b}Nourriture pour Animal{/}	{@st66b}먹이{/}				
UI_20161214_002479	{img icon_item_silver 20 20}{@st41b}Continuer {/}{img white_right_arrow 15 18}	{img icon_item_silver 20 20}{@st41b}거래 정산 {/}{img white_right_arrow 15 18}				
UI_20161214_002480	{img icon_item_silver 20 20}{@st41b}Fonds Restants {/}{img white_right_arrow 15 18}	{img icon_item_silver 20 20}{@st41b}예상 잔액 {/}{img white_right_arrow 15 18}				
UI_20161214_002481	{@st66b}Effacer{/}	{@st66b}비우기{/}				
UI_20161214_002482	{@st41b}Continuer {/}{img white_right_arrow 15 18}	{@st41b}거래 정산 {/}{img white_right_arrow 15 18}				
UI_20161214_002483	{@st41b}Fonds Restants {/}{img white_right_arrow 15 18}	{@st41b}예상 잔액 {/}{img white_right_arrow 15 18}				
UI_20161214_002484	Les cartes de niveau 1 ne consomment pas 5 TP.	1레벨 카드는 5TP가 소모되지 않습니다.				
UI_20161214_002485	{@st66b}Classement en temps réel	{@st66b}실시간 랭킹	UI_20160811_002277	{@st66b}Classement en temps réel	{@st66b}주간 실시간 랭킹	
UI_20161214_002486	Classement de la Saison Précédente	지난 시즌 랭킹	UI_20160811_002279	Classement de la Semaine Précédente	지난 주간 랭킹	
UI_20161214_002487	Augmente le taux d'XP/de butin{nl}jusqu'à 3 fois en consommant{nl}le compteur d'entrées et{nl}des Tokens de multiplication de{nl}donjon instancié.	던전 입장 소비 횟수와{nl} 인스턴스 던전 배수 토큰 아이템을{nl}소모한 만큼{nl}경험치/아이템드랍률을{nl} 최대 3배까지 증가시킵니다.				
UI_20161214_002488	{@st41b}Activer le Mode Multiplication	{@st41b}배수모드 발동				
UI_20161214_002489	{@st41b}Annuler le Mode Multiplication	{@st41b}배수모드 취소				
UI_20161214_002490	Nombre du Mode Multiplication	배수모드 적용 개수				
UI_20161214_002491	Veuillez patienter.	잠시 후 이동됩니다				
UI_20161214_002492	{@st66b}Équipement{/}	{@st66b}장비{/}				
UI_20161214_002493	{@st66b}Objet{/}	{@st66b}아이템{/}				
UI_20161214_002494	{@st59b}Transcendance d'objet{nl}{@st59s}- Améliore les performances d'un objet d'une façon différente de l'amélioration à l'enclume{nl}- Transcendables : Arme, Armure, Accessoire{nl}- Chance de transcendance = Quantité d'ingrédients / Minimum requis{nl}- En cas de succès, le niveau de transcendance augmente de 1 (Max. 10){nl}- En cas d'échec, le niveau de transcendance et le potentiel diminuent de 1 (le niveau de transcendance ne descend pas sous 1){nl}- Un objet transcendé ne peut pas être échangé{/}	{@st59b}아이템 초월{nl}{@st59s}- 모루 강화와는 다른 아이템 성능 강화{nl}- 초월 가능 장비 : 무기, 방어구, 장신구{nl}- 초월 성공 확률 = 넣은 재료 개수 / 최대 필요 재료 개수{nl}- 성공 시, 초월이 1단계 상승(최대 10단계){nl}- 실패 시, 초월과 포텐셜이 1단계 하락(초월은 1단계 이하로 떨어지지 않음){nl}- 초월시킨 장비는 거래 제한으로 변경됨{/}	UI_20160811_002289	{@st59b}Transcender l'objet{nl}{@st59s}- Une autre façon d'améliorer les performances de l'objet, en plus de l'enclume{nl}- Objets pouvant transcender : armes, armures et accessoires{nl}- Taux de réussite de la transcendance = Ingrédients utilisés / Ingrédients{nl}maximum requis{nl}- Augmente le palier de transcendance de 1 en cas de succès (maximum 10 paliers){nl}- Diminue le palier de transcendance de 1 en cas d'échec (aucune perte de{nl}Potentiel){nl}- Les objets transcendés ne peuvent pas être échangés{/}	{@st59b}아이템 초월{nl}{@st59s}- 모루 강화와는 다른 아이템 성능 강화{nl}- 초월 가능 장비 : 무기, 방어구, 장신구{nl}- 초월 성공 확률 = 넣은 재료 개수 / 최대 필요 재료 개수{nl}- 성공 시, 초월이 1단계 상승(최대 10단계){nl}- 실패 시, 초월이 -1단계 하락(포텐셜은 감소되지 않음){nl}- 초월시킨 장비는 거래 제한으로 변경됨{/}	
UI_20161214_002495	{@st59b}Extraction de gemme bénie{nl}{@st59s}- Extrait les gemmes bénies des objets transcendés{nl}- Ingrédient pour l'extraction de gemme bénie : Marteau de démantèlement{nl}- Une partie des gemmes bénies utilisées sur l'objet peut être remboursée. {nl}   : Selon le niveau de transcendance actuel et le potentiel restant, le taux de remboursement varie de 20 % minimum à 90 % maximum. {nl}- Ne peut pas être utilisé au niveau de transcendance 0.{/}	{@st59b}축복석 추출{nl}{@st59s}- 초월아이템에서 축복석 추출{nl}- 축복석 추출 재료 : 분해의 망치{nl}- 축복석 추출시 해당 아이템은 제거되지만, 사용된 축복석의 일부를 되돌려 받을 수 있습니다. {nl}   : 현재 초월 단계와 잔여 포텐셜에 따라 최소 20% ~ 최대 90%의 초월석을 돌려받습니다. {nl}- 초월 0단계에서는 사용할 수 없습니다.{/}	UI_20161005_002353	{@st59b}Extraction de gemmes bénies{nl}{@st59s}- Extrait une gemme bénie d'un objet transcendé{nl}- Prérequis d'extraction : Marteau de démantèlement{nl}- Vous récupérerez une partie des gemmes bénies utilisées pour la transcendance, même si l'objet sera détruit.{nl}  : Taux de réussite actuel / 40 % du montant des gemmes bénies sera retourné. {nl}- Impossible d'utiliser ceci quand votre objet est au palier de transcendance 0.{/}	{@st59b}축복석 추출{nl}{@st59s}- 초월아이템에서 축복석 추출{nl}- 축복석 추출 재료 : 분해의 망치{nl}- 축복석 추출시 해당 아이템은 제거되지만, 사용된 축복석의 일부를 되돌려 받을 수 있습니다. {nl}   : 현재까지 성공 / 실패에 사용된 축복석의 40%를 돌려받습니다. {nl}- 초월 0단계에서는 사용할 수 없습니다.{/}	
UI_20161214_002496	{@st66b}Enregistrer{/}	{@st66b}강화 저장{/}				
UI_20161214_002497	{@st66b}Afficher les dégâts des autres personnages	{@st66b}다른 캐릭터 대미지 보기				
UI_20161214_002498	{@st59}Veuillez sélectionner un serveur.{/}	{@st59}유라테 - 시즌 서버가 아우슈리네 서버로 통합되었습니다.{nl}자세한 내용은 홈페이지 공지사항을 참고해주세요.{nl}바카리네, 라이마, 제미나, 가비야 서버는 7/14(목) 바이보라 서버로 통합되었습니다.{/}	UI_20160811_002309	{@st59}Veuillez sélectionner un serveur.{/}	{@st59}유라테(시즌 서버) 서버는 10/20까지 운영되는 이벤트 서버입니다.{nl}자세한 내용은 홈페이지 공지사항을 참고해주세요.{nl}바카리네, 라이마, 제미나, 가비야 서버는 바이보라 서버로 통합되었습니다.{/}	
UI_20161214_002499	{@st59}Enregistrer les FPS et activer la relecture.{/}	{@st59}리플레이를 실행하며 프레임당 수행시간을 파일로 기록합니다.{/}				
UI_20161214_002500	Actuel	현재				
UI_20161214_002501	Max.	최대				
UI_20161214_002502	{@st66b}Apprendre	{@st66b}배우기				
UI_20161214_002503	{img white_right_arrow 24 24}{@st66d_y} Coût Total{/}	{img white_right_arrow 24 24}{@st66d_y} 총 강화 소비 비용{/}				
UI_20161214_002504	{@brown_16}Participation de Guilde{/}	{@brown_16}길드 참여{/}				
UI_20161214_002505	{@black_18_b}Quotidien{/}	{@black_18_b}일간{/}				
UI_20161214_002506	{@black_18_b}Hebdomadaire (réinitialisé chaque lundi){/}	{@black_18_b}주간(월요일마다 초기화){/}				
UI_20161214_002507	{@brown_16}Participation Individuelle{/}	{@brown_16}개인 참여{/}				
UI_20161214_002508	Autorité de Guilde	길드 권한				
UI_20161221_002509	Utiliser le bon de réinitialisation de rang ?	랭크 초기화 아이템을 사용하시겠습니까?{/}				
UI_20161221_002510	L'objet disparaîtra de votre{nl}inventaire et vos choix de rang seront{nl}réinitialisés.	사용한 아이템은 인벤토리에서 사라지며{nl}전체 랭크가 초기화 됩니다.{/}				
UI_20161221_002511	{@st66d_y}Conditions et Précautions{/}	{@st66d_y}조건 및 주의 사항{/}				
UI_20161221_002512	{@st58}Aucun Objet Équipé{/}	{@st59}장비 장착 상태{/}				
UI_20161221_002513	{@st59}Aucun Apprentissage d'Attribut en Cours{/}	{@st59}특성 습득 대기 상태{/}				
UI_20161221_002514	{@st59}Aucun Compagnon ne Vous Suit{/}	{@st59}컴패니언 동행{/}				
UI_20161221_002515	{@st59}Personnage en Ville{/}	{@st59}마을{/}				
UI_20161221_002516	{@st59}Aucun Skill de Boutique en Cours d'Utilisation{/}	{@st59}상점 스킬 운영{/}				
UI_20161221_002517	{@st59}Aucune Fabrication en Cours{/}	{@st59}제작 중{/}				
UI_20161221_002518	{@st59}Aucun Personnage Templier Maître de Guilde{/}	{@st59}템플러 직업을 가진 길드 마스터 캐릭터{/}				
UI_20161221_002519	* Les cartes de monstre équipées seront{nl}automatiquement{nl}retirées sans pénalité.	* 착용 중인 몬스터 카드는 제약없이 자동으로 해제됩니다.				
UI_20161221_002520	* Les niveaux d'attribut acquis avant la{nl}réinitialisation{nl}pourront être réappris gratuitement après la{nl}réinitialisation.	* 초기화 전 올린 특성의 레벨은{nl}초기화 후 다시 올릴 경우 실버가 소모되지 않습니다.				
UI_20161221_002521	* Des cartes d'XP équivalentes au dernier rang atteint{nl}	* 마지막 달성한 				
UI_20161221_002522	Niveau de Classe 15	클래스 15레벨				
UI_20161221_002523	 seront fournies dans votre inventaire.	을 확인해 {nl} 그에 해당하는 클래스 경험치 카드를 인벤토리로 지급합니다.				
UI_20161221_002524	* Les costumes spécifiques à la{nl}classe reçus{nl}via l'avancement de rang seront{nl}supprimés.	* 전직 시 지급된 직업별 코스튬은 반환됩니다.				
UI_20161221_002525	* Vous retournerez à la caserne après avoir utilisé le bon.	* 초기화 후엔 캐릭터 선택창으로 돌아갑니다.				
UI_20170117_002526	{@st66b}Optimisation (Bêta){/}	{@st66b}최적화(Beta){/}				
UI_20170117_002527	{@st59}Fonction ON/OFF pour le traitement multithread optimisé.{/}	{@st59}최적화(Beta) 를 적용합니다.{/}				
UI_20170313_002528	Transaction	거래일시				
UI_20170313_002529	Dépôt	입금				
UI_20170313_002530	Retrait	출금				
UI_20170313_002531	Restant	잔액				
UI_20170313_002532	Identifier l'équipement sélectionné.	선택한 장비를 감정합니다.				
UI_20170313_002533	{@st66b}Identification{/}	{@st66b}감정{/}				
UI_20170313_002534	{@st66b}Matériaux{/}	{@st66b}소비재료{/}				
UI_20170313_002535	Nom de l'Objet	아이템 이름				
UI_20170313_002536	{@st43}Contrefaçon{/}	{@st43}모조품{/}				
UI_20170313_002537	{@st41b}Modifier	{@st41b}변경하기				
UI_20170313_002538	{@st68b}{s18}Collection{/}	{@st68b}{s18}콜렉션 상태{/}				
UI_20170313_002539	{@st68b}Complet(%s){/}	{@st68b}완성(%s){/}				
UI_20170313_002540	{@st68b}Nouveau(%s){/}	{@st68b}미확인(%s){/}				
UI_20170313_002541	{@st68b}Incomplet(%s){/}	{@st68b}미완성(%s){/}				
UI_20170313_002542	{@st66b}Voir Tous les Effets{/}	{@st66b}총 효과보기{/}				
UI_20170313_002543	{@st59}Voir le total des effets obtenus.{/}	{@st59}총 효과를 출력 합니다.{/}				
UI_20170313_002544	{@st59}Rechercher le nom d'une collection ou d'un effet.{/}	{@st59}콜렉션 이름 또는 효과로 검색 합니다.{/}				
UI_20170313_002545	{@st68b}{s18}Complet(%s){/}	{@st68b}{s18}완성(%s){/}				
UI_20170313_002546	{@st59}Fermer l'image.{/}	{@st59}이미지를 닫습니다{/}				
UI_20170313_002547	{@st59}Fermer la fenêtre d'objet.{/}	{@st59}아이템 획득 창을 닫습니다.{/}				
UI_20170313_002548	{@st41b}%s {nl}Vous avez obtenu un objet !	{@st41b}%s {nl}아이템을 획득 하셨습니다!				
UI_20170313_002549	{@st59}Agrandit à nouveau votre coffre de guilde.{/}	{@st59}길드 보관함을 새로 갱신합니다.{/}				
UI_20170313_002550	Utilisable uniquement dans les donjons instanciés et les missions de mercenaires.	인던과 의뢰소 미션에만 사용 가능합니다.				
UI_20170313_002551	{@st66}Sélectionner l'Objet Équipé	{@st66}장착중 선택				
UI_20170313_002552	{@st59b}Extraction de gemme bénie{nl}{@st59s}- Extrait les gemmes bénies des objets transcendés.{nl}- Matériaux nécessaires : Marteau de démantèlement.{nl}- Extraire les gemmes bénies détruira l'objet, mais conservera une partie des gemmes. {nl}   : Vous recevrez de 20 % à 90 % des gemmes bénies, selon le palier de transcendance de l'objet et le potentiel actuel. {nl}- Votre objet doit être transcendé au moins au palier 2 pour pouvoir extraire les gemmes.{/}	{@st59b}축복석 추출{nl}{@st59s}- 초월아이템에서 축복석 추출{nl}- 축복석 추출 재료 : 분해의 망치{nl}- 축복석 추출시 해당 아이템은 제거되지만, 사용된 축복석의 일부를 되돌려 받을 수 있습니다. {nl}   : 현재 초월 단계와 잔여 포텐셜에 따라 최소 20% ~ 최대 90%의 초월석을 돌려받습니다. {nl}- 추출은 초월 2단계이상부터 사용할 수 있습니다.{/}	UI_20161214_002495	{@st59b}Extraction de gemme bénie{nl}{@st59s}- Extrait les gemmes bénies des objets transcendés{nl}- Ingrédient pour l'extraction de gemme bénie : Marteau de démantèlement{nl}- Une partie des gemmes bénies utilisées sur l'objet peut être remboursée. {nl}   : Selon le niveau de transcendance actuel et le potentiel restant, le taux de remboursement varie de 20 % minimum à 90 % maximum. {nl}- Ne peut pas être utilisé au niveau de transcendance 0.{/}	{@st59b}축복석 추출{nl}{@st59s}- 초월아이템에서 축복석 추출{nl}- 축복석 추출 재료 : 분해의 망치{nl}- 축복석 추출시 해당 아이템은 제거되지만, 사용된 축복석의 일부를 되돌려 받을 수 있습니다. {nl}   : 현재 초월 단계와 잔여 포텐셜에 따라 최소 20% ~ 최대 90%의 초월석을 돌려받습니다. {nl}- 초월 0단계에서는 사용할 수 없습니다.{/}	
UI_20170313_002553	!! Exploration de la carte terminée !!	!! 맵 탐사 완료 !!				
UI_20170313_002554	{@st41b}Collection{/}	{@st41b}콜렉션{/}				
UI_20170313_002555	{@st66b}[%s]{nl}Pièce obtenue.{/}	{@st66b}[%s]{nl}조각 획득{/}				
UI_20170313_002556	{@st59}Fermer la fenêtre.{/}	{@st59}합성창을 닫습니다{/}				
UI_20170313_002557	{@st41b}Combiner les {@sti9}%s badges{/} sélectionnés ?{/}	{@st41b}선택한 {@sti9}%s개{/} 아이템으로 합성하시겠습니까?{/}				
UI_20170313_002558	{@st59b}Combiner les badges{nl}{@st59s} - Sélectionnez les badges depuis votre{nl}inventaire.{nl}{/}	{@st59b}증표 합성{nl}{@st59s} - 합성할 증표를 인벤토리에서 선택하여 등록{nl}{/}				
UI_20170313_002559	{@st41b}Combiner	{@st41b}합성				
UI_20170313_002560	{@st66b}Objets à Réparer	{@st66b}수리 필요 아이템 목록				
UI_20170313_002561	{@st66b}Utiliser les Effets de Chute d'Objets	{@st66b}아이템 드랍 이펙트 사용				
UI_20170313_002562	{@st66d}Objet Expert [Contrefaçon]{nl}Temps restant %s	{@st66d}감정사 [모조품] 아이템{nl}   남은 유지시간 %s				
UI_20170313_002563	1m30s	1분30초				
UI_20170313_002564	{@st59}Recommencer la Quête{/}	{@st59}퀘스트 재시작{/}				
UI_20170313_002565	{@st59}Enregistrer l'objet dans la collection.{/}	{@st59}콜렉션 아이템을 등록합니다.{/}				
UI_20170313_002566	Bracelet de Défense Magique	마법방어 팔찌				
UI_20170313_002567	Mon Objet	내 아이템				
UI_20170313_002568	Expert %s	감정사 %s				
UI_20170313_002569	Lors{nl}d'un changement d'équipement	장비{nl}교체시				
UI_20170313_002570	Aucun objet équipé sur l'Expert.	감정사가 착용 중인 아이템이 없습니다				
UI_20170313_002571	Investissement	투자				
UI_20170330_002572	{@st59}Maj + Tab pour Basculer{/}	{@st59}Shift + Tab 으로 전환{/}				
UI_20170330_002573	{@st59}Discussion de Groupe{/}	{@st59}그룹 채팅{/}				
UI_20170330_002574	{@st59}Liste des Discussions de Groupe{/}	{@st59}그룹 채팅 리스트{/}				
UI_20170330_002575	{@st59}Paramètres de Discussion{/}	{@st59}채팅 설정{/}				
UI_20170330_002576	{@st59}Ajouter une Fenêtre de Discussion{/}	{@st59}기본 채팅 창 추가{/}				
UI_20170330_002577	{@st59}Double-cliquez pour réduire/agrandir{/}	{@st59}더블클릭으로 접기/펴기{/}				
UI_20170330_002578	{@59}Inviter{/}	{@59}초대{/}				
UI_20170330_002579	{@59}Paramètres{/}	{@59}설정{/}				
UI_20170330_002580	{@59}Liste des Membres{/}	{@59}참여자 목록{/}				
UI_20170330_002581	{@st66d}Liste des Discussions	{@st66d}채팅 목록				
UI_20170330_002582	{@st66b}Amis	{@st66b}친구				
UI_20170330_002583	{@st66b}Groupes	{@st66b}그룹				
UI_20170330_002584	{@st66e}Créer une Nouvelle Discussion de Groupe	{@st66e}새 그룹채팅방 생성				
UI_20170330_002585	{@st59}Fermer la Liste des Discussions{/}	{@st59}채팅 목록을 닫습니다{/}				
UI_20170330_002586	{@st42}Paramètres du Groupe	{@st42}그룹 설정				
UI_20170330_002587	{@st42}Paramètres de Couleur	{@st42}색 설정				
UI_20170330_002588	{@st66}OK	{@st66}확인				
UI_20170330_002589	{@st66}Quitter le Salon	{@st66}방 나가기				
UI_20170330_002590	{@st66b}Onglets	{@st66b}탭				
UI_20170330_002591	{@st66b}Écran	{@st66b}화면				
UI_20170330_002592	{@st66}Transparence	{@st66}투명도				
UI_20170330_002593	{@st66}Afficher les Bulles de Dialogue	{@st66}말풍선 표시				
UI_20170330_002594	{@st66}Afficher les Cris en Haut	{@st66}화면 상단에 외치기 내용 표시				
UI_20170330_002595	{@st66}Taille de Police	{@st66}글자 크기				
UI_20170330_002596	{@st66b}Afficher le Message de Connexion	{@st66b}접속 알림 표시				
UI_20170330_002597	{@st66}Membres de la Guilde{/}	{@st66}길드원{/}				
UI_20170330_002598	{@st66}Amis{/}	{@st66}친구{/}				
UI_20170330_002599	{@st66b}Si les deux joueurs échangeant sont{nl}utilisateurs de Token,{nl}l'équipement échangeable, les{nl}consommables,{nl}les gemmes et autres objets resteront{nl}échangeables.{/}	{@st66b}거래 시 유저가 모두 토큰을 사용 중 이라면{nl}장비, 소모품, 기타, 카드, 젬 아이템의 속성 변경이 없습니다.{/}	UI_20160811_002266	{@st66b}Si les deux parties utilisent des Tokens,{nl}les propriétés d'échange de l'équipement restent{nl}inchangées.{nl}Les consommables et matériaux deviendront non{nl}échangeables{nl}quelle que soit l'utilisation de Token.{/}	{@st66b}거래 시 유저가 모두 토큰을 사용 중 이라면{nl}장비 아이템의 속성 변경이 없습니다.{nl}소비나 재료 아이템은 토큰여부와 상관없이 거래불가입니다.{/}	
UI_20170330_002600	{s18}Objets Avec Date d'Expiration	{s18}기간제 아이템 목록				
UI_20170330_002601	Objet(s) proche(s) de leur date d'expiration. Fermer ?	곧 기간이 만료됩니다. 종료하시겠습니까?				
UI_20170330_002602	{@st43}{s20}Objets Expirés{/}	{@st43}{s20}기간제 지난 아이템 일괄 삭제 목록{/}				
UI_20170330_002603	{s17}Supprimer tous les objets ci-dessus ?	{s17}위의 아이템을 일괄 삭제 하겠습니까?				
UI_20170330_002604	Objets Principaux Obtenus	대표 획득 아이템				
UI_20170330_002605	{@st41b}Faire Correspondre 2 à 4 Joueurs{/}	{@st41b}4인 이하 입장{/}				
UI_20170330_002606	{@st41b}Faire Correspondre 2 à 4 Joueurs	{@st41b}4인 이하 입장				
UI_20170330_002607	{@st59}Supprimer les Objets Expirés{/}	{@st59}기간이 지난 아이템을 삭제합니다{/}				
UI_20170330_002608	{@st45tw2}Objets Achetés{/}	{@st45tw2}구매 개수{/}				
UI_20170330_002609	{@st45tw2}Objets Vendus{/}	{@st45tw2}판매 완료 개수{/}				
UI_20170330_002610	{@st45tw2}Montant{/}	{@st45tw2}금액{/}				
UI_20170330_002611	{@st45tw2}Vendu{/}	{@st45tw2}판매 완료{/}				
UI_20170330_002612	{@st45tw2}Acheté{/}	{@st45tw2}구매 완료{/}				
UI_20170330_002613	{@st45tw2}Annulé{/}	{@st45tw2}판매 취소{/}				
UI_20170330_002614	{@st45tw2}Autres{/}	{@st45tw2}기타{/}				
UI_20170330_002615	{@st42}Rejoindre	{@st42}참석하기				
UI_20170330_002616	{@st42}Fermer	{@st42}닫기				
UI_20170330_002617	{@st59}Fermer la Boîte de Messages{/}	{@st59}메시지 함을 닫습니다{/}	UI_20150317_000017	{@st59}Fermer{/}	{@st59}경매장을 닫습니다{/}	
UI_20170330_002618	{#62100c}Objets non échangeables : %s	{#62100c}거래불가 개수 : %s개	UI_20150918_001804	Total non échangeable : %s	총 거래 불가: %s개	
UI_20170330_002619	Échange	거래 옵션				
UI_20170330_002620	Boutique	상점				
UI_20170330_002621	Personnel	개인				
UI_20170330_002622	Échange	거래{nl} 옵션				
UI_20170330_002623	%s Description de l'objet %s	%s 로 아이템 설명 %s				
UI_20170330_002624	{@59}Créer un Tag d'Invitation{/}	{@59}초대 태그 생성{/}				
UI_20170330_002625	{@59}Quitter{/}	{@59}나가기{/}				
UI_20170330_002626	%s objets envoyés.	%s개 지급되었습니다.				
UI_20170330_002627	Objet	아이템명				
UI_20170330_002628	Date d'Expiration	기간만료				
UI_20170330_002629	Argent du marché récupérable instantanément	마켓 판매금 즉시 수령				
UI_20170330_002630	Enregistrement hors des prix max./min. autorisés	마켓 상/하한가 관계없이 물품 등록 가능				
UI_20170330_002631	Déplaçable via le coffre d'équipe	팀 창고 이용 가능				
UI_20170418_002632	{@st66} * Si la liste d'achats ne s'affiche pas correctement en raison d'une erreur temporaire, veuillez cliquer sur le bouton Tout récupérer pour recevoir l'objet.{/}	{@st66}일시적인 오류로 구매 내역이 표시되지 않을 경우, 전체 수령 버튼을 클릭하여 수령을 시도해 보시기 바랍니다.{/}				
UI_20170418_002633	{@st68}Recharger{/}	{@st68}새로고침				
UI_20170418_002634	{@st68}Tout récupérer{/}	{@st68}전체수령				
UI_20170418_002635	Points Requis	필요 포인트				
UI_20170419_002636	{@st66b}Voir Plus{/}	{@st66b}친구 더 보기{/}				
UI_20170419_002637	Cliquez pour voir plus d'infos sur l'ami.	클릭하면 더 많은 친구 정보를 볼 수 있습니다				
UI_20170419_002638	J'accepte d'être associé à un groupe de 2 à 4 joueurs.	4인 이하로 매칭될 수 있는 데에 동의합니다.				
UI_20170420_002639	Mes points :	내 특성 포인트 :				
UI_20170420_002640	{@st66b}Acheter des Points d'Attribut	{@st66b}특성 포인트 구매				
UI_20170420_002641	{@st66d}Acheter des Points d'Attribut	{@st66d}특성 포인트 구매				
UI_20170420_002642	Taux d'Achat	구매 비율				
UI_20170420_002643	Peut Acheter	구매 가능 포인트				
UI_20170420_002644	Entrez le nombre de points à acheter.	구매하실 포인트를 입력하세요.				
UI_20170420_002645	Montant Dépensé	소비 소지금				
UI_20170420_002646	Quantité Restante	잔여 소지금				
UI_20170420_002647	{@st66b}Acheter	{@st66b}구매				
UI_20170420_002648	{@st66b}Annuler	{@st66b}취소				
UI_20170420_002649	Vous pouvez stocker des objets échangeables.{nl}Le stockage d'argent est disponible pour les utilisateurs de Token.	거래가 가능한 아이템을 보관할 수 있습니다.{nl}실버 보관은 토큰을 구매한 유저만 이용 가능합니다.				
UI_20170420_002650	{@st41b}Ce cube ne peut pas être rouvert.{/}	{@st41b}한번 더 열기를 할 수 없는 큐브입니다.{/}				
UI_20170420_002651	{@st41}Ouvrir le Cube de Costume	{@st41}코스튬 큐브  열기				
UI_20170420_002652	{@st66b}Utiliser pour obtenir un costume.{/}	{@st66b}코스튬을 얻을 수 있습니다.{/}				
UI_20170510_002653	* Après la réinitialisation, vous recevrez des points d'attribut{nl}équivalents au niveau de vos attributs avant la réinitialisation.	* 초기화 전 올린 특성의 레벨은{nl}초기화 후 특성 포인트를 돌려드립니다.				
UI_20170510_002654	* Des cartes d'XP de classe équivalentes au dernier{nl}niveau de classe{nl}atteint seront envoyées dans votre inventaire.	* 마지막 달성한 클래스 레벨을 확인해 {nl} 그에 해당하는 클래스 경험치 카드를 인벤토리로 지급합니다.				
UI_20170615_002655	{@st42b}Ouvrir Cube secret de Leticia X %s	{@st42b}레티샤 큐브 X %s 열기	UI_20161108_002446	{@st42b}Ouvrir Cube secret de Leticia X %s	{@st42b}레티샤의 비밀 큐브 X %s 열기	
UI_20170615_002656	{@st43}{s22}Cube de Recette{/}	{@st43}{s22}레시피 큐브{/}				
UI_20170615_002657	{@st41}Sélectionnez une recette et confirmez{/}	{@st41}레시피를 선택 후 확인을 눌러주세요{/}				
UI_20170615_002658	{@st41b}Recevoir{/}	{@st41b}받기{/}				
UI_20170726_002659	{@st66b}Paramètres du Groupe	{@st66b}그룹 설정				
UI_20170726_002660	{@st66b}Paramètres de Couleur	{@st66b}색 설정				
UI_20170726_002661	{@st66d}Si au moins un joueur n'est pas utilisateur de{nl}Token,{nl}l'objet deviendra non échangeable après{nl}l'échange.{/}	{@st66d}한 명 이라도 토큰을 사용하지 않으면{nl} 교환 후 아이템이 거래 불가 상태가 됩니다.{/}	UI_20160811_002273	{@st66d}Les propriétés de l'objet seront{nl}modifiées{nl}car les deux parties n'utilisent{nl}pas de Token.{/}	{@st66d}거래 대상 양측이 모두 토큰 사용하지 않아{nl}아이템 속성이 변경 됩니다.{/}	
UI_20170726_002662	{@st42b}Démarrer{/}	{@st42b}시작{/}				
UI_20170726_002663	Pour commencer à pêcher, sélectionnez votre appât.	낚시를 시작합니다. 사용할 미끼를 올려주세요.				
UI_20170726_002664	Placez votre appât ici.	미끼를 올려주세요				
UI_20170726_002665	Fermer la boîte à pêche.	살림통을 닫습니다.				
UI_20170726_002666	{@st43}Boîte à Pêche{/}	{@st43}살림통{/}				
UI_20170726_002667	{@sti1}Objets{/}	{@sti1}아이템{/}				
UI_20170726_002668	{@st42b}Recevoir les Objets{/}	{@st42b}아이템 수령{/}				
UI_20170726_002669	{@st42b}Arrêter de Pêcher{/}	{@st42b}낚시 종료{/}				
UI_20170726_002670	{@sti1}Cycles de Pêche{/}	{@sti1}낚시 횟수{/}				
UI_20170726_002671	{@st43}Classement de Pêche{/}	{@st43}낚시 랭킹{/}				
UI_20170726_002672	{@st59}Fermer le classement de pêche.{/}	{@st59}낚시 랭킹 창을 닫습니다.{/}				
UI_20170726_002673	points	낚시 포인트				
UI_20170726_002674	Vous pouvez vous déplacer vers l'emplacement souhaité.	거점 이동을 할 수 있습니다.				
UI_20170726_002675	{nl}Les entrées quotidiennes sont comptées différemment pour chaque type de donjon. 	{nl}각 던전은 카테고리별로 입장 횟수가 카운트 됩니다. 				
UI_20170726_002676	{@st59}Fermer les donjons instanciés.{/}	{@st59}인스턴스 던전 창을 닫습니다{/}				
UI_20170726_002677	{@st43}Donjons Instanciés{/}	{@st43}인스턴스 던전{/}				
UI_20170726_002678	Nom	던전 이름				
UI_20170726_002679	Une entrée quotidienne supplémentaire accordée aux utilisateurs de Token.	토큰 혜택으로 1회 추가 입장 가능합니다.				
UI_20170726_002680	Niveau Requis	입장 레벨				
UI_20170726_002681	Difficulté	난이도				
UI_20170726_002682	Ordre	별				
UI_20170726_002683	{@st66b}Par niveau - croissant{/}	{@st66b}레벨 오름차순{/}				
UI_20170726_002684	{@st66b}Par niveau - décroissant{/}	{@st66b}레벨 내림차순{/}				
UI_20170726_002685	{@st66b}Les entrées quotidiennes se réinitialisent chaque jour à %s.{/}	{@st66b}입장 횟수는 매일 %s시에 초기화 됩니다.{/}				
UI_20170726_002686	{@st43}{s22}Voir l'Emplacement{/}	{@st43}{s22}던전 위치 보기{/}				
UI_20170726_002687	{@st59}Fermer l'emplacement.{/}	{@st59}던전 위치 보기 창을 닫습니다{/}				
UI_20170726_002688	{@st43}ACTUALITÉS{/}	{@st43}이벤트 안내{/}				
UI_20170726_002689	{@st66b}Cliquez sur une bannière pour accéder à l'annonce de l'événement.{/}	{@st66b}배너를 클릭하면 해당 이벤트 페이지로 이동합니다{/}				
UI_20170726_002690	{@st59}Fermer les événements.{/}	{@st59}이벤트 안내 UI를 닫습니다{/}				
UI_20170726_002691	{@st59}Échanger l'équipement.{/}	{@st59}해당 번호로 장비를 교환합니다{/}				
UI_20170726_002692	Ouvrir la Bannière d'Événement	이벤트 배너를 엽니다				
UI_20170726_002693	{@st66b}Afficher le nombre de fragments{/}	{@st66b}메인 화면에 파편의 개수 표시하기{/}				
UI_20170726_002694	{@st42}Fragments du Necronomicon{/}	{@st42}네크로노미콘 파편의 개수{/}				
UI_20170726_002695	{@st66b}Afficher la Quantité de Poison{/}	{@st66b}메인 화면에 독의 양 표시하기{/}				
UI_20170726_002696	{s20}Poison	{s20}독의 양				
UI_20170726_002697	{@st42}Poison dans le Pot de Poison{/}	{@st42}포이즌 팟의 독의 양{/}				
UI_20170726_002698	{@st59}Boîte à Pêche{/}	{@st59}낚시 살림통{/}				
UI_20170726_002699	{@st59}Infos Donjon (F10){/}	{@st59}던전 정보(F10){/}				
UI_20170726_002700	{@st66b}Voir les Infos de Base du Personnage{/}	{@st66b}캐릭터 기본 정보 보기{/}				
UI_20170726_002701	{@st66b}Afficher PV/PM sous le Personnage{/}	{@st66b}캐릭터 아래에 HP, SP 표시{/}				
UI_20170726_002702	{@st66b}Utiliser le multithread (Bêta){/}	{@st66b}멀티스레드 사용(Beta){/}				
UI_20170726_002703	{@st59}Applique la mise à jour multithread (Bêta).{/}	{@st59}멀티스레드 업데이트(Beta)를 적용합니다.{/}				
UI_20170726_002704	{@st66d}{s18}Cubes TP{/}	{@st66d}{s18}유료 확률형 아이템{/}				
UI_20170726_002705	{@st43d}{s18}Consultez notre site officiel pour la liste des objets contenus dans les Cubes TP.{/}	{@st43d}{s18}- 홈페이지 하단의 확률형 아이템 목록 메뉴에서 구성품과 확률을 확인 할 수 있습니다.{/}				
UI_20170726_002706	{@st41}Sélectionnez et confirmez.{/}	{@st41}선택 후 확인을 눌러주세요{/}				
UI_20170726_002707	{@st59}Aide{/}	{@st59}도움말{/}				
UI_20170726_002708	Jours/Heures/Minutes	일시분				
UI_20170726_002709	{@st59}Nouveau{/}	{@st59}신규{/}				
UI_20170726_002710	{@st59}Ferme Bientôt{/}	{@st59}종료 임박{/}				
UI_20170726_002711	{@st59}Période d'Échange{/}	{@st59}교환 기간{/}				
UI_20170726_002712	{@st66b}Recevoir les Récompenses	{@st66b}보상 받기				
UI_20170901_002713	{@st59}Ailes{/}	{@st59}날개{/}				
UI_20170912_002714	{@st43b}Journal d'Aventure	{@st43b}모험 일지				
UI_20170912_002715	{@st59}Classement du Journal d'Aventure	{@st59}모험일지 랭킹{/}				
UI_20170912_002716	{@st59}Classement de la Ligue de Combat d'Équipe{/}	{@st59}팀배틀리그 랭킹{/}				
UI_20170912_002717	{@st59}Classement de Défense en Montée{/}	{@st59}업힐디펜스 랭킹{/}				
UI_20170912_002718	{@st59}Principal{/}	{@st59}메인{/}				
UI_20170912_002719	{@st59}Monstres{/}	{@st59}몬스터{/}				
UI_20170912_002720	{@st59}Objets{/}	{@st59}아이템{/}				
UI_20170912_002721	{@st59}Fabrication{/}	{@st59}제작{/}				
UI_20170912_002722	{@st59}Vie{/}	{@st59}생활{/}				
UI_20170912_002723	{@st59}Donjons{/}	{@st59}던전{/}				
UI_20170912_002724	{@st59}Croissance{/}	{@st59}성장{/}				
UI_20170912_002725	{@st59}Exploration{/}	{@st59}탐험{/}				
UI_20170912_002726	Équipe	팀명				
UI_20170912_002727	Personnage	캐릭명				
UI_20170912_002728	{img test_cooltime 24 24}Les points se réinitialisent le 1er jour de chaque mois.{/}	{img test_cooltime 24 24} 매월 1일마다 점수가 초기화됩니다.{/}				
UI_20170912_002729	{@st41b}Meilleurs Rangs	{@st41b}상위 랭킹				
UI_20170912_002730	{@st41b}Mes Rangs les Plus Proches	{@st41b}내 주변 랭킹				
UI_20170912_002731	{@st43b}Total %s points	{@st43b}총 획득 점수 %s점				
UI_20170912_002732	{@st66b}Plus de Monstres	{@st66b}몬스터 더 보기				
UI_20170912_002733	{@st66d_y}%s points / {/}{@st42}%s points{/}	{@st66d_y}%s점 / {/}{@st42}%s점{/}				
UI_20170912_002734	Vaincu	처치횟수				
UI_20170912_002735	{@st41b}Zone	{@st41b}서식지역				
UI_20170912_002736	Description	설명문				
UI_20170912_002737	Sous-catégorie	하위 카테고리				
UI_20170912_002738	{@st66b}Plus d'Objets	{@st66b}아이템 더 보기				
UI_20170912_002739	Attributs	관련 특성				
UI_20170912_002740	Ventes	총 매출				
UI_20170912_002741	{@st66b}Plus	{@st66b}더 보기				
UI_20170912_002742	Nom A-Z	이름 올림차 순				
UI_20170912_002743	Nom Z-A	이름 내림차 순				
UI_20170912_002744	%s poissons pêchés	물고기를 낚은 횟수  %s번				
UI_20170912_002745	Complétions	클리어 횟수				
UI_20170912_002746	Emplacement	던전위치				
UI_20170912_002747	%s	%s번				
UI_20170912_002748	Points de classe %s	클래스 점수  %s점				
UI_20170912_002749	Niveau d'équipe %s	팀 레벨 %s				
UI_20170912_002750	Exploration	탐험				
UI_20170912_002751	%s % exploré	총 탐사율 %s %				
UI_20170912_002752	Niv. recommandé	- 권장레벨				
UI_20170912_002753	Exploration	- 탐색율				
UI_20170912_002754	Type	종류				
UI_20170912_002755	Points d'acquisition %s	획득 점수 %s 점				
UI_20170912_002756	Points d'acquisition %s	획득점수 %s점				
UI_20170912_002757	Statut	상태				
UI_20170912_002758	ESP +6	정신 +6				
UI_20170912_002759	Classement du Journal d'Aventure	모험일지 랭킹				
UI_20170912_002760	{@st66d_y}%s{/} Batailles {@st66d_y}%s{/} Victoires {@st66d_y}%s{/} Défaites	{@st66d_y}%s{/} 전 {@st66d_y}%s{/} 승 {@st66d_y}%s{/} 패				
UI_20170912_002761	%s points	%s 점				
UI_20170912_002762	{@st59}Participation{/}	{@st59}참여{/}				
UI_20170912_002763	Classement de Défense en Montée	업힐디펜스 랭킹				
UI_20170912_002764	Total des Points	누적 포인트				
UI_20170912_002765	{@st66b}Boutique de Points{/}	{@st66b}포인트샵{/}				
UI_20170912_002766	{@st66b}Exploration de Carte	{@st66b}맵탐사				
UI_20170912_002767	{@st66b}Quêtes/Hauts Faits	{@st66b}퀘스트/업적				
UI_20170912_002768	{@st66b}Collection	{@st66b}콜렉션				
UI_20170912_002769	{@st66b}Boutiques Personnelles	{@st66b}개인 상점				
UI_20170912_002770	{@st66b}Pêche	{@st66b}낚시				
UI_20170912_002771	{@st59}Épéiste{/}	{@st59}소드맨 계열{/}				
UI_20170912_002772	{@st59}Mage{/}	{@st59}위자드 계열{/}				
UI_20170912_002773	{@st59}Archer{/}	{@st59}아처 계열{/}				
UI_20170912_002774	{@st59}Clerc{/}	{@st59}클레릭 계열{/}				
UI_20170912_002775	{@st66b}Observer{/}	{@st66b}관전하기{/}				
UI_20170912_002776	Zone : %s	지역:%s				
UI_20170912_002777	Zone	지역 이름				
UI_20170912_002778	{@st42}{s18}Liste de Mes Personnages	{@st42}{s18}완료한 내 캐릭터 목록				
UI_20170912_002779	[%s] Liste des récompenses	[%s] 보상리스트				
UI_20170912_002780	ⓘ Récupérez vos récompenses aux Ailes de Vaivora.	ⓘ 바이보라 날개에게서 보상 아이템을 획득하실 수 있습니다.				
UI_20170912_002781	Tout Récupérer	모두 받기				
UI_20170912_002782	Alerte Guerres de Territoire	콜로니전 알람 메세지				
UI_20170912_002783	Dernier Occupant du Site	현재 점령 중인 길드				
UI_20170912_002784	Points Actuels	점령 포인트 현황				
UI_20170912_002785	Ma Guilde	내 길드				
UI_20170912_002786	{@st66d}Retour en ville dans {s20}%s secondes.{/}	{@st66d}{s20}%s초 후에 도시로 귀환됩니다.{/}				
UI_20170912_002787	{@st66d}Retourner en ville{/}	{@st66d}도시 귀환{/}				
UI_20170912_002788	{@st43}{s20}Guilde Protectrice{/}	{@st43}{s20}점령길드{/}				
UI_20170912_002789	Guilde Protectrice	점령 길드 이름				
UI_20170912_002790	{@st41_red}Effet Amovible{/}	{@st41_red}제거 되는 효과{/}				
UI_20170912_002791	{@st43}Échanger un Artefact{/}	{@st43}유물 교환{/}				
UI_20170912_002792	{@st59}Fermer l'Échange d'Artefact{/}	{@st59}유물 교환을 닫습니다{/}				
UI_20170912_002793	{@st41b}Échanger	{@st41b}교환				
UI_20170912_002794	Pour commencer à pêcher, sélectionnez votre appât.	낚시를 시작합니다. 사용할 미끼를 선택해주세요.	UI_20170726_002663	Pour commencer à pêcher, sélectionnez votre appât.	낚시를 시작합니다. 사용할 미끼를 올려주세요.	
UI_20170912_002795	{@st43b}{s22}Boîte à pêche palier %s{/}	{@st43b}{s22}%s 단계 살림통{/}				
UI_20170912_002796	{@st66d_y}{s22}Boîte à pêche palier %s{/}	{@st66d_y}{s22}%s 단계 살림통{/}				
UI_20170912_002797	Max. %s emplacements{nl}Pêché %s fois	최대 %s칸{nl}낚시 횟수 %s회				
UI_20170912_002798	{img icon_item_tpBox_30 30 30}{@st43b}{s18}Amélioration TP %s{/}	{img icon_item_tpBox_30 30 30}{@st43b}{s18}%s TP 업그레이드{/}				
UI_20170912_002799	{@st43}Image %s{/}	{@st43}이미지 %s{/}				
UI_20170912_002800	Enregistrer	등록				
UI_20170912_002801	{@st59b}Entrer une image{nl}{@st59s}- Parcourez pour trouver une image et enregistrez-la{nl}- Actualisez pour mettre à jour la liste, puis sélectionnez l'image	{@st59b}이미지 등록{nl}{@st59s}-폴더 열기 버튼을 통해 폴더에 이미지를 등록{nl}-새로고침을 통해 리스트를 갱신, 선택 후 확인				
UI_20170912_002802	{@st66b}{s18}Ouvrir le dossier	{@st66b}{s18}폴더 열기				
UI_20170912_002803	Ouvrir le dossier contenant l'image.	이미지 등록된 폴더를 열어줍니다.				
UI_20170912_002804	Mettre à jour la liste.	리스트를 갱신합니다.				
UI_20170912_002805	{@st41b}{nl}Confirmer	{@st41b}{nl}확인				
UI_20170912_002806	{@st41b}{nl}Annuler	{@st41b}{nl}취소				
UI_20170912_002807	{@st43}Guilde	{@st43}길드				
UI_20170912_002808	Maître de Guilde	길드 마스터				
UI_20170912_002809	Fondée	길드 개설일				
UI_20170912_002810	Membres	길드원				
UI_20170912_002811	%s/%s	%s/%s명				
UI_20170912_002812	Fonds	길드 자금				
UI_20170912_002813	{@st66}Actualités	{@st66}공지				
UI_20170912_002814	{@st66}Notes	{@st66}소개글				
UI_20170912_002815	Actualités	공지글				
UI_20170912_002816	Notes	소개글				
UI_20170912_002817	Membre {img %s 13 13}	길드원{img %s 13 13}				
UI_20170912_002818	Niveau {img %s 13 13}	레벨{img %s 13 13}				
UI_20170912_002819	Position {img %s 13 13}	직위{img %s 13 13}				
UI_20170912_002820	Contribution	기여도				
UI_20170912_002821	{@st66b}{s18}Autorités{/}	{@st66b}{s18}길드 권한{/}				
UI_20170912_002822	%s en ligne      %s hors ligne	온라인 %s명      오프라인 %s명				
UI_20170912_002823	Afficher en ligne	접속 인원만 보기				
UI_20170912_002824	{@st41b}Inviter	{@st41b}길드 초대				
UI_20170912_002825	{@st66d_y}{s18}Niveau de Guilde{/}	{@st66d_y}{s18}길드 레벨{/}				
UI_20170912_002826	{@st43b}{s18}Tour de guilde (%s/1){/}	{@st43b}{s18}길드 타워 (%s/1){/}				
UI_20170912_002827	Avantages	길드 혜택				
UI_20170912_002828	Avantages de guilde mis à jour selon le niveau de la tour de guilde du Templier actuel.	현재 템플러의 길드 타워 레벨로 길드 혜택을 갱신합니다.				
UI_20170912_002829	Points d'attribut : %s	특성 포인트: %s				
UI_20170912_002830	ⓘ L'amélioration de la guilde n'est disponible qu'à l'intérieur de la tour de guilde.	ⓘ 길드 성장은 길드 타워에서만 가능합니다.				
UI_20170912_002831	{@st43b}{s18}Objets de Guilde{/}	{@st43b}{s18}길드 아이템{/}				
UI_20170912_002832	{@st43b}{s18}Fonds de Guilde{/}	{@st43b}{s18}길드 자금{/}				
UI_20170912_002833	Note	비고				
UI_20170912_002834	{img icon_item_silver 24 24} Montant	{img icon_item_silver 24 24} 금액				
UI_20170912_002835	{img in_arrow 20 20}{@st66b}{s18}Déposer  {/}	{img in_arrow 20 20}{@st66b}{s18}입금  {/}				
UI_20170912_002836	ⓘ Cet objet peut être distribué aux membres de la guilde par le maître de guilde, après quoi il devient lié à chaque personnage qui le reçoit.{nl}ⓘ Pour recevoir l'objet, consultez la boîte de messages de votre caserne.	ⓘ 이 아이템은 길드 마스터가 길드원에게 양도할 수 있고, 그 아이템은 수령한 길드원에게 귀속됩니다.{nl}ⓘ 아이템은 메세지 함에서 수령 가능합니다.				
UI_20170912_002837	{@st43b}{s18}Guerres de Guilde{/}	{@st43b}{s18}길드 전쟁{/}				
UI_20170912_002838	Alerte d'Annulation du Statut Neutre	중립 해제 알람				
UI_20170912_002839	L'alerte s'affiche 1 jour avant l'annulation de la neutralité.{nl}Seul le maître de guilde peut modifier cette option.	중립 선언이 해제되기 1일 전부터 맵에 입장할 때마다 알람 메세지가 나옵니다.{nl}길드 마스터만 옵션 변경을 할 수 있습니다.				
UI_20170912_002840	ⓘ Les tours de guilde détruites lors des guerres peuvent être reconstruites après 24 heures.{nl}ⓘ Les déclarations de guerre se font à la tour de la guilde adverse.{nl}ⓘ La guerre commence 1 heure après avoir été déclarée.{nl}ⓘ Après avoir déclaré la guerre, votre guilde ne peut pas être dissoute avant la fin de la guerre.{nl}ⓘ Vous ne pouvez pas déclarer de guerre sans tour de guilde.	ⓘ 길드 전쟁 도중 부숴진 길드 타워는 24시간 이후에 다시 세울 수 있습니다.{nl}ⓘ 전쟁 선포는 상대 길드 타워를 통해 선포 할 수 있습니다.{nl}ⓘ 전쟁 선포 후, 1시간 후에 전쟁이 시작됩니다.{nl}ⓘ 전쟁 선포를 하면, 전쟁이 끝날 때까지 길드 해산을 할 수 없습니다.{nl}ⓘ 길드타워가 없으면 전쟁 선포를 할 수 없습니다.				
UI_20170912_002841	{@st43b}{s18}Guerres de Territoire de Guilde{/}	{@st43b}{s18}길드 콜로니전{/}				
UI_20170912_002842	Qu'est-ce que les guerres de territoire	길드 콜로니전이란				
UI_20170912_002843	Statut	참가 여부				
UI_20170912_002844	Ne Participe Pas	미참가				
UI_20170912_002845	ⓘ Les guildes ayant capturé des sites participent automatiquement.{nl}ⓘ Après avoir défini le statut sur  	ⓘ 스팟 점령 길드는 참가로 고정됩니다.{nl}ⓘ 참가 여부 옵션을 				
UI_20170912_002846	, vous ne pouvez pas transférer le poste de maître de guilde.{nl}ⓘ Seul un maître de guilde Templier peut modifier le statut de participation.{nl}ⓘ Cette option ne peut être modifiée que jusqu'à 5 minutes avant le début des guerres de territoire, ou 1 minute après leur fin.{nl}ⓘ Le statut de participation peut être modifié que votre guilde ait une tour ou non.	로 변경 시, 길드 마스터 위임이 불가능합니다.{nl}ⓘ 참가 여부 옵션은 템플러 클래스를 가진 길드 마스터만 변경할 수 있습니다.{nl}ⓘ 참가 여부 옵션은 길드 콜로니전 시작 5분 전 부터 종료 1분 후까지 변경할 수 없습니다.{nl}ⓘ 참가 여부 옵션은 길드 타워의 설치 유무와 상관없이 변경할 수 있습니다.				
UI_20170912_002847	{@st43b}{s18}Avantages du Site{/}	{@st43b}{s18}점령 혜택{/}				
UI_20170912_002848	Zones du Site	점령 지역				
UI_20170912_002849	Grade	지역 등급				
UI_20170912_002850	Récompense en argent (%)	지급 실버(%)				
UI_20170912_002851	Récompenses du Site	점령보상				
UI_20170912_002852	ⓘ Les récompenses de site sont %s chaque semaine.{nl}ⓘ Les récompenses incluent  	ⓘ 점령 보상은 매주 %s됩니다.{nl}ⓘ 점령 보상금은 전 주 마켓 수수료 중에서 				
UI_20170912_002853	 de vos frais de marché de la semaine précédente.{nl}ⓘ Les récompenses de site sont livrées sous forme de lingots de cuivre.{nl}ⓘ Le montant maximum possible récompensé est de %s centaines de millions d'argent.{nl}ⓘ Veuillez consulter notre site officiel pour plus d'informations.	만큼 지급됩니다.{nl}ⓘ 점령 보상금은 동괴로 환산되어 지급됩니다.{nl}ⓘ 점령 보상금으로 지급되는 실버는 상한선이 존재하며, 상한선은 %s억입니다.{nl}ⓘ Beta에 지급되는 점령 보상 및 지급 일정은 위에 명시된 내용과 다를 수 있으며, 홈페이지 내 공지사항을 통해 확인 바랍니다.				
UI_20170912_002854	Mardi 06:00	화요일 06:00				
UI_20170912_002855	{@st43b}{s18}Emblème de Guilde{/}	{@st43b}{s18}길드 엠블럼{/}				
UI_20170912_002856	{@st41b}{nl}Image %s{/}	{@st41b}{nl}이미지 %s{/}				
UI_20170912_002857	ⓘ Le premier emblème peut être enregistré gratuitement.{nl}ⓘ Changer l'emblème coûte %s0 000 argent.{nl}ⓘ Votre image doit être de taille %s et au format %s.{nl}ⓘ Le nom du fichier doit être composé uniquement de caractères alphanumériques.{nl}ⓘ L'utilisation d'images problématiques peut entraîner des restrictions.	ⓘ 길드 엠블럼의 최초 등록은 무료입니다.{nl}ⓘ 길드 엠블럼 변경시 %s만 실버가 사용됩니다.{nl}ⓘ 길드 엠블럼은 %s 크기의 %s 파일만 등록 가능합니다.{nl}ⓘ 파일 이름이 영문과 숫자로 이루어진 파일만 등록 가능합니다.{nl}ⓘ 문제 있는 이미지 사용 시 제재가 있을 수 있습니다.				
UI_20170912_002858	{@st43b}{s18}Paramètres d'Entrée du Repaire{/}	{@st43b}{s18}아지트 입장 설정{/}				
UI_20170912_002859	Autoriser les Personnes Extérieures	외부인 입장 가능				
UI_20170912_002860	{@st43b}{s18}Actualités de Guilde{/}	{@st43b}{s18}길드 공지{/}				
UI_20170912_002861	{@st66}{s18}Enregistrer{/}	{@st66}{s18}등록{/}				
UI_20170912_002862	{@st43b}{s18}Notes de Guilde{/}	{@st43b}{s18}길드 소개글{/}				
UI_20170912_002863	{@st43b}{s18}Tableau de message d'une ligne{/}	{@st43b}{s18}한 줄 게시판{/}				
UI_20170912_002864	25 caractères maximum autorisés.	최대 25자 까지 가능합니다.				
UI_20170912_002865	ⓘ Vous pouvez publier sur le tableau de message d'une ligne 3 fois par jour.	ⓘ 한 줄 게시판은 하루 3회 등록 가능합니다.				
UI_20170912_002866	Infos de Guilde	길드 정보				
UI_20170912_002867	Guerres	전쟁				
UI_20170912_002868	Guerres de Territoire	콜로니전				
UI_20170912_002869	{@st43}Envoyer des Objets	{@st43}아이템 보내기				
UI_20170912_002870	Envoi en cours	전달 개수				
UI_20170912_002871	Restant	잔여 개수				
UI_20170912_002872	Nom d'Équipe {img %s 13 13}	팀명 {img %s 13 13}				
UI_20170912_002873	Montant	수량				
UI_20170912_002874	{@st41b}{nl}Envoyer	{@st41b}{nl}보내기				
UI_20170912_002875	{@st42b}{s20}Continuer les Achats	{@st42b}{s20}연속 구매				
UI_20170912_002876	{@st42b}{s20}Fermer	{@st42b}{s20}닫기				
UI_20170912_002877	{@st66}Fermer	{@st66}닫기	UI_20150317_000253	{@st41b}Fermer	{@st41b}닫기	
UI_20170912_002878	{@st59}Échanger l'Équipement (Alt+Z){/}	{@st59}해당 번호로 장비를 교환합니다(Alt+Z){/}				
UI_20170912_002879	{img monsterbtn_image 29 28}{@st66b}{s16}Cartes de Monstre{/}	{img monsterbtn_image 29 28}{@st66b}{s16}몬스터 카드{/}				
UI_20170912_002880	{@st59}Ouvrir la Fenêtre des Cartes de Monstre{/}	{@st59}몬스터 카드창을 엽니다{/}				
UI_20170912_002881	{@st43}{s22}Cube Secret de Leticia{/}	{@st43}{s22}레티샤 시크릿 큐브{/}				
UI_20170912_002882	Nom du Cube	큐브 이름이다				
UI_20170912_002883	{nl}{img %s 40 40}{@st42b}{s20}Cubes  	{nl}{img %s 40 40}{@st42b}{s20}큐브 개봉  				
UI_20170912_002884	ⓘ Consultez le site officiel et les descriptions d'objets pour plus d'infos.	ⓘ확률성 아이템의 확률은 공식 홈페이지에서 확인할 수 있습니다.				
UI_20170912_002885	{@st43}Équiper les Cartes de Monstre{/}	{@st43}몬스터 카드 장착{/}				
UI_20170912_002886	{@st59}Fermer l'Équipement des Cartes de Monstre{/}	{@st59}몬스터 카드 장착 UI를 닫습니다{/}				
UI_20170912_002887	{@st59}Seul un Maître de Guilde Templier dans l'Équipe{/}	{@st59}팀내 유일한 템플러 직업을 가진 길드 마스터 캐릭터{/}				
UI_20170912_002888	{@st66b}Réapparaître dans une ville proche (30 secondes){/}	{@st66b}가까운 도시에서 부활하기 (30초){/}				
UI_20170912_002889	{@st66b}Afficher le Nom du Groupe{/}	{@st66b}파티 이름 표시{/}				
UI_20170912_002890	{@st66b}Matériau de Recette Obtenu{/}	{@st66b}레시피 재료 획득 시 팝업{/}				
UI_20170912_002891	{@st43}Paramètres JcJ{/}	{@st43}PVP 설정{/}				
UI_20170912_002892	{@st66b}Échelle de police des dégâts (%s){/}	{@st66b}대미지 폰트 스케일 (%s){/}				
UI_20170912_002893	{@st66b}Afficher la Portée de Zone{/}	{@st66b}장판 범위 표시{/}				
UI_20170912_002894	{@st66b}Utiliser les Effets d'Attaque	{@st66b}타격 효과 사용				
UI_20170912_002895	{@st66b}Votre nom d'équipe représente tous vos personnages et est utilisé pour les échanges, les guildes, la discussion, etc.{nl}Changer votre nom d'équipe consomme 150 TP, alors choisissez-le avec soin.{/}	{@st66b}팀 이름은 모든 캐릭터를 대표하는 이름이며, 거래, 길드 가입, 대화 등에 사용되는 공용 이름입니다.{nl}팀 이름 변경에는 150TP가 소모되니 신중히 입력해 주세요.{/}	UI_20150717_001732	{@st41b}             Un nom d'équipe représente tous vos personnages.{nl}                C'est un nom commun utilisé dans le jeu.{nl}                  (Changer votre nom d'équipe coûtera des TP !){/}	{@st66b} 팀 이름은 모든 캐릭터를 대표하는 이름입니다.{nl}자유롭게 바꿀 수 있는 팀 이름은 거래, 길드 가입, 대화 등에 사용되는 공용 이름입니다.{/}	
UI_20170912_002896	{@st41}%s points	{@st41}%s 점수				
UI_20170912_002897	Texte	텍스트				
UI_20170912_002898	Qté.	몇				
UI_20170912_002899	{@st66b}Rang %s	{@st66b}%s위				
UI_20170912_002900	{@st66b}%s points	{@st66b}%s점				
UI_20170912_002901	Cartes	맵				
UI_20170912_002902	Type	타입				
UI_20170912_002903	Type d'Objet	아이템 타입				
UI_20170912_002904	Dernière Acquisition	가장 최근에 획득한 방법				
UI_20170912_002905	Emplacement	획득처				
UI_20170912_002906	N/D	별별별				
UI_20170912_002907	Nom de la Boutique	상점명				
UI_20170912_002908	Ventes	매출				
UI_20170912_002909	Attribut	특성명				
UI_20170912_002910	Nom du Poisson	물고기 이름				
UI_20170912_002911	Total complété %s fois	총 %s번 클리어				
UI_20170912_002912	Zone	지역 네임				
UI_20170912_002913	Carte	맵네임				
UI_20170912_002914	Entrez le nom du personnage ou de l'équipe.	검색하실 캐릭터 이름 또는 팀 이름을 입력하세요				
UI_20170912_002915	Nom	이름이다				
UI_20170912_002916	Quête	퀘스트이름				
UI_20170912_002917	%s	%s개				
UI_20170912_002918	Titre	칭호이름				
UI_20170912_002919	N/D	뭐라뭐라				
UI_20170912_002920	Récompense	보상템				
UI_20170912_002921	+1 récompense supplémentaire des missions Saalus	살러스 수녀원 미션 완료 보상 +1				
UI_20170925_002922	{img icon_item_tospoint 24 24}{@st41b}Consomme 0 TP{nl}Déséquiper la carte sans perdre d'étoile{/}	{img icon_item_tospoint 24 24}{@st41b}0TP 소모{nl}별 감소없이 카드 해제하기{/}	UI_20160811_002262	{img icon_item_tospoint 24 24}{@st41b}Consomme 5 TP{nl}Déséquiper la carte sans perdre d'étoile{/}	{img icon_item_tospoint 24 24}{@st41b}5TP 소모{nl}별 감소없이 카드 해제하기{/}	
UI_20170925_002923	File d'attente totale : %s	총 대기인원: %s	UI_20161121_002465	File d'attente totale : %s	총 대기인원: %s명	
UI_20170925_002924	Réception des informations.	정보를 요청 중 입니다.				
UI_20171128_002925	Fermer l'interface.	출석 UI를 닫습니다.				
UI_20171128_002926	Période de Vérification	출석 체크 기간				
UI_20171128_002927	* Les récompenses de connexion quotidienne seront automatiquement envoyées une fois par jour dans l'inventaire du premier personnage à accéder au jeu.{nl}* Parchemin d'enchantement (14 jours).{nl}* Les récompenses ne peuvent être reçues que pendant la période de vérification de connexion. Après cette période, aucune récompense supplémentaire ne sera envoyée.{nl}	* 출석 보상은 1일 1회, 당일 첫 접속한 캐릭터 인벤토리로 자동 지급됩니다.{nl}* 마법 부여 스크롤(14일)을 제외한 모든 아이템은 팀 창고로 이동할 수 있습니다.{nl}* 출석 체크 기간 동안에만 출석 보상을 받을 수 있으며, 기간 경과 시 더 이상 지급되지 않습니다.{nl}				
UI_20171128_002928	{@st66b18}※ Les changements de nom avec TP ne sont pas remboursables.{/}	{@st66b18}※이름 변경에 사용된 TP는 환불되지 않습니다.{/}	UI_20151224_001847	{@st66b18}※ Les achats effectués avec des TP ne sont pas remboursables.{/}	{@st66b18}※구매에 사용된 TP는 환불되지 않습니다.{/}	
UI_20171128_002929	Taille %s	크기: %s				
UI_20171128_002930	{@st42b}Confirmer	{@st42b}확인				
UI_20171128_002931	Mettre à jour le coffre de guilde.	현재 길드 보관함을 갱신합니다.				
UI_20171128_002932	ⓘ Les récompenses de site sont %s chaque semaine.{nl}ⓘ Les récompenses incluent  	ⓘ 점령 보상은 매주 %s 지급됩니다.{nl}ⓘ 점령 보상금은 전 주 마켓 수수료 중에서 	UI_20170912_002852	ⓘ Les récompenses de site sont %s chaque semaine.{nl}ⓘ Les récompenses incluent  	ⓘ 점령 보상은 매주 %s됩니다.{nl}ⓘ 점령 보상금은 전 주 마켓 수수료 중에서 	
UI_20171128_002933	 de vos frais de marché de la semaine précédente.{nl}ⓘ Les récompenses de site sont livrées sous forme d'objets de guerre de guilde.{nl}ⓘ Le montant maximum possible récompensé est de %s centaines de millions d'argent.{nl}ⓘ Veuillez consulter notre site officiel pour plus d'informations.	만큼 지급됩니다.{nl}ⓘ 점령 보상금은 콜로니전 기념 주화로 환산되어 지급됩니다.{nl}ⓘ 점령 보상금으로 지급되는 실버는 상한선이 존재하며, 상한선은 %s억입니다.{nl}ⓘ Beta에 지급되는 점령 보상 및 지급 일정은 위에 명시된 내용과 다를 수 있으며, 홈페이지 내 공지사항을 통해 확인 바랍니다.	UI_20170912_002853	 de vos frais de marché de la semaine précédente.{nl}ⓘ Les récompenses de site sont livrées sous forme de lingots de cuivre.{nl}ⓘ Le montant maximum possible récompensé est de %s centaines de millions d'argent.{nl}ⓘ Veuillez consulter notre site officiel pour plus d'informations.	만큼 지급됩니다.{nl}ⓘ 점령 보상금은 동괴로 환산되어 지급됩니다.{nl}ⓘ 점령 보상금으로 지급되는 실버는 상한선이 존재하며, 상한선은 %s억입니다.{nl}ⓘ Beta에 지급되는 점령 보상 및 지급 일정은 위에 명시된 내용과 다를 수 있으며, 홈페이지 내 공지사항을 통해 확인 바랍니다.	
UI_20171128_002934	Correspondance auto%s	자동매칭%s				
UI_20171128_002935	{@st41b}Entrer maintenant%s	{@st41b}바로입장%s				
UI_20171128_002936	{@st43}{#ffcc33}{s24}Terminer	{@st43}{#ffcc33}{s24}클리어				
UI_20171128_002937	{@ST43}Terminé : 	{@st43}{s24}달성률 : 				
UI_20171128_002938	{@st43b}{s18}Récompenses reçues	{@st43b}{s18}획득 보상				
UI_20171128_002939	{@st66d_y}Récompense d'effet multiplicateur x	{@st66d_y}배수권 효과 보상 x				
UI_20171128_002940	{img icon_item_silver 24 24} Argent	{img icon_item_silver 24 24} 실버				
UI_20171128_002941	{img icon_item_cube3 25 25} Cube	{img icon_item_cube3 25 25} 큐브				
UI_20171128_002942	{img test_indun_exp 30 15} XP	{img test_indun_exp 30 15} 경험치				
UI_20171128_002943	{img test_indun_exp 30 15} XP de Classe	{img test_indun_exp 30 15} 클래스 경험치				
UI_20171128_002944	{@st41b}Retour	{@st41b}돌아가기				
UI_20171128_002945	Retourner à la carte d'entrée.	입장 지역으로 돌아갑니다.				
UI_20171128_002946	Taux d'Accomplissement	인던 달성률				
UI_20171128_002947	{@st59}Costume Spécial{/}	{@st59}스페셜 코스튬{/}				
UI_20171128_002948	{@st43}Démantèlement d'Objet{/}	{@st43}아이템 분해{/}				
UI_20171128_002949	{@st43}{#ffcc33}Démantèlement Terminé{/}	{@st43}{#ffcc33}분해 완료{/}				
UI_20171128_002950	{@st41b}Coût de Démantèlement{/}	{@st41b}분해 비용{/}				
UI_20171128_002951	{@st41b}Objets à Démanteler{/}	{@st41b}분해 하기{/}				
UI_20171128_002952	Réidentification d'Objet	아이템 재감정				
UI_20171128_002953	Réidentifier l'Objet	재감정 하기				
UI_20171128_002954	{@st43b}{s18}Placez l'objet que vous voulez renforcer.	{@st43b}{s18}아이템을 올려주세요				
UI_20171128_002955	{@st43b}{s18}Option Actuelle	{@st43b}{s18}현재 옵션				
UI_20171128_002956	{@st43b}{s18}Avant Modification	{@st43b}{s18}변경 전				
UI_20171128_002957	{@st43b}{s18}Après Modification	{@st43b}{s18}변경 후				
UI_20171128_002958	{@st43b}{s18}Matériau	{@st43b}{s18}재료				
UI_20171128_002959	{@st59}Changer le Nom du Compagnon{/}	{@st59}컴패니언 이름을 수정합니다{/}				
UI_20171128_002960	{@st43}Boutique de Portail{/}	{@st43}포탈 상점{/}				
UI_20171128_002961	{@st59}Fermer l'Interface de la Boutique de Portail{/}	{@st59}포탈 상점 UI를 닫습니다{/}				
UI_20171128_002962	Quantité de portails sélectionnés %s/%s 	선택한 포탈 개수 %s/%s 개				
UI_20171128_002963	{@st59}Fermer l'Interface de la Boutique de Portail Placé{/}	{@st59}포탈 상점 등록 UI를 닫습니다{/}				
UI_20171128_002964	Voulez-vous annuler votre dernier avancement ?{/}	마지막 전직을 취소하고 되돌리시겠습니까?{/}				
UI_20171128_002965	Si vous annulez votre avancement de classe actuel, l'avancement sera annulé et votre XP de classe actuelle disparaîtra.{/}	현재 클래스의 전직을 취소하고 전직 이전으로 되돌아가며{nl}클래스 경험치는 사라집니다.{/}				
UI_20171128_002966	* La rétrogradation ne peut être utilisée qu'une fois pour un même rang.{nl}Elle ne peut pas être utilisée plusieurs fois.	* 랭크 다운은 동일한 랭크에서 한 번만 사용할 수 있으며{nl}연속해서 사용할 수 없습니다.				
UI_20171128_002967	* De plus, la rétrogradation ne peut pas être utilisée{nl}à un rang inférieur{nl}à un rang où elle a déjà été utilisée.	* 마지막으로 랭크 다운을 사용한 랭크보다 낮은 랭크에서는{nl}이용이 불가능 합니다.				
UI_20171128_002968	* Les Skills et attributs des cercles de classe retirés ou ajustés{nl}seront reconvertis en points.	* 초기화로 인해 삭제 또는 서클이 내려가는 클래스는{nl}스킬과 특성을 초기화 후 포인트로 반환됩니다.				
UI_20171128_002969	* Les costumes spécifiques à la classe reçus via{nl}l'avancement de rang{nl}seront supprimés si la classe est complètement retirée.	* 초기화로 인해 클래스가 완전히 삭제되는 경우에는{nl}전직 시 지급된 직업별 코스튬이 제거됩니다.				
UI_20171128_002970	* Vous retournerez à la caserne après confirmation.	* 초기화 후에는 캐릭터 선택창으로 돌아갑니다.				
UI_20171128_002971	{@st59}Infos sur le Rang{/}	{@st59}랭크 정보{/}				
UI_20171128_002972	{@st66b}Simplifier les Effets de Buff{/}	{@st66b}버프 이펙트 간소화{/}				
UI_20171128_002973	{@st66b}Simplifier les Modèles{/}	{@st66b}모델 간소화{/}				
UI_20171128_002974	{@st59}Vérification des Récompenses de Connexion{/}	{@st59}출석 보상 확인{/}				
UI_20171128_002975	Retour à la classe précédente.	해당 클래스를 이전으로 되돌립니다.				
UI_20171128_002976	Nom de la carte	맵이름				
UI_20171128_002977	{@st42b}Utiliser	{@st42b}이용하기				
UI_20171128_002978	Quantité d'Objets d'Entrée de Donjon de Raid Consommée -2	레이드 던전 입장 아이템 소모 개수 -2				
UI_20180108_002979	{@st59}Costume à Effet{/}	{@st59}이펙트 코스튬{/}				
UI_20180115_002980	{@st66b}{s16}*Les objets restent échangeables uniquement s'il reste des échanges disponibles.{/}{/}	{@st66b}{s16}*잔여 거래 가능 횟수가 있어야만, {nl}거래한 아이템의 속성이 그대로 유지됩니다.{/}{/}	UI_20170330_002599	{@st66b}Si les deux joueurs échangeant sont{nl}utilisateurs de Token,{nl}l'équipement échangeable, les{nl}consommables,{nl}les gemmes et autres objets resteront{nl}échangeables.{/}	{@st66b}거래 시 유저가 모두 토큰을 사용 중 이라면{nl}장비, 소모품, 기타, 카드, 젬 아이템의 속성 변경이 없습니다.{/}	
UI_20180115_002981	{s16}{@st66b}*{/}{@st66d_y}Plus d'échanges disponibles{/}{@st66b} signifie que {/} {@st66d_y}tous les{nl}objets échangés{nl}ne peuvent plus être échangés ni transférés via le{nl}coffre d'équipe{/}{@st66b}.{/}{/}	{s16}{@st66b}*{/}{@st66d_y}거래 가능 횟수 0{/}{@st66b} 상태에서는{/} {@st66d_y}거래한 모든 아이템이{nl} 팀 창고 이동 및 거래가 불가능{/}{@st66b}해집니다.{/}{/}				
UI_20180115_002982	{s16}{@st66b}*{/}{@st66d_y}Les Tokens d'événement offrent 0 échange.{nl}{/} {@st66b}Assurez-vous de vérifier le nombre avant d'échanger.{/}{/}	{s16}{@st66b}*{/}{@st66d_y}증정용 토큰에는 거래 가능 횟수가 없습니다.{nl}{/} {@st66b}거래 시 주의해 주세요.{/}{/}				
UI_20180115_002983	{@st66d_y}Les objets deviendront non échangeables{/}	{@st66d_y}거래 후 모든 아이템 팀 창고 이동 및 거래 불가{/}	UI_20160811_002268	{@st42}Cet objet deviendra non échangeable après l'échange{/}	{@st42}거래 후 장비 아이템 거래 불가{/}	
UI_20180115_002984	{@st42}Les objets restent échangeables et peuvent être stockés en équipe{/}	{@st42}거래 후 모든 아이템 팀 창고 이동 및 거래 가능{/}	UI_20160811_002269	{@st42}Cet objet restera échangeable après l'échange{/}	{@st42}거래 후 장비 아이템 거래 가능{/}	
UI_20180115_002985	{@st66d}Les objets suivants deviendront{nl}  {@st66d_y}non échangeables (Échange NON, Coffre{nl}d'équipe NON){/}.{/}	{@st66d}아래 아이템이{nl}  {@st66d_y}팀 창고 이동 및 거래 불가{/} 상태가 됩니다.{/}	UI_20170726_002661	{@st66d}Si au moins un joueur n'est pas utilisateur de{nl}Token,{nl}l'objet deviendra non échangeable après{nl}l'échange.{/}	{@st66d}한 명 이라도 토큰을 사용하지 않으면{nl} 교환 후 아이템이 거래 불가 상태가 됩니다.{/}	
UI_20180115_002986	{@st42}Objets Non Échangeables (Échange NON, Coffre d'Équipe NON){/}	{@st42}팀 창고 이동 및 거래 속성이 변경되는 아이템 목록{/}	UI_20160811_002274	{@st42}Liste des objets qui deviendront non échangeables après l'échange{/}	{@st42}거래 속성이 변경되는 아이템 목록{/}	
UI_20180208_002987	{@st59}Fermer{/}	{@st59}전직 정보 창을 닫습니다{/}	UI_20150317_000086	{@st59}Fermer{/}	{@st59}클래스 정보 창을 닫습니다{/}	
UI_20180208_002988	Objet Obtenu	획득 아이템				
UI_20180208_002989	Serveur	서버				
UI_20180208_002990	Nom du Personnage	캐릭터명				
UI_20180208_002991	Raison	사유				
UI_20180208_002992	{@st43}{s24}Signaler un Joueur Problématique	{@st43}{s24}불량유저 신고				
UI_20180208_002993	{@st41b}Signaler	{@st41b}신고				
UI_20180208_002994	Signaler.	신고합니다.				
UI_20180208_002995	Annuler.	취소합니다.				
UI_20180208_002996	{@st59b}Transcendance d'objet{nl}{@st59s}- Améliore les performances d'un objet d'une façon différente de l'amélioration à l'enclume{nl}- Transcendables : Arme, Armure, Accessoire{nl}- Chance de transcendance = Quantité de matériaux / Maximum requis{nl}- En cas de succès, le niveau de transcendance augmente de 1 (max. 10){nl}- En cas d'échec, le niveau de transcendance et le potentiel diminuent de 1 (le niveau de transcendance ne descend pas sous 1){nl}- Les objets transcendés ne peuvent pas être échangés{/}	{@st59b}아이템 초월{nl}{@st59s}- 모루 강화와는 다른 아이템 성능 강화{nl}- 초월 가능 장비 : 무기, 방어구, 장신구{nl}- 초월 성공 확률 = 넣은 재료 개수 / 최대 필요 재료 개수{nl}- 성공 시, 초월이 1단계 상승(최대 10단계){nl}- 실패 시, 초월과 포텐셜이 1단계 하락(초월은 1단계 이하로 떨어지지 않음){nl}- 초월시킨 장비는 거래 속성이 팀 창고 이동 및 거래 불가로 변경됨{/}	UI_20161214_002494	{@st59b}Transcendance d'objet{nl}{@st59s}- Améliore les performances d'un objet d'une façon différente de l'amélioration à l'enclume{nl}- Transcendables : Arme, Armure, Accessoire{nl}- Chance de transcendance = Quantité d'ingrédients / Minimum requis{nl}- En cas de succès, le niveau de transcendance augmente de 1 (Max. 10){nl}- En cas d'échec, le niveau de transcendance et le potentiel diminuent de 1 (le niveau de transcendance ne descend pas sous 1){nl}- Un objet transcendé ne peut pas être échangé{/}	{@st59b}아이템 초월{nl}{@st59s}- 모루 강화와는 다른 아이템 성능 강화{nl}- 초월 가능 장비 : 무기, 방어구, 장신구{nl}- 초월 성공 확률 = 넣은 재료 개수 / 최대 필요 재료 개수{nl}- 성공 시, 초월이 1단계 상승(최대 10단계){nl}- 실패 시, 초월과 포텐셜이 1단계 하락(초월은 1단계 이하로 떨어지지 않음){nl}- 초월시킨 장비는 거래 제한으로 변경됨{/}	
UI_20180208_002997	Chance de réussite de transcendance 100 %	초월 성공률 100%				
UI_20180208_002998	* La transcendance peut échouer si le taux de réussite n'est pas de 100 %.{nl}Le potentiel est réduit en cas d'échec.	* 초월 성공률이 100%가 아닐 경우 실패 할 수도 있습니다. {nl}실패시 포텐셜이 소모됩니다.				
UI_20180208_002999	Extraire l'Éclat Béni	축복받은 조각 추출				
UI_20180208_003000	{@st59b}Extraire l'éclat béni{nl}{@st59s}- Extrait un éclat béni d'un objet transcendé{nl}- Matériau d'extraction : Marteau de démantèlement.{nl}- Extraire les éclats bénis détruira l'objet, mais conservera une partie de la pierre bénie sous forme d'éclats bénis.{nl} : 90 % de la pierre bénie utilisée pour la transcendance peut être retournée.{nl}- Votre objet doit être transcendé au moins au palier 2 pour pouvoir extraire les éclats.{/}	{@st59b}축복받은 조각 추출{nl}{@st59s}- 초월아이템에서 축복받은 조각 추출{nl}- 축복받은 조각 추출 재료 : 분해의 망치{nl}- 축복받은 조각 추출시 해당 아이템은 제거되지만, 사용된 축복석의 일부를 축복받은 조각으로 되돌려 받을 수 있습니다. {nl}   : 초월에 사용된 축복석의 90%를 환급 받을 수 있습니다.{nl}- 추출은 초월 2단계이상부터 사용할 수 있습니다.{/}	UI_20170313_002552	{@st59b}Extraction de gemme bénie{nl}{@st59s}- Extrait les gemmes bénies des objets transcendés.{nl}- Matériaux nécessaires : Marteau de démantèlement.{nl}- Extraire les gemmes bénies détruira l'objet, mais conservera une partie des gemmes. {nl}   : Vous recevrez de 20 % à 90 % des gemmes bénies, selon le palier de transcendance de l'objet et le potentiel actuel. {nl}- Votre objet doit être transcendé au moins au palier 2 pour pouvoir extraire les gemmes.{/}	{@st59b}축복석 추출{nl}{@st59s}- 초월아이템에서 축복석 추출{nl}- 축복석 추출 재료 : 분해의 망치{nl}- 축복석 추출시 해당 아이템은 제거되지만, 사용된 축복석의 일부를 되돌려 받을 수 있습니다. {nl}   : 현재 초월 단계와 잔여 포텐셜에 따라 최소 20% ~ 최대 90%의 초월석을 돌려받습니다. {nl}- 추출은 초월 2단계이상부터 사용할 수 있습니다.{/}	
UI_20180208_003001	Résultat de l'Extraction d'Éclat Béni	축복받은 조각 추출 결과	UI_20160811_002293	Résultats de l'Extraction	축복석 추출 결과	
UI_20180208_003002	{@st43b}{s18}Effet Appliqué{/}	{@st43b}{s18}적용효과{/}				
UI_20180208_003003	{@st43b}{s20}Effet Appliqué{/}	{@st43b}{s20}적용효과{/}				
UI_20180208_003004	{@st59}Afficher l'Option d'Application de Carte de Monstre{/}	{@st59}몬스터 카드 적용 옵션을 봅니다{/}				
UI_20180208_003005	*Vous ne pouvez pas rétrograder si{nl}vous avez{nl}des cartes de rang ou des cartes d'XP{nl}de classe non utilisées.	* 초기화 후 사용하지 않은 랭크 카드, 클래스 경험치 복구 카드가{nl} 있을 경우 랭크 다운을 할 수 없습니다.				
UI_20180208_003006	*Les attributs communs comme le changement d'arme seront{nl}aussi réinitialisés,{nl}et les points d'attribut seront rendus.	* 초기화 시 무기 스왑과 같은 공용 특성도 초기화 되며,{nl}이때 투자한 특성 포인트는 반환됩니다.				
UI_20180208_003007	{@st43}{s22}Ajouter un Emplacement{/}	{@st43}{s22}소켓 추가{/}				
UI_20180208_003008	{@st59}Annuler{/}	{@st59}사용을 취소합니다{/}				
UI_20180208_003009	{@st41}{s20}Emplacements actuels :{@st43} %s / {@st43}%s	{@st41}{s20}현재 소켓 현황 :{@st43} %s / {@st43}%s				
UI_20180208_003010	{@st41}{s20}Prix du nouvel emplacement : %s	{@st41}{s20}소켓 추가 가격 : %s				
UI_20180208_003011	{@st41b}Ajouter un Emplacement{/}	{@st41b}소켓 추가{/}				
UI_20180208_003012	{@st59}Ajouter un emplacement.{/}	{@st59}소켓을 추가 합니다.{/}				
UI_20180208_003013	{@st59}Infos sur l'Avancement{/}	{@st59}전직 정보{/}				
UI_20180208_003014	{@st66b}Afficher le Nom des Objets Obtenus{/}	{@st66b}드롭 아이템 이름 표시{/}				
UI_20180320_003015	{img icon_item_silver 24 24}{@st41b}Consomme %s argent{nl}Déséquiper la carte sans diminuer le niveau{/}	{img icon_item_silver 24 24}{@st41b}%s실버 소모{nl}레벨 감소없이 카드 해제하기{/}	UI_20170925_002922	{img icon_item_tospoint 24 24}{@st41b}Consomme 0 TP{nl}Déséquiper la carte sans perdre d'étoile{/}	{img icon_item_tospoint 24 24}{@st41b}0TP 소모{nl}별 감소없이 카드 해제하기{/}	
UI_20180320_003016	Les cartes de niveau 1 ne consomment pas d'argent.	1레벨 카드는 실버가 소모되지 않습니다.	UI_20161214_002484	Les cartes de niveau 1 ne consomment pas 5 TP.	1레벨 카드는 5TP가 소모되지 않습니다.	
UI_20180320_003017	Recrutement de participants pour la quête de guilde.	길드 퀘스트 참가자를 모집하고 있습니다.	UI_20160224_002073	Le maître de guilde recherche des participants pour l'événement de guilde.	길드 마스터가 길드 이벤트 참가자를 모집하고 있습니다.	
UI_20180320_003018	{@st43}Améliorer la Carte Légendaire{/}	{@st43}레전드 카드 강화{/}				
UI_20180320_003019	{@st43b}{#ffba00}{s20}Taux de réussite [%s%]{/}	{@st43b}{#ffba00}{s20}성공확률 [%s%]{/}				
UI_20180320_003020	{@st43b}{s17}{#ffba00}Augmente le niveau de la carte [{img star_mark 20 20}] de +1 en cas de succès.{/}	{@st43b}{s17}{#ffba00}  성공 시 카드의 레벨[★]이 +1 증가합니다.{/}				
UI_20180320_003021	{@st43b}{s20}Taux d'échec [%s%]{/}	{@st43b}{s20}실패확률 [%s%]{/}				
UI_20180320_003022	{@st43b}{s17}Les cartes sacrifiées seront supprimées et le niveau de la carte légendaire ne changera pas.{/}	{@st43b}{s17}  실패 시 제물 카드가 소멸되며, 레전드 카드의 레벨은 유지됩니다.{/}				
UI_20180320_003023	{@st43b}{#898989}{s20}Taux de destruction [%s%]{/}	{@st43b}{#898989}{s20}파괴확률 [%s%]{/}				
UI_20180320_003024	{@st43b}{#898989}{s17}La carte légendaire et les cartes sacrifiées seront supprimées en cas de destruction.{/}	{@st43b}{#898989}{s17}  파괴 시 레전드 카드와 제물 카드가 소멸됩니다.{/}				
UI_20180320_003025	{@st59}Fermer{/}	{@st59}레전드 카드 강화 UI를 닫습니다{/}				
UI_20180320_003026	Temps restant	남은 참가 시간	UI_20160224_002098	Temps d'Enchère Restant	남은 입찰 시간	
UI_20180320_003027	Obtenir aléatoirement	랜덤 획득	UI_20160224_002099	Dé d'Objet	아이템 주사위	
UI_20180320_003028	{@st59}Boutiques Personnelles{/}	{@st59}개인 상점{/}				
UI_20180320_003029	{@st59}Pêche{/}	{@st59}낚시{/}				
UI_20180320_003030	Recherchez un nom de monstre et appuyez sur l'Entrée	몬스터 이름 검색 후 엔터				
UI_20180320_003031	{@st66b}Voir plus	{@st66b}더보기				
UI_20180320_003032	Qté à ajouter (nombre)	추가할 양(count)				
UI_20180320_003033	Recherchez un nom d'objet et appuyez sur l'Entrée	아이템 이름 검색 후 엔터				
UI_20180320_003034	Recherchez un objet à fabriquer et appuyez sur l'Entrée	제작할 아이템 이름 검색 후 엔터				
UI_20180320_003035	Recherchez un nom de donjon instancié et appuyez sur l'Entrée	인던 이름 검색 후 엔터				
UI_20180320_003036	{@st42}Automatique	{@st42}자동				
UI_20180320_003037	{@st42}Ajouter	{@st42}추가				
UI_20180320_003038	{@st42}Envoyer	{@st42}전송				
UI_20180320_003039	{@st42}Réinitialiser	{@st42}초기화				
UI_20180320_003040	Échec du démarrage du jeu.	게임 시작에 실패했습니다.				
UI_20180320_003041	(Code d'erreur : %s)	(에러 코드: %s)				
UI_20180320_003042	{img notice_br_reason 16 16}{@st99w16}Raison	{img notice_br_reason 16 16}{@st99w16} 발생 원인				
UI_20180320_003043	Cela pourrait être la raison.{nl}Cela pourrait aussi être la raison.	원인은 이것 때문일 수 있습니다.{nl}원인은 이것 때문일 수도 있습니다.				
UI_20180320_003044	{img notice_br_solution 16 16}{@st99w16}Solution	{img notice_br_solution 16 16}{@st99w16} 해결 방법				
UI_20180320_003045	Essayez ceci.{nl}Essayez cela.	이렇게 해보십시오.{nl}저렇게 해보십시오.				
UI_20180320_003046	{@st68}Vérifier	{@st68}확인				
UI_20180402_003047	{img notice_br_link 16 16}{@st99w16}Lien Associé	{img notice_br_link 16 16}{@st99w16} 관련 링크				
UI_20180409_003048	{@st66b}Dessiner l'Ombre	{@st66b}그림자 그리기				
UI_20180413_003049	{@st43b}{s18}Avantages (Bientôt Disponible){/}	{@st43b}{s18}점령 혜택(준비중){/}	UI_20170912_002847	{@st43b}{s18}Avantages du Site{/}	{@st43b}{s18}점령 혜택{/}	
UI_20180413_003050	ⓘ Veuillez consulter notre site officiel treeofsavior.com pour plus d'informations sur les récompenses et avantages des guerres de territoire pendant la période de bêta test.	ⓘ Beta로 진행되는 길드 콜로니전의 점령 혜택은 홈페이지 내 공지사항을 통해 확인 바랍니다.				
UI_20180418_003051	{@st47}{s18}Voir l'Équipement Traité	{@st47}{s18}가공된 장비 보기				
UI_20180418_003052	{@st42}Titres équipables [%s]{/}	{@st42}장착 가능한 칭호 [%s]{/}				
UI_20180418_003053	{@st42}{#00fec5}Palier de Buff de Titre Actuel	{@st42}{#00fec5}현재 칭호 버프 단계				
UI_20180418_003054	{@st42}Titres Nécessaires pour le Palier Suivant	{@st42}다음단계까지 필요한 칭호{/}				
UI_20180418_003055	{@st42b}Palier %s{/}	{@st42b}%s단계{/}				
UI_20180418_003056	{@st66b}Voir les Effets du Palier Suivant{/}	{@st66b}다음단계 효과 보기{/}				
UI_20180418_003057	{@st59}Fermer la fenêtre de parchemin de transcendance.{/}	{@st59}초월 스크롤 창을 닫습니다.{/}	UI_20161108_002448	{@st59}Fermer{/}	{@st59}창을 닫습니다.{/}	
UI_20180418_003058	{@st41}{s20}Parchemin de Transcendance{/}	{@st41}{s20}초월 스크롤{/}				
UI_20180418_003059	Valeur de transcendance : %s	초월 수치: %s				
UI_20180418_003060	Taux de réussite : %s%	성공 확률: %s%				
UI_20180418_003061	{@st66}Ne peut pas être utilisé avec des objets d'équipement transcendés.{nl}L'utiliser fera passer l'objet au palier de transcendance %s.{/}	{@st66}이미 초월된 장비에는 사용할 수 없으며{nl}사용시 %s초월로 변경됩니다.{/}				
UI_20180418_003062	{@st41b}{s20}Transcendance	{@st41b}{s20}초월				
UI_20180418_003063	{@st41b}{s20}Confirmer	{@st41b}{s20}확인				
UI_20180426_003064	{@st59}Retour{/}	{@st59}등 코스튬{/}				
UI_20180517_003065	Par défaut	디폴트				
UI_20180517_003066	{@st66b}Communauté{/}	{@st66b}커뮤니티{/}				
UI_20180517_003067	{@st66b}Infos de Guilde{/}	{@st66b}길드 정보{/}				
UI_20180517_003068	{@st66b}Coffre{/}	{@st66b}보관함{/}				
UI_20180517_003069	{@st66b}Guerres{/}	{@st66b}전투{/}				
UI_20180517_003070	{@st41b}Écrire	{@st41b}글 작성				
UI_20180517_003071	{@st66b}Maître{/}	{@st66b}마스터{/}				
UI_20180517_003072	{@st66b}Nom du maître de guilde ici{/}	{@st66b}길드 마스터 이름 여기{/}				
UI_20180517_003073	{@st66b}Membres{/}	{@st66b}인원{/}				
UI_20180517_003074	{@st66b}Fondée{/}	{@st66b}개설일{/}				
UI_20180517_003075	{@st66b}Fonds{/}	{@st66b}자금{/}				
UI_20180517_003076	{@st66b}Fonds de la guilde ici{/}	{@st66b}길드 자금 여기{/}				
UI_20180517_003077	Position {img %s 13 13}	직급{img %s 13 13}				
UI_20180517_003078	%s en ligne, %s hors ligne	온라인 %s명    오프라인 %s명				
UI_20180517_003079	{@st43b}{s18}Guerres{/}	{@st43b}{s18}길드 전쟁 {/}				
UI_20180517_003080	Alerte d'Annulation de Neutralité	중립 해제 알림				
UI_20180517_003081	{@st66b}Promotion de Guilde{/}	{@st66b}홍보{/}				
UI_20180517_003082	{@st66b}Rôles et Autorités{/}	{@st66b}직급과 권한{/}				
UI_20180517_003083	{@st66b}Candidatures{/}	{@st66b}가입 신청{/}				
UI_20180517_003084	{@st43b}{s18}Paramètres des Rôles	{@st43b}{s18}직급 설정				
UI_20180517_003085	Rôles	직급				
UI_20180517_003086	Autorités	권한				
UI_20180517_003087	{@st42}Gestion de la Guilde{/}	{@st42}길드 운영{/}				
UI_20180517_003088	{@st42}Fonds de Guilde{/}	{@st42}길드 자본{/}				
UI_20180517_003089	{@st42}Communauté de Guilde{/}	{@st42}길드 커뮤니티{/}				
UI_20180517_003090	{@st42}Contenu{/}	{@st42}컨텐츠{/}				
UI_20180517_003091	{@st41b}{s16}Ajouter	{@st41b}{s16}추가				
UI_20180517_003092	{@st41b}{s16}Supprimer	{@st41b}{s16}삭제				
UI_20180517_003093	{@st41b}{s16}Enregistrer	{@st41b}{s16}저장				
UI_20180517_003094	{@st43b}{s18}Attribuer un Rôle	{@st43b}{s18}직급 부여				
UI_20180517_003095	Niv. de personnage	캐릭터 레벨				
UI_20180517_003096	Total de Personnages	캐릭터 수				
UI_20180517_003097	{@st41b}{s16}Accepter	{@st41b}{s16}수락				
UI_20180517_003098	{@st41b}{s16}Refuser	{@st41b}{s16}거절				
UI_20180517_003099	{@st43b}{s18}Emblème{/}	{@st43b}{s18}엠블럼{/}				
UI_20180517_003100	Important	유의사항				
UI_20180517_003101	{@st41b}{s16}Enregistrer	{@st41b}{s16}등록				
UI_20180517_003102	{@st43b}{s18}Bannière{/}	{@st43b}{s18}배너{/}				
UI_20180517_003103	ⓘ Votre image doit être de taille %s et au format PNG (24 ou 32 bits).{nl}ⓘ Le nom du fichier doit être composé uniquement de caractères alphanumériques.{nl}ⓘ L'utilisation d'images problématiques peut entraîner des restrictions.	ⓘ 길드 배너는 %s 크기의 PNG(24bit/32bit)파일만 등록 가능합니다.{nl}ⓘ 파일 이름이 영문과 숫자로 이루어진 파일만 등록 가능합니다.{nl}ⓘ 문제 있는 이미지 사용 시 제재가 있을 수 있습니다.				
UI_20180517_003104	Autoriser les Personnes Extérieures	아지트 외부인 입장 가능				
UI_20180517_003105	Promouvoir la Guilde	길드 홍보 공개				
UI_20180517_003106	{@st43b}{s18}Page de Couverture{/}	{@st43b}{s18}홍보 이미지{/}				
UI_20180517_003107	ⓘ Votre image doit être de taille %s et au format PNG (24 ou 32 bits).{nl}ⓘ Le nom du fichier doit être composé uniquement de caractères alphanumériques.{nl}ⓘ L'utilisation d'images problématiques peut entraîner des restrictions.	ⓘ 길드 홍보 페이지는 %s 크기의 PNG(24bit/32bit)파일만 등록 가능합니다.{nl}ⓘ 파일 이름이 영문과 숫자로 이루어진 파일만 등록 가능합니다.{nl}ⓘ 문제 있는 이미지 사용 시 제재가 있을 수 있습니다.				
UI_20180517_003108	1024 de large et 768-3840 de long	가로 1024, 세로 768~3840				
UI_20180517_003109	{@st41b}{s16}Aperçu	{@st41b}{s16}미리보기				
UI_20180517_003110	{@st43b}{s18}Texte de la Page de Couverture{/}	{@st43b}{s18}홍보글{/}				
UI_20180517_003111	{@st66b}Enregistrer	{@st66b}등록				
UI_20180517_003112	{@st64}Guilde	{@st64}길드				
UI_20180517_003113	{@st43}{s22}Plus d'Infos{/}	{@st43}{s22}길드 상세정보{/}				
UI_20180517_003114	{@st43}Infos de Guilde	{@st43}길드 정보				
UI_20180517_003115	 {@st66}Infos	 {@st66}정보				
UI_20180517_003116	 {@st66}Page de Couverture	 {@st66}홍보 페이지				
UI_20180517_003117	{@st43}Intro	{@st43}소개글				
UI_20180517_003118	{s18}Nom{/}	{s18}이름{/}				
UI_20180517_003119	{s18}Guilde	{s18}길드				
UI_20180517_003120	{@s18}Maître{/}	{@s18}마스터{/}				
UI_20180517_003121	{@s18}Fondée{/}	{@s18}개설일{/}				
UI_20180517_003122	{@s18}Niveau de Guilde{/}	{@s18}길드 레벨{/}				
UI_20180517_003123	{@s18}Statut{/}	{@s18}모집 상태{/}				
UI_20180517_003124	{@s18}Recrutement{/}	{@s18}모집중{/}				
UI_20180517_003125	{@st41}Postuler	{@st41}가입 신청				
UI_20180517_003126	{@s18}Membres{/}	{@s18}인원{/}				
UI_20180517_003127	{@s18}Niveau Moyen{/}	{@s18}평균 레벨{/}				
UI_20180517_003128	{@s18}Texte de la Page de Couverture{/}	{@s18}홍보글{/}				
UI_20180517_003129	{@s18}Le texte de présentation de votre guilde apparaît ici.{/}	{@s18}이곳에 길드 소개글이 들어갑니다{/}				
UI_20180517_003130	{@s18}Membres{/}	{@s18}길드원{/}				
UI_20180517_003131	{@st43}Écrire{/}	{@st43}글 작성{/}				
UI_20180517_003132	{@st41b}Écrire	{@st41b}작성				
UI_20180517_003133	{@st43}Écrire	{@st43}글 작성				
UI_20180517_003134	{@st43}Candidats	{@st43}길드 가입 신청자				
UI_20180517_003135	Niveau d'équipe : %s {nl}Personnages : %s {nl}Rang du journal d'aventure : %s {nl}Niveau du personnage candidat : %s {nl} {nl}Message	팀 레벨 : %s {nl}캐릭터 수 : %s {nl}모험일지 랭킹 : %s {nl}신청한 캐릭터 레벨 : %s {nl} {nl}전하는 말				
UI_20180517_003136	{@st43}{s22}Nouvelle Interface{/}	{@st43}{s22}새 UI{/}				
UI_20180517_003137	{@st42}Nom de la Guilde{/}	{@st42}길드 이름{/}				
UI_20180517_003138	{@st42}Message{/}	{@st42}전하는 말{/}				
UI_20180517_003139	Message	전하는 말				
UI_20180517_003140	Vous pouvez postuler pour une guilde même sans saisir de message.{nl}ⓘ Les informations suivantes sont automatiquement affichées à la guilde lors de l'envoi de votre candidature :{nl} - Nom d'équipe{nl} - Niveau d'équipe{nl} - Nombre de personnages{nl} - Niveau du personnage candidat{nl} - Classement du journal d'aventure{nl}	이 없어도 가입 신청이 가능합니다{nl}ⓘ 길드 가입 신청 시 아래 정보가 자동으로 길드에 제공 됩니다{nl} - 팀 이름{nl} - 팀 레벨{nl} - 캐릭터 수{nl} - 신청한 캐릭터 레벨{nl} - 모험일지 랭킹{nl}				
UI_20180517_003141	{@st41}Envoyer la Candidature	{@st41}길드 가입 보내기				
UI_20180517_003142	{@st43}{s22}Promotion de Guilde{/}	{@st43}{s22}길드 홍보{/}				
UI_20180517_003143	{@st43}Tableau de Promotion de Guilde	{@st43}길드 홍보 게시판				
UI_20180517_003144	{@st59}Niveau de Guilde{/}	{@st59}길드 레벨{/}				
UI_20180517_003145	{@st59}Activité{/}	{@st59}활성화 점수{/}				
UI_20180517_003146	{@st59}Niveau d'Équipe Moyen{/}	{@st59}평균 팀레벨{/}				
UI_20180517_003147	{@st59}Candidats{/}	{@st59}가입 신청자수{/}				
UI_20180517_003148	{@st59}Guerres de Territoire{/}	{@st59}콜로니전{/}				
UI_20180517_003149	{@st43}Journal des Candidatures	{@st43}길드 가입 신청 내역				
UI_20180517_003150	Date	요청일				
UI_20180517_003151	Statut	읽음 상태				
UI_20180517_003152	{@st66b}Les entrées quotidiennes se réinitialisent chaque lundi à %s (heure serveur).{/}	{@st66b}입장 횟수는 매주 월요일 %s시에 초기화 됩니다.{/}				
UI_20180517_003153	Équiper l'Ichor	아이커 장착				
UI_20180517_003154	Équiper	장착				
UI_20180517_003155	{@st43b}{s18}Statistiques Actuelles	{@st43b}{s18}적용 옵션				
UI_20180517_003156	{@st43b}{s18}Statistiques d'Équipement	{@st43b}{s18}장착 옵션				
UI_20180517_003157	Kit d'Extraction	추출 키트				
UI_20180517_003158	Extraire l'Ichor	아이커 추출				
UI_20180517_003159	Extraire	추출				
UI_20180517_003160	{s22}L'objet a été détruit.	{s22}아이템이 파괴되었습니다.				
UI_20180517_003161	{@st43b}{s18}Potentiel	{@st43b}{s18}포텐셜				
UI_20180517_003162	{@st43b}{s18}Options Extraites	{@st43b}{s18}추출 옵션				
UI_20180517_003163	Démanteler l'Objet Légendaire	레전드 아이템 분해				
UI_20180517_003164	Démanteler	분해				
UI_20180517_003165	Appliquer les Statistiques d'Ensemble	세트 옵션 부여				
UI_20180517_003166	{@st43}Fabriquer un Équipement Légendaire{/}	{@st43}레전드 장비 제작{/}				
UI_20180517_003167	{@st59}Fermer l'interface de fabrication d'objet légendaire.{/}	{@st59}레전드 아이템 제작 UI를 닫습니다{/}				
UI_20180517_003168	{@st42b}Voir uniquement les objets équipables	{@st42b}착용 가능한 목록만 보기				
UI_20180517_003169	{@st43b}{s15}{#ffbf11}Différence de Points	{@st43b}{s15}{#ffbf11}점수차				
UI_20180517_003170	{@st43b}{s16}%s points	{@st43b}{s16}%s 포인트				
UI_20180517_003171	Insignes obtenus [ %s]	증표 [ %s 개] 획득				
UI_20180517_003172	{@st66d}{s20}Retour dans %s secondes.{/}	{@st66d}{s20}%s초 후에 귀환됩니다.{/}				
UI_20180517_003173	{@st66d}Retour{/}	{@st66d}귀환{/}				
UI_20180517_003174	Si vous annulez votre avancement de classe{nl}actuel,{nl}l'avancement sera annulé et{nl}{@st66d_y}votre XP de classe actuelle disparaîtra.{/}{/}	현재 클래스의 전직을 취소하고 전직 이전으로 되돌아가며{nl}{@st66d_y}클래스 경험치는 사라집니다.{/}{/}	UI_20171128_002965	Si vous annulez votre avancement de classe actuel, l'avancement sera annulé et votre XP de classe actuelle disparaîtra.{/}	현재 클래스의 전직을 취소하고 전직 이전으로 되돌아가며{nl}클래스 경험치는 사라집니다.{/}	
UI_20180517_003175	{@st45tw2}Conditions et Précautions{/}	{@st45tw2}조건 및 주의 사항{/}				
UI_20180517_003176	{@st66b}Réapparaître dans la Tour de Guilde{/}	{@st66b}길드 타워에서 부활하기{/}				
UI_20180517_003177	{@st59}Promotion de Guilde (Alt + R){/}	{@st59}길드 홍보 (Alt + R){/}				
UI_20180517_003178	{@st66b}Sélection Automatique de Case{/}	{@st66b}자동 셀 선택{/}				
UI_20180517_003179	{@st66b}Vitesse de déplacement de case (%s){/}	{@st66b}셀 이동 속도 (%s){/}				
UI_20180517_003180	{@st43}Liste d'Achats{/}	{@st43}구매 목록{/}				
UI_20180517_003181	{@st66d_y}{s18}[Objets à Probabilité]	{@st66d_y}{s18}[확률형 아이템]				
UI_20180517_003182	{@st66d}{s18}[Objets sans probabilité]	{@st66d}{s18}[비확률형 아이템]				
UI_20180517_003183	{img impossible_red 17 17}Restrictions d'Équipement	{img impossible_red 17 17} 착용 제한				
UI_20180517_003184	{img impossible_yellow 17 17}Un Seul Achat	{img impossible_yellow 17 17} 구매 횟수 1회 제한				
UI_20180517_003185	{img icon_item_tpBox_30 36 36}%s TP seront consommés.	{img icon_item_tpBox_30 36 36}%s TP가 소모됩니다.				
UI_20180517_003186	Message de Probabilité	확률형 메세지				
UI_20180517_003187	{@st66b}Oui{/}	{@st66b}예{/}				
UI_20180517_003188	{@st66b}Non{/}	{@st66b}아니오{/}				
UI_20180517_003189	{@st66w}Afficher tous les onglets{/}	{@st66w}모든 맵 표시{/}				
UI_20180517_003190	{@st66b}En jeu, le nom de votre personnage et de votre équipe s'afficheront ainsi :{nl} 	{@st66b}인 게임에서 캐릭터 이름, 팀 이름 배치 순서는 아래 이미지와 같이{nl}예) 	UI_20170912_002895	{@st66b}Votre nom d'équipe représente tous vos personnages et est utilisé pour les échanges, les guildes, la discussion, etc.{nl}Changer votre nom d'équipe consomme 150 TP, alors choisissez-le avec soin.{/}	{@st66b}팀 이름은 모든 캐릭터를 대표하는 이름이며, 거래, 길드 가입, 대화 등에 사용되는 공용 이름입니다.{nl}팀 이름 변경에는 150TP가 소모되니 신중히 입력해 주세요.{/}	
UI_20180517_003191	NomPersonnage NomÉquipe	캐릭터이름 팀이름				
UI_20180517_003192	 .{nl}{img exemple_img_teamname}{nl}Votre nom d'équipe représente tous vos personnages et est utilisé pour les échanges, les guildes, la discussion, etc.{nl}Changer votre nom d'équipe consomme 150 TP, alors choisissez-le avec soin.{/}	 순서로 배치됩니다.{nl}{img exemple_img_teamname}{nl}팀 이름은 모든 캐릭터를 대표하는 이름이며, 거래, 길드 가입, 대화 등에 사용되는 공용 이름입니다.{nl}팀 이름 변경에는 150TP가 소모되니 신중히 입력해 주세요.{/}				
UI_20180517_003193	N/D	{@st59}유라테 - 시즌 서버가 아우슈리네 서버로 통합되었습니다.{nl}바카리네, 라이마, 제미나, 가비야 - 바이보라 서버로 통합되었습니다.{/}	UI_20161214_002498	{@st59}Veuillez sélectionner un serveur.{/}	{@st59}유라테 - 시즌 서버가 아우슈리네 서버로 통합되었습니다.{nl}자세한 내용은 홈페이지 공지사항을 참고해주세요.{nl}바카리네, 라이마, 제미나, 가비야 서버는 7/14(목) 바이보라 서버로 통합되었습니다.{/}	
UI_20180517_003194	N/D	{@st59}접속을 원하는 서버를 선택하여 주세요.{nl}유라테 - 시즌 서버가 아우슈리네 서버로 통합되었습니다.{nl}바카리네, 라이마, 제미나, 가비야 - 바이보라 서버로 통합되었습니다.{/}	UI_20160811_002310	{@st59}Veuillez sélectionner un serveur.{nl}Les serveurs Vakarine, Laima, Zemyna et Gabija ont été fusionnés dans le serveur Vaivora.{/}	{@st59}접속을 원하는 서버를 선택하여 주세요.{nl}바카리네, 라이마, 제미나, 가비야 서버가 바이보라 서버로 통합되었습니다.{/}	
UI_20180517_003195	{@st41b}{s14}{#ffffff}Normal	{@st41b}{s14}{#ffffff}노말				
UI_20180517_003196	{@st41b}{s14}{#0e7fe8}Magique	{@st41b}{s14}{#0e7fe8}매직				
UI_20180517_003197	{@st41b}{s14}{#a124d0}Rare	{@st41b}{s14}{#a124d0}레어				
UI_20180517_003198	{@st41b}{s14}{#d92400}Unique	{@st41b}{s14}{#d92400}유니크				
UI_20180517_003199	{@st41b}{s14}{#ffa800}Légendaire	{@st41b}{s14}{#ffa800}레전드				
UI_20180517_003200	Ne peut pas transcender	초월 불가				
UI_20180517_003201	Ne peut pas extraire	추출 불가				
UI_20180517_003202	Sertissage non extractible	소켓 추출 불가				
UI_20180517_003203	Arme Principale	주무기				
UI_20180517_003204	Armure	갑옷				
UI_20180517_003205	Bas	바지				
UI_20180517_003206	{@st41b}{s18}Ensemble d'Objets	{@st41b}{s18}아이템 세트				
UI_20180517_003207	{@st41b}{s16}Statistiques d'Ensemble	{@st41b}{s16}세트 옵션				
UI_20180517_003208	Échanger	교환				
UI_20180517_003209	{@st66d}Nom du Joueur{/}	{@st66d}유저이름{/}				
UI_20180517_003210	{@st66}{s18}Écrire{/}	{@st66}{s18}작성{/}				
UI_20180517_003211	Poids : %s	무게: %s				
UI_20180517_003212	Total de Personnages 	캐릭터 수 				
UI_20180517_003213	Je souhaite rejoindre	가입시켜주세요				
UI_20180517_003214	Classe du Personnage	캐릭터 직업				
UI_20180517_003215	Contribution du Personnage	캐릭터 기여				
UI_20180517_003216	Emplacements du Coffre d'Équipe +30	팀 창고 +30칸 증가				
UI_20180523_003217	{@st41_yellow}{s70}Victoire 	{@st41_yellow}{s70}승리				
UI_20180523_003218	{@st41_yellow}{s70}Défaite	{@st41_yellow}{s70}패배				
UI_20180528_003219	{s30}Important	{s30}주의				
UI_20180528_003220	{@st41b}{img icon_button_warning 36 36}Oui	{@st41b}{img icon_button_warning 36 36}예				
UI_20180629_003221	{@st41d}               Caserne	{@st41d}               숙소				
UI_20180629_003222	{@st66d}{s20}%s {@st66d_y}{s20}%s{@st66b}{s18}{nl}Changer de caserne ?	{@st66d}{s20}%s {@st66d_y}{s20}%s{@st66b}{s18}의{nl}숙소를 이동하겠습니까?				
UI_20180629_003223	{@st66b}Oui	{@st66b}예				
UI_20180629_003224	{@st66b}Non	{@st66b}아니오				
UI_20180629_003225	{@st43}Salon de Coiffure (H)	{@st43}바버샵(남)				
UI_20180629_003226	{@st43}Salon de Coiffure (F)	{@st43}바버샵(여)				
UI_20180629_003227	{@st43}Boutique (H)	{@st43}부티크(남)				
UI_20180629_003228	{@st43}Boutique (F)	{@st43}부티크(여)				
UI_20180629_003229	{@st43}Salon de Coiffure - Perruques (H)	{@st43}바버샵 - 가발(남)				
UI_20180629_003230	{@st43}Salon de Coiffure - Perruques (F)	{@st43}바버샵 - 가발(여)				
UI_20180629_003231	{@st43}Boutique - Cubes	{@st43}부티크 - 패키지				
UI_20180629_003232	{@st43}Salon de Coiffure - Lentilles	{@st43}바버샵 - 렌즈				
UI_20180629_003233	Voir uniquement les objets équipables	착용 가능한 물품만 보기				
UI_20180629_003234	Choisir une Couleur	컬러 선택				
UI_20180629_003235	{img barbershop_scissors_pic 41 36}{@st66b}Sélectionnez une coiffure pour voir la liste des couleurs.{/}	{img barbershop_scissors_pic 41 36}{@st66b}헤어 선택 시 염색 리스트가 표시 됩니다.{/}				
UI_20180629_003236	{@st43b}{s20}Aperçu et Achat{/}	{@st43b}{s20}미리보기 및 구매{/}				
UI_20180629_003237	{@st59}Perruques{/}	{@st59}가발{/}				
UI_20180629_003238	{@st59}Perruques et Teintures{/}	{@st59}가발 염색약{/}				
UI_20180629_003239	{@st59}Jouets{/}	{@st59}장난감{/}				
UI_20180629_003240	{@st66}{s18}Essayer{/}	{@st66}{s18}입어보기{/}				
UI_20180629_003241	{@st41b}{s17}Coiffures	{@st41b}{s17}헤어 코스튬				
UI_20180629_003242	Vous pouvez masquer/afficher toutes vos coiffures actuellement équipées.	캐릭터가 착용 중인 헤어 코스튬 모두를 보이기/안보이기 할 수 있습니다.				
UI_20180629_003243	   TP Actuels{/}	   보유중인 TP{/}				
UI_20180629_003244	   TP Restants{/}	   잔여 TP{/}				
UI_20180629_003245	Actuellement Porté	입어보기 목록				
UI_20180629_003246	{@st59}Fermer la liste.{/}	{@st59}입어보기 목록을 닫습니다{/}				
UI_20180629_003247	{@st66b}TP Actuels	{@st66b}소지 TP				
UI_20180629_003248	{@st66b}Liste d'Achats	{@st66b}물품 가격				
UI_20180629_003249	{@st66}- Coupons de Coiffure	{@st66}-헤어 쿠폰				
UI_20180629_003250	{@st66}- Coupons de Teinture	{@st66}-염색 쿠폰				
UI_20180629_003251	{@st66b}{#a70000}Total	{@st66b}{#a70000}결제 TP				
UI_20180629_003252	{@st66}{s18}Acheter tous les objets listés ?	{@st66}{s18}위 아이템을 구매하시겠습니까?				
UI_20180629_003253	{ol}Ouvrir la liste des coupons.	{ol}쿠폰 리스트를 엽니다.				
UI_20180629_003254	{@st66b}TP Restants	{@st66b}잔여 TP				
UI_20180629_003255	{@st66d}Vers la boutique{/}	{@st66d}샵으로{/}				
UI_20180629_003256	{@st66d}Acheter{/}	{@st66d}구매{/}				
UI_20180629_003257	{s17}Liste des Coupons	{s17}쿠폰 목록				
UI_20180629_003258	{@st66b}Utiliser	{@st66b}사용				
UI_20180629_003259	{@st43}Carnet de Coupons du Salon de Coiffure	{@st43}바버샵 쿠폰북				
UI_20180629_003260	Échanger des Timbres	스탬프로 아이템 교환				
UI_20180629_003261	※{b}{ol}{#c21917}Les timbres sont consommés lorsque vous les échangez.{/}{/}{/}{nl}Chaque type de coupon consomme un nombre différent de timbres.	※{b}{ol}{#c21917}아이템 교환 시 스탬프가 소모{/}{/}{/}되며,{nl}소모되는 스탬프의 개수는 아이템에 따라 다르게 소모됩니다.				
UI_20180629_003262	{img barbershop_couponbook_stamp 30 30} %s timbres	{img barbershop_couponbook_stamp 30 30} %s 개 소지				
UI_20180629_003263	{@st59}Fermer l'interface d'apparence d'arme.{/}	{@st59}무기 외형 변환 UI를 닫습니다{/}				
UI_20180629_003264	{@st43}Changer l'Apparence de l'Arme{/}	{@st43}무기 외형 변환{/}	UI_20150323_001291	{@st43}Briquetage{/}	{@st43}브리케팅{/}	
UI_20180629_003265	{@st66b}Potentiel Actuel	{@st66b}현재 포텐셜				
UI_20180629_003266	{@st42}Extraire les Matériaux	{@st42}외형 추출 소재 무기				
UI_20180629_003267	{@st42}Arme à Extraire	{@st42}외형 추출할 무기	UI_20150323_001293	Matériau Consommable	소비 재료	
UI_20180629_003268	{@st42}Conserver le Potentiel	{@st42}포텐셜 소실 방지				
UI_20180629_003269	{img silver 20 20}Prix	{img silver 20 20}가격				
UI_20180629_003270	Si non coché, le potentiel de votre objet sera réduit.{nl}Ne consomme pas d'argent.	포텐셜 소실 방지 체크 해제시 포텐셜이 감소합니다.{nl} 실버는 소모되지 않습니다.				
UI_20180629_003271	Veuillez enregistrer un noyau ou une arme dont vous souhaitez conserver l'apparence.	코어 또는 외형추출 할 무기와 동일한 아이템을 넣어주세요.				
UI_20180629_003272	{@st43b}{s20}OK	{@st43b}{s20}확 인				
UI_20180629_003273	Mettre à jour le tableau de messages.	한줄게시판을 업데이트합니다.				
UI_20180629_003274	Boutique d'Éveil	각성 상점 개설				
UI_20180629_003275	{@st42}Fermer la Boutique	{@st42}폐 점				
UI_20180629_003276	{@st42}Éveiller	{@st42}각 성				
UI_20180629_003277	Matériau	재료이름				
UI_20180629_003278	{@st42}Ouvrir la Boutique	{@st42}개 설				
UI_20180629_003279	{@st41d}{b}{ol}{s14}{img icon_item_silver 22 22} Argent obtenu : %s%s	{@st41d}{b}{ol}{s14}{img icon_item_silver 22 22}실버를 획득했습니다 : %s%s				
UI_20180629_003280	{#fde43f}{b}{ol}{s14}XP de personnage obtenue : %s	{#fde43f}{b}{ol}{s14}캐릭터 경험치를 획득했습니다 : %s				
UI_20180629_003281	{#fde43f}{b}{ol}{s14}XP de classe obtenue : %s	{#9def5a}{b}{ol}{s14}클래스 경험치를 획득했습니다 : %s				
UI_20180629_003282	Loupe d'Artisan	장인의 돋보기				
UI_20180629_003283	Réidentifier	재감정				
UI_20180629_003284	{@st66}{s16}{nl}Sélectionner	{@st66}{s16}{nl}선택				
UI_20180629_003285	{@st41b}{s18}Loupes actuelles : %s	{@st41b}{s18}현재 돋보기 보유 개수: %s개				
UI_20180629_003286	{@st66}{s18}Consomme Loupe d'artisan x%s.	{@st66}{s18}장인의 돋보기 %s개가 소비됩니다.				
UI_20180629_003287	Loupe Mystérieuse	신비한 돋보기				
UI_20180629_003288	{@st66}{s18}Consomme Loupe mystérieuse x%s.	{@st66}{s18}신비한 돋보기 %s개가 소비됩니다.				
UI_20180629_003289	{@st43}Liste{/}	{@st43}패키지 리스트{/}				
UI_20180629_003290	Quantité	구매 수량				
UI_20180629_003291	{@st41b}{s16}{nl}Ajouter au Panier	{@st41b}{s16}{nl}담기				
UI_20180629_003292	{s22}%s vaincu(s)	{s22}%s 처치				
UI_20180629_003293	{s22}%s points	{s22}%s 점				
UI_20180629_003294	{s26}%s badges	{s26}증표 [ %s 개] 획득				
UI_20180629_003295	Classement	랭킹 이름				
UI_20180629_003296	{@st66b}Semaine Dernière 	{@st66b}지난 주 				
UI_20180629_003297	{@st59}Voir le classement de la semaine dernière.{/}	{@st59}저번 주 랭킹을 보여줍니다{/}				
UI_20180629_003298	{@st66b}Cette Semaine 	{@st66b}이번 주 				
UI_20180629_003299	{@st59}Voir le classement de cette semaine. Mis à jour toutes les heures.{/}	{@st59}이번 주 랭킹을 보여줍니다. 1시간마다 갱신됩니다.{/}				
UI_20180629_003300	{@st59}Fermer le classement du donjon solo.{/}	{@st59}1인던전 순위표를 닫습니다{/}				
UI_20180629_003301	Classement Vestiges de Bernice	베르니케의 파편 순위				
UI_20180629_003302	{@st66d}Récompenses	{@st66d}보상안내				
UI_20180629_003303	{@st66b}Les 10 meilleurs joueurs du classement reçoivent un{nl}{#003997}« Brûleur d'encens dimensionnel »{/} pour le classement de la semaine précédente.{nl}Les joueurs ayant participé pendant la semaine reçoivent un ensemble de{nl}{#003997}« Potions dimensionnelles »{/} selon leur score.{nl} {nl}{s13}La semaine commence chaque lundi à 06:00 (heure serveur).	{@st66b}랭킹 TOP 10 구원자분들에게는{nl}{#003997} "차원의 향로"{/}아이템을 전 시즌 랭킹 보상으로 지급하며 시즌에 참여한 구원자 분들께는 자신의 기록에 비례한 수량의{nl}{#003997} "차원의 포션"{/}{nl}을 보상으로 지급합니다.{nl} {nl}{s13}시즌은 매주 월요일 06시에 초기화 됩니다				
UI_20180629_003304	{@st66b}Épéiste	{@st66b}전사				
UI_20180629_003305	{@st66b}Mage	{@st66b}마법사				
UI_20180629_003306	{@st66b}Archer	{@st66b}궁수				
UI_20180629_003307	{@st66b}Clerc	{@st66b}성직자				
UI_20180629_003308	{@st66d}Réclamer les Récompenses de la Semaine Dernière	{@st66d}지난 주 보상 받기				
UI_20180629_003309	Nom de la Guilde	길드명				
UI_20180629_003310	Arbre de Classe	직업 트리				
UI_20180629_003311	Palier le Plus Élevé	최고 스테이지				
UI_20180629_003312	Monstres Tués	몬스터 처치 수				
UI_20180629_003313	Palier le plus élevé : %s	최고 기록 스테이지 : %s 스테이지				
UI_20180629_003314	Monstres tués (record) : %s	최고 기록 처치 몬스터 수 : %s 마리				
UI_20180629_003315	Meilleur classement : %s	최고 기록 랭킹 : %s				
UI_20180629_003316	Palier actuel : %s	현재 스테이지 : %s 스테이지				
UI_20180629_003317	Monstres vaincus : %s	처치 몬스터 수 : %s 마리				
UI_20180629_003318	Classement actuel : %s	현재 기록 랭킹 : %s				
UI_20180629_003319	{@st66b}{s16}Tout	{@st66b}{s16}전체				
UI_20180629_003320	{@st66b}{s16}Épéiste	{@st66b}{s16}전사				
UI_20180629_003321	{@st66b}{s16}Mage	{@st66b}{s16}마법사				
UI_20180629_003322	{@st66b}{s16}Archer	{@st66b}{s16}궁수				
UI_20180629_003323	{@st66b}{s16}Clerc	{@st66b}{s16}성직자				
UI_20180629_003324	Retour en ville imminent.	잠시후 마을로 돌아갑니다				
UI_20180629_003325	{@st42}{s18}{nl}Retour{nl}	{@st42}{s18}{nl}돌아가기{nl}				
UI_20180629_003326	Teinture de Perruque	가발 염색				
UI_20180629_003327	Qté Actuelle	소지 개수				
UI_20180629_003328	Important {img tip_questionmark 20 20}	주의 사항 {img tip_questionmark 20 20}				
UI_20180629_003329	Veuillez d'abord déséquiper tout votre équipement.{nl}Les costumes de classe de base changent de genre{nl}automatiquement.{/}{nl}{@st67}{#fe7e00}{b}Les costumes premium genrés{nl}ne conviendront plus à votre personnage après le{nl}changement de genre.{/}	모든 장비 해제 한 뒤에 전환 가능{nl}기본 직업별 코스튬은 성별 자동 변경{/}{nl}{@st67}{#fe7e00}{b}기존 성별에 맞게 구매한 유료코스튬은{nl}성별 변환 후, 장착 불가{/}				
UI_20180629_003330	{@st66b}Voir Uniquement le Nom d'Équipe{/}	{@st66b}팀 이름만 보기{/}				
UI_20180629_003331	{@st66b}Voir le Nom du Groupe{/}	{@st66b}파티 이름 보기{/}				
UI_20180629_003332	{@st66b}Voir les Noms des Autres Personnages{/}	{@st66b}다른 캐릭터 이름 보기{/}				
UI_20180629_003333	{@st66b}Voir PV/PM sous les Personnages{/}	{@st66b}캐릭터 아래에 HP, SP 보기{/}				
UI_20180629_003334	{@st66b}Voir les Noms des Objets Obtenus{/}	{@st66b}드롭 아이템 이름 보기{/}				
UI_20180629_003335	{@st66b}Voir les Alertes d'Argent Obtenu{/}	{@st66b}획득한 실버량 보기{/}				
UI_20180629_003336	{@st66b}Voir les Alertes d'XP Obtenue{/}	{@st66b}획득한 경험치 보기{/}				
UI_20180629_003337	{@st66b}Voir les Noms des Invocations du Groupe{/}	{@st66b}파티원 소환물 이름 보기{/}				
UI_20180629_003338	{@st66b}Voir la Portée de Zone{/}	{@st66b}장판 범위 보기{/}				
UI_20180629_003339	{@st66b}Volume de la flûte (%s){/}	{@st66b}피리 연주 크기 (%s){/}				
UI_20180629_003340	{@st66b}Entendre les Flûtes des Autres Personnages{/}	{@st66b}다른 캐릭터 피리 연주 듣기{/}				
UI_20180629_003341	{@st59}Décochez si vous ne voulez pas entendre les flûtes des autres personnages.{/}	{@st59}다른 캐릭터의 피리 연주를 듣지 않으려면 체크를 해제해주세요.{/}				
UI_20180629_003342	{@st66b}Voir les Données d'Images (FPS){/}	{@st66b}성능 수치(FPS) 보기{/}				
UI_20180629_003343	{@st59}Affiche les FPS actuels.{/}	{@st59}성능 수치를 표시합니다{/}				
UI_20180629_003344	{@st66b}Premium{/}	{@st66b}프리미엄{/}	UI_20161005_002329	{@st66b}Boutique{/}	{@st66b}상점{/}	
UI_20180629_003345	{@st66b}Cosmétique{/}	{@st66b}꾸미기{/}				
UI_20180629_003346	{@st43}Entrer dans le Salon de Beauté{/}	{@st43}뷰티 샵으로 이동{/}				
UI_20180629_003347	{s14}Test du Salon de Beauté	{s14}뷰티샵 테스트				
UI_20180629_003348	Caméra Fixe	카메라 고정				
UI_20180629_003349	Annuler la Caméra Fixe	카메라 고정 해제				
UI_20180629_003350	Ouvrir la Boutique de Coiffure (F)	헤어샵 열기(여)				
UI_20180629_003351	Ouvrir la Boutique de Coiffure (H)	헤어샵 열기(남)				
UI_20180629_003352	Liste de la Boutique de Coiffure (F)	헤어샵 목록(여)				
UI_20180629_003353	Liste de la Boutique de Coiffure (H)	헤어샵 목록(남)				
UI_20180629_003354	Aperçu Équipement_TOUT	미리보기 장착_ALL				
UI_20180629_003355	Aperçu Équipement_Coiffure	미리보기 장착_Hair				
UI_20180629_003356	Aperçu Équipement_Costume	미리보기 장착_Costume				
UI_20180629_003357	Ouvrir la Boutique de Costumes (F)	코스튬샵 열기(여)				
UI_20180629_003358	Ouvrir la Boutique de Costumes (H)	코스튬샵 열기(남)				
UI_20180629_003359	Liste de la Boutique de Costumes (F)	코스튬샵 목록(여)				
UI_20180629_003360	Liste de la Boutique de Costumes (H)	코스튬샵 목록(남)				
UI_20180629_003361	Ouvrir la Liste Simple	간소화 목록 열기				
UI_20180629_003362	Paramètres d'Objets de la Liste Simple	간소화 목록 아이템 설정				
UI_20180629_003363	Ouvrir la Boutique de Perruques (F)	가발샵 열기(여)				
UI_20180629_003364	Ouvrir la Boutique de Perruques (H)	가발샵 열기(남)				
UI_20180629_003365	Liste de la Boutique de Perruques (F)	가발샵 목록(여)				
UI_20180629_003366	Liste de la Boutique de Perruques (H)	가발샵 목록(남)				
UI_20180629_003367	Ouvrir Autres	기타샵 열기				
UI_20180629_003368	Liste Autres	기타샵 목록				
UI_20180629_003369	Test d'Achat	구매 테스트				
UI_20180629_003370	{@st66}{nl}Supp. Personnage	{@st66}{nl}캐릭터 삭제				
UI_20180629_003371	{@st66}{nl}Changer de Caserne	{@st66}{nl}숙소 이동				
UI_20180629_003372	{@st66}{nl}Nouveau Personnage	{@st66}{nl}새 캐릭터 만들기				
UI_20180629_003373	Impossible de transférer l'apparence	외형 변경 불가				
UI_20180629_003374	Basique{/}	기본{/}	UI_20151016_001817	%s Personnages{/}	정원%s명{/}	
UI_20180629_003375	{#003997}{b}Palier terminé : %s	{#003997}{b}클리어 스테이지: %s				
UI_20180629_003376	{ol}Ajouter au Panier	{ol}장바구니에 담기				
UI_20180629_003377	Objets Actuels	소지 중인 아이템				
UI_20180629_003378	{@st41b}{S16}%s% de réduction	{@st41b}{S16}%s% 할인 쿠폰				
UI_20180629_003379	{@st41b}{s16}{nl}Échanger	{@st41b}{s16}{nl}교환				
UI_20180704_003380	Veuillez enregistrer un matériau d'apparence d'arme ou un objet équivalent.	무기 외형 변환 소재 또는 외형추출 할 무기와 동일한 아이템을 넣어주세요.	UI_20180629_003271	Veuillez enregistrer un noyau ou une arme dont vous souhaitez conserver l'apparence.	코어 또는 외형추출 할 무기와 동일한 아이템을 넣어주세요.	
UI_20180723_003381	{@st42}{s20}Récompenses de Victoire	{@st42}{s20}점령 보상				
UI_20180723_003382	Date de Capture	점령일				
UI_20180723_003383	Récompenses de Victoire	점령 보상				
UI_20180723_003384	ⓘ Les récompenses de victoire sont appliquées 1 heure après la fin de chaque session GTW.{nl}ⓘ Seul le maître de guilde peut récupérer ces récompenses. Les objets sont envoyés à votre coffre de guilde.	ⓘ 점령 보상 목록은 콜로니전 종료 후 1시간 뒤에 갱신됩니다.{nl}ⓘ 보상 수령은 길드마스터만 가능하며, 수령된 아이템은 길드 보관함으로 이동됩니다.				
UI_20180723_003385	{@st41b}{s16}Récompenses de Victoire	{@st41b}{s16}점령 보상				
UI_20180723_003386	{@st42}{s16}Recevoir	{@st42}{s16}받기				
UI_20180809_003387	{@st41b}Ouvrir le Bon	{@st41b}이용권을 사용하여 개봉하기				
UI_20180827_003388	{@st59}Messages Système{/}	{@st59}시스템 메시지{/}				
UI_20180827_003389	{@st59}Messages de Combat{/}	{@st59}전투 메시지{/}				
UI_20180827_003390	{@st42}{s18}Paramètres de Discussion	{@st42}{s18}채팅 설정				
UI_20180827_003391	Écran	화면				
UI_20180827_003392	Voir les alertes de connexion	접속 알림 표시				
UI_20180827_003393	Paramètres des messages de combat	전투 메시지 설정				
UI_20180827_003394	Dégâts subis	입은 피해				
UI_20180827_003395	Dégâts infligés	가한 피해				
UI_20180827_003396	Utilisation de Skill	스킬 사용				
UI_20180827_003397	Mort/réapparition	사망/부활				
UI_20180827_003398	Mort/réapparition du groupe	파티원의 사망/부활				
UI_20180827_003399	Niveau de personnage max.	최고 캐릭터 레벨				
UI_20180827_003400	{@st59}Redemander les données d'emplacement rapide.{/}	{@st59}퀵슬롯 정보를 다시 요청합니다.{/}				
UI_20180827_003401	{@st66b18}Récupérer	{@st66b18}완료				
UI_20180827_003402	{@st66b18}Vendre	{@st66b18}판매				
UI_20180827_003403	{@st66b18}Acheter	{@st66b18}구매				
UI_20180827_003404	{@st66b}{s18}Catégorie	{@st66b}{s18}카테고리				
UI_20180827_003405	{@st66b}{s18}Nom{/}	{@st66b}{s18}이름{/}				
UI_20180827_003406	{@st66b}{s18}Niveau{/}	{@st66b}{s18}레벨{/}				
UI_20180827_003407	{@st66b}{s18}Prix{/}	{@st66b}{s18}단가{/}				
UI_20180827_003408	{@st66b}{s18}Quantité{/}	{@st66b}{s18}구매 개수{/}				
UI_20180827_003409	{@st66b}{s18}Montant Total{/}	{@st66b}{s18}총 금액{/}				
UI_20180827_003410	{@st66b}{s18}Statistiques{/}	{@st66b}{s18}능력치{/}				
UI_20180827_003411	{@st66b}{s18}Emplacements{/}	{@st66b}{s18}소켓{/}				
UI_20180827_003412	{@st66b}{s18}Potentiel{/}	{@st66b}{s18}포텐셜{/}				
UI_20180827_003413	{@st66b}{s18}Montant{/}	{@st66b}{s18}금액{/}				
UI_20180827_003414	{@st66b}{s18}Statistiques d'Enchantement{/}	{@st66b}{s18}인챈트 옵션{/}				
UI_20180827_003415	{@st66b}{s18}Niveau de Torréfaction{/}	{@st66b}{s18}로스팅 레벨{/}				
UI_20180827_003416	{@st66b}{s18}XP{/}	{@st66b}{s18}경험치{/}				
UI_20180827_003417	{@st66b}{s18}Quantité{/}	{@st66b}{s18}구매개수{/}				
UI_20180827_003418	{@st66b}{s18}Matériaux{/}	{@st66b}{s18}제작 재료{/}				
UI_20180827_003419	{@st43b}{s18}Détails{/}	{@st43b}{s18}상세옵션{/}				
UI_20180827_003420	{@st66b}{s18}Montant Total{/}	{@st66b}{s18}총금액{/}				
UI_20180827_003421	{@st66b}{s18}Période d'Attente{/}	{@st66b}{s18}대기 시간{/}				
UI_20180827_003422	{@st66b}{s18}Statut{/}	{@st66b}{s18}상태{/}				
UI_20180827_003423	Récupérer l'{#002d93}argent{/}{/} de la vente de {#8e0000}[%s%s] x%s{/}{/} ? Total :{#8e0000}%s{/}{/}	{#8e0000}[%s%s]{/}{/}아이템 {#8e0000}[%s개]{/}{/}의{nl}판매금액 {#002d93}%s실버{/}{/}를 수령하겠습니까?				
UI_20180827_003424	{@st41b}Recevoir	{@st41b}받기				
UI_20180827_003425	Récupérer {#8e0000}[%s%s]{/} {#8e0000}x[%s]{/} ?	{#8e0000}[%s%s]{/}아이템 {#8e0000}[%s개]{/} 를 수령하겠습니까?				
UI_20180827_003426	Récupérer tous les objets ?	아이템을 모두 수령하겠습니까?				
UI_20180827_003427	{@st41b}Liste d'Objets	{@st41b}수령 목록				
UI_20180827_003428	Veuillez enregistrer un objet.	아이템을 등록해주세요.				
UI_20180827_003429	{@st66d}Enregistrer l'Objet	{@st66d}아이템 등록				
UI_20180827_003430	{@st66b}Prix max.{/}	{@st66b}상한가▲{/}				
UI_20180827_003431	{@st66b}Prix min.{/}	{@st66b}하한가▼{/}				
UI_20180827_003432	{@st66b}Prix le Plus Bas{/}	{@st66b}현재 최저 가격{/}				
UI_20180827_003433	{@st66b}{s14}(%s argent par unité)	{@st66b}{s14}(개당 %s실버)				
UI_20180827_003434	{@st66}Frais d'enregistrement :	{@st66}등록 수수료:				
UI_20180827_003435	{@st66}Prix total :	{@st66}총 판매 가격:				
UI_20180827_003436	{@st66}Frais de marché :	{@st66}수수료:				
UI_20180827_003437	{@st66}Montant final :	{@st66}최종 수령금:				
UI_20180827_003438	{@st66}%s jour(s) : %s% du prix de l'objet	{@st66}%s일: 판매 가격의 %s% 실버				
UI_20180827_003439	{@st66}{s14}L'argent obtenu de la vente d'objets (sauf Tokens){nl}peut être récupéré depuis le marché après 48 heures.{/}	{@st66}{s14}토큰 아이템을 제외한 판매 아이템의{nl}정산된 실버는 48시간 후 수령할 수 있습니다.{/}				
UI_20180827_003440	{@st66b}{s18}Frais{/}	{@st66b}{s18}수수료{/}				
UI_20180827_003441	{@st66b}{s18}Temps Restant{/}	{@st66b}{s18}남은 시간{/}				
UI_20180827_003442	{ds}{b}{#ffefd6}30 min : {#fe7e00}100 POINTS	{ds}{b}{#ffefd6}30분:{#fe7e00}100 POINT				
UI_20180827_003443	Achats (%s/%s){/}	구매 횟수 (%s/%s){/}				
UI_20180827_003444	{@st42}{s20}Spécial %s	{@st42}{s20}PC방 %s				
UI_20180827_003445	{@st66b}Récompenses spéciales livrées dans votre inventaire.	{@st66b}PC방 접속보상이{nl}인벤토리로 지급됩니다.				
UI_20180827_003446	{@st42b}{s16}Recevoir{/}	{@st42b}{s16}받기{/}				
UI_20180827_003447	{@st42b}{s16}Annuler{/}	{@st42b}{s16}취소{/}				
UI_20180827_003448	{@st42}{s22}Points Popo{@st42}	{@st42}{s22}PC방				
UI_20180827_003449	{@st59}Récupérer les objets à nouveau.{/}	{@st59}수령에 실패한 아이템을 다시 수령합니다.{/}				
UI_20180827_003450	{img test_cooltime 25 25}{s18}Réinitialisation des points dans %s jour(s), %s heure(s), %s minute(s).{/}	{img test_cooltime 25 25}{s18}포인트 초기화까지 %s일 %s시간 %s분 남았습니다.{/}				
UI_20180827_003451	{@st66b}Principal{/}	{@st66b}메인{/}				
UI_20180827_003452	{@st66b}Boutique de Points{/}	{@st66b}포인트 샵{/}				
UI_20180827_003453	{@st66b}Location d'Équipement PP{/}	{@st66b}PC방 장비 대여{/}				
UI_20180827_003454	{@st66b}Informations{/}	{@st66b}안내{/}				
UI_20180827_003455	{s14}※ Vous pouvez accumuler un maximum de 20 000 points, réinitialisés tous les 3 mois (1er janvier, avril, juillet et octobre à 06:00, heure serveur).	{s14}※최대 20000포인트까지 누적되며, 매 분기(1,4,7,10월 1일 06시)마다 초기화 됩니다.				
UI_20180827_003456	{s14}{@st42}Points du jour : %s	{s14}{@st42}오늘 획득한 포인트: %s				
UI_20180827_003457	Récompenses de Connexion	접속 보상				
UI_20180827_003458	{s14}{@st42}Temps de connexion total : %s h %s min	{s14}{@st42}누적 접속 시간: %s시간 %s분				
UI_20180827_003459	Aucun événement en cours.	진행중인 이벤트가 없습니다				
UI_20180827_003460	{@st66b}   Régulier{/}	{@st66b}   일반 상품{/}				
UI_20180827_003461	{@st66b}   Rotatif{/}	{@st66b}   로테이션 상품{/}				
UI_20180827_003462	{@st66b}   Événement{/}	{@st66b}   이벤트 상품{/}				
UI_20180827_003463	Objets Disponibles	구입가능 목록				
UI_20180827_003464	※ Produits mis à jour tous les 3 mois (1er jour de janvier, avril, juillet et octobre).	※매 분기마다(1,4,7,10월 1일) 상품이 갱신됩니다.				
UI_20180827_003465	{@st66b}   Armes{/}	{@st66b}   무기{/}				
UI_20180827_003466	{@st66b}   Armure{/}	{@st66b}   방어구{/}				
UI_20180827_003467	Objets en Location	대여가능 목록				
UI_20180827_003468	Conditions Générales	약관 안내				
UI_20180827_003469	{s18}Voir le minuteur de l'écran principal	{s18}메인화면에서 타이머 표시하기				
UI_20180827_003470	{@st66b}Réverbération ON/OFF{/}	{@st66b}잔향효과 ON/OFF{/}				
UI_20180827_003471	{@st59}Cochez pour appliquer la réverbération.{/}	{@st59}잔향효과를 적용하려면 체크해 주세요.{/}				
UI_20180827_003472	{@st66b}Activer les Illustrations Animées	{@st66b}아이템 움직이는 일러스트 켜기				
UI_20180827_003473	 Utiliser l'objet ?	 아이템을{nl} 사용하시겠습니까?{/}				
UI_20180827_003474	Il sera retiré de %s et appliqué uniquement à %s.{/}	사용한 %s {nl}인벤토리에서 사라지며 현재 %s에만 적용됩니다.{/}				
UI_20180827_003475	Activer les Illustrations Animées	움직이는 일러스트 켜기				
UI_20180827_003476	{@st41b}Acheter{/}	{@st41b}구매{/}				
UI_20180827_003477	Rechercher des matériaux de fabrication.	제작서에 필요한 재료를 검색합니다.				
UI_20180827_003478	{#002d93}Argent{/}{/} de {#8e0000}[%s %s] x%s{/}{/} : {#8e0000}[%s]{/}{/}	{#8e0000}[%s%s]{/}{/}아이템 {#8e0000}[%s개]{/}{/}의{nl}수령금액 {#002d93}%s실버{/}{/}				
UI_20180827_003479	{#8e0000}[%s%s]{/} {#8e0000}x[%s]{/}	{#8e0000}[%s%s]{/} 아이템 {#8e0000}[%s개]{/}				
UI_20180827_003480	1 jour, 23 heures	1일23시간				
UI_20180827_003481	Non cessible	거래불가				
UI_20180827_003482	{@st42b}{s16}Aperçu{/}	{@st42b}{s16}미리보기{/}				
UI_20181017_003483	{@st43}Essayer les objets à thème	{@st43}테마 상품 입어보기				
UI_20181017_003484	Insérez l'équipement dont vous voulez changer l'apparence.	외형을 변경할 장비를 올려주세요.				
UI_20181017_003485	{@st68}{s16}Liste{/}	{@st68}{s16}목록{/}				
UI_20181017_003486	{@st41b}Supprimer	{@st41b}삭제	ETC_20150317_001649	Supprimer	삭제	
UI_20181017_003487	{@st59}Équipement{/}	{@st59}장비{/}				
UI_20181017_003488	{@st66b}Apparence{/}	{@st66b}외형{/}				
UI_20181017_003489	{@st59}Apparence{/}	{@st59}외형{/}				
UI_20181017_003490	{@st59}Teinture de Cheveux{/}	{@st59}염색{/}				
UI_20181017_003491	{@st59}Tout Voir{/}	{@st59}모두 보기{/}				
UI_20181017_003492	{@st59}Consommables{/}	{@st59}소비{/}				
UI_20181017_003493	{@st59}Recettes{/}	{@st59}제작서{/}				
UI_20181017_003494	{@st59}Cartes{/}	{@st59}카드{/}				
UI_20181017_003495	{@st59}Matériaux{/}	{@st59}재료{/}				
UI_20181017_003496	{@st59}Gemmes{/}	{@st59}젬{/}				
UI_20181017_003497	{@st59}Premium{/}	{@st59}프리미엄{/}				
UI_20181017_003498	{@st59}Option de filtre d'objet ON/OFF{/}	{@st59}아이템 필터 옵션 켜기/끄기{/}				
UI_20181017_003499	{@st41b}Palier %s	{@st41b}%s단계				
UI_20181017_003500	{@st43}Options d'Inventaire{/}	{@st43}인벤토리 옵션{/}				
UI_20181017_003501	{@st43b}{s18}Grade d'Équipement{/}	{@st43b}{s18}장비 등급{/}				
UI_20181017_003502	{@st43b}{s18}Type d'Équipement{/}	{@st43b}{s18}장비 타입{/}				
UI_20181017_003503	{@st43b}{s18}Groupe de Cartes{/}	{@st43b}{s18}카드 그룹{/}				
UI_20181017_003504	{@st43b}{s18}Type de Matériau{/}	{@st43b}{s18}재료 종류{/}				
UI_20181017_003505	{@st43b}{s18}Groupe de Gemmes{/}	{@st43b}{s18}젬 그룹{/}				
UI_20181017_003506	{@st66b}Tous les Grades{/}	{@st66b}모든 등급{/}				
UI_20181017_003507	{@st66b}Normal{/}	{@st66b}일반{/}				
UI_20181017_003508	{@st66b}Magique{/}	{@st66b}매직{/}				
UI_20181017_003509	{@st66b}Rare{/}	{@st66b}레어{/}				
UI_20181017_003510	{@st66b}Unique{/}	{@st66b}유니크{/}				
UI_20181017_003511	{@st66b}Légendaire{/}	{@st66b}레전드{/}				
UI_20181017_003512	{@st66b}Afficher uniquement les objets renforcés/transcendés{/}	{@st66b}강화, 초월된 장비만 보기{/}				
UI_20181017_003513	{@st66b}Afficher uniquement les objets non identifiés{/}	{@st66b}미감정 장비만 보기{/}				
UI_20181017_003514	{@st66b}Toutes les Cartes{/}	{@st66b}모든 카드{/}				
UI_20181017_003515	{@st66b}Cartes Rouges{/}	{@st66b}레드 카드{/}				
UI_20181017_003516	{@st66b}Cartes Bleues{/}	{@st66b}블루 카드{/}				
UI_20181017_003517	{@st66b}Cartes Vertes{/}	{@st66b}그린 카드{/}				
UI_20181017_003518	{@st66b}Cartes Violettes{/}	{@st66b}퍼플 카드{/}				
UI_20181017_003519	{@st66b}Cartes Légendaires{/}	{@st66b}레전드 카드{/}				
UI_20181017_003520	{@st66b}Autres Cartes{/}	{@st66b}기타 카드{/}				
UI_20181017_003521	{@st66b}Tous les Types{/}	{@st66b}모든 종류{/}				
UI_20181017_003522	{@st66b}Quête{/}	{@st66b}퀘스트{/}				
UI_20181017_003523	{@st66b}Autres{/}	{@st66b}기타{/}				
UI_20181017_003524	{@st66b}Collection{/}	{@st66b}컬렉션{/}				
UI_20181017_003525	{@st66b}Pour équipement{/}	{@st66b}장비 성장{/}				
UI_20181017_003526	{@st66b}Minerais{/}	{@st66b}광물{/}				
UI_20181017_003527	{@st66b}Toutes les Gemmes{/}	{@st66b}모든 젬{/}				
UI_20181017_003528	{@st66b}Gemmes Rouges{/}	{@st66b}레드 젬{/}				
UI_20181017_003529	{@st66b}Gemmes Bleues{/}	{@st66b}블루 젬{/}				
UI_20181017_003530	{@st66b}Gemmes Jaunes{/}	{@st66b}옐로우 젬{/}				
UI_20181017_003531	{@st66b}Gemmes Vertes{/}	{@st66b}그린 젬{/}				
UI_20181017_003532	{@st66b}Gemmes Blanches{/}	{@st66b}화이트 젬{/}				
UI_20181017_003533	{@st66b}Gemmes de Monstre{/}	{@st66b}몬스터 젬{/}				
UI_20181017_003534	Réinitialiser	리셋				
UI_20181017_003535	{@st43}Retour	{@st43}뒤로가기				
UI_20181017_003536	{@st43}Recommencer	{@st43}다시하기				
UI_20181017_003537	{@st59}Fermer les options de recherche{/}	{@st59}검색 옵션 창을 닫습니다{/}				
UI_20181017_003538	Enregistrez vos options de recherche de catégorie actuelles.{nl}Les options non spécifiées ne seront pas enregistrées.	현재 카테고리 검색 옵션을 저장합니다.{nl}값을 입력하지 않은 설정들은 저장되지 않습니다.				
UI_20181017_003539	Nom de la Sauvegarde	저장 이름				
UI_20181017_003540	{@st66d}Enregistrer les Options	{@st66d}옵션 저장				
UI_20181017_003541	{@st41d}Enregistrer	{@st41d}저장				
UI_20181017_003542	Importer les options de catégorie.	카테고리 옵션을 불러옵니다.				
UI_20181017_003543	{@st66d}Importer les Options	{@st66d}옵션 불러오기				
UI_20181017_003544	Limite d'Échange	거래 한도				
UI_20181017_003545	Joyaux d'Enchantement	인챈트 쥬얼				
UI_20181017_003546	Statistiques d'Enchantement	인챈트 옵션 부여				
UI_20181017_003547	{@st41b}{s18}Joyaux d'enchantement actuels : %s	{@st41b}{s18}현재 인챈트 쥬얼 보유 개수: %s개				
UI_20181017_003548	{@st66}{s18}{b}Consomme %s joyau(x) d'enchantement.	{@st66}{s18}{b}인챈트 쥬얼 %s개가 소비됩니다.				
UI_20181017_003549	{@st59}Définir la Classe Principale{/}	{@st59}대표 클래스 설정{/}				
UI_20181017_003550	{@st59}Boîte à Pêche (Alt + F){/}	{@st59}낚시 살림통 (Alt + F){/}				
UI_20181017_003551	{@st59}Skills et Attributs (F3){/}	{@st59}스킬과 특성 (F3){/}				
UI_20181017_003552	Objets Utilisés	사용 아이템				
UI_20181017_003553	Titre       %s	칭호       %s	UI_20150401_001453	Titre : %s	칭호   %s	
UI_20181017_003554	Récompense       %s	보상       %s	UI_20150401_001454	Récompense : %s	보상   %s	
UI_20181017_003555	{@sti7}{s26}Trouvez Votre Classe	{@sti7}{s26}클래스 선택 가이드				
UI_20181017_003556	{@st43b}Démarrer	{@st43b}시작				
UI_20181017_003557	{@st43}1er	{@st43}1위				
UI_20181017_003558	{@st43}2e	{@st43}2위				
UI_20181017_003559	{@st43}3e	{@st43}3위				
UI_20181017_003560	Plage de Niveau	레벨 범위				
UI_20181017_003561	Normal	노멀				
UI_20181017_003562	Rechercher un Objet	아이템 검색				
UI_20181017_003563	Afficher uniquement les objets non identifiés	미감정 아이템만 보기				
UI_20181017_003564	Masquer les objets non identifiés	미감정 아이템 제외해서 보기				
UI_20181017_003565	Paramètres Avancés	세부 설정				
UI_20181017_003566	Valeur	수치 범위				
UI_20181017_003567	{@st66}{s16}Ajouter une Statistique	{@st66}{s16}옵션 추가				
UI_20181017_003568	Groupe de Statistiques	옵션 그룹				
UI_20181017_003569	{@st66}{s16}Enregistrer	{@st66}{s16}저장				
UI_20181017_003570	Enregistrer les paramètres de recherche.	검색 설정을 저장합니다.				
UI_20181017_003571	{@st66}{s16}Importer	{@st66}{s16}불러오기				
UI_20181017_003572	Importer les paramètres de recherche.	검색 설정을 불러옵니다.				
UI_20181017_003573	Réinitialiser les paramètres de recherche.	검색 설정을 초기화합니다.				
UI_20181017_003574	Niveau d'Objet	아이템 레벨				
UI_20181017_003575	Niveau de Torréfaction	로스팅 레벨				
UI_20181017_003576	Supprimer la Statistique	옵션 삭제				
UI_20181017_003577	Nom de la Sauvegarde des Paramètres	설정 저장 이름				
UI_20181017_003578	Supprimer les Paramètres	설정 삭제				
UI_20181017_003579	Grade d'Échange	거래 등급 안내				
UI_20181017_003580	Personnage Niv %s	캐릭터 레벨 %s				
UI_20181017_003581	Équipe âgée de %s+ jours	팀 생성 %s일 이상				
UI_20181017_003582	%s Révélations obtenues	계시 %s개 획득				
UI_20190104_003583	{@st66d}Extraire les Points d'Attribut	{@st66d}특성 포인트 추출				
UI_20190104_003584	{@st59s}Consomme 100 000 argent pour extraire 1 000 points d'attribut{nl} sur un seul parchemin de points d'attribut.	{@st59s}100,000실버를 소비하여 특성 포인트 1000당{nl}특성 포인트 스크롤 1개로 추출합니다.				
UI_20190104_003585	Frais	수수료				
UI_20190104_003586	%s argent	%s 실버				
UI_20190104_003587	Parchemins Extraits	추출할 특성 포인트 스크롤				
UI_20190104_003588	Montant Dépensé	소비 실버				
UI_20190104_003589	Points Extraits	추출 특성 포인트				
UI_20190104_003590	Points Restants	잔여 특성 포인트				
UI_20190104_003591	{@st66b}Extraire	{@st66b}추출				
UI_20190104_003592	Effets de Collection	컬렉션 효과				
UI_20190104_003593	{@st59}Arbre de Repérage{/}	{@st59}스카우트 계열{/}				
UI_20190104_003594	{@st41b}Coût d'identification{/} %s	{@st41b}감정 비용{/}%s				
UI_20190104_003595	{@st59}Poupée{/}	{@st59}인형{/}				
UI_20190104_003596	{img silver 20 20}Prix %s	{img silver 20 20}가격 %s				
UI_20190104_003597	{@st44}Liste des Classes{/}	{@st44}클래스 목록{/}				
UI_20190104_003598	{@st43}Infos sur la Classe Actuelle	{@st43}현재 클래스 정보				
UI_20190104_003599	{@st43}Changer l'Arbre de Classe {img testquesten_button 30 30}	{@st43}클래스 변경 {img testquesten_button 30 30}				
UI_20190104_003600	Le montant maximum de points pouvant être gagnés est réinitialisé chaque lundi à 06:00, heure serveur.{nl}Les points peuvent être gagnés comme suit :{nl} {nl}- Se connecter au jeu : 10 points (5 points supplémentaires pour les joueurs en guilde et les joueurs sous effet Token){nl} - Pêche réussie : 1 point par prise{nl}- Mission Couvent de Saalus : 15 points{nl}- Raid légendaire : 20 points{nl} (Sauf pour la Tour de terre, où 5 points sont gagnés tous les 5 niveaux){nl}- Mission de défense en montée : 10 points{nl}- Raid unique : 20 points{nl}- Donjon de niveau : 10 points{nl}- Mission du bureau des mercenaires : 10 points{nl}- Quête quotidienne : 10 points	획득 가능한 포인트량은 매주 월요일 6시에 초기화됩니다.{nl}포인트는 아래의 방법으로 획득할 수 있습니다.{nl} {nl}- 접속: 10 포인트 (PC방 접속 중, 길드 가입 중, 토큰 적용 중일 시 각 5 포인트 추가 획득){nl}- 낚시 성공: 1회 당 1 포인트{nl}- 살러스 수녀원 미션: 15 포인트{nl}- 레전드 레이드: 20 포인트{nl}  (단, 대지의 탑은 5층 단위로 5점씩 지급됩니다.){nl}- 업힐 디펜스 미션: 10 포인트{nl}- 유니크 레이드: 20 포인트{nl}- 레벨 던전: 10 포인트{nl}- 의뢰소 미션: 10 포인트{nl}- 일일 퀘스트: 10 포인트				
UI_20190104_003601	{@st42}Points hebdomadaires{/} {@st66d_y}(%s/%s){/}	{@st42}주간획득 포인트{/} {@st66d_y}(%s/%s){/}				
UI_20190104_003602	{@st43}Avancer	{@st43}전직하기				
UI_20190104_003603	{@st66d_y}{#ffa800}Ratio de Croissance des Statistiques	{@st66d_y}{#ffa800}스탯 성장 비율				
UI_20190104_003604	{@st42}{#FFCC66}FOR	{@st42}{#FFCC66}힘				
UI_20190104_003605	{@st42}{#FFCC66}CON	{@st42}{#FFCC66}체력				
UI_20190104_003606	{@st42}{#FFCC66}INT	{@st42}{#FFCC66}지능				
UI_20190104_003607	{@st42}{#FFCC66}ESP	{@st42}{#FFCC66}정신				
UI_20190104_003608	{@st42}{#FFCC66}DEX	{@st42}{#FFCC66}민첩				
UI_20190104_003609	{@st43}Informations sur la Classe{/}	{@st43}클래스 정보{/}				
UI_20190104_003610	Fermer le mode de changement de classe.	클래스 변경 모드를 종료합니다.				
UI_20190104_003611	{@st43}Sélectionnez une classe et cliquez sur le bouton Avancer.	{@st43}변경 할 클래스를 선택한 후에 전직하기 버튼을 눌러주세요.				
UI_20190104_003612	{@st66b18}※ Les TP ou objets utilisés pour les changements de nom ne sont pas remboursables.{/}	{@st66b18}※이름 변경에 사용된 TP 또는 아이템은 환불되지 않습니다.{/}				
UI_20190104_003613	{@st59b}Collection {nl}{@st59s}- Achetez le Deck de collection pour ajouter des objets à collectionner à votre collection. {nl} - Le raccourci de collection sera activé lorsque vous utiliserez l'objet Deck de collection. {nl} {/}	{@st59b}컬렉션{nl}{@st59s} - 게임내 컬렉션 덱을 구해 아이템을 수집하면 해당 아이템 수집 가능{nl} - 컬렉션 덱 아이템 사용했을 경우 컬렉션 단축키가 활성화{nl}{/}	UI_20150317_000130	{@st59b}Collection {nl}{@st59s}- Achetez le Deck de collection pour ajouter des objets à collectionner à votre collection. {nl} - Le raccourci de collection sera activé lorsque vous utiliserez l'objet Deck de collection. {nl} {/}	{@st59b}콜렉션{nl}{@st59s} - 게임내 콜렉션 덱을 구해 아이템을 수집하면 해당 아이템 수집 가능{nl} - 콜렉션 덱 아이템 사용했을 경우 콜렉션 단축키가 활성화{nl}{/}	
UI_20190104_003614	{@st59}Fermer{/}	{@st59}컬렉션 정보를 닫습니다{/}	UI_20150317_000131	{@st59}Fermer{/}	{@st59}콜렉션 정보를 닫습니다{/}	
UI_20190104_003615	{@st43}Collection{/}	{@st43}컬렉션{/}	UI_20150317_000132	{@st43}Collection{/}	{@st43}콜렉션{/}	
UI_20190104_003616	{@st68b}{s18}Collection{/}	{@st68b}{s18}컬렉션 상태{/}	UI_20170313_002538	{@st68b}{s18}Collection{/}	{@st68b}{s18}콜렉션 상태{/}	
UI_20190104_003617	{@st59}Rechercher le nom d'une collection ou d'un effet.{/}	{@st59}컬렉션 이름 또는 효과로 검색 합니다.{/}	UI_20170313_002544	{@st59}Rechercher le nom d'une collection ou d'un effet.{/}	{@st59}콜렉션 이름 또는 효과로 검색 합니다.{/}	
UI_20190104_003618	ⓘ Les listes de récompenses sont mises à jour 1 heure après chaque session.{nl}ⓘ Les récompenses ne peuvent être réclamées que par le maître de guilde. Les objets réclamés sont envoyés au coffre de guilde.{nl}ⓘ Les sessions de bêta test n'offrent aucune récompense.	ⓘ 점령 보상 목록은 콜로니전 종료 후 1시간 뒤에 갱신됩니다.{nl}ⓘ 보상 수령은 길드마스터만 가능하며, 수령된 아이템은 길드 보관함으로 이동됩니다.{nl}ⓘ Beta로 진행되는 길드 콜로니전에서는 점령 보상이 지급되지 않습니다.	UI_20180723_003384	ⓘ Les récompenses de victoire sont appliquées 1 heure après la fin de chaque session GTW.{nl}ⓘ Seul le maître de guilde peut récupérer ces récompenses. Les objets sont envoyés à votre coffre de guilde.	ⓘ 점령 보상 목록은 콜로니전 종료 후 1시간 뒤에 갱신됩니다.{nl}ⓘ 보상 수령은 길드마스터만 가능하며, 수령된 아이템은 길드 보관함으로 이동됩니다.	
UI_20190104_003619	{s6} {nl}{/}{@st41d}{img colony_point_pic 24 24}Points Actuels{nl}{/}	{s6} {nl}{/}{@st41d}{img colony_point_pic 24 24}포인트 현황{nl}{/}				
UI_20190104_003620	{s6} {nl}{/}{@st41d}{img colony_deploy_pic 24 24}Positions{/}	{s6} {nl}{/}{@st41d}{img colony_deploy_pic 24 24}배치 현황{/}				
UI_20190104_003621	Utilitaires	유틸형				
UI_20190104_003622	Dissuasifs	이동 방지형				
UI_20190104_003623	Points Actuels	점령 포인트				
UI_20190104_003624	Effets	적용 효과				
UI_20190104_003625	{@st42}{s20}Avantages de Victoire	{@st42}{s20}점령 혜택				
UI_20190104_003626	{@st66b}Ajuster le Taux de Taxe{/}	{@st66b}세율 조정{/}				
UI_20190104_003627	{@st66b}Collecte des Taxes{/}	{@st66b}세금 징수{/}				
UI_20190104_003628	Villes Ciblées	세율 적용 도시				
UI_20190104_003629	Taux de Taxe	세율				
UI_20190104_003630	Jour de Paiement	지급일				
UI_20190104_003631	Villes de Collecte	세금 징수 도시				
UI_20190104_003632	Période d'Allocation Restante	남은 분배 기간				
UI_20190104_003633	Taxe	세금				
UI_20190104_003634	Allocation de Taxe	세금 분배				
UI_20190104_003635	Récupérer la Taxe	세금 수령				
UI_20190104_003636	Somme Allouée	분배 금액				
UI_20190104_003637	{@st66b}Important{/}	{@st66b}유의사항{/}				
UI_20190104_003638	{@st66b}Biens Taxables{/}	{@st66b}세율 적용 항목{/}				
UI_20190104_003639	{@st66b}Historique{/}	{@st66b}세금 상세 이력{/}				
UI_20190104_003640	{@st42}{s20}Allocation de Taxe	{@st42}{s20}세금 분배				
UI_20190104_003641	Somme Actuelle	현재 금액				
UI_20190104_003642	Envoi en cours	보낼 금액				
UI_20190104_003643	Fonds Restants	잔여 금액				
UI_20190104_003644	Équipe : %s	팀명 %s				
UI_20190104_003645	Montant	금액				
UI_20190104_003646	{@st42}{s16}Envoyer	{@st42}{s16}보내기				
UI_20190104_003647	{@st42}{s20}Récupérer les Taxes	{@st42}{s20}세금 수령				
UI_20190104_003648	Période Restante	남은 수령 기간				
UI_20190104_003649	{@st42}{s20}Liste de Téléportation	{@st42}{s20}워프 목록				
UI_20190104_003650	Statut Actuel	점령 현황				
UI_20190104_003651	{img icon_item_silver 20 20}{@st41b}Continuer {/}{img white_right_arrow 15 18} %s	{img icon_item_silver 20 20}{@st41b}거래 정산 {/}{img white_right_arrow 15 18} %s				
UI_20190104_003652	{@st41b}Objets achetés{/} %s	{@st41b}구입 아이템{/} %s				
UI_20190104_003653	{@st41b}Total des bons dépensés : {/}	{@st41b}총 소비 교환권 : {/}				
UI_20190104_003654	Voulez-vous utiliser les bons pour les échanger contre des objets ?	교환권을 위 아이템으로 교환하시겠습니까?				
UI_20190104_003655	Vous pouvez ajouter des objets à l'atelier d'alchimie pour les utiliser dans des Skills.	연금공방에 아이템을 등록하여 스킬을 사용할 수 있습니다.				
UI_20190104_003656	{@st43}Atelier d'Alchimie	{@st43}연금공방				
UI_20190104_003657	Enregistrez des objets à consommer avec le Skill Combustion.	컴버스천 스킬 사용시 소모될 재료를 등록해주세요.				
UI_20190104_003658	Enregistrez des potions de PV à consommer avec le Skill Aspersion de potion de PV.	스프링클 HP 포션 스킬 사용시 소모될 HP 포션을 등록해주세요.				
UI_20190104_003659	Enregistrez des potions de PM à consommer avec le Skill Aspersion de potion de PM.	스프링클 SP 포션 스킬 사용시 소모될 SP 포션을 등록해주세요.				
UI_20190104_003660	{@st63}Recevoir la récompense et partir.{/}	{@st63}보상을 획득하고 퇴장합니다.{/}				
UI_20190104_003661	{@st63}Passer à l'étage suivant{/}	{@st63}다음층으로 이동{/}				
UI_20190104_003662	{@st66b}{s16}* Les objets resteront échangeables après un{nl}échange{nl}uniquement s'ils ne possèdent aucune restriction{nl}d'échange actuelle.{/}{/}	{@st66b}{s16}*무제한 거래 가능 상태 이어야만, {nl}거래한 아이템의 속성이 그대로 유지됩니다.{/}{/}	UI_20180115_002980	{@st66b}{s16}*Les objets restent échangeables uniquement s'il reste des échanges disponibles.{/}{/}	{@st66b}{s16}*잔여 거래 가능 횟수가 있어야만, {nl}거래한 아이템의 속성이 그대로 유지됩니다.{/}{/}	
UI_20190104_003663	{s16}{@st66b}*{/}{@st66d_y}Restrictions d'échange{/}{@st66b} signifie que {/} {@st66d_y}tous les objets{nl}échangés{nl}ne peuvent plus être échangés ni transférés via le{nl}coffre d'équipe{/}{@st66b}.{/}{/}	{s16}{@st66b}*{/}{@st66d_y}무제한 거래 불가{/}{@st66b} 상태에서는{/} {@st66d_y}거래한 모든 아이템이{nl} 팀 창고 이동 및 거래가 불가능{/}{@st66b}해집니다.{/}{/}	UI_20180115_002981	{s16}{@st66b}*{/}{@st66d_y}Plus d'échanges disponibles{/}{@st66b} signifie que {/} {@st66d_y}tous les{nl}objets échangés{nl}ne peuvent plus être échangés ni transférés via le{nl}coffre d'équipe{/}{@st66b}.{/}{/}	{s16}{@st66b}*{/}{@st66d_y}거래 가능 횟수 0{/}{@st66b} 상태에서는{/} {@st66d_y}거래한 모든 아이템이{nl} 팀 창고 이동 및 거래가 불가능{/}{@st66b}해집니다.{/}{/}	
UI_20190104_003664	{s16}{@st66b}*{/}{@st66d_y}Les Tokens d'événement ne lèvent pas les restrictions d'échange.{nl}{/} {@st66b}Veuillez en prendre note.{/}{/}	{s16}{@st66b}*{/}{@st66d_y}증정용 토큰으로는 무제한 거래 상태가 될 수 없습니다.{nl}{/} {@st66b}거래 시 주의해 주세요.{/}{/}	UI_20180115_002982	{s16}{@st66b}*{/}{@st66d_y}Les Tokens d'événement offrent 0 échange.{nl}{/} {@st66b}Assurez-vous de vérifier le nombre avant d'échanger.{/}{/}	{s16}{@st66b}*{/}{@st66d_y}증정용 토큰에는 거래 가능 횟수가 없습니다.{nl}{/} {@st66b}거래 시 주의해 주세요.{/}{/}	
UI_20190104_003665	{@st66d}Les objets ci-dessous seront{nl}  {@st66d_y}liés au personnage.{nl}Coffre d'équipe NON, Échange personnel NON, Marché NON{/}	{@st66d}아래 아이템은{nl}  {@st66d_y}캐릭터에게 귀속됩니다.{nl}팀 창고 이동, 개인 및 마켓 거래 불가{/}	UI_20180115_002985	{@st66d}Les objets suivants deviendront{nl}  {@st66d_y}non échangeables (Échange NON, Coffre{nl}d'équipe NON){/}.{/}	{@st66d}아래 아이템이{nl}  {@st66d_y}팀 창고 이동 및 거래 불가{/} 상태가 됩니다.{/}	
UI_20190104_003666	Échanger un Artefact	유물 교환				
UI_20190104_003667	Avantages Token	토큰 혜택				
UI_20190104_003668	{s18}Expire bientôt.	{s18}곧 기간이 만료됩니다.	UI_20170330_002600	{s18}Objets Avec Date d'Expiration	{s18}기간제 아이템 목록	
UI_20190104_003669	{s18}Voulez-vous vraiment fermer ?	{s18}그래도 종료 하시겠습니까?	UI_20170330_002601	Objet(s) proche(s) de leur date d'expiration. Fermer ?	곧 기간이 만료됩니다. 종료하시겠습니까?	
UI_20190104_003670	{@st66b}Améliorer	{@st66b}업그레이드				
UI_20190104_003671	{@st66b}Coffre Partagé{/}	{@st66b}공용 창고{/}				
UI_20190104_003672	ⓘ Les guildes défendant un site sont automatiquement définies comme participantes.{nl}ⓘ Seul le maître de guilde peut modifier les paramètres de participation d'une guilde, et une fois définis sur  	ⓘ 스팟 점령 길드는 참가로 고정됩니다.{nl}ⓘ 참가 여부 옵션은 길드 마스터만 변경할 수 있으며, 	UI_20170912_002845	ⓘ Les guildes ayant capturé des sites participent automatiquement.{nl}ⓘ Après avoir défini le statut sur  	ⓘ 스팟 점령 길드는 참가로 고정됩니다.{nl}ⓘ 참가 여부 옵션을 	
UI_20190104_003673	, le rôle de maître de guilde ne peut plus être transféré.{nl}ⓘ Les paramètres de participation ne peuvent être modifiés que jusqu'à 5 minutes avant le début des guerres de territoire, ou 1 minute après leur fin.{nl}ⓘ Ils peuvent être modifiés que votre guilde ait une tour ou non.{nl}ⓘ Les membres de guilde ayant quitté leur précédente guilde il y a moins de 14 jours ne peuvent pas participer aux GTW.	로 변경 시 길드 마스터 위임이 불가능합니다.{nl}ⓘ 참가 여부 옵션은 길드 콜로니전 시작 5분 전 부터 종료 1분 후까지 변경할 수 없습니다.{nl}ⓘ 참가 여부 옵션은 길드 타워의 설치 유무와 상관없이 변경할 수 있습니다.{nl}ⓘ 이전 길드 탈퇴일을 기점으로 14일 미만인 길드원은 길드 콜로니전에 참가할 수 없습니다.	UI_20170912_002846	, vous ne pouvez pas transférer le poste de maître de guilde.{nl}ⓘ Seul un maître de guilde Templier peut modifier le statut de participation.{nl}ⓘ Cette option ne peut être modifiée que jusqu'à 5 minutes avant le début des guerres de territoire, ou 1 minute après leur fin.{nl}ⓘ Le statut de participation peut être modifié que votre guilde ait une tour ou non.	로 변경 시, 길드 마스터 위임이 불가능합니다.{nl}ⓘ 참가 여부 옵션은 템플러 클래스를 가진 길드 마스터만 변경할 수 있습니다.{nl}ⓘ 참가 여부 옵션은 길드 콜로니전 시작 5분 전 부터 종료 1분 후까지 변경할 수 없습니다.{nl}ⓘ 참가 여부 옵션은 길드 타워의 설치 유무와 상관없이 변경할 수 있습니다.	
UI_20190104_003674	{@st41b}{s16}Avantages de Victoire	{@st41b}{s16}점령 혜택	UI_20180723_003385	{@st41b}{s16}Récompenses de Victoire	{@st41b}{s16}점령 보상	
UI_20190104_003675	Taxe de Ville	도시 세율				
UI_20190104_003676	Taxe de Ville {img tip_questionmark 20 20}	징수될 도시 세금{img tip_questionmark 20 20}				
UI_20190104_003677	Taxe de Marché {img tip_questionmark 20 20}	징수될 마켓 세금{img tip_questionmark 20 20}				
UI_20190104_003678	ⓘ Les guildes ayant capturé un site peuvent utiliser le bouton Avantages de victoire pour ajuster les taux de taxe de ville et collecter les taxes.	ⓘ 점령 길드는 점령 혜택 버튼을 통해 도시의 세율 조정 및 세금 징수가 가능합니다	UI_20180413_003050	ⓘ Veuillez consulter notre site officiel treeofsavior.com pour plus d'informations sur les récompenses et avantages des guerres de territoire pendant la période de bêta test.	ⓘ Beta로 진행되는 길드 콜로니전의 점령 혜택은 홈페이지 내 공지사항을 통해 확인 바랍니다.	
UI_20190104_003679	{@st43b}{s18}Objets{/}	{@st43b}{s18}아이템{/}				
UI_20190104_003680	{@st66b}Kilométrage de guilde : %s{/}	{@st66b}길드 마일리지:%s{/}				
UI_20190104_003681	{@st66b}{s18}Récupérer les Objets{/}	{@st66b}{s18}아이템 수령{/}				
UI_20190104_003682	{@st43b}{s18}Historique des Transactions{/}	{@st43b}{s18}입고/출고 내역{/}				
UI_20190104_003683	{@st66b}Afficher uniquement les dépôts	{@st66b}입고만 보기				
UI_20190104_003684	{@st66b}Afficher uniquement les retraits	{@st66b}출고만 보기				
UI_20190104_003685	{@st41d}3 heures       	{@st41d}3시간       				
UI_20190104_003686	{@st41d}10 heures       	{@st41d}10시간       				
UI_20190104_003687	{@st41d}1 jour       	{@st41d}1일       				
UI_20190104_003688	{@st41d}3 jours       	{@st41d}3일       				
UI_20190104_003689	{@st41d}7 jours       	{@st41d}7일       				
UI_20190104_003690	{@st41d}1 mois       	{@st41d}1개월       				
UI_20190104_003691	{@st41d}2 mois       	{@st41d}2개월       				
UI_20190104_003692	{@st41d}3 mois       	{@st41d}3개월       				
UI_20190104_003693	ⓘ Chaque dépôt/retrait équivaut à 20 kilométrage.{nl}ⓘ Le kilométrage s'accumule quand les membres de la guilde se connectent, et en participant aux quêtes de guilde et aux guerres de territoire.	ⓘ 입고/출고 시 마일리지 20 차감 됩니다. {nl}ⓘ마일리지는 길드원 로그인, 길드 퀘스트, 콜로니전 참여를 통해서 적립됩니다.				
UI_20190104_003694	Vérifier les membres en ligne autorisés à accepter les candidatures	가입 승인 직급이 있는 접속한 길드원 표시				
UI_20190104_003695	Afficher uniquement les guildes en recrutement	가입 가능한 길드만 보기				
UI_20190104_003696	Passer l'animation du cube	큐브 애니메이션 스킵				
UI_20190104_003697	{@st43}{s20}Usage d'Équipe{/}	{@st43}{s20}팀 이용 현황{/}				
UI_20190104_003698	Classement	랭킹 정보				
UI_20190104_003699	{@st43}Actualités{/}	{@st43}뉴스{/}	UI_20170726_002688	{@st43}ACTUALITÉS{/}	{@st43}이벤트 안내{/}	
UI_20190104_003700	{@st59}Sceaux{/}	{@st59}인장{/}				
UI_20190104_003701	{@st41b}Coût de démantèlement{/}%s	{@st41b}분해 비용{/}%s				
UI_20190104_003702	{@st66d_y}Insérez une pierre d'éveil.{/}	{@st66d_y}각성석을 추가해주세요.{/}				
UI_20190104_003703	Nom de la Pierre d'Éveil	각성석 아이템 이름				
UI_20190104_003704	{@st66b}* Réidentifier un objet conserve le nombre de statistiques et les groupes (couleurs) auxquels elles appartiennent. Seules les statistiques spécifiques et leurs valeurs peuvent changer.{/}	{@st66b}* 재감정시 옵션 그룹(색상)과 옵션 개수는 유지되며, {nl}세부 옵션과 옵션 수치만 변경됩니다.{/}				
UI_20190104_003705	{@st43}Améliorer le Sceau	{@st43}인장 강화				
UI_20190104_003706	{@st66d_y}{b}Sceau Principal	{@st66d_y}{b}주 옵션 인장				
UI_20190104_003707	{@st43b}{s18}{b}Matériau	{@st43b}{s18}{b}재료 인장				
UI_20190104_003708	Nom de l'Objet	주 옵션 인장 아이템의 이름				
UI_20190104_003709	{@st68b}{b}Chance de base : %s%	{@st68b}{b}기본 확률: %s%				
UI_20190104_003710	{@st66d_y}Amplification de pierre magique + %s%	{@st66d_y}마정석 증폭 + %s%				
UI_20190104_003711	{@st43}{s20}%s% de chance de réussite	{@st43}{s20}성공률 %s%				
UI_20190104_003712	{@st42}Amélioration	{@st42}강화				
UI_20190104_003713	{@st42}Pierre Magique	{@st42}마정석				
UI_20190104_003714	{img silver_pic 24 24} Prix {img white_right_arrow 16 16} %s	{img silver_pic 24 24} 가격 {img white_right_arrow 16 16} %s				
UI_20190104_003715	L'objet a été détruit.	아이템이 파괴 되었습니다.				
UI_20190104_003716	{@st42}OK	{@st42}확인				
UI_20190104_003717	Coût d'emplacement supplémentaire %s : {#000000}%s{/} {nl}Coût d'extraction de gemme %s : {#000000}%s{/}	소켓 추가 비용 %s : {#000000}%s{/} {nl}젬 추출 비용 %s : {#000000}%s{/}	UI_20150714_001575	Coût d'emplacement supplémentaire : {#000000}%s{/} {nl}Coût d'extraction de gemme : {#000000}%s{/}	소켓 추가 비용 : {#000000}%s{/} {nl}젬 추출 비용 : {#000000}%s{/}	
UI_20190104_003718	{@st59}Fermer la carte.{/}	{@st59}지도를 닫습니다{/}				
UI_20190104_003719	%s{@st42}{s14}{#ffff00}Annuler (touche de saut){/}	%s{@st42}{s14}{#ffff00}취소(점프 키){/}				
UI_20190104_003720	{@st41b}Collection{/}	{@st41b}컬렉션{/}	UI_20170313_002554	{@st41b}Collection{/}	{@st41b}콜렉션{/}	
UI_20190104_003721	{s20}Changer d'arbre de classe ?{/}	{s20}계열 변경을 하시겠습니까?{/}				
UI_20190104_003722	* Après le changement d'arbre de classe, vous recevrez des{nl}points d'attribut{nl}équivalents au niveau de vos attributs avant le changement.	* 계열 변경 전 올린 특성의 레벨은{nl}계열 변경 후 특성 포인트를 돌려드립니다.				
UI_20190104_003723	* Des cartes d'XP de classe équivalentes au dernier{nl}niveau de classe{nl}atteint seront envoyées dans votre inventaire.	* 마지막 달성한 클래스 레벨을 확인해 그에 해당하는 {nl} 클래스 경험치 카드를 인벤토리로 지급합니다.				
UI_20190104_003724	* Vous retournerez à la caserne après avoir changé d'arbre de classe.	* 계열 변경 후엔 캐릭터 선택창으로 돌아갑니다.				
UI_20190104_003725	* Vous ne pouvez pas changer d'arbre de classe{nl}si vous avez des cartes de récupération d'XP non utilisées{nl}dans votre inventaire.	* 사용하지 않은 클래스 경험치 복구카드가 {nl} 있을 경우 계열 변경을 할 수 없습니다.				
UI_20190104_003726	Voulez-vous vraiment passer à la classe sélectionnée ?{/}	선택하신 클래스를 변경하시겠습니까?{/}				
UI_20190104_003727	Votre classe sera changée vers la classe nouvellement{nl}sélectionnée{nl}et des {@st66d_y}Points de changement de classe seront{nl}consommés.{/}{/}	해당 클래스의 전직을 취소하고 선택한 클래스로 변경되며{nl}{@st66d_y}클래스 변경 포인트가 소모됩니다.{/}{/}				
UI_20190104_003728	* Les Skills et attributs des{nl}classes supprimées{nl}seront rendus sous forme de{nl}points.	* 변경으로 인해 삭제 되는 클래스는 스킬과{nl}특성을 초기화 후 포인트로 반환됩니다.				
UI_20190104_003729	* Changer de classe retirera les costumes de classe{nl}des classes vers lesquelles vous aviez précédemment{nl}avancé.	* 클래스 변경을 진행하면 기존에 전직했던{nl} 클래스의 코스튬이 제거됩니다.				
UI_20190104_003730	* Vous retournerez à votre caserne après confirmation.	* 변경 후에는 캐릭터 선택창으로 돌아갑니다.				
UI_20190104_003731	* Les attributs communs seront aussi{nl}réinitialisés,{nl}et les points d'attribut seront rendus.	* 변경 시 공용 특성도 초기화 되며,{nl}이때 투자한 특성 포인트는 반환됩니다.				
UI_20190104_003732	{@st41b}Coût de réparation{/} %s	{@st41b}수리 비용{/} %s				
UI_20190104_003733	{@st66b}%sRessusciter avec un cristal mystérieux%s{/}	{@st66b}%s신비한 크리스탈로 부활하기%s{/}				
UI_20190104_003734	{@st42}{s20}Skills et Attributs	{@st42}{s20}스킬과 특성				
UI_20190104_003735	{@st43}Fabriquer un Parchemin	{@st43}주문서 제작	UI_20161005_002365	{@st43}Fabriquer un Grimoire	{@st43}스펠북 제작	
UI_20190104_003736	{s18}Voulez-vous vraiment utiliser %s ?{/}	{s18}%s 아이템을 사용하시겠습니까?{/}				
UI_20190104_003737	Cet objet disparaîtra de votre inventaire{nl}et %s sera réinitialisé.{/}	사용한 아이템은 인벤토리에서 사라지며{nl}%s가 초기화 됩니다.{/}				
UI_20190104_003738	{@st66b}Classement Général 	{@st66b}통합 랭킹 				
UI_20190104_003739	{@st59}Afficher le classement général{/}	{@st59}초기화되지 않는 통합 랭킹을 보여줍니다{/}				
UI_20190104_003740	{@st66b}Les 3 meilleurs joueurs de chaque arbre de classe reçoivent un{nl}{#003997} « Brûleur d'encens dimensionnel »{/} pour le classement de la semaine précédente. Tous les joueurs ayant participé pendant la semaine reçoivent un ensemble de{nl}{#003997} « Potions dimensionnelles »{/}{nl}selon leur score.{nl} {nl}{s13}La semaine commence chaque lundi à 06:00 (heure serveur).{nl} {nl}{s13}{#8e0000}Les joueurs qui atteignent le top 3 de plusieurs arbres de classe ne reçoivent que les récompenses correspondant à leur meilleur classement.{nl} {nl}Quand un joueur est exclu d'un classement d'arbre de classe en raison d'entrées multiples, le joueur suivant prend sa place dans ce classement.	{@st66b}직업군별 랭킹 TOP 3 구원자분들에게는{nl}{#003997} "차원의 향로"{/}아이템을 전 시즌 랭킹 보상으로 지급하며 시즌에 참여한 구원자 분들께는 자신의 기록에 비례한 수량의{nl}{#003997} "차원의 포션"{/}{nl}을 보상으로 지급합니다.{nl} {nl}{s13}시즌은 매주 월요일 06시에 초기화 됩니다{nl} {nl}{s13}{#8e0000}각 직업군 TOP3 순위에 오른 구원자분이 다른 직업군 TOP3 순위에도 오른 경우 가장 높은 순위의 보상 1회만 받게 됩니다.{nl} {nl}위와 같은 상황에서 제외된 구원자분을 대신하여 해당 직업군의 다음 순위의 구원자분이 랭킹 보상을 지급받게 됩니다.	UI_20180629_003303	{@st66b}Les 10 meilleurs joueurs du classement reçoivent un{nl}{#003997}« Brûleur d'encens dimensionnel »{/} pour le classement de la semaine précédente.{nl}Les joueurs ayant participé pendant la semaine reçoivent un ensemble de{nl}{#003997}« Potions dimensionnelles »{/} selon leur score.{nl} {nl}{s13}La semaine commence chaque lundi à 06:00 (heure serveur).	{@st66b}랭킹 TOP 10 구원자분들에게는{nl}{#003997} "차원의 향로"{/}아이템을 전 시즌 랭킹 보상으로 지급하며 시즌에 참여한 구원자 분들께는 자신의 기록에 비례한 수량의{nl}{#003997} "차원의 포션"{/}{nl}을 보상으로 지급합니다.{nl} {nl}{s13}시즌은 매주 월요일 06시에 초기화 됩니다	
UI_20190104_003741	{@st66b}Éclaireur	{@st66b}스카우트				
UI_20190104_003742	{@st66b}{s16}Éclaireur	{@st66b}{s16}스카우트				
UI_20190104_003743	{@st59b}Mes informations{nl}{@st59s}- Statistiques : monter de niveau améliore vos 5 statistiques de base. {nl}- Informations : ce sont des informations sur votre personnage basées sur vos statistiques et votre équipement actuels. {nl}- Titre : les titres peuvent être obtenus en accomplissant des hauts faits. {nl} {/}	{@st59b}내 정보{nl}{@st59s} - 스테이터스 : 레벨업으로 증가하는 5가지 능력{nl} - 정보 : 아이템 및 스테이터스 능력치에 따른 캐릭터 능력치 정보{nl} - 칭호 : 업적을 완료했을때 습득가능한 칭호{nl}{/}	UI_20150317_000709	{@st59b}Mes informations{nl}{@st59s}- Statut : utilisez les points gagnés en montant de niveau pour améliorer les 5 attributs de statut. {nl}- Informations : ce sont des informations sur votre personnage basées sur votre statut et votre équipement actuels. {nl}- Titre : les titres peuvent être obtenus en accomplissant des hauts faits. {nl} {/}	{@st59b}내 정보{nl}{@st59s} - 스테이터스 : 레벨업으로 얻은 포인트를 사용해서 5가지 능력 강화{nl} - 정보 : 아이템 및 스테이터스 능력치에 따른 캐릭터 능력치 정보{nl} - 칭호 : 업적을 완료했을때 습득가능한 칭호{nl}{/}	
UI_20190104_003744	{@st66b}Comparer l'Équipement{/}	{@st66b}장비 비교하기{/}				
UI_20190104_003745	{@st66b}Afficher les noms de guilde et d'équipe en GTW{/}	{@st66b}콜로니전 길드 이름, 팀 이름 보기{/}				
UI_20190104_003746	{@st66b}Afficher les costumes à effet en GTW{/}	{@st66b}콜로니전 이펙트 코스튬 효과 켜기{/}				
UI_20190104_003747	{@st68b}{@st43b}{s18}{img clock_3 25 25}Temps restant : %s{/}{/}	{@st68b}{@st43b}{s18}{img clock_3 25 25}남은 상점이용시간 : %s{/}{/}				
UI_20190104_003748	99 Jours 99 Heures 99 Minutes	99일 99시간 99분				
UI_20190104_003749	  Bons d'échange disponibles{/}	  보유중인 교환권{/}				
UI_20190104_003750	  Bons d'Échange Restants{/}	  잔여 교환권{/}				
UI_20190104_003751	Bon d'échange à utiliser	장바구니 교환권				
UI_20190104_003752	{@st66b}Échange de Costume{/}	{@st66b}계열 코스튬 교환{/}				
UI_20190104_003753	{@st66b}Boutique des Nouveaux Joueurs{/}	{@st66b}신규유저 전용상점{/}				
UI_20190104_003754	{@st66b}Boutique des Joueurs de Retour{/}	{@st66b}복귀유저 전용상점{/}				
UI_20190104_003755	Échangez vos bons d'échange{nl}contre un costume	보유 중인 교환권을 {nl}코스튬으로 교환				
UI_20190104_003756	{@st66}Utiliser pour appliquer le palier de transcendance %s.{/}	{@st66}사용 시 %s초월로 변경됩니다.{/}				
UI_20190104_003757	{@st41}Horizontal (%s){/}	{@st41}가로 (%s){/}				
UI_20190104_003758	{@st41}Vertical (%s){/}	{@st41}세로 (%s){/}				
UI_20190104_003759	{@st41}Zoom avant/arrière (%s){/}	{@st41}확대/축소 (%s){/}				
UI_20190104_003760	{@st41}Caméra horizontale (%s){/}	{@st41}카메라 가로 (%s){/}				
UI_20190104_003761	{@st41}Caméra verticale (%s){/}	{@st41}카메라 세로 (%s){/}				
UI_20190104_003762	{s16}Voir l'infobulle de l'objet	{s16}아이템 툴팁 보기				
UI_20190104_003763	{b}Statistiques Spécialisées	{b}특화 능력치				
UI_20190104_003764	{@st66d}Contrefaçon	{@st66d}모조품				
UI_20190104_003765	{#00fec5}{ol}Changement d'arbre de classe (disponible pendant 30 jours){/}	{#00fec5}{ol}계열 변경 가능(1월 24일까지){/}				
UI_20190104_003766	Pas d'Éveil	각성 불가				
UI_20190104_003767	{@st42}{s16} Bon d'Échange {/}{/}{img icon_item_exchange_costumeCoupon 32 32}{/}	{@st42}{s16}  소모 교환권 {/}{img icon_item_exchange_costumeCoupon 32 32}{/}				
UI_20190104_003768	Bon Dépensé	소비 교환권				
UI_20190104_003769	Afficher les objets en vente.	판매 목록에 포함시킵니다.				
UI_20190104_003770	Vendre	판매하기				
UI_20190104_003771	{img white_right_arrow 24 24}{@st66d_y} Coût total{/} %s	{img white_right_arrow 24 24}{@st66d_y} 총 강화 소비 비용{/} %s				
UI_20190104_003772	{@41b}Complétion	{@41b}달성도				
UI_20190104_003773	{@st59}Enregistrer l'objet dans la collection.{/}	{@st59}컬렉션 아이템을 등록합니다.{/}	UI_20170313_002565	{@st59}Enregistrer l'objet dans la collection.{/}	{@st59}콜렉션 아이템을 등록합니다.{/}	
UI_20190104_003774	Zone du Site	점령지역이름				
UI_20190104_003775	Ville	도시이름				
UI_20190104_003776	{@sti7}{s30}{ds}Trouvez Votre Classe	{@sti7}{s30}{ds}클래스 선택 가이드				
UI_20190104_003777	{@st66d_y}Vous voulez savoir quelle classe vous convient ?{/}{nl}                                                                         Passez le test et découvrez quelles classes{nl}correspondent le mieux à votre style de jeu !	{@st66d_y}어떤 직업을 골라야할지 고민된다면?{/}{nl}                                                                         적성검사를통해 내 플레이타입에{nl}맞는 직업 순위를 알아보세요!				
UI_20190104_003778	{@st41b}{s16}Déplacer	{@st41b}{s16}이동				
UI_20190104_003779	{s16}{b}{ol}{ds}Détails >>	{s16}{b}{ol}{ds}자세히 보기>>				
UI_20190104_003780	Nom de la Classe	직업 이름				
UI_20190104_003781	Changer la classe sélectionnée.	해당 클래스를 변경합니다.				
UI_20190104_003782	Vous pouvez changer une classe requise pour l'une de vos classes actuelles.	특정 클래스의 선행 직업인 경우 변경할 수 없습니다.				
UI_20190104_003783	Nom du Membre du Groupe	파티원이름이에요				
UI_20190104_003784	{@st43b}{s18}Skills	{@st43b}{s18}스킬				
UI_20190104_003785	Points de Skill :        %s/%s	스킬 포인트:        %s/%s				
UI_20190104_003786	Attributs Liés	연결 특성				
UI_20190104_003787	{@st43b}{s18}Attributs	{@st43b}{s18}특성				
UI_20190104_003788	{@st41d}Annuler	{@st41d}취소				
UI_20190104_003789	Points d'Attribut	특성 포인트				
UI_20190104_003790	Extraire les Points d'Attribut	특성 포인트 추출				
UI_20190104_003791	{@st66}Extraire	{@st66}추출				
UI_20190104_003792	Acheter des Points d'Attribut	특성 포인트 구매				
UI_20190104_003793	{@st66}Acheter	{@st66}구매				
UI_20190104_003794	{@st42}{s16}Appliquer	{@st42}{s16}적용				
UI_20190104_003795	{@st42}{s16}Allouer	{@st42}{s16}분배				
UI_20190104_003796	{@st41d}Recevoir	{@st41d}받기				
UI_20190104_003797	{@st41b}{s16}Oui	{@st41b}{s16}예				
UI_20190104_003798	{@st41b}{s16}Non	{@st41b}{s16}아니오				
UI_20190104_003799	Temps de Token restant : {#FF0000}%s{/}	남은 토큰 시간 : {#FF0000}%s{/}				
UI_20190112_003800	{@st66}{s16}Extraire	{@st66}{s16}추출				
UI_20190112_003801	{@st66}{s16}Acheter	{@st66}{s16}구매				
UI_20190201_003802	{@st66b}Ajuster les Taux de Tarif{/}	{@st66b}적립요율 조정{/}	UI_20190104_003626	{@st66b}Ajuster le Taux de Taxe{/}	{@st66b}세율 조정{/}	
UI_20190201_003803	{@st66b}Répartition des Fonds{/}	{@st66b}적립금 분배{/}	UI_20190104_003627	{@st66b}Collecte des Taxes{/}	{@st66b}세금 징수{/}	
UI_20190201_003804	Ville Applicable	적립요율 적용 도시	UI_20190104_003628	Villes Ciblées	세율 적용 도시	
UI_20190201_003805	Taux de Tarif	적립요율	UI_20190104_003629	Taux de Taxe	세율	
UI_20190201_003806	Ville de Collecte	적립금 누적 도시	UI_20190104_003631	Villes de Collecte	세금 징수 도시	
UI_20190201_003807	Fonds Tarifaires	적립금	UI_20190104_003633	Taxe	세금	
UI_20190201_003808	Répartition des Fonds	적립금 분배				
UI_20190201_003809	Récupérer les Fonds	적립금 수령				
UI_20190201_003810	{@st66b}Objets Applicables{/}	{@st66b}적립요율 적용 항목{/}	UI_20190104_003638	{@st66b}Biens Taxables{/}	{@st66b}세율 적용 항목{/}	
UI_20190201_003811	{@st66b}Historique des Fonds{/}	{@st66b}적립금 상세 이력{/}	UI_20190104_003639	{@st66b}Historique{/}	{@st66b}세금 상세 이력{/}	
UI_20190201_003812	{@st42}{s20}Répartition des Fonds	{@st42}{s20}적립금 분배				
UI_20190201_003813	{@st42}{s20}Récupérer les Fonds	{@st42}{s20}적립금 수령	UI_20190104_003647	{@st42}{s20}Récupérer les Taxes	{@st42}{s20}세금 수령	
UI_20190201_003814	Taux de Tarif de Ville	도시 적립요율	UI_20190104_003675	Taxe de Ville	도시 세율	
UI_20190201_003815	Fonds Tarifaires de Ville {img tip_questionmark 20 20}	도시 적립금{img tip_questionmark 20 20}	UI_20190104_003676	Taxe de Ville {img tip_questionmark 20 20}	징수될 도시 세금{img tip_questionmark 20 20}	
UI_20190201_003816	Fonds Tarifaires du Marché {img tip_questionmark 20 20}	마켓 적립금{img tip_questionmark 20 20}	UI_20190104_003677	Taxe de Marché {img tip_questionmark 20 20}	징수될 마켓 세금{img tip_questionmark 20 20}	
UI_20190201_003817	ⓘ Les guildes qui capturent une zone de site peuvent accéder à la page des avantages pour ajuster les taux de tarif de ville et récupérer les fonds tarifaires.	ⓘ 점령 길드는 점령 혜택 버튼을 통해 도시의 적립요율 조정 및 적립금 수령이 가능합니다	UI_20190104_003678	ⓘ Les guildes ayant capturé un site peuvent utiliser le bouton Avantages de victoire pour ajuster les taux de taxe de ville et collecter les taxes.	ⓘ 점령 길드는 점령 혜택 버튼을 통해 도시의 세율 조정 및 세금 징수가 가능합니다	
UI_20190223_003818	* Les récompenses de connexion ne peuvent être reçues qu'une fois par jour et sont automatiquement envoyées dans l'inventaire du premier personnage avec lequel vous vous connectez.{nl}* Les récompenses ne peuvent être reçues que pendant la période de l'événement et ne seront plus délivrées une fois celle-ci terminée.{nl}	* 출석 보상은 1일 1회, 당일 첫 접속한 캐릭터 인벤토리로 자동 지급됩니다.{nl}* 출석 체크 기간 동안에만 출석 보상을 받을 수 있으며, 기간 경과 시 더 이상 지급되지 않습니다.{nl}	UI_20171128_002927	* Les récompenses de connexion quotidienne seront automatiquement envoyées une fois par jour dans l'inventaire du premier personnage à accéder au jeu.{nl}* Parchemin d'enchantement (14 jours).{nl}* Les récompenses ne peuvent être reçues que pendant la période de vérification de connexion. Après cette période, aucune récompense supplémentaire ne sera envoyée.{nl}	* 출석 보상은 1일 1회, 당일 첫 접속한 캐릭터 인벤토리로 자동 지급됩니다.{nl}* 마법 부여 스크롤(14일)을 제외한 모든 아이템은 팀 창고로 이동할 수 있습니다.{nl}* 출석 체크 기간 동안에만 출석 보상을 받을 수 있으며, 기간 경과 시 더 이상 지급되지 않습니다.{nl}	
UI_20190223_003819	{@st59}Retirer le camp{/}	{@st59}캠프를 해제합니다{/}				
UI_20190223_003820	{@st59}Fermer l'interface d'apparence d'équipement.{/}	{@st59}장비 외형 초기화 UI를 닫습니다{/}				
UI_20190223_003821	{@st43}Réinitialiser l'Apparence de l'Équipement{/}	{@st43}장비 외형 초기화{/}				
UI_20190223_003822	{@st43b}{s22}Avant{/}	{@st43b}{s22}변경 전{/}				
UI_20190223_003823	{@st66d_y}{s22}Après{/}	{@st66d_y}{s22}변경 후{/}				
UI_20190223_003824	{@st43b}{s18}Réinitialiser{/}{/}	{@st43b}{s18}초기화 하기{/}{/}				
UI_20190223_003825	{@st41}Parties de cadavre requises : %s	{@st41}필요 사체 파편 : %s개	UI_20160323_002156	{@st41}Fragments requis : %s	{@st41}필요 파편 : %s개	
UI_20190223_003826	Nb de Parties de Cadavre	사체 파편의 개수	UI_20151224_001929	Nombre de Fragments	파편의 개수	
UI_20190223_003827	{@st66b}Afficher le nombre de parties de cadavre{/}	{@st66b}메인 화면에 사체 파편의 개수 표시하기{/}	UI_20170726_002693	{@st66b}Afficher le nombre de fragments{/}	{@st66b}메인 화면에 파편의 개수 표시하기{/}	
UI_20190223_003828	{@st42}Nb de Parties de Cadavre{/}	{@st42}사체 파편 개수{/}	UI_20170726_002694	{@st42}Fragments du Necronomicon{/}	{@st42}네크로노미콘 파편의 개수{/}	
UI_20190223_003829	{@st59}Collection (F11){/}	{@st59}컬렉션 (F11){/}				
UI_20190223_003830	{@st66b}Voir les PV des Invocations du Groupe{/}	{@st66b}파티원 소환물 체력 보기{/}				
UI_20190223_003831	Bouton	버튼				
UI_20190409_003832	{@st66b}Consomme %s x1.{/}	{@st66b}%s 1개가 소비됩니다.{/}				
UI_20190419_003833	Kit de Transmutation	연성 키트				
UI_20190419_003834	Transmutation d'Ichor	아이커 연성				
UI_20190419_003835	Transmuter	연성				
UI_20190419_003836	{@st43b}{s18}Taux de réussite de transmutation : %s%	{@st43b}{s18}연성 성공 확률 : %s%				
UI_20190419_003837	{@st43b}{s18}Statistiques d'Ichor	{@st43b}{s18}아이커 옵션				
UI_20190419_003838	{s14}※ Vous pouvez accumuler un maximum de 20 000 points, réinitialisés tous les 3 mois (1er janvier, avril, juillet et octobre à 00:00, heure serveur).	{s14}※최대 20000포인트까지 누적되며, 매 분기(1,4,7,10월 1일 00시)마다 초기화 됩니다.	UI_20180827_003455	{s14}※ Vous pouvez accumuler un maximum de 20 000 points, réinitialisés tous les 3 mois (1er janvier, avril, juillet et octobre à 06:00, heure serveur).	{s14}※최대 20000포인트까지 누적되며, 매 분기(1,4,7,10월 1일 06시)마다 초기화 됩니다.	
UI_20190419_003839	{@st66d}Retourner en Ville{/}	{@st66d}마을로 돌아가기{/}				
UI_20190419_003840	{@st43}{s26}Insignes obtenus : %s	{@st43}{s26}습득 증표 : %s 개 획득				
UI_20190419_003841	{@st66d_y}{s22}Bonus de classement + %s badges	{@st66d_y}{s22}랭킹 보너스 증표 + %s				
UI_20190419_003842	{@st66b}Classement{/}	{@st66b}순위{/}				
UI_20190419_003843	{@st66b}Nom d'Équipe{/}	{@st66b}팀명{/}				
UI_20190419_003844	{@st66b}Points{/}	{@st66b}점수{/}				
UI_20190419_003845	{@st66b}Retour au Plateau de Vedas. (30 secondes){/}	{@st66b}잠시 후 베다 고원으로 귀환됩니다. (30초){/}				
UI_20190419_003846	Cet objet disparaîtra de votre inventaire et{nl}%s sera réinitialisé.%s{/}	사용한 아이템은 인벤토리에서 사라지며{nl}%s가 초기화 됩니다.%s{/}	UI_20190104_003737	Cet objet disparaîtra de votre inventaire{nl}et %s sera réinitialisé.{/}	사용한 아이템은 인벤토리에서 사라지며{nl}%s가 초기화 됩니다.{/}	
UI_20190419_003847	{@st66b}Les 3 meilleurs joueurs de chaque arbre de classe reçoivent un{nl}{#003997}« Brûleur d'encens dimensionnel »{/} pour le classement de la semaine précédente.{nl}Les joueurs ayant participé pendant la semaine reçoivent un ensemble de{nl}{#003997}« Pièces Vestiges de Bernice »{/} selon leur score.{nl} {nl}{s13}La semaine commence chaque lundi à 06:00 (heure serveur).{nl} {nl}{s13}{#8e0000}Les joueurs dans le top 3 de plusieurs arbres de classe ne reçoivent que les récompenses correspondant à leur meilleur score.{nl} {nl}Si cela se produit, le joueur suivant dans l'arbre de classe correspondant montera dans le top 3 et recevra les récompenses.	{@st66b}직업군별 랭킹 TOP 3 구원자분들에게는{nl}{#003997} "차원의 향로"{/}아이템을 전 시즌 랭킹 보상으로 지급하며 시즌에 참여한 구원자 분들께는 자신의 기록에 비례한 수량의{nl}{#003997} "베르니케 파편 주화"{/}{nl}을 보상으로 지급합니다.{nl} {nl}{s13}시즌은 매주 월요일 06시에 초기화 됩니다{nl} {nl}{s13}{#8e0000}각 직업군 TOP3 순위에 오른 구원자분이 다른 직업군 TOP3 순위에도 오른 경우 가장 높은 순위의 보상 1회만 받게 됩니다.{nl} {nl}위와 같은 상황에서 제외된 구원자분을 대신하여 해당 직업군의 다음 순위의 구원자분이 랭킹 보상을 지급받게 됩니다.	UI_20190104_003740	{@st66b}Les 3 meilleurs joueurs de chaque arbre de classe reçoivent un{nl}{#003997} « Brûleur d'encens dimensionnel »{/} pour le classement de la semaine précédente. Tous les joueurs ayant participé pendant la semaine reçoivent un ensemble de{nl}{#003997} « Potions dimensionnelles »{/}{nl}selon leur score.{nl} {nl}{s13}La semaine commence chaque lundi à 06:00 (heure serveur).{nl} {nl}{s13}{#8e0000}Les joueurs qui atteignent le top 3 de plusieurs arbres de classe ne reçoivent que les récompenses correspondant à leur meilleur classement.{nl} {nl}Quand un joueur est exclu d'un classement d'arbre de classe en raison d'entrées multiples, le joueur suivant prend sa place dans ce classement.	{@st66b}직업군별 랭킹 TOP 3 구원자분들에게는{nl}{#003997} "차원의 향로"{/}아이템을 전 시즌 랭킹 보상으로 지급하며 시즌에 참여한 구원자 분들께는 자신의 기록에 비례한 수량의{nl}{#003997} "차원의 포션"{/}{nl}을 보상으로 지급합니다.{nl} {nl}{s13}시즌은 매주 월요일 06시에 초기화 됩니다{nl} {nl}{s13}{#8e0000}각 직업군 TOP3 순위에 오른 구원자분이 다른 직업군 TOP3 순위에도 오른 경우 가장 높은 순위의 보상 1회만 받게 됩니다.{nl} {nl}위와 같은 상황에서 제외된 구원자분을 대신하여 해당 직업군의 다음 순위의 구원자분이 랭킹 보상을 지급받게 됩니다.	
UI_20190419_003848	{@st66b}Ciblage Automatique des Skills{/}	{@st66b}스킬 위치 지정 타겟팅{/}				
UI_20190611_003849	{@st43}{s22}Voir l'Emplacement{/}	{@st43}{s22}위치 보기{/}				
UI_20190611_003850	{@st59}Fermer l'Emplacement{/}	{@st59}위치 보기 창을 닫습니다{/}				
UI_20190611_003851	{img NOTICE_Dm_! 30 30}{@st43}{s16}Limitation de Skill{/}	{img NOTICE_Dm_! 30 30}{@st43}{s16}스킬 제한{/}				
UI_20190611_003852	{@st59}Insérer l'Abrasif{/}	{@st59}연마재를 올려주세요{/}				
UI_20190611_003853	{@st66d_y}Insérez l'abrasif d'éveil.{/}	{@st66d_y}각성 연마재를 추가해주세요.{/}				
UI_20190611_003854	Nom de l'Abrasif d'Éveil	각성 연마재 아이템 이름				
UI_20190611_003855	Déséquiper l'Ichor	아이커 장착 해제				
UI_20190611_003856	Déséquiper	장착 해제				
UI_20190611_003857	{@st43}{s20}Infos sur le Démantèlement	{@st43}{s20}분해 상세정보				
UI_20190611_003858	{@st41b}Trier par Niveau	{@st41b}레벨별 분류				
UI_20190611_003859	{@st66b}  Liste des Quêtes  {/}	{@st66b}  퀘스트 목록  {/}				
UI_20190611_003860	{@st66b}  Terminé  {/}	{@st66b}  완료  {/}				
UI_20190611_003861	{@st66b}Disponible{/}	{@st66b}시작 가능{/}				
UI_20190611_003862	{@st66b}En cours{/}	{@st66b}진행중{/}				
UI_20190611_003863	{@st66b}Abandonnée{/}	{@st66b}포기{/}				
UI_20190611_003864	{@st59}Rechercher par nom de quête ou emplacement.{/}	{@st59}퀘스트 이름 또는 지역 이름으로 검색 합니다.{/}				
UI_20190611_003865	{s18}{b}{ol}{ds}Tous Niveaux	{s18}{b}{ol}{ds}모든 레벨				
UI_20190611_003866	{s18}{b}{ol}{ds}Recommandé	{s18}{b}{ol}{ds}적정 레벨				
UI_20190611_003867	{s18}{b}{ol}{ds}Paramètres d'Affichage des Quêtes {img option_icon 21 21}	{s18}{b}{ol}{ds}퀘스트 표시 설정 {img option_icon 21 21}				
UI_20190611_003868	{@st66}ASTUCE. Vous pouvez enregistrer jusqu'à 5 quêtes à afficher sur l'écran de jeu.	{@st66}TIP. 퀘스트 알림은 5개까지 등록할 수 있습니다.				
UI_20190611_003869	{img quest_detail_pic1 24 24}{@st41b}Emplacement{/}	{img quest_detail_pic1 24 24}{@st41b}위치{/}				
UI_20190611_003870	{img quest_detail_pic2 24 24}{@st41b}Aperçu{/}	{img quest_detail_pic2 24 24}{@st41b}개요{/}				
UI_20190611_003871	{img quest_detail_pic3 24 24}{@st41b}Objectif{/}	{img quest_detail_pic3 24 24}{@st41b}목표{/}				
UI_20190611_003872	{img quest_detail_pic4 24 24}{@st41b}Récompense{/}	{img quest_detail_pic4 24 24}{@st41b}보상{/}				
UI_20190611_003873	{img quest_detail_pic4 24 24}{@st41b}Choisir une Récompense{/}	{img quest_detail_pic4 24 24}{@st41b}선택 보상{/}				
UI_20190611_003874	Nom de la Quête	퀘스트 제목				
UI_20190611_003875	Niveau 1	1 레벨				
UI_20190611_003876	{@st43b}{s16}Liste des Quêtes	{@st43b}{s16}퀘스트 목록				
UI_20190611_003877	{ol}Toutes les Quêtes	{ol}모든 퀘스트				
UI_20190611_003878	{ol}Quêtes Principales	{ol}메인 퀘스트				
UI_20190611_003879	{ol}Quêtes Secondaires	{ol}서브 퀘스트				
UI_20190611_003880	{ol}Quêtes Répétables	{ol}반복 퀘스트				
UI_20190611_003881	{ol}Quêtes de Groupe	{ol}파티 퀘스트				
UI_20190611_003882	{ol}Quêtes de Badge Hethran	{ol}증표 퀘스트				
UI_20190611_003883	{ol}Quêtes de Suivi	{ol}추적 퀘스트				
UI_20190611_003884	{@st66b}Transparence de la Fenêtre de Quête{%s}{/}	{@st66b}지령창 배경 투명도 (%s){/}				
UI_20190611_003885	{@st59}Afficher la Quête au Groupe{/}	{@st59}파티원에게 노출{/}				
UI_20190611_003886	{@st59}Vérifier l'Emplacement de la Quête{/}	{@st59}퀘스트 위치 확인{/}				
UI_20190611_003887	Nom de l'Objet	아이템 명				
UI_20190611_003888	Nom de l'Objet d'Enchantement	인첸트 아이템 명				
UI_20190611_003889	{@st43}{s16}Limite l'utilisation de certains Skills.{/}	{@st43}{s16}특정 종류의 스킬 사용을 일정 부분 제한합니다.{/}				
UI_20190612_003890	{s16}{b}{ol}{ds} Tous Niveaux	{s16}{b}{ol}{ds}모든 레벨				
UI_20190612_003891	{s16}{b}{ol}{ds}Recommandé	{s16}{b}{ol}{ds}적정 레벨				
UI_20190612_003892	{s16}{b}{ol}{ds}Paramètres d'Affichage des Quêtes {img option_icon 21 21}	{s16}{b}{ol}{ds}퀘스트 표시 설정 {img option_icon 21 21}				
UI_20190612_003893	{s16}{ol} Toutes les Quêtes	{s16}{ol}모든 퀘스트	UI_20190611_003877	{ol}Toutes les Quêtes	{ol}모든 퀘스트	
UI_20190612_003894	{s16}{ol} Quêtes Principales	{s16}{ol}메인 퀘스트	UI_20190611_003878	{ol}Quêtes Principales	{ol}메인 퀘스트	
UI_20190612_003895	{s16}{ol} Quêtes Secondaires	{s16}{ol}서브 퀘스트	UI_20190611_003879	{ol}Quêtes Secondaires	{ol}서브 퀘스트	
UI_20190612_003896	{s16}{ol} Quêtes Répétables	{s16}{ol}반복 퀘스트	UI_20190611_003880	{ol}Quêtes Répétables	{ol}반복 퀘스트	
UI_20190612_003897	{s16}{ol} Quêtes de Groupe	{s16}{ol}파티 퀘스트	UI_20190611_003881	{ol}Quêtes de Groupe	{ol}파티 퀘스트	
UI_20190612_003898	{s16}{ol} Quêtes de Badge Hethran	{s16}{ol}증표 퀘스트	UI_20190611_003882	{ol}Quêtes de Badge Hethran	{ol}증표 퀘스트	
UI_20190612_003899	{s16}{ol} Quêtes de Suivi	{s16}{ol}추적 퀘스트	UI_20190611_003883	{ol}Quêtes de Suivi	{ol}추적 퀘스트	
UI_20190621_003900	{@st66b}Les compteurs d'échange d'objets et les limites d'entrée seront réinitialisés lors de la maintenance hebdomadaire programmée.{/}	{@st66b}탈트 및 실버 입장 횟수는 매주 화요일 점검 시에 초기화 됩니다.{/}				
UI_20190621_003901	{@st43}{s22}Cube de Victoire{/}	{@st43}{s22}이벤트: 승부 큐브{/}	UI_20170912_002881	{@st43}{s22}Cube Secret de Leticia{/}	{@st43}{s22}레티샤 시크릿 큐브{/}	
UI_20190802_003902	{@st42}{s20}Ligue des Challengers	{@st42}{s20}챌린저스 리그				
UI_20190802_003903	{@st42}{s20}Ligue des Champions	{@st42}{s20}챔피언스 리그	UI_20190201_003812	{@st42}{s20}Répartition des Fonds	{@st42}{s20}적립금 분배	
UI_20190802_003904	{@st41b}{s16}{b}Champions	{@st41b}{s16}{b}챔피언스 리그				
UI_20190802_003905	{@st41b}{s16}{b}Challengers	{@st41b}{s16}{b}챌린저스 리그				
UI_20190802_003906	Ligue Régionale	지역 리그				
UI_20190802_003907	Déséquiper l'Ichor (Fixe)	아이커 장착 해제(고정옵션)				
UI_20190802_003908	{@st43b}{s18}Statistiques d'Ichor (Fixe)	{@st43b}{s18}아이커 옵션(고정옵션)	UI_20190419_003837	{@st43b}{s18}Statistiques d'Ichor	{@st43b}{s18}아이커 옵션	
UI_20190802_003909	Déséquiper l'Ichor (Aléatoire)	아이커 장착 해제(랜덤옵션)				
UI_20190802_003910	{@st43b}{s18}Statistiques d'Ichor (Aléatoire)	{@st43b}{s18}아이커 옵션(랜덤옵션)				
UI_20190802_003911	Cliquez sur confirmer pour revenir.	확인을 누르시면 원래 지역으로 이동합니다.	UI_20161005_002356	Confirmer la sortie de la tour.	확인을 누르시면 탑 밖으로 이동합니다.	
UI_20190802_003912	{@st42b}Vous pouvez foncer en appuyant deux fois sur une touche directionnelle{/}	{@st42b}방향키를 빠르게 두번 입력하여 질주할 수 있습니다{/}	UI_20150729_001741	{@st42b}         Les classes Épéiste peuvent sprinter en                     appuyant deux fois sur une touche directionnelle{/}	{@st42b}전사 계열은 방향을 빠르게 두번 입력하여 질주할 수 있습니다{/}	
UI_20190802_003913	{@st41b}{s18}Joyaux d'enchantement %s actuels : %s	{@st41b}{s18}현재 %s 인챈트 쥬얼 보유 개수: %s개	UI_20181017_003547	{@st41b}{s18}Joyaux d'enchantement actuels : %s	{@st41b}{s18}현재 인챈트 쥬얼 보유 개수: %s개	
UI_20190802_003914	{@st66}{s18}{b}Consomme %sx %s joyau(x) d'enchantement.	{@st66}{s18}{b} %s 인챈트 쥬얼 %s개가 소비됩니다.	UI_20181017_003548	{@st66}{s18}{b}Consomme %s joyau(x) d'enchantement.	{@st66}{s18}{b}인챈트 쥬얼 %s개가 소비됩니다.	
UI_20190802_003915	Ne peut pas être démantelé	분해 불가				
UI_20190802_003916	Ligue Régionale	지역리그				
UI_20190802_003917	{@st42}{s16}Récupérer	{@st42}{s16}수령				
UI_20190828_003918	{@st66b}Parties Mortes	{@st66b}데드 파츠 적용				
UI_20190828_003919	{@st66b}Effets de Chute d'Objets{/}	{@st66b}아이템 드랍 이펙트 사용{/}				
UI_20191024_003920	{@st43}{s22}Le Maître du Grimoire{/}	{@st43}{s22}그리모어를 찢어라{/}				
UI_20191024_003921	{@st59b}Infos sur les monstres{nl}{@st59s} - Vous pouvez consulter les monstres en votre possession dans l'onglet Infos sur les monstres.{nl} - Les monstres que vous voulez utiliser doivent être enregistrés dans l'emplacement principal, ce qui peut se faire en déplaçant les monstres depuis la liste en bas en maintenant et en faisant glisser avec le clic droit.{nl} - Tous les monstres possèdent un grade et un potentiel.{nl}[Grade]{nl}   - Affiche le niveau de puissance du monstre.{nl}   - Les grades sont divisés en Normal, Magique et Légendaire, ce qui affecte les performances du monstre au combat.{nl}[Grade d'évolution]{nl}   - Tous les monstres peuvent être évolués deux fois maximum. Une évolution augmente le nombre de Skills disponibles et les statistiques du monstre.{nl}   - Tous les monstres commencent avec un grade d'évolution 1 étoile et peuvent évoluer jusqu'à 3 étoiles maximum.{/}{nl}{@st59b}Vente{nl}{@st59s} - Vous pouvez aussi vendre les monstres en votre possession dans l'onglet Infos sur les monstres.{nl} - Vous pouvez gagner des Pièces anciennes [Événement] en vendant vos monstres, et le nombre de pièces gagnées varie selon le grade de votre monstre.{nl} - Pièces gagnées{nl}   - Normal : 0, Magique : 1{nl}   - Unique : 2, Légendaire : 3{nl}   * Le nombre de pièces gagnées est indépendant du grade d'évolution du monstre.{/}{nl}{@st59b}Fusion{nl}{@st59s} - Vous pouvez fusionner 3 monstres de grade identique pour obtenir un monstre aléatoire du même grade.{nl} - Il y a aussi 5 % de chance d'obtenir un monstre de grade supérieur en fusionnant les monstres.{/}{nl}{@st59b}Évolution{nl}{@st59s} - Vous pouvez utiliser 3 monstres identiques pour faire évoluer votre monstre.{nl} - L'évolution ne fonctionne qu'en utilisant 3 monstres identiques du même grade d'évolution et donnera 1 monstre identique avec un grade d'évolution +1.{nl} - Le niveau du monstre résultant sera identique à celui du monstre ayant le niveau le plus élevé.{/}	{@st59b}몬스터 정보{nl}{@st59s} - 보유 중인 몬스터를 몬스터 정보 탭을 통해 확인할 수 있습니다.{nl} - 사용할 몬스터는 상단의 메인 슬롯에 등록을 해야 하며, 하단의 몬스터 목록에서 우 클릭하여 옮길수 있습니다.{nl} - 몬스터는 진화 등급과 등급의 속성을 가지고 있습니다.{nl} [등급]{nl}   - 몬스터 고유의 성능 등급을 나타냅니다.{nl}   - 등급은 노말/매직/유니크/레전드로 구별되며, 등급에 따라 몬스터 성능에 차등이 있습니다.{nl} [진화 등급]{nl}   - 모든 몬스터는 두 번의 진화가 가능하며, 진화 시 사용 스킬 개수와 스탯이 증가합니다.{nl}   - 모든 몬스터는 최초 1성으로 시작하며, 3성까지 진화가 가능합니다.{/}{nl}{@st59b}판매{nl}{@st59s} - 보유 중인 몬스터를 몬스터 정보 탭의 판매 버튼을 통해 판매할 수 있습니다.{nl} - 몬스터 판매 시 [이벤트] 고대 주화를 획득하며, 등급에 따라 획득하는 주화의 개수가 다릅니다.{nl} - 판매 시 획득 주화 개수{nl}   - 노말 : 0개, 매직 : 1개{nl}   - 유니크 : 2개, 레전드 : 3개{nl}   * 진화 등급에 영향받지 않습니다.{/}{nl}{@st59b}합성{nl}{@st59s} - 동일한 등급의 몬스터 3개를 소모하여 동일한 등급의 랜덤한 몬스터를 획득할 수 있습니다.{nl} - 5% 확률로 1단계 높은 등급의 몬스터를 획득할 수 있습니다.{/}{nl}{@st59b}진화{nl}{@st59s} - 동일한 몬스터 3개를 소모하여 몬스터를 진화시킬 수 있습니다.{nl} - 진화는 동일한 진화 등급의 몬스터로만 가능하며, 진화 시 1단계 높은 진화 등급의 몬스터를 획득합니다.{nl} - 진화 시 3개의 몬스터 중 가장 높은 몬스터의 레벨로 등장합니다.{/}				
UI_20191024_003922	{@st66b}{s16}Infos sur les monstres{/}	{@st66b}{s16}몬스터 정보{/}				
UI_20191024_003923	Affiche les informations des monstres enregistrés.	등록된 몬스터의 정보를 확인할 수 있습니다.				
UI_20191024_003924	{@st66b}{s16}Fusion{/}	{@st66b}{s16}합성{/}				
UI_20191024_003925	Permet de fusionner deux monstres de grade égal pour produire un nouveau monstre aléatoire du même grade.{nl}5 % de chance de produire un monstre de grade +1.	동일한 등급의 몬스터로 동일한 등급의 랜덤한 몬스터를 획득할 수 있습니다.{nl} 5%확률로 한 등급이 높은 몬스터가 등장합니다.				
UI_20191024_003926	{@st66b}{s16}Faire évoluer{/}	{@st66b}{s16}진화{/}				
UI_20191024_003927	3 monstres identiques de grade identique peuvent être utilisés pour faire évoluer un monstre.	진화 등급이 같은 동일한 몬스터 3개로 해당 몬스터를 진화시킬 수 있습니다.				
UI_20191024_003928	Une synergie se produit lorsqu'il y a 2 monstres ou plus de même espèce ou propriété dans votre emplacement principal.{nl}Cette synergie ne s'applique qu'à l'intérieur du donjon [Événement] Vestiges de Bernice.	메인 슬롯의 몬스터 중 동일한 종족, 속성이 2개체이상 있을 경우, 조합 시너지가 발생합니다.{nl}해당 조합 시너지는 [이벤트] 베르니케의 파편 던전에서만 적용됩니다.				
UI_20191024_003929	{@st59}Organiser la liste des monstres.{/}	{@st59}몬스터 리스트를 정렬합니다.{/}				
UI_20191024_003930	{@st42b}{s18}Monstre : %s/%s	{@st42b}{s18}몬스터 보유 수: %s/%s				
UI_20191024_003931	{@st42b}{s16}Temps Restant{/}	{@st42b}{s16}남은 시간{/}				
UI_20191024_003932	{@st42b}{s16}Monstre (%s/%s){/}	{@st42b}{s16}남은 몬스터(%s/%s){/}				
UI_20191024_003933	{@st42b}{s14}Récompense de Première Complétion{/}	{@st42b}{s14}첫 클리어 보상{/}				
UI_20191024_003934	{@st42b}{s14}Débuff de Palier{/}	{@st42b}{s14}Stage 디버프{/}				
UI_20191024_003935	{@st42b}{s14}Abandonner{/}	{@st42b}{s14}포기하기{/}				
UI_20191024_003936	{@st59}Réduire le Lecteur de Musique{/}	{@st59}BGM 플레이어를 최소화합니다{/}				
UI_20191024_003937	{@st59}Fermer le Lecteur de Musique{/}	{@st59}BGM 플레이어를 닫습니다{/}				
UI_20191024_003938	{@st59}Jouer la Musique{/}	{@st59}음악을 재생합니다{/}				
UI_20191024_003939	{@st59}Piste Précédente{/}	{@st59}이전 음악 재생{/}				
UI_20191024_003940	{@st59}Piste Suivante{/}	{@st59}다음 음악 재생{/}				
UI_20191024_003941	Durée de Lecture de la Musique	음악 재생 시간				
UI_20191024_003942	{@st59}Changer d'Apparence{/}	{@st59}스킨 변경{/}				
UI_20191024_003943	{@st59}Jouer une Piste Aléatoire{/}	{@st59}랜덤 음악 재생{/}				
UI_20191024_003944	{@st59}Répéter{/}	{@st59}반복 재생{/}				
UI_20191024_003945	{@st59}Rechercher dans la Playlist{/}	{@st59}전체목록 검색{/}				
UI_20191024_003946	{@st59}Agrandir le Lecteur de Musique{/}	{@st59}BGM 플레이어를 최대화합니다{/}				
UI_20191024_003947	Catégorie	분야				
UI_20191024_003948	{@st48}Avantages %s{/}	{@st48}%s 혜택{/}				
UI_20191024_003949	Tous les personnages connectés au jeu reçoivent un buff qui{nl}{@st66d_y}augmente l'XP gagnée en vainquant des monstres de +200 %{/} pendant 1 heure.	월드 내 접속중인 전체 캐릭터 대상으로{nl}{@st66d_y}몬스터 처치 시 경험치 200% 증가{/} 버프가 1시간동안 적용됩니다.				
UI_20191024_003950	Accorde le buff {@st66d_y}+1000 chance de butin{/}{nl}et le buff {@st66d_y}Grand compagnon{/} pendant 24 heures aux joueurs à proximité. 	피자 아이템을 사용한 캐릭터 대상으로{nl}{@st66d_y}주변 루팅 찬스 +1000 증가{/} 버프와{nl}{@st66d_y}컴패니언 크기 증가{/} 버프가 24시간 동안 적용됩니다. 				
UI_20191024_003951	Survolez le texte avec la souris pour afficher les informations détaillées du buff.{/}	텍스트 선택시 버프 내용이 상세하게 표시됩니다.{/}				
UI_20191024_003952	{/}{nl}Utiliser l'objet ?{/}	{/}{nl}아이템을 사용하시겠습니까?{/}				
UI_20191024_003953	Il sera retiré de %s{nl}et appliqué uniquement à {@st66d_y}%s{/}.{/}	사용한 %s {nl}인벤토리에서 사라지며 현재 {@st66d_y}%s{/}에만 적용됩니다.{/}				
UI_20191024_003954	{@st43}{s22}Grâce de la Déesse	{@st43}{s22}여신의 가호				
UI_20191024_003955	{@st41b}{s16}Temps restant %s min %s s	{@st41b}{s16}남은 시간 %s분 %s초				
UI_20191024_003956	{@st41b}{s16}x1	{@st41b}{s16}1회				
UI_20191024_003957	{@st41b}{s16} Argent	{@st41b}{s16} 돈				
UI_20191024_003958	{@st43}{s24}Offrande	{@st43}{s24}봉헌				
UI_20191024_003959	{@st43}{s24}Confirmer	{@st43}{s24}확인				
UI_20191024_003960	{@st66b}Agrandir le Repaire	{@st66b}아지트 확장				
UI_20191024_003961	{@st66b}Infos du Repaire{/}	{@st66b}아지트 정보{/}				
UI_20191024_003962	Niveau d'Agrandissement du Repaire de Guilde	길드 아지트 확장 단계				
UI_20191024_003963	{@st42}{s22}{#ffd739}Niv. %s{/}{/}{/}	{@st42}{s22}{#ffd739}%s 단계{/}{/}{/}				
UI_20191024_003964	Niveau et Infos d'Agrandissement du Repaire de Guilde	길드 아지트 확장 단계 및 정보				
UI_20191024_003965	{@st41b}{s18}Niv. 1 : %s{/}{/}	{@st41b}{s18}1 단계 : %s{/}{/}				
UI_20191024_003966	{@st41b}{s18}Niv. 2 : %s{/}{/}	{@st41b}{s18}2 단계 : %s{/}{/}				
UI_20191024_003967	{@st41b}{s18}Niv. 3 : %s{/}{/}	{@st41b}{s18}3 단계 : %s{/}{/}				
UI_20191024_003968	{@st41b}{s18}Niv. 4 : %s{/}{/}	{@st41b}{s18}4 단계 : %s{/}{/}				
UI_20191024_003969	{@st41b}{s18}Niv. 5 : %s{/}{/}	{@st41b}{s18}5 단계 : %s{/}{/}				
UI_20191024_003970	Infos sur les Installations de Logement de Guilde	길드 하우징 시설 정보				
UI_20191024_003971	Contribution et Kilométrage	기여도 및 길드 마일리지 관리				
UI_20191024_003972	[Conversion de la contribution en kilométrage de guilde]{nl}- Ratio de conversion de 1 (contribution de guilde) : 1 (kilométrage{nl}de guilde).{nl} {nl}[Conversion du kilométrage de guilde en contribution]{nl}- Ratio de conversion de 10 (kilométrage de guilde) : 1{nl}(contribution de guilde){nl}- Cette fonction ne peut être utilisée que par le maître de guilde.{nl} {nl}[Répartition de la contribution aux membres]{nl}- Ratio de répartition de 1 (ma contribution) : 1 (contribution du{nl}membre){nl}- Cette fonction ne peut être utilisée que par le maître de guilde.	[내 기여도를 길드 마일리지로 전환]{nl}- 1(길드 기여도) : 1(길드 마일리지)의 비율로 기여도가 길드 마일리지로 전환됩니다.{nl} {nl}[길드 마일리지를 기여도로 전환]{nl}- 10(길드 마일리지) : 1(길드 기여도)의 비율로 길드 마일리지가 기여도로 전환됩니다.{nl}- 해당 기능은 길드 마스터만 이용이 가능합니다.{nl} {nl}[길드원에게 기여도 분배]{nl}- 1(내 기여도) : 1(길드원 기여도)의 비율로 기여도를 길드원에게 분배할 수 있습니다.{nl}- 해당 기능은 길드 마스터만 이용이 가능합니다.				
UI_20191024_003973	{@st42}{s18}Kilométrage de guilde : %s{/}{/}	{@st42}{s18}길드 마일리지 : %s{/}{/}				
UI_20191024_003974	{@st42}{s18}Ma contribution : %s{/}{/}	{@st42}{s18}내 기여도 : %s{/}{/}				
UI_20191024_003975	{@st42}{s18}Échanger des Points de Contribution Contre du Kilométrage de Guilde{/}{/}	{@st42}{s18}내 기여도를 길드 마일리지로 전환하기{/}{/}				
UI_20191024_003976	{@st42}{s18}Échanger du Kilométrage de Guilde Contre des Points de Contribution{/}{/}	{@st42}{s18}길드 마일리지를 기여도로 전환하기{/}{/}				
UI_20191024_003977	{@st42}{s18}Distribuer des Points de Contribution aux Membres de la Guilde{/}{/}	{@st42}{s18}길드원에게 기여도 분배하기{/}{/}				
UI_20191024_003978	Points de Logement de Guilde	길드 하우징 포인트 정보				
UI_20191024_003979	Vous pouvez acheter des objets et installations de logement de guilde en utilisant des points de logement.{nl}- Les points de logement peuvent être obtenus avec du kilométrage de guilde au ratio de 5 (kilométrage de guilde) : 1 (point de logement).{nl}- Les points de logement ne peuvent être achetés que lorsque votre guilde a atteint le niveau d'agrandissement 2 ou plus.{nl}- Des ateliers de fabrication peuvent être installés pour augmenter le maximum de points de logement que vous pouvez posséder.	하우징 포인트를 통해 길드 하우징 물품 및 시설을 구매할 수 있습니다.{nl}- 5(길드 마일리지) : 1(하우징 포인트) 비율로 각 하우징 포인트를 마일리지로 구매할 수 있습니다.{nl}- 길드 아지트 확장 단계가 2단계 이상인 경우에만 하우징 포인트 구매가 가능합니다.{nl}- 제작 공방소를 증축하여 각 하우징 포인트의 최대치를 늘릴 수 있습니다.				
UI_20191024_003980	{@st42}{s16}Idée{#ffd739}(+%s){/}{/}{/}	{@st42}{s16}독창성{#ffd739}(+%s){/}{/}{/}				
UI_20191024_003981	{@st42}{s16}Fonctionnalité{#ffd739}(+%s){/}{/}{/}	{@st42}{s16}기능성{#ffd739}(+%s){/}{/}{/}				
UI_20191024_003982	{@st42}{s16}Créativité{#ffd739}(+%s){/}{/}{/}	{@st42}{s16}예술성{#ffd739}(+%s){/}{/}{/}				
UI_20191024_003983	{@st42}{s16}Économie{#ffd739}(+%s){/}{/}{/}	{@st42}{s16}경제성{#ffd739}(+%s){/}{/}{/}				
UI_20191024_003984	{@st42}{s16}{#ff0000}Coût en kilométrage de guilde (%s){/}{/}{/}	{@st42}{s16}{#ff0000}차감 길드 마일리지 (%s){/}{/}{/}				
UI_20191024_003985	{@st42}{s16}{#ffd739}Kilométrage restant estimé : %s{/}{/}{/}	{@st42}{s16}{#ffd739}예상 잔여 마일리지 : %s{/}{/}{/}				
UI_20191024_003986	{@st42}{s18}Annuler{/}	{@st42}{s18}취소{/}				
UI_20191024_003987	{@st42}{s18}Enregistrer{/}	{@st42}{s18}저장{/}				
UI_20191024_003988	ⓘ Les retraits/dépôts consommeront 20 kilométrage.{nl}ⓘ Le kilométrage est gagné chaque fois qu'un membre de la guilde se connecte ou que certains contenus du jeu sont complétés par les membres de la guilde (par ex. Mode Défi Niv. 5, Raid unique et Raids légendaires).{nl}ⓘ Chaque membre peut accumuler un maximum de 100 kilométrage en complétant des contenus du jeu, et cette limite maximale est réinitialisée chaque lundi à 06:00, heure serveur.	ⓘ 입고/출고 시 마일리지 20 차감 됩니다. {nl}ⓘ마일리지는 길드원 로그인, 특정 콘텐츠 이용(챌린지 5단계 이상, 유니크 레이드, 레전드 레이드 클리어)을 통해서 적립됩니다.{nl}ⓘ특정 콘텐츠 이용을 통한 마일리지 적립은 길드원별 주간 100 까지 누적 적립 가능하며, 누적 적립은 매주 월요일 오전 6시에 초기화 됩니다.	UI_20190104_003693	ⓘ Chaque dépôt/retrait équivaut à 20 kilométrage.{nl}ⓘ Le kilométrage s'accumule quand les membres de la guilde se connectent, et en participant aux quêtes de guilde et aux guerres de territoire.	ⓘ 입고/출고 시 마일리지 20 차감 됩니다. {nl}ⓘ마일리지는 길드원 로그인, 길드 퀘스트, 콜로니전 참여를 통해서 적립됩니다.	
UI_20191024_003989	{@st42}Logement{/}	{@st42}하우징{/}				
UI_20191024_003990	{@st66d}Distribuer les Points de Contribution	{@st66d}기여도 분배				
UI_20191024_003991	Points de Contribution Distribués	분배할 기여도				
UI_20191024_003992	Points de Contribution Restants	잔여 기여도				
UI_20191024_003993	Mes Points de Contribution	내 기여도				
UI_20191024_003994	{@st42b}{s16}Nom d'équipe %s	{@st42b}{s16}팀명 %s				
UI_20191024_003995	{@st42b}{s16}Contribution	{@st42b}{s16}기여도				
UI_20191024_003996	{@st66b}Distribuer	{@st66b}분배				
UI_20191024_003997	{@st66d}Échanger %s	{@st66d}%s 전환				
UI_20191024_003998	Kilométrage de Guilde	길드 마일리지				
UI_20191024_003999	Taux de Change	전환 비율				
UI_20191024_004000	%s disponible(s) pour échange	전환 가능한 %s				
UI_20191024_004001	Entrez le montant de %s à échanger.	전환할 %s를 입력하세요.				
UI_20191024_004002	Coût %s	소비 %s				
UI_20191024_004003	%s restant(s)	잔여 %s				
UI_20191024_004004	{@st66b}Échanger	{@st66b}전환				
UI_20191024_004005	{@st43}{s22}Démanteler le Tome Mystique	{@st43}{s22}신비한 서 분해				
UI_20191024_004006	Démantèlement Terminé	분해 완료				
UI_20191024_004007	{@st41b}{s18}Démanteler	{@st41b}{s18}분해 하기				
UI_20191024_004008	{@st41b}{s18}Confirmer	{@st41b}{s18}확인				
UI_20191024_004009	{@st43}{s22}Fabriquer un Tome Mystique	{@st43}{s22}신비한 서 제작				
UI_20191024_004010	{@st41b}{s18}Gemme Bénie de la Déesse	{@st41b}{s18}여신의 축복석				
UI_20191024_004011	{@st41b}{s18}Fabriquer	{@st41b}{s18}제작 하기				
UI_20191024_004012	{@st43}Quitter le Mode Édition{/}	{@st43}편집모드 취소{/}				
UI_20191024_004013	{@st43}{#97f72f}{s20}Installer	{@st43}{#97f72f}{s20}설치				
UI_20191024_004014	{@st43}{#97f72f}{s20}Tourner	{@st43}{#97f72f}{s20}회전				
UI_20191024_004015	{@st66b}{s18}Désinstaller ?	{@st66b}{s18}철거 하시겠습니까?				
UI_20191024_004016	Mobilier	가구				
UI_20191024_004017	{@st66b}{s18}Fonds actuels : {@st66d_y}%s	{@st66b}{s18}소지 길드 자금 :{@st66d_y}%s				
UI_20191024_004018	{@st66b}{s18}Fonds restants : {ol}{s18}{#ec0000}%s	{@st66b}{s18}소비 길드 자금 :{ol}{s18}{#ec0000}%s				
UI_20191024_004019	{@st66b}{s18}Vous ne pourrez plus utiliser les fonctions liées à cet objet de logement après sa désinstallation, et l'objet désinstallé sera retourné dans l'inventaire.	{@st66b}{s18}해당 하우징 물품을 철거하면 관련 기능을 이용할 수 없으며, 철거된 물품은 아이템 창으로 이동합니다.				
UI_20191024_004020	{@st59b}Labo{nl}{@st59s}	{@st59b}연구소{nl}{@st59s}				
UI_20191024_004021	Labo	연구소				
UI_20191024_004022	{@st66b}{s18}Améliorer ?	{@st66b}{s18}증축 하시겠습니까?				
UI_20191024_004023	Contre les ennemis de type Bête	야수형 대상 강화				
UI_20191024_004024	{ol}{ds}{b}{s16}Niveau maximum de recherche de Skill %s	{ol}{ds}{b}{s16}스킬 연구 최대 레벨 %s				
UI_20191024_004025	{@st66b}{s18}Fonds actuels : {@st66d_y}%s	{@st66b}{s18}소지 길드 자금 : {@st66d_y}%s				
UI_20191024_004026	{@st66b}{s18}Coût en fonds : {ol}{s18}{#ec0000}%s	{@st66b}{s18}소비 길드 자금 : {ol}{s18}{#ec0000}%s				
UI_20191024_004027	{@st66b}{s18}Kilométrage actuel : {@st66d_y}%s	{@st66b}{s18}소지 길드 마일리지 : {@st66d_y}%s				
UI_20191024_004028	{@st66b}{s18}Coût en kilométrage : {ol}{s18}{#ec0000}%s	{@st66b}{s18}소비 길드 마일리지 : {ol}{s18}{#ec0000}%s				
UI_20191024_004029	{@st43}Boutique de Logement	{@st43}하우징 상점				
UI_20191024_004030	{@st59}Fermer la Boutique de Logement{/}	{@st59}하우징 상점을 닫습니다{/}				
UI_20191024_004031	{@st66b}Aménagement paysager	{@st66b}조경				
UI_20191024_004032	{@st66b}Installations	{@st66b}시설				
UI_20191024_004033	{@st66b}Emploi	{@st66b}계약서				
UI_20191024_004034	{@st59}Logement{/}	{@st59}하우징{/}				
UI_20191024_004035	{@st66b}{s18}Type{/}	{@st66b}{s18}종류{/}				
UI_20191024_004036	{@st59}Lecteur de Musique{/}	{@st59}BGM 플레이어{/}				
UI_20191024_004037	{@st66b}Onglet 1	{@st66b}텝1				
UI_20191024_004038	{@st66b}Onglet 2	{@st66b}텝2				
UI_20191024_004039	{@st43b}{s16}Objectifs de Mission Uniquement	{@st43b}{s16}미션 목표만 보기				
UI_20191024_004040	* Les attributs déjà investis{nl}seront remboursés en points d'attribut après le changement d'arbre de classe.{nl}(Les arts appris seront aussi réinitialisés.{nl}Les points d'attribut seront remboursés mais pas les tomes mystiques.)	* 계열 변경 전 올린 특성의 레벨은{nl}계열 변경 후 특성 포인트를 돌려드립니다.{nl}(아츠도 초기화 되며, 특성 포인트는 복구되지만,{nl}신비한 서는 복구되지 않습니다.)				
UI_20191024_004041	* Les classes retirées suite à ce changement{nl}verront leurs attributs et Skills rendus sous forme de points.{nl}{#FF1122}Les arts ne sont pas réinitialisés avec le changement de classe.{nl}Pensez à utiliser une potion de réinitialisation des arts avant de changer de classe.{/}	* 변경으로 인해 삭제 되는 클래스는 스킬과{nl}특성을 초기화 후 포인트로 반환됩니다.{nl}{#FF1122}클래스 변경으로는 아츠가 초기화 되지 않습니다.{nl}변경 전에 해당 클래스의 아츠 초기화 포션을 먼저{nl}사용하신 후 클래스를 변경하시기 바랍니다.{/}	UI_20190104_003728	* Les Skills et attributs des{nl}classes supprimées{nl}seront rendus sous forme de{nl}points.	* 변경으로 인해 삭제 되는 클래스는 스킬과{nl}특성을 초기화 후 포인트로 반환됩니다.	
UI_20191024_004042	{@st66b}Conserver l'Interface de Skill Ciblé{/}	{@st66b}대상 지정 스킬 UI 유지{/}				
UI_20191024_004043	{@st66b}Appliquer l'Effet d'Arrière-plan	{@st66b}환경 이펙트 적용				
UI_20191024_004044	{@st66b}Appliquer les Silhouettes de Personnages	{@st66b}캐릭터 실루엣 적용				
UI_20191024_004045	{@st41b}{img icon_button_warning 36 36}Confirmer	{@st41b}{img icon_button_warning 36 36}확인				
UI_20191024_004046	Niveau de Guilde Requis pour l'Agrandissement	확장에 필요한 길드 레벨				
UI_20191024_004047	Fonds de Guilde Requis pour l'Agrandissement	확장에 필요한 길드 자금				
UI_20191024_004048	Kilométrage de Guilde Requis pour l'Agrandissement	확장에 필요한 길드 마일리지				
UI_20191024_004049	{@st41b}{s18}Niv. 1 : %s{/}{/}{/}	{@st41b}{s18}1 단계 : %s{/}{/}{/}				
UI_20191024_004050	{@st41b}{s18}Niv. 2 : %s{/}{/}{/}	{@st41b}{s18}2 단계 : %s{/}{/}{/}				
UI_20191024_004051	{@st41b}{s18}Niv. 3 : %s{/}{/}{/}	{@st41b}{s18}3 단계 : %s{/}{/}{/}				
UI_20191024_004052	{@st41b}{s18}Niv. 4 : %s{/}{/}{/}	{@st41b}{s18}4 단계 : %s{/}{/}{/}				
UI_20191024_004053	{@st41b}{s18}Niv. 5 : %s{/}{/}{/}	{@st41b}{s18}5 단계 : %s{/}{/}{/}				
UI_20191024_004054	Agrandir le Repaire	아지트 확장				
UI_20191024_004055	Augmente l'efficacité au combat contre les Humanoïdes	인간형 대상 강화				
UI_20191024_004056	{#5e4e3f}{s16}Rechercher des armes efficaces contre{nl}les monstres de type Plante.	{#5e4e3f}{s16}식물형 타입의 몬스터에게 효과적인{nl}무기 연구를 진행합니다.				
UI_20191024_004057	{#5ae2e7}{@st43}{s16}Dégâts +0,4 % par niveau de buff	{#5ae2e7}{@st43}{s16}버프 레벨당 +0.4% 대미지 증가				
UI_20191024_004058	Liste	목록				
UI_20191024_004059	Tourner	회전				
UI_20191024_004060	{@st42b}{s16}Vendre{/}	{@st42b}{s16}판매{/}				
UI_20191024_004061	Mission	미션 내용				
UI_20191024_004062	{@st42b}{s14}{#ffffff}Normal	{@st42b}{s14}{#ffffff}노말				
UI_20191024_004063	{@st42b}{s14}{#0e7fe8}Magique	{@st42b}{s14}{#0e7fe8}매직				
UI_20191024_004064	{@st42b}{s14}{#d92400}Unique	{@st42b}{s14}{#d92400}유니크				
UI_20191024_004065	{@st42b}{s14}{#ffa800}Légendaire	{@st42b}{s14}{#ffa800}레전드				
UI_20191104_004066	Échanges Personnels Illimités	개인 거래 무제한				
UI_20200129_004067	{@st42}%s {@st42}Objet{/}	{@st42}%s {@st42}아이템{/}				
UI_20200129_004068	Coffre	기본 창고				
UI_20200129_004069	{@st66b}Agrandissement du Coffre	{@st66b}기본 창고 확장				
UI_20200129_004070	{@st59}Agrandit le Coffre de Base{/}	{@st59}기본 창고를 확장합니다{/}				
UI_20200129_004071	Sélectionner les objets à combiner	합성할 아이템을 올려주세요				
UI_20200129_004072	Augmentation d'Expérience	경험치 증가				
UI_20200129_004073	Montée de Niveau	레벨 증가				
UI_20200129_004074	{@st43}{s22}Combiner l'Arche	{@st43}{s22}아크 합성				
UI_20200129_004075	{@st59b}Combiner l'Arche{@st59s}{nl}- Sélectionnez une Arche pour ajouter de l'XP ou un niveau	{@st59b}아크 합성{@st59s}{nl}- 경험치 증가 또는 레벨 증가 할 아크를 등록				
UI_20200129_004076	{@st43}{s20}Combiner	{@st43}{s20}합성				
UI_20200129_004077	{img icon_item_silver 24 24} {@st41b}Coût %s{/}	{img icon_item_silver 24 24} {@st41b}%s 비용{/}				
UI_20200129_004078	{img icon_item_silver 24 24} {@st41b}Solde Estimé{/}	{img icon_item_silver 24 24} {@st41b}예상 잔액{/}				
UI_20200129_004079	Placez une Arche à transférer.	이전할 아이템을 올려주세요				
UI_20200129_004080	{@st59b}Transfert d'Arche@st59s}{nl}- Placez une Arche à transférer{nl} - Placez une Arche à recevoir	{@st59b}아크 이전{@st59s}{nl}- 이전 할 아크 등록 {nl} - 이전 받을 아크 등록				
UI_20200129_004081	Transférer	이전				
UI_20200129_004082	Placez un objet pour transférer les statistiques.	옵션을 이전할 아이템을 올려주세요				
UI_20200129_004083	{img icon_item_silver 24 24} {@st41b}Coût de transfert{/}%s	{img icon_item_silver 24 24} {@st41b}이전 비용{/}%s				
UI_20200129_004084	{@st43}Salon de Coiffure - Teint	{@st43}바버샵 - 스킨				
UI_20200129_004085	{@st59}Teint{/}	{@st59}스킨{/}				
UI_20200129_004086	{@st66}- Coupons de Teint	{@st66}-스킨 쿠폰				
UI_20200129_004087	{@st43}{s22}Bénédiction de la Déesse	{@st43}{s22}여신의 축복				
UI_20200129_004088	{@st43}{s20}Confirmer	{@st43}{s20}확인				
UI_20200129_004089	Le montant maximum de points pouvant être gagnés est réinitialisé chaque lundi à 06:00, heure serveur.{nl}Les points peuvent être gagnés comme suit :{nl} {nl}- Se connecter au jeu : 10 points (5 points supplémentaires pour les joueurs en guilde et les joueurs sous effet Token){nl} - Pêche réussie : 1 point par prise{nl} - Raid légendaire : 20 points{nl} (Sauf pour la Tour de terre, où 5 points sont gagnés tous les 5 niveaux){nl}- Mission de défense en montée : 10 points{nl}- Raid unique : 20 points{nl}- Donjon de niveau : 10 points{nl}- Quête quotidienne : 10 points	획득 가능한 포인트량은 매주 월요일 6시에 초기화됩니다.{nl}포인트는 아래의 방법으로 획득할 수 있습니다.{nl} {nl}- 접속: 10 포인트 (PC방 접속 중, 길드 가입 중, 토큰 적용 중일 시 각 5 포인트 추가 획득){nl}- 낚시 성공: 1회 당 1 포인트{nl}- 레전드 레이드: 20 포인트{nl}  (단, 대지의 탑은 5층 단위로 5점씩 지급됩니다.){nl}- 업힐 디펜스 미션: 10 포인트{nl}- 유니크 레이드: 20 포인트{nl}- 레벨 던전: 10 포인트{nl}- 일일 퀘스트: 10 포인트	UI_20190104_003600	Le montant maximum de points pouvant être gagnés est réinitialisé chaque lundi à 06:00, heure serveur.{nl}Les points peuvent être gagnés comme suit :{nl} {nl}- Se connecter au jeu : 10 points (5 points supplémentaires pour les joueurs en guilde et les joueurs sous effet Token){nl} - Pêche réussie : 1 point par prise{nl}- Mission Couvent de Saalus : 15 points{nl}- Raid légendaire : 20 points{nl} (Sauf pour la Tour de terre, où 5 points sont gagnés tous les 5 niveaux){nl}- Mission de défense en montée : 10 points{nl}- Raid unique : 20 points{nl}- Donjon de niveau : 10 points{nl}- Mission du bureau des mercenaires : 10 points{nl}- Quête quotidienne : 10 points	획득 가능한 포인트량은 매주 월요일 6시에 초기화됩니다.{nl}포인트는 아래의 방법으로 획득할 수 있습니다.{nl} {nl}- 접속: 10 포인트 (PC방 접속 중, 길드 가입 중, 토큰 적용 중일 시 각 5 포인트 추가 획득){nl}- 낚시 성공: 1회 당 1 포인트{nl}- 살러스 수녀원 미션: 15 포인트{nl}- 레전드 레이드: 20 포인트{nl}  (단, 대지의 탑은 5층 단위로 5점씩 지급됩니다.){nl}- 업힐 디펜스 미션: 10 포인트{nl}- 유니크 레이드: 20 포인트{nl}- 레벨 던전: 10 포인트{nl}- 의뢰소 미션: 10 포인트{nl}- 일일 퀘스트: 10 포인트	
UI_20200129_004090	{s18}Contenu	{s18}내용				
UI_20200129_004091	{@st66}La nourriture n'est offerte qu'à l'hôte et aux membres de son groupe.	{@st66}배식 테이블의 음식은 기본적으로 나와 나의 파티원에게 제공됩니다.				
UI_20200129_004092	{@s18}Niveau du Repaire{/}	{@s18}아지트 레벨{/}				
UI_20200129_004093	{@st41}Aperçu	{@st41}미리보기				
UI_20200129_004094	{@st43}%s F{/}	{@st43}%s층{/}				
UI_20200129_004095	{@st43}Fonction{/}	{@st43}기능{/}				
UI_20200129_004096	{@st41}Quitter le Mode Édition{/}	{@st41}편집모드 취소{/}				
UI_20200129_004097	{@st41}Monter/Descendre{/}	{@st41}위층, 아래층 이동{/}				
UI_20200129_004098	{@st42b}Tout Démanteler{/}	{@st42b}모두 철거하기{/}				
UI_20200129_004099	{@st42b}Voir l'Arrière-plan{/}	{@st42b}배경 변경{/}				
UI_20200129_004100	{@st42b}Ouvrir la Page{/}	{@st42b}페이지 열기{/}				
UI_20200129_004101	{@43b}{s22}Voir l'Arrière-plan{/}{/}	{@43b}{s22}배경 변경{/}{/}				
UI_20200129_004102	{@43b}{s22}Page{/}{/}	{@43b}{s22}페이지{/}{/}				
UI_20200129_004103	{@43b}{s22}Charger la Page{/}{/}	{@43b}{s22}페이지 불러오기{/}{/}				
UI_20200129_004104	{@st66b}{s18}L'objet de logement n'existe pas.{nl}{nl}Impossible de charger la page.	{@st66b}{s18}다음의 하우징 물품이 존재하지 않아{nl}{nl}페이지를 불러올 수 없습니다.				
UI_20200129_004105	{@st66b}{s18}Liste	{@st66b}{s18}목록				
UI_20200129_004106	{@st66b}{s18}Veuillez vérifier s'il y a des objets de logement{nl}{nl}placés ou stockés aux endroits suivants.{nl}{nl}1. Zone d'objets de logement{nl}{nl}2. Inventaire	{@st66b}{s18}다음의 경로에 하우징 물품이 배치되어 있거나,{nl}{nl}존재하는지 확인해 주세요.{nl}{nl}1. 하우징 배치 구역{nl}{nl}2. 인벤토리				
UI_20200129_004107	{@st66b}{s18}Les objets de logement suivants seront démantelés lors du chargement de la page.	{@st66b}{s18}페이지를 불러올 경우, 현재 배치된 하우징 물품 중 다음의 물품들이 철거됩니다.				
UI_20200129_004108	{@st66b}{s18}Continuer le démontage et charger la page ?	{@st66b}{s18}철거를 진행하고 페이지를 불러오시겠습니까?				
UI_20200129_004109	{@st43}Contrôles d'Aperçu{/}	{@st43}미리보기 조작키{/}				
UI_20200129_004110	{@st41}Quitter{/}	{@st41}나가기{/}				
UI_20200129_004111	{@st41}Déplacer l'Écran{/}	{@st41}화면 이동{/}				
UI_20200129_004112	{@st41}Hauteur de Vue{/}	{@st41}상하 이동{/}				
UI_20200129_004113	Disponible uniquement en donjon instancié.	인던에만 사용 가능합니다.	UI_20170313_002550	Utilisable uniquement dans les donjons instanciés et les missions de mercenaires.	인던과 의뢰소 미션에만 사용 가능합니다.	
UI_20200129_004114	* Buff de dégâts supplémentaire accordé à un groupe de 4 saviors ou moins.{nl}* Augmentation de 50 % des dégâts par savior et de 200 % en solo.{/}	* 5인 미만인 경우 추가 대미지 버프가 제공됩니다.{nl}* 5인 미만인 경우 1명당 50%씩 증가하여, 1인으로 진행하는 경우 대미지가 200%증가합니다.				
UI_20200129_004115	{@st59}Arche{/}	{@st59}아크{/}				
UI_20200129_004116	Équipement	기본 획득				
UI_20200129_004117	Bonus de Transcendance	초월 장비 보너스				
UI_20200129_004118	Total	총 획득				
UI_20200129_004119	Enchanter	인챈트				
UI_20200129_004120	{@st43}Transfert d'objet %s	{@st43}아이템 %s 이전				
UI_20200129_004121	{@st41b}{s18}Transfert %s	{@st41b}{s18}%s 이전				
UI_20200129_004122	{@st43b}{s18}Transférer les Statistiques	{@st43b}{s18}이전 옵션				
UI_20200129_004123	Loupe Détaillée de Sandra	산드라의 미세 감정 돋보기				
UI_20200129_004124	{@st66}{s18}Consomme Loupe détaillée de Sandra x%s.	{@st66}{s18}산드라의 미세 감정 돋보기 %s개가 소비됩니다.				
UI_20200129_004125	Loupe de Sandra	산드라의 감정 돋보기				
UI_20200129_004126	{@st66}{s18}Consomme Loupe de Sandra x%s.	{@st66}{s18}산드라의 감정 돋보기 %s개가 소비됩니다.				
UI_20200129_004127	{@st66b18}Onglet de Récupération du Marché	{@st66b18}수령함				
UI_20200129_004128	{@st66d_y}{s16}Bénédiction de la Déesse	{@st66d_y}{s16}여신의 축복				
UI_20200129_004129	{@st41b}Quitter{/}	{@st41b}나가기{/}				
UI_20200129_004130	{@st43}Boîte de messages (%s/%s)	{@st43}메시지함(%s/%s)				
UI_20200129_004131	{@st66}Astuce. Faites défiler vers le bas pour charger plus de données.	{@st66}TIP. 스크롤을 내리면 남은 목록을 요청합니다.				
UI_20200129_004132	{@st66}     Astuce 1. Les récompenses d'épisode sont obtenables une fois par équipe.                                      {nl}     Astuce 2. Toutes les quêtes secondaires se débloquent pour les autres personnages{nl}                  lors de la réclamation des récompenses de l'épisode 10.	{@st66}TIP 1. 에피소드 보상은 팀당 1회만 받을 수 있습니다.                                      {nl}TIP 2. 에피소드 10 클리어 보상 획득 시,{nl}             모든 캐릭터의 서브 퀘스트가 개방됩니다.				
UI_20200129_004133	{@st66b}Épisode{/}	{@st66b}에피소드{/}				
UI_20200129_004134	{@st66b}Liste des Quêtes{/}	{@st66b}퀘스트 목록{/}	UI_20190611_003859	{@st66b}  Liste des Quêtes  {/}	{@st66b}  퀘스트 목록  {/}	
UI_20200129_004135	{@st66b}Terminé{/}	{@st66b}완료{/}	UI_20190611_003860	{@st66b}  Terminé  {/}	{@st66b}  완료  {/}	
UI_20200129_004136	{@st43}{s22}Récompenses d'Épisode{/}	{@st43}{s22}에피소드 보상{/}				
UI_20200129_004137	{@st59}Fermer les infos des récompenses d'épisode.{/}	{@st59}에피소드 보상 정보를 닫습니다.{/}				
UI_20200129_004138	Récompenses d'Épisode	에피소드 클리어 보상				
UI_20200129_004139	Épisode	에피소드				
UI_20200129_004140	Nom de l'Épisode	에피소드 이름				
UI_20200129_004141	{@st41b}Enclume à Utiliser	{@st41b}대상 모루				
UI_20200129_004142	{@st42b}Aucun	{@st42b}없음	ETC_20150317_002003	Aucun	없음	
UI_20200129_004143	{@st42}Bulle de Dialogue du Personnage	{@st42}캐릭터 말풍선				
UI_20200129_004144	Quête d'Urgence	돌발 퀘스트				
UI_20200129_004145	Passer en mode réduit.	최소화 모드로 전환합니다.				
UI_20200129_004146	Annuler la quête d'urgence actuelle.	돌발 퀘스트를 취소합니다.				
UI_20200129_004147	{img test_cooltime 20 20}{@st43}{s16}Temps limité - %s	{img test_cooltime 20 20}{@st43}{s16}제한시간 - %s				
UI_20200129_004148	{@st66b}Activer l'Ajustement de Netteté des Effets	{@st66b}이펙트 선명도 조절 사용				
UI_20200129_004149	{@st66b}Masquer les effets de lettres	{@st66b}글자 이펙트 보이지 않기				
UI_20200129_004150	{@st66b}Netteté des effets de mon personnage (%s){/}	{@st66b}내 캐릭터 이펙트 선명도(%s){/}				
UI_20200129_004151	{@st66b}Netteté des effets des autres personnages (%s){/}	{@st66b}다른 캐릭터 이펙트 선명도(%s){/}				
UI_20200129_004152	{@st66b}Netteté des effets des monstres boss (%s){/}	{@st66b}보스 몬스터 이펙트 선명도(%s){/}				
UI_20200129_004153	{@st42b}{ds}{s18}Afficher toute la carte{/}	{@st42b}{ds}{s18}모든 맵 표시{/}	UI_20180517_003189	{@st66w}Afficher tous les onglets{/}	{@st66w}모든 맵 표시{/}	
UI_20200129_004154	{@st42b}{ds}{s18}{#FF5E00}Voir toutes les statues de la Déesse{/}	{@st42b}{ds}{s18}{#FF5E00}미확인 여신상 표시{/}				
UI_20200129_004155	{@st59}Raccourci{/}	{@st59}바로가기{/}				
UI_20200129_004156	{@st59}Terminer{/}	{@st59}완료{/}				
UI_20200129_004157	{@42b}{s20}Page %s{/}{/}	{@42b}{s20}%s번 페이지{/}{/}				
UI_20200129_004158	{@st59}Entrez un titre{/}	{@st59}타이틀을 입력해주세요{/}				
UI_20200129_004159	{@st59}Aperçu{nl}Réinitialisé en quittant le mode édition ou en appuyant{nl}sur le bouton Aperçu.	{@st59}미리보기{nl}미리보기 버튼을 한번 더 누르거나{nl}편집 모드를 종료하시면 원래 상태로 돌아갑니다.				
UI_20200129_004160	{@st59}Supprimer	{@st59}삭제				
UI_20200129_004161	{@st42b}Enregistrer{/}	{@st42b}저장하기{/}				
UI_20200129_004162	{@st42b}Charger{/}	{@st42b}불러오기{/}				
UI_20200129_004163	Coffre d'équipe +30, active un stockage supplémentaire	팀 창고 +30칸 증가, 추가 창고 활성화				
UI_20200206_004164	Pièces Collectées	코인 획득 현황				
UI_20200206_004165	Liste des Missions du Circuit de Timbres	스탬프 투어 미션 목록				
UI_20200206_004166	Liste des Missions de Contenu	콘텐츠 미션 목록				
UI_20200206_004167	{@st43b}{s22}Pièces de la Roulette de la Déesse	{@st43b}{s22}여신의 룰렛 코인				
UI_20200206_004168	{@st66b}{s18}État d'Acquisition	{@st66b}{s18}획득 현황				
UI_20200206_004169	{@st66b}{s18}Timbres	{@st66b}{s18}스탬프				
UI_20200206_004170	{@st66b}{s18}Contenu	{@st66b}{s18}콘텐츠				
UI_20200206_004171	Titre de l'Onglet	탭 제목				
UI_20200206_004172	Instructions	안내 내용				
UI_20200206_004173	{@st66d_y}{s16}Pièces de la Roulette de la Déesse	{@st66d_y}{s16}여신의 룰렛 코인				
UI_20200207_004174	Journal de Timbres	스탬프 수첩				
UI_20200218_004175	Actualiser	판매목록 갱신				
UI_20200320_004176	{@st43}{s16}Dégâts de Skill{/}	{@st43}{s16}스킬 대미지{/}				
UI_20200320_004177	{@st43}{s16}Montant Total des Dégâts{/}	{@st43}{s16}총 대미지{/}				
UI_20200320_004178	{@st42b}{ds}{s14}Temps Restant{/}	{@st42b}{ds}{s14}남은 시간{/}				
UI_20200320_004179	{@st42b}Voir ceux ayant encore des échanges disponibles{/}	{@st42b}교환 횟수가 남은 것만 보기{/}				
UI_20200320_004180	{@st42b}Ouvrir la Boutique	{@st42b}상점 열기				
UI_20200320_004181	{nl}Affiche l'emplacement et les entrées restantes de chaque contenu.	{nl}각 콘텐츠의 입장 위치 및 횟수를 확인할 수 있습니다.	UI_20170726_002675	{nl}Les entrées quotidiennes sont comptées différemment pour chaque type de donjon. 	{nl}각 던전은 카테고리별로 입장 횟수가 카운트 됩니다. 	
UI_20200320_004182	{@st43}Tableau d'État des Contenus{/}	{@st43}콘텐츠 현황판{/}	UI_20170726_002677	{@st43}Donjons Instanciés{/}	{@st43}인스턴스 던전{/}	
UI_20200320_004183	{@st66b}Raid de Boss Hebdomadaire	{@st66b}주간 보스 레이드				
UI_20200320_004184	Type Épéiste	소드맨 계열				
UI_20200320_004185	Type Mage	위자드 계열				
UI_20200320_004186	Type Éclaireur	스카우트 계열				
UI_20200320_004187	{@st66b}{s16}Classement	{@st66b}{s16}순위				
UI_20200320_004188	{@st66b}{s16}Équipe	{@st66b}{s16}팀명				
UI_20200320_004189	{@st66b}{s16}Dégâts max. en 1 essai	{@st66b}{s16}1회 최고 대미지				
UI_20200320_004190	Affiche les Informations du Schéma Hebdomadaire	주간 패턴 정보를 표시합니다.				
UI_20200320_004191	Informations de Combat	전투 정보				
UI_20200320_004192	{@st66b}{s16}Récompense de Rang par Type	{@st66b}{s16}계열 순위 보상				
UI_20200320_004193	{@st66b}{s16} Récompense de Dégâts Totaux	{@st66b}{s16}누적 대미지 보상				
UI_20200320_004194	{s16}{ol}{#FFFFFF}Entrer (%s/%s)	{s16}{ol}{#FFFFFF}입장하기(%s/%s)				
UI_20200320_004195	{s16}{ol}{#FFFFFF}Mode Entraînement	{s16}{ol}{#FFFFFF}연습모드				
UI_20200320_004196	Taux d'Accomplissement 	달성률	UI_20171128_002946	Taux d'Accomplissement	인던 달성률	
UI_20200320_004197	{img monsterbtn_image 29 28}{@st66b}{s14}  Album de Cartes{/}	{img monsterbtn_image 29 28}{@st66b}{s16}  카드첩{/}	UI_20170912_002879	{img monsterbtn_image 29 28}{@st66b}{s16}Cartes de Monstre{/}	{img monsterbtn_image 29 28}{@st66b}{s16}몬스터 카드{/}	
UI_20200320_004198	{@st59}Ouvrir l'Album de Cartes{/}	{@st59}카드첩을 엽니다{/}				
UI_20200320_004199	Loupe Parfaite de Sandra	산드라의 완벽한 돋보기				
UI_20200320_004200	{@st66}{s18}Consomme %s Loupe parfaite de Sandra.	{@st66}{s18}산드라의 완벽한 돋보기 %s개가 소비됩니다.				
UI_20200320_004201	Loupe Ultime de Sandra	산드라의 궁극의 돋보기				
UI_20200320_004202	{@st66}{s18}Consomme %s Loupe ultime de Sandra.	{@st66}{s18}산드라의 궁극의 돋보기 %s개가 소비됩니다.				
UI_20200320_004203	{@st59}Afficher l'Option d'Application de l'Album de Cartes{/}	{@st59}카드첩 적용 옵션을 봅니다{/}				
UI_20200320_004204	{@st43}Équiper les Cartes de l'Album{/}	{@st43}카드첩 카드 장착{/}	UI_20170912_002885	{@st43}Équiper les Cartes de Monstre{/}	{@st43}몬스터 카드 장착{/}	
UI_20200320_004205	{@st59}Fermer{/}	{@st59}카드첩 카드 장착 UI를 닫습니다{/}				
UI_20200320_004206	{@st43}Liste des Récompenses{/}	{@st43}보상 리스트{/}				
UI_20200320_004207	{s16}{ol}{#FFFFFF}Recevoir la Récompense	{s16}{ol}{#FFFFFF}보상 받기				
UI_20200320_004208	{s16}{ol}{#FFFFFF}Vérifier	{s16}{ol}{#FFFFFF}확인				
UI_20200320_004209	{@st59}Tableau d'État des Contenus (F10){/}	{@st59}콘텐츠 현황판(F10){/}	UI_20170726_002699	{@st59}Infos Donjon (F10){/}	{@st59}던전 정보(F10){/}	
UI_20200320_004210	{@st66b}Utiliser la Lumière du Jour	{@st66b}데이라이트 적용				
UI_20200320_004211	{@st66b}Voir les émoticônes animées dans la discussion	{@st66b}채팅창 모션 이모티콘 켜기				
UI_20200320_004212	{@st43b}{s20}Informations du Schéma Hebdomadaire	{@st43b}{s20}주간 패턴 정보				
UI_20200320_004213	{@st59}Fermer{/}	{@st59}주간 패턴 정보 창을 닫습니다{/}				
UI_20200320_004214	{@st43}{s18}Rang %s	{@st43}{s18}%s위				
UI_20200320_004215	{@st43}{s18}Rang %s ~ Rang %s	{@st43}{s18}%s위 ~ %s위				
UI_20200320_004216	{@st43}{s22}Liste des Récompenses	{@st43}{s22}보상 목록				
UI_20200320_004217	{s16}{ol}{#FFFFFF}Tout Récupérer	{s16}{ol}{#FFFFFF}모두 받기				
UI_20200320_004218	Modifier la Propriété de l'Objet	아이템 프로퍼티 변경				
UI_20200320_004219	Propriété	프로퍼티				
UI_20200320_004220	Valeur Actuelle	현재 값				
UI_20200320_004221	Valeur Modifiée	변경 값				
UI_20200320_004222	{@st59}Fermer{/}	{@st59}아이템 프로퍼티 변경 UI를 닫습니다{/}				
UI_20200320_004223	{@st42}Modifier	{@st42}변 경				
UI_20200320_004224	{@st43}Triche : propriété d'objet{/}	{@st43}치트 : 아이템 프로퍼티{/}				
UI_20200320_004225	{@st41b}Transcender{/}	{@st41b}초월{/}				
UI_20200320_004226	{@st41b}Améliorer{/}	{@st41b}강화{/}				
UI_20200320_004227	{@st41b}Niveau{/}	{@st41b}레벨{/}				
UI_20200320_004228	{@st41b}Emplacement	{@st41b}슬롯				
UI_20200320_004229	{@st41b}Rouge	{@st41b}레드				
UI_20200320_004230	{@st41b}Bleu	{@st41b}블루				
UI_20200320_004231	{@st41b}Jaune	{@st41b}옐로				
UI_20200320_004232	{@st41b}Vert	{@st41b}그린				
UI_20200320_004233	{@st43}Triche : option aléatoire{/}	{@st43}치트 : 랜덤 옵션{/}				
UI_20200320_004234	Option 1	1번 옵션				
UI_20200320_004235	Option 2	2번 옵션				
UI_20200320_004236	Option 3	3번 옵션				
UI_20200320_004237	Option 4	4번 옵션				
UI_20200320_004238	Option 5	5번 옵션				
UI_20200320_004239	Option 6	6번 옵션				
UI_20200320_004240	Changement groupé vers Option 1	1번 옵션으로 일괄 변경합니다				
UI_20200320_004241	{@st43}Triche : ichor fixe{/}	{@st43}치트 : 고정 아이커{/}				
UI_20200320_004242	Sélectionner l'Ensemble	세트 선택				
UI_20200320_004243	Sélectionner l'Objet	아이템 선택				
UI_20200320_004244	Option Sélectionnée	선택 옵션				
UI_20200320_004245	Option Existante	기존 옵션				
UI_20200320_004246	Ne peut pas être enchanté	인챈트 불가				
UI_20200320_004247	Rang par Type	계열 등수				
UI_20200320_004248	{@st43}{s14}{ol}{ds}Rang %s (Top %s%)	{@st43}{s14}{ol}{ds}%s위 (상위 %s%)				
UI_20200320_004249	Meilleur Score d'Essai	도전 1회 최고 점수				
UI_20200320_004250	Dégâts Accumulés	누적 대미지				
UI_20200320_004251	{@st43}{s18}{ol}{ds}Rang %s	{@st43}{s18}{ol}{ds}%s위				
UI_20200320_004252	{@st66b}{s16}Mur de Feu	{@st66b}{s16}불장벽				
UI_20200429_004253	{@st42b}{ol}{s20}Tourner la roulette (%s/%s)	{@st42b}{ol}{s20}룰렛 돌리기 (%s/%s)				
UI_20200429_004254	Nécessite 10 pièces de la roulette de la Déesse.	10개의 코인이 소모됩니다.				
UI_20200429_004255	Consulter la Liste des Récompenses	획득 가능한 아이템 확인하기				
UI_20200429_004256	{@st43b}{s22}Objets Disponibles à la Roulette de la Déesse	{@st43b}{s22}여신의 룰렛 획득 가능 아이템				
UI_20200429_004257	{@st66b}{s16}* Les objets disponibles changeront à mesure que le nombre de tours accumulés augmente.	{@st66b}{s16}* 누적 이용 횟수에 따라 획득 가능 아이템 등급이 바뀝니다.				
UI_20200514_004258	Appliquer le Filtre	필터 적용				
UI_20200514_004259	{@st59}Fermer l'Interface d'Assistant{/}	{@st59}어시스터 UI를 닫습니다{/}				
UI_20200514_004260	{@st43}{s22}Cabinet d'Assistants{/}	{@st43}{s22}어시스터 보관함{/}				
UI_20200514_004261	{@st59b}Infos sur les assistants{nl}{@st59s} - Vous pouvez consulter les assistants en votre possession dans l'onglet Infos sur les assistants.{nl} - Les assistants que vous voulez utiliser doivent être enregistrés dans l'emplacement principal, ce qui peut se faire en déplaçant les assistants depuis la liste en bas en maintenant et en faisant glisser avec le clic droit.{nl} - Tous les assistants possèdent un grade et un potentiel.{nl}[Grade]{nl} - Affiche le niveau de puissance de l'assistant.{nl} - Les grades sont divisés en Normal, Magique, Unique et Légendaire, ce qui affecte les performances de l'assistant au combat.{nl}[Grade d'évolution]{nl} - Tous les assistants peuvent être évolués deux fois maximum. Une évolution augmente le nombre de Skills disponibles et les statistiques de l'assistant.{nl} - Tous les assistants commencent avec un grade d'évolution 1 étoile et peuvent évoluer jusqu'à 3 étoiles maximum.{/}{nl}{@st59b}Fusion{nl}{@st59s} - Vous pouvez fusionner 3 assistants de grade identique pour obtenir un assistant aléatoire du même grade.{nl} - Il y a aussi 5 % de chance d'obtenir un assistant de grade supérieur en fusionnant les assistants.{/}{nl}{@st59b}Évolution{nl}{@st59s} - Vous pouvez utiliser 3 assistants identiques pour faire évoluer votre assistant.{nl} - L'évolution ne fonctionne qu'en utilisant 3 assistants identiques du même grade d'évolution et donnera 1 assistant identique avec un grade d'évolution +1.{nl} - Le niveau de l'assistant résultant sera identique à celui de l'assistant ayant le niveau le plus élevé.{/}	{@st59b}어시스터 정보{nl}{@st59s} - 보유 중인 어시스터를 어시스터 정보 탭을 통해 확인할 수 있습니다.{nl} - 사용할 어시스터는 상단의 메인 슬롯에 등록을 해야 하며, 하단의 어시스터 목록에서 우 클릭하여 옮길수 있습니다.{nl} - 어시스터는 진화 등급과 등급의 속성을 가지고 있습니다.{nl} [등급]{nl}   - 어시스터 고유의 성능 등급을 나타냅니다.{nl}   - 등급은 노말/매직/유니크/레전드로 구별되며, 등급에 따라 어시스터 성능에 차등이 있습니다.{nl} [진화 등급]{nl}   - 모든 어시스터는 두 번의 진화가 가능하며, 진화 시 사용 스킬 개수와 스탯이 증가합니다.{nl}   - 모든 어시스터는 최초 1성으로 시작하며, 3성까지 진화가 가능합니다.{/}{nl}{@st59b}합성{nl}{@st59s} - 동일한 등급의 어시스터 3개를 소모하여 동일한 등급의 랜덤한 어시스터를 획득할 수 있습니다.{nl} - 5% 확률로 1단계 높은 등급의 어시스터를 획득할 수 있습니다.{/}{nl}{@st59b}진화{nl}{@st59s} - 동일한 어시스터 3개를 소모하여 어시스터를 진화시킬 수 있습니다.{nl} - 진화는 동일한 진화 등급의 어시스터로만 가능하며, 진화 시 1단계 높은 진화 등급의 어시스터를 획득합니다.{nl} - 진화 시 3개의 어시스터 중 가장 높은 어시스터의 레벨로 등장합니다.{/}				
UI_20200514_004262	{@st59}Fermer le Cabinet d'Assistants{/}	{@st59}어시스터 보관함을 닫습니다{/}				
UI_20200514_004263	{@st66b}{s16}Infos sur les Assistants{/}	{@st66b}{s16}어시스터 정보{/}				
UI_20200514_004264	{@st42b}{s18}Passif	{@st42b}{s18}패시브 효과				
UI_20200514_004265	{@st42b}{s18}Coût : %s/%s	{@st42b}{s18}코스트: %s/%s				
UI_20200514_004266	{@st59}Organiser la liste des assistants.{/}	{@st59}어시스터 리스트를 정렬합니다.{/}				
UI_20200514_004267	{@st59}Album de Cartes d'Assistants{/}	{@st59}어시스터 카드첩{/}				
UI_20200514_004268	{@st42b}{s18}Assistant : %s/%s	{@st42b}{s18}보유 수: %s/%s				
UI_20200514_004269	{@st42}{#7AE4FF}Arts Actuels{/}{/}	{@st42}{#7AE4FF}보유중인 아츠{/}{/}				
UI_20200514_004270	{@st43b}{s20}Liste des Compagnons 	{@st43b}{s20}컴패니언 목록				
UI_20200514_004271	- Par connexion : organise selon l'ordre de connexion le plus récent.{nl}- Par récent : organise selon l'ordre d'ami ajouté ou modifié le plus récemment.{nl}- Par nom d'équipe : organise les noms d'équipe par ordre alphabétique.	- 접속순 : 가장 최근 접속한 순서로 정렬합니다.{nl}- 최신순 : 가장 최근에 추가, 수정한 친구 순서로 정렬합니다.{nl}- 팀명순 : 팀명을 가나다순으로 정렬합니다.				
UI_20200514_004272	{@st43b}{s22}Roulette de la Déesse	{@st43b}{s22}여신의 룰렛				
UI_20200514_004273	{@st42b}{s24}Vous avez obtenu le montant du jour.{nl}Le montant quotidien sera réinitialisé le lendemain à 6h00 EST	{@st42b}{s24}일일 획득량을 모두 획득하셨습니다.{nl}다음날 오전 06시에 초기화 됩니다.				
UI_20200514_004274	[Conversion de la contribution en kilométrage de guilde]{nl}- Ratio de conversion de 1 (contribution de guilde) : 1 (kilométrage{nl}de guilde).{nl} {nl}[Conversion du kilométrage de guilde en contribution]{nl}- Ratio de conversion de 10 (kilométrage de guilde) : 1{nl}(contribution de guilde){nl}- Cette fonction ne peut être utilisée que par le maître de guilde.{nl} {nl}[Répartition de la contribution aux membres]{nl}- Ratio de répartition de 1 (ma contribution) : 1 (contribution du{nl}membre){nl}- Cette fonction ne peut être utilisée que par le maître de guilde.	[내 기여도를 길드 마일리지로 전환]{nl}- 1(길드 기여도) : 1(길드 마일리지)의 비율로 기여도가 길드 마일리지로 전환됩니다.{nl} {nl}[길드 마일리지를 기여도로 전환]{nl}- 10(길드 마일리지) : 1(길드 기여도)의 비율로 길드 마일리지가 기여도로 전환됩니다.{nl}- 해당 기능은 길드 마스터만 이용이 가능합니다.{nl} {nl}[길드원에게 기여도 분배]{nl}- 1(내 기여도) : 1(길드원 기여도)의 비율로 기여도를 길드원에게 분배할 수 있습니다.{nl}- 해당 기능은 길드 마스터만 이용이 가능합니다.{nl} {nl}[길드 기여도 획득 방법 및 점수]{nl}- 길드 콜로니전 참여 : 200{nl}- 길드 퀘스트 참여 : 30{nl}- 길드 성장 : 탈트, 길드 퀘스트 보상 주화 등을 통해 성장에 기여한 수치에 따라 다름{nl}- 길드 자금 입금 : 5,000 실버당 기여도 1 획득{nl}- 길드 아지트 레이드 참여 : 길드 레벨과 공헌 등급에 따라 다르며 최대 120까지 획득 가능	UI_20191024_003972	[Conversion de la contribution en kilométrage de guilde]{nl}- Ratio de conversion de 1 (contribution de guilde) : 1 (kilométrage{nl}de guilde).{nl} {nl}[Conversion du kilométrage de guilde en contribution]{nl}- Ratio de conversion de 10 (kilométrage de guilde) : 1{nl}(contribution de guilde){nl}- Cette fonction ne peut être utilisée que par le maître de guilde.{nl} {nl}[Répartition de la contribution aux membres]{nl}- Ratio de répartition de 1 (ma contribution) : 1 (contribution du{nl}membre){nl}- Cette fonction ne peut être utilisée que par le maître de guilde.	[내 기여도를 길드 마일리지로 전환]{nl}- 1(길드 기여도) : 1(길드 마일리지)의 비율로 기여도가 길드 마일리지로 전환됩니다.{nl} {nl}[길드 마일리지를 기여도로 전환]{nl}- 10(길드 마일리지) : 1(길드 기여도)의 비율로 길드 마일리지가 기여도로 전환됩니다.{nl}- 해당 기능은 길드 마스터만 이용이 가능합니다.{nl} {nl}[길드원에게 기여도 분배]{nl}- 1(내 기여도) : 1(길드원 기여도)의 비율로 기여도를 길드원에게 분배할 수 있습니다.{nl}- 해당 기능은 길드 마스터만 이용이 가능합니다.	
UI_20200514_004275	{@st42b}Vide{/}	{@st42b}비우기{/}				
UI_20200514_004276	{@st42b}Boutique de Mobilier	{@st42b}가구 상점				
UI_20200514_004277	{@st42b}Changer de Page{/}	{@st42b}페이지 변경{/}				
UI_20200514_004278	Installer	설치				
UI_20200514_004279	{@st43b}{s26}Tableau de Logement Privé	{@st43b}{s26}개인 하우징 게시판				
UI_20200514_004280	Actualiser	새로고침				
UI_20200514_004281	Maison Recommandée	추천 하우스				
UI_20200514_004282	Maison d'Ami	친구의 하우스				
UI_20200514_004283	Maison de Membre de Guilde	길드원의 하우스				
UI_20200514_004284	Ma Maison	마이 하우스				
UI_20200514_004285	Rechercher par Nom d'Équipe 	팀명으로 검색해 보세요				
UI_20200514_004286	Titre du Message	게시글 제목				
UI_20200514_004287	Nom d'Équipe de l'Auteur	작성자 팀 이름				
UI_20200514_004288	{@st41b}{s16}Aller au Logement	{@st41b}{s16}하우징으로 이동				
UI_20200514_004289	Modifier le Message	게시글을 편집합니다				
UI_20200514_004290	Modifier	편집				
UI_20200514_004291	{@st43b}{s20}Infos Sociales	{@st43b}{s20}소셜 정보				
UI_20200514_004292	{@st42b}{s18}{ds}Visiteurs accumulés : %s	{@st42b}{s18}{ds}누적 방문자 : %s				
UI_20200514_004293	{@st42b}{s18}{ds}Visiteurs aujourd'hui : %s	{@st42b}{s18}{ds}금일 방문자 : %s				
UI_20200514_004294	{@st42b}{s18}{ds}J'aime : %s	{@st42b}{s18}{ds}좋아요 : %s				
UI_20200514_004295	{@st42b}{s18}{ds}Message : %s	{@st42b}{s18}{ds}한줄 메세지 : %s				
UI_20200514_004296	{@st43b}{s20}Option : ouvrir le logement privé au public	{@st43b}{s20}개인 하우징 공개 옵션				
UI_20200514_004297	{@st43b}{s20}Infos sur les Points	{@st43b}{s20}포인트 정보				
UI_20200514_004298	{@st42b}{s18}{ds}Logement privé : Grade %s 	{@st42b}{s18}{ds}개인 하우징 : %s단계				
UI_20200514_004299	{@st42b}{s18}{ds}Points de placement : %s	{@st42b}{s18}{ds}배치 포인트 : %s				
UI_20200514_004300	{@st42b}{s18}{ds}Points de logement privé : %s	{@st42b}{s18}{ds}개인 하우징 포인트 : %s				
UI_20200514_004301	{@st43b}{s26}Modifier le Message	{@st43b}{s26}게시글 편집				
UI_20200514_004302	{@st43b}{s22}Titre	{@st43b}{s22}제목				
UI_20200514_004303	Veuillez entrer un titre	제목을 입력하세요				
UI_20200514_004304	{@st43b}{s22}Aperçu de la Miniature{/}	{@st43b}{s22}썸네일 미리보기{/}				
UI_20200514_004305	ⓘ Les fichiers PNG (24 bits/32 bits) de taille %s peuvent être téléversés.{nl}ⓘ Seuls les fichiers en anglais ou en chiffres peuvent être téléversés. {nl}ⓘ Les images controversées peuvent être restreintes.{nl}ⓘ Téléversez des miniatures en téléversant des fichiers ou un film.	ⓘ %s 크기의 PNG(24bit/32bit)파일만 등록 가능합니다.{nl}ⓘ 파일 이름이 영문과 숫자로 이루어진 파일만 등록 가능합니다.{nl}ⓘ 문제 있는 이미지 사용 시 제재가 있을 수 있습니다.{nl}ⓘ 썸네일은 직접 파일을 등록하거나 촬영하기를 통해 등록 가능합니다.				
UI_20200514_004306	{@st41b}{s16}{ol}Film	{@st41b}{s16}{ol}촬영하기				
UI_20200514_004307	{@st41b}{s16}{ol}Importer	{@st41b}{s16}{ol}불러오기				
UI_20200514_004308	{@st43b}{s22}Message	{@st43b}{s22}한줄 메세지				
UI_20200514_004309	Veuillez entrer un contenu	내용을 입력하세요				
UI_20200514_004310	ⓘ Le tableau de logement privé ne peut être modifié ou publié qu'un maximum de 5 fois par jour.  (Réinitialisation : 00h00 EST)	ⓘ 개인 하우징 게시판은 1일 최대 5회 수정 및 등록할 수 있습니다. (초기화 : 00시)				
UI_20200514_004311	{@st41b}{s16}{ol}Écrire	{@st41b}{s16}{ol}작성하기				
UI_20200514_004312	{@st66b}Classement des Contenus	{@st66b}콘텐츠 랭킹				
UI_20200514_004313	{@st66b}{s16}Temps de Complétion	{@st66b}{s16}클리어 시간				
UI_20200514_004314	{@st66b}{s16}Nom de la Guilde	{@st66b}{s16}길드 명				
UI_20200514_004315	{@st66b}{s16}Nom du Membre du Groupe	{@st66b}{s16}파티원 명				
UI_20200514_004316	Emplacement	슬롯				
UI_20200514_004317	{@st66}{s18}%s %s sera utilisé.	{@st66}{s18}%s %s개가 소비됩니다.				
UI_20200514_004318	Fabriquer une Arche	아크 제작				
UI_20200514_004319	Fabriquer un Ingrédient Spécial	특수 재료 제작				
UI_20200514_004320	Placez l'objet à convertir	전환할 아이템을 올려주세요				
UI_20200514_004321	{@st43}Convertir les Ingrédients Légendaires	{@st43}레전드 재료 전환				
UI_20200514_004322	Convertir	전환				
UI_20200514_004323	{@st59b}Entrer une image{nl}{@st59s}- Parcourez pour trouver une image et enregistrez-la{nl}- Actualisez pour mettre à jour la liste, puis sélectionnez l'image{nl}-10 images maximum peuvent être affichées.	{@st59b}이미지 등록{nl}{@st59s}-폴더 열기 버튼을 통해 폴더에 이미지를 등록{nl}-새로고침을 통해 리스트를 갱신, 선택 후 확인{nl}-최대 10개의 이미지만 표시됩니다.	UI_20170912_002801	{@st59b}Entrer une image{nl}{@st59s}- Parcourez pour trouver une image et enregistrez-la{nl}- Actualisez pour mettre à jour la liste, puis sélectionnez l'image	{@st59b}이미지 등록{nl}{@st59s}-폴더 열기 버튼을 통해 폴더에 이미지를 등록{nl}-새로고침을 통해 리스트를 갱신, 선택 후 확인	
UI_20200514_004324	{@st66d_y}{s16}Roulette de la Déesse	{@st66d_y}{s16}여신의 룰렛				
UI_20200514_004325	{@st59b}Infos sur le compagnon{nl}{@st59s} - Vous pouvez activer votre compagnon ou le mettre en mode repos avec le bouton ci-dessous. {nl} - Les attributs et objets équipés de votre compagnon peuvent être personnalisés.{nl} - Les compagnons en caserne peuvent être invoqués et renvoyés via le bouton Liste des compagnons{nl} - Ne s'applique pas aux compagnons volants dans la liste des compagnons{nl} - En entrant dans la caserne après avoir invoqué des compagnons depuis une autre caserne, vous n'êtes plus accompagné du compagnon{nl} - Quand l'icône du compagnon est dans l'emplacement rapide, seule l'invocation du compagnon est possible (renvoi dans l'interface Infos sur le compagnon){nl} - Renvoyez les compagnons terrestres avec Maj+R (ne s'applique pas aux compagnons volants){/} 	{@st59b}컴패니언 정보{nl}{@st59s} - 휴면/활동 버튼으로 컴패니언 넣고 빼기 가능{nl} - 컴패니언의 특성, 아이템 장착으로 커스터마이즈 가능{nl} - 컴패니언 목록 버튼으로 숙소에있는 컴패니언 소환, 소환해제 가능{nl} - 컴패니언 목록 리스트에 공중형 컴패니언은 적용되지 않음{nl} - 게임 내에서 다른 번호 숙소에 있는 컴패니언을 소환했을 때, 숙소에 입장하면 컴패니언과 동행 상태가 아니게 됨{nl} - 컴패니언 아이콘이 퀵 슬롯에 등록된 상태에서는 컴패니언 소환만 가능 (소환 해제는 컴패니언 정보 UI에서 가능){nl} - Shift+R 단축키로 지상형 컴패니언을 소환 해제할 수 있음 (공중형 컴패니언은 제외){/}	UI_20150317_000477	{@st59b}Infos sur le compagnon{nl}{@st59s} - Vous pouvez activer votre compagnon ou le mettre en mode repos avec le{nl}bouton ci-dessous. {nl} - Les attributs et les objets équipés de votre compagnon peuvent être{nl}personnalisés. {/}	{@st59b}컴패니언 정보{nl}{@st59s} - 휴면/활동 버튼으로 컴패니언 넣고 빼기 가능{nl} - 컴패니언의 특성, 아이템 장착으로 커스터마이즈 가능{/}	
UI_20200514_004326	{@st59b}Liste des Compagnons{/}	{@st59b}컴패니언 목록{/}				
UI_20200514_004327	{@st41b}{s16}Annuler	{@st41b}{s16}취소				
UI_20200514_004328	{@st41b}{s16}Capture d'écran	{@st41b}{s16}캡처				
UI_20200514_004329	{@st43}Triche : enchanter ou éveiller{/}	{@st43}치트 : 인챈트 및 각성{/}				
UI_20200514_004330	Joyau d'Enchantement	인챈트 주얼				
UI_20200514_004331	Statistiques d'Ensemble	세트 옵션				
UI_20200514_004332	{@st42b}{s16}Supprimer{/}	{@st42b}{s16}제거{/}				
UI_20200514_004333	{@st42b}{s16}Raccourci{/}	{@st42b}{s16}바로가기{/}				
UI_20200514_004334	{img icon_item_silver 24 24} Coût de fabrication{/}%s	{img icon_item_silver 24 24} 제작 비용{/}%s				
UI_20200514_004335	Aucune liste à afficher.	표시할 목록이 없습니다.				
UI_20200514_004336	Nom de la Catégorie	카테고리 이름				
UI_20200514_004337	Nom d'Équipe Bla Bla	팀 이름 블라 블라				
UI_20200514_004338	{@st66b}{s16}Coût	{@st66b}{s16}코스트				
UI_20200514_004339	{@st66b}{s16}Passif Original{/}	{@st66b}{s16}고유 패시브{/}				
UI_20200514_004340	{@st43b}{s18}Effet Passif	{@st43b}{s18}패시브 효과				
UI_20200514_004341	{@st42b}{s14}{ds}◆Passif original	{@st42b}{s14}{ds}◆고유 패시브				
UI_20200514_004342	{@st42b}{s14}{ds}◆Passif de combinaison	{@st42b}{s14}{ds}◆조합 패시브				
UI_20200609_004343	{@st66d_y}{s16}Circuit de Timbres	{@st66d_y}{s16}스탬프 투어	UI_20200514_004324	{@st66d_y}{s16}Roulette de la Déesse	{@st66d_y}{s16}여신의 룰렛	
UI_20200710_004344	{@st43}Perruque de Poche (Homme)	{@st43}디자인 컷(남)				
UI_20200710_004345	{@st43}Perruque de Poche (Femme)	{@st43}디자인 컷(여)				
UI_20200710_004346	Le montant maximum de points pouvant être gagnés est réinitialisé chaque lundi à 06:00, heure serveur.{nl}Les points peuvent être gagnés comme suit :{nl} {nl}- Se connecter au jeu : 10 points (5 points supplémentaires pour les joueurs en guilde et les joueurs sous effet Token){nl} - Pêche réussie : 1 point par prise{nl} - Raid légendaire : 20 points{nl} (Sauf pour la Tour de terre, où 5 points sont gagnés tous les 5 niveaux){nl}- Mission de défense en montée : 10 points{nl}- Raid unique : 20 points{nl}- Donjon de niveau : 10 points{nl}- Quête quotidienne : 10 points{nl}- Ligue de combat d'équipe : 50 points (donnés à la fin quel que soit le résultat)	획득 가능한 포인트량은 매주 월요일 6시에 초기화됩니다.{nl}포인트는 아래의 방법으로 획득할 수 있습니다.{nl} {nl}- 접속: 10 포인트 (PC방 접속 중, 길드 가입 중, 토큰 적용 중일 시 각 5 포인트 추가 획득){nl}- 낚시 성공: 1회 당 1 포인트{nl}- 레전드 레이드: 20 포인트{nl}  (단, 대지의 탑은 5층 단위로 5점씩 지급됩니다.){nl}- 업힐 디펜스 미션: 10 포인트{nl}- 유니크 레이드: 20 포인트{nl}- 레벨 던전: 10 포인트{nl}- 일일 퀘스트: 10 포인트{nl}- 팀 배틀리그 : 50 포인트 (종료 후 승패에 관계없이 지급)	UI_20200129_004089	Le montant maximum de points pouvant être gagnés est réinitialisé chaque lundi à 06:00, heure serveur.{nl}Les points peuvent être gagnés comme suit :{nl} {nl}- Se connecter au jeu : 10 points (5 points supplémentaires pour les joueurs en guilde et les joueurs sous effet Token){nl} - Pêche réussie : 1 point par prise{nl} - Raid légendaire : 20 points{nl} (Sauf pour la Tour de terre, où 5 points sont gagnés tous les 5 niveaux){nl}- Mission de défense en montée : 10 points{nl}- Raid unique : 20 points{nl}- Donjon de niveau : 10 points{nl}- Quête quotidienne : 10 points	획득 가능한 포인트량은 매주 월요일 6시에 초기화됩니다.{nl}포인트는 아래의 방법으로 획득할 수 있습니다.{nl} {nl}- 접속: 10 포인트 (PC방 접속 중, 길드 가입 중, 토큰 적용 중일 시 각 5 포인트 추가 획득){nl}- 낚시 성공: 1회 당 1 포인트{nl}- 레전드 레이드: 20 포인트{nl}  (단, 대지의 탑은 5층 단위로 5점씩 지급됩니다.){nl}- 업힐 디펜스 미션: 10 포인트{nl}- 유니크 레이드: 20 포인트{nl}- 레벨 던전: 10 포인트{nl}- 일일 퀘스트: 10 포인트	
UI_20200710_004347	{@st66b18}Nom disponible.{nl}※Les TP et objets utilisés ne sont pas remboursés.{/}	{@st66b18}사용 가능한 이름입니다.{nl}※이름 변경에 사용된 TP 또는 아이템은 환불되지 않습니다.{/}				
UI_20200710_004348	{@st66b18}Nom disponible.{nl}※L'objet est consommé lors du changement de nom.{/}	{@st66b18}사용 가능한 이름입니다.{nl}※이름을 변경하면 아이템이 소모됩니다.{/}				
UI_20200710_004349	Titre	타이틀				
UI_20200710_004350	{@st41b}{s16}Coût pour 1 Fois	{@st41b}{s16}1회 비용				
UI_20200710_004351	{@st43}{s20}1 fois	{@st43}{s20}1회				
UI_20200710_004352	{@st41b}{s16}Veuillez entrer le nombre d'essais	{@st41b}{s16}시도할 횟수를 입력해 주세요				
UI_20200710_004353	{@st43}{s20}Continuer	{@st43}{s20}연속				
UI_20200710_004354	{@st43}{s20}Arrêter	{@st43}{s20}중단				
UI_20200710_004355	%s actuel :{@st66d_y}%s{/}	보유 %s:{@st66d_y}%s{/}				
UI_20200710_004356	{@st41b}{s16}Veuillez entrer le nombre d'offrandes	{@st41b}{s16}봉헌할 횟수를 입력해 주세요				
UI_20200710_004357	{@st43}{s24}Offrande Continue	{@st43}{s24}연속 봉헌				
UI_20200710_004358	{@st43}{s24}Arrêter	{@st43}{s24}중단				
UI_20200710_004359	{@st42b}Tableau de Logement Personnel{/}	{@st42b}개인 하우징 게시판{/}				
UI_20200710_004360	{@st41b}Aperçu de l'Objet{/}	{@st41b}미리보기 아이템{/}				
UI_20200710_004361	Boutique de Logement	하우징 샵				
UI_20200710_004362	{@st66b}{s20}Acheter	{@st66b}{s20}구매				
UI_20200710_004363	{@st66}-Mobilier	{@st66}-가구				
UI_20200710_004364	{@st66}-Aperçu	{@st66}-미리보기				
UI_20200710_004365	{@st66}-Réductions par Bon	{@st66}-상품권 할인				
UI_20200710_004366	{@st66}Aucun bon disponible.{/}	{@st66}사용 가능한 상품권이 없습니다.{/}				
UI_20200710_004367	{@st66b}{s20}Vente	{@st66b}{s20}판매				
UI_20200710_004368	Lors de la validation, les meubles en aperçu seront disposés.	정산 시, 미리보기 가구들이 배치됩니다.				
UI_20200710_004369	{@st66}État de la Disposition	{@st66}배치 여부				
UI_20200710_004370	{@st42}  Automatique  {/}	{@st42}  자동  {/}				
UI_20200710_004371	{@st66d}Annuler{/}	{@st66d}취소{/}				
UI_20200710_004372	{@st66d}Valider{/}	{@st66d}정산{/}				
UI_20200710_004373	Équiper l'Ichor	아이커 일괄 장착				
UI_20200710_004374	Déséquiper l'Ichor (Fixe)	아이커 일괄 장착 해제(고정옵션)				
UI_20200710_004375	Déséquiper l'Ichor (Aléatoire)	아이커 일괄 장착 해제(랜덤옵션)				
UI_20200710_004376	{@st66b}Bataille de Blocus	{@st66b}봉쇄전				
UI_20200710_004377	{@st66b}{s16}Nom de la Guilde	{@st66b}{s16}길드명				
UI_20200710_004378	{@st66b}{s16}Heure	{@st66b}{s16}시간				
UI_20200710_004379	Informations sur le Boss	보스 정보				
UI_20200710_004380	Infos sur la Bataille de Blocus 	봉쇄전 정보				
UI_20200710_004381	{nl}{s18}À propos de la bataille de blocus{/}{nl} {nl}[Autorisation de participer]{nl}Seules les guildes ayant assiégé un territoire en GTW peuvent participer à la bataille.{nl}*Quête de guilde : participe automatiquement en progressant avec l'Être ancien{nl} {nl}[Classement de la bataille dans l'antre de Sulivinas]{nl} Les classements de la bataille dans l'antre de Sulivinas sont comptés jusqu'à la décimale, de sorte que la guilde la plus rapide à terminer le contenu{nl}soit classée en premier. {nl} {nl}[Recevoir les récompenses de la bataille dans l'antre de Sulivinas]{nl} Les récompenses de la bataille dans l'antre de Sulivinas seront données après 19h00 le dimanche, et le maître de guilde autorisé{nl}peut	{nl}{s18}봉쇄전 도움말{/}{nl} {nl}[봉쇄전 참여 권한]{nl}봉쇄전은 길드 콜로니전 스팟 점령 길드만 참여가능합니다.{nl}*길드 퀘스트 : 고대의 존재를 진행할 경우 자동으로 참여{nl} {nl}[봉쇄전 순위 정산]{nl} 봉쇄전 순위는 소숫점까지 계산되어 가장 빨리 콘텐츠를{nl}클리어한 길드가 높은 순위에 랭크되는 방식으로 진행됩니다.{nl} {nl}[봉쇄전 보상 수령]{nl} 봉쇄전 보상 수령은 일요일 오후 7시 이후, 길드 마스터 권한이 있는{nl}플레이어가 				
UI_20200710_004382	les obtenir via l'onglet.	탭을 통해 획득할 수 있습니다.				
UI_20200710_004383	{s16}{ol}{#FFFFFF}Se déplacer	{s16}{ol}{#FFFFFF}이동				
UI_20200710_004384	Déplacement vers l'entrée.	입장 위치로 이동합니다.				
UI_20200710_004385	{s16}{ol}{#FFFFFF}Recevoir les récompenses	{s16}{ol}{#FFFFFF}보상 수령				
UI_20200710_004386	Utilisable uniquement par le maître de guilde.{nl}Les récompenses seront envoyées automatiquement au coffre de guilde.	길드 마스터만 이용 가능합니다.{nl}수령한 보상은 길드 보관함으로 지급됩니다.				
UI_20200710_004387	{@st47}{s18}Quantité d'équipement démantelé : %s/%s	{@st47}{s18}분해 장비 수: %s/%s				
UI_20200710_004388	* Les attributs communs seront aussi{nl}réinitialisés,{nl}un total de {#FF0000}%s{/} points d'attribut sera rendu.{nl}Points d'attribut après remboursement :{nl}{#FF0000}%s{/}+{#FF0000}%s{/}	* 변경 시 공용 특성도 초기화 되며,{nl}총 {#FF0000}%s{/}의 특성 포인트가 환급됩니다.{nl}환급 후 특성 포인트: {#FF0000}%s{/}+{#FF0000}%s{/}				
UI_20200710_004389	{@st66b}{s18}Système{/}	{@st66b}{s18}시스템{/}				
UI_20200710_004390	{@st66b}{s18}Graphismes{/}	{@st66b}{s18}그래픽{/}				
UI_20200710_004391	{@st66b}Cibler à l'Avance les Objets Neutres à Proximité{/}	{@st66b}근처의 중립 오브젝트 우선 타겟{/}				
UI_20200710_004392	{@st43}Contrôle{/}	{@st43}조작{/}				
UI_20200710_004393	{@st43}Commun{/}	{@st43}공통{/}				
UI_20200710_004394	{@st43}Guerres de Territoire de Guilde{/}	{@st43}콜로니전{/}				
UI_20200710_004395	{@st66b}Taille des infos de PV des autres personnages en GTW{/}	{@st66b}콜로니전 다른 캐릭터 체력 정보 크기{/}				
UI_20200710_004396	{@st66b}Voir les buffs des personnages en GTW{/}	{@st66b}콜로니전 캐릭터 버프 보기{/}				
UI_20200710_004397	{@st66b}Voir Plus Grand{/}	{@st66b}크게 보기{/}				
UI_20200710_004398	{@st66b}Voir Plus Petit{/}	{@st66b}작게 보기{/}				
UI_20200710_004399	{@st66b}Activer l'Alerte de Bataille GTW{/}	{@st66b}콜로니전 전투 알람 켜기{/}				
UI_20200710_004400	{@st66b}Voir le Nom de Guilde en GTW{/}	{@st66b}콜로니전 길드명 보기{/}				
UI_20200710_004401	{@st66b}Voir le Nom d'Équipe en GTW{/}	{@st66b}콜로니전 팀명 보기{/}				
UI_20200710_004402	{@st66b}Voir l'Emblème de la Guilde Ennemie en GTW{/}	{@st66b}콜로니전 적대 길드 엠블럼 일괄 보기{/}				
UI_20200710_004403	{@st66b}Voir Mon Personnage{/}	{@st66b}내 캐릭터 보기{/}				
UI_20200710_004404	{@st66b}Voir les Personnages du Groupe{/}	{@st66b}파티 캐릭터 보기{/}				
UI_20200710_004405	{@st66b}Voir les Personnages des Membres de la Guilde{/}	{@st66b}길드원 캐릭터 보기{/}				
UI_20200710_004406	{@st66b}Voir les Personnages Ennemis{/}	{@st66b}적대 캐릭터 보기{/}				
UI_20200710_004407	{@st66b}Voir la portée des Skills du boss	{@st66b}보스 스킬 범위 보기				
UI_20200710_004408	{s18}Veuillez entrer la phrase suivante {nl}[%s]	{s18}다음 문구를 입력해 주세요{nl}[%s]				
UI_20200710_004409	{@st66b18}Nom disponible. {nl}※Les TP utilisés ne sont pas remboursés{/}	{@st66b18}사용 가능한 이름입니다. {nl}※구매에 사용된 TP는 환불되지 않습니다.{/}				
UI_20200710_004410	{@st59}Aperçu	{@st59}미리보기				
UI_20200710_004411	{@st43}{s15}{ol}{ds}Rang %s	{@st43}{s15}{ol}{ds}%s위				
UI_20200710_004412	Aucun Historique	기록 없음				
UI_20200710_004413	{@st43b}{s16}Statistiques Actuelles	{@st43b}{s16}적용 옵션				
UI_20200710_004414	{@st43b}{s16}Statistiques d'Équipement	{@st43b}{s16}장착 옵션				
UI_20200710_004415	{@st43b}{s16}Statistiques d'Ichor	{@st43b}{s16}아이커 옵션				
UI_20200710_004416	Peut équiper/déséquiper l'ichor	아이커 일괄 장착/해제 가능				
UI_20200727_004417	{@st66b18}Nom utilisable.{nl}Voulez-vous créer ?{/}	{@st66b18}사용 가능한 이름입니다.{nl}생성하시겠습니까?{/}				
UI_20200727_004418	Coût d'emplacement supplémentaire %s : {@st66d_y}%s{/} {nl}Coût d'extraction de gemme %s : {@st66d_y}%s{/}	소켓 추가 비용 %s : {@st66d_y}%s{/} {nl}젬 추출 비용 %s : {@st66d_y}%s{/}	UI_20190104_003717	Coût d'emplacement supplémentaire %s : {#000000}%s{/} {nl}Coût d'extraction de gemme %s : {#000000}%s{/}	소켓 추가 비용 %s : {#000000}%s{/} {nl}젬 추출 비용 %s : {#000000}%s{/}	
UI_20200805_004419	{@st66b}{s20} %s{nl} peut être utilisé pour recevoir{nl}diverses récompenses.	{@st66b}{s20} %s를{nl}사용해 다양한 보상을 획득하세요.				
UI_20200805_004420	{@st66b}{s20}Grade Obtenable Actuel	{@st66b}{s20}현재 획득 가능 등급				
UI_20200805_004421	{@st41}Ouvrir %s	{@st41}%s 개봉				
UI_20200805_004422	{@st66b}{s16}Nombre total ouvert : %s%s	{@st66b}{s16}누적 개봉 횟 수 : %s%s				
UI_20200805_004423	{@st66b}{s16}Restant %s x%s	{@st66b}{s16}남은 %s %s개				
UI_20200805_004424	{@st42b}{s20}Objet Obtenable	{@st42b}{s20}획득 가능 아이템				
UI_20200805_004425	{@st66b}Récompense Obtenable{/}	{@st66b}획득 가능 보상{/}				
UI_20200805_004426	{@st66b}Récompense du Nombre Total d'Ouvertures	{@st66b}누적 개봉 보상				
UI_20200805_004427	{@st66b}{s16}* La récompense du nombre total d'ouvertures est donnée automatiquement.	{@st66b}{s16}* 누적 개봉 보상은 자동 지급됩니다.				
UI_20200805_004428	{@st66b}{s18}TOSventure	{@st66b}{s18}트캉스				
UI_20200805_004429	Événement TOSventure	트캉스 이벤트				
UI_20200805_004430	{@st41b}Supprimer l'Équipe{/}	{@st41b}팀 삭제{/}				
UI_20200805_004431	{@st59}Demander la suppression de l'équipe.{/}	{@st59}팀 삭제를 요청합니다.{/}				
UI_20200805_004432	Veuillez entrer la phrase suivante	다음 문구를 입력해 주세요				
UI_20200826_004433	{@st66b}Recevoir les Récompenses{/}	{@st66b}보상 받기{/}				
UI_20200826_004434	{@st59}L'assistant sélectionné sera verrouillé{/}	{@st59}선택한 어시스터가 잠금 상태가 됩니다.{/}				
UI_20200826_004435	Démanteler l'Arche 	아크 분해				
UI_20200826_004436	{@st43b}{s18}Placez l'objet à démanteler	{@st43b}{s18}분해할 아이템을 올려주세요				
UI_20200826_004437	{@st43b}{s18}Démantèlement terminé	{@st43b}{s18}분해가 완료되었습니다				
UI_20200826_004438	{@st41b}{s18}Combiner	{@st41b}{s18}합성				
UI_20200826_004439	Le montant maximum de points pouvant être gagnés est réinitialisé chaque lundi à 6h00, heure serveur.{nl}Les points peuvent être gagnés comme suit :{nl} {nl}- Connexion : 10 points (5 points supplémentaires pour les joueurs en guilde et les joueurs sous effet Token){nl}- Pêche réussie : 1 point gagné par prise.{nl}- Raid légendaire : 35 points{nl}* Nid de Velcoffer : 100 points{nl}* Tour de terre : 25 points tous les 5 niveaux){nl}- Mission de défense en montée : 10 points{nl}- Raid unique : 20 points{nl}- Donjon de niveau : 10 points{nl}(Les points peuvent être omis en sortant juste après avoir terminé le donjon de niveau.){nl} -  Quête quotidienne : 10 points{nl}- Ligue de combat d'équipe : 50 points (donnés quel que soit le résultat)	획득 가능한 포인트량은 매주 월요일 6시에 초기화됩니다.{nl}포인트는 아래의 방법으로 획득할 수 있습니다.{nl} {nl}- 접속 : 10 포인트 (PC방 접속 중, 길드 가입 중, 토큰 적용 중일 시 각 5 포인트 추가 획득){nl}- 낚시 성공 : 1회 당 1 포인트{nl}- 레전드 레이드 : 35 포인트{nl}*벨코퍼의 둥지 : 100 포인트{nl}*대지의 탑 : 5층 단위로 25 포인트{nl}- 업힐 디펜스 미션 : 10 포인트{nl}- 유니크 레이드 : 20 포인트{nl}- 레벨 던전 : 10 포인트{nl}(레벨 던전을 클리어하여 빠르게 퇴장했을 경우, 포인트 지급이 누락될 수 있습니다.){nl}- 일일 퀘스트 : 10 포인트{nl}- 팀 배틀리그 : 50 포인트 (종료 후 승패에 관계없이 지급)	UI_20200710_004346	Le montant maximum de points pouvant être gagnés est réinitialisé chaque lundi à 06:00, heure serveur.{nl}Les points peuvent être gagnés comme suit :{nl} {nl}- Se connecter au jeu : 10 points (5 points supplémentaires pour les joueurs en guilde et les joueurs sous effet Token){nl} - Pêche réussie : 1 point par prise{nl} - Raid légendaire : 20 points{nl} (Sauf pour la Tour de terre, où 5 points sont gagnés tous les 5 niveaux){nl}- Mission de défense en montée : 10 points{nl}- Raid unique : 20 points{nl}- Donjon de niveau : 10 points{nl}- Quête quotidienne : 10 points{nl}- Ligue de combat d'équipe : 50 points (donnés à la fin quel que soit le résultat)	획득 가능한 포인트량은 매주 월요일 6시에 초기화됩니다.{nl}포인트는 아래의 방법으로 획득할 수 있습니다.{nl} {nl}- 접속: 10 포인트 (PC방 접속 중, 길드 가입 중, 토큰 적용 중일 시 각 5 포인트 추가 획득){nl}- 낚시 성공: 1회 당 1 포인트{nl}- 레전드 레이드: 20 포인트{nl}  (단, 대지의 탑은 5층 단위로 5점씩 지급됩니다.){nl}- 업힐 디펜스 미션: 10 포인트{nl}- 유니크 레이드: 20 포인트{nl}- 레벨 던전: 10 포인트{nl}- 일일 퀘스트: 10 포인트{nl}- 팀 배틀리그 : 50 포인트 (종료 후 승패에 관계없이 지급)	
UI_20200826_004440	Combiner Vaivora	바이보라 합성				
UI_20200826_004441	{@st66b}{s16}- Combinez 3 armes Vaivora pour obtenir une arme Vaivora aléatoire.{nl}- Un équipement Vaivora transmuté ne peut pas être combiné.	{@st66b}{s16}- 3개의 바이보라 무기를 합성하여 무작위 바이보라 무기를 획득합니다. {nl} - 연성된 바이보라 장비는 합성이 불가능 합니다.				
UI_20200826_004442	{@st41b}{s20} Utiliser un Token de Multiplication	{@st41b}{s20}배수 토큰 사용				
UI_20200826_004443	{@st43}Boutique	{@st43}상점				
UI_20200826_004444	{img icon_item_pvpmine_2 30 30}{@st41b}Objet acheté{/} %s	{img icon_item_pvpmine_2 30 30}{@st41b}구입 아이템{/} %s	UI_20190104_003652	{@st41b}Objets achetés{/} %s	{@st41b}구입 아이템{/} %s	
UI_20200826_004445	{img icon_item_pvpmine_2 30 30}{@st41b}Solde Estimé ->{/}	{img icon_item_pvpmine_2 30 30}{@st41b}예상 잔액 ▶{/}	UI_20150317_000633	{@st41b}Solde{/}	{@st41b}예상 잔액 ▶{/}	
UI_20200826_004446	{#001100}{s18}Vous pouvez demander à rejoindre.	{#001100}{s18}가입을 신청할 수 있습니다.				
UI_20200826_004447	Disponible %s fois	%s회 가능				
UI_20200826_004448	Nombre d'entrées	입장 시간				
UI_20200826_004449	%sBatailles %sVictoires %sDéfaites	%s전 %s승 %s패				
UI_20200826_004450	{@st43b}{s18}Option Transférée	{@st43b}{s18}이전되는 옵션	UI_20200129_004122	{@st43b}{s18}Transférer les Statistiques	{@st43b}{s18}이전 옵션	
UI_20200826_004451	{@st43b}{s18}Option Supprimée	{@st43b}{s18}삭제되는 옵션				
UI_20200826_004452	{@st66b}Carte du Monde{/}	{@st66b}월드맵{/}				
UI_20200826_004453	{@st59}Ouvrir la carte du monde.{/}	{@st59}월드맵을 엽니다.{/}				
UI_20200826_004454	{@st41b}{%s}Potentiel %s	{@st41b}{%s}포텐셜 %s				
UI_20200826_004455	{@st66b}Ressusciter au point de départ{/}	{@st66b}시작 지점에서 부활하기{/}				
UI_20200826_004456	{@st66b}Les 3 meilleurs joueurs de chaque arbre de classe reçoivent un{nl}{#003997}« Brûleur d'encens dimensionnel »{/} pour le classement de la semaine précédente.{nl}Les joueurs ayant participé pendant la semaine reçoivent un ensemble de{nl}{#003997}« Pièces Vestiges de Bernice »{/} selon leur score.{nl} {nl}{s13}La semaine commence chaque lundi à 06:00 (heure serveur).{nl} {nl}{s13}{#8e0000}Les joueurs dans le top 3 de plusieurs arbres de classe ne reçoivent que les récompenses correspondant à leur meilleur score.{nl} {nl}Si cela se produit, le joueur suivant dans l'arbre de classe correspondant montera dans le top 3 et recevra les récompenses.{nl} {nl}Terminer l'étage précédent et vaincre 0 monstre à l'étage suivant sera basé sur le même score. Dans ce cas, les comptes entrés dans le classement le plus rapidement sont considérés comme prioritaires.	{@st66b}직업군별 랭킹 TOP 3 구원자분들에게는{nl}{#003997} "차원의 향로"{/}아이템을 전 시즌 랭킹 보상으로 지급하며 시즌에 참여한 구원자 분들께는 자신의 기록에 비례한 수량의{nl}{#003997} "베르니케 파편 주화"{/}{nl}을 보상으로 지급합니다.{nl} {nl}{s13}시즌은 매주 월요일 06시에 초기화 됩니다{nl} {nl}{s13}{#8e0000}각 직업군 TOP3 순위에 오른 구원자분이 다른 직업군 TOP3 순위에도 오른 경우 가장 높은 순위의 보상 1회만 받게 됩니다.{nl} {nl}위와 같은 상황에서 제외된 구원자분을 대신하여 해당 직업군의 다음 순위의 구원자분이 랭킹 보상을 지급받게 됩니다.{nl} {nl}이전 층 클리어와 다음 층 0마리 처치는 같은 스코어로 기준됩니다. 이 경우 더 빠르게 랭킹에 진입한 계정이 우선순위로 집계됩니다.	UI_20190419_003847	{@st66b}Les 3 meilleurs joueurs de chaque arbre de classe reçoivent un{nl}{#003997}« Brûleur d'encens dimensionnel »{/} pour le classement de la semaine précédente.{nl}Les joueurs ayant participé pendant la semaine reçoivent un ensemble de{nl}{#003997}« Pièces Vestiges de Bernice »{/} selon leur score.{nl} {nl}{s13}La semaine commence chaque lundi à 06:00 (heure serveur).{nl} {nl}{s13}{#8e0000}Les joueurs dans le top 3 de plusieurs arbres de classe ne reçoivent que les récompenses correspondant à leur meilleur score.{nl} {nl}Si cela se produit, le joueur suivant dans l'arbre de classe correspondant montera dans le top 3 et recevra les récompenses.	{@st66b}직업군별 랭킹 TOP 3 구원자분들에게는{nl}{#003997} "차원의 향로"{/}아이템을 전 시즌 랭킹 보상으로 지급하며 시즌에 참여한 구원자 분들께는 자신의 기록에 비례한 수량의{nl}{#003997} "베르니케 파편 주화"{/}{nl}을 보상으로 지급합니다.{nl} {nl}{s13}시즌은 매주 월요일 06시에 초기화 됩니다{nl} {nl}{s13}{#8e0000}각 직업군 TOP3 순위에 오른 구원자분이 다른 직업군 TOP3 순위에도 오른 경우 가장 높은 순위의 보상 1회만 받게 됩니다.{nl} {nl}위와 같은 상황에서 제외된 구원자분을 대신하여 해당 직업군의 다음 순위의 구원자분이 랭킹 보상을 지급받게 됩니다.	
UI_20200826_004457	{@st66b}Valeur décimale du temps de recharge (%s){/}	{@st66b}재사용 대기시간 소수점 (%s){/}				
UI_20200826_004458	{@st66b} Voir la portée du cercle magique du boss	{@st66b}보스 마법진 범위 보기	UI_20200710_004407	{@st66b}Voir la portée des Skills du boss	{@st66b}보스 스킬 범위 보기	
UI_20200826_004459	{@st43}Échange de Sceau 	{@st43}인장 교환				
UI_20200826_004460	{@st66d_y}{b}Sceau d'Échange	{@st66d_y}{b}교환 인장				
UI_20200826_004461	Nom de l'objet sceau d'échange	교환 인장 아이템의 이름				
UI_20200826_004462	{@st42}Matériau	{@st42}재료				
UI_20200826_004463	{@st42}Échanger	{@st42}교환				
UI_20200826_004464	Démanteler l'Équipement de la Déesse/du Dieu Démon	여신/마신 장비 분해				
UI_20200826_004465	{@st66b}{s16}- Obtenez 1 Arquenium en démantelant l'équipement de la Déesse/du dieu démon.	{@st66b}{s16}- 여신/마신 장비 분해 시 아케늄 1개를 획득합니다.				
UI_20200826_004466	Transmuteur Vaivora	바이보라 연성제				
UI_20200826_004467	Transmutation Vaivora	바이보라 연성				
UI_20200826_004468	Sélectionnez l'objet à transmuter	연성할 아이템을 올려주세요				
UI_20200826_004469	{@st41b}{s18}Transmutation	{@st41b}{s18}연성				
UI_20200826_004470	{@st100cream_24}Territoire de Guilde	{@st100cream_24}콜로니				
UI_20200826_004471	{@st101lightbrown_16}Ligue des Champions	{@st101lightbrown_16}챔피언스 리그				
UI_20200826_004472	{@st101lightbrown_16}Ligue des Challengers	{@st101lightbrown_16}챌린저스 리그				
UI_20200826_004473	Fermer la fenêtre de territoire de guilde.	콜로니 정보창을 닫습니다.				
UI_20200826_004474	Vérifiez l'emplacement du territoire de guilde dans cette zone.	해당 콜로니 지역의 위치를 확인합니다.				
UI_20200826_004475	{img worldmap2_spot_btn 28 28} {@st101lightbrown_16}Voir l'Emplacement sur la Carte	{img worldmap2_spot_btn 28 28} {@st101lightbrown_16}맵 위치 보기				
UI_20200826_004476	Vérifiez les infos du territoire de guilde.	콜로니 정보를 확인합니다.				
UI_20200826_004477	{@st101lightbrown_16}Territoire de Guilde	{@st101lightbrown_16}콜로니				
UI_20200826_004478	Consultez l'aide.	도움말을 확인합니다.				
UI_20200826_004479	{@st101lightbrown_16}Aide	{@st101lightbrown_16}도움말				
UI_20200826_004480	Rechercher les régions.	검색어로 지역을 검색합니다.				
UI_20200826_004481	Fermer la carte.	지도를 닫습니다.				
UI_20200826_004482	{@st100white_16}{s20}Marque-page	{@st100white_16}{s20}즐겨찾기				
UI_20200826_004483	{@st106_lbr}{s16}Aucune carte enregistrée	{@st106_lbr}{s16}등록된 맵이 없습니다				
UI_20200826_004484	{@st101lightbrown_16}Voyage Token	{@st101lightbrown_16}토큰 이동				
UI_20200826_004485	Fermer la mini-carte.	미니맵을 닫습니다.				
UI_20200826_004486	{@st100brown_16}Quête{/}	{@st100brown_16}퀘스트{/}				
UI_20200826_004487	{@st100brown_16}Monstre{/}	{@st100brown_16}몬스터{/}				
UI_20200826_004488	{@st100brown_16}Aucune quête à afficher.{/}	{@st100brown_16}표시할 퀘스트가 없습니다.{/}				
UI_20200826_004489	{@st100white_16}Afficher toute la carte	{@st100white_16}모든 맵 표시				
UI_20200826_004490	{@st100orange_16}Afficher les Statues de la Déesse{nl}Non Découvertes	{@st100orange_16}미확인 여신상 표시				
UI_20200826_004491	{@st100white_16}Si vous cliquez sur la région en maintenant la touche Maj, vous pouvez utiliser le voyage Token.	{@st100white_16}키보드의 쉬프트 키를 누른 상태에서 지역을 클릭하면 토큰 이동을 이용할 수 있습니다.				
UI_20200826_004492	{@st42}TP Premium{/}	{@st42}프리미엄TP{/}				
UI_20200826_004493	Ichor non extractible	아이커 추출 불가				
UI_20200826_004494	Apparence non extractible	외형 변경 추출 불가				
UI_20200826_004495	Apparence non applicable	외형 변경 적용 불가				
UI_20200826_004496	Importer l'emplacement de mon personnage.	내 캐릭터의 위치를 불러옵니다.				
UI_20200826_004497	{@st104gold_14}Guilde Protectrice	{@st104gold_14}점령길드				
UI_20200826_004498	{@st104gold_14}Ville Applicable	{@st104gold_14}적립요율 적용 도시				
UI_20200826_004499	{@st104gold_14}Taux de Tarif	{@st104gold_14}적용중인 적립요율				
UI_20200826_004500	Coût de statue de la Déesse gratuit/voyage Token disponible	여신상 비용 면제 및 월드맵 토큰 이동 가능				
UI_20200902_004501	Démanteler des Objets Spéciaux	특수 아이템 분해				
UI_20200902_004502	{@st66b}Arche{/}	{@st66b}아크{/}				
UI_20200902_004503	{@st59}Démanteler l'Arche{/}	{@st59}아크 분해{/}				
UI_20200902_004504	{@st66b}Déesse/Dieu Démon{/}	{@st66b}여신/마신{/}				
UI_20200902_004505	{@st59}Démanteler l'Équipement de la Déesse/du Dieu Démon{/}	{@st59}여신/마신 장비 분해{/}				
UI_20200902_004506	{@st66b}Pierre d'Arche{/}	{@st66b}아키스톤{/}				
UI_20200902_004507	{@st59}Démanteler la Pierre d'Arche{/}	{@st59}아키스톤 분해{/}				
UI_20200902_004508	{@st66b}Accessoires{/}	{@st66b}액세서리{/}				
UI_20200902_004509	{@st59}Démanteler les Accessoires Karaliene{/}	{@st59}카랄리엔 액세서리 분해{/}				
UI_20200902_004510	{img silver_pic 24 24} Prix	{img silver_pic 24 24} 가격				
UI_20200902_004511	- Obtenez une pierre d'arche utilisable comme matériau en démantelant une Arche.	- 아크 분해 시 재료로 사용된 아키스톤을 획득합니다.				
UI_20200902_004512	Résultat du vote de la semaine dernière.	지난 주 투표 결과 입니다.				
UI_20200902_004513	{@st42b}{s24}Importation des informations	{@st42b}{s24}정보를 불러오는 중입니다.				
UI_20200902_004514	{img worldmap2_spot_btn 28 28} {@st101lightbrown_16}Voir l'Emplacement de la Zone	{img worldmap2_spot_btn 28 28} {@st101lightbrown_16}지역 위치 보기	UI_20200826_004475	{img worldmap2_spot_btn 28 28} {@st101lightbrown_16}Voir l'Emplacement sur la Carte	{img worldmap2_spot_btn 28 28} {@st101lightbrown_16}맵 위치 보기	
UI_20200902_004515	{@st106_lbr}{s16}Aucune zone enregistrée	{@st106_lbr}{s16}등록된 지역이 없습니다				
UI_20200902_004516	{@st100white_16}En cliquant sur le marque-page en maintenant la touche Maj, vous pouvez utiliser le voyage Token.	{@st100white_16}키보드의 쉬프트 키를 누른 상태에서 즐겨찾기를 클릭하면 토큰 이동을 이용할 수 있습니다.				
UI_20200902_004517	{@st100white_16}Afficher toute la zone	{@st100white_16}모든 지역 표시				
UI_20200902_004518	Voter	투표하기				
UI_20201012_004519	Roulette d'Événement	이벤트 룰렛				
UI_20201012_004520	Pièces Actuellement Possédées	현재 보유 코인 개수				
UI_20201012_004521	{@st43}{s24}Tirer	{@st43}{s24}뽑기				
UI_20201030_004522	{@st66b}Argent{/}	{@st66b}실버{/}				
UI_20201030_004523	{@st66b}Points d'Attribut{/}	{@st66b}특성 포인트{/}				
UI_20201030_004524	Points d'Attribut Consommés	소비 특성 포인트				
UI_20201030_004525	{ds}{b}{#ffefd6}Badge merc. (semaine)	{ds}{b}{#ffefd6}용병단 증표(주간)				
UI_20201030_004526	{@st59}Voir les détails de la collection de costumes.{/}	{@st59}코스튬 컬렉션 정보를 엽니다.{/}				
UI_20201030_004527	{@st43b}{s24}Collection de Costumes{/}	{@st43b}{s24}코스튬 컬렉션{/}				
UI_20201030_004528	{@st59}Fermer la Collection de Costumes{/}	{@st59}코스튬 컬렉션을 닫습니다{/}				
UI_20201030_004529	{@st66b}{s16}Voir Tous les Effets{/}	{@st66b}{s16}총 효과보기{/}				
UI_20201030_004530	{@st41b}Points de Changement	{@st41b}포인트 변환				
UI_20201030_004531	Nombre d'Objets Actuel	현재 보유 아이템 개수	UI_20201012_004520	Pièces Actuellement Possédées	현재 보유 코인 개수	
UI_20201030_004532	{@st66b}Raid{/}	{@st66b}레이드{/}				
UI_20201030_004533	{@st66b}Frappe Combinée	{@st66b}보스 협동전				
UI_20201030_004534	{s16}{ol}{#FFFFFF}Entrer	{s16}{ol}{#FFFFFF}입장하기				
UI_20201030_004535	{@st66d}Sélectionner une Classe	{@st66d}클래스 선택				
UI_20201030_004536	{@st41b}Points actuels : %s{/}	{@st41b}현재 포인트: %s{/}				
UI_20201030_004537	{@st41b}Points obtenus : {#ec0000}%s{/}{/}	{@st41b}획득 포인트: {#ec0000}%s{/}{/}				
UI_20201030_004538	{@st41b}Total des points : {@st66d_y}%s{/}{/}	{@st41b}총 포인트: {@st66d_y}%s{/}{/}				
UI_20201030_004539	{@st41b}Changer{/}	{@st41b}변환{/}				
UI_20201030_004540	{@st59}Changer en points.{/}	{@st59}포인트로 변환합니다.{/}				
UI_20201030_004541	{@st45tw2}Le nombre maximum d'objets que vous pouvez cocher est %s.	{@st45tw2}확인 가능한 아이템 개수는 최대 %s개 입니다.				
UI_20201030_004542	{@st41b}Acheter des Points	{@st41b}포인트 구매				
UI_20201030_004543	{@st43}{s22}Tentation du Dieu Démon	{@st43}{s22}마신의 유혹				
UI_20201030_004544	{@st41b}{s16}%s. %s ~ %s. %s	{@st41b}{s16}%s월 %s일 ~ %s월 %s일				
UI_20201030_004545	{@st43}{s24}Contribuer	{@st43}{s24}헌납				
UI_20201030_004546	{@st41b}{s16}Veuillez entrer le nombre à contribuer	{@st41b}{s16}헌납할 횟수를 입력해 주세요				
UI_20201030_004547	{@st43}{s24}Contribution Continue	{@st43}{s24}연속 헌납				
UI_20201030_004548	{@st66b}Afficher le montant hebdomadaire acquis de badge mercenaire{/}	{@st66b}용병단 증표 주간 획득량 표시{/}				
UI_20201030_004549	Désactiver les alertes de connexion	접속 알림 끄기				
UI_20201030_004550	Rang de Classe	클래스 순위	UI_20200320_004247	Rang par Type	계열 등수	
UI_20201030_004551	{@st66b}{s16}Dégâts Accumulés 	{@st66b}{s16}누적 대미지				
UI_20201103_004552	Classement des Contenus	콘텐츠 랭킹				
UI_20201103_004553	Bataille de Blocus	봉쇄전				
UI_20201228_004554	%s jour(s) ou plus depuis la création de l'équipe    	팀생성 %s일 이상	UI_20181017_003581	Équipe âgée de %s+ jours	팀 생성 %s일 이상	
UI_20201228_004555	Terminer l'Épisode 12-1    	에피소드 12-1 클리어				
UI_20201228_004556	%s jour(s) ou plus depuis le premier achat de TP premium      	최초 유료 TP 구매 이력으로 %s일 이상				
UI_20210104_004557	{@st66b}{s20} %s{nl} peut être utilisé pour recevoir{nl}diverses récompenses.	{@st66b}{s20} %s을(를){nl}사용해 다양한 보상을 획득하세요.				
UI_20210104_004558	{@st66b}{s16}{#ff0000}Seuls les personnages de Niv. 400{nl}ou plus{nl}peuvent ouvrir.	{@st66b}{s16}{#ff0000}Lv.400 이상의 캐릭터만{nl}이용할 수 있습니다.				
UI_20210115_004559	{@st66b}Consommé :{/}	{@st66b}소비 재화 :{/}				
UI_20210115_004560	{@st43}Points de Contenu{/}	{@st43}콘텐츠 포인트{/}				
UI_20210115_004561	Le montant maximum de points pouvant être gagnés est réinitialisé chaque lundi à 6h00, heure serveur.{nl}Les points peuvent être gagnés comme suit :{nl} {nl}- Connexion : 10 points (5 points supplémentaires pour les joueurs en guilde et les joueurs sous effet Token){nl}- Pêche réussie : 1 point gagné par prise.{nl}- Raid légendaire : 35 points{nl}* Nid de Velcoffer : 100 points{nl}* Tour de terre : 25 points tous les 5 niveaux){nl}- Mission de défense en montée : 10 points{nl}- Raid unique : 20 points{nl}- Donjon de niveau : 10 points{nl}(Les points peuvent être omis en sortant juste après avoir terminé le donjon de niveau.){nl} - Quête quotidienne : 10 points{nl}- Ligue de combat d'équipe : 50 points (donnés quel que soit le résultat){nl}- Donjon Res Sacrae : Correspondance auto : 20 points{nl}- Donjon Res Sacrae : Correspondance auto (Difficile) : 30 points{nl}- Donjon Res Sacrae : Défi : 50 points	획득 가능한 포인트량은 매주 월요일 6시에 초기화됩니다.{nl}포인트는 아래의 방법으로 획득할 수 있습니다.{nl} {nl}- 접속 : 10 포인트 (PC방 접속 중, 길드 가입 중, 토큰 적용 중일 시 각 5 포인트 추가 획득){nl}- 낚시 성공 : 1회 당 1 포인트{nl}- 레전드 레이드 : 35 포인트{nl}*벨코퍼의 둥지 : 100 포인트{nl}*대지의 탑 : 5층 단위로 25 포인트{nl}- 업힐 디펜스 미션 : 10 포인트{nl}- 유니크 레이드 : 20 포인트{nl}- 레벨 던전 : 10 포인트{nl}(레벨 던전을 클리어하여 빠르게 퇴장했을 경우, 포인트 지급이 누락될 수 있습니다.){nl}- 일일 퀘스트 : 10 포인트{nl}- 팀 배틀리그 : 50 포인트 (종료 후 승패에 관계없이 지급){nl}- 성물 던전: 자동 매칭 : 20 포인트{nl}- 성물 던전: 자동 매칭(Hard) : 30 포인트{nl}- 성물 던전: 도전 모드 : 50 포인트	UI_20200826_004439	Le montant maximum de points pouvant être gagnés est réinitialisé chaque lundi à 6h00, heure serveur.{nl}Les points peuvent être gagnés comme suit :{nl} {nl}- Connexion : 10 points (5 points supplémentaires pour les joueurs en guilde et les joueurs sous effet Token){nl}- Pêche réussie : 1 point gagné par prise.{nl}- Raid légendaire : 35 points{nl}* Nid de Velcoffer : 100 points{nl}* Tour de terre : 25 points tous les 5 niveaux){nl}- Mission de défense en montée : 10 points{nl}- Raid unique : 20 points{nl}- Donjon de niveau : 10 points{nl}(Les points peuvent être omis en sortant juste après avoir terminé le donjon de niveau.){nl} -  Quête quotidienne : 10 points{nl}- Ligue de combat d'équipe : 50 points (donnés quel que soit le résultat)	획득 가능한 포인트량은 매주 월요일 6시에 초기화됩니다.{nl}포인트는 아래의 방법으로 획득할 수 있습니다.{nl} {nl}- 접속 : 10 포인트 (PC방 접속 중, 길드 가입 중, 토큰 적용 중일 시 각 5 포인트 추가 획득){nl}- 낚시 성공 : 1회 당 1 포인트{nl}- 레전드 레이드 : 35 포인트{nl}*벨코퍼의 둥지 : 100 포인트{nl}*대지의 탑 : 5층 단위로 25 포인트{nl}- 업힐 디펜스 미션 : 10 포인트{nl}- 유니크 레이드 : 20 포인트{nl}- 레벨 던전 : 10 포인트{nl}(레벨 던전을 클리어하여 빠르게 퇴장했을 경우, 포인트 지급이 누락될 수 있습니다.){nl}- 일일 퀘스트 : 10 포인트{nl}- 팀 배틀리그 : 50 포인트 (종료 후 승패에 관계없이 지급)	
UI_20210115_004562	{@st43}{s20}Utiliser Combiner (par équipe){/}{nl}{s8} {/}{nl}{@st66b}{s20}%s/%s	{@st43}{s20}합성 이용(팀당){/}{nl}{s8} {/}{nl}{@st66b}{s20}%s/%s				
UI_20210115_004563	{@st66b}Vaivora{/}	{@st66b}바이보라{/}				
UI_20210115_004564	{@st59}Démanteler Vaivora{/}	{@st59}바이보라 분해{/}				
UI_20210115_004565	{@st66d}{s18}{#FFFF18}[ %s ]{/} {@st66d}{s18}{#FFFFFF}Déséquiper.{/}	{@st66d}{s18}{#FFFF18}[ %s ]{/} {@st66d}{s18}{#FFFFFF}장착을 해제합니다.{/}				
UI_20210115_004566	{@st66b}{s16}Nombre total ouvert : %s%s	{@st66b}{s16}누적 개봉 횟수 : %s%s	UI_20200805_004422	{@st66b}{s16}Nombre total ouvert : %s%s	{@st66b}{s16}누적 개봉 횟 수 : %s%s	
UI_20210115_004567	{@st43}Changer le Type d'Arme{/}	{@st43}무기 계열 변경{/}				
UI_20210115_004568	{@st59}Fermer le Changement de Type d'Arme{/}	{@st59}무기 계열 변경을 닫습니다{/}				
UI_20210115_004569	Objet à transformer	변형시킬 아이템 입니다.				
UI_20210115_004570	{@st43}Fabriquer la Carte Giltine{/}	{@st43}길티네 카드 제작{/}				
UI_20210115_004571	{@st59}Carte Boruta Niv 10 requise.{/}	{@st59}보루타 카드 10성이 필요합니다.{/}				
UI_20210115_004572	{@st59}Carte légendaire Niv 10 autre que la carte Boruta requise.{/}	{@st59}보루타 카드를 제외한 레전드 카드 10성이 필요합니다.{/}				
UI_20210115_004573	{@st100white_16}Consommez tous les objets ci-dessous et obtenez {@st204_purple}{s17}[NIV10] Carte Giltine{/}{/}{@st100white_16}. {nl} {nl} - {@st100white_16}{@st66d_y}{s17}Aperçu du Chaos{/}{/}  x10{nl} {nl} - {@st59}{@st66d_y}{s17}[NIV10] Carte Boruta{/}{/}{@st100white_16}x1{nl} {nl} - {@st204_green}Aléatoire{/}{/}{@st66d_y}{s17}[NIV10] Carte légendaire{/}{/}{@st100white_16}x1{/}{/}	{@st100white_16}아래 아이템을 모두 소모하여 {@st204_purple}{s17}[LV10] 길티네 카드{/}{/}{@st100white_16}를 획득합니다. {nl} {nl} - {@st100white_16}{@st66d_y}{s17}혼돈의 편린{/}{/}  10개{nl} {nl} - {@st59}{@st66d_y}{s17}[LV10] 보루타 카드{/}{/}{@st100white_16}1개{nl} {nl} - {@st204_green}임의의 {/}{/}{@st66d_y}{s17}[LV10] 레전드 카드{/}{/}{@st100white_16}1개{/}{/}				
UI_20210115_004574	{@st59}Fermer.{/}	{@st59}길티네 카드 제작 UI를 닫습니다.{/}				
UI_20210115_004575	{@st43b}{s24}Suivre la Déesse	{@st43b}{s24}여신 추종				
UI_20210115_004576	{img NOTICE_Dm_! 30 30}{@st43}{s16}Limite d'Entrée{/}	{img NOTICE_Dm_! 30 30}{@st43}{s16}입장 제한{/}				
UI_20210115_004577	Informations du Schéma	패턴 정보				
UI_20210115_004578	Zone d'Apparition	등장 지역				
UI_20210115_004579	{@st66b}Boruta{/}	{@st66b}보루타{/}				
UI_20210115_004580	Bataille dans l'Antre de Sulivinas	보루타 봉쇄전				
UI_20210115_004581	{@st66b}Giltine{/}	{@st66b}길티네{/}				
UI_20210115_004582	{nl}{s18}À propos de la bataille de blocus{/}{nl} {nl}[Autorisation de participer]{nl}Seules les guildes ayant assiégé un territoire en GTW peuvent participer à la bataille.{nl}*Quête de guilde : participe automatiquement en progressant avec l'Être ancien (Boruta)/Sanctuaire démoniaque (Giltine){nl} {nl}[Classement de la bataille de blocus]{nl} Les classements de la bataille de blocus sont comptés jusqu'à la décimale, de sorte que la guilde la plus rapide à terminer le contenu{nl}soit classée en premier. {nl} {nl}[Recevoir les récompenses de la bataille de blocus]{nl} Les récompenses de la bataille de blocus seront données après 19h00 le dimanche, et le maître de guilde autorisé{nl}peut	{nl}{s18}봉쇄전 도움말{/}{nl} {nl}[봉쇄전 참여 권한]{nl}봉쇄전은 길드 콜로니전 스팟 점령 길드만 참여가능합니다.{nl}*길드 퀘스트 : 고대의 존재(보루타)/마신의 성소(길티네)를 진행할 경우 자동으로 참여{nl} {nl}[봉쇄전 순위 정산]{nl} 봉쇄전 순위는 소숫점까지 계산되어 가장 빨리 콘텐츠를{nl}클리어한 길드가 높은 순위에 랭크되는 방식으로 진행됩니다.{nl} {nl}[봉쇄전 보상 수령]{nl} 봉쇄전 보상 수령은 일요일 오후 7시 이후, 길드 마스터 권한이 있는{nl}플레이어가 	UI_20200710_004381	{nl}{s18}À propos de la bataille de blocus{/}{nl} {nl}[Autorisation de participer]{nl}Seules les guildes ayant assiégé un territoire en GTW peuvent participer à la bataille.{nl}*Quête de guilde : participe automatiquement en progressant avec l'Être ancien{nl} {nl}[Classement de la bataille dans l'antre de Sulivinas]{nl} Les classements de la bataille dans l'antre de Sulivinas sont comptés jusqu'à la décimale, de sorte que la guilde la plus rapide à terminer le contenu{nl}soit classée en premier. {nl} {nl}[Recevoir les récompenses de la bataille dans l'antre de Sulivinas]{nl} Les récompenses de la bataille dans l'antre de Sulivinas seront données après 19h00 le dimanche, et le maître de guilde autorisé{nl}peut	{nl}{s18}봉쇄전 도움말{/}{nl} {nl}[봉쇄전 참여 권한]{nl}봉쇄전은 길드 콜로니전 스팟 점령 길드만 참여가능합니다.{nl}*길드 퀘스트 : 고대의 존재를 진행할 경우 자동으로 참여{nl} {nl}[봉쇄전 순위 정산]{nl} 봉쇄전 순위는 소숫점까지 계산되어 가장 빨리 콘텐츠를{nl}클리어한 길드가 높은 순위에 랭크되는 방식으로 진행됩니다.{nl} {nl}[봉쇄전 보상 수령]{nl} 봉쇄전 보상 수령은 일요일 오후 7시 이후, 길드 마스터 권한이 있는{nl}플레이어가 	
UI_20210115_004583	{@st59}Res Sacrae{/}	{@st59}성물{/}				
UI_20210115_004584	{@st59}Personnalisation Res Sacrae{/}	{@st59}성물 관리{/}				
UI_20210115_004585	{@st59}Vérifier s'il y a des statistiques sur l'équipement légendaire{/}	{@st59}레전드 장비 옵션 유무 확인{/}				
UI_20210115_004586	{@st59}Vérifier le Statut des Points de Contenu{/}	{@st59}콘텐츠 포인트 현황을 확인합니다.{/}				
UI_20210115_004587	{@st43}Améliorer la Carte Avancée{/}	{@st43}고급 카드 강화{/}	UI_20180320_003018	{@st43}Améliorer la Carte Légendaire{/}	{@st43}레전드 카드 강화{/}	
UI_20210115_004588	Taux de Réussite	성공확률				
UI_20210115_004589	{@st43b}{s17}Les cartes sacrifiées seront supprimées et le niveau de la carte avancée ne changera pas.{/}	{@st43b}{s17}  실패 시 제물 카드가 소멸되며, 강화 대상 카드의 레벨은 유지됩니다.{/}				
UI_20210115_004590	{@st43b}{#898989}{s17}La carte avancée et les cartes sacrifiées seront supprimées en cas de destruction.{/}	{@st43b}{#898989}{s17}  파괴 시 강화 대상 카드와 제물 카드가 소멸됩니다.{/}				
UI_20210115_004591	{@st59}Fermer l'Interface d'Amélioration de Carte Avancée{/}	{@st59}고급 카드 강화 UI를 닫습니다{/}	UI_20180320_003025	{@st59}Fermer{/}	{@st59}레전드 카드 강화 UI를 닫습니다{/}	
UI_20210115_004592	{@sti1c}{s14}Temps Restant{/}	{@sti1c}{s14}남은 시간{/}				
UI_20210115_004593	{@sti1c}{s14}Taux d'Accomplissement 	{@sti1c}{s14}달성률				
UI_20210115_004594	{@sti1c}{s14}Informations du Schéma	{@sti1c}{s14}패턴 정보				
UI_20210115_004595	{@st66b}Quête Res Sacrae{/}	{@st66b}성물 퀘스트{/}				
UI_20210115_004596	{@st43}{s22}Infos sur les Récompenses{/}	{@st43}{s22}보상 정보{/}				
UI_20210115_004597	{@st59}Fermer.{/}	{@st59}성물 퀘스트 보상 정보를 닫습니다.{/}				
UI_20210115_004598	Infos sur les Récompenses	보상 정보				
UI_20210115_004599	Nom de la Quête	퀘스트 이름				
UI_20210115_004600	{@st41}{s18}Ne pas afficher le message de renforcement à partir de +5	{@st41}{s18}5강 이상 강화 메세지 더이상 보지 않기				
UI_20210115_004601	{@st41}{s18}Ne pas afficher le message d'utilisation de bon	{@st41}{s18}쿠폰 사용 메세지 더이상 보지 않기				
UI_20210115_004602	{@st201}[Recharger RP]{/}{/} Consomme de l'{@st66d_y}{s17}Ectonite{/}{/} pour récupérer des points Res Sacrae (RP). {nl}{@st201}[XP]{/}{/} {@st66d_y}Augmente l'XP du Res Sacrae en consommant du {s17}Souffle de pouvoir purifié{/}{/}.{nl}{@st201}[Emplacement]{/}{/} Équipe/retire une {@st66d_y}{s17}gemme Res Sacrae{/}{/} sur l'équipement Res Sacrae.	{@st201}[마력 충전]{/}{/} {@st66d_y}{s17}엑토나이트{/}{/}를 소비하여 마력(RP)을 회복합니다. {nl}{@st201}[경험치]{/}{/} {@st66d_y}{s17}정화된 권능의 숨결{/}{/}을 소비하여 성물의 경험치를 올립니다.{nl}{@st201}[소켓]{/}{/} 성물에{@st66d_y}{s17}성물 젬{/}{/}을 장착/해제 할 수 있습니다.				
UI_20210115_004603	{@st66b}Recharger RP{/}	{@st66b}마력 충전{/}				
UI_20210115_004604	{@st59}Recharger RP{/}	{@st59}마력 충전{/}				
UI_20210115_004605	{@st66b}XP{/}	{@st66b}경험치{/}				
UI_20210115_004606	{@st59}Gagner de l'XP{/}	{@st59}경험치 증가{/}				
UI_20210115_004607	{@st66b}Emplacement{/}	{@st66b}소켓{/}				
UI_20210115_004608	{@st59}Gestion des Emplacements{/}	{@st59}소켓 관리{/}				
UI_20210115_004609	Objet Consommé	소모 아이템				
UI_20210115_004610	RP	마력				
UI_20210115_004611	Purifier le Souffle de Pouvoir	권능의 숨결 정화				
UI_20210115_004612	{@st59}Consomme des ingrédients et un certain montant d'argent pour purifier le {@st66d_y}{s18}Souffle de pouvoir{/}{/}.{/}{nl} {nl}{@st66d_y}{s18}Souffle de pouvoir{/}{/}{@st59} x10 peut être échangé contre {@st204_green}{s18}Souffle de pouvoir purifié{/}{@st59} x1.{nl} {nl}Des ingrédients sont requis à chaque purification d'1 {@st204_green}{s18}Souffle de pouvoir{/}{@st59},{nl}et l'un des objets suivants peut être sélectionné et consommé comme ingrédient.{nl} {nl}Liste des objets{nl} - {@st204_purple}Page de tome mystique{/} {s16} x2{nl}  - {@st204_purple}Practonium{/} {s16} x2{nl}  - {@st204_purple}Pierre magique{/} {s16} x2{nl}  - {@st204_purple}Éclat béni{/} {s16} x20{nl}  - {@st204_purple}Gemme bénie de la Déesse{/} {s16} x2{nl}  - {@st204_purple}Objet précieux calciné de Tel Harsha{/} {s16} x1{nl}  - {@st204_purple}Cœur raffiné de Glacia{/} {s16} x1{nl}  - {@st204_purple}Poudre de talc de mite raffinée{/} {s16} x1{nl}	{@st59}보유한 재료 아이템과 일정량의 실버를 소모하여 {@st66d_y}{s18}권능의 숨결{/}{/}을 정화합니다.{/}{nl} {nl}{@st66d_y}{s18}권능의 숨결{/}{/}{@st59} 10개로{@st204_green}{s18}정화된 권능의 숨결{/}{@st59}  1개를 획득할 수 있습니다.{nl} {nl}{@st204_green}{s18}정화된 권능의 숨결{/}{@st59}  1개를 정화할 때 마다 재료가 필요하며,{nl}다음 아이템 목록 중 한 종류를 선택하여 정화 재료로 소비할 수 있습니다.{nl} {nl}재료 아이템 목록{nl} - {@st204_purple}신비한 서 낱장{/} {s16} 2개{nl}  - {@st204_purple}프락토늄{/} {s16} 2개{nl}  - {@st204_purple}마정석{/} {s16} 2개{nl}  - {@st204_purple}축복받은 조각{/} {s16} 20개{nl}  - {@st204_purple}여신의 축복석{/} {s16} 2개{nl}  - {@st204_purple}그을린 텔하르샤의 의장품{/} {s16} 1개{nl}  - {@st204_purple}정제된 글레이시어 심장{/} {s16} 1개{nl}  - {@st204_purple}정제된 모스 탈크 파우더{/} {s16} 1개{nl}				
UI_20210115_004613	{@st202}Coupon de Réduction ->{/}	{@st202}할인 쿠폰 ▶{/}				
UI_20210115_004614	{@st202}Consommer le Souffle de Pouvoir ->{/}	{@st202}권능의 숨결 소모 ▶{/}				
UI_20210115_004615	{@st202}Souffle de Pouvoir Purifié ->{/}	{@st202}정화된 권능의 숨결 ▶{/}				
UI_20210115_004616	{@st202}Prix ->{/}	{@st202}가격 ▶{/}				
UI_20210115_004617	{@st202}Solde ->{/}	{@st202}예상 잔액 ▶{/}				
UI_20210115_004618	Purifier	정화				
UI_20210115_004619	{@st59}Purifier le Souffle de Pouvoir{/}	{@st59}권능의 숨결 정화{/}				
UI_20210115_004620	{@st59}Vérifier{/}	{@st59}확인{/}				
UI_20210115_004621	Gemme Res Sacrae	성물 젬				
UI_20210115_004622	{@st201}[Améliorer]{/}{/} Essayez d'améliorer la gemme Res Sacrae en consommant du {@st66d_y}{s16}Charbon prismatique{/}{/}, une gemme bénie de la Déesse, et de l'argent.{nl}Tous les ingrédients sont consommés que ce soit un succès ou un échec.{nl}Le niveau de la gemme Res Sacrae augmente de 1 quand l'amélioration réussit.{nl}Impossible d'améliorer si le niveau de gemme Res Sacrae équipable est inférieur au niveau résultant après réussite de l'amélioration.{nl} {nl}{@st201}[Combiner]{/}{/} Essayez de combiner en consommant du {@st66d_y}{s16}Charbon prismatique{/}{/}, une gemme bénie de la Déesse, et de l'argent.{nl}Tous les ingrédients sont consommés que ce soit un succès ou un échec.{nl}Vous pouvez obtenir une gemme Res Sacrae Niv.1 aléatoire quand la combinaison réussit.{nl} {nl}{@st201}[Transférer]{/}{/} Transférez le niveau d'une gemme Res Sacrae de niv.2 ou plus vers une autre gemme.{nl}Le niveau de la gemme transférée devient égal à la gemme utilisée comme ingrédient.{nl}La gemme Res Sacrae utilisée comme ingrédient sera détruite.{nl} {nl}{@st201}[Démanteler]{/}{/}Démantelez une gemme Res Sacrae et obtenez un nombre aléatoire de {@st66d_y}{s16}Charbon prismatique{/}{/}.{nl}Plus de {@st66d_y}{s16}Charbon prismatique{/}{/} sera donné en démantelant une gemme Res Sacrae de la Déesse.{nl}Seule une gemme Res Sacrae Niv.1 peut être démantelée.	{@st201}[강화]{/}{/} {@st66d_y}{s16}프리즘 콜{/}{/}, 여신의 축복석, 실버를 소비하여 성물 젬 강화를 시도합니다.{nl}강화 시도 시 재료는 모두 소비되며 확률에 따라 성공하거나 실패합니다.{nl}성공 시 성물 젬의 레벨이 1 상승합니다.{nl}강화 목표 레벨보다 성물의 장착 가능 성물 젬 레벨이 낮으면 강화할 수 없습니다.{nl} {nl}{@st201}[합성]{/}{/} {@st66d_y}{s16}프리즘 콜{/}{/}, 여신의 축복석, 실버를 소비하여 합성을 시도합니다.{nl}합성 시도 시 재료는 모두 소비되며 확률에 따라 성공하거나 실패합니다.{nl}성공 시 레벨 1 무작위 성물 젬을 획득할 수 있습니다.{nl} {nl}{@st201}[이전]{/}{/} 레벨 2 이상인 성물 젬의 레벨을 다른 성물 젬으로 이전할 수 있습니다.{nl}이전 받은 성물 젬은 이전에 사용된 성물 젬과 동일한 레벨로 변경됩니다.{nl}이전에 사용된 성물 젬은 소멸합니다.{nl} {nl}{@st201}[분해]{/}{/}성물 젬을 분해하여 무작위 수량의 {@st66d_y}{s16}프리즘 콜{/}{/}을 획득합니다.{nl}가디스 등급 성물 젬 분해 시 더 많은 {@st66d_y}{s16}프리즘 콜{/}{/}을 획득합니다.{nl}분해는 1 레벨 성물 젬만 가능합니다.				
UI_20210115_004623	{@st66b}Améliorer{/}	{@st66b}강화{/}				
UI_20210115_004624	{@st59}Consommez un ingrédient et un certain montant d'argent et tentez de renforcer la gemme Res Sacrae.{/}	{@st59}재료와 일정량의 실버를 소모하여 성물 젬의 강화를 시도합니다.{/}				
UI_20210115_004625	{@st66b}Combiner{/}	{@st66b}합성{/}				
UI_20210115_004626	{@st59}Consommez un ingrédient et un certain montant d'argent pour obtenir une nouvelle gemme Res Sacrae.{/}	{@st59}재료와 일정량의 실버를 소모하여 새로운 성물 젬 아이템을 획득합니다.{/}				
UI_20210115_004627	{@st66b}Transférer{/}	{@st66b}이전{/}				
UI_20210115_004628	{@st59}Transférez le niveau d'une gemme Res Sacrae vers une autre gemme.{/}	{@st59}성물 젬의 레벨을 다른 젬으로 이전합니다.{/}				
UI_20210115_004629	{@st66b}Démanteler{/}	{@st66b}분해{/}				
UI_20210115_004630	{@st59}Démantelez une gemme Res Sacrae et obtenez des ingrédients.{/}	{@st59}성물 젬을 분해하여 재료 아이템을 획득합니다.{/}				
UI_20210115_004631	{@st202}Argent Requis ->{/}	{@st202}소모 비용 ▶{/}				
UI_20210115_004632	{@st59}Donnez des fournitures de secours ou des consommables principaux pour augmenter le taux de réputation{/}{nl} {nl}Les consommables principaux sont les suivants{nl}  - Objet précieux calciné de Tel Harsha : 20{nl}  - Cœur raffiné de Glacia : 20{nl}  - Poudre de talc de mite raffinée : 20{nl}  - Brikynite : 5{nl}  - Pierre magique : 5{nl}  - Page de tome mystique : 5{nl}  - Practonium : 5{nl}  - Gemme bénie de la Déesse : 5	{@st59}구호 물품 또는 주요 재화를 증여하여 명성도를 올릴 수 있습니다.{/}{nl}　{nl}주요 재화 교환 정보{nl}  - 그을린 텔하르샤의 의장품 : 20{nl}  - 정제된 글레이시어의 심장 : 20{nl}  - 정제된 모스 탈크 파우더 : 20{nl}  - 브리키나이트 : 5{nl}  - 마정석 : 5{nl}  - 신비한 서 낱장 : 5{nl}  - 프락토늄 : 5{nl}  - 여신의 축복석 : 5				
UI_20210115_004633	{@st66b}Consommables principaux{/}	{@st66b}주요 재화{/}				
UI_20210115_004634	{@st66b}Fournitures de Secours{/}	{@st66b}구호 물품{/}				
UI_20210115_004635	{@st43}Fournir des Secours{/}	{@st43}구호 물품 조달{/}				
UI_20210115_004636	{@st41b}Points actuels : %s {#ffff00}/ MAX : %s{/}{/}	{@st41b}현재 포인트: %s {#ffff00}/ MAX : %s{/}{/}				
UI_20210115_004637	{@st41b}Points obtenus : %s{/}	{@st41b}획득 포인트: %s{/}				
UI_20210115_004638	{@st41b}Points après don : %s {#ffff00}/ MAX : %s{/}{/}	{@st41b}증여 후 포인트: %s {#ffff00}/ MAX : %s{/}{/}				
UI_20210115_004639	{@st41b}Donner{/}	{@st41b}증여{/}				
UI_20210115_004640	{@st59}Boutique de reconstruction du royaume.{nl}Vous pouvez débloquer les objets de la boutique en gagnant du taux de réputation.	{@st59}왕국 재건단 상점입니다.{nl}명성도를 쌓아 상점 품목을 해금할 수 있습니다.				
UI_20210115_004641	{@st41b}Étang de Lemprasa{/}	{@st41b}렘파라사 연못{/}				
UI_20210115_004642	{@st41b}Étape Suivante{/}	{@st41b}다음 단계{/}				
UI_20210115_004643	Grand Homme	위인				
UI_20210115_004644	Légendaire	전설				
UI_20210115_004645	{@st59}Fournir des Secours{/}	{@st59}구호 물품 조달{/}				
UI_20210115_004646	{@st43}Boutique de Reconstruction du Royaume{/}	{@st43}왕국 재건단 상점{/}				
UI_20210115_004647	{@st41b}Objets Achetés{/}	{@st41b}구입 아이템{/} 				
UI_20210115_004648	{@st41b}Pièces Possédées ->{/}	{@st41b}보유 주화 ▶{/}				
UI_20210115_004649	Buff de Groupe	파티 버프				
UI_20210115_004650	{@sti1c}{s18}Sélection Terminée	{@sti1c}{s18}선택완료				
UI_20210115_004651	Buff Individuel	개인 버프				
UI_20210115_004652	{@st41b}{s16}Multi.	{@st41b}{s16}배수				
UI_20210115_004653	{@st66b}Réputation{/}	{@st66b}명성{/}				
UI_20210115_004654	{@st43b}{s18}Statut Total de Réputation	{@st43b}{s18}전체 명성도 달성 현황				
UI_20210115_004655	{@st41b}Aucune réputation n'a encore été débloquée.{/}	{@st41b}열려있는 명성이 아직 없습니다.{/}				
UI_20210115_004656	{@st66b}Voir l'Interface du Tutoriel{/}	{@st66b}튜토리얼 UI 보기{/}				
UI_20210115_004657	{@st66b}Limite maximale d'images (%s){/}	{@st66b}최대 프레임 제한(%s){/}				
UI_20210115_004658	{@st66b} Invocation translucide (sauf vous-même et les invocations ennemies)	{@st66b}소환수 반투명화(자신, 적대 소환수 제외)				
UI_20210115_004659	Parchemin de Transcendance	초월 스크롤				
UI_20210115_004660	{@st59}Guide{/}	{@st59}가이드{/}				
UI_20210115_004661	{@st59}Mission : Débutant{/}	{@st59}미션 : 초급{/}				
UI_20210115_004662	{@st59}Mission : Intermédiaire{/}	{@st59}미션 : 중급{/}				
UI_20210115_004663	{@st59}Mission : Avancé{/}	{@st59}미션 : 고급{/}				
UI_20210115_004664	Lance le guide correspondant lors du clic.	클릭시 해당 가이드를 실행 합니다.				
UI_20210115_004665	Déesse de la Transmutation/Dieu Démon	여신/마신 연성				
UI_20210115_004666	{@st66d_y}{b}Matériau Principal	{@st66d_y}{b}주 재료				
UI_20210115_004667	Matériau secondaire	보조 재료				
UI_20210115_004668	La valeur de transmutation du matériau secondaire n'est pas 0	보조 재료의 연성 수치가 0 이 아닙니다				
UI_20210115_004669	- La valeur de transmutation peut être augmentée de +1 par transmutation, et le matériau de transmutation disparaîtra.{nl}- Quand la valeur de transmutation atteint MAX, le matériau principal, le matériau secondaire et le matériau de transmutation disparaissent tous, et un objet de niveau supérieur est obtenu.	- 연성을 통해 주 재료의 연성 수치를 +1 또는 낮은 확률로 +2 증가시킬 수 있으며, 연성 재료는 소멸됩니다.{nl}- 연성 수치가 MAX치에 도달하면 주 재료, 보조 재료, 연성 재료가 모두 소멸되고 상위 레벨의 아이템을 획득하게 됩니다.{nl}- 매우 낮은 확률로 연성 대성공을 할 수 있습니다. 주 재료, 보조 재료, 연성 재료가 모두 소멸되고 상위 레벨의 아이템을 즉시 획득하게 됩니다.				
UI_20210115_004670	{@st42}Matériau de Transmutation	{@st42}연성 재료				
UI_20210115_004671	{@st42}{s20}Argent nécessaire	{@st42}{s20}필요 실버				
UI_20210115_004672	{@st41b}{s14}{#009999}Déesse	{@st41b}{s14}{#009999}가디스				
UI_20210115_004673	{#FFFF00}{ol}{s12}0 seconde	{#FFFF00}{ol}{s12}0초				
UI_20210115_004674	Niveau Res Sacrae	장착 가능 성물 레벨				
UI_20210115_004675	{@st59}Vérifier les Infos de Récompense{/}	{@st59}보상 정보 확인{/}				
UI_20210115_004676	nomequipe8lettresmax	팀명최대여덟글자				
UI_20210115_004677	%s : %s	%s : %s개				
UI_20210115_004678	{@st41}Renouveler	{@st41}갱신				
UI_20210115_004679	{@sti1c}{s16}Emplacement de Gemme Cyan Vide{/}{/}	{@sti1c}{s16}빈 시안 젬 소켓{/}{/}				
UI_20210115_004680	Gemme Cyan	시안 젬				
UI_20210115_004681	[Souffle de Pouvoir Purifié]	[정화된 권능의 숨결]				
UI_20210115_004682	Enregistrer l'Objet	아이템을 등록해 주세요				
UI_20210115_004683	[Ectonite]	[엑토나이트]				
UI_20210115_004684	{@st43}{s16}L'entrée n'est possible que si les conditions et un objet d'un grade minimum sont réunis.{/}	{@st43}{s16}특정 등급 이상의 아이템과 조건을 만족해야 입장이 가능합니다.{/}				
UI_20210128_004685	Statut de Progression des Quêtes de Réputation	명성 퀘스트 진행 현황				
UI_20210128_004686	Quête Hebdomadaire	주간 퀘스트				
UI_20210128_004687	{@st59}Le statut de progression des quêtes de réputation de l'équipe peut être consulté.{nl} {nl}Les quêtes hebdomadaires/quotidiennes ne peuvent pas être progressées avec d'autres personnages jusqu'à la réinitialisation si un personnage a déjà terminé la quête.{/}	{@st59}팀의 명성 퀘스트 진행 현황을 확인할 수 있습니다.{nl}　{nl}주간/일일 퀘스트는 여러 캐릭터로 진행하더라도 퀘스트를 완료한 캐릭터가 있다면 초기화가 될 때까지 다른 캐릭터로 진행할 수 없습니다.{/}				
UI_20210128_004688	{@st59}La quête hebdomadaire se réinitialise chaque lundi à 6h00.{nl}Se réinitialise indépendamment de la complétion de la quête hebdomadaire, et 2 quêtes sont sélectionnées aléatoirement chaque semaine.{/}	{@st59}주간 퀘스트는 매주 월요일 오전 06:00에 초기화됩니다.{nl}주간 퀘스트는 완료 여부와 상관없이 초기화되며 매주 2개의 퀘스트가 무작위로 선정됩니다.{/}				
UI_20210128_004689	{@st59}La quête quotidienne terminée se réinitialise chaque jour à 6h00.{nl}Une quête quotidienne non terminée avant la réinitialisation est reportée au jour suivant.{/}	{@st59}일일 퀘스트는 완료된 퀘스트에 한하여 매일 오전 06:00에 초기화됩니다.{nl}초기화 이전에 완료하지 않은 일일 퀘스트는 다음 날로 이관됩니다.{/}				
UI_20210128_004690	{@st59}La quête répétable ne se réinitialise pas et peut être jouée sans limite.{nl}Une seule quête répétable peut être progressée à la fois, alors soyez prudent lors de la sélection.{/}	{@st59}반복 퀘스트는 초기화 되지 않으며 횟수 제한 없이 이용할 수 있습니다.{nl}반복 퀘스트는 1개의 퀘스트만 선택해 진행할 수 있으니 신중히 진행해야 합니다.{/}				
UI_20210128_004691	{@st59}Vérifier le statut de progression des quêtes de réputation.{/}	{@st59}명성 퀘스트 진행 현황을 확인합니다.{/}				
UI_20210201_004692	{@st59}Informations{/}	{@st59}정보{/}				
UI_20210201_004693	{@st59}Haut Fait{/}	{@st59}업적{/}				
UI_20210201_004694	{@st59}Paramètres du Personnage{/}	{@st59}캐릭터 설정{/}				
UI_20210201_004695	{@st59}Réputation{/}	{@st59}명성{/}				
UI_20210208_004696	{@st59}Épisode{/}	{@st59}에피소드{/}				
UI_20210208_004697	{@st59}Liste des Quêtes{/}	{@st59}퀘스트 목록{/}				
UI_20210208_004698	{@st59}Quête Res Sacrae{/}	{@st59}성물 퀘스트{/}				
UI_20210208_004699	{@st59}Ne pas afficher le message de renforcement à partir de +5{/}	{@st59}5강 이상 강화 메세지 더이상 보지 않기{/}				
UI_20210209_004700	{@st59}Ne pas afficher le message de renforcement à partir de +5	{@st59}5강 이상 강화 메세지 더이상 보지 않기				
UI_20210209_004701	{@st59}Ne pas afficher le message d'utilisation de bon	{@st59}쿠폰 사용 메세지 더이상 보지 않기				
UI_20210216_004702	Terminer l'Épisode 12-1    	에피소드12-1 클리어.	UI_20201228_004555	Terminer l'Épisode 12-1    	에피소드 12-1 클리어	
UI_20210216_004703	%s jour(s) ou plus depuis le premier achat de TP premium      	최초 유료 TP 구매 이력으로 %s일 이상.	UI_20201228_004556	%s jour(s) ou plus depuis le premier achat de TP premium      	최초 유료 TP 구매 이력으로 %s일 이상	
UI_20210318_004704	{@st59}Agrandir le Cabinet d'Assistants{/}	{@st59}어시스터 보관함 확장{/}				
UI_20210318_004705	Le montant maximum de points pouvant être gagnés est réinitialisé chaque lundi à 6h00, heure serveur.{nl}Les points peuvent être gagnés comme suit :{nl} {nl}- Se connecter au jeu : 10 points (5 points supplémentaires pour les joueurs en guilde et les joueurs sous effet Token){nl} - Pêche réussie : 1 point gagné par prise.{nl}- Raid légendaire : 35 points{nl}{nl}*Nid de Velcoffer : 100 points{nl}*Tour de terre : 25 points tous les 5 étages{nl}- Mission de défense en montée : 10 points{nl}- Raid unique : 20 points{nl}- Donjon de niveau : 10 points{nl}(Les points peuvent être omis en sortant juste après avoir terminé le donjon de niveau.){nl}- Quête quotidienne : 10 points{nl}- Ligue de combat d'équipe : 50 points (donnés quel que soit le résultat){nl}- Raid Res Sacrae : Correspondance auto : 20 points{nl}- Raid Res Sacrae : Correspondance auto (Difficile) : 30 points	획득 가능한 포인트량은 매주 월요일 6시에 초기화됩니다.{nl}포인트는 아래의 방법으로 획득할 수 있습니다.{nl} {nl}- 접속 : 10 포인트 (PC방 접속 중, 길드 가입 중, 토큰 적용 중일 시 각 5 포인트 추가 획득){nl}- 낚시 성공 : 1회 당 1 포인트{nl}- 레전드 레이드 : 35 포인트{nl}*벨코퍼의 둥지 : 100 포인트{nl}*대지의 탑 : 5층 단위로 25 포인트{nl}- 업힐 디펜스 미션 : 10 포인트{nl}- 유니크 레이드 : 20 포인트{nl}- 레벨 던전 : 10 포인트{nl}(레벨 던전을 클리어하여 빠르게 퇴장했을 경우, 포인트 지급이 누락될 수 있습니다.){nl}- 일일 퀘스트 : 10 포인트{nl}- 팀 배틀리그 : 50 포인트 (종료 후 승패에 관계없이 지급){nl}- 성물 레이드: 자동 매칭 : 20 포인트{nl}- 성물 레이드: 자동 매칭(Hard) : 30 포인트	UI_20210115_004561	Le montant maximum de points pouvant être gagnés est réinitialisé chaque lundi à 6h00, heure serveur.{nl}Les points peuvent être gagnés comme suit :{nl} {nl}- Connexion : 10 points (5 points supplémentaires pour les joueurs en guilde et les joueurs sous effet Token){nl}- Pêche réussie : 1 point gagné par prise.{nl}- Raid légendaire : 35 points{nl}* Nid de Velcoffer : 100 points{nl}* Tour de terre : 25 points tous les 5 niveaux){nl}- Mission de défense en montée : 10 points{nl}- Raid unique : 20 points{nl}- Donjon de niveau : 10 points{nl}(Les points peuvent être omis en sortant juste après avoir terminé le donjon de niveau.){nl} - Quête quotidienne : 10 points{nl}- Ligue de combat d'équipe : 50 points (donnés quel que soit le résultat){nl}- Donjon Res Sacrae : Correspondance auto : 20 points{nl}- Donjon Res Sacrae : Correspondance auto (Difficile) : 30 points{nl}- Donjon Res Sacrae : Défi : 50 points	획득 가능한 포인트량은 매주 월요일 6시에 초기화됩니다.{nl}포인트는 아래의 방법으로 획득할 수 있습니다.{nl} {nl}- 접속 : 10 포인트 (PC방 접속 중, 길드 가입 중, 토큰 적용 중일 시 각 5 포인트 추가 획득){nl}- 낚시 성공 : 1회 당 1 포인트{nl}- 레전드 레이드 : 35 포인트{nl}*벨코퍼의 둥지 : 100 포인트{nl}*대지의 탑 : 5층 단위로 25 포인트{nl}- 업힐 디펜스 미션 : 10 포인트{nl}- 유니크 레이드 : 20 포인트{nl}- 레벨 던전 : 10 포인트{nl}(레벨 던전을 클리어하여 빠르게 퇴장했을 경우, 포인트 지급이 누락될 수 있습니다.){nl}- 일일 퀘스트 : 10 포인트{nl}- 팀 배틀리그 : 50 포인트 (종료 후 승패에 관계없이 지급){nl}- 성물 던전: 자동 매칭 : 20 포인트{nl}- 성물 던전: 자동 매칭(Hard) : 30 포인트{nl}- 성물 던전: 도전 모드 : 50 포인트	
UI_20210318_004706	{#ff0000}%s secondes restantes	{#ff0000}%s초 남았습니다				
UI_20210318_004707	{@st41b}Recevoir la Récompense	{@st41b}보상 수령				
UI_20210318_004708	{@st59}Vous avez reçu toutes les récompenses. (Hors récompense selon la progression de la quête){/}	{@st59}획득 가능한 보상을 모두 받습니다.(퀘스트 진행도에 따른 보상은 제외){/}				
UI_20210318_004709	{@st44}{s22}Res Sacrae{/}{/}	{@st44}{s22}성물{/}{/}				
UI_20210318_004710	{@st59}Consomme des ingrédients et un certain montant d'argent pour purifier le {@st66d_y}{s18}Souffle de pouvoir{/}{/}.{/}{nl} {nl}{@st66d_y}{s18}Souffle de pouvoir{/}{/}{@st59} x10 peut être échangé contre {@st204_green}{s18}Souffle de pouvoir purifié{/}{@st59} x1.{nl} {nl}Des ingrédients sont requis à chaque purification d'1 {@st204_green}{s18}Souffle de pouvoir{/}{@st59},{nl}et l'un des objets suivants peut être sélectionné et consommé comme ingrédient.{nl} {nl}Liste des objets{nl} - {@st204_purple}Page de tome mystique{/} {s16} x2{nl} - {@st204_purple}Practonium{/} {s16} x2{nl} - {@st204_purple}Pierre magique{/} {s16} x2{nl} - {@st204_purple}Éclat béni{/} {s16} x20{nl} - {@st204_purple}Gemme bénie de la Déesse{/} {s16} x2{nl} - {@st204_purple}Objet précieux calciné de Tel Harsha{/} {s16} x1{nl} - {@st204_purple}Cœur raffiné de Glacia{/} {s16} x1{nl} - {@st204_purple}Poudre de talc de mite raffinée{/} {s16} x1{nl}  - {@st204_purple}Purificateur de souffle de pouvoir{/} {s16} x1	{@st59}보유한 재료 아이템과 일정량의 실버를 소모하여 {@st66d_y}{s18}권능의 숨결{/}{/}을 정화합니다.{/}{nl} {nl}{@st66d_y}{s18}권능의 숨결{/}{/}{@st59} 10개로{@st204_green}{s18}정화된 권능의 숨결{/}{@st59}  1개를 획득할 수 있습니다.{nl} {nl}{@st204_green}{s18}정화된 권능의 숨결{/}{@st59}  1개를 정화할 때 마다 재료가 필요하며,{nl}다음 아이템 목록 중 한 종류를 선택하여 정화 재료로 소비할 수 있습니다.{nl} {nl}재료 아이템 목록{nl} - {@st204_purple}신비한 서 낱장{/} {s16} 2개{nl}  - {@st204_purple}프락토늄{/} {s16} 2개{nl}  - {@st204_purple}마정석{/} {s16} 2개{nl}  - {@st204_purple}축복받은 조각{/} {s16} 20개{nl}  - {@st204_purple}여신의 축복석{/} {s16} 2개{nl}  - {@st204_purple}그을린 텔하르샤의 의장품{/} {s16} 1개{nl}  - {@st204_purple}정제된 글레이시어 심장{/} {s16} 1개{nl}  - {@st204_purple}정제된 모스 탈크 파우더{/} {s16} 1개{nl}  - {@st204_purple}권능의 숨결 정화제{/} {s16} 1개	UI_20210115_004612	{@st59}Consomme des ingrédients et un certain montant d'argent pour purifier le {@st66d_y}{s18}Souffle de pouvoir{/}{/}.{/}{nl} {nl}{@st66d_y}{s18}Souffle de pouvoir{/}{/}{@st59} x10 peut être échangé contre {@st204_green}{s18}Souffle de pouvoir purifié{/}{@st59} x1.{nl} {nl}Des ingrédients sont requis à chaque purification d'1 {@st204_green}{s18}Souffle de pouvoir{/}{@st59},{nl}et l'un des objets suivants peut être sélectionné et consommé comme ingrédient.{nl} {nl}Liste des objets{nl} - {@st204_purple}Page de tome mystique{/} {s16} x2{nl}  - {@st204_purple}Practonium{/} {s16} x2{nl}  - {@st204_purple}Pierre magique{/} {s16} x2{nl}  - {@st204_purple}Éclat béni{/} {s16} x20{nl}  - {@st204_purple}Gemme bénie de la Déesse{/} {s16} x2{nl}  - {@st204_purple}Objet précieux calciné de Tel Harsha{/} {s16} x1{nl}  - {@st204_purple}Cœur raffiné de Glacia{/} {s16} x1{nl}  - {@st204_purple}Poudre de talc de mite raffinée{/} {s16} x1{nl}	{@st59}보유한 재료 아이템과 일정량의 실버를 소모하여 {@st66d_y}{s18}권능의 숨결{/}{/}을 정화합니다.{/}{nl} {nl}{@st66d_y}{s18}권능의 숨결{/}{/}{@st59} 10개로{@st204_green}{s18}정화된 권능의 숨결{/}{@st59}  1개를 획득할 수 있습니다.{nl} {nl}{@st204_green}{s18}정화된 권능의 숨결{/}{@st59}  1개를 정화할 때 마다 재료가 필요하며,{nl}다음 아이템 목록 중 한 종류를 선택하여 정화 재료로 소비할 수 있습니다.{nl} {nl}재료 아이템 목록{nl} - {@st204_purple}신비한 서 낱장{/} {s16} 2개{nl}  - {@st204_purple}프락토늄{/} {s16} 2개{nl}  - {@st204_purple}마정석{/} {s16} 2개{nl}  - {@st204_purple}축복받은 조각{/} {s16} 20개{nl}  - {@st204_purple}여신의 축복석{/} {s16} 2개{nl}  - {@st204_purple}그을린 텔하르샤의 의장품{/} {s16} 1개{nl}  - {@st204_purple}정제된 글레이시어 심장{/} {s16} 1개{nl}  - {@st204_purple}정제된 모스 탈크 파우더{/} {s16} 1개{nl}	
UI_20210318_004711	{@st66b}Écouter la Musique des Autres Personnages{/}	{@st66b}다른 캐릭터 연주 듣기{/}	UI_20180629_003340	{@st66b}Entendre les Flûtes des Autres Personnages{/}	{@st66b}다른 캐릭터 피리 연주 듣기{/}	
UI_20210318_004712	{@st66b}Optimiser la Vitesse de Mise à Jour{/}	{@st66b}업데이트 속도 최적화{/}				
UI_20210318_004713	{@st59}Contrôle la vitesse de mise à jour des objets dynamiques selon les performances. Les personnages et monstres peuvent sembler saccadés.{/}	{@st59}동적 오브젝트의 업데이트 속도를 성능에 따라 조절합니다. 캐릭터와 몬스터가 끊겨 보일 수 있습니다.{/}				
UI_20210318_004714	{@st41b}{s18}  Ichor Aléatoire	{@st41b}{s18}  랜덤 아이커				
UI_20210318_004715	{@st41b}{s18}  Ichor Fixe	{@st41b}{s18}  고정 아이커				
UI_20210326_004716	Retour à l'entrée dans un instant.	잠시 후 입구로 돌아갑니다.	ETC_20161005_025547	Vous retournerez à l'entrée dans 60 secondes !	60초 후 입구로 돌아갑니다.	
UI_20210326_004717	{@st66b}Volume de l'instrument (%s){/}	{@st66b}연주 크기 (%s){/}	UI_20180629_003339	{@st66b}Volume de la flûte (%s){/}	{@st66b}피리 연주 크기 (%s){/}	
UI_20210326_004718	{@st59}Décochez si vous ne voulez pas entendre les instruments des autres personnages.{/}	{@st59}다른 캐릭터의 연주를 듣지 않으려면 체크를 해제해주세요.{/}	UI_20180629_003341	{@st59}Décochez si vous ne voulez pas entendre les flûtes des autres personnages.{/}	{@st59}다른 캐릭터의 피리 연주를 듣지 않으려면 체크를 해제해주세요.{/}	
UI_20210412_004719	{@st59}Consomme des ingrédients et un certain montant d'argent pour purifier le {@st66d_y}{s18}Souffle de pouvoir{/}{/}.{/}{nl} {nl}{@st66d_y}{s18}Souffle de pouvoir{/}{/}{@st59} x10 peut être échangé contre {@st204_green}{s18}Souffle de pouvoir purifié{/}{@st59} x1.{nl} {nl}Des ingrédients sont requis à chaque purification d'1 {@st204_green}{s18}Souffle de pouvoir{/}{@st59},{nl}et l'un des objets suivants peut être sélectionné et consommé comme ingrédient.{nl} {nl}Liste des objets{nl} - {@st204_purple}Page de tome mystique{/} {s16} x2{nl} - {@st204_purple}Practonium{/} {s16} x2{nl} - {@st204_purple}Pierre magique{/} {s16} x2{nl} - {@st204_purple}Éclat béni{/} {s16} x20{nl} - {@st204_purple}Gemme bénie de la Déesse{/} {s16} x2{nl} - {@st204_purple}Objet précieux calciné de Tel Harsha{/} {s16} x1{nl} - {@st204_purple}Cœur raffiné de Glacia{/} {s16} x1{nl} - {@st204_purple}Poudre de talc de mite raffinée{/} {s16} x1{nl} - {@st204_purple}Purificateur de souffle de pouvoir{/} {s16} x1{nl} - {@st204_purple}[Événement] Purificateur de souffle de pouvoir{/} {s16} x1	{@st59}보유한 재료 아이템과 일정량의 실버를 소모하여 {@st66d_y}{s18}권능의 숨결{/}{/}을 정화합니다.{/}{nl} {nl}{@st66d_y}{s18}권능의 숨결{/}{/}{@st59} 10개로{@st204_green}{s18}정화된 권능의 숨결{/}{@st59}  1개를 획득할 수 있습니다.{nl} {nl}{@st204_green}{s18}정화된 권능의 숨결{/}{@st59}  1개를 정화할 때 마다 재료가 필요하며,{nl}다음 아이템 목록 중 한 종류를 선택하여 정화 재료로 소비할 수 있습니다.{nl} {nl}재료 아이템 목록{nl} - {@st204_purple}신비한 서 낱장{/} {s16} 2개{nl}  - {@st204_purple}프락토늄{/} {s16} 2개{nl}  - {@st204_purple}마정석{/} {s16} 2개{nl}  - {@st204_purple}축복받은 조각{/} {s16} 20개{nl}  - {@st204_purple}여신의 축복석{/} {s16} 2개{nl}  - {@st204_purple}그을린 텔하르샤의 의장품{/} {s16} 1개{nl}  - {@st204_purple}정제된 글레이시어 심장{/} {s16} 1개{nl}  - {@st204_purple}정제된 모스 탈크 파우더{/} {s16} 1개{nl}  - {@st204_purple}권능의 숨결 정화제{/} {s16} 1개{nl}  - {@st204_purple}[이벤트] 권능의 숨결 정화제{/} {s16} 1개	UI_20210318_004710	{@st59}Consomme des ingrédients et un certain montant d'argent pour purifier le {@st66d_y}{s18}Souffle de pouvoir{/}{/}.{/}{nl} {nl}{@st66d_y}{s18}Souffle de pouvoir{/}{/}{@st59} x10 peut être échangé contre {@st204_green}{s18}Souffle de pouvoir purifié{/}{@st59} x1.{nl} {nl}Des ingrédients sont requis à chaque purification d'1 {@st204_green}{s18}Souffle de pouvoir{/}{@st59},{nl}et l'un des objets suivants peut être sélectionné et consommé comme ingrédient.{nl} {nl}Liste des objets{nl} - {@st204_purple}Page de tome mystique{/} {s16} x2{nl} - {@st204_purple}Practonium{/} {s16} x2{nl} - {@st204_purple}Pierre magique{/} {s16} x2{nl} - {@st204_purple}Éclat béni{/} {s16} x20{nl} - {@st204_purple}Gemme bénie de la Déesse{/} {s16} x2{nl} - {@st204_purple}Objet précieux calciné de Tel Harsha{/} {s16} x1{nl} - {@st204_purple}Cœur raffiné de Glacia{/} {s16} x1{nl} - {@st204_purple}Poudre de talc de mite raffinée{/} {s16} x1{nl}  - {@st204_purple}Purificateur de souffle de pouvoir{/} {s16} x1	{@st59}보유한 재료 아이템과 일정량의 실버를 소모하여 {@st66d_y}{s18}권능의 숨결{/}{/}을 정화합니다.{/}{nl} {nl}{@st66d_y}{s18}권능의 숨결{/}{/}{@st59} 10개로{@st204_green}{s18}정화된 권능의 숨결{/}{@st59}  1개를 획득할 수 있습니다.{nl} {nl}{@st204_green}{s18}정화된 권능의 숨결{/}{@st59}  1개를 정화할 때 마다 재료가 필요하며,{nl}다음 아이템 목록 중 한 종류를 선택하여 정화 재료로 소비할 수 있습니다.{nl} {nl}재료 아이템 목록{nl} - {@st204_purple}신비한 서 낱장{/} {s16} 2개{nl}  - {@st204_purple}프락토늄{/} {s16} 2개{nl}  - {@st204_purple}마정석{/} {s16} 2개{nl}  - {@st204_purple}축복받은 조각{/} {s16} 20개{nl}  - {@st204_purple}여신의 축복석{/} {s16} 2개{nl}  - {@st204_purple}그을린 텔하르샤의 의장품{/} {s16} 1개{nl}  - {@st204_purple}정제된 글레이시어 심장{/} {s16} 1개{nl}  - {@st204_purple}정제된 모스 탈크 파우더{/} {s16} 1개{nl}  - {@st204_purple}권능의 숨결 정화제{/} {s16} 1개	
UI_20210412_004720	Arche non combinable ni transférable	아크 합성/이전 불가				
UI_20210518_004721	, le rôle de maître de guilde ne peut plus être transféré.{nl}ⓘ Les paramètres de participation ne peuvent être modifiés que jusqu'à 5 minutes avant le début des guerres de territoire, ou 1 minute après leur fin.{nl}ⓘ Ils peuvent être modifiés que votre guilde ait une tour ou non.{nl}ⓘ Les membres de guilde ayant quitté leur précédente guilde il y a moins de 7 jours ne peuvent pas participer aux GTW.	로 변경 시 길드 마스터 위임이 불가능합니다.{nl}ⓘ 참가 여부 옵션은 길드 콜로니전 시작 5분 전 부터 종료 1분 후까지 변경할 수 없습니다.{nl}ⓘ 참가 여부 옵션은 길드 타워의 설치 유무와 상관없이 변경할 수 있습니다.{nl}ⓘ 이전 길드 탈퇴일을 기점으로 7일 미만인 길드원은 길드 콜로니전에 참가할 수 없습니다.	UI_20190104_003673	, le rôle de maître de guilde ne peut plus être transféré.{nl}ⓘ Les paramètres de participation ne peuvent être modifiés que jusqu'à 5 minutes avant le début des guerres de territoire, ou 1 minute après leur fin.{nl}ⓘ Ils peuvent être modifiés que votre guilde ait une tour ou non.{nl}ⓘ Les membres de guilde ayant quitté leur précédente guilde il y a moins de 14 jours ne peuvent pas participer aux GTW.	로 변경 시 길드 마스터 위임이 불가능합니다.{nl}ⓘ 참가 여부 옵션은 길드 콜로니전 시작 5분 전 부터 종료 1분 후까지 변경할 수 없습니다.{nl}ⓘ 참가 여부 옵션은 길드 타워의 설치 유무와 상관없이 변경할 수 있습니다.{nl}ⓘ 이전 길드 탈퇴일을 기점으로 14일 미만인 길드원은 길드 콜로니전에 참가할 수 없습니다.	
UI_20210518_004722	{@st59}Donnez des fournitures de secours ou des consommables principaux pour augmenter le taux de réputation{/}{nl} {nl}Les consommables principaux sont les suivants{nl}  - Objet précieux calciné de Tel Harsha : 20{nl}  - Cœur raffiné de Glacia : 20{nl}  - Poudre de talc de mite raffinée : 20{nl}  - Brikynite : 5{nl}  - Pierre magique : 5{nl}  - Page de tome mystique : 5{nl}  - Practonium : 5{nl}  - Gemme bénie de la Déesse : 5{nl}  - [Événement] Coupon de réputation : 5 : 5	{@st59}구호 물품 또는 주요 재화를 증여하여 명성도를 올릴 수 있습니다.{/}{nl}　{nl}주요 재화 교환 정보{nl}  - 그을린 텔하르샤의 의장품 : 20{nl}  - 정제된 글레이시어의 심장 : 20{nl}  - 정제된 모스 탈크 파우더 : 20{nl}  - 브리키나이트 : 5{nl}  - 마정석 : 5{nl}  - 신비한 서 낱장 : 5{nl}  - 프락토늄 : 5{nl}  - 여신의 축복석 : 5{nl}  - [이벤트] 명성 증가 쿠폰 : 5 : 5	UI_20210115_004632	{@st59}Donnez des fournitures de secours ou des consommables principaux pour augmenter le taux de réputation{/}{nl} {nl}Les consommables principaux sont les suivants{nl}  - Objet précieux calciné de Tel Harsha : 20{nl}  - Cœur raffiné de Glacia : 20{nl}  - Poudre de talc de mite raffinée : 20{nl}  - Brikynite : 5{nl}  - Pierre magique : 5{nl}  - Page de tome mystique : 5{nl}  - Practonium : 5{nl}  - Gemme bénie de la Déesse : 5	{@st59}구호 물품 또는 주요 재화를 증여하여 명성도를 올릴 수 있습니다.{/}{nl}　{nl}주요 재화 교환 정보{nl}  - 그을린 텔하르샤의 의장품 : 20{nl}  - 정제된 글레이시어의 심장 : 20{nl}  - 정제된 모스 탈크 파우더 : 20{nl}  - 브리키나이트 : 5{nl}  - 마정석 : 5{nl}  - 신비한 서 낱장 : 5{nl}  - 프락토늄 : 5{nl}  - 여신의 축복석 : 5	
UI_20210518_004723	{@st66}Aucun remboursement possible après réception des TP.{nl}Pour plus de détails, veuillez consulter la politique de remboursement de Steam et la FAQ du site Steam.{/}	{@st66}TP를 획득한 후에는 환불이 불가능합니다.{nl}자세한 내용은 Steam의 환불 정책 및 공식 사이트의 FAQ를 참조하세요.{/}				
UI_20210518_004724	{@st59}Contrôle la vitesse de mise à jour des personnages et monstres selon les performances. Les personnages et monstres peuvent sembler saccadés.{/}	{@st59}캐릭터와 몬스터의 업데이트 속도를 성능에 따라 조절합니다. 끊겨 보일 수 있습니다.{/}				
UI_20210518_004725	- La valeur de transmutation peut être augmentée de +1, et le matériau de transmutation disparaît.{nl}- Quand la valeur de transmutation atteint MAX, le matériau principal, le matériau secondaire et le matériau de transmutation disparaissent tous, et un objet de niveau supérieur est obtenu.	- 연성을 통해 주 재료의 연성 수치를 +1 증가시킬 수 있으며, 연성 재료는 소멸됩니다.{nl}- 연성 수치가 MAX치에 도달하면 주 재료, 보조 재료, 연성 재료가 모두 소멸되고 상위 레벨의 아이템을 획득하게 됩니다.				
UI_20210518_004726	Échanger l'Arme Vaivora [Niv4]	[Lv4] 바이보라 무기 교환				
UI_20210518_004727	Matériau Principal	주 재료				
UI_20210518_004728	{@st41b}{s18}Échanger	{@st41b}{s18}교환				
UI_20210518_004729	{@st42b}{s15}{b}{#FFFFFF}Limite d'utilisation : %s{/}{/}{/}{/}	{@st42b}{s15}{b}{#FFFFFF}사용제한 : %s{/}{/}{/}{/}	UI_20160718_002248	Impossible d'utiliser :	사용제한 : %s	
UI_20210614_004730	{@st41b}{s18}  Option	{@st41b}{s18}  옵션				
UI_20210809_004731	Améliorer la Gemme d'Éther	에테르 젬 강화				
UI_20210809_004732	{@st59}Améliorez la {@st66d_y}{s18}gemme d'éther/}{/} dans l'inventaire ou équipée dans l'emplacement de l'équipement de rang Déesse.{/}{nl} {nl}{@st66d_y}Selon le {@st59}niveau de la {s18}gemme d'éther{/} et le {@st204_purple}{s18}palier terminé, le taux de réussite de l'amélioration diffère{/}{@st59}.{nl}{@st66d_y}{s18}La gemme d'éther{/}{@st59} peut être améliorée jusqu'à 5 fois maximum et aucun coût n'est consommé lors de l'amélioration de la gemme.{nl}Lors de l'amélioration, la statistique (FOR, INT, DEX, SPR, CON) de la {@st66d_y}{s18}gemme d'éther{/}{@st59} augmente de 2 par niveau.{nl} {nl}※ Vous pouvez obtenir la gemme d'éther via la Chasse aux primes.	{@st59}착용 중인 가디스 장비 소켓에 장착 중이거나, 인벤토리에 보유 중인 {@st66d_y}{s18}에테르 젬{/}{/}을 강화합니다.{/}{nl} {nl}{@st66d_y}{s18}에테르 젬{/}{@st59}의 레벨과 {@st204_purple}{s18}클리어 스테이지 단계에 따라 강화 성공 확률이 차등 적용{/}{@st59}됩니다.{nl}{@st66d_y}{s18}에테르 젬{/}{@st59} 강화는 최대 5회까지 진행 가능하며, 젬 강화에 소모되는 비용이 없습니다.{nl}강화 시 1레벨당 각 {@st66d_y}{s18}에테르 젬{/}{@st59}의 지정된 능력치(힘, 지능, 민첩, 정신, 체력)가 +2 상승합니다.{nl} {nl}※ 에테르 젬은 바운티 헌트를 통해 획득할 수 있습니다.				
UI_20210809_004733	Sélectionner une gemme	젬을 선택하세요				
UI_20210809_004734	Nom de la Gemme	젬이름				
UI_20210809_004735	Terminer le Palier - 14	클리어 스테이지 - 14층				
UI_20210809_004736	Chance de réussite 100 %	성공률 100%				
UI_20210809_004737	{@st59}Améliorer la gemme d'éther de l'objet équipé{/}	{@st59}장착된 아이템의 에테르 젬을 강화합니다{/}				
UI_20210809_004738	{@st59}Améliorer la gemme d'éther stockée dans l'inventaire{/}	{@st59}인벤토리에 보유한 에테르 젬을 강화합니다{/}				
UI_20210809_004739	Au-dessus de Légendaire	레전드 이상				
UI_20210809_004740	{@st41b}{s20}Utiliser l'Ordre	{@st41b}{s20}지령서 사용				
UI_20210809_004741	Chasse aux Primes	바운티 헌트				
UI_20210809_004742	Annuler la chasse aux primes.	바운티 헌트를 취소합니다.				
UI_20210809_004743	Le montant maximum de points pouvant être gagnés est réinitialisé chaque lundi à 6h00, heure serveur.{nl}Les points peuvent être gagnés comme suit :{nl} {nl}- Se connecter au jeu : 10 points (5 points supplémentaires pour les joueurs en guilde et les joueurs sous effet Token){nl} - Pêche réussie : 1 point gagné par prise.{nl}- Raid légendaire : 35 points{nl}{nl}*Nid de Velcoffer : 100 points{nl}*Tour de terre : 25 points tous les 5 étages{nl}- Mission de défense en montée : 10 points{nl}- Donjon de niveau : 10 points{nl}(Les points peuvent être omis en sortant juste après avoir terminé le donjon de niveau.){nl}- Quête quotidienne : 10 points{nl}- Ligue de combat d'équipe : 50 points (donnés quel que soit le résultat){nl}- Raid Res Sacrae : Correspondance auto : 20 points{nl}- Raid Res Sacrae : Correspondance auto (Difficile) : 30 points	획득 가능한 포인트량은 매주 월요일 6시에 초기화됩니다.{nl}포인트는 아래의 방법으로 획득할 수 있습니다.{nl} {nl}- 접속 : 10 포인트 (PC방 접속 중, 길드 가입 중, 토큰 적용 중일 시 각 5 포인트 추가 획득){nl}- 낚시 성공 : 1회 당 1 포인트{nl}- 레전드 레이드 : 35 포인트{nl}*벨코퍼의 둥지 : 100 포인트{nl}*대지의 탑 : 5층 단위로 25 포인트{nl}- 업힐 디펜스 미션 : 10 포인트{nl}- 레벨 던전 : 10 포인트{nl}(레벨 던전을 클리어하여 빠르게 퇴장했을 경우, 포인트 지급이 누락될 수 있습니다.){nl}- 일일 퀘스트 : 10 포인트{nl}- 팀 배틀리그 : 50 포인트 (종료 후 승패에 관계없이 지급){nl}- 성물 레이드: 자동 매칭 : 20 포인트{nl}- 성물 레이드: 자동 매칭(Hard) : 30 포인트	UI_20210318_004705	Le montant maximum de points pouvant être gagnés est réinitialisé chaque lundi à 6h00, heure serveur.{nl}Les points peuvent être gagnés comme suit :{nl} {nl}- Se connecter au jeu : 10 points (5 points supplémentaires pour les joueurs en guilde et les joueurs sous effet Token){nl} - Pêche réussie : 1 point gagné par prise.{nl}- Raid légendaire : 35 points{nl}{nl}*Nid de Velcoffer : 100 points{nl}*Tour de terre : 25 points tous les 5 étages{nl}- Mission de défense en montée : 10 points{nl}- Raid unique : 20 points{nl}- Donjon de niveau : 10 points{nl}(Les points peuvent être omis en sortant juste après avoir terminé le donjon de niveau.){nl}- Quête quotidienne : 10 points{nl}- Ligue de combat d'équipe : 50 points (donnés quel que soit le résultat){nl}- Raid Res Sacrae : Correspondance auto : 20 points{nl}- Raid Res Sacrae : Correspondance auto (Difficile) : 30 points	획득 가능한 포인트량은 매주 월요일 6시에 초기화됩니다.{nl}포인트는 아래의 방법으로 획득할 수 있습니다.{nl} {nl}- 접속 : 10 포인트 (PC방 접속 중, 길드 가입 중, 토큰 적용 중일 시 각 5 포인트 추가 획득){nl}- 낚시 성공 : 1회 당 1 포인트{nl}- 레전드 레이드 : 35 포인트{nl}*벨코퍼의 둥지 : 100 포인트{nl}*대지의 탑 : 5층 단위로 25 포인트{nl}- 업힐 디펜스 미션 : 10 포인트{nl}- 유니크 레이드 : 20 포인트{nl}- 레벨 던전 : 10 포인트{nl}(레벨 던전을 클리어하여 빠르게 퇴장했을 경우, 포인트 지급이 누락될 수 있습니다.){nl}- 일일 퀘스트 : 10 포인트{nl}- 팀 배틀리그 : 50 포인트 (종료 후 승패에 관계없이 지급){nl}- 성물 레이드: 자동 매칭 : 20 포인트{nl}- 성물 레이드: 자동 매칭(Hard) : 30 포인트	
UI_20210809_004744	{@st66b}{s16}- Combinez 3 armes Vaivora pour obtenir une arme Vaivora aléatoire.{nl}- Un équipement Vaivora transmuté ne peut pas être combiné.{nl} - 1 [Pierre d'origine Vaivora] est donnée à chaque combinaison Vaivora. Vous pouvez sélectionner et obtenir 1 arme unique Vaivora avec 5 pierres d'origine Vaivora.	{@st66b}{s16}- 3개의 바이보라 무기를 합성하여 무작위 바이보라 무기를 획득합니다. {nl} - 연성된 바이보라 장비는 합성이 불가능 합니다.{nl} - 바이보라 합성 이용 1회 마다 [바이보라 근원석] 아이템을 1개 획득합니다. 바이보라 근원석 5개로 원하는 바이보라 유니크 무기 1개를 선택하여 획득할 수 있습니다.	UI_20200826_004441	{@st66b}{s16}- Combinez 3 armes Vaivora pour obtenir une arme Vaivora aléatoire.{nl}- Un équipement Vaivora transmuté ne peut pas être combiné.	{@st66b}{s16}- 3개의 바이보라 무기를 합성하여 무작위 바이보라 무기를 획득합니다. {nl} - 연성된 바이보라 장비는 합성이 불가능 합니다.	
UI_20210809_004745	{s16}Voulez-vous vraiment utiliser %s ?{/}	{s16}%s 아이템을 사용하시겠습니까?{/}				
UI_20210809_004746	{@st43}Extraire la Propriété Luciferie{/}	{@st43}루시페리 속성 추출{/}				
UI_20210809_004747	{@st59}Fermer{/}	{@st59}루세피리 속성 추출창을 닫습니다{/}				
UI_20210809_004748	Extraire la Propriété Luciferie	루시페리 속성 추출				
UI_20210809_004749	Obtenez 2 parchemins avec des propriétés sauvegardées en extrayant la valeur d'amélioration/transcendance/potentiel de l'accessoire Luciferie.{nl}*La propriété de l'objet extrait devient 0.	루시페리 계열 액세서리의 강화/초월/포텐셜 속성 수치를 추출하여 속성이 저장된 스크롤 2장을 획득합니다.{nl}*추출된 아이템의 모든 속성은 0이 됩니다.				
UI_20210809_004750	{@st41b}Extraire	{@st41b}추출				
UI_20210809_004751	{@st59}Fermer{/}	{@st59}설치 UI를 닫습니다{/}	UI_20150317_000064	{@st59}Fermer{/}	{@st59}자판기를 닫습니다{/}	
UI_20210809_004752	{@st66}Les aliments sur la table de rafraîchissements sont normalement offerts au groupe et aux membres de la guilde.	{@st66}배식 테이블의 음식은 기본적으로 파티원과 길드원에게 제공됩니다.				
UI_20210809_004753	{@st43}Copier le Niveau de Carte de la Déesse{/}	{@st43}여신 카드 레벨 복사{/}				
UI_20210809_004754	Veuillez placer la carte à copier. 	복사할 카드를 올려주세요				
UI_20210809_004755	Veuillez placer la carte cible. 	대상 카드를 올려주세요				
UI_20210809_004756	{@st59}Fermer{/}	{@st59}여신 카드 복사를 닫습니다{/}				
UI_20210809_004757	Copier le Niveau de Carte de la Déesse	여신 카드 레벨 복사				
UI_20210809_004758	{@st41b}Copier	{@st41b}복사				
UI_20210809_004759	Gestion de l'Équipement de la Déesse	가디스 장비 관리				
UI_20210809_004760	{@st61}{s24}Gestion de l'équipement de la Déesse{/}{s18}{nl} {nl}{s20}Forge{nl} {s18}- Améliorer : Vous pouvez tenter une amélioration en utilisant {#ffff11}les ingrédients de l'équipement et le Token de la Déesse comme ingrédient de base{/}, et {#ffff11}augmenter la chance d'amélioration en utilisant une Aide à l'amélioration comme ingrédient supplémentaire.{nl}La valeur d'amélioration ne diminue pas en cas d'échec et la probabilité ajustée augmente selon le nombre total d'échecs.{nl}(La probabilité ajustée est réinitialisée en cas de réussite de l'amélioration.){nl}  - Enchanter : Appliquez des statistiques d'enchantement en utilisant le Joyau d'enchantement de la Déesse avec le niveau d'équipement approprié.{nl}  - Transcendance : Augmentez le palier de transcendance de l'équipement en consommant une Gemme bénie de la Déesse. Le palier de transcendance maximum est 10. {nl}  - Évoluer : Utilisez {#22aaff}le Token de la Déesse, une Gemme bénie de la Déesse, un ingrédient de l'équipement, et une Pierre d'évolution avec le niveau d'équipement approprié{/} pour faire évoluer l'arme de rang Déesse{nl}(cependant, les armures ne peuvent pas évoluer et le palier de transcendance de l'arme de rang Déesse à faire évoluer doit être 10).{nl}L'{#22aaff}attaque de base de l'arme augmente de 5 % lors de l'évolution{/} et l'effet d'évolution est appliqué à l'apparence de l'arme.{nl} {nl}{s20}Graver{nl} {s18}- Sauvegarder une gravure : Vous pouvez sauvegarder une statistique aléatoire de l'équipement de rang Déesse équipé dans la gravure.{nl}{#ffff11}Une Pierre de gravure du niveau d'équipement approprié est utilisée{/} pour sauvegarder la gravure et nécessite au moins une pierre par tentative.{nl}  - Appliquer une gravure : Appliquez la gravure sauvegardée à l'équipement actuel. Un Token de la Déesse est consommé lors de l'application de la gravure.{nl}. - Ichor : Vous pouvez sauvegarder l'Ichor de statistique aléatoire d'armure Niv.430 comme gravure. Cela sera sauvegardé avec 100 % de chance et {#ffff11}l'ichor de statistique aléatoire sauvegardé sera détruit{/}.{nl} {nl}{s20}Emplacement{nl}{s18}  - Armure : 2 emplacements normaux peuvent être ouverts. Un Token de la Déesse est consommé pour ouvrir un emplacement normal.{nl}. - Arme : 2 emplacements normaux et 1 emplacement de gemme d'éther peuvent être ouverts.{nl}Un Token de la Déesse est consommé pour ouvrir un emplacement normal et l'emplacement de gemme d'éther peut être ouvert avec un niveau d'équipement approprié	{@st61}{s24}가디스 장비 관리 시스템{/}{s18}{nl} {nl}{s20}재련{nl} {s18}- 강화 : {#ffff11}장비의 제작 재료와 여신의 증표를 기본 재료{/}로 강화를 시도할 수 있으며, {#ffff11}추가 재료로 강화 보조제를 사용하여 강화 확률을 상승{/}시킬 수 있습니다.{nl}강화 실패시 강화 수치가 하락하지 않으며, 누적 실패 횟수에 따른 확률 보정이 증가합니다.{nl}(누적 실패에 따른 확률 보정은 강화 성공시 초기화됩니다.){nl}  - 인챈트 : 장비 레벨에 맞는 가디스 인챈트 쥬얼을 사용하여 인챈트 옵션을 부여할 수 있습니다.{nl}  - 초월 : 여신의 축복석을 사용하여 해당 장비의 초월 단계를 증가시킬 수 있습니다. 초월 단계는 10이 최대입니다. {nl}  - 진화 : {#22aaff}여신의 증표, 여신의 축복석, 장비의 제작 재료, 장비 레벨에 맞는 진화석{/}을 사용하여 가디스 등급 무기를 진화시킵니다{nl}(단, 방어구는 진화할 수 없으며, 진화하려는 가디스 등급 무기는 초월 단계가 10이어야 합니다.){nl}{#22aaff}진화 시 무기의 기본 공격력의 5%가 상승{/}하며, 무기 외형에 진화 이펙트가 추가됩니다.{nl} {nl}{s20}각인{nl} {s18}- 각인 저장 : 장착하고 있는 가디스 등급 장비의 랜덤 옵션을 각인에 저장합니다.{nl}각인 저장에는 {#ffff11}장비 레벨에 맞는 각인석이 사용{/}되며, 저장 시도마다 최소 1개를 필요로 합니다.{nl}  - 각인 부여 : 저장된 각인을 장착 중인 장비에 부여합니다. 각인 부여 시 여신의 증표가 소모됩니다.{nl}  - 아이커 : Lv.430 방어구 랜덤 옵션 아이커를 각인에 저장합니다. 100%확률로 저장되며 {#ffff11}저장 시 랜덤 옵션 아이커는 소멸{/}합니다.{nl} {nl}{s20}소켓 관리{nl}{s18}  - 방어구 : 총 2개의 일반 소켓을 개방할 수 있습니다. 일반 소켓 개방에는 여신의 증표가 소모됩니다.{nl}  - 무기 : 총 2개의 일반 소켓과 1개의 에테르 젬 소켓을 개방할 수 있습니다.{nl}일반 소켓 개방에는 여신의 증표가 소모되며, 에테르 젬 소켓은 장비 레벨에 알맞는 				
UI_20210809_004761	Clé d'Emplacement de Gemme d'Éther	에테르 젬 소켓 열쇠				
UI_20210809_004762	.{nl} {nl}{s20}Fabrication{nl} {s18}- Fabriquez un équipement de rang Déesse avec des ingrédients obtenus du raid de la Déesse.{nl} {nl}{s20}Succession{nl} {s18}- Fabriquez un équipement de rang Déesse en utilisant un équipement de rang légendaire Niv.440 comme ingrédient.{nl}Vous pouvez transférer partiellement la valeur de renforcement et d'enchantement vers l'équipement de rang Déesse selon le palier de renforcement et de transcendance de l'équipement de rang légendaire utilisé comme ingrédient.{nl} {nl}{s20}Changement de type{nl} {s18}- En utilisant un niveau d'équipement approprié 	로 개방할 수 있습니다.{nl} {nl}{s20}제작{nl} {s18}- 가디스 레이드에서 획득한 재료로 가디스 장비를 제작할 수 있습니다.{nl} {nl}{s20}계승{nl} {s18}- Lv.440 레전드 등급 장비를 재료로 가디스 장비를 제작합니다.{nl}제작 시 레전드 등급 장비의 강화, 초월 단계에 따라 강화, 인챈트 옵션 수치를 일부 이전할 수 있습니다.{nl} {nl}{s20}계열 변경{nl} {s18}- 장비 레벨에 맞는 				
UI_20210809_004763	Tome de Changement de Type d'Équipement	장비 계열 변경의 서				
UI_20210809_004764	comme ingrédient, vous pouvez changer l'équipement vers un autre type avec le même niveau et grade.	를 재료로 동일 레벨, 등급의 다른 장비로 변경할 수 있습니다.				
UI_20210809_004765	{@st59}Forge{/}	{@st59}재련{/}				
UI_20210809_004766	{@st59}Graver{/}	{@st59}각인{/}				
UI_20210809_004767	{@st59}Succession{/}	{@st59}계승{/}				
UI_20210809_004768	{@st59}Changement de type{/}	{@st59}계열 변경{/}				
UI_20210809_004769	{@st66b}Améliorer	{@st66b}강화				
UI_20210809_004770	{@st66b}Enchanter	{@st66b}인챈트				
UI_20210809_004771	{@st66b}Transcender	{@st66b}초월				
UI_20210809_004772	{@st66b}Évoluer	{@st66b}진화				
UI_20210809_004773	Poursuivre le tutoriel d'amélioration.	강화 튜토리얼을 진행할 수 있습니다.				
UI_20210809_004774	Poursuivre le tutoriel d'enchantement.	인챈트 튜토리얼을 진행할 수 있습니다.				
UI_20210809_004775	Ingrédient d'Amélioration	강화 재료				
UI_20210809_004776	Ingrédient Supplémentaire	추가 재료				
UI_20210809_004777	{@st42}{s20}Aide à l'amélioration (%s / %s){/}{/}	{@st42}{s20}강화 보조제 (%s / %s){/}{/}				
UI_20210809_004778	{@st42}{s20}Aide à l'amélioration premium (%s / %s){/}{/}	{@st42}{s20}프리미엄 강화 보조제 (%s / %s){/}{/}				
UI_20210809_004779	{@st42}{s24}Probabilité ajustée en cas d'échec :{/}{/}	{@st42}{s24}누적 실패 보정:{/}{/}				
UI_20210809_004780	{@st42}{s24}Taux de réussite :{/}{/}	{@st42}{s24}성공 확률:{/}{/}				
UI_20210809_004781	{@st41b}{s18}Ignorer la Fenêtre de Confirmation{/}{/}	{@st41b}{s18}확인 창 생략{/}{/}				
UI_20210809_004782	{@st43b}{s18}Statistique Actuellement Appliquée	{@st43b}{s18}현재 적용중인 옵션				
UI_20210809_004783	{@st43b}{s18}Résultat	{@st43b}{s18}결과				
UI_20210809_004784	{@st43b}{s18}Placez le joyau d'enchantement de la Déesse ici	{@st43b}{s18}가디스 인챈트 쥬얼을 올려주세요				
UI_20210809_004785	{@st41b}{s18}Nombre actuel de %s : %s	{@st41b}{s18}현재 %s 보유 개수: %s개				
UI_20210809_004786	{@st66}{s18}{b} %s x%s seront consommés.	{@st66}{s18}{b} %s %s개가 소비됩니다.				
UI_20210809_004787	{@st41}{s22}Palier %s{/}	{@st41}{s22}%s단계{/}				
UI_20210809_004788	{@st45}{s20}Temps d'agrandissement restant : {#FF0000}%s{/}{/}{/}	{@st45}{s20}남은 확장 시간 : {#FF0000}%s{/}{/}{/}				
UI_20210809_004789	{@st41b}{s18}Changer le Nom	{@st41b}{s18}이름 변경				
UI_20210809_004790	{@st59}Changer le Nom de l'Ensemble de Gravure{/}	{@st59}각인 세트 이름을 변경합니다{/}				
UI_20210809_004791	Tout Sélectionner	모두 선택				
UI_20210809_004792	{@st66b}Sauvegarder la Gravure	{@st66b}각인 저장				
UI_20210809_004793	{@st66b}Appliquer la Gravure	{@st66b}각인 부여				
UI_20210809_004794	{@st66b}Ichor	{@st66b}아이커				
UI_20210809_004795	{@sti1c}{s18} - Au moins une pierre de gravure est requise pour tenter de sauvegarder la gravure,{nl}et {#1199bb}la chance de réussite augmente de 5 % par pierre de gravure{/}.{nl} {nl}  - Vous ne pouvez pas sauvegarder la gravure si la statistique aléatoire à sauvegarder est identique à celle déjà sauvegardée.{/}	{@sti1c}{s18} - 최소 1개의 각인석을 사용해야 각인 저장을 시도할 수 있으며,{nl}{#1199bb}각인석 1개당 성공 확률이 5% 상승{/}합니다,{nl} {nl}  - 저장 하려는 랜덤 옵션과 동일한 랜덤 옵션이 해당 부위에 저장되어 있다면 각인 저장을 시도할 수 없습니다.{/}				
UI_20210809_004796	À sauvegarder	저장할 옵션				
UI_20210809_004797	Actuellement Sauvegardé	현재 저장된 옵션				
UI_20210809_004798	{@st42}{s24}Chance de sauvegarde de gravure : {/}{s34}%s{/}{s24}%{/}{s18} (%s% + %s%){/}{/}	{@st42}{s24}각인 저장 확률: {/}{s34}%s{/}{s24}%{/}{s18} (%s% + %s%){/}{/}				
UI_20210809_004799	Sauvegarder la Gravure	각인 저장				
UI_20210809_004800	Appliquer la Gravure	각인 적용				
UI_20210809_004801	{@sti1c}{s18} - Seul l'{#aa9911}Ichor de statistique aléatoire d'armure Niv.430{/} peut être sauvegardé comme gravure.{nl} {nl}  - La pierre de gravure n'est pas requise pour sauvegarder l'{#aa991}Ichor de statistique aléatoire d'armure Niv.430{/} et est sauvegardée avec 100 % de chance.{/}	{@sti1c}{s18} - {#aa9911}Lv.430 방어구 랜덤 옵션 아이커{/}만 각인에 저장할 수 있습니다.{nl} {nl}  -{#aa991}Lv.430 방어구 랜덤 옵션 아이커{/}를 각인에 저장할 때에는 각인석이 필요하지 않으며, 100% 확률로 저장 됩니다.{/}				
UI_20210809_004802	{@st42}{s24}Chance de sauvegarde de gravure : {/}{s34}%s{/}{s24}%{/}{/}	{@st42}{s24}각인 저장 확률: {/}{s34}%s{/}{s24}%{/}{/}				
UI_20210809_004803	{@st42}{s24}Requis ->{/}	{@st42}{s24}소모 비용 ▶{/}				
UI_20210809_004804	Emplacement Normal	일반 소켓				
UI_20210809_004805	Ouvrir l'Emplacement	소켓 개방				
UI_20210809_004806	L'emplacement de gemme d'éther peut être ouvert en utilisant une clé d'emplacement.	에테르 젬 소켓 개방은 소켓 열쇠 아이템을 통해 가능합니다.				
UI_20210809_004807	Emplacement de Gemme d'Éther	에테르 젬 소켓				
UI_20210809_004808	Emplacement d'Armure	방어구 소켓				
UI_20210809_004809	- Un maximum de 2 emplacements peut être ouvert sur les armures.{nl} {nl}  - Des gemmes de Skill peuvent être équipées dans l'emplacement normal de l'armure.{nl} {nl}  - Un seul effet est appliqué quand 2 gemmes de Skill du même effet sont équipées.	 - 방어구에는 최대 2개의 일반 소켓을 개방할 수 있습니다.{nl} {nl}  - 방어구의 일반 소켓에 장착 가능한 젬은 스킬 젬입니다.{nl} {nl}  - 동일한 스킬의 스킬 젬을 2개 이상 장착 해도 1개의 효과만 적용됩니다.				
UI_20210809_004810	Emplacement d'Arme	무기 소켓				
UI_20210809_004811	- Un maximum de 2 emplacements normaux et 1 emplacement d'éther peut être ouvert sur les armes.{nl} {nl}  - Des gemmes de couleur peuvent être équipées dans l'emplacement normal de l'arme.{nl} {nl}  - Gemme de couleur : gemme rouge, bleue, jaune, verte, blanche.{nl} {nl}  - La gemme de couleur doit d'abord être torréfiée pour être équipée.{nl} {nl}  - La gemme d'éther peut être équipée dans l'emplacement de gemme d'éther, et pour ouvrir cet emplacement, un niveau d'équipement approprié	 - 무기에는 최대 2개의 일반 소켓과 1개의 에테르 젬 소켓을 개방할 수 있습니다.{nl} {nl}  - 무기의 일반 소켓에 장착 가능한 젬은 컬러 젬입니다.{nl} {nl}  - 컬러 젬의 종류로는 레드, 블루, 옐로우, 그린, 화이트가 있습니다.{nl} {nl}  - 컬러 젬을 장착하기 위해서는 우선 젬 로스팅을 해야 합니다.{nl} {nl}  - 에테르 젬 소켓에는 에테르 젬을 장착할 수 있으며, 에테르 젬 소켓을 개방하기 위해서는 장비 레벨에 맞는 				
UI_20210809_004812	Liste de Fabrication	제작 목록				
UI_20210809_004813	Type d'Équipement	장비 종류				
UI_20210809_004814	Catégorie d'Équipement	장비 타입				
UI_20210809_004815	{@st42}Afficher les Objets Fabricables{/}	{@st42}재료가 있는 것만 보기{/}				
UI_20210809_004816	{@st42}Afficher les Objets Équipables	{@st42}착용 가능한 목록만 보기				
UI_20210809_004817	{@st42}{s20}Placer l'Objet{/}{/}	{@st42}{s20}아이템을 올려주세요{/}{/}				
UI_20210809_004818	Épée de Vasilisa	바실리사 소드				
UI_20210809_004819	{@sti1c}{s18} - Seul un équipement de Niv.440 ou plus avec un palier de transcendance 8 ou plus peut faire l'objet d'une succession.{nl} {nl}  - 2/3 du [Amélioration] et des [Statistiques d'enchantement] seront transférés lors d'une succession d'équipement avec une valeur d'amélioration +11 ou plus et un palier de transcendance 10.{nl}{#11cc88} ※ La valeur d'amélioration maximale transférée lors d'une succession de rang légendaire Niv.440 est +14.{nl} ※ Une Aide à l'amélioration (non échangeable) sera donnée à ceux effectuant une succession de rang légendaire Niv.440 avec une valeur d'amélioration +21 ou plus. {nl}{/}{/}	{@sti1c}{s18} - 초월 단계 8이상의 Lv.440이상 장비만 계승이 가능합니다.{nl} {nl}  - 강화 수치가 +11이상, 초월 단계가 10인 장비는 계승 시 [강화], [인챈트 옵션]이 2/3만큼 이전됩니다.{nl}{#11cc88} ※Lv.440 레전드 등급 계승 시 이전되는 강화 수치는 최대 +14입니다.{nl} ※Lv.440 레전드 등급 계승 시 강화 수치가 +21을 초과하는 장비는 강화 보조제(거래불가)가 지급됩니다. {nl}{/}{/}				
UI_20210809_004820	{@st42}{s20}Objet pour la Succession{/}{/}	{@st42}{s20}계승 대상 아이템{/}{/}				
UI_20210809_004821	Bâton de Vasilisa	바실리사 로드				
UI_20210809_004822	{@st42}{s26}{#ff1212}Le personnage ne peut pas équiper cet équipement.{/}{/}	{@st42}{s26}{#ff1212}해당 캐릭터가 장착할 수 없는 장비입니다.{/}{/}				
UI_20210809_004823	Succession d'Équipement	장비 계승				
UI_20210809_004824	Sélectionnez l'objet dans la liste ci-dessous.	아래 목록에서 원하는 아이템을 선택해 주세요				
UI_20210809_004825	{@sti1c}{s18} - Pour changer le type d'équipement, un niveau d'équipement approprié	{@sti1c}{s18} - 장비 계열 변경에는 해당 장비 레벨에 맞는 				
UI_20210809_004826	est requis.{nl} {nl}  - Toutes les statistiques sauf la statistique d'éveil sont transférées lors du changement de type d'équipement.{nl}(La statistique d'éveil appliquée à l'équipement est supprimée lors du changement de type.){nl} {nl}  - La propriété d'échange n'est pas modifiée lors du changement de type d'arme.{/}	가 필요합니다.{nl} {nl}  - 장비 계열 변경 시 각성 옵션을 제외한 모든 옵션이 이전됩니다.{nl}(아이템에 부여된 각성 옵션은 계열 변경 시 사라집니다.){nl} {nl}  - 장비 계열 변경 시 거래 속성이 변경되지 않습니다.{/}				
UI_20210809_004827	{@st42}{s20}Objet Échangé{/}{/}	{@st42}{s20}변경 대상 아이템{/}{/}				
UI_20210809_004828	{@st66b}Un des objets listés dans la [Liste des objets]{nl}est donné selon sa probabilité.	{@st66b}사용 시 각 확률에 따라 [확률형 아이템 목록]에{nl}안내된 구성 아이템 중 1종을 획득할 수 있습니다.{/}				
UI_20210809_004829	{nl}{@st42b}{s15}Liste des Objets à Probabilité	{nl}{@st42b}{s15}확률형 아이템 목록				
UI_20210809_004830	{@st43}{s24}Atelier de Logement	{@st43}{s24}하우징 공방				
UI_20210809_004831	{@st43}{s24}Tableau d'État des Consommables{/}	{@st43}{s24}재화 생산 현황판{/}				
UI_20210809_004832	{@st59}Fermer{/}	{@st59}하우징 공방을 닫습니다{/}				
UI_20210809_004833	{@st66b}Consommable{/}	{@st66b}재화{/}				
UI_20210809_004834	Fabrication de Réputation	명성도 생산				
UI_20210809_004835	{s17}Temps restant avant réception des biens : %s jour(s) %s heure(s) %s minute(s)	{s17}재화 수령까지 남은 시간 : %s일 %s시간 %s분				
UI_20210809_004836	{s17}Temps restant avant réception des biens : terminé	{s17}재화 수령까지 남은 시간 : 완료				
UI_20210809_004837	{s17}Effet appliqué - %s	{s17}적용 중인 효과 - %s				
UI_20210809_004838	Coupon	쿠폰				
UI_20210809_004839	Recevoir les biens	재화 수령				
UI_20210809_004840	Informations sur la Carte	맵 정보				
UI_20210809_004841	{@sti1c}{s14}Mission	{@sti1c}{s14}미션				
UI_20210809_004842	{@sti1c}{s14}Schéma de Carte	{@sti1c}{s14}맵 패턴				
UI_20210809_004843	Score	스코어				
UI_20210809_004844	{@st66b}En raison du calcul du classement, vous ne pouvez pas entrer entre 00h00 et 06h00 le lundi.{nl}{s13}{#FF0000}※ Le classement n'est enregistré que via la correspondance auto.{/}{/}{/}	{@st66b}랭킹 집계로 인해 월요일 00:00 ~ 06:00시 사이에는 입장이 불가능합니다.{nl}{s13}{#FF0000}※ 랭킹은 자동매칭을 통해서만 등록이 가능합니다.{/}{/}{/}				
UI_20210809_004845	{@st66b}Marque-page	{@st66b}즐겨찾기	UI_20151224_001879	{@st66b}Donjons{/}	{@st66b}던전{/}	
UI_20210809_004846	{s22}Contenu	{s22}내용				
UI_20210809_004847	{s18}{#ff9900}{ol}Détails	{s18}{#ff9900}{ol}설명				
UI_20210809_004848	{@st59}Coffre d'Équipement{/}	{@st59}장비 보관함{/}				
UI_20210809_004849	{@st59}Gestion de l'Équipement de la Déesse{/}	{@st59}가디스 장비 관리{/}				
UI_20210809_004850	{@st59}Quête{/}	{@st59}퀘스트{/}				
UI_20210809_004851	{@st41b}{s17}Palier %s	{@st41b}{s17}%s단계				
UI_20210809_004852	Coupon Gratuit	무료 쿠폰				
UI_20210809_004853	{@st202}Conserver l'objet enregistré et ne pas afficher la fenêtre de confirmation	{@st202}등록된 아이템 유지 및 확인 창 띄우지 않기				
UI_20210809_004854	{@st41b}{s18}Ne pas afficher la fenêtre de confirmation{/}{/}	{@st41b}{s18}확인 창 띄우지 않기{/}{/}				
UI_20210809_004855	{@st43}{s24}Coffre d'Équipement	{@st43}{s24}장비 보관함				
UI_20210809_004856	{@st59}Fermer{/}	{@st59}장비 보관함을 닫습니다{/}				
UI_20210809_004857	{@st59}Arme{/}	{@st59}무기{/}				
UI_20210809_004858	{@st59}Armure{/}	{@st59}방어구{/}				
UI_20210809_004859	{@st59}Accessoire{/}	{@st59}악세사리{/}				
UI_20210809_004860	Poursuivre le tutoriel Vaivora.	바이보라 튜토리얼을 진행할 수 있습니다.				
UI_20210809_004861	Poursuivre le tutoriel Galimive.	갈리미베 튜토리얼을 진행할 수 있습니다.				
UI_20210809_004862	{@st66b}{s16}Autres	{@st66b}{s16}기타				
UI_20210809_004863	{s14}Tout activé en enregistrant l'un des accessoires du même type.{/}	{s14}같은 종류의 악세사리 중 하나만 선택하여 등록해도 모두 활성화됩니다.{/}				
UI_20210809_004864	Enregistrez un ingrédient en faisant un clic droit dessus dans l'inventaire.	인벤토리에서 우클릭을 통해 재료를 등록할 수 있습니다.				
UI_20210809_004865	L'objet créé sera lié au personnage.	생성된 아이템은 캐릭터에 귀속됩니다.				
UI_20210809_004866	{img icon_item_silver 24 24} Coût : %s	{img icon_item_silver 24 24} 비용 : %s				
UI_20210809_004867	{st20}%s Objet	{st20}%s 시 아이템				
UI_20210809_004868	[Niv2] Gants en Cuir Rumpelstiltskin - Joueur Téméraire	[lv2] 럼펠스틸스킨 레더 글로브- 레클리스 겜블러				
UI_20210809_004869	{@st43b}{s16}Statistiques	{@st43b}{s16}옵션				
UI_20210809_004870	{nl}{@st42b}{s20}Liste des objets obtenus par chance	{nl}{@st42b}{s20}확률형 아이템 목록				
UI_20210809_004871	Coût d'emplacement %s : {@st66d_y}%s{/}	소켓 추가 비용 %s : {@st66d_y}%s{/}				
UI_20210809_004872	{@st202}{s16}Classement{/}	{@st202}{s16}순위{/}				
UI_20210809_004873	{@st202}{s16}Équipe{/}	{@st202}{s16}팀명{/}				
UI_20210809_004874	{@st202}{s16}Score{/}	{@st202}{s16}스코어{/}				
UI_20210809_004875	Consulter les Récompenses de Saison	시즌별 보상 확인				
UI_20210809_004876	{@st201}[Améliorer]{/}{/} Essayez d'améliorer la gemme Res Sacrae en consommant du {@st66d_y}{s16}Charbon prismatique{/}{/}, une gemme bénie de la Déesse, et de l'argent.{nl}Tous les ingrédients sont consommés que ce soit un succès ou un échec.{nl}Le niveau de la gemme Res Sacrae augmente de 1 quand l'amélioration réussit.{nl}Impossible d'améliorer si le niveau de gemme Res Sacrae équipable est inférieur au niveau résultant après réussite de l'amélioration.{nl} {nl}{@st201}[Combiner]{/}{/} Consommez 3 gemmes Res Sacrae Niv.1 du{nl}même rang et type (Cyan, Magenta, Noire) {@st66d_y}{s16}Charbon prismatique{/}{/}.{nl} {nl}Vous pouvez obtenir 1 gemme de rang légendaire du même type (Cyan, Magenta, Noire){nl}avec 98 % de chance en combinant une gemme Res Sacrae de rang légendaire.{nl}Vous pouvez obtenir 1 gemme de rang Déesse du même type avec 2 % de chance.{nl} {nl}1 fragment de gemme Res Sacrae du même type sera toujours donné{nl}et vous pouvez sélectionner et obtenir 1 gemme Res Sacrae de rang Déesse du même type avec 15 fragments de gemme Res Sacrae.{nl} {nl}Tous les ingrédients sont consommés et vous obtenez 15 fragments de gemme Res Sacrae en combinant une gemme Res Sacrae de rang Déesse.{nl} {nl}{@st201}[Transférer]{/}{/} Transférez le niveau d'une gemme Res Sacrae de niv.2 ou plus vers une autre gemme.{nl}Le niveau de la gemme transférée devient égal à la gemme utilisée comme ingrédient.{nl}La gemme Res Sacrae utilisée comme ingrédient sera détruite.{nl} {nl}{@st201}[Démanteler]{/}{/}Démantelez une gemme Res Sacrae et obtenez du {@st66d_y}{s16}Charbon prismatique{/}{/} en quantité déterminée par chance.{nl}Plus de {@st66d_y}{s16}Charbon prismatique{/}{/} sera donné en démantelant une gemme Res Sacrae de la Déesse.{nl}Seule une gemme Res Sacrae Niv.1 peut être démantelée.	{@st201}[강화]{/}{/} {@st66d_y}{s16}프리즘 콜{/}{/}, 여신의 축복석, 실버를 소비하여 성물 젬 강화를 시도합니다.{nl}강화 시도 시 재료는 모두 소비되며 확률에 따라 성공하거나 실패합니다.{nl}성공 시 성물 젬의 레벨이 1 상승합니다.{nl}강화 목표 레벨보다 성물의 장착 가능 성물 젬 레벨이 낮으면 강화할 수 없습니다.{nl} {nl}{@st201}[합성]{/}{/} {@st66d_y}{s16}프리즘 콜{/}{/}과 같은 등급, 같은 종류(시안, 마젠타, 블랙)의{nl} 1레벨 성물 젬 3개를 모두 소비하여 성물 젬 합성을 시도합니다.{nl} {nl}레전드 등급 성물 젬 합성 시 98% 확률로 같은 종류(시안, 마젠타, 블랙)의{nl}레전드 등급 성물 젬을 균등 확률로 1개 획득합니다.{nl}2% 확률로 같은 종류의 가디스 등급 성물 젬을 균등 확률로 1개 획득합니다.{nl} {nl}또한 같은 종류의 성물 젬 파편 1개를 고정 획득하며{nl}성물 젬 파편 15개를 모아 같은 종류의 가디스 등급 성물 젬을 1개 선택하여 획득할 수 있습니다.{nl} {nl}가디스 등급 성물 젬 합성 시 재료를 모두 소비하고 성물 젬 파편 15개를 획득합니다.{nl} {nl}{@st201}[이전]{/}{/} 레벨 2 이상인 성물 젬의 레벨을 다른 성물 젬으로 이전할 수 있습니다.{nl}이전 받은 성물 젬은 이전에 사용된 성물 젬과 동일한 레벨로 변경됩니다.{nl}이전에 사용된 성물 젬은 소멸합니다.{nl} {nl}{@st201}[분해]{/}{/}성물 젬을 분해하여 각 확률에 따라 정해진 수량의 {@st66d_y}{s16}프리즘 콜{/}{/}을 획득합니다.{nl}가디스 등급 성물 젬 분해 시 더 많은 {@st66d_y}{s16}프리즘 콜{/}{/}을 획득합니다.{nl}분해는 1 레벨 성물 젬만 가능합니다.	UI_20210115_004622	{@st201}[Améliorer]{/}{/} Essayez d'améliorer la gemme Res Sacrae en consommant du {@st66d_y}{s16}Charbon prismatique{/}{/}, une gemme bénie de la Déesse, et de l'argent.{nl}Tous les ingrédients sont consommés que ce soit un succès ou un échec.{nl}Le niveau de la gemme Res Sacrae augmente de 1 quand l'amélioration réussit.{nl}Impossible d'améliorer si le niveau de gemme Res Sacrae équipable est inférieur au niveau résultant après réussite de l'amélioration.{nl} {nl}{@st201}[Combiner]{/}{/} Essayez de combiner en consommant du {@st66d_y}{s16}Charbon prismatique{/}{/}, une gemme bénie de la Déesse, et de l'argent.{nl}Tous les ingrédients sont consommés que ce soit un succès ou un échec.{nl}Vous pouvez obtenir une gemme Res Sacrae Niv.1 aléatoire quand la combinaison réussit.{nl} {nl}{@st201}[Transférer]{/}{/} Transférez le niveau d'une gemme Res Sacrae de niv.2 ou plus vers une autre gemme.{nl}Le niveau de la gemme transférée devient égal à la gemme utilisée comme ingrédient.{nl}La gemme Res Sacrae utilisée comme ingrédient sera détruite.{nl} {nl}{@st201}[Démanteler]{/}{/}Démantelez une gemme Res Sacrae et obtenez un nombre aléatoire de {@st66d_y}{s16}Charbon prismatique{/}{/}.{nl}Plus de {@st66d_y}{s16}Charbon prismatique{/}{/} sera donné en démantelant une gemme Res Sacrae de la Déesse.{nl}Seule une gemme Res Sacrae Niv.1 peut être démantelée.	{@st201}[강화]{/}{/} {@st66d_y}{s16}프리즘 콜{/}{/}, 여신의 축복석, 실버를 소비하여 성물 젬 강화를 시도합니다.{nl}강화 시도 시 재료는 모두 소비되며 확률에 따라 성공하거나 실패합니다.{nl}성공 시 성물 젬의 레벨이 1 상승합니다.{nl}강화 목표 레벨보다 성물의 장착 가능 성물 젬 레벨이 낮으면 강화할 수 없습니다.{nl} {nl}{@st201}[합성]{/}{/} {@st66d_y}{s16}프리즘 콜{/}{/}, 여신의 축복석, 실버를 소비하여 합성을 시도합니다.{nl}합성 시도 시 재료는 모두 소비되며 확률에 따라 성공하거나 실패합니다.{nl}성공 시 레벨 1 무작위 성물 젬을 획득할 수 있습니다.{nl} {nl}{@st201}[이전]{/}{/} 레벨 2 이상인 성물 젬의 레벨을 다른 성물 젬으로 이전할 수 있습니다.{nl}이전 받은 성물 젬은 이전에 사용된 성물 젬과 동일한 레벨로 변경됩니다.{nl}이전에 사용된 성물 젬은 소멸합니다.{nl} {nl}{@st201}[분해]{/}{/}성물 젬을 분해하여 무작위 수량의 {@st66d_y}{s16}프리즘 콜{/}{/}을 획득합니다.{nl}가디스 등급 성물 젬 분해 시 더 많은 {@st66d_y}{s16}프리즘 콜{/}{/}을 획득합니다.{nl}분해는 1 레벨 성물 젬만 가능합니다.	
UI_20210809_004877	{@st202}Ne pas afficher la fenêtre de confirmation	{@st202}확인 창 띄우지 않기				
UI_20210809_004878	{@st59}Donnez des fournitures de secours ou des consommables principaux pour augmenter le taux de réputation{/}{nl} {nl}Les consommables principaux sont les suivants{nl}  - Objet précieux calciné de Tel Harsha : 20{nl}  - Cœur raffiné de Glacia : 20{nl}  - Poudre de talc de mite raffinée : 20{nl}  - Brikynite : 5{nl}  - Pierre magique : 5{nl}  - Page de tome mystique : 5{nl}  - Practonium : 5{nl}  - Gemme bénie de la Déesse : 5{nl}  - [Événement] Coupon de réputation : 5 : 5{nl}  - [Atelier de logement] Bon d'augmentation de réputation : 5 : 5	{@st59}구호 물품 또는 주요 재화를 증여하여 명성도를 올릴 수 있습니다.{/}{nl}　{nl}주요 재화 교환 정보{nl}  - 그을린 텔하르샤의 의장품 : 20{nl}  - 정제된 글레이시어의 심장 : 20{nl}  - 정제된 모스 탈크 파우더 : 20{nl}  - 브리키나이트 : 5{nl}  - 마정석 : 5{nl}  - 신비한 서 낱장 : 5{nl}  - 프락토늄 : 5{nl}  - 여신의 축복석 : 5{nl}  - [이벤트] 명성 증가 쿠폰 : 5 : 5{nl}  - [하우징공방] 명성 증가 쿠폰 : 5 : 5	UI_20210518_004722	{@st59}Donnez des fournitures de secours ou des consommables principaux pour augmenter le taux de réputation{/}{nl} {nl}Les consommables principaux sont les suivants{nl}  - Objet précieux calciné de Tel Harsha : 20{nl}  - Cœur raffiné de Glacia : 20{nl}  - Poudre de talc de mite raffinée : 20{nl}  - Brikynite : 5{nl}  - Pierre magique : 5{nl}  - Page de tome mystique : 5{nl}  - Practonium : 5{nl}  - Gemme bénie de la Déesse : 5{nl}  - [Événement] Coupon de réputation : 5 : 5	{@st59}구호 물품 또는 주요 재화를 증여하여 명성도를 올릴 수 있습니다.{/}{nl}　{nl}주요 재화 교환 정보{nl}  - 그을린 텔하르샤의 의장품 : 20{nl}  - 정제된 글레이시어의 심장 : 20{nl}  - 정제된 모스 탈크 파우더 : 20{nl}  - 브리키나이트 : 5{nl}  - 마정석 : 5{nl}  - 신비한 서 낱장 : 5{nl}  - 프락토늄 : 5{nl}  - 여신의 축복석 : 5{nl}  - [이벤트] 명성 증가 쿠폰 : 5 : 5	
UI_20210809_004879	{@st66b}{s20}Résurrection : {s20}{#cc6600}{ol}%s{/}{@st66b}{s20} seconde(s) restante(s).	{@st66b}{s20}부활까지 {s20}{#cc6600}{ol}%s{/}{@st66b}{s20}초 남았습니다.				
UI_20210809_004880	Parchemin d'Amélioration	강화 스크롤				
UI_20210809_004881	Transcendance sauvegardée : %s	저장된 초월 수치: %s				
UI_20210809_004882	Amélioration sauvegardé : %s	저장된 강화 수치: %s				
UI_20210809_004883	Potentiel sauvegardé : %s	저장된 포텐셜 수치: %s				
UI_20210809_004884	{@st66}Utiliser pour appliquer %s TRA %s REN %s Potentiel.{/}	{@st66}사용 시 %s초월 %s강 %s포텐셜로 변경됩니다.{/}				
UI_20210809_004885	{s20} Transcendance : %s, Amélioration : %s, Potentiel : %s{/}	{s20} 초월:%s, 강화:%s, 포텐셜:%s{/}				
UI_20210809_004886	{@st66b}{s18}* La tentation du dieu démon est un contenu à probabilité utilisant de{nl}l'argent.{nl}* 50 000 argent est consommé par essai et vous pouvez obtenir un nouveau{nl}costume mensuel{nl}    ou des points de tentation du dieu démon par chance.	{@st66b}{s18}* 마신의 유혹은 실버로 이용하는 확률형 콘텐츠입니다.{nl}* 회당 5만 실버가 소모되며, 확률에 따라 월별 신규 코스튬이나{nl}    마신의 유혹 포인트를 획득할 수 있습니다.				
UI_20210809_004887	{@st66b}[Récompense de complétion]{nl}Améliorez la {#003997}« Gemme d'éther »{/} via le PNJ Kupole qui apparaît lors de la complétion.{nl}Le taux d'amélioration augmente plus le palier est élevé.{nl} {nl}[Récompense de saison]{nl}{@st66b}Les 3 meilleurs joueurs de chaque arbre de classe reçoivent un{nl}{#003997} « Brûleur d'encens dimensionnel »{/} pour le classement de la semaine précédente. Tous les joueurs ayant participé pendant la semaine reçoivent un ensemble de{nl}{#003997} « Badge mercenaire »{/}{nl}selon leur score.{nl} {nl}{s13}La semaine commence chaque lundi à 06:00 (heure serveur).{nl}{nl}{s13}{#003997}L'entrée est limitée de 5h00 à 6h00 chaque lundi{/}{nl} {nl}{s13}{#8e0000}Les joueurs qui atteignent le top 3 de plusieurs arbres de classe ne reçoivent que les récompenses correspondant à leur meilleur classement.{nl} {nl}Quand un joueur est exclu d'un classement d'arbre de classe en raison d'entrées multiples, le joueur suivant prend sa place dans ce classement.	{@st66b}[클리어 보상]{nl}클리어 시 생성되는 큐폴 NPC를 통해 {#003997}"에테르 젬"{/}을 강화할 수 있습니다.{nl}스테이지가 높을 수록 강화 확률이 증가합니다.{nl} {nl}[시즌 보상]{nl}직업군별 랭킹 TOP 3 구원자분들에게는{nl}{#003997} "차원의 향로"{/}아이템을 전 시즌 랭킹 보상으로 지급하며 시즌에 참여한 구원자 분들께는 자신의 기록에 비례한 수량의{nl}{#003997} "용병단 증표"{/}{nl}를 보상으로 지급합니다.{nl} {nl}{s13}시즌은 매주 월요일 06시에 초기화 됩니다{nl}{nl}{s13}{#003997}매주 월요일 05시~06시 입장이 제한됩니다{/}{nl} {nl}{s13}{#8e0000}각 직업군 TOP3 순위에 오른 구원자분이 다른 직업군 TOP3 순위에도 오른 경우 가장 높은 순위의 보상 1회만 받게 됩니다.{nl} {nl}위와 같은 상황에서 제외된 구원자분을 대신하여 해당 직업군의 다음 순위의 구원자분이 랭킹 보상을 지급받게 됩니다.				
UI_20210809_004888	Temps de Complétion	클리어 타임				
UI_20210809_004889	Meilleur temps de complétion : %s	최고 기록 클리어 타임 : %s	UI_20180629_003314	Monstres tués (record) : %s	최고 기록 처치 몬스터 수 : %s 마리	
UI_20210809_004890	Temps de complétion par élimination : %s	처치 클리어 타임 : %s	UI_20180629_003317	Monstres vaincus : %s	처치 몬스터 수 : %s 마리	
UI_20210809_004891	{@st66b}Afficher la fenêtre d'objet obtenu{/}	{@st66b}아이템 획득 팝업창 보기{/}				
UI_20210809_004892	{@st66b}Afficher le message d'objet obtenu{/}	{@st66b}아이템 획득 메시지 보기{/}				
UI_20210809_004893	{@st66b}Recharge Auto Res Sacrae (RP){/}	{@st66b}성물(마력) 자동충전{/}				
UI_20210809_004894	{@st66b}Utiliser l'Incantation/Canalisation Automatique	{@st66b}캐스팅/채널링 자동 시전 사용				
UI_20210809_004895	{@st66b}FPS MAX (%s){/}	{@st66b}최대 FPS (%s){/}				
UI_20210809_004896	{@st66b}FPS MAX en arrière-plan (%s){/}	{@st66b}백그라운드 최대 FPS (%s){/}				
UI_20210809_004897	{@sti1c}{s16}Prêt({/}{/}{s16}%s{/}{@sti1c}{s16}/%s)	{@sti1c}{s16}준비 완료 ({/}{/}{s16}%s{/}{@sti1c}{s16}/%s)				
UI_20210809_004898	{@st103green_16}Améliorer	{@st103green_16}강화				
UI_20210809_004899	{@st103green_16}Propriété	{@st103green_16}속성				
UI_20210809_004900	{@st103green_16}Buff	{@st103green_16}버프				
UI_20210809_004901	{@st44}{s18}Propriété{/}	{@st44}{s18}속성{/}				
UI_20210809_004902	{#FFFF00}※ Vous pouvez changer la propriété à l'étape de préparation.{/}{nl}Consomme 3000 points lors du changement de propriété.{nl}(Ne consomme pas de points lors du premier changement depuis aucune propriété.){nl} {nl}Informations de compatibilité (s'applique en attaquant){nl}Compatible : Dégâts finaux {img hero_icon_up 11 10}  / Chance de coup critique {img hero_icon_up 11 10}{nl}Incompatible : Dégâts finaux {img hero_icon_down 11 10} / Chance de coup critique {img hero_icon_down 11 10} / Précision {img hero_icon_down 11 10} / Pénétration de blocage {img hero_icon_down 11 10}{nl} {nl}{img hero_icon_Blessed 20 20} : {img hero_icon_Default 20 20} {img hero_icon_up 11 10} {img hero_icon_Corrupted 20 20} {img hero_icon_up 11 10} {img hero_icon_Neutral 20 20} {img hero_icon_down 11 10} {img hero_icon_Chaos 20 20} {img hero_icon_down 11 10}{nl}{img hero_icon_Neutral 20 20} : {img hero_icon_Default 20 20} {img hero_icon_up 11 10} {img hero_icon_Blessed 20 20} {img hero_icon_up 11 10} {img hero_icon_Corrupted 20 20} {img hero_icon_down 11 10} {img hero_icon_Chaos 20 20} {img hero_icon_down 11 10}{nl}{img hero_icon_Corrupted 20 20} : {img hero_icon_Default 20 20} {img hero_icon_up 11 10} {img hero_icon_Neutral 20 20} {img hero_icon_up 11 10} {img hero_icon_Blessed 20 20} {img hero_icon_down 11 10} {img hero_icon_Chaos 20 20} {img hero_icon_down 11 10}{nl}{img hero_icon_Default 20 20} : TOUT {img hero_icon_down 11 10}{nl}{img hero_icon_Chaos 20 20} : TOUT {img hero_icon_up 11 10}{nl} {nl}{#FFFF00}[Aucun effet appliqué contre une propriété identique]{/}	{#FFFF00}※ 준비 단계에서 속성을 변경 할 수 있습니다.{/}{nl}속성 변경 시에는 3000 포인트를 소모합니다.{nl}(최초 무속성에서 속성을 변경 시에는 포인트를 소모하지 않습니다.){nl} {nl}상성 정보(공격 시 적용){nl}상성 : 최종 대미지 {img hero_icon_up 11 10}  / 치명타 발생 확률 {img hero_icon_up 11 10}{nl}역상성 : 최종 대미지 {img hero_icon_down 11 10} / 치명타 발생 {img hero_icon_down 11 10} / 명중 {img hero_icon_down 11 10} / 블록 관통 {img hero_icon_down 11 10}{nl} {nl}{img hero_icon_Blessed 20 20} : {img hero_icon_Default 20 20} {img hero_icon_up 11 10} {img hero_icon_Corrupted 20 20} {img hero_icon_up 11 10} {img hero_icon_Neutral 20 20} {img hero_icon_down 11 10} {img hero_icon_Chaos 20 20} {img hero_icon_down 11 10}{nl}{img hero_icon_Neutral 20 20} : {img hero_icon_Default 20 20} {img hero_icon_up 11 10} {img hero_icon_Blessed 20 20} {img hero_icon_up 11 10} {img hero_icon_Corrupted 20 20} {img hero_icon_down 11 10} {img hero_icon_Chaos 20 20} {img hero_icon_down 11 10}{nl}{img hero_icon_Corrupted 20 20} : {img hero_icon_Default 20 20} {img hero_icon_up 11 10} {img hero_icon_Neutral 20 20} {img hero_icon_up 11 10} {img hero_icon_Blessed 20 20} {img hero_icon_down 11 10} {img hero_icon_Chaos 20 20} {img hero_icon_down 11 10}{nl}{img hero_icon_Default 20 20} : ALL {img hero_icon_down 11 10}{nl}{img hero_icon_Chaos 20 20} : ALL {img hero_icon_up 11 10}{nl} {nl}{#FFFF00}[동일 속성은 끼리는 변화 없음]{/}				
UI_20210809_004903	{@st202}{s16}  Emplacement Vide	{@st202}{s16}  빈 슬롯				
UI_20210809_004904	{@st44}{s18}Buff{/}	{@st44}{s18}버프{/}				
UI_20210809_004905	Liste des buffs en votre possession.{nl}Un seul buff peut être appliqué à la fois.{nl}Vous ne devez pas appliquer le buff pour le vendre ou le combiner.{nl}Achetez/combinez un buff ou améliorez le buff en votre possession depuis la boutique de buffs.{nl}{#FFFF00}※ Vous pouvez échanger, acheter, améliorer ou vendre les buffs à tout moment pendant le Récit héroïque.{/}	보유하고 있는 버프 목록입니다.{nl}버프는 동시에 한 개만 적용할 수 있습니다.{nl}버프를 판매하거나 조합하기 위해서는 적용을 해제해야 합니다.{nl}버프 상점을 열어 버프를 구매하거나 조합할 수 있으며 보유하고 있는 버프를 업그레이드 할 수 있습니다.{nl}{#FFFF00}※ 버프의 교체, 구매, 업그레이드, 판매는 영웅담 진행 중 언제든지 가능합니다.{/}				
UI_20210809_004906	{@sti1c}{s16}Boutique de Buffs	{@sti1c}{s16}버프 상점				
UI_20210809_004907	Nom du Buff	버프명				
UI_20210809_004908	Combinaison	조합				
UI_20210809_004909	{@st44}{s24}Boutique de Buffs{/}	{@st44}{s24}버프 상점{/}				
UI_20210809_004910	Dans la boutique de buffs, vous pouvez acheter/combiner des buffs ou améliorer le buff que vous possédez déjà.{nl}1000 points sont consommés pour améliorer un buff.{nl}Consomme aussi des points en combinant le buff directement dans la boutique.{nl}20 % des points consommés dans le buff sont rendus en revendant ce buff à la boutique de buffs.{nl} {nl}{img mouseclick_left 40 40} : Acheter un buff{nl}{img mouseclick_right 40 40} : Enregistrer la combinaison de buffs dans l'emplacement (liste de la boutique et buffs possédés tous disponibles){nl}{img hero_btn_up 40 40} : Améliorer un buff{nl}{img hero_btn_del 40 40} : Vendre un buff	버프 상점에서 버프를 구매하거나 조합 할 수 있으며 보유하고 있는 버프를 업그레이드 할 수 있습니다.{nl}버프 업그레이드에는 1000 포인트를 사용합니다.{nl}상점의 버프를 바로 조합에 사용할 경우 구매와 마찬가지로 포인트를 소모합니다.{nl}버프 판매 시 해당 버프에 사용한 포인트의 20%를 돌려받습니다.{nl} {nl}{img mouseclick_left 40 40}　: 버프 구매{nl}{img mouseclick_right 40 40}　: 버프 조합 슬롯에 등록(상점 목록, 보유 중인 버프 모두 가능){nl}{img hero_btn_up 40 40}　: 버프 업그레이드 버튼{nl}{img hero_btn_del 40 40}　: 버프 판매 버튼				
UI_20210809_004911	{@sti1c}{s18}Buff Possédé{/}	{@sti1c}{s18}보유 버프{/}				
UI_20210809_004912	Formule	조합식				
UI_20210809_004913	{@sti1c}{s18}Combinaison de Buffs{/}	{@sti1c}{s18}버프 조합{/}				
UI_20210809_004914	{@sti1c}{s18}Liste des Buffs{/}	{@sti1c}{s18}버프 목록{/}				
UI_20210809_004915	{@st44}{s24}Combinaison de Buffs{/}	{@st44}{s24}버프 조합{/}				
UI_20210809_004916	Consultez la formule de combinaison du buff.{nl}Passez la souris dessus pour consulter les informations du buff.	버프 조합식을 확인 할 수 있습니다.{nl}마우스 오버 시 해당 버프의 정보를 확인할 수 있습니다.				
UI_20210809_004917	{@sti1c}{s18}Coupon de Points{/}	{@sti1c}{s18}포인트 쿠폰{/}				
UI_20210809_004918	Vous pouvez utiliser certains points pour obtenir le double des points{nl}utilisés avec 50 % de chance.{nl}{#FF0000}Le bouton TOUT MISER ne peut être utilisé qu'une fois.{/}{nl}{#FFFF00}※ Les coupons de points ne peuvent être utilisés que pendant l'étape de{nl}préparation.{/}	일정 포인트를 사용해 50% 확률로 사용한 포인트의 2배를 획득 할 수 있습니다.{nl}{#FF0000}ALL IN 버튼은 한 번만 사용할 수 있습니다.{/}{nl}{#FFFF00}※ 포인트 쿠폰은 준비 단계에서만 사용 가능합니다.{/}				
UI_20210809_004919	{@st202}{s16}Taux de réussite : 50 %{/}	{@st202}{s16}성공확률:50%{/}				
UI_20210809_004920	{@st43b}{s20}Monstre Principal	{@st43b}{s20}대표 등장 몬스터				
UI_20210809_004921	{@st59}Fermer{/}	{@st59}대표 등장 몬스터 창을 닫습니다{/}				
UI_20210809_004922	{img blue_type} Ajouter une Statistique	{img blue_type} 옵션을 추가하세요.				
UI_20210809_004923	{@st44}{s18}Améliorer{/}	{@st44}{s18}강화{/}				
UI_20210809_004924	{#FFFF00}※ Vous pouvez renforcer l'équipement à l'étape de préparation.{/}{nl}Une statistique aléatoire est appliquée à l'équipement lors de l'ajout d'une statistique.{nl}La capacité de l'équipement ayant reçu la statistique est aussi renforcée.{nl} {nl}Frais d'ajout de la statistique n°1 : 2500 points{nl}Frais d'ajout de la statistique n°2 : 5000 points{nl}Frais de changement de statistique : 5000 points	{#FFFF00}※ 준비 단계에서 장비 아이템을 강화할 수 있습니다.{/}{nl}옵션을 추가하면 장비에 랜덤 옵션을 부여합니다.{nl}옵션을 부여한 장비는 장비의 성능도 함께 강화됩니다.{nl} {nl}1번 옵션 추가 비용 : 2500 포인트{nl}2번 옵션 추가 비용 : 5000 포인트{nl}옵션 변경 비용 : 5000 포인트				
UI_20210809_004925	{@st44}{s18}Meilleur record :	{@st44}{s18}최고 기록 :				
UI_20210809_004926	{@st44}{s18}Score total :	{@st44}{s18}총 스코어 :				
UI_20210809_004927	{@sti1c}{s18}Points Restants	{@sti1c}{s18}남은 포인트				
UI_20210809_004928	{@sti1c}{s18}Palier Terminé	{@sti1c}{s18}스테이지 클리어				
UI_20210809_004929	{@sti1c}{s18}Vaincre le Boss	{@sti1c}{s18}보스 처치				
UI_20210809_004930	{@sti1c}{s18}Mission	{@sti1c}{s18}미션				
UI_20210809_004931	{@sti1c}{s18}Temps de Jeu	{@sti1c}{s18}플레이 타임				
UI_20210809_004932	{@sti1c}{s18}Nombre de morts	{@sti1c}{s18}죽은 횟수				
UI_20210809_004933	Retour à l'entrée dans un instant...	잠시 후 입구로 돌아갑니다...				
UI_20210809_004934	{@sti1c}{s24}Confirmer	{@sti1c}{s24}확인				
UI_20210809_004935	{@st43}{s22}Potion de Réinitialisation des Skills de Classe{/}	{@st43}{s22}클래스 스킬 초기화 포션{/}				
UI_20210809_004936	{@st41}Réinitialise les Skills de la classe sélectionnée.{/}	{@st41}선택한 클래스의 스킬을 초기화합니다.{/}				
UI_20210809_004937	{@st41b}Réinitialiser{/}	{@st41b}초기화{/}				
UI_20210809_004938	{@st43}{s22}Potion de Réinitialisation des Attributs de Classe{/}	{@st43}{s22}클래스 특성 초기화 포션{/}				
UI_20210809_004939	{@st41}Réinitialise les attributs de la classe sélectionnée.	{@st41}선택한 클래스의 특성을 초기화합니다.{/}				
UI_20210809_004940	{@st61}{s18}Fermer{/}	{@st61}{s18}튜토리얼을 종료합니다{/}				
UI_20210809_004941	{@st61}{s18}Étape Suivante{/}	{@st61}{s18}다음 단계로 넘어갑니다{/}				
UI_20210809_004942	{@st41_green}{s16} [Récit héroïque]{/}{/} {@st41b}{s18}Statistique de renforcement d'équipement	{@st41_green}{s16} [영웅담]{/}{/} {@st41b}{s18}장비 강화 옵션				
UI_20210809_004943	{#5e4e3f}{s16} Activez la Porte du sanctuaire inconnu située à Klaipeda	{#5e4e3f}{s16} 클라페다에 위치한 미지의 성역 관문을 활성화 합니다 				
UI_20210809_004944	Mignon.	귀엽습니다.				
UI_20210809_004945	{@st202}{s16}Équipe	{@st202}{s16}팀명				
UI_20210809_004946	{@st202}{s16}Nom de la Guilde	{@st202}{s16}길드명				
UI_20210809_004947	Produire un Badge Mercenaire	용병단 증표 생산				
UI_20210809_004948	Contexte : recherche de l'atelier de la diseuse de bonne aventure 	배경 : 점섬술사의 공방 구인				
UI_20210809_004949	Produire une Pièce d'Événement Estival [Événement]	[이벤트]여름 이벤트 주화 생산				
UI_20210809_004950	Quantité produite : %s / %s	생산량 : %s / %s				
UI_20210809_004951	Lumière Steampunk	스팀 펑크 전등				
UI_20210809_004952	Points de Réputation	명성포인트				
UI_20210809_004953	Emplacement d'Équipement	장착 위치				
UI_20210809_004954	Nom de l'Ingrédient	재료명				
UI_20210809_004955	{@st42}{s18}Actuel{/}{/}	{@st42}{s18}현재 보유량{/}{/}				
UI_20210809_004956	Agrandir l'Emplacement	소켓 확장				
UI_20210809_004957	{@st42}{s22}Consommer %s ->{/}	{@st42}{s22}소모 %s ▶{/}				
UI_20210809_004958	Nom de la Nourriture	음식 이름				
UI_20210809_004959	Effet de la Nourriture	음식 효능				
UI_20210809_004960	{@st42}Appliquer le Bonus de Badge Mercenaire{/}	{@st42}용병단 증표 부스트 혜택 적용{/}				
UI_20210809_004961	Limite d'acquisition hebdomadaire {img green_up_arrow 14 14}%s	주간 획득량 제한 {img green_up_arrow 14 14}%s				
UI_20210809_004962	Gain par défense en montée {img green_up_arrow 14 14}%s	업힐 디펜스 1회 획득량 {img green_up_arrow 14 14}%s				
UI_20210809_004963	Gain de points d'effondrement dimensionnel {img green_up_arrow 14 14}%s	차원 붕괴 지점 1회 획득량 {img green_up_arrow 14 14}%s				
UI_20210809_004964	Gain Vestiges de Bernice {img green_up_arrow 14 14}%s	베르니케 파편 던전 획득량 {img green_up_arrow 14 14}%s				
UI_20210809_004965	Gain de récompense 500K dégâts du raid de boss hebdomadaire {img green_up_arrow 14 14}%s	주간 보스 레이드 500K 대미지 보상 획득량 {img green_up_arrow 14 14}%s				
UI_20210809_004966	Gain de chasse en zone {img green_up_arrow 14 14}%s%	필드 사냥시 획득량 {img green_up_arrow 14 14}%s%				
UI_20210809_004967	Temps restant : {#FF0000}%s{/}	남은 시간 : {#FF0000}%s{/}				
UI_20210809_004968	{@st43}{s16}L'entrée n'est possible que si le score d'équipement et les conditions sont réunis.{/}	{@st43}{s16}기어 스코어 이상 및 특정 조건에 만족해야 입장이 가능합니다.{/}				
UI_20210820_004969	{@st66b}En raison du calcul du classement, vous ne pouvez pas entrer entre 00h00 et 06h00 le samedi.{nl}{s13}{#FF0000}※ Le classement n'est enregistré qu'en terminant via la correspondance auto.{/}{/}{/}	{@st66b}랭킹 집계로 인해 토요일 00:00 ~ 06:00시 사이에는 입장이 불가능합니다.{nl}{s13}{#FF0000}※ 랭킹은 자동매칭을 통해서만 등록이 가능합니다.{/}{/}{/}	UI_20210809_004844	{@st66b}En raison du calcul du classement, vous ne pouvez pas entrer entre 00h00 et 06h00 le lundi.{nl}{s13}{#FF0000}※ Le classement n'est enregistré que via la correspondance auto.{/}{/}{/}	{@st66b}랭킹 집계로 인해 월요일 00:00 ~ 06:00시 사이에는 입장이 불가능합니다.{nl}{s13}{#FF0000}※ 랭킹은 자동매칭을 통해서만 등록이 가능합니다.{/}{/}{/}	
UI_20210906_004970	{@st66b}{s16}- Combinez 3 Visions Vaivora pour obtenir une Vision Vaivora aléatoire.{nl}- Une Vision Vaivora [Niv2] ou plus ne peut pas être combinée.{nl} - 1 [Pierre d'origine Vaivora] est donnée à chaque combinaison Vaivora. Vous pouvez sélectionner et obtenir 1 Vision Vaivora avec 5 pierres d'origine Vaivora.	{@st66b}{s16}- 3개의 바이보라 비전을 합성하여 무작위 바이보라 비전을 획득합니다. {nl} - [Lv2] 이상의 바이보라 비전은 합성이 불가능 합니다.{nl} - 바이보라 합성 이용 1회 마다 [바이보라 근원석] 아이템을 1개 획득합니다. 바이보라 근원석 5개로 원하는 바이보라 비전 1개를 선택하여 획득할 수 있습니다.	UI_20210809_004744	{@st66b}{s16}- Combinez 3 armes Vaivora pour obtenir une arme Vaivora aléatoire.{nl}- Un équipement Vaivora transmuté ne peut pas être combiné.{nl} - 1 [Pierre d'origine Vaivora] est donnée à chaque combinaison Vaivora. Vous pouvez sélectionner et obtenir 1 arme unique Vaivora avec 5 pierres d'origine Vaivora.	{@st66b}{s16}- 3개의 바이보라 무기를 합성하여 무작위 바이보라 무기를 획득합니다. {nl} - 연성된 바이보라 장비는 합성이 불가능 합니다.{nl} - 바이보라 합성 이용 1회 마다 [바이보라 근원석] 아이템을 1개 획득합니다. 바이보라 근원석 5개로 원하는 바이보라 유니크 무기 1개를 선택하여 획득할 수 있습니다.	
UI_20210913_004971	Parchemin de Montée de Niveau d'Arche	아크 레벨업 스크롤				
UI_20210913_004972	{@st66}Utiliser pour appliquer le Niv.%s.{/}	{@st66}사용 시 %s레벨로 변경됩니다.{/}				
UI_20210913_004973	{@st59}Accessoires{/}	{@st59}액세서리{/}	UI_20210809_004859	{@st59}Accessoire{/}	{@st59}악세사리{/}	
UI_20210913_004974	{s14}Tout activé en enregistrant l'un des accessoires du même type.{/}	{s14}같은 종류의 액세서리 중 하나만 선택하여 등록해도 모두 활성화됩니다.{/}	UI_20210809_004863	{s14}Tout activé en enregistrant l'un des accessoires du même type.{/}	{s14}같은 종류의 악세사리 중 하나만 선택하여 등록해도 모두 활성화됩니다.{/}	
UI_20210913_004975	{@st43}{s22}Bon d'Enregistrement d'Objet{/}	{@st43}{s22}아이템 개방권{/}				
UI_20210913_004976	{@st41}Enregistre le type d'objet sélectionné dans le coffre d'équipement.{/}	{@st41}선택한 종류의 아이템을 보관함에서 활성화 시킵니다.{/}				
UI_20210913_004977	{@st41b}Sélectionner{/}	{@st41b}선택{/}				
UI_20210927_004978	{@st202}{s16}Probabilité de Base{/}{/}	{@st202}{s16}기본 확률{/}{/}				
UI_20210927_004979	{@st202}{s16}Probabilité Ajustée en Cas d'Échec{/}{/}	{@st202}{s16}누적 실패 보정{/}{/}				
UI_20210927_004980	{@st202}{s16}Probabilité de Réussite{/}{/}	{@st202}{s16}성공 확률{/}{/}				
UI_20210927_004981	{@st202}Ingrédient supplémentaire -> (%s% de probabilité ajustée en cas d'échec){/}	{@st202}추가 재료 ▶ (실패 시 확률 %s% 보정){/}				
UI_20211021_004982	{@st59}Fermer la fenêtre de changement de personnage{/}	{@st59}캐릭터 교체창을 닫습니다{/}				
UI_20211021_004983	{@st59b}Changement de personnage{nl}{@st59s} - Vous pouvez passer au personnage préalablement enregistré.{nl} - Seul un personnage Niv.460 peut être changé.{nl} - Cliquez sur le bouton Terminer après avoir sélectionné le personnage pour effectuer le changement.{nl} - Vous ne pouvez changer de personnage qu'une seule fois.{/}	{@st59b}캐릭터 교체{nl}{@st59s} - 미리 등록한 캐릭터를 교체할 수 있습니다.{nl} - 교체 가능한 캐릭터는 Lv.460 인 캐릭터만 가능합니다.{nl} - 캐릭터 선택후 선택 완료 버튼 클릭시 캐릭터 교체가 이루어집니다.{nl} - 캐릭터 교체는 1회만 가능합니다.{/}				
UI_20211021_004984	{@st43}Changement de Personnage{/}	{@st43}캐릭터 교체{/}				
UI_20211021_004985	{@st41b}Changement de Personnage	{@st41b}캐릭터 교체				
UI_20211021_004986	{@st43}Enregistrer le Personnage à Changer{/}	{@st43}교체 캐릭터 등록{/}				
UI_20211021_004987	{@st61}{s18}Comment enregistrer un personnage à changer{/}{nl} - La liste des personnages que vous pouvez enregistrer apparaît en cliquant sur l'emplacement vide{nl} - Cliquez sur le personnage souhaité dans la liste pour l'enregistrer{nl}{nl} {nl}{@st61}{s18}Comment retirer le personnage{/}{nl} - Retirez-le en cliquant sur le bouton 	{@st61}{s18}교체 캐릭터 등록 방법{/}{nl} - 빈 슬롯을 클릭하면 등록 가능한 캐릭터 목록이 등장{nl} - 캐릭터 목록 중, 원하는 캐릭터를 선택하여 등록{nl}{nl} {nl}{@st61}{s18}교체 캐릭터 해제 방법{/}{nl} - 등록된 캐릭터의 슬롯 우측 상단의 				
UI_20211021_004988	en haut à droite de l'emplacement du personnage enregistré.{nl}{nl} {nl}{@st61}{s18}Liste des personnages apparaissant dans la liste d'échange de personnage{/}{nl} - Personnage de Niv.460 ou plus{nl}{#ff0000}*Quand le personnage enregistré ne remplit pas la condition de participation à la ligue de combat d'équipe, {nl}le changement de personnage pendant la ligue de combat d'équipe est indisponible.{/}{nl}{#ff0000}* Si le personnage enregistré est de classe Guérisseur, vous ne pouvez pas changer de personnage pendant la ligue de combat d'équipe.{/}	버튼을 선택 후 해제{nl}{nl} {nl}{@st61}{s18}교체 캐릭터에 목록에 나타는 캐릭터 목록{/}{nl} - 캐릭터 Lv 460 이상인 캐릭터{nl}{#ff0000}*등록된 캐릭터가 팀 배틀 리그 참여 조건을 충족하지 못 한 경우,{nl}팀 배틀 리그 진행 중 캐릭터 교체가 불가합니다{/}{nl}{#ff0000}*등록된 캐릭터가 힐러 클래스이면 팀 배틀리그 진행 중 캐릭터 교체가 불가합니다{/}				
UI_20211021_004989	{@st43}Sélection du Personnage{/}	{@st43}캐릭터 선택{/}				
UI_20211021_004990	{@st61}{s18}Sélection du personnage{/}{nl}- Après avoir enregistré le personnage à changer, connectez-vous avec le personnage{nl}correspondant{nl}Veuillez vérifier que l'équipement et les paramètres remplissent les conditions de{nl}changement de personnage.{nl}{#ff0000}*Quand le personnage enregistré ne remplit pas la condition de participation à la ligue de{nl}combat d'équipe, {nl}le changement de personnage pendant la ligue de combat d'équipe est indisponible.{/}{nl}- L'enregistrement du personnage de changement est sauvegardé par personnage.	{@st61}{s18}캐릭터 선택{/}{nl}- 교체 캐릭터 등록 후 해당 캐릭터로 접속하여 {nl}장비 및 관련 세팅이 교체 캐릭터의 조건을 충족하는지 1회 이상 확인이 필요합니다.{nl}{#ff0000}*등록된 캐릭터가 팀 배틀 리그 참여 조건을 충족하지 못 한 경우,{nl}팀 배틀 리그 진행 중 캐릭터 교체가 불가합니다{/}{nl}- 교체 캐릭터 등록은 캐릭터 단위로 저장됩니다.				
UI_20211021_004991	{s6} {nl}{/}{@st41d}{img colony_point_pic 24 24}Infos sur le champ de bataille{nl}{/}	{s6} {nl}{/}{@st41d}{img colony_point_pic 24 24}전장 정보{nl}{/}				
UI_20211021_004992	※ A Quitté le Territoire de Guilde	※ 콜로니 지역에서 벗어남				
UI_20211021_004993	Infos sur le territoire de guilde	콜로니 지역 정보				
UI_20211021_004994	%s{@st42}{s14}{#ffff00}Annuler{/}	%s{@st42}{s14}{#ffff00}취소{/}				
UI_20211021_004995	Multiplier	배수				
UI_20211021_004996	{s24}Invitation au Contenu	{s24}콘텐츠 초대장				
UI_20211021_004997	Vous avez atteint le score d'équipement {#0033FF}460{/} !{nl}Vous pouvez maintenant jouer à	기어 스코어 {#0033FF}460{/} 를 달성하셨네요!{nl}이제 				
UI_20211021_004998	{#0033FF}Donjon Palpitant{/}	{#0033FF}짱짱 재밌는 던전{/}				
UI_20211021_004999	le contenu.{nl}Une récompense x10 et une récompense supplémentaire seront données pour terminer le contenu pour la première fois si vous êtes un nouveau savior ou de retour !{nl}Voulez-vous participer maintenant ?{nl}{nl}{nl}{#FF3333}※Même si	 콘텐츠를 이용하실 수 있습니다.{nl}신규, 복귀 구원자이실 때 최초 클리어 시 콘텐츠 보상 10배와 추가 보상 혜택이 있습니다!{nl}지금 참여하시겠습니까?{nl}{nl}{nl}{#FF3333}※ 				
UI_20211021_005000	est sélectionné,	를 선택하셔도 인벤토리의 				
UI_20211021_005001	Invitation au Contenu	콘텐츠 초대장				
UI_20211021_005002	l'objet dans l'inventaire vous permet de vérifier à nouveau lorsqu'il est utilisé.{/}	 아이템을 사용하여 다시 확인하실 수 있습니다.{/}				
UI_20211021_005003	Non	아니요				
UI_20211021_005004	{ol}{s24}Récompense de Contenu{/}	{ol}{s24}콘텐츠 보상{/}				
UI_20211021_005005	{@st66d}{s22}Récompense de base du contenu x%s + récompense supplémentaire donnée{/}	{@st66d}{s22}해당 콘텐츠의 기본보상 %s배 + 추가 보상 지급{/}				
UI_20211021_005006	{@st66d}{s20}Liste des Récompenses Supplémentaires{/}	{@st66d}{s20}추가 보상 리스트{/}				
UI_20211021_005007	{@st66d}{s19}{#FF3333}※ Récompense pouvant être obtenue par chance exclue{/}	{@st66d}{s19}{#FF3333}※ 확률적으로 획득할 수 있는 보상 아이템은 제외됩니다{/}				
UI_20211021_005008	{@st66d}{s19}{#FF3333}※ Cette récompense ne peut être reçue qu'une fois par contenu et équipe{/}	{@st66d}{s19}{#FF3333}※ 해당 보상은 콘텐츠당 1회(팀당) 수령할 수 있습니다{/}				
UI_20211021_005009	{img icon_item_silver 24 24}{@st41b}Consomme %s argent{nl}Retirer la carte{/}	{img icon_item_silver 24 24}{@st41b}%s실버 소모{nl}카드 해제하기{/}	UI_20180320_003015	{img icon_item_silver 24 24}{@st41b}Consomme %s argent{nl}Déséquiper la carte sans diminuer le niveau{/}	{img icon_item_silver 24 24}{@st41b}%s실버 소모{nl}레벨 감소없이 카드 해제하기{/}	
UI_20211021_005010	{@st43b}{s20}Paramètres de Discussion de Groupe	{@st43b}{s20}채팅방 설정				
UI_20211021_005011	{@st66b}{s16}Nom	{@st66b}{s16}이름				
UI_20211021_005012	{@st66b}{s16}Privé	{@st66b}{s16}비공개				
UI_20211021_005013	Mot de passe (4 à 8 lettres)	비밀번호 (최소 4자 ~ 최대 8자)				
UI_20211021_005014	{@st66b}Vérifier	{@st66b}확인				
UI_20211021_005015	{@st66b}{s18}Entrez le nom de la nouvelle discussion de groupe	{@st66b}{s18}새 채팅방의 이름을 입력하세요				
UI_20211021_005016	{@st66b}{s18} Mot de passe (4 à 8 lettres)	{@st66b}{s18}비밀번호 (최소 4자 ~ 최대 8자)				
UI_20211021_005017	{@st66b}Créer	{@st66b}만들기				
UI_20211021_005018	Êtes-vous nouveau dans la communauté de guilde ?	길드 커뮤니티는 처음이신가요?				
UI_20211021_005019	Sélectionnez la discussion de guilde pour participer !	옆의 길드 채팅방을 선택해 참여하세요!				
UI_20211021_005020	{@st41b}{s16}{b}Répartition des Fonds	{@st41b}{s16}{b}적립금 분배				
UI_20211021_005021	{@st66b}{s16}Boutique de la Ligue de Combat d'Équipe	{@st66b}{s16}팀 배틀리그 상점				
UI_20211021_005022	{@st66b}{s16}Enregistrer le Personnage à Changer	{@st66b}{s16}교체 캐릭터 등록				
UI_20211021_005023	{@st66b}{s16}Récompense de Classement de Classe	{@st66b}{s16}클래스 순위 보상				
UI_20211021_005024	{@st66b}Déesse{/}	{@st66b}가디스{/}				
UI_20211021_005025	{@st66b}Gemme de Skill{/}	{@st66b}스킬 젬{/}	UI_20181017_003533	{@st66b}Gemmes de Monstre{/}	{@st66b}몬스터 젬{/}	
UI_20211021_005026	{@st66b}Gemme Cyan{/}	{@st66b}시안 젬{/}				
UI_20211021_005027	{@st66b}Gemme Magenta{/}	{@st66b}마젠타 젬{/}				
UI_20211021_005028	{@st66b}Gemme Noire{/}	{@st66b}블랙 젬{/}				
UI_20211021_005029	{@st66b}Gemme d'Éther{/}	{@st66b}에테르 젬{/}				
UI_20211021_005030	Loupe Gratuite de Sandra	산드라의 무료 감정 돋보기				
UI_20211021_005031	Infos sur le champ de bataille des guerres de territoire de guilde	길드 콜로니전 전장 정보				
UI_20211021_005032	{@st43b}{s20}Liste des Montures	{@st43b}{s20}탈 것 목록				
UI_20211021_005033	{@st59b}Invoquer une monture{nl}{@st59s}[Sélectionner une monture]{nl} - Sélectionnez le portrait dans la liste des montures{nl} * Utilisez le	{@st59b}탈 것 소환{nl}{@st59s}[탈 것 선택]{nl} - 탈 것 목록에서 해당 탈 것의 초상화 선택{nl} *탈 것은 				
UI_20211021_005034	Bon de Monture	탈 것 등록증				
UI_20211021_005035	pour l'enregistrer afin qu'il apparaisse dans la liste{nl}{nl} {nl}[Retirer une monture]{nl} - Resélectionnez le portrait sélectionné dans la liste pour retirer la sélection{nl}{nl} {nl}[Invoquer une monture]{nl} - Sélectionnez la monture souhaitée et utilisez le Skill Invoquer une monture.{nl} - Impossible d'utiliser le Skill dans des conditions spéciales comme être monté sur le compagnon/en combat/pendant le Récit héroïque/incapable de combattre, etc.{nl} * Les classes avec l'attribut Monture de compagnon ne reçoivent l'effet de la monture que lorsqu'elles sont montées sur le compagnon{nl}{nl} {nl}[Retirer l'invocation de monture]{nl} - Invoquez la monture et réutilisez le Skill Invoquer une monture pour la retirer{nl} - Retirée lorsque le personnage est incapable de combattre{nl} - Retirée en entrant dans le Récit héroïque{nl}{nl} {nl}[Effet de la monture]{nl} - Vous pouvez consulter les détails en survolant la monture enregistrée avec la souris	 아이템을 사용하여 등록되어야 목록에 등장{nl}{nl} {nl}[탈 것 선택 해제]{nl} - 탈 것 목록에서 선택된 탈 것의 초상화를 다시 선택하여 해제 가능{nl}{nl} {nl}[탈 것 소환하기]{nl} - 원하는 탈 것을 선택후 탈 것 소환 스킬을 사용{nl} - 컴패니언에 탑승한 상태/전투 중/영웅담 진행 중/사망 등, 특수한 상태에서는 스킬 사용 불가{nl} * 컴패니언 탑승 특성을 보유한 클래스는 컴패니언에 탑승한 상태에서 탈 것의 효과만 적용{nl}{nl} {nl}[탈 것 소환 해제하기]{nl} - 탈 것을 소환한 상태에서 탈 것 소환 스킬 재사용으로 해제{nl} - 캐릭터 사망 시, 해제{nl} - 영웅담 콘텐츠 진입 시, 해제{nl}{nl} {nl}[탈 것의 효과]{nl} - 등록된 탈 것에 마우스를 가져다 대면 세부 내용 표기				
UI_20211021_005036	{@st43b}{s16}Effet actuellement appliqué	{@st43b}{s16}적용중인 효과				
UI_20211021_005037	{@st59b}Liste des Montures{/}	{@st59b}탈 것 목록{/}				
UI_20211021_005038	{#FD9310}{s16}{ol}Quêtes Principales{/}	{#FD9310}{s16}{ol}메인 퀘스트{/}	UI_20190612_003894	{s16}{ol} Quêtes Principales	{s16}{ol}메인 퀘스트	
UI_20211021_005039	{s16}{ol}Quêtes Secondaires{/}	{#0C6BFA}{s16}{ol}서브 퀘스트{/}	UI_20190612_003895	{s16}{ol} Quêtes Secondaires	{s16}{ol}서브 퀘스트	
UI_20211021_005040	{#54AE17}{s16}{ol}Quêtes Répétables{/}	{#54AE17}{s16}{ol}반복 퀘스트{/}	UI_20190612_003896	{s16}{ol} Quêtes Répétables	{s16}{ol}반복 퀘스트	
UI_20211021_005041	{#76683C}{s16}{ol}Quêtes de Groupe	{#76683C}{s16}{ol}파티 퀘스트	UI_20190612_003897	{s16}{ol} Quêtes de Groupe	{s16}{ol}파티 퀘스트	
UI_20211021_005042	{#BD1854}{s16}{ol}Quête de Demande{/}	{#BD1854}{s16}{ol}의뢰 퀘스트{/}	UI_20190612_003898	{s16}{ol} Quêtes de Badge Hethran	{s16}{ol}증표 퀘스트	
UI_20211021_005043	Combiner une Gemme de Skill	스킬 젬 합성				
UI_20211021_005044	{@st59b}Combiner une gemme de Skill{nl} {nl}{@st59s} - Consommez 5 gemmes de Skill, quel que soit leur type, pour recevoir 1 gemme de Skill aléatoire parmi toutes les gemmes de Skill.{nl} - La chance de classe de gemme de Skill est déterminée selon les gemmes de Skill utilisées.{nl} - 1 fragment de gemme de Skill supplémentaire sera donné après la combinaison.{nl} - Utilisez 10 fragments de gemme de Skill pour recevoir 1 boîte de sélection de gemme de Skill.	{@st59b}스킬 젬 합성{nl} {nl}{@st59s} - 종류에 상관없이 스킬 젬 5개를 소모하여 전체 스킬 젬 중 스킬 젬 1개를 균등 확률로 획득할 수 있습니다.{nl} - 재료로 투입한 스킬 젬의 클래스 계열에 따라 획득할 스킬 젬의 계열 별 확률이 결정됩니다.{nl} - 합성 완료 후 추가적으로 스킬 젬 파편을 1개 획득합니다.{nl} - 스킬 젬 파편을 10개 모아서 사용하면 스킬 젬 선택 상자를 1개 획득합니다.				
UI_20211021_005045	Résultat Attendu	예상 결과				
UI_20211021_005046	{@st43}{s22}Il n'y a pas de récompense de classement de classe{nl}pour un arbre de classe de base {nl}{nl}Veuillez sélectionner une autre classe et consulter la récompense.	{@st43}{s22}기본 계열 클래스에는{nl}클래스 순위 보상이 없습니다.{nl}다른 클래스를선택하여 보상을 확인하세요				
UI_20211021_005047	{@st41b}Point Central	{@st41b}중앙 시점				
UI_20211021_005048	Équipe 1	1 팀				
UI_20211021_005049	Équipe 2	2 팀				
UI_20211021_005050	{@st41}Détail	{@st41}세부 사항				
UI_20211021_005051	{@st41b}Vous retournerez à la zone d'entrée dans %s seconde(s)...{/}	{@st41b}%s초 후 입장 지역으로 돌아갑니다...{/}				
UI_20211021_005052	{@st43}Détails du Résultat{/}	{@st43}결과 세부 정보{/}				
UI_20211021_005053	Équipe 1	1팀				
UI_20211021_005054	Dégâts Infligés	준 피해량				
UI_20211021_005055	Dégâts Reçus	받은 피해량				
UI_20211021_005056	Soins Prodigués	준 힐량				
UI_20211021_005057	Soins Reçus	받은 힐량				
UI_20211021_005058	Équipe 2	2팀				
UI_20211021_005059	{@st66b}Se déplacer{/}	{@st66b}이동하기{/}				
UI_20211021_005060	Type et Nom	계열 및 이름	UI_20160224_002120	Nom et Classe	이름 및 클래스	
UI_20211021_005061	Nom de la Discussion de Groupe	채팅방 이름				
UI_20211021_005062	Pour afficher le message dans la discussion de groupe, entrez	채팅 창에 메시지를 표시하고, 				
UI_20211021_005063	/<Nom de la discussion de groupe> <Contenu>	/<채팅방 이름 일부> <할말>				
UI_20211021_005064	pour envoyer le message.	을 입력하여 바로 메시지를 보낼 수 있습니다.				
UI_20211021_005065	{@st66d}<Inconnu>{/}	{@st66d}<알수없음>{/}				
UI_20211021_005066	{@st59}Personnage enregistré retiré.{/}	{@st59}등록된 캐릭터를 해제합니다.{/}				
UI_20211021_005067	{@st42b}{s14}{ds}[Effet] : %s	{@st42b}{s14}{ds}[효과] : %s				
UI_20211021_005068	Tester l'Effet de Monture	테스트용 기본 탈 것 효과				
UI_20211021_005069	Retraite	퇴각				
UI_20211021_005070	Aucune Autorité	권한 없음				
UI_20211104_005071	{@st66d}{s21}Récompense de base du contenu x%s + récompense supplémentaire donnée{/}	{@st66d}{s21}해당 콘텐츠의 기본보상 %s배 + 추가 보상 지급{/}				
UI_20211104_005072	{@st66d}{s19}Liste des Récompenses Supplémentaires{/}	{@st66d}{s19}추가 보상 리스트{/}	UI_20211021_005006	{@st66d}{s20}Liste des Récompenses Supplémentaires{/}	{@st66d}{s20}추가 보상 리스트{/}	
UI_20211104_005073	{@st66d}{s18}{#FF3333}※ Récompense pouvant être obtenue par chance exclue{/}	{@st66d}{s18}{#FF3333}※ 확률적으로 획득할 수 있는 보상 아이템은 제외됩니다{/}				
UI_20211104_005074	{@st66d}{s18}{#FF3333}※ Cette récompense ne peut être reçue qu'une fois par contenu et équipe{/}	{@st66d}{s18}{#FF3333}※ 해당 보상은 콘텐츠당 1회(팀당) 수령할 수 있습니다{/}	UI_20211021_005008	{@st66d}{s19}{#FF3333}※ Cette récompense ne peut être reçue qu'une fois par contenu et équipe{/}	{@st66d}{s19}{#FF3333}※ 해당 보상은 콘텐츠당 1회(팀당) 수령할 수 있습니다{/}	
UI_20211104_005075	{@st41}Crée le type d'objet sélectionné.{/}	{@st41}선택한 종류의 아이템을 생성합니다.{/}	UI_20210913_004976	{@st41}Enregistre le type d'objet sélectionné dans le coffre d'équipement.{/}	{@st41}선택한 종류의 아이템을 보관함에서 활성화 시킵니다.{/}	
UI_20211217_005076	{@st59}Fermer{/}	{@st59}업적/모험일지를 닫습니다{/}	UI_20150317_000311	{@st59}Fermer{/}	{@st59}모험일지를 닫습니다{/}	
UI_20211217_005077	{@st43b}Titre	{@st43b}타이틀				
UI_20211217_005078	{@st59}Journal d'Aventure{/}	{@st59}모험 일지{/}				
UI_20211217_005079	{@st59}Haut Fait Majeur{/}	{@st59}주요 업적{/}				
UI_20211217_005080	{@st59}Haut Fait de Contenu{/}	{@st59}콘텐츠 업적{/}				
UI_20211217_005081	{@st59}Haut Fait Spécial{/}	{@st59}특별 업적{/}				
UI_20211217_005082	{@st59}Haut Fait d'Événement{/}	{@st59}이벤트 업적{/}				
UI_20211217_005083	Niv. de haut fait : %s / Niv. d'équipe : %s	업적 레벨: %s / 팀 레벨: %s				
UI_20211217_005084	{@st41b}Statut Actuel des Hauts Faits	{@st41b}업적 현황				
UI_20211217_005085	{@st41b}Échange d'Objets de Haut Fait	{@st41b}업적 교환 이벤트				
UI_20211217_005086	Prochain renouvellement : %s jour(s) %s:%s:%s	다음 갱신까지: %s일 %s:%s:%s				
UI_20211217_005087	{@st41b}Hauts Faits Avec Forte Progression	{@st41b}진행도가 높은 업적				
UI_20211217_005088	{@st41b}Nouveau Haut Fait	{@st41b}신규 업적				
UI_20211217_005089	Récompense de Niveau de Haut Fait	업적 레벨 달성 보상				
UI_20211217_005090	Rechercher	검색				
UI_20211217_005091	Catégorie Principale	메인 카테고리				
UI_20211217_005092	Sous-catégorie	서브 카테고리				
UI_20211217_005093	Recherchez le haut fait par{nl}récompense{nl}ou par nom de haut fait.	보상 또는 업적 명칭으로{nl}업적을 검색할 수 있습니다.				
UI_20211217_005094	Haut Fait Majeur	주요 업적				
UI_20211217_005095	Masquer les Hauts Faits Terminés	완료된 업적 표시하지 않기				
UI_20211217_005096	{@st66b}{s16}Tout Recevoir en une Fois	{@st66b}{s16}보상 일괄 수령				
UI_20211217_005097	Il n'y a aucun haut fait dans cette catégorie.	해당 카테고리의 업적이 없습니다.				
UI_20211217_005098	Haut Fait de Contenu	콘텐츠 업적				
UI_20211217_005099	Haut Fait Spécial	특별 업적				
UI_20211217_005100	Haut Fait d'Événement	이벤트 업적				
UI_20211217_005101	Placez la coiffure dont vous souhaitez extraire les statistiques.	옵션을 추출할 헤어 코스튬을 올려주세요.				
UI_20211217_005102	{@st59}Fermer{/}	{@st59}헤어 코스튬 옵션 이전 UI를 닫습니다{/}				
UI_20211217_005103	{@st43}Transférer la Statistique de Coiffure{/}	{@st43}헤어 코스튬 옵션 이전{/}				
UI_20211217_005104	{@st42}Relocalisateur de Statistique	{@st42}옵션 이전 소재				
UI_20211217_005105	{@st42}Les statistiques de coiffure sont transférées vers	{@st42}옵션이 이전되는 헤어 코스튬				
UI_20211217_005106	Placez le relocalisateur de statistique de coiffure.{nl} {nl}{#ffffff}La coiffure dont la statistique a été extraite sera supprimée après l'extraction des statistiques.	헤어 코스튬 옵션 이전 소재를 넣어주세요.{nl} {nl}{#ffffff}옵션 이전 후 옵션이 추출된 헤어 코스튬은 소멸합니다.				
UI_20211217_005107	{@st43b}{s16}Liste des Hauts Faits	{@st43b}{s16}업적 목록				
UI_20211217_005108	{@st41b}Objets Vendus{/}	{@st41b}판매 아이템{/} 				
UI_20211217_005109	{@st59}Hauts Faits/Journal d'Aventure (F4){/}	{@st59}업적/모험일지 (F4){/}	UI_20150317_000729	{@st59}Journal d'Aventure (F4){/}	{@st59}모험일지 (F4){/}	
UI_20211217_005110	{@st66d}{s18}Objet Populaire{/}	{@st66d}{s18}HOT 아이템{/}	UI_20161107_002425	{@st66d}{s18}Top 5 des Ventes{/}	{@st66d}{s18}인기 아이템 Top5{/}	
UI_20211217_005111	Suivre	추적하기				
UI_20211217_005112	Liste des Récompenses de Haut Fait	업적 보상 목록				
UI_20211217_005113	Période : %s jour(s) %s:%s:%s	기간제 : %s일 %s:%s:%s				
UI_20211217_005114	Le haut fait est disponible après avoir reçu la demande du maître.	해당 업적은 마스터 의뢰를 수령 후 진행하실 수 있습니다.				
UI_20211217_005115	Récompense de Haut Fait	업적 보상				
UI_20211217_005116	XP de Haut Fait	업적 EXP				
UI_20211217_005117	Récompense 125K dégâts du boss hebdomadaire {img green_up_arrow 14 14}%s	주간 보스 레이드 125K 대미지 보상 획득량 {img green_up_arrow 14 14}%s	UI_20210809_004965	Gain de récompense 500K dégâts du raid de boss hebdomadaire {img green_up_arrow 14 14}%s	주간 보스 레이드 500K 대미지 보상 획득량 {img green_up_arrow 14 14}%s	
UI_20220103_005118	Placez le relocalisateur de statistique de coiffure.{nl} {nl}{#ffffff}{b}La coiffure dont la statistique a été extraite sera supprimée après l'extraction des statistiques.	헤어 코스튬 옵션 이전 소재를 넣어주세요.{nl} {nl}{#ffffff}{b}옵션 이전 후 옵션이 추출된 헤어 코스튬은 소멸합니다.	UI_20211217_005106	Placez le relocalisateur de statistique de coiffure.{nl} {nl}{#ffffff}La coiffure dont la statistique a été extraite sera supprimée après l'extraction des statistiques.	헤어 코스튬 옵션 이전 소재를 넣어주세요.{nl} {nl}{#ffffff}옵션 이전 후 옵션이 추출된 헤어 코스튬은 소멸합니다.	
UI_20220107_005119	est requis.{nl} {nl}  - Toutes les statistiques sauf la statistique d'éveil sont transférées lors du changement de type d'équipement.{nl}(La statistique d'éveil appliquée à l'équipement est supprimée lors du changement de type.){nl} {nl}  - La statistique fixe appliquée est retirée lors du changement de type d'armure.{nl} {nl}  - La propriété d'échange ne change pas lors du changement de type d'arme.{/}	가 필요합니다.{nl} {nl}  - 장비 계열 변경 시 각성 옵션을 제외한 모든 옵션이 이전됩니다.{nl}(아이템에 부여된 각성 옵션은 계열 변경 시 사라집니다.){nl} {nl}  - 방어구 계열 변경 시 부여된 고정 옵션이 제거됩니다.{nl} {nl}  - 장비 계열 변경 시 거래 속성이 변경되지 않습니다.{/}	UI_20210809_004826	est requis.{nl} {nl}  - Toutes les statistiques sauf la statistique d'éveil sont transférées lors du changement de type d'équipement.{nl}(La statistique d'éveil appliquée à l'équipement est supprimée lors du changement de type.){nl} {nl}  - La propriété d'échange n'est pas modifiée lors du changement de type d'arme.{/}	가 필요합니다.{nl} {nl}  - 장비 계열 변경 시 각성 옵션을 제외한 모든 옵션이 이전됩니다.{nl}(아이템에 부여된 각성 옵션은 계열 변경 시 사라집니다.){nl} {nl}  - 장비 계열 변경 시 거래 속성이 변경되지 않습니다.{/}	
UI_20220204_005120	{@st41b}Formule d'Identification{/}	{@st41b}조제법 감정{/}				
UI_20220204_005121	{@st59}Fermer la fenêtre de formule d'identification.{/}	{@st59}조제법 감정 창을 닫습니다.{/}				
UI_20220204_005122	{@st59}Placez une Formule à Identifier{/}	{@st59}감정할 조제법을 올려주세요{/}				
UI_20220204_005123	{@st42b}Coût : {img %s 24 24} x %s %s{/}	{@st42b}비용 : {img %s 24 24} %s %s개{/}				
UI_20220204_005124	{@st42b}Formule en cours.{/}	{@st42b}현재 조제를 진행중인 조제법입니다.{/}				
UI_20220204_005125	{@st41b}Identifier	{@st41b}감정				
UI_20220204_005126	{@st41b}Continuer	{@st41b}계속하기				
UI_20220204_005127	{@st41b}{s20}[Niv.470] Mission d'archéologie	{@st41b}{s20}[Lv.470] 고고학 임무				
UI_20220204_005128	{s17}Objet nécessaire : %s (%s)	{s17}필요 아이템 : %s(%s)개				
UI_20220204_005129	[NIV10 Arche] Parchemin d'Extraction	[10레벨 아크] 추출 스크롤				
UI_20220204_005130	{@st66}Utiliser pour extraire le parchemin de montée de niveau d'Arche (Niv.10).{/}	{@st66}사용 시 아크 레벨업 스크롤(10레벨)을 추출합니다.{/}				
UI_20220204_005131	Parchemin d'Extraction	스크롤 추출				
UI_20220204_005132	{@sti1c}{s14}%s Temps restant de la vague{/}	{@sti1c}{s14}%s 웨이브 남은 시간{/}				
UI_20220204_005133	{@sti1c}{s14}Skill de Groupe	{@sti1c}{s14}파티 스킬				
UI_20220204_005134	{@st204_magenta}%s fois	{@st204_magenta}%s회				
UI_20220204_005135	Un{nl}Deux{nl}Trois{nl}Quatre{nl}Cinq	하나{nl}두울{nl}세엣{nl}네엣{nl}다섯				
UI_20220204_005136	{@st41b}{s20}Fragmenter la Boucle d'Oreille	{@st41b}{s20}귀걸이 파편화				
UI_20220204_005137	Fragmenter	파편화				
UI_20220204_005138	{@st43}{s18}Jusqu'à %s fragments peuvent être reçus.	{@st43}{s18}최대 %s개의 파편을 획득할 수 있습니다.				
UI_20220204_005139	{@st43}{s24}Classement du Score d'Équipement	{@st43}{s24}기어스코어 랭킹				
UI_20220204_005140	{@st66b}{s16}Nom du Personnage	{@st66b}{s16}캐릭터명				
UI_20220204_005141	{@st66b}{s16}Score d'Équipement	{@st66b}{s16}기어스코어				
UI_20220204_005142	.{nl} {nl}{s20}Fabrication{nl} {s18}- Fabriquez un équipement de rang Déesse avec des ingrédients obtenus du raid de la Déesse.{nl} {nl}{s20}Succession{nl} {s18}- Fabriquez un équipement de niveau supérieur avec un équipement de rang légendaire Niv.440 ou plus.{nl}Vous pouvez transférer partiellement la statistique de l'équipement utilisé pour la fabrication selon les conditions.{nl} {nl}{s20}Changement de type{nl} {s18}- En utilisant un niveau d'équipement approprié 	로 개방할 수 있습니다.{nl} {nl}{s20}제작{nl} {s18}- 가디스 레이드에서 획득한 재료로 가디스 장비를 제작할 수 있습니다.{nl} {nl}{s20}계승{nl} {s18}- Lv.440 레전드 등급 이상의 장비로 다음 레벨의 장비를 제작합니다.{nl}제작 시 조건에 따라 제작에 사용 된 장비 옵션의 일부를 이전할 수 있습니다.{nl} {nl}{s20}계열 변경{nl} {s18}- 장비 레벨에 맞는 	UI_20210809_004762	.{nl} {nl}{s20}Fabrication{nl} {s18}- Fabriquez un équipement de rang Déesse avec des ingrédients obtenus du raid de la Déesse.{nl} {nl}{s20}Succession{nl} {s18}- Fabriquez un équipement de rang Déesse en utilisant un équipement de rang légendaire Niv.440 comme ingrédient.{nl}Vous pouvez transférer partiellement la valeur de renforcement et d'enchantement vers l'équipement de rang Déesse selon le palier de renforcement et de transcendance de l'équipement de rang légendaire utilisé comme ingrédient.{nl} {nl}{s20}Changement de type{nl} {s18}- En utilisant un niveau d'équipement approprié 	로 개방할 수 있습니다.{nl} {nl}{s20}제작{nl} {s18}- 가디스 레이드에서 획득한 재료로 가디스 장비를 제작할 수 있습니다.{nl} {nl}{s20}계승{nl} {s18}- Lv.440 레전드 등급 장비를 재료로 가디스 장비를 제작합니다.{nl}제작 시 레전드 등급 장비의 강화, 초월 단계에 따라 강화, 인챈트 옵션 수치를 일부 이전할 수 있습니다.{nl} {nl}{s20}계열 변경{nl} {s18}- 장비 레벨에 맞는 	
UI_20220204_005143	{@sti1c}{s17}※Condition pour la succession{nl} - Équipement de rang légendaire Niv.440{nl}   ** TRA 8 ou plus{nl} {nl}※Statistique et valeur transférables{nl} - Arme/Armure de rang légendaire Niv.440 avec une valeur ENH 10 ou moins ou TRA 9 ou moins{nl}   **Ne peut pas être transférée{nl} - Arme/Armure de rang légendaire Niv.440 avec une valeur ENH 11 ou plus ou TRA 10 ou plus{nl}   **Transfère 66 % du [ENH], des [Statistiques d'enchantement] {nl} - Accessoire de rang légendaire Niv.440{nl}   **Transfère 50 % du [ENH]{nl} {nl} {nl}{#11cc88} ※La valeur ENH maximale transférée lors d'une succession d'Arme/Armure de rang légendaire Niv.440 est 14.{nl} ※ Une Aide à l'amélioration [Niv.460] sera donnée pour un équipement avec une valeur ENH de 21 ou plus lors d'une succession d'Arme/Armure de rang légendaire Niv.440. {nl}{/}{/}	{@sti1c}{s17}※계승 가능 조건{nl} - Lv.440 레전드 등급 장비{nl}   **초월 단계 8이상{nl} {nl}※계승 시 이전되는 옵션 및 수치{nl} - Lv.440 레전드 등급 강화 수치 +11 미만 또는 초월 단계 10미만인 무기/방어구{nl}   **이전되지 않음{nl} - Lv.440 레전드 등급 강화 수치 +11 이상, 초월 단계 10인 무기/방어구{nl}   **[강화], [인챈트 옵션] 각 66.6% 이전{nl} - Lv.440 레전드 등급 액세서리{nl}   **[강화] 50% 이전{nl} {nl} {nl}{#11cc88} ※Lv.440 레전드 등급 무기/방어구 계승 시 이전되는 강화 수치는 최대 +14입니다.{nl} ※Lv.440 레전드 등급 무기/방어구 계승 시 강화 수치가 +21을 초과하는 장비는 [Lv.460] 강화 보조제(거래불가)가 지급됩니다. {nl}{/}{/}				
UI_20220204_005144	{@st66b}Vous pouvez obtenir un des objets{nl}selon sa probabilité.{/}	 {@st66b}사용 시 각 확률에 따라{nl}구성 아이템 중 1종을 획득할 수 있습니다.{/}				
UI_20220204_005145	Produire un Consommable	재화 생산	UI_20210809_004834	Fabrication de Réputation	명성도 생산	
UI_20220204_005146	{img NOTICE_Dm_! 30 30}{@st43}{s16}Candidature au Donjon{/}	{img NOTICE_Dm_! 30 30}{@st43}{s16}던전 적용 사항{/}				
UI_20220204_005147	Historique de Complétion	클리어 기록				
UI_20220204_005148	{nl}{s18} Aide sur la bataille dans l'antre de Sulivinas{/}{nl} {nl}[Classement de la bataille de blocus]{nl} Les classements de la bataille de blocus sont comptés jusqu'à la décimale, de sorte que la guilde la plus rapide à terminer le contenu{nl}soit classée en premier. {nl} {nl}[Recevoir les récompenses de la bataille de blocus]{nl} Les récompenses de la bataille de blocus seront données après 19h00 le dimanche, et le maître de guilde autorisé{nl}peut	{nl}{s18}봉쇄전 도움말{/}{nl} {nl}[봉쇄전 순위 정산]{nl} 봉쇄전 순위는 소숫점까지 계산되어 가장 빨리 콘텐츠를{nl}클리어한 길드가 높은 순위에 랭크되는 방식으로 진행됩니다.{nl} {nl}[봉쇄전 보상 수령]{nl} 봉쇄전 보상 수령은 일요일 오후 7시 이후, 길드 마스터 권한이 있는{nl}플레이어가 	UI_20210115_004582	{nl}{s18}À propos de la bataille de blocus{/}{nl} {nl}[Autorisation de participer]{nl}Seules les guildes ayant assiégé un territoire en GTW peuvent participer à la bataille.{nl}*Quête de guilde : participe automatiquement en progressant avec l'Être ancien (Boruta)/Sanctuaire démoniaque (Giltine){nl} {nl}[Classement de la bataille de blocus]{nl} Les classements de la bataille de blocus sont comptés jusqu'à la décimale, de sorte que la guilde la plus rapide à terminer le contenu{nl}soit classée en premier. {nl} {nl}[Recevoir les récompenses de la bataille de blocus]{nl} Les récompenses de la bataille de blocus seront données après 19h00 le dimanche, et le maître de guilde autorisé{nl}peut	{nl}{s18}봉쇄전 도움말{/}{nl} {nl}[봉쇄전 참여 권한]{nl}봉쇄전은 길드 콜로니전 스팟 점령 길드만 참여가능합니다.{nl}*길드 퀘스트 : 고대의 존재(보루타)/마신의 성소(길티네)를 진행할 경우 자동으로 참여{nl} {nl}[봉쇄전 순위 정산]{nl} 봉쇄전 순위는 소숫점까지 계산되어 가장 빨리 콘텐츠를{nl}클리어한 길드가 높은 순위에 랭크되는 방식으로 진행됩니다.{nl} {nl}[봉쇄전 보상 수령]{nl} 봉쇄전 보상 수령은 일요일 오후 7시 이후, 길드 마스터 권한이 있는{nl}플레이어가 	
UI_20220204_005149	{@st59}Boucle d'oreille{/}	{@st59}귀걸이{/}				
UI_20220204_005150	{@st59}Fabrication d'Arcane{/}	{@st59}비약 연성술{/}				
UI_20220204_005151	{@st59}Actualités{/}	{@st59}뉴스{/}				
UI_20220204_005152	{@st59}Boutique de Token de la Déesse{/}	{@st59}여신의 증표 상점{/}				
UI_20220204_005153	{@st59}Tableau de Logement Personnel{/}	{@st59}개인 하우징 게시판{/}				
UI_20220204_005154	{@st59}Marché{/}	{@st59}마켓{/}				
UI_20220204_005155	{@st59}Rechercher un Groupe{/}	{@st59}파티 찾기{/}				
UI_20220204_005156	{@st59}Boutique de Badge Mercenaire{/}	{@st59}용병단 증표 상점{/}				
UI_20220204_005157	{@st59}Ouvrir les Tableaux{/}	{@st59}게시판 펼쳐보기{/}				
UI_20220204_005158	{@st59}Ouvrir les Boutiques{/}	{@st59}상점 펼쳐보기{/}				
UI_20220204_005159	{@st59}Boutique TP{/}	{@st59}TP상점{/}				
UI_20220204_005160	{@st59}Changer le Nom du Préréglage Actuel{/}	{@st59}현재 프리셋의 이름을 변경합니다{/}				
UI_20220204_005161	{@st66b}Importer	{@st66b}가져오기				
UI_20220204_005162	{@st59}Importer les informations de la carte actuellement équipée vers le préréglage actuel{/}	{@st59}현재 장착한 카드 정보를 현재 프리셋에 가져옵니다{/}				
UI_20220204_005163	{@st66b}Appliquer	{@st66b}적용				
UI_20220204_005164	{@st59}Changer la carte équipée avec les informations du{nl}préréglage actuel{nl}{#FFFF00}※ Ne s'applique pas à une carte absente de{nl}l'inventaire{/}{/}	{@st59}현재 프리셋 정보로 장착 카드를 변경합니다{nl}{#FFFF00}※ 인벤토리에 없는 카드는 적용되지 않습니다{/}{/}				
UI_20220204_005165	{@st43}Préréglage d'Album de Cartes Couleur{/}	{@st43}컬러 카드첩 프리셋{/}				
UI_20220204_005166	{@st59}Fermer le Préréglage d'Album de Cartes Couleur{/}	{@st59}컬러 카드첩 프리셋을 종료합니다{/}				
UI_20220204_005167	{@st66b}Préréglage	{@st66b}프리셋				
UI_20220204_005168	{@st59}Tableau de Recherche de Groupe{/}	{@st59}파티 찾기 게시판{/}				
UI_20220204_005169	{@st59}Informations sur le Groupe (F6){/}	{@st59}파티 정보 (F6){/}				
UI_20220204_005170	{@st43}{s24}Tableau de Recherche de Groupe	{@st43}{s24}파티 찾기 게시판				
UI_20220204_005171	{@st59}Fermer le Tableau de Recherche de Groupe{/}	{@st59}파티 찾기 게시판을 닫습니다{/}				
UI_20220204_005172	{@ps1_1}{s20}Rechercher	{@ps1_1}{s20}조회				
UI_20220204_005173	{@st106_lbr}{s20}Enregistrer	{@st106_lbr}{s20}등록				
UI_20220204_005174	Nom du Groupe	파티이름				
UI_20220204_005175	{@st43b}{s20}Demander à Participer	{@st43b}{s20}참가신청				
UI_20220204_005176	{@ps1_1}{s16}Condition pour Rejoindre le Groupe	{@ps1_1}{s16}파티 참가 조건				
UI_20220204_005177	{@sti1c}{s16}Taux d'accomplissement d'attribut (%)	{@sti1c}{s16}특성 달성률(%)				
UI_20220204_005178	{@sti1c}{s16}Score d'Équipement	{@sti1c}{s16}기어 스코어				
UI_20220204_005179	{@sti1c}{s16}Niveau Res Sacrae	{@sti1c}{s16}성물 레벨				
UI_20220204_005180	{@st105_y_16}{s14}{@st43b}{s20} 19:59 {@st105_y_16}{s14} restant avant la suppression du recrutement	{@st105_y_16}{s14}모집 공고 자동 삭제까지{@st43b}{s20} 19:59 {@st105_y_16}{s14}남았습니다				
UI_20220204_005181	{img ps_icon_input 20 20}{@st66b}{s16}Titre du Recrutement	{img ps_icon_input 20 20}{@st66b}{s16}공고 제목				
UI_20220204_005182	Veuillez entrer le titre du recrutement de groupe	파티공고 제목을 입력해주세요				
UI_20220204_005183	{img ps_icon_input 20 20}{@st66b}{s16}Condition pour Rejoindre le Groupe	{img ps_icon_input 20 20}{@st66b}{s16}파티 참가 조건				
UI_20220204_005184	Enregistrer le Recrutement de Groupe	파티 모집 공고 등록				
UI_20220204_005185	{@st43}Fabrication d'Arcane{/}	{@st43}비약 연성술{/}				
UI_20220204_005186	{@st59}Fermer la fenêtre de fabrication d'arcane{/}	{@st59}비약 연성술 창을 닫습니다{/}				
UI_20220204_005187	{@st59}Cliquez pour voir l'aide sur le brassage d'arcane{/}	{@st59}비약 연성술 도움말을 보려면 클릭하세요{/}				
UI_20220204_005188	{@st43}{s18}Temps restant ({@st47}{s18}%s{/}{/}){/}{/}	{@st43}{s18}남은 시간 ({@st47}{s18}%s{/}{/}){/}{/}				
UI_20220204_005189	Niveau de Complétion	완성도				
UI_20220204_005190	Neutralisations Restantes	남은 중화 횟수				
UI_20220204_005191	{@sti1c}{s14}Matériau{/}{/}	{@sti1c}{s14}합성 재료{/}{/}				
UI_20220204_005192	{@st59}Matériau{/}	{@st59}합성 재료{/}				
UI_20220204_005193	{@sti1c}{s11}Neutralisant{/}{/}	{@sti1c}{s14}중화제{/}{/}				
UI_20220204_005194	{@st59}Neutralisant{/}	{@st59}중화제{/}				
UI_20220204_005195	{@st59}Insérer le Matériau de Combinaison{/}	{@st59}합성 재료를 올려주세요{/}				
UI_20220204_005196	{@st59}Démarrer la Combinaison{/}	{@st59}합성 시작{/}				
UI_20220204_005197	{@st59}Insérer le Neutralisant{/}	{@st59}중화제를 올려주세요{/}				
UI_20220204_005198	{@st45tw2}Meilleur Record Personnel	{@st45tw2}개인 최고 기록				
UI_20220204_005199	{@st45tw2}Ami	{@st45tw2}친구				
UI_20220204_005200	{@st43}{#ffcc33}{s14}Meilleur record !	{@st43}{#ffcc33}{s14}최고 기록 경신!				
UI_20220204_005201	{@st202}Statut du Coupon▶{/}	{@st202}보유 쿠폰 ▶{/}				
UI_20220204_005202	{@st202}Consommer le Coupon ▶{/}	{@st202}쿠폰 소모 ▶{/}				
UI_20220204_005203	{@st43}Vendre des Fournitures de Secours{/}	{@st43}구호 물품 판매{/}				
UI_20220204_005204	{@st41b}Vendre{/}	{@st41b}판매{/}				
UI_20220204_005205	{@st59}Groupe{/}	{@st59}파티{/}				
UI_20220204_005206	{@st66b}Nombre maximum de particules (%s){/}	{@st66b}최대 파티클 개수(%s){/}				
UI_20220204_005207	{@st59}Affecte fortement les performances. Si trop bas, certains effets peuvent ne pas être visibles. Appliqué après le redémarrage.{/}	{@st59}성능에 큰 영향을 미칩니다. 너무 적으면 일부 효과가 안보일 수 있습니다. 재시작 후 적용됩니다.{/}				
UI_20220204_005208	Parchemin de Retrait de Liaison d'Accessoire de la Déesse	가디스 액세서리 귀속 해제 스크롤				
UI_20220204_005209	{@st66}Utiliser pour retirer la liaison.{/}	{@st66}사용 시 귀속 상태가 해제됩니다.{/}				
UI_20220204_005210	Retirer la Liaison	귀속 해제				
UI_20220204_005211	Parchemin de Retrait de Liaison de Boucle d'Oreille de Flamme Ardente	화염불꽃 귀걸이 귀속 해제 스크롤				
UI_20220204_005212	{@st66}%s parchemin(s) sont nécessaires pour retirer la liaison.{/}	{@st66}귀속 해제를 위해 %s개의 스크롤이 필요합니다.{/}				
UI_20220204_005213	{@st66}Le même rang et nombre de parchemins sont nécessaires pour retirer la liaison.{/}	{@st66}귀속 해제를 위해 등급과 같은 수의 스크롤이 필요합니다.{/}				
UI_20220204_005214	Parchemin de Retrait de Liaison d'Équipement Vasilisa	바실리사 장비 귀속 해제 스크롤				
UI_20220204_005215	{@st43}{s16}Dégâts du Groupe{/}	{@st43}{s16}파티 대미지{/}				
UI_20220204_005216	{@st43}{s28}Résultat de la Bataille	{@st43}{s28}전투 결과				
UI_20220204_005217	{@st43}{s22}Historique	{@st43}{s22}기록				
UI_20220204_005218	{@st43}{s22}Détails	{@st43}{s22}세부 정보				
UI_20220204_005219	{@st43}{s15}{#FFFF00}Durée de la bataille{nl} {#FFFFFF}{s17}%s	{@st43}{s15}{#FFFF00}전투 시간{nl} {#FFFFFF}{s17}%s				
UI_20220204_005220	48 secondes	48초				
UI_20220204_005221	{@st43}{s15}{#FFFF00}Dégâts totaux{nl} {#FFFFFF}{s17}%s	{@st43}{s15}{#FFFF00}총 피해량{nl} {#FFFFFF}{s17}%s				
UI_20220204_005222	{@st43}{s15}{#FFFF00}Précédent meilleur record{nl} {#FFFFFF}{s17}%s	{@st43}{s15}{#FFFF00}이전 최고 기록{nl} {#FFFFFF}{s17}%s				
UI_20220204_005223	{@st43}{s17}{#FFFF00}Dégâts totaux cette semaine{nl} {#FFFFFF}{s18}%s	{@st43}{s17}{#FFFF00}이번 주 누적 피해량{nl} {#FFFFFF}{s18}%s				
UI_20220204_005224	{@st42b}{s18}Fin{/}	{@st42b}{s18}종료하기{/}				
UI_20220204_005225	{s16}{#FF0000} %s restant avant la fin du décompte.	{s16}{#FF0000}집계 종료까지 %s 남았습니다.				
UI_20220204_005226	5 Jours 5 Heures 38 Minutes 49 Secondes	5일 5시간 38분 49초				
UI_20220204_005227	{@st100cream_24}Archéologie	{@st100cream_24}고고학				
UI_20220204_005228	{@st101lightbrown_16}Zone de Fouille	{@st101lightbrown_16}발굴 가능 지역				
UI_20220204_005229	Fermer la fenêtre de carte d'archéologie.	고고학 맵 정보창을 닫습니다.				
UI_20220204_005230	Consulter les infos d'archéologie.	고고학 정보를 확인합니다.				
UI_20220204_005231	{@st101lightbrown_16}Archéologie	{@st101lightbrown_16}고고학				
UI_20220204_005232	{s24}{b}Créer un nouveau personnage{/}{/}	{s24}{b}신규 캐릭터를 생성합니다{/}{/}				
UI_20220204_005233	{/}{s20}{b}[%s]{/}{nl}peut être sélectionné une fois les conditions{nl}suivantes remplies.{/}	{/}{s20}{b}[%s]{/}은{nl}다음 조건을 충족해야 선택할 수 있습니다.{/}				
UI_20220204_005234	Gain +%s	획득 +%s				
UI_20220204_005235	{@sti1c}{s14}Objet réservé au chef de groupe	{@sti1c}{s14}파티장 전용 아이템				
UI_20220204_005236	Nombre	사용 횟수				
UI_20220204_005237	460 nomdepersonnage	460 캐릭터이름				
UI_20220204_005238	460 nom de personnage	460 캐릭터 이름				
UI_20220204_005239	Gorille	고릴라는				
UI_20220204_005240	Banane	바나나				
UI_20220204_005241	{@st43}{s16}Affiche le facteur actuellement appliqué au donjon.{/}	{@st43}{s16}현재 던전에 적용된 요소를 나타냅니다.{/}				
UI_20220426_005242	{@st43}{s22}Gloire de la Déesse{/}	{@st43}{s22}여신의 축복{/}				
UI_20220426_005243	Passer l'Animation	애니메이션 스킵				
UI_20220426_005244	{nl}{img %s 40 40}{@st42b}{s20}Ouvrir	{nl}{img %s 40 40}{@st42b}{s20}캡슐 개봉   				
UI_20220426_005245	Le montant maximum de points pouvant être gagnés est réinitialisé chaque lundi à 6h00, heure serveur.{nl}Les points peuvent être gagnés comme suit :{nl} {nl}- Se connecter au jeu : 10 points (5 points supplémentaires pour les joueurs en guilde et les joueurs sous effet Token){nl} - Pêche réussie : 1 point gagné par prise.{nl}- Raid légendaire : 35 points{nl}- Donjon de niveau : 10 points{nl}(Les points peuvent être omis en sortant juste après avoir terminé le donjon de niveau.){nl}- Quête quotidienne : 10 points{nl}- Ligue de combat d'équipe : 50 points (donnés quel que soit le résultat){nl}- Raid Res Sacrae : Correspondance auto : 20 points{nl}- Raid Res Sacrae : Correspondance auto (Difficile) : 30 points	획득 가능한 포인트량은 매주 월요일 6시에 초기화됩니다.{nl}포인트는 아래의 방법으로 획득할 수 있습니다.{nl} {nl}- 접속 : 10 포인트 (PC방 접속 중, 길드 가입 중, 토큰 적용 중일 시 각 5 포인트 추가 획득){nl}- 낚시 성공 : 1회 당 1 포인트{nl}- 레전드 레이드 : 35 포인트{nl}- 레벨 던전 : 10 포인트{nl}(레벨 던전을 클리어하여 빠르게 퇴장했을 경우, 포인트 지급이 누락될 수 있습니다.){nl}- 일일 퀘스트 : 10 포인트{nl}- 팀 배틀리그 : 50 포인트 (종료 후 승패에 관계없이 지급){nl}- 성물 레이드: 자동 매칭 : 20 포인트{nl}- 성물 레이드: 자동 매칭(Hard) : 30 포인트	UI_20210809_004743	Le montant maximum de points pouvant être gagnés est réinitialisé chaque lundi à 6h00, heure serveur.{nl}Les points peuvent être gagnés comme suit :{nl} {nl}- Se connecter au jeu : 10 points (5 points supplémentaires pour les joueurs en guilde et les joueurs sous effet Token){nl} - Pêche réussie : 1 point gagné par prise.{nl}- Raid légendaire : 35 points{nl}{nl}*Nid de Velcoffer : 100 points{nl}*Tour de terre : 25 points tous les 5 étages{nl}- Mission de défense en montée : 10 points{nl}- Donjon de niveau : 10 points{nl}(Les points peuvent être omis en sortant juste après avoir terminé le donjon de niveau.){nl}- Quête quotidienne : 10 points{nl}- Ligue de combat d'équipe : 50 points (donnés quel que soit le résultat){nl}- Raid Res Sacrae : Correspondance auto : 20 points{nl}- Raid Res Sacrae : Correspondance auto (Difficile) : 30 points	획득 가능한 포인트량은 매주 월요일 6시에 초기화됩니다.{nl}포인트는 아래의 방법으로 획득할 수 있습니다.{nl} {nl}- 접속 : 10 포인트 (PC방 접속 중, 길드 가입 중, 토큰 적용 중일 시 각 5 포인트 추가 획득){nl}- 낚시 성공 : 1회 당 1 포인트{nl}- 레전드 레이드 : 35 포인트{nl}*벨코퍼의 둥지 : 100 포인트{nl}*대지의 탑 : 5층 단위로 25 포인트{nl}- 업힐 디펜스 미션 : 10 포인트{nl}- 레벨 던전 : 10 포인트{nl}(레벨 던전을 클리어하여 빠르게 퇴장했을 경우, 포인트 지급이 누락될 수 있습니다.){nl}- 일일 퀘스트 : 10 포인트{nl}- 팀 배틀리그 : 50 포인트 (종료 후 승패에 관계없이 지급){nl}- 성물 레이드: 자동 매칭 : 20 포인트{nl}- 성물 레이드: 자동 매칭(Hard) : 30 포인트	
UI_20220426_005246	{@st43b}{s16}Liste des Contenus	{@st43b}{s16}콘텐츠 리스트				
UI_20220426_005247	{@st43}Hériter le Niveau de Carte de la Déesse{/}	{@st43}여신 카드 레벨 전승{/}				
UI_20220426_005248	Veuillez placer la carte d'origine. 	원본 카드를 올려주세요				
UI_20220426_005249	{@st59}Fermer{/}	{@st59}여신 카드 레벨 전승을 닫습니다{/}	UI_20210809_004756	{@st59}Fermer{/}	{@st59}여신 카드 복사를 닫습니다{/}	
UI_20220426_005250	Hériter le Niveau de Carte de la Déesse	여신 카드 레벨 전승				
UI_20220426_005251	{#ff0000}※ Le niveau de la carte d'origine restera inchangé lors de l'héritage du niveau de carte de la Déesse.	{#ff0000}※ 여신 카드 레벨 전승 시 원본 카드의 레벨은 유지됩니다.				
UI_20220426_005252	{@st41b}Hériter	{@st41b}전승	UI_20210809_004758	{@st41b}Copier	{@st41b}복사	
UI_20220426_005253	{@st66d}{#ffcc33}{s18}Niv.%s{/}{/}{/}	{@st66d}{#ffcc33}{s18}%s레벨{/}{/}{/}				
UI_20220426_005254	{@st59}Infos sur le Pèlerin{/}	{@st59}순례자 정보{/}				
UI_20220426_005255	{@st59}Groupe Ouvert{/}	{@st59}파티 펼쳐보기{/}				
UI_20220426_005256	NomGroupePelerin	순례자그룹이름				
UI_20220426_005257	{@st41}{s20}Quitter	{@st41}{s20}나가기				
UI_20220426_005258	{@st41}{s18}Liste des Pèlerins	{@st41}{s18}순례자 목록				
UI_20220426_005259	Nombre de morts : 0	사망 횟수 : 0				
UI_20220426_005260	{@st59}Vous pouvez voir les informations de l'épreuve de la saison actuelle.	{@st59}현재 시즌의 시련 정보를 확인할 수 있습니다.				
UI_20220426_005261	{@st41}{s20}Infos sur l'Épreuve	{@st41}{s20}시련 정보				
UI_20220426_005262	Veuillez sélectionner les informations de l'épreuve. 	시련 정보를 선택해주세요 .				
UI_20220426_005263	Diminuer le Niveau de Rang de l'Épreuve	시련 랭크 레벨을 낮춥니다.				
UI_20220426_005264	Augmenter le Niveau de Rang de l'Épreuve	시련 랭크 레벨을 올립니다.				
UI_20220426_005265	{@st59}Pèlerin, sélectionnez l'épreuve.	{@st59}순례자, 시련을 선택합니다.				
UI_20220426_005266	{@st41}{s20}Épreuve	{@st41}{s20}시련				
UI_20220426_005267	Sélectionner un Pèlerin	순례자 선택				
UI_20220426_005268	NomPelerinMax.7	순례자명최대7				
UI_20220426_005269	Sélectionner une Pénalité	페널티 선택				
UI_20220426_005270	{@st41}{s18}Prêt	{@st41}{s18}준비 완료				
UI_20220426_005271	Parchemin d'Amélioration de Gemme Res Sacrae	성물 젬 강화 스크롤				
UI_20220426_005272	{@st43b}{s24}Infos sur le Pèlerin{/}	{@st43b}{s24}순례자 정보{/} 				
UI_20220426_005273	{@st59}Fermer{/}	{@st59}순례자를 종료합니다{/}				
UI_20220426_005274	Message Extrême de la Déesse	여신의 전언 익스트림				
UI_20220426_005275	{img current_group_mark 16 16}{@ps1_1}{s16} Groupe Actuel	{img current_group_mark 16 16}{@ps1_1}{s16} 현재 그룹				
UI_20220426_005276	Nom du Groupe	그룹 이름				
UI_20220426_005277	Dissoudre	해제하기				
UI_20220426_005278	Quitter	탈퇴하기				
UI_20220426_005279	Créer un Groupe	그룹 생성				
UI_20220426_005280	{@st202}{s16}Nom du Groupe{/}	{@st202}{s16}그룹 명{/}				
UI_20220426_005281	{@st202}{s16}Temps de Jeu{/}	{@st202}{s16}플레이 시간{/}				
UI_20220426_005282	Rang de l'Épreuve	{@st202}{s16}시련 단계{/}				
UI_20220426_005283	{@ps2}{s14}Historique de Jeu	{@ps2}{s14}플레이 기록				
UI_20220426_005284	S'il existe un historique de jeu de ce contenu pour cette saison,{nl}le meilleur score du groupe actuel pendant cette saison sera affiché.	해당 시즌의 플레이 기록이 존재할 경우,{nl}현재 그룹의 해당 시즌 최고 기록이 표시됩니다.				
UI_20220426_005285	Nom du Groupe	그룹명				
UI_20220426_005286	{@42b}{s14}Période de classement{nl}%s ~ %s	{@42b}{s14}랭킹 기간{nl}%s ~ %s				
UI_20220426_005287	{@st66b}Résolution de l'effet de pierre d'évolution (%s){/}	{@st66b}진화석 이펙트 선명도(%s){/}				
UI_20220426_005288	Il n'y a aucun objet à utiliser.	사용할 수 있는 아이템이 없습니다.	ETC_20150317_001734	Indéterminé	미정	
UI_20220426_005289	{@st42}{s20}Nom de l'Escouade	{@st42}{s20}스쿼드 이름				
UI_20220614_005290	Le montant maximum de points pouvant être gagnés est réinitialisé chaque lundi à 6h00, heure serveur.{nl}Les points peuvent être gagnés comme suit :{nl} {nl}- Se connecter au jeu : 10 points (5 points supplémentaires pour les joueurs en guilde et les joueurs sous effet Token){nl} - Pêche réussie : 1 point gagné par prise.{nl}- Raid légendaire : 35 points{nl}- Donjon de niveau : 10 points{nl}(Les points peuvent être omis en sortant juste après avoir terminé le donjon de niveau.){nl}- Quête quotidienne : 10 points{nl}- Ligue de combat d'équipe : 50 points (donnés quel que soit le résultat){nl}- Raid Res Sacrae (Normal) : 20 points{nl}- Raid Res Sacrae (Difficile) : 30 points	획득 가능한 포인트량은 매주 월요일 6시에 초기화됩니다.{nl}포인트는 아래의 방법으로 획득할 수 있습니다.{nl} {nl}- 접속 : 10 포인트 (PC방 접속 중, 길드 가입 중, 토큰 적용 중일 시 각 5 포인트 추가 획득){nl}- 낚시 성공 : 1회 당 1 포인트{nl}- 레전드 레이드 : 35 포인트{nl}- 레벨 던전 : 10 포인트{nl}(레벨 던전을 클리어하여 빠르게 퇴장했을 경우, 포인트 지급이 누락될 수 있습니다.){nl}- 일일 퀘스트 : 10 포인트{nl}- 팀 배틀리그 : 50 포인트 (종료 후 승패에 관계없이 지급){nl}- 성물 레이드(Normal) : 20 포인트{nl}- 성물 레이드(Hard) : 30 포인트	UI_20220426_005245	Le montant maximum de points pouvant être gagnés est réinitialisé chaque lundi à 6h00, heure serveur.{nl}Les points peuvent être gagnés comme suit :{nl} {nl}- Se connecter au jeu : 10 points (5 points supplémentaires pour les joueurs en guilde et les joueurs sous effet Token){nl} - Pêche réussie : 1 point gagné par prise.{nl}- Raid légendaire : 35 points{nl}- Donjon de niveau : 10 points{nl}(Les points peuvent être omis en sortant juste après avoir terminé le donjon de niveau.){nl}- Quête quotidienne : 10 points{nl}- Ligue de combat d'équipe : 50 points (donnés quel que soit le résultat){nl}- Raid Res Sacrae : Correspondance auto : 20 points{nl}- Raid Res Sacrae : Correspondance auto (Difficile) : 30 points	획득 가능한 포인트량은 매주 월요일 6시에 초기화됩니다.{nl}포인트는 아래의 방법으로 획득할 수 있습니다.{nl} {nl}- 접속 : 10 포인트 (PC방 접속 중, 길드 가입 중, 토큰 적용 중일 시 각 5 포인트 추가 획득){nl}- 낚시 성공 : 1회 당 1 포인트{nl}- 레전드 레이드 : 35 포인트{nl}- 레벨 던전 : 10 포인트{nl}(레벨 던전을 클리어하여 빠르게 퇴장했을 경우, 포인트 지급이 누락될 수 있습니다.){nl}- 일일 퀘스트 : 10 포인트{nl}- 팀 배틀리그 : 50 포인트 (종료 후 승패에 관계없이 지급){nl}- 성물 레이드: 자동 매칭 : 20 포인트{nl}- 성물 레이드: 자동 매칭(Hard) : 30 포인트	
UI_20220614_005291	{@st106_lbr}{s20}Équipement	{@st106_lbr}{s20}장비				
UI_20220614_005292	{@st106_lbr}{s20}Apparence	{@st106_lbr}{s20}외형				
UI_20220614_005293	{@st41b}{s20}Fragmenter l'Objet	{@st41b}{s20}아이템 파편화	UI_20220204_005136	{@st41b}{s20}Fragmenter la Boucle d'Oreille	{@st41b}{s20}귀걸이 파편화	
UI_20220614_005294	{@st59}Gemme de Skill{/}	{@st59}스킬 젬{/}				
UI_20220614_005295	{@st59}Gemme Res Sacrae{/}	{@st59}성물 젬{/}				
UI_20220614_005296	{@st202}{s18}Probabilité de Base{/}{/}	{@st202}{s18}기본 확률{/}{/}				
UI_20220614_005297	{@st202}{s18}Probabilité Ajustée en Cas d'Échec{/}{/}	{@st202}{s18}누적 실패 보정{/}{/}				
UI_20220614_005298	{@st202}{s18}Probabilité de Réussite{/}{/}	{@st202}{s18}성공 확률{/}{/}				
UI_20220614_005299	{@st202}Statut du Coupon{/}	{@st202}보유 쿠폰{/}				
UI_20220614_005300	{@st202}{s16}Ignorer la Confirmation	{@st202}{s16}확인 생략				
UI_20220614_005301	%s Entrez un mot-clé de recherche (Exemple : %s )	%s 검색 키워드 입력 (예시: %s )				
UI_20220614_005302	Mot-clé	키워드				
UI_20220614_005303	{@st59}Sélectionner la classe au sein de la classe principale{/}	{@st59}계열 내 세부직업을 선택하세요{/}				
UI_20220614_005304	Toute la Classe Sélectionnée	해당 클래스 전체				
UI_20220614_005305	{@st66b}{s16}Cyan	{@st66b}{s16}시안				
UI_20220614_005306	Cyan	시안				
UI_20220614_005307	{@st66b}{s16}Magenta	{@st66b}{s16}마젠타				
UI_20220614_005308	Magenta	마젠타				
UI_20220614_005309	{@st66b}{s16}Noir	{@st66b}{s16}블랙				
UI_20220614_005310	{img star_mark 20 20}Progression de la Collection{img star_mark 20 20}	★수집 달성도★				
UI_20220614_005311	{@st41}{s18}Classe sélectionnée : {@st45ty}{s20}%s{@st41}{s18}/%s{/}	{@st41}{s18}선택 계열 : {@st45ty}{s20}%s{@st41}{s18}/%s{/}				
UI_20220614_005312	{@st41}{s18}Tout : {@st45ty}{s20}%s{@st41}{s18}/%s{/}	{@st41}{s18}전체: {@st45ty}{s20}%s{@st41}{s18}/%s{/}				
UI_20220614_005313	Réinitialiser la Statistique de l'Objet	아이템 옵션 재설정				
UI_20220614_005314	{@st43b}{s18}Statistique Disponible	{@st43b}{s18}선택 가능 옵션				
UI_20220614_005315	Réinitialiser	재설정				
UI_20220614_005316	{@st66b}* Le groupe de statistique (couleur) ne change{nl}pas lors de la réinitialisation,{nl} seuls le type et la valeur de la statistique{nl}changent.{/}	{@st66b}* 재설정시 옵션 그룹(색상)은 유지되며, {nl}세부 옵션과 옵션 수치만 변경 가능합니다.{/}				
UI_20220614_005317	Statistique Réinitialisable	재설정 가능 옵션				
UI_20220614_005318	Affiche une liste des statistiques réinitialisables.	재설정 가능한 옵션 목록을 보여줍니다.				
UI_20220614_005319	Parchemin de Retrait de Liaison de la Ceinture de Perspicacité	통찰의 허리띠 귀속 해제 스크롤				
UI_20220614_005320	{@st59}Ceinture{/}	{@st59}허리띠{/}				
UI_20220614_005321	{@st59}Équiper l'Équipement (Alt+Z){/}	{@st59}해당 번호로 장비를 장착합니다(Alt+Z){/}				
UI_20220614_005322	Statistique Réinitialisable	재설정 가능 옵션 보기				
UI_20220622_005323	Le montant maximum de points pouvant être gagnés est réinitialisé chaque lundi à 6h00, heure serveur.{nl}Les points peuvent être gagnés comme suit :{nl} {nl}- Se connecter au jeu : 10 points (5 points supplémentaires pour les joueurs en guilde et les joueurs sous effet Token){nl} - Pêche réussie : 1 point gagné par prise.{nl}- Raid légendaire/Déesse : 35 points{nl}- Donjon de niveau : 10 points{nl}(Les points peuvent être omis en sortant juste après avoir terminé le donjon de niveau.){nl}- Quête quotidienne : 10 points{nl}- Ligue de combat d'équipe : 50 points (donnés quel que soit le résultat){nl}- Raid Res Sacrae (Normal) : 20 points{nl}- Raid Res Sacrae (Difficile) : 30 points	획득 가능한 포인트량은 매주 월요일 6시에 초기화됩니다.{nl}포인트는 아래의 방법으로 획득할 수 있습니다.{nl} {nl}- 접속 : 10 포인트 (PC방 접속 중, 길드 가입 중, 토큰 적용 중일 시 각 5 포인트 추가 획득){nl}- 낚시 성공 : 1회 당 1 포인트{nl}- 레전드/가디스 레이드 : 35 포인트{nl}- 레벨 던전 : 10 포인트{nl}(레벨 던전을 클리어하여 빠르게 퇴장했을 경우, 포인트 지급이 누락될 수 있습니다.){nl}- 일일 퀘스트 : 10 포인트{nl}- 팀 배틀리그 : 50 포인트 (종료 후 승패에 관계없이 지급){nl}- 성물 레이드(Normal) : 20 포인트{nl}- 성물 레이드(Hard) : 30 포인트	UI_20220614_005290	Le montant maximum de points pouvant être gagnés est réinitialisé chaque lundi à 6h00, heure serveur.{nl}Les points peuvent être gagnés comme suit :{nl} {nl}- Se connecter au jeu : 10 points (5 points supplémentaires pour les joueurs en guilde et les joueurs sous effet Token){nl} - Pêche réussie : 1 point gagné par prise.{nl}- Raid légendaire : 35 points{nl}- Donjon de niveau : 10 points{nl}(Les points peuvent être omis en sortant juste après avoir terminé le donjon de niveau.){nl}- Quête quotidienne : 10 points{nl}- Ligue de combat d'équipe : 50 points (donnés quel que soit le résultat){nl}- Raid Res Sacrae (Normal) : 20 points{nl}- Raid Res Sacrae (Difficile) : 30 points	획득 가능한 포인트량은 매주 월요일 6시에 초기화됩니다.{nl}포인트는 아래의 방법으로 획득할 수 있습니다.{nl} {nl}- 접속 : 10 포인트 (PC방 접속 중, 길드 가입 중, 토큰 적용 중일 시 각 5 포인트 추가 획득){nl}- 낚시 성공 : 1회 당 1 포인트{nl}- 레전드 레이드 : 35 포인트{nl}- 레벨 던전 : 10 포인트{nl}(레벨 던전을 클리어하여 빠르게 퇴장했을 경우, 포인트 지급이 누락될 수 있습니다.){nl}- 일일 퀘스트 : 10 포인트{nl}- 팀 배틀리그 : 50 포인트 (종료 후 승패에 관계없이 지급){nl}- 성물 레이드(Normal) : 20 포인트{nl}- 성물 레이드(Hard) : 30 포인트	
UI_20220823_005324	{@st41}{s18}Nombre de base : {@st45ty}{s20}%s{/}{/} / {@st41}{s18}Catalyseur Niv.480 : {@st45ty}{s20}%s{/}{/} / {@st41}{s18}Catalyseur Niv.460 : {@st45ty}{s20}%s{/}	{@st41}{s18}기본 횟수: {@st45ty}{s20}%s{/}{/} / {@st41}{s18}Lv.480 촉매제: {@st45ty}{s20}%s{/}{/} / {@st41}{s18}Lv.460 촉매제: {@st45ty}{s20}%s{/}				
UI_20220823_005325	{@st41b}{s24}Transférer le Niveau d'Amélioration	{@st41b}{s24}강화레벨 이전				
UI_20220823_005326	{@st201}[Transférer le niveau d'amélioration]{/}{/} Consomme une {@st66d_y}{s16}Gemme d'éther [Niv.460]{/}{/}, pour transférer le niveau d'amélioration vers la {@st66d_y}{s16}Gemme d'éther [Niv.480]{/}{/}{nl} - Seule une Gemme d'éther [Niv.460] avec le {@st66d_y} {s16}niveau d'amélioration maximum{/}{/} peut être utilisée comme matériau.{nl} - La gemme d'éther sera transférée {@st66d_y}{s16}sans aucune diminution du niveau d'amélioration{/}{/}.{nl} - Peut être appliqué à toute gemme d'éther {@st66d_y}{s16}même si la statistique n'est pas identique{/}{/} au type de Gemme d'éther [Niv.460] consommée. 	{@st201}[강화레벨 이전]{/}{/} {@st66d_y}{s16} [Lv.460] 에테르 젬{/}{/}을 소비하여,{@st66d_y}{s16} [Lv.480] 에테르 젬{/}{/}에 강화레벨 이전을 진행합니다.{nl} - {@st66d_y}{s16}최대 강화레벨에 도달한{/}{/} [Lv.460] 에테르 젬에 한하여 재료로 사용될 수 있습니다. {nl} - 에테르 젬은{@st66d_y}{s16}강화레벨 감소 없이{/}{/} 온전히 이전됩니다.{nl} - 소비 될 [Lv.460] 에테르 젬의 종류와 {@st66d_y}{s16}동일한 능력치 젬이 아니어도 제약없이 모두 적용{/}{/} 가능합니다.				
UI_20220823_005327	{@st43b}{s20}%s{/}{/}{nl}{#FF4242}{s22}Détruire{/}{/}	{@st43b}{s20}%s{/}{/}{nl}{#FF4242}{s22}파괴{/}{/}				
UI_20220823_005328	{@st43b}{s20}Placez l'objet{nl} Consomme :{@st66d_y} [Gemme d'éther Niv.460]	{@st43b}{s20}아이템을 올려주세요{nl} 소비:{@st66d_y} [Lv.460 에테르 젬]				
UI_20220823_005329	{@st43b}{s20}%s{/}{/}{nl}{#1FFF22}{s22}Améliorer{/}{/}	{@st43b}{s20}%s{/}{/}{nl}{#1FFF22}{s22}강화{/}{/}				
UI_20220823_005330	{@st43b}{s20}Placez l'objet{nl} Renforce :{@st66d_y} [Gemme d'éther Niv.480]	{@st43b}{s20}아이템을 올려주세요{nl} 강화:{@st66d_y} [Lv.480 에테르 젬]				
UI_20220823_005331	{s18}Le niveau d'amélioration est changé en {@st66d_y}{s20} [ Niv %s →Niv %s ]{/}{/}{s18} {/}.{/}	{s18}강화레벨이{@st66d_y}{s20} [ %s Lv →%s Lv ]{/}{/}{s18}로 {/} 변경됩니다.{/} 				
UI_20220823_005332	Réinitialiser l'Emplacement	슬롯 초기화				
UI_20220823_005333	{@st41b}Boutique de la Saison Précédente	{@st41b}지난 시즌 상점				
UI_20220823_005334	Nombre de pièces par contenu	콘텐츠별 코인 지급 개수	UI_20200206_004166	Liste des Missions de Contenu	콘텐츠 미션 목록	
UI_20220823_005335	{@st43}Fragmenter l'Objet{/}	{@st43}아이템 파편화{/}				
UI_20220823_005336	{@st59}Terminer la fragmentation de l'objet.{/}	{@st59}아이템 파편화를 종료합니다.{/}				
UI_20220823_005337	{@st59b}Fragmentation d'objet{nl}{@st59s} {nl} - Affiche les objets de l'inventaire pouvant être fragmentés ({#ffe400}sauf les objets verrouillés{/}). Sélectionnez l'{#ffe400}onglet de catégorie d'objet{/} pour choisir l'objet à fragmenter.	{@st59b}아이템 파편화{nl}{@st59s} {nl} - 인벤토리에 보유중인 파편화 대상 아이템({#ffe400}잠금 아이템 제외{/})을 보여줍니다. {nl} - {#ffe400}아이템 분류 탭{/}을 선택하여 파편화 하실 아이템들을 정해주세요.				
UI_20220823_005338	{@st66b}{s16}Boucle d'oreille	{@st66b}{s16}귀걸이				
UI_20220823_005339	{@st66b}{s16}Ceinture	{@st66b}{s16}허리띠				
UI_20220823_005340	{@st66b}{s16}Gemme de Skill	{@st66b}{s16}스킬 젬				
UI_20220823_005341	{@st66b}{s16}Ichor de la Déesse	{@st66b}{s16}가디스 아이커				
UI_20220823_005342	{@st59}Ichor de la Déesse{/}	{@st59}가디스 아이커{/}				
UI_20220823_005343	{@st41}{s20} Filtre{/}{/} {@st66b}{s20}| {/}{/}{@st45ty}{s20}%s{/}{/}	{@st41}{s20} 필터{/}{/} {@st66b}{s20}| {/}{/}{@st45ty}{s20}%s{/}{/}				
UI_20220823_005344	{@st42_gray}{s18}Rang 1{/}{/}{@st66b}{s22}|{/}{/}	{@st42_gray}{s18}1등급{/}{/}{@st66b}{s22}|{/}{/}				
UI_20220823_005345	{@st41}Rang 2{/} {@st66b}{s22}|{/}{/}	{@st41}2등급{/} {@st66b}{s22}|{/}{/}				
UI_20220823_005346	{@st41}{#0e7fe8}Rang 3{/}{/}{@st66b}{s22}|{/}{/}	{@st41}{#0e7fe8}3등급{/}{/}{@st66b}{s22}|{/}{/}				
UI_20220823_005347	{@st41}{#ffa800}Rang 4 ou plus{/}{/}	{@st41}{#ffa800}4등급 이상{/}{/}				
UI_20220823_005348	{@st41}Normal{/} {@st66b}{s22}|{/}{/}	{@st41}일반{/} {@st66b}{s22}|{/}{/}				
UI_20220823_005349	{@st41}{#0e7fe8}Avancé{/}{/} {@st66b}{s22}|{/}{/}	{@st41}{#0e7fe8}상급{/}{/} {@st66b}{s22}|{/}{/}				
UI_20220823_005350	{@st41}{#ffa800}Supérieur{/}{/}	{@st41}{#ffa800}최상급{/}{/}				
UI_20220823_005351	{@st41}{s16}  Classe : %s{/}	{@st41}{s16}  직업: %s{/}				
UI_20220823_005352	Classe ▼	계열 ▼				
UI_20220823_005353	Statistique Aléatoire ▼	랜덤 옵션 ▼				
UI_20220823_005354	{@st41}{#0e7fe8}Avancé{/}{/}	{@st41}{#0e7fe8}상급{/}{/}				
UI_20220823_005355	{@st61}{s24}Gestion de l'équipement de rang Déesse{/}{s18}{nl} {nl}{s20}Forge{nl} {s18}- Améliorer : Vous pouvez tenter une amélioration en utilisant {#ffff11}les ingrédients de l'équipement et le Token de la Déesse comme ingrédient de base{/}, et {#ffff11}augmenter la chance d'amélioration en utilisant une Aide à l'amélioration comme ingrédient supplémentaire{/}.{nl}La valeur d'amélioration ne diminue pas en cas d'échec et la probabilité ajustée augmente selon le nombre total d'échecs.{nl}(La probabilité ajustée est réinitialisée en cas de réussite de l'amélioration.){nl}  - Enchanter : Appliquez des statistiques d'enchantement en utilisant le Joyau d'enchantement de la Déesse avec le niveau d'équipement approprié.{nl}  - Transcendance : Augmentez le palier de transcendance de l'équipement en consommant une Gemme bénie de la Déesse. Le palier de transcendance maximum est 10. {nl}  - Évoluer : Utilisez {#22aaff}le Token de la Déesse, une Gemme bénie de la Déesse, un ingrédient de l'équipement, et une Pierre d'évolution avec le niveau d'équipement approprié{/} pour faire évoluer l'arme de rang Déesse{nl}(cependant, les armures ne peuvent pas évoluer et le palier de transcendance de l'arme de rang Déesse à faire évoluer doit être 10).{nl}L'{#22aaff}attaque de base de l'arme augmente de 5 % lors de l'évolution{/} et l'effet d'évolution est appliqué à l'apparence de l'arme.{nl} {nl}{s20}Graver{nl} {s18}- Sauvegarder une gravure : Vous pouvez sauvegarder une statistique aléatoire de l'équipement de rang Déesse équipé dans la gravure.{nl}{#ffff11}Une Pierre de gravure du niveau d'équipement approprié est utilisée{/} pour sauvegarder la gravure et nécessite au moins une pierre par tentative.{nl}  - Appliquer une gravure : Appliquez la gravure sauvegardée à l'équipement actuel. Un Token de la Déesse est consommé lors de l'application de la gravure.{nl}. - Ichor : Vous pouvez sauvegarder l'Ichor de statistique aléatoire d'armure Niv.430, l'Ichor de la Déesse comme gravure. Cela sera sauvegardé avec 100 % de chance et {#ffff11}l'ichor sauvegardé sera détruit{/}.{nl} {nl}{s20}Emplacement{nl}{s18}  - Armure : 2 emplacements normaux peuvent être ouverts. Un Token de la Déesse est consommé pour ouvrir un emplacement normal.{nl}. - Arme : 2 emplacements normaux et 1 emplacement de gemme d'éther peuvent être ouverts.{nl}Un Token de la Déesse est consommé pour ouvrir un emplacement normal et l'emplacement de gemme d'éther peut être ouvert avec un niveau d'équipement approprié	{@st61}{s24}가디스 장비 관리 시스템{/}{s18}{nl} {nl}{s20}재련{nl} {s18}- 강화 : {#ffff11}장비의 제작 재료와 여신의 증표를 기본 재료{/}로 강화를 시도할 수 있으며, {#ffff11}추가 재료로 강화 보조제를 사용하여 강화 확률을 상승{/}시킬 수 있습니다.{nl}강화 실패시 강화 수치가 하락하지 않으며, 누적 실패 횟수에 따른 확률 보정이 증가합니다.{nl}(누적 실패에 따른 확률 보정은 강화 성공시 초기화됩니다.){nl}  - 인챈트 : 장비 레벨에 맞는 가디스 인챈트 쥬얼을 사용하여 인챈트 옵션을 부여할 수 있습니다.{nl}  - 초월 : 여신의 축복석을 사용하여 해당 장비의 초월 단계를 증가시킬 수 있습니다. 초월 단계는 10이 최대입니다. {nl}  - 진화 : {#22aaff}여신의 증표, 여신의 축복석, 장비의 제작 재료, 장비 레벨에 맞는 진화석{/}을 사용하여 가디스 등급 무기를 진화시킵니다{nl}(단, 방어구는 진화할 수 없으며, 진화하려는 가디스 등급 무기는 초월 단계가 10이어야 합니다.){nl}{#22aaff}진화 시 무기의 기본 공격력의 5%가 상승{/}하며, 무기 외형에 진화 이펙트가 추가됩니다.{nl} {nl}{s20}각인{nl} {s18}- 각인 저장 : 장착하고 있는 가디스 등급 장비의 랜덤 옵션을 각인에 저장합니다.{nl}각인 저장에는 {#ffff11}장비 레벨에 맞는 각인석이 사용{/}되며, 저장 시도마다 최소 1개를 필요로 합니다.{nl}  - 각인 부여 : 저장된 각인을 장착 중인 장비에 부여합니다. 각인 부여 시 여신의 증표가 소모됩니다.{nl}  - 아이커 : Lv.430 방어구 랜덤 옵션 아이커, 가디스 아이커를 각인에 저장합니다. 100%확률로 저장되며 {#ffff11}저장 시 아이커는 소멸{/}합니다.{nl} {nl}{s20}소켓 관리{nl}{s18}  - 방어구 : 총 2개의 일반 소켓을 개방할 수 있습니다. 일반 소켓 개방에는 여신의 증표가 소모됩니다.{nl}  - 무기 : 총 2개의 일반 소켓과 1개의 에테르 젬 소켓을 개방할 수 있습니다.{nl}일반 소켓 개방에는 여신의 증표가 소모되며, 에테르 젬 소켓은 장비 레벨에 알맞는 	UI_20210809_004760	{@st61}{s24}Gestion de l'équipement de la Déesse{/}{s18}{nl} {nl}{s20}Forge{nl} {s18}- Améliorer : Vous pouvez tenter une amélioration en utilisant {#ffff11}les ingrédients de l'équipement et le Token de la Déesse comme ingrédient de base{/}, et {#ffff11}augmenter la chance d'amélioration en utilisant une Aide à l'amélioration comme ingrédient supplémentaire.{nl}La valeur d'amélioration ne diminue pas en cas d'échec et la probabilité ajustée augmente selon le nombre total d'échecs.{nl}(La probabilité ajustée est réinitialisée en cas de réussite de l'amélioration.){nl}  - Enchanter : Appliquez des statistiques d'enchantement en utilisant le Joyau d'enchantement de la Déesse avec le niveau d'équipement approprié.{nl}  - Transcendance : Augmentez le palier de transcendance de l'équipement en consommant une Gemme bénie de la Déesse. Le palier de transcendance maximum est 10. {nl}  - Évoluer : Utilisez {#22aaff}le Token de la Déesse, une Gemme bénie de la Déesse, un ingrédient de l'équipement, et une Pierre d'évolution avec le niveau d'équipement approprié{/} pour faire évoluer l'arme de rang Déesse{nl}(cependant, les armures ne peuvent pas évoluer et le palier de transcendance de l'arme de rang Déesse à faire évoluer doit être 10).{nl}L'{#22aaff}attaque de base de l'arme augmente de 5 % lors de l'évolution{/} et l'effet d'évolution est appliqué à l'apparence de l'arme.{nl} {nl}{s20}Graver{nl} {s18}- Sauvegarder une gravure : Vous pouvez sauvegarder une statistique aléatoire de l'équipement de rang Déesse équipé dans la gravure.{nl}{#ffff11}Une Pierre de gravure du niveau d'équipement approprié est utilisée{/} pour sauvegarder la gravure et nécessite au moins une pierre par tentative.{nl}  - Appliquer une gravure : Appliquez la gravure sauvegardée à l'équipement actuel. Un Token de la Déesse est consommé lors de l'application de la gravure.{nl}. - Ichor : Vous pouvez sauvegarder l'Ichor de statistique aléatoire d'armure Niv.430 comme gravure. Cela sera sauvegardé avec 100 % de chance et {#ffff11}l'ichor de statistique aléatoire sauvegardé sera détruit{/}.{nl} {nl}{s20}Emplacement{nl}{s18}  - Armure : 2 emplacements normaux peuvent être ouverts. Un Token de la Déesse est consommé pour ouvrir un emplacement normal.{nl}. - Arme : 2 emplacements normaux et 1 emplacement de gemme d'éther peuvent être ouverts.{nl}Un Token de la Déesse est consommé pour ouvrir un emplacement normal et l'emplacement de gemme d'éther peut être ouvert avec un niveau d'équipement approprié	{@st61}{s24}가디스 장비 관리 시스템{/}{s18}{nl} {nl}{s20}재련{nl} {s18}- 강화 : {#ffff11}장비의 제작 재료와 여신의 증표를 기본 재료{/}로 강화를 시도할 수 있으며, {#ffff11}추가 재료로 강화 보조제를 사용하여 강화 확률을 상승{/}시킬 수 있습니다.{nl}강화 실패시 강화 수치가 하락하지 않으며, 누적 실패 횟수에 따른 확률 보정이 증가합니다.{nl}(누적 실패에 따른 확률 보정은 강화 성공시 초기화됩니다.){nl}  - 인챈트 : 장비 레벨에 맞는 가디스 인챈트 쥬얼을 사용하여 인챈트 옵션을 부여할 수 있습니다.{nl}  - 초월 : 여신의 축복석을 사용하여 해당 장비의 초월 단계를 증가시킬 수 있습니다. 초월 단계는 10이 최대입니다. {nl}  - 진화 : {#22aaff}여신의 증표, 여신의 축복석, 장비의 제작 재료, 장비 레벨에 맞는 진화석{/}을 사용하여 가디스 등급 무기를 진화시킵니다{nl}(단, 방어구는 진화할 수 없으며, 진화하려는 가디스 등급 무기는 초월 단계가 10이어야 합니다.){nl}{#22aaff}진화 시 무기의 기본 공격력의 5%가 상승{/}하며, 무기 외형에 진화 이펙트가 추가됩니다.{nl} {nl}{s20}각인{nl} {s18}- 각인 저장 : 장착하고 있는 가디스 등급 장비의 랜덤 옵션을 각인에 저장합니다.{nl}각인 저장에는 {#ffff11}장비 레벨에 맞는 각인석이 사용{/}되며, 저장 시도마다 최소 1개를 필요로 합니다.{nl}  - 각인 부여 : 저장된 각인을 장착 중인 장비에 부여합니다. 각인 부여 시 여신의 증표가 소모됩니다.{nl}  - 아이커 : Lv.430 방어구 랜덤 옵션 아이커를 각인에 저장합니다. 100%확률로 저장되며 {#ffff11}저장 시 랜덤 옵션 아이커는 소멸{/}합니다.{nl} {nl}{s20}소켓 관리{nl}{s18}  - 방어구 : 총 2개의 일반 소켓을 개방할 수 있습니다. 일반 소켓 개방에는 여신의 증표가 소모됩니다.{nl}  - 무기 : 총 2개의 일반 소켓과 1개의 에테르 젬 소켓을 개방할 수 있습니다.{nl}일반 소켓 개방에는 여신의 증표가 소모되며, 에테르 젬 소켓은 장비 레벨에 알맞는 	
UI_20220823_005356	{@st42}{s24}{#33ff33}Probabilité ajustée en cas d'échec :{/}{/}{/}	{@st42}{s24}{#33ff33}누적 실패 보정:{/}{/}{/}	UI_20210809_004779	{@st42}{s24}Probabilité ajustée en cas d'échec :{/}{/}	{@st42}{s24}누적 실패 보정:{/}{/}	
UI_20220823_005357	Sélectionner la partie à sauvegarder	저장 부위 선택				
UI_20220823_005358	{@sti1c}{s18} - Seuls l'{#aa9911}Ichor de statistique aléatoire d'armure Niv.430, l'Ichor de la Déesse{/} peuvent être sauvegardés comme gravure.{nl} {nl}  - La pierre de gravure n'est pas requise pour sauvegarder l'{#aa991}Ichor de statistique aléatoire d'armure Niv.430, l'Ichor de la Déesse{/} et est sauvegardée avec 100 % de chance.{/}	{@sti1c}{s18} - {#aa9911}Lv.430 방어구 랜덤 옵션 아이커, 가디스 아이커{/}만 각인에 저장할 수 있습니다.{nl} {nl}  -{#aa991}Lv.430 방어구 랜덤 옵션 아이커, 가디스 아이커{/}를 각인에 저장할 때에는 각인석이 필요하지 않으며, 100% 확률로 저장 됩니다.{/}	UI_20210809_004801	{@sti1c}{s18} - Seul l'{#aa9911}Ichor de statistique aléatoire d'armure Niv.430{/} peut être sauvegardé comme gravure.{nl} {nl}  - La pierre de gravure n'est pas requise pour sauvegarder l'{#aa991}Ichor de statistique aléatoire d'armure Niv.430{/} et est sauvegardée avec 100 % de chance.{/}	{@sti1c}{s18} - {#aa9911}Lv.430 방어구 랜덤 옵션 아이커{/}만 각인에 저장할 수 있습니다.{nl} {nl}  -{#aa991}Lv.430 방어구 랜덤 옵션 아이커{/}를 각인에 저장할 때에는 각인석이 필요하지 않으며, 100% 확률로 저장 됩니다.{/}	
UI_20220823_005359	{@sti1c}{s17}※Condition pour la succession{nl} - Équipement de rang légendaire Niv.440{nl}   ** TRA 8 ou plus{nl}- Équipement de rang Déesse (ENH 20 ou plus){nl} {nl}※Statistique et valeur transférables{nl} - Arme/Armure de rang légendaire Niv.440 avec une valeur ENH 10 ou moins ou TRA 9 ou moins{nl}   **Ne peut pas être transférée{nl} - Arme/Armure de rang légendaire Niv.440 avec une valeur ENH 11 ou plus ou TRA 10 ou plus{nl}   **Transfère 66 % du [ENH], des [Statistiques d'enchantement] {nl} - Accessoire de rang légendaire Niv.440, Équipement de rang Déesse{nl}   **Transfère 50 % du [ENH]{nl} {nl} {nl}{#11cc88} ※La valeur ENH maximale transférée lors d'une succession d'Arme/Armure de rang légendaire Niv.440 est 14.{nl} ※ Une Aide à l'amélioration [Niv.460] sera donnée pour un équipement avec une valeur ENH de 21 ou plus lors d'une succession d'Arme/Armure de rang légendaire Niv.440. {nl}{/}{/}{nl}{@sti1c}{s17}{#FF0000}L'apparence de l'arme est aussi transmise si le type d'arme est identique.{/}{/}{/}	{@sti1c}{s17}※계승 가능 조건{nl} - Lv.440 레전드 등급 장비  **초월 단계 8이상{nl}- 가디스 등급 장비(20강 이상) {nl} {nl}※계승 시 이전되는 옵션 및 수치{nl} - Lv.440 레전드 등급 강화 수치 +11 미만 또는 초월 단계 10미만인 무기/방어구 {#FF0000}**이전되지 않음{/}{nl} - Lv.440 레전드 등급 강화 수치 +11 이상, 초월 단계 10인 무기/방어구{nl}   {#FF0000}**[강화], [인챈트 옵션] 각 66.6% 이전{/}{nl} - Lv.440 레전드 등급 액세서리, 가디스 등급 장비{#FF0000}(20강 이상){/}{nl}   {#FF0000}**[강화] 50% 이전{/}{nl} {nl} {nl}{#11cc88} ※Lv.440 레전드 등급 무기/방어구 계승 시 이전되는 강화 수치는 최대 +14입니다.{nl} ※Lv.440 레전드 등급 무기/방어구 계승 시 강화 수치가 +21을 초과하는 장비는 [Lv.460] 강화 보조제(거래불가)가 지급됩니다. {nl}{/}{/}{nl}{@sti1c}{s17}{#FF0000}무기의 종류가 같다면 외형변경 효과도 계승됩니다.{/}{/}{/}	UI_20220204_005143	{@sti1c}{s17}※Condition pour la succession{nl} - Équipement de rang légendaire Niv.440{nl}   ** TRA 8 ou plus{nl} {nl}※Statistique et valeur transférables{nl} - Arme/Armure de rang légendaire Niv.440 avec une valeur ENH 10 ou moins ou TRA 9 ou moins{nl}   **Ne peut pas être transférée{nl} - Arme/Armure de rang légendaire Niv.440 avec une valeur ENH 11 ou plus ou TRA 10 ou plus{nl}   **Transfère 66 % du [ENH], des [Statistiques d'enchantement] {nl} - Accessoire de rang légendaire Niv.440{nl}   **Transfère 50 % du [ENH]{nl} {nl} {nl}{#11cc88} ※La valeur ENH maximale transférée lors d'une succession d'Arme/Armure de rang légendaire Niv.440 est 14.{nl} ※ Une Aide à l'amélioration [Niv.460] sera donnée pour un équipement avec une valeur ENH de 21 ou plus lors d'une succession d'Arme/Armure de rang légendaire Niv.440. {nl}{/}{/}	{@sti1c}{s17}※계승 가능 조건{nl} - Lv.440 레전드 등급 장비{nl}   **초월 단계 8이상{nl} {nl}※계승 시 이전되는 옵션 및 수치{nl} - Lv.440 레전드 등급 강화 수치 +11 미만 또는 초월 단계 10미만인 무기/방어구{nl}   **이전되지 않음{nl} - Lv.440 레전드 등급 강화 수치 +11 이상, 초월 단계 10인 무기/방어구{nl}   **[강화], [인챈트 옵션] 각 66.6% 이전{nl} - Lv.440 레전드 등급 액세서리{nl}   **[강화] 50% 이전{nl} {nl} {nl}{#11cc88} ※Lv.440 레전드 등급 무기/방어구 계승 시 이전되는 강화 수치는 최대 +14입니다.{nl} ※Lv.440 레전드 등급 무기/방어구 계승 시 강화 수치가 +21을 초과하는 장비는 [Lv.460] 강화 보조제(거래불가)가 지급됩니다. {nl}{/}{/}	
UI_20220823_005360	{@st43}{s24}Guide Indispensable	{@st43}{s24}필수 가이드				
UI_20220823_005361	{@st59}Fermer le Guide Indispensable{/}	{@st59}필수 가이드를 닫습니다{/}				
UI_20220823_005362	Terminez la Dernière Révélation - Complétez la mission en progressant dans la quête de l'épisode 12-1,{nl}et recevez les récompenses d'épisode	Episode 12 - 1 퀘스트를 통해 마지막 계시 - 사명의 완성 이야기를 진행하고,{nl}에피소드 클리어 보상을 획득하세요				
UI_20220823_005363	{@st63}{s18}Récompense de Complétion	{@st63}{s18}완료 보상				
UI_20220823_005364	{@st66d_y}{s18}Nombre actuel ouvert : %s{/}{/}	{@st66d_y}{s18}현재 개봉 횟수: %s{/}{/}				
UI_20220823_005365	Limite de Donjon	던전 제한				
UI_20220823_005366	{@st59}Recevoir toutes les récompenses du message sélectionné.{/}	{@st59}선택한 메세지의 보상을 일괄 수령합니다.{/}				
UI_20220823_005367	{@st41b}{s18}Sélectionner Depuis le Coffre d'Équipement	{@st41b}{s18}보관함에서 선택				
UI_20220823_005368	{@st41b}{s18}Réinitialiser	{@st41b}{s18}재설정				
UI_20220823_005369	{@st41b}{s18}Confirmer	{@st41b}{s18}결정				
UI_20220823_005370	{@st41}{s20}Sélectionner une Classe Spécifique	{@st41}{s20}세부 클래스 선택하기				
UI_20220823_005371	{@st59}Tree of Savior est un jeu où vous combinez 3 classes spécifiques {nl}pour faire évoluer votre propre personnage.{nl}Vous pouvez soit choisir la combinaison de classes recommandée ci-dessous{nl}soit les combiner selon votre choix en cliquant sur le bouton en bas à droite.{/}	{@st59}트리 오브 세이비어는 총 3개의 세부 클래스를 조합하여{nl}자신만의 캐릭터를 육성하는 게임입니다.{nl}준비된 클래스의 수가 많으므로, 아래 제시되는 추천 조합을 선택하시거나,{nl}오른쪽 하단의 수동 선택 버튼을 눌러 직접 구성하실 수 있습니다.{/}				
UI_20220823_005372	{@st59}Détails{/}	{@st59}설명{/}				
UI_20220823_005373	{@sti1c}{s16}Détails de la Classe {img js_icon_detail 22 20}{/}{/}	{@sti1c}{s16}클래스 세부 정보 {img js_icon_detail 22 20}{/}{/}				
UI_20220823_005374	{@sti1c}{s16}Combinaison de Classes {img js_icon_list 22 20}{/}{/}	{@sti1c}{s16}클래스 구성 {img js_icon_list 22 20}{/}{/}				
UI_20220823_005375	{@sti1c}{s16}Aperçu {img js_icon_preview 22 20}{/}{/}	{@sti1c}{s16}미리 보기 {img js_icon_preview 22 20}{/}{/}				
UI_20220823_005376	{@st41}{s20}Sélectionner{/}{/}	{@st41}{s20}선택 완료하기{/}{/}				
UI_20220823_005377	{@s41}{s16}Retour{/}{/}	{@s41}{s16}돌아가기{/}{/}				
UI_20220823_005378	Détails du Bon de Création Spéciale	스페셜 생성권 사용 안내				
UI_20220823_005379	{@st59}Le bon de création spéciale est un bon de saut spécial donné une seule fois pendant la période.{nl}Veuillez l'utiliser avec précaution.{/}	{@st59}스페셜 생성권은 기간 한정으로 1회 제공하는 특수한 점핑권입니다.{nl}사용하실 때 유의하여 사용해주시길 바랍니다.{/}				
UI_20220823_005380	{@st59}Si vous fermez la fenêtre, elle réapparaîtra à votre prochaine connexion.{/}	{@st59}창을 닫을 경우, 재접속 시 팝업 됩니다.{/}				
UI_20220823_005381	Bon de Création Spéciale	스페셜 생성권				
UI_20220823_005382	{@ps1_3}{s16}Le bon de création spéciale est une opportunité spéciale{nl}de créer un personnage spécial pendant la période.{nl}Vous pouvez sélectionner une combinaison de classes{nl}qui rend généralement le jeu agréable.{nl} {nl} L'équipement et les paramètres{nl}adaptés à la classe sélectionnée sont tous configurés.{nl}Il est recommandé à tous les utilisateurs.{/}{/}	{@ps1_3}{s16}스페셜 생성권은 기간 한정으로 제공되는{nl}특별한 캐릭터 생성 기회이며,{nl}일반적으로 게임을 즐기는데 적합한 클래스 조합들{nl}중 하나를 선택하실 수 있습니다.{nl} {nl}Lv460 의 캐릭터와,{nl}선택하신 클래스 조합에 필요한 적정 수준의{nl}장비와 셋팅이 모두 완료되어 있습니다.{nl}모든 유저에게 추천합니다.{/}{/}				
UI_20220823_005383	{@st41}{s22}Utiliser le Bon de Création Spéciale{/}{/}	{@st41}{s22}스페셜 생성권을 사용{/}{/}				
UI_20220823_005384	Créer Normalement	일반 생성				
UI_20220823_005385	{@ps1_3}{s16}Créez le personnage de façon normale.{nl}Pour utiliser le bon de création spéciale par la suite,{nl}vous devrez créer un nouveau personnage.{nl} {nl}Nous vous recommandons d'utiliser le bon de création spéciale{nl}si vous n'êtes pas familier avec le jeu.{/}{/}	{@ps1_3}{s16}기존의 방식대로 캐릭터를 생성합니다.{nl}이후 스페셜 생성권을 사용하기 위해선{nl}캐릭터를 새로 생성해야만 합니다.{nl} {nl}아직 게임에 익숙하지 않다면{nl}스페셜 생성권 사용을 권장합니다.{/}{/}				
UI_20220823_005386	{@st41}{s22}Ne Pas Utiliser	{@st41}{s22}사용하지 않음				
UI_20220823_005387	Parchemin de Retrait de Liaison d'Équipement Réservoir/Falouros 	변질자, 팔로우로스 장비 귀속 해제 스크롤				
UI_20220823_005388	{@st41b}{s18}  Statistique Aléatoire	{@st41b}{s18}  랜덤 옵션	UI_20210318_004714	{@st41b}{s18}  Ichor Aléatoire	{@st41b}{s18}  랜덤 아이커	
UI_20220823_005389	{@st42}{s16}Actuel :{/}{/}	{@st42}{s16}현재 보유량{/}{/}				
UI_20220823_005390	Mésange à longue queue{nl}qui utilise son bec comme principal outil{nl}d'attaque	부리를 주력으로{nl}사용하는 오목눈이				
UI_20220823_005391	Essayer le Costume de Classe	직업 코스튬 입어보기				
UI_20220823_005392	Terminez toutes les quêtes de l'épisode 12-1	에피소드 12 - 1 퀘스트를 모두 완료하기				
UI_20220930_005393	Enregistrer le Costume	코스튬 등록				
UI_20220930_005394	{@st66b}{s14}※{#ff0100}L'objet enregistré sera détruit{/},{nl}et en faisant un clic droit sur l'objet dans la{nl}collection,{nl}vous pouvez créer ce costume{nl}avec un statut {#0001ff}lié à l'équipe{/}.	{@st66b}{s14}※{#ff0100}등록에 사용된 아이템은 소멸{/}되며,{nl}코스튬 컬렉션에서 우클릭 시{nl}해당 코스튬 아이템을{nl}{#0001ff}팀 귀속 상태로 생성{/}할 수 있습니다.				
UI_20220930_005395	{@st59}Apparence de l'Arme{/}	{@st59}무기 외형{/}				
UI_20220930_005396	{@st59}Ouvrir l'enregistrement de costume.{/}	{@st59}코스튬 등록 창을 엽니다.{/}				
UI_20221125_005397	{@st43}Changement de Classe	{@st43}클래스 변경				
UI_20221125_005398	Transmuter la Statistique de l'Objet	아이템 옵션 연성				
UI_20221125_005399	{@st41b}{s18}Transmutation	{@st41b}{s18}연성 시도				
UI_20221125_005400	{@st66b}* En transmutant, la statistique augmente de 1 % de la valeur maximale de la statistique cible. {nl}Le matériau requis augmente avec le nombre de tentatives de transmutation.{/}	{@st66b}* 연성 시, 대상 옵션의 최댓값의 1%만큼 능력치가 상승합니다. {nl}연성 횟수가 증가할수록 요구 재료량이 증가합니다.{/}				
UI_20221125_005401	{@st66b}{s16}Épaulière	{@st66b}{s16}어깨보호구				
UI_20221125_005402	{@st59}Épaulière de Férocité{/}	{@st59}맹렬의 어깨보호구{/}				
UI_20221125_005403	{@st43}Hériter le Niveau de Carte de la Déesse{/}	{@st43}가디스 카드 레벨 전승{/}				
UI_20221125_005404	{@st59}Fermer{/}	{@st59}가디스 카드 레벨 전승을 닫습니다{/}	UI_20220426_005249	{@st59}Fermer{/}	{@st59}여신 카드 레벨 전승을 닫습니다{/}	
UI_20221125_005405	Hériter le Niveau de Carte de la Déesse	가디스 카드 레벨 전승				
UI_20221125_005406	{#ff0000}※ Le niveau de la carte d'origine restera inchangé lors de l'héritage du niveau de carte de la Déesse.	{#ff0000}※ 가디스 카드 레벨 전승 시 원본 카드의 레벨은 유지됩니다.	UI_20220426_005251	{#ff0000}※ Le niveau de la carte d'origine restera inchangé lors de l'héritage du niveau de carte de la Déesse.	{#ff0000}※ 여신 카드 레벨 전승 시 원본 카드의 레벨은 유지됩니다.	
UI_20221125_005407	{@st43b}{s24}Emplacement de Carte de la Déesse	{@st43b}{s24}가디스 카드 슬롯	UI_20210115_004575	{@st43b}{s24}Suivre la Déesse	{@st43b}{s24}여신 추종	
UI_20221125_005408	Bataille de Blocus Giltine	길티네 봉쇄전	ETC_20150317_007162	Giltine	길티네	
UI_20221125_005409	{@st66b}Baubas{/}	{@st66b}바우바스{/}				
UI_20221125_005410	Bataille de Blocus Baubas	바우바스 봉쇄전				
UI_20221125_005411	{@st41}{s22}Changement de Classe	{@st41}{s22}클래스 변경				
UI_20221125_005412	{@st41}{s22}Changer{/}{/}{nl}	{@st41}{s22}변경{/}{/}{nl}				
UI_20221125_005413	Tout Sélectionner	모두선택				
UI_20221125_005414	{@st41}{s18} Filtre{/}{/} {@st66b}{s20}| {/}{/}{@st45ty}{s18}Type{/}{/}	{@st41}{s18} 필터{/}{/} {@st66b}{s20}| {/}{/}{@st45ty}{s18}종류{/}{/}				
UI_20221125_005415	{@st41}{#78FAFF}Cyan{/}	{@st41}{#78FAFF}시안{/}				
UI_20221125_005416	{@st41}{#f562ed}Magenta{/}{/}	{@st41}{#f562ed}마젠타{/}{/}				
UI_20221125_005417	{@st45}{s18}Noir{/}{/}	{@st45}{s18}블랙{/}{/}				
UI_20221125_005418	{@st41}{s18} Filtre{/}{/} {@st66b}{s20}| {/}{/}{@st45ty}{s18}Rang{/}{/}	{@st41}{s18} 필터{/}{/} {@st66b}{s20}| {/}{/}{@st45ty}{s18}등급{/}{/}				
UI_20221125_005419	{@st41}{#FFA800}Légendaire{/}	{@st41}{#FFA800}레전드{/}				
UI_20221125_005420	{@st41}{#78FAFF}Déesse{/}{/}	{@st41}{#78FAFF}가디스{/}{/}				
UI_20221125_005421	{@st66b}{s20}Instantané{/}	{@st66b}{s20}클래스 스냅샷{/}				
UI_20221125_005422	{@st59}Démarrer la configuration de l'instantané.{/}	{@st59}스냅샷 설정을 시작합니다.{/}				
UI_20221125_005423	Parchemin de Gemme de Skill	스킬 젬 변환 스크롤				
UI_20221125_005424	Définir l'Instantané de Classe	스킬 스냅샷 설정하기				
UI_20221125_005425	{@st59}Fermer{/}	{@st59}스냅샷 설정 창을 닫습니다{/}				
UI_20221125_005426	{@st41}{s20}Total : {@st45ty}{s22}%s{@st41}{s20}/30{/}	{@st41}{s20}전체: {@st45ty}{s22}%s{@st41}{s20}/30{/}				
UI_20221125_005427	{@st41}{s18}*Entrez le nom de l'ensemble et cliquez sur enregistrer.{/}{/}	{@st41}{s18}*프리셋 명을 입력 후,저장버튼을 눌러주세요.{/}{/}				
UI_20221125_005428	{@st41}{s20}Entrer{/}{/}	{@st41}{s20}입력창{/}{/}				
UI_20221125_005429	Enregistrer	프리셋 저장				
UI_20221125_005430	Points de Skill/attribut distribués (Total : {@st45ty}{s18}%s{/}{/} points de Skill distribués)	스킬 및 특성포인트 투자 정보(총: {@st45ty}{s18}%s{/}{/} 스킬 포인트 투자)				
UI_20221125_005431	Changer le Nom	프리셋 이름변경				
UI_20221125_005432	Appliquer l'Ensemble	프리셋 적용				
UI_20221125_005433	Supprimer l'Ensemble	프리셋 삭제				
UI_20221125_005434	{@st59}Épaulière{/}	{@st59}어깨보호구{/}				
UI_20221125_005435	{@st59}Enregistrer comme instantané de classe{/}	{@st59}프리셋으로 저장합니다{/}				
UI_20221125_005436	Voir/Enregistrer	보기/저장				
UI_20221125_005437	{@st59}Vérifier les infos de Skills et attributs.{/}	{@st59}스킬 및 특성 정보를 확인합니다.{/}				
UI_20221125_005438	{@st66b}{s18}Ensemble %s{/}{/}	 {@st66b}{s18}프리셋.%s{/}{/}				
UI_20221125_005439	Sélectionner la classe à changer	변경 할 직업선택				
UI_20221125_005440	Skill/Attribut	스킬/특성 명				
UI_20230130_005441	Avant d'atteindre le {@st42b}{#ffd800}{s18}niveau maximum (%s),{nl}vous pouvez utiliser ceci sans aucun coût.{/}	{@st42b}{#ffd800}{s18}최고 레벨(%s)을 달성하기 전까지{nl} 자유롭게 이용 가능합니다.{/}				
UI_20230130_005442	Les accessoires liés au personnage créés depuis le coffre d'équipement{nl} peuvent avoir leur type changé depuis la {#FF0000}[fenêtre de gestion de{nl}l'équipement de la Déesse]{/}.	장비 보관함에서 생성된 장신구(캐릭터 귀속)는{nl} {#FF0000}[가디스 장비 관리창]{/}에서 계열 변경이 가능합니다.				
UI_20230130_005443	{@st43}{s24}Transférer le Niveau de Carte Légendaire	{@st43}{s24}레전드 카드 레벨 이전				
UI_20230130_005444	{@st59}Fermer{/}	{@st59}레전드 카드 레벨 이전 창을 닫습니다{/}				
UI_20230130_005445	{#ff0000}※ Lors du transfert du niveau de la carte légendaire, son niveau sera réinitialisé à 1.	{#ff0000}※ 레전드 카드 레벨 이전 시 원본 카드의 레벨은 초기화됩니다.				
UI_20230130_005446	{@st41b}Transférer{/}	{@st41b}이전{/}				
UI_20230130_005447	{@st43}{s24}Transmuter le Sceau Jurate	{@st43}{s24}유라테 인장 연성				
UI_20230130_005448	{@st59}Fermer{/}	{@st59}유라테 인장 연성 창을 닫습니다{/}				
UI_20230130_005449	Sceau Matériau	재료 인장				
UI_20230130_005450	Sceau Jurate	유라테 인장				
UI_20230130_005451	{@st41b}Transmuter{/}	{@st41b}연성{/}				
UI_20230130_005452	{@st66b}Raid de Boss de Guilde	{@st66b}길드 보스 레이드				
UI_20230130_005453	{@st66b}Mission de Guilde{/}	{@st66b}길드 미션{/}				
UI_20230130_005454	{@st66b}Bataille de Blocus{/}	{@st66b}봉쇄전{/}				
UI_20230130_005455	{@st66d}Complétion Auto	{@st66d}자동 소탕				
UI_20230130_005456	{s17}{#050505}Complétion Auto	{s17}{#050505}자동 소탕				
UI_20230130_005457	{@st41}{#ffd800}{s18}Reset de Stats{/}	{@st41}{#ffd800}{s18}스텟 초기화{/}				
UI_20230130_005458	{@st59}La statistique est réinitialisée.{/}	{@st59}스텟 초기화를 진행합니다.{/}				
UI_20230130_005459	{@st100white_16}Si vous cliquez sur la région en maintenant la touche Maj, vous pouvez utiliser le voyage Token.	{@st100white_16}키보드의 Shift 키를 누른 상태에서 지역을 클릭하면 토큰 이동을 이용할 수 있습니다.	UI_20200826_004491	{@st100white_16}Si vous cliquez sur la région en maintenant la touche Maj, vous pouvez utiliser le voyage Token.	{@st100white_16}키보드의 쉬프트 키를 누른 상태에서 지역을 클릭하면 토큰 이동을 이용할 수 있습니다.	
UI_20230130_005460	Entrer le Code de Transfert	이관코드 입력				
UI_20230130_005461	{@st43}{s30}{#f0dcaa}Entrez le code de transfert !	{@st43}{s30}{#f0dcaa}이관 코드 입력!				
UI_20230130_005462	{@st59}Fermer{/}	{@st59}이관 코드 입력을 닫습니다{/}				
UI_20230130_005463	{@st59}Transférer l'équipe selon le code entré{/}	{@st59}입력한 코드로 팀을 이관합니다{/}				
UI_20230130_005464	{@st41b}Entrer le Code de Transfert{/}	{@st41b}이관 코드 입력{/}				
UI_20230130_005465	{@st59}Ouvrir la Fenêtre de Code de Transfert{/}	{@st59}이관 코드 창을 엽니다{/}				
UI_20230130_005466	{@st41}{#ffd800}{s18}Reset Skills{/}	{@st41}{#ffd800}{s18}스킬 초기화{/}				
UI_20230130_005467	{@st59}Le Skill est réinitialisée. *Gratuit si le personnage n'est pas au niveau maximum{/}	{@st59}스킬 초기화를 진행합니다. *캐릭터 최대 레벨이 아닐 경우 무료{/}				
UI_20230130_005468	{@st41}{#ffd800}{s18}Reset Attributs{/}	{@st41}{#ffd800}{s18}특성 초기화{/}				
UI_20230130_005469	{@st59}L'attribut est réinitialisé. *Gratuit si le personnage n'est pas au niveau maximum{/}	{@st59}특성 초기화를 진행합니다. *캐릭터 최대 레벨이 아닐 경우 무료{/}				
UI_20230308_005470	%s %s actuel :{@st66d_y}%s{/}	%s  보유 %s:{@st66d_y}%s{/}	UI_20200710_004355	%s actuel :{@st66d_y}%s{/}	보유 %s:{@st66d_y}%s{/}	
UI_20230308_005471	{@st59}Menu{/}	{@st59}전체 메뉴{/}				
UI_20230308_005472	Limite Hebdomadaire d'Acquisition de Badge Mercenaire {img green_up_arrow 16 16}100 000	용병단 증표 주간 획득량 제한 {img green_up_arrow 16 16}100,000				
UI_20230308_005473	Limite maximale de possession de pièces TOS {img green_up_arrow 16 16}40 000	TOS 주화 최대 보유량 제한 {img green_up_arrow 16 16}40,000				
UI_20230308_005474	Pièces TOS obtenues {img green_up_arrow 14 14}150 %	TOS 주화 획득량 {img green_up_arrow 14 14}150%				
UI_20230313_005475	Avant d'atteindre le {@st42b}{#ffd800}{s18}niveau maximum (%s), vous pouvez utiliser ceci sans aucun coût.{/}	{@st42b}{#ffd800}{s18}최고 레벨(%s)을 달성하기 전까지, 자유롭게 이용 가능합니다.{/}			
UI_20230424_005476	{@st59}Définir la langue cible de traduction{/}	{@st59}번역 목표 언어 설정{/}				
UI_20230424_005477	{@st43}Transmutation de Skill{/}	{@st43}스킬 연성{/}				
UI_20230424_005478	{@st59}Fermer{/}	{@st59}바카리네 스킬 연성 창을 닫습니다.{/}				
UI_20230424_005479	{@st59b}{s20}Système de transmutation de Skill{/}{nl}{@st59s} {nl} - Enchante un Skill aléatoire sur une Armure de la Déesse [Niv.480].({#ffe400}(Avertissement){/}) Afficher. {nl} - {#ffe400} 1 emplacement d'enchantement maximum sera fourni.{/}	{@st59b}{s20}스킬 연성 시스템{/}{nl}{@st59s} {nl} - [Lv.480] 이상의 가디스 방어구 아이템에 랜덤 스킬 인챈트를 부여합니다.({#ffe400}(주의사항){/})을 보여줍니다. {nl} - {#ffe400}최대 1개의 인챈트 슬롯이 주어집니다.{/}				
UI_20230424_005480	Sélectionner 1 (Original)	선택 1 (기존)				
UI_20230424_005481	[Actuel]	[현재]				
UI_20230424_005482	{@st41}{s22}Conserver{/}{/}{nl}	{@st41}{s22}유지{/}{/}{nl}				
UI_20230424_005483	Sélectionner 2 (Ajouter)	선택 2 (추가)				
UI_20230424_005484	[Changement disponible]	[변경 가능]				
UI_20230424_005485	{@st66d}{s20}Transmutation de Skill{/}	{@st66d}{s20}스킬 연성{/}				
UI_20230424_005486	{@sti1c}{s17}※Condition pour la succession{nl} - Équipement de rang légendaire Niv.440{nl}   ** TRA 8 ou plus{nl}- Équipement de rang Déesse (ENH 20 ou plus){nl} {nl}※Statistique et valeur transférables{nl} - Arme/Armure de rang légendaire Niv.440 avec une valeur ENH 10 ou moins ou TRA 9 ou moins {#FF0000}**Ne peut pas être transférée{nl} - Arme/Armure de rang légendaire Niv.440 avec une valeur ENH 11 ou plus ou TRA 10 ou plus{nl}  {#FF0000}**Transfère 66 % du [ENH], des [Statistiques d'enchantement] {nl} - Accessoire de rang légendaire Niv.440, Équipement de rang Déesse Niv.460 ou plus{#FF0000}(ENH 20 ou plus){/}{nl}  {FF0000}**Transfère 50 % du [ENH]{/}{nl}- Équipement de croissance de la Déesse{FF0000}{ENH 20}{/}{nl}  {#FF0000}**[ENH] ne peut pas être transféré{/} {nl}{#11cc88} ※La valeur ENH maximale transférée lors d'une succession d'Arme/Armure de rang légendaire Niv.440 est 14.{nl} ※ Une Aide à l'amélioration [Niv.460] (non échangeable) sera donnée pour un équipement avec une valeur ENH de 21 ou plus lors d'une succession d'Arme/Armure de rang légendaire Niv.440. {nl}{/}{/}{nl}{@sti1c}{s17}{#FF0000}L'apparence de l'arme est aussi transmise si le type d'arme est identique.{/}{/}{/}	{@sti1c}{s17}※계승 가능 조건{nl} * Lv.440 레전드 등급 장비 - 초월 단계 8이상{nl}* Lv.460 이상 가디스 등급 장비 - 20강 이상 {nl}* 성장 가디스 장비(수호자 시리즈) - 20강  {nl} {nl}※계승 시 이전되는 옵션 및 수치{nl} - Lv.440 레전드 등급 강화 수치 +11 미만 또는 초월 단계 10미만인 무기/방어구 {#FF0000}**이전되지 않음{/}{nl} - Lv.440 레전드 등급 강화 수치 +11 이상, 초월 단계 10인 무기/방어구{nl}   {#FF0000}**[강화], [인챈트 옵션] 각 66.6% 이전{/}{nl} - Lv.440 레전드 등급 액세서리, Lv.460 이상 가디스 등급 장비{#FF0000}(20강 이상){/}{nl}   {#FF0000}**[강화] 50% 이전{/}{nl}- 성장 가디스 장비{#FF0000}(20강){/}{nl}   {#FF0000}**[강화] 이전되지 않음{/} {nl}{#11cc88} ※Lv.440 레전드 등급 무기/방어구 계승 시 이전되는 강화 수치는 최대 +14입니다.{nl} ※Lv.440 레전드 등급 무기/방어구 계승 시 강화 수치가 +21을 초과하는 장비는 [Lv.460] 강화 보조제(거래불가)가 지급됩니다. {nl}{/}{/}{nl}{@sti1c}{s17}{#FF0000}무기의 종류가 같다면 외형변경 효과도 계승됩니다.{/}{/}{/}	UI_20220823_005359	{@sti1c}{s17}※Condition pour la succession{nl} - Équipement de rang légendaire Niv.440{nl}   ** TRA 8 ou plus{nl}- Équipement de rang Déesse (ENH 20 ou plus){nl} {nl}※Statistique et valeur transférables{nl} - Arme/Armure de rang légendaire Niv.440 avec une valeur ENH 10 ou moins ou TRA 9 ou moins{nl}   **Ne peut pas être transférée{nl} - Arme/Armure de rang légendaire Niv.440 avec une valeur ENH 11 ou plus ou TRA 10 ou plus{nl}   **Transfère 66 % du [ENH], des [Statistiques d'enchantement] {nl} - Accessoire de rang légendaire Niv.440, Équipement de rang Déesse{nl}   **Transfère 50 % du [ENH]{nl} {nl} {nl}{#11cc88} ※La valeur ENH maximale transférée lors d'une succession d'Arme/Armure de rang légendaire Niv.440 est 14.{nl} ※ Une Aide à l'amélioration [Niv.460] sera donnée pour un équipement avec une valeur ENH de 21 ou plus lors d'une succession d'Arme/Armure de rang légendaire Niv.440. {nl}{/}{/}{nl}{@sti1c}{s17}{#FF0000}L'apparence de l'arme est aussi transmise si le type d'arme est identique.{/}{/}{/}	{@sti1c}{s17}※계승 가능 조건{nl} - Lv.440 레전드 등급 장비  **초월 단계 8이상{nl}- 가디스 등급 장비(20강 이상) {nl} {nl}※계승 시 이전되는 옵션 및 수치{nl} - Lv.440 레전드 등급 강화 수치 +11 미만 또는 초월 단계 10미만인 무기/방어구 {#FF0000}**이전되지 않음{/}{nl} - Lv.440 레전드 등급 강화 수치 +11 이상, 초월 단계 10인 무기/방어구{nl}   {#FF0000}**[강화], [인챈트 옵션] 각 66.6% 이전{/}{nl} - Lv.440 레전드 등급 액세서리, 가디스 등급 장비{#FF0000}(20강 이상){/}{nl}   {#FF0000}**[강화] 50% 이전{/}{nl} {nl} {nl}{#11cc88} ※Lv.440 레전드 등급 무기/방어구 계승 시 이전되는 강화 수치는 최대 +14입니다.{nl} ※Lv.440 레전드 등급 무기/방어구 계승 시 강화 수치가 +21을 초과하는 장비는 [Lv.460] 강화 보조제(거래불가)가 지급됩니다. {nl}{/}{/}{nl}{@sti1c}{s17}{#FF0000}무기의 종류가 같다면 외형변경 효과도 계승됩니다.{/}{/}{/}	
UI_20230424_005487	Double-cliquez pour révéler une case à cocher permettant de figer l'image.	더블 클릭하면 프레임을 고정할 수 있는 체크 박스가 나타납니다.				
UI_20230424_005488	Figer l'image.	프레임을 고정합니다.				
UI_20230424_005489	Valeur appliquée : %s	적용될 수치: %s				
UI_20230424_005490	{@st66}Valeur après utilisation : %s{/}	{@st66}사용 후 변경될 수치 : %s{/}				
UI_20230424_005491	{s20}Valeur actuelle :{#FF0000}%s{/}{/}	{s20}현재 수치:{#FF0000}%s{/}{/}				
UI_20230424_005492	{@st43}Transmutation Magique{/}	{@st43}마력 연성{/}				
UI_20230424_005493	{@st59}Fermer la fenêtre de transmutation magique{/}	{@st59}마력 연성 창을 닫습니다.{/}				
UI_20230424_005494	{@st59b}{s20}Système de transmutation magique{/}{nl}{@st59s} {nl} - Enchante un Skill aléatoire sur une Arme/Armure de la Déesse [Niv.480].({#ffe400}(Avertissement){/}) Afficher. {nl} - {#ffe400} 2 emplacements d'enchantement par équipement seront fournis.{/}	{@st59b}{s20}마력 연성 시스템{/}{nl}{@st59s} {nl} - [Lv.480]가디스 무기/방어구 아이템에 스킬 인챈트를 부여합니다.({#ffe400}(주의사항){/})을 보여줍니다. {nl} - {#ffe400}장비 마다 최대2개의 인챈트 슬롯이 주어집니다.{/}				
UI_20230424_005495	{@st59}Placer les objets ingrédients.{/}	{@st59}재료 아이템을 올립니다.{/}				
UI_20230424_005496	Sélectionnez le parchemin de transmutation.	연성 스크롤을 올려주세요.				
UI_20230424_005497	Sélectionner l'emplacement	슬롯 선택				
UI_20230424_005498	{@st59}Enregistrer le parchemin de transmutation dans l'emplacement actuel.{/}	{@st59}해당 슬롯에 연성 주문서를 등록합니다.{/}				
UI_20230424_005499	{@st66d}{s20}Transmutation{/}	{@st66d}{s20}연성{/}				
UI_20230424_005500	{@st66b}Afficher uniquement la discussion régionale{/}	{@st66b}같은 지역 채팅만 보기{/}				
UI_20230424_005501	Après ce réglage, la discussion {b}{ol}Normale{/}{/} et {#dae0f}{b}{ol}Cri{/}{/}{/} des utilisateurs d'autres régions ne sera plus affichée.	설정시 같은 지역의 클라이언트를 사용하지 않는 유저의 {b}{ol}일반{/}{/}, {#da6e0f}{b}{ol}외침{/}{/}{/} 채팅은 표시되지 않습니다.				
UI_20230424_005502	{@st43}{s24}Achat de TP{/}	{@st43}{s24}TP 구입{/}				
UI_20230424_005503	{@st41b}Total de TOC dépensés :{/}	{@st41b}총 소모 TOC : {/}				
UI_20230424_005504	Confirmer l'achat ?	구입하시겠습니까?				
UI_20230424_005505	Une fois acheté, vous ne pouvez pas annuler	구입 시 원래의 아이템으로 되돌릴 수 없습니다.				
UI_20230424_005506	Sertissage de Gemme	젬 소켓	ETC_20150317_001758	Sertissage	소켓	
UI_20230424_005507	Sertissage de Skill	스킬 소켓				
UI_20230424_005508	{@st66d}Réinitialiser{/}	{@st66d}초기화{/}				
UI_20230424_005509	TOC Actuel{/}	  보유 TOC{/}				
UI_20230424_005510	TOC Acheté	  구매 TOC				
UI_20230424_005511	TOC après achat{/}	  구매 후 TOC{/}				
UI_20230424_005512	TOC Dépensé	소비 TOC				
UI_20230424_005513	TP Obtenus	획득 TP				
UI_20230424_005514	Nom d'objet TEST 12345678	아이템 이름 TEST 12345678				
UI_20230424_005515	Conditions	요구량				
UI_20230424_005516	Quantité actuelle dans le sac : %s	가방 내 보유량 : %s 				
UI_20230424_005517	Quantité actuelle : %s	보유량 : %s				
UI_20230424_005518	Nom1	명칭1				
UI_20230508_005519	{@st59}Carte légendaire Niv 10 requise.{/}	{@st59}레전드 카드 10성이 필요합니다.{/}	UI_20210115_004572	{@st59}Carte légendaire Niv 10 autre que la carte Boruta requise.{/}	{@st59}보루타 카드를 제외한 레전드 카드 10성이 필요합니다.{/}
UI_20230515_005520	{@st42}Définir le design de l'interface{/}	{@st42}HUD 스킨 설정{/}				
UI_20230516_005521	{@st66b}Voir PV/PM/END sous les Personnages{/}	{@st66b}캐릭터 아래에 HP, SP, STA 보기{/}	UI_20180629_003333	{@st66b}Voir PV/PM sous les Personnages{/}	{@st66b}캐릭터 아래에 HP, SP 보기{/}
UI_20230516_005522	{@st66b}Afficher quand un membre de guilde se connecte{/}	{@st66b}길드원 접속 알림 허용{/}			
UI_20230516_005523	{@st66b}Refuser les Duels Amicaux{/}	{@st66b}친선 대결 거절{/}			
UI_20230516_005524	{@st66b}Refuser les Échanges Personnels{/}	{@st66b}개인 거래 거절{/}			
UI_20230522_005525	Objet de la Boutique TP	TP상점 아이템명					
UI_20230605_005526	{img test_cooltime 25 25}{s18}Les points sont réinitialisés le 1er janvier/avril/juillet/octobre à 00h00, heure serveur.	{img test_cooltime 25 25}{s18}1월/4월/7월/10월 1일 오전 0시에 보유하고 있는 포인트가 초기화됩니다.	INTL_20191216_000377	{img test_cooltime 25 25}{s18}Les points sont réinitialisés chaque trimestre.	{img test_cooltime 25 25}{s18}매 분기마다 포인트 초기화가 진행됩니다.	
UI_20230626_005527	Parchemin de Retrait de Liaison d'Équipement	장비 귀속 해제 스크롤			
UI_20230626_005528	{@st66}Utiliser pour retirer la liaison au personnage.{/}	{@st66}사용 시 캐릭터 귀속 상태가 해제됩니다.{/}			
UI_20230904_005529	{@st201}[Transférer le niveau d'amélioration]{/}{/} Consomme une {@st66d_y}{s16}Gemme d'éther de rang inférieur{/}{/} pour transférer le niveau d'amélioration vers la {@st66d_y}{s16}Gemme d'éther de rang supérieur{/}{/}{nl} - Seule la Gemme d'éther de rang supérieur avec le {@st66d_y} {s16}niveau d'amélioration maximum{/}{/} peut être utilisée comme matériau.{nl} - La gemme d'éther sera transférée {@st66d_y}{s16}sans aucune diminution du niveau d'amélioration{/}{/}.{nl} - Peut être appliqué à toute gemme d'éther {@st66d_y}{s16}même si la statistique n'est pas identique{/}{/} à la gemme d'éther de rang inférieur consommée. 	{@st201}[강화레벨 이전]{/}{/} {@st66d_y}{s16} 한 등급 낮은 에테르 젬{/}{/}을 소비하여,{@st66d_y}{s16} 다읍 등급의 에테르 젬{/}{/}에 강화레벨 이전을 진행합니다.{nl} - {@st66d_y}{s16}최대 강화레벨에 도달한{/}{/} 에테르 젬에 한하여 재료로 사용될 수 있습니다. {nl} - 에테르 젬은{@st66d_y}{s16}강화레벨 감소 없이{/}{/} 온전히 이전됩니다.{nl} - 소비될 낮은 등급의 에테르 젬의 종류와 {@st66d_y}{s16}동일한 능력치 젬이 아니어도 제약없이 모두 적용{/}{/} 가능합니다.	UI_20220823_005326	{@st201}[Transférer le niveau d'amélioration]{/}{/} Consomme une {@st66d_y}{s16}Gemme d'éther [Niv.460]{/}{/}, pour transférer le niveau d'amélioration vers la {@st66d_y}{s16}Gemme d'éther [Niv.480]{/}{/}{nl} - Seule une Gemme d'éther [Niv.460] avec le {@st66d_y} {s16}niveau d'amélioration maximum{/}{/} peut être utilisée comme matériau.{nl} - La gemme d'éther sera transférée {@st66d_y}{s16}sans aucune diminution du niveau d'amélioration{/}{/}.{nl} - Peut être appliqué à toute gemme d'éther {@st66d_y}{s16}même si la statistique n'est pas identique{/}{/} au type de Gemme d'éther [Niv.460] consommée. 	{@st201}[강화레벨 이전]{/}{/} {@st66d_y}{s16} [Lv.460] 에테르 젬{/}{/}을 소비하여,{@st66d_y}{s16} [Lv.480] 에테르 젬{/}{/}에 강화레벨 이전을 진행합니다.{nl} - {@st66d_y}{s16}최대 강화레벨에 도달한{/}{/} [Lv.460] 에테르 젬에 한하여 재료로 사용될 수 있습니다. {nl} - 에테르 젬은{@st66d_y}{s16}강화레벨 감소 없이{/}{/} 온전히 이전됩니다.{nl} - 소비 될 [Lv.460] 에테르 젬의 종류와 {@st66d_y}{s16}동일한 능력치 젬이 아니어도 제약없이 모두 적용{/}{/} 가능합니다.
UI_20230904_005530	{@st43b}{s20}Placez l'objet{nl} Gemme d'éther de rang inférieur	{@st43b}{s20}아이템을 올려주세요{nl} 낮은 등급 에테르 젬	UI_20220823_005328	{@st43b}{s20}Placez l'objet{nl} Consomme :{@st66d_y} [Gemme d'éther Niv.460]	{@st43b}{s20}아이템을 올려주세요{nl} 소비:{@st66d_y} [Lv.460 에테르 젬]
UI_20230904_005531	{@st43b}{s20}Placez l'objet{nl} Gemme d'éther de rang supérieur	{@st43b}{s20}아이템을 올려주세요{nl} 다음 등급 에테르 젬	UI_20220823_005330	{@st43b}{s20}Placez l'objet{nl} Renforce :{@st66d_y} [Gemme d'éther Niv.480]	{@st43b}{s20}아이템을 올려주세요{nl} 강화:{@st66d_y} [Lv.480 에테르 젬]
UI_20230904_005532	{@st66b}Sauvegarder la Gravure (Ichor)	{@st66b}각인 저장(아이커)	UI_20210809_004794	{@st66b}Ichor	{@st66b}아이커
UI_20230904_005533	{@st43b}{s22}Objets Disponibles à la Roulette Popo	{@st43b}{s22}포포 룰렛 획득 가능 아이템	UI_20200429_004256	{@st43b}{s22}Objets Disponibles à la Roulette de la Déesse	{@st43b}{s22}여신의 룰렛 획득 가능 아이템
UI_20230904_005534	{@st66b}Dragon Déchu{/}	{@st66b}타락한 드라군{/}	UI_20210115_004579	{@st66b}Boruta{/}	{@st66b}보루타{/}
UI_20230904_005535	Bataille de Blocus Dragon Déchu 	타락한 드라군 봉쇄전	UI_20210115_004580	Bataille dans l'Antre de Sulivinas	보루타 봉쇄전
UI_20230904_005536	{@st59}Boost Popo{/}	{@st59}포포 부스트{/}			
UI_20230904_005537	Guide d'Avancement	성장 가이드			
UI_20230904_005538	{@st66d_y}{s16}Roulette Popolion	{@st66d_y}{s16}포포리온 룰렛			
UI_20230904_005539	※ Le score d'équipement de l'{#FFFF00}Arme/Armure/Accessoire{/} non liée à l'événement ne sera pas pris en compte.	※ 이벤트 장비가 아닌 {#FFFF00}무기/방어구/액세서리{/}의 기어 스코어는 이벤트에 반영되지 않습니다.			
UI_20230904_005540	Grâce à l'événement Boost Popo, {nl}une {#FFFF00}récompense sera donnée{/} chaque fois que le personnage participant à l'événement {#FFFF00}atteint un certain score d'équipement{/} avec l'équipement de l'événement.{nl}{nl}Démarrez l'événement et obtenez les récompenses !	포포 부스트 이벤트란, 이벤트에 참여한 캐릭터가{nl}{#FFFF00}특정 기어 스코어를 달성{/}할 때마다 {#FFFF00}보상을 지원{/}하는 이벤트 입니다.{nl}{nl}이벤트를 시작하고 보상을 획득하세요.			
UI_20230904_005541	Condition : {#FFFF00}Niv.459{/} ou moins, {#FFFF00}score d'équipement 7999{/} ou moins	참여 조건 : {#FFFF00}Lv.460{/} 미만,{#FFFF00}기어스코어 8000{/}미만			
UI_20230904_005542	{#FFFF00}UN SEUL personnage peut participer à l'événement Boost Popo par équipe.{nl}Le personnage choisi pour participer à l'événement ne peut pas être changé.	{#FFFF00}포포 부스트 이벤트는 팀당 1개의 캐릭터만 참여 가능합니다.{nl}포포 부스트 이벤트의 참여 캐릭터는 변경할 수 없습니다.			
UI_20230904_005543	Fermer	포포 부스트 UI를 닫습니다			
UI_20230904_005544	{@st43}Fabriquer la Carte Slogutis{/}	{@st43}슬로거티스 카드 제작{/}			
UI_20230904_005545	{@st59}Carte Giltine Niv 10 requise.{/}	{@st59}길티네 카드 10성이 필요합니다.{/}			
UI_20230904_005546	{@st100white_16}Consommez tous les objets ci-dessous et obtenez {@st204_purple}{s17}[NIV10] Carte Slogutis{/}{/}{@st100white_16}. {nl} {nl} - {@st100white_16}{@st66d_y}{s17}Anneau du Chaos{/}{/} x20{nl} {nl} - {@st59}{@st66d_y}{s17}[NIV10] Carte Giltine{/}{/}{@st100white_16}x1{nl} {nl} - {@st204_green}Aléatoire{/}{/}{@st66d_y}{s17}[NIV10] Carte légendaire{/}{/}{@st100white_16}x1{/}{/}	{@st100white_16}아래 아이템을 모두 소모하여 {@st204_purple}{s17}[LV10] 슬로거티스 카드{/}{/}{@st100white_16}를 획득합니다. {nl} {nl} - {@st100white_16}{@st66d_y}{s17}혼돈의 고리{/}{/}  20개{nl} {nl} - {@st59}{@st66d_y}{s17}[LV10] 길티네 카드{/}{/}{@st100white_16}1개{nl} {nl} - {@st204_green}임의의 {/}{/}{@st66d_y}{s17}[LV10] 레전드 카드{/}{/}{@st100white_16}1개{/}{/}			
UI_20230904_005547	{@st59}Fermer.{/}	{@st59}슬로거티스 카드 제작 UI를 닫습니다.{/}			
UI_20230904_005548	{@st42}Paramètre d'Apparence des Dégâts{/}	{@st42}대미지 스킨 설정{/}			
UI_20230925_005549	{@st43}{#FF0000}{s15}※Les apparences ne peuvent être obtenues que via les récompenses de la semaine précédente.	{@st43}{#FF0000}{s15}※스킨은 지난주차 보상에서만 획득할 수 있습니다.				
UI_20231113_005550	{@st41b}{s16}Réinitialiser	{@st41b}{s16}초기화				
UI_20231113_005551	{@st59}Fermer{/}	{@st59}옵션 창을 닫습니다.{/}				
UI_20231113_005552	S'arrêter quand le rang augmente	랭크 업 시 정지				
UI_20231113_005553	{@st66}{s16}{nl}Paramètres	{@st66}{s16}{nl}설정				
UI_20231113_005554	{@st43b}{s18}Statistique Cible	{@st43b}{s18}목표 옵션				
UI_20231113_005555	{@st41b}{s18}Parchemins actuels : %s{/}	{@st41b}{s18}현재 스크롤 보유 개수: %s개				
UI_20231113_005556	Parchemin d'Enchantement Avancé	고급 마법 부여 스크롤				
UI_20231113_005557	Répéter : 0	반복 : 0				
UI_20231204_005558	{@st59}Récupérer les TP{/}	{@st59}TP수령함{/}				
UI_20231204_005559	{@st66d_y}{s16}Quête de Guide	{@st66d_y}{s16}가이드 퀘스트				
UI_20231204_005560	Grâce à l'événement Boost Popo, {nl}une {#FFFF00}récompense sera donnée{/} chaque fois que le personnage participant à l'événement {#FFFF00}atteint un certain score d'équipement{/} avec l'équipement de l'événement.{nl}{nl}Démarrez l'événement et obtenez les récompenses !	포포 부스트 이벤트란, 이벤트에 참여한 캐릭터가{nl}{#FFFF00}특정 기어스코어를 달성{/}할 때마다 {#FFFF00}보상을 지원{/}하는 이벤트 입니다.{nl}{nl}이벤트를 시작하고 보상을 획득하세요.	UI_20230904_005540	Grâce à l'événement Boost Popo, {nl}une {#FFFF00}récompense sera donnée{/} chaque fois que le personnage participant à l'événement {#FFFF00}atteint un certain score d'équipement{/} avec l'équipement de l'événement.{nl}{nl}Démarrez l'événement et obtenez les récompenses !	포포 부스트 이벤트란, 이벤트에 참여한 캐릭터가{nl}{#FFFF00}특정 기어 스코어를 달성{/}할 때마다 {#FFFF00}보상을 지원{/}하는 이벤트 입니다.{nl}{nl}이벤트를 시작하고 보상을 획득하세요.	
UI_20231204_005561	Condition : {#FFFF00}Niv.10{/} ou moins	참여 조건 : {#FFFF00}Lv.10{/} 미만	UI_20230904_005541	Condition : {#FFFF00}Niv.459{/} ou moins, {#FFFF00}score d'équipement 7999{/} ou moins	참여 조건 : {#FFFF00}Lv.460{/} 미만,{#FFFF00}기어스코어 8000{/}미만	
UI_20231218_005562	{@st43}{s24}Marché Noir - Token de la Déesse (Lada)	{@st43}{s24}블랙 마켓 - 여신의 증표(라다)				
UI_20231218_005563	{@st43}{s24}Pièce M	{@st43}{s24}M 주화				
UI_20231218_005564	{@st43}{s32}Enchère la Plus Élevée	{@st43}{s32}최고 입찰가				
UI_20231218_005565	{@st43}{s24}%s Pièce	{@st43}{s24}%s 주화				
UI_20231218_005566	{@st43}{s24}Pièce(s) actuelle(s){nl}%s	{@st43}{s24}보유 주화{nl}%s				
UI_20231218_005567	{@st43}{s18}Restant : %s	{@st43}{s18}남은 시간 : %s				
UI_20231218_005568	{@st43}{s40}Aucune enchère en cours	{@st43}{s40}진행중인 경매 정보 없음				
UI_20231218_005569	{@st43}{s24}Plus haute actuelle{nl}%s	{@st43}{s24}현재 최고가{nl}%s				
UI_20231218_005570	{@st43}{s24}Mon enchère{nl}%s	{@st43}{s24}나의 입찰가{nl}%s				
UI_20231218_005571	{@st43}{s40}Aucune Info d'Enchère	{@st43}{s40}입찰 정보 없음				
UI_20231218_005572	{@st66b}Enchère en cours{/}	{@st66b}진행중인 경매{/}				
UI_20231218_005573	{@st66b}Programme des Enchères{/}	{@st66b}경매 일정{/}				
UI_20231218_005574	{@st66b}Statut de Mes Enchères{/}	{@st66b}나의 경매 현황{/}				
UI_20231218_005575	{@st43}Liste de Démantèlement{/}	{@st43}분해 목록{/}				
UI_20231218_005576	{@st41b}Total de fragments de mémoire de Snigo gagnés : {/}	{@st41b}총 스니고의 기억조각 획득량 : {/}				
UI_20231218_005577	Voulez-vous démanteler l'objet en fragment de mémoire de Snigo ?	해당 아이템을 스니고의 기억조각으로 분해하시겠습니까?				
UI_20231218_005578	{@st43}{s24}Boutique de Démantèlement d'Objets à Thème [Fragment de Mémoire de Snigo]	{@st43}{s24}[스니고의 기억] 테마 상품 분해 상점				
UI_20231218_005579	{@st43}{s24}Panier{/}	{@st43}{s24}장바구니{/}				
UI_20231218_005580	{@st43}{s24}Panier{/}{@st66d}Tout Démanteler{/}	{@st66d}일괄 분해{/}				
UI_20231218_005581	  [Fragment de Mémoire de Snigo]{/}	  [스니고의 기억조각]{/}				
UI_20231218_005582	  démanteler, [Fragment de mémoire de Snigo]{/} 	  분해 후 [스니고의 기억조각]{/}				
UI_20231218_005583	[Fragment de mémoire de Snigo] une fois démantelé	분해 시 [스니고의 기억조각]				
UI_20231218_005584	Objet de mémoire de Snigo en votre possession	보유 중인 스니고의 기억 테마 상품				
UI_20231218_005585	Liste des objets démantelables	분해 가능한 상품 목록				
UI_20231218_005586	{@st43}{s22}{#FFFF00}Avant le début : %s	{@st43}{s22}{#FFFF00}시작까지 %s				
UI_20231218_005587	{@st42}{s16}  Fragment de Mémoire de Snigo {/}{img icon_item_sniego_memorypiece 20 20}{/}	{@st42}{s16}  스니고의 기억조각 {/}{img icon_item_sniego_memorypiece 20 20}{/}				
UI_20231218_005588	{@st42b}{s16}Ajouter au Panier{/}	{@st42b}{s16}장바구니 추가{/}				
UI_20240108_005589	Afficher les Infos du Schéma	패턴 정보를 표시합니다.				
UI_20240108_005590	{@st43b}{s20}Infos du Schéma Hebdomadaire	{@st43b}{s20}패턴 정보	UI_20200320_004212	{@st43b}{s20}Informations du Schéma Hebdomadaire	{@st43b}{s20}주간 패턴 정보	
UI_20240108_005591	{@st59}Fermer{/}	{@st59}패턴 정보 창을 닫습니다{/}	UI_20200320_004213	{@st59}Fermer{/}	{@st59}주간 패턴 정보 창을 닫습니다{/}	
UI_20240205_005592	{@st43}Améliorer l'Accessoire{/}	{@st43}장신구 업그레이드{/}				
UI_20240205_005593	{@st59}Fermer.{/}	{@st59}장신구 업그레이드 창을 닫습니다.{/}				
UI_20240205_005594	{@st59b}{s20}Système d'amélioration d'accessoire{/}{nl}{@st59s} {nl} - Améliorez un accessoire.	{@st59b}{s20}장신구 업그레이드 시스템{/}{nl}{@st59s} {nl} - 장신구를 업그레이드 합니다.				
UI_20240205_005595	{@st43}{s18}Avant{nl}%s{/}{nl}{@st43}{s18}%s	{@st43}{s18}기존{nl}%s{/}{nl}{@st43}{s18}%s				
UI_20240205_005596	{@st43}{s18}Après{nl}%s{/}{nl}{@st43}{s18}%s	{@st43}{s18}결과{nl}%s{/}{nl}{@st43}{s18}%s				
UI_20240205_005597	{@st66d}{s20}Lancer{/}	{@st66d}{s20}실행{/}				
UI_20240205_005598	{@st66b}{s16}Déesse/Dieu Démon	{@st66b}{s16}여신/마신				
UI_20240205_005599	{@st66b}{s16}Trésor de la Déesse	{@st66b}{s16}여신의 보구				
UI_20240205_005600	Trésor de la Déesse	여신의 보구				
UI_20240205_005601	{@st43}{s24}Infos de Probabilité	{@st43}{s24}확률 정보				
UI_20240205_005602	{@st43}{s16}%sx	{@st43}{s16}%s개				
UI_20240401_005603	{@st66b}Fermer	{@st66b}닫기				
UI_20240401_005604	{st16}Fruit (Hôte)	{st16}열매 (초대한 팀)				
UI_20240401_005605	{st16}Graine (Invité)	{st16}씨앗 (초대받은 팀)				
UI_20240401_005606	ABCDEFG	가나다라마바사아				
UI_20240401_005607	Seule la Graine (Invité) peut cliquer sur [Recevoir les récompenses],{nl} et la récompense est donnée à la fois au Fruit (Hôte) et à la Graine.	[보상받기] 버튼은 해당 미션을 완료한 씨앗(초대받은 팀)만 누를 수 있고,{nl}보상은 열매(초대한 팀)와 씨앗 모두에게 지급됩니다.				
UI_20240401_005608	{@st59}Événement Invitez Vos Amis{/}	{@st59}친구 초대 이벤트{/}				
UI_20240401_005609	{@st41}{s20}Taux de réussite :{@st43} %s%	{@st41}{s20}성공 확률 :{@st43} %s%				
UI_20240401_005610	{@st43}{s22}Recevoir les Récompenses	{@st43}{s22}보상받기				
UI_20240403_005611	{@st43}{s16}Recevoir les Récompenses	{@st43}{s16}보상받기	UI_20240401_005610	{@st43}{s22}Recevoir les Récompenses	{@st43}{s22}보상받기	
UI_20240415_005612	Le montant maximum de points pouvant être gagnés est réinitialisé chaque lundi à 6h00, heure serveur.{nl}Les points peuvent être gagnés comme suit :{nl} {nl}- Se connecter au jeu : 10 points (5 points supplémentaires pour les joueurs en guilde et les joueurs sous effet Token){nl} - Pêche réussie : 1 point gagné par prise.{nl}- Raid légendaire/Déesse : 35 points{nl}- Donjon de niveau : 10 points{nl}(Les points peuvent être omis en sortant juste après avoir terminé le donjon de niveau.){nl}- Quête quotidienne : 10 points{nl}- Ligue de combat d'équipe : 50 points (donnés quel que soit le résultat){nl}- Raid Res Sacrae (Normal) : 20 points{nl}- Raid Res Sacrae (Difficile) : 30 points	획득 가능한 포인트량은 매주 월요일 6시에 초기화됩니다.{nl}포인트는 아래의 방법으로 획득할 수 있습니다.{nl} {nl}- 접속 : 10 포인트 (길드 가입 중, 토큰 적용 중일 시 각 5 포인트 추가 획득){nl}- 낚시 성공 : 1회 당 1 포인트{nl}- 레전드/가디스 레이드 : 35 포인트{nl}- 레벨 던전 : 10 포인트{nl}(레벨 던전을 클리어하여 빠르게 퇴장했을 경우, 포인트 지급이 누락될 수 있습니다.){nl}- 일일 퀘스트 : 10 포인트{nl}- 팀 배틀리그 : 50 포인트 (종료 후 승패에 관계없이 지급){nl}- 성물 레이드(Normal) : 20 포인트{nl}- 성물 레이드(Hard) : 30 포인트	UI_20220622_005323	Le montant maximum de points pouvant être gagnés est réinitialisé chaque lundi à 6h00, heure serveur.{nl}Les points peuvent être gagnés comme suit :{nl} {nl}- Se connecter au jeu : 10 points (5 points supplémentaires pour les joueurs en guilde et les joueurs sous effet Token){nl} - Pêche réussie : 1 point gagné par prise.{nl}- Raid légendaire/Déesse : 35 points{nl}- Donjon de niveau : 10 points{nl}(Les points peuvent être omis en sortant juste après avoir terminé le donjon de niveau.){nl}- Quête quotidienne : 10 points{nl}- Ligue de combat d'équipe : 50 points (donnés quel que soit le résultat){nl}- Raid Res Sacrae (Normal) : 20 points{nl}- Raid Res Sacrae (Difficile) : 30 points	획득 가능한 포인트량은 매주 월요일 6시에 초기화됩니다.{nl}포인트는 아래의 방법으로 획득할 수 있습니다.{nl} {nl}- 접속 : 10 포인트 (PC방 접속 중, 길드 가입 중, 토큰 적용 중일 시 각 5 포인트 추가 획득){nl}- 낚시 성공 : 1회 당 1 포인트{nl}- 레전드/가디스 레이드 : 35 포인트{nl}- 레벨 던전 : 10 포인트{nl}(레벨 던전을 클리어하여 빠르게 퇴장했을 경우, 포인트 지급이 누락될 수 있습니다.){nl}- 일일 퀘스트 : 10 포인트{nl}- 팀 배틀리그 : 50 포인트 (종료 후 승패에 관계없이 지급){nl}- 성물 레이드(Normal) : 20 포인트{nl}- 성물 레이드(Hard) : 30 포인트	
UI_20240422_005613	{@st66b}{s18}Terrain{/}	{@st66b}{s18}필드{/}			
UI_20240422_005614	{@st66b}{s18}Équipement{/}	{@st66b}{s18}장비{/}			
UI_20240422_005615	{@st66b}{s18}Costume{/}	{@st66b}{s18}코스튬{/}			
UI_20240422_005616	{@st68}{s16}Infos de Collection{/}	{@st68}{s16}컬렉션 정보{/}			
UI_20240422_005617	{@st68b}{s20}Complet(%s){/}	{@st68b}{s20}완성(%s){/}			
UI_20240701_005618	Fermer.	큐폴 강화창을 닫습니다.				
UI_20240701_005619	{@st100white_16}{#ffa800}Amitié	{@st100white_16}{#ffa800}호감도				
UI_20240701_005620	{@st100white_16}{#ffa800}Rang	{@st100white_16}{#ffa800}등급				
UI_20240701_005621	{@st100white_16}{#ffa800}Afficher Uniquement Possédés	{@st100white_16}{#ffa800}보유 큐폴만 보기				
UI_20240701_005622	{img icon_item_kupole_gachaticket 20 20} {@st66d}{s18}%s/%s{nl}Retirer à nouveau{/}	{img icon_item_kupole_gachaticket 20 20} {@st66d}{s18}%s/%s{nl}한 번 더 영입{/}				
UI_20240701_005623	{@st66d}{s18}Fermer	{@st66d}{s18}종료				
UI_20240701_005624	{@st43}{s24}Kupole	{@st43}{s24}큐폴				
UI_20240701_005625	Équipe	팀 편성				
UI_20240701_005626	{@st66d}{s20}Bonus Kupole Total	{@st66d}{s20}총 보유 효과				
UI_20240701_005627	{@st66d}{s16}Accompagner	{@st66d}{s16}동행 효과				
UI_20240701_005628	{@st66d}{s16}Possédé	{@st66d}{s16}보유 효과				
UI_20240701_005629	{@st43}{s20}Actif	{@st43}{s20}액티브 스킬				
UI_20240701_005630	{@st43}{s20}Passif	{@st43}{s20}패시브 스킬				
UI_20240701_005631	{@st42}Voir l'Illustration{/}	{@st42}일러스트 보기{/}				
UI_20240701_005632	{@st66d}{s23}Sélectionner	{@st66d}{s23}셀렉트				
UI_20240701_005633	{@st59b}Clic gauche pour ouvrir la fenêtre de recrutement Kupole.{/}	{@st59b}마우스 좌클릭으로 큐폴 확정 영입 창을 켭니다.{/}				
UI_20240701_005634	{@st66d}{s20}Recrutement Garanti	{@st66d}{s20}확정 영입				
UI_20240701_005635	{@st66d}{s23}Tirage Simple	{@st66d}{s23}단차				
UI_20240701_005636	{@st59b}Clic gauche pour recruter Kupole 1 fois.{/}	{@st59b}마우스 좌클릭으로 큐폴 영입을 1회 실행합니다.{/}				
UI_20240701_005637	{@st66d}{s20}Recruter 1 fois	{@st66d}{s20}큐폴 영입 1회				
UI_20240701_005638	{@st66d}{s20}Tirage Multiple	{@st66d}{s20}연차				
UI_20240701_005639	{@st59b}Clic gauche pour recruter Kupole 10 fois.{/}	{@st59b}마우스 좌클릭으로 큐폴 영입을 10회 실행합니다.{/}				
UI_20240701_005640	{@st66d}{s20}Recruter 10+1	{@st66d}{s20}큐폴 영입 10회 + 1				
UI_20240701_005641	{@st66b}Gestion de Kupole{/}	{@st66b}큐폴 관리{/}				
UI_20240701_005642	{@st66b}Recrutement de Kupole{/}	{@st66b}큐폴 영입{/}				
UI_20240701_005643	{@st66d}{s24}Accompagner	{@st66d}{s24}동행				
UI_20240701_005644	{@st66d}{s24}Retirer	{@st66d}{s24}해제				
UI_20240701_005645	Fermer.	큐폴 UI를 닫습니다.				
UI_20240701_005646	{@st66d}{s22}Skill	{@st66d}{s22}스킬				
UI_20240701_005647	{@st66d}{s22}Effet	{@st66d}{s22}효과				
UI_20240701_005648	{@st66d}{s22}Infos sur l'Objet	{@st66d}{s22}아이템 정보				
UI_20240701_005649	{@st66d}{s22}Accompagner	{@st66d}{s22}동행 효과				
UI_20240701_005650	{@st66d}{s22}Possédé	{@st66d}{s22}보유 효과				
UI_20240701_005651	{@st66d}{s20}Recruter	{@st66d}{s20}영입				
UI_20240701_005652	{@st66d}{s24}Recrutement Garanti	{@st66d}{s24}큐폴 확정 영입				
UI_20240701_005653	Fermer.	픽업 UI를 닫습니다.				
UI_20240701_005654	Ruta	루타				
UI_20240701_005655	{@st66d}{s20}Confirmer	{@st66d}{s20}확인				
UI_20240701_005656	{@st66d}{s20}UR	{@st66d}{s20}UR등급				
UI_20240701_005657	{@st66d}{s20}SR	{@st66d}{s20}SR등급				
UI_20240701_005658	{@st66d}{s20}R	{@st66d}{s20}R등급				
UI_20240701_005659	{@st66d}{s24}Afficher le Taux de Recrutement	{@st66d}{s24}영입 확률 표시				
UI_20240701_005660	Fermer.	확률 UI를 닫습니다.				
UI_20240701_005661	{@st66d}{s20}Cadeau à la Main	{@st66d}{s20}선물 주기				
UI_20240701_005662	{@st66d}{s20}Annuler	{@st66d}{s20}취소				
UI_20240701_005663	{@st42b}{s24}{#FFFF00}Accompagner{/}{nl}{@st42b}{s16} - %s	{@st42b}{s24}{#FFFF00}동행 효과{/}{nl}{@st42b}{s16} - %s				
UI_20240701_005664	{@st42b}{s24}{#FFFF00}Possédé{/}{nl}{@st42b}{s16} - %s	{@st42b}{s24}{#FFFF00}보유 효과{/}{nl}{@st42b}{s16} - %s				
UI_20240701_005665	{@st42b}{s24}{#FFFF00}Actif{/}{nl}{@st42b}{s16} - %s	{@st42b}{s24}{#FFFF00}스킬{/}{nl}{@st42b}{s16} - %s				
UI_20240701_005666	{@st66d}{s20}Amitié +	{@st66d}{s20}호감도 상승				
UI_20240701_005667	{@st66d}{s24}Annonce	{@st66d}{s24}알림				
UI_20240701_005668	{@st42}{s18}Possédé	{@st42}{s18}보유중				
UI_20240722_005669	Musée de la Mode	복각				
UI_20240722_005670	{@st59}Fermer.{/}	{@st59}현재 창을 닫습니다.{/}				
UI_20240722_005671	{@st42b}{s16}Sélectionner{/}	{@st42b}{s16}선택{/}				
UI_20240909_005672	{@st43}Amélioration d'Équipement{/}	{@st43}장비 업그레이드{/}				
UI_20240909_005673	{@st59}Fermer.{/}	{@st59}장비 업그레이드 창을 닫습니다.{/}				
UI_20240909_005674	{@st59b}{s20}Système d'amélioration d'équipement{/}{nl}{@st59s} {nl} - Améliorez votre équipement.	{@st59b}{s20}장비 업그레이드 시스템{/}{nl}{@st59s} {nl} - 장비를 업그레이드 합니다.				
UI_20240909_005675	{@st59b}Utilisation automatique de potions{nl}{@st59s} - La fonction d'utilisation automatique ne fonctionne que sur le Kupole équipé dans l'emplacement principal.{nl} - S'active en cliquant à gauche sur le bouton On/Off ci-dessous.{nl} - Une fois activée, utilise automatiquement la potion à chaque temps de recharge.{nl} - Ne peut pas être utilisée en ville et dans la ligue de combat d'équipe{/}	{@st59b}포션 자동사용{nl}{@st59s} - 메인 슬롯에 장착한 큐폴만 자동사용 기능 동작.{nl} - 아래 On/Off 버튼 좌클릭 시 작동.{nl} - 활성화 시 재사용 대기시간 마다 자동 사용.{nl} - 마을, 팀 배틀 리그에서는 기능 사용불가{/}				
UI_20240909_005676	Conditions de participation : moins de {#FFFF00}Niv.%s{/}	참여 조건 : {#FFFF00}Lv.%s{/} 미만				
UI_20240909_005677	{@st66b}[Récompense de complétion]{nl}Améliorez la {#003997}« Gemme d'éther »{/} via le PNJ Kupole qui apparaît lors de la complétion.{nl}Le taux d'amélioration augmente plus le palier est élevé.{nl} {nl}[Récompense de saison]{nl}{@st66b}Les 3 meilleurs joueurs de chaque arbre de classe reçoivent un{nl}{#003997} « Brûleur d'encens dimensionnel »{/} {#003997}et un objet « Récompense de saison »{/} pour le classement de la semaine précédente. Tous les joueurs ayant participé pendant la semaine reçoivent un ensemble de{nl}{#003997} « Badge mercenaire »{/}{nl}selon leur score.{nl} {nl}{s13}La semaine commence chaque lundi à 06:00 (heure serveur).{nl}{nl}{s13}{#003997}L'entrée est limitée de 5h00 à 6h00 chaque lundi{/}{nl} {nl}{s13}{#8e0000}Les joueurs qui atteignent le top 3 de plusieurs arbres de classe ne reçoivent que les récompenses correspondant à leur meilleur classement.{nl} {nl}Quand un joueur est exclu d'un classement d'arbre de classe en raison d'entrées multiples, le joueur suivant prend sa place dans ce classement.	{@st66b}[클리어 보상]{nl}클리어 시 생성되는 큐폴 NPC를 통해 {#003997}"에테르 젬"{/}을 강화할 수 있습니다.{nl}스테이지가 높을 수록 강화 확률이 증가합니다.{nl} {nl}[시즌 보상]{nl}직업군별 랭킹 TOP 3 구원자분들에게는{nl}{#003997} "차원의 향로"{/}아이템과 {#003997} "시즌 보상"{/}아이템을 전 시즌 랭킹 보상으로 지급하며 시즌에 참여한 구원자 분들께는 자신의 기록에 비례한 수량의{nl}{#003997} "용병단 증표"{/}{nl}를 보상으로 지급합니다.{nl} {nl}{s13}시즌은 매주 월요일 06시에 초기화 됩니다{nl}{nl}{s13}{#003997}매주 월요일 05시~06시 입장이 제한됩니다{/}{nl} {nl}{s13}{#8e0000}각 직업군 TOP3 순위에 오른 구원자분이 다른 직업군 TOP3 순위에도 오른 경우 가장 높은 순위의 보상 1회만 받게 됩니다.{nl} {nl}위와 같은 상황에서 제외된 구원자분을 대신하여 해당 직업군의 다음 순위의 구원자분이 랭킹 보상을 지급받게 됩니다.	UI_20210809_004887	{@st66b}[Récompense de complétion]{nl}Améliorez la {#003997}« Gemme d'éther »{/} via le PNJ Kupole qui apparaît lors de la complétion.{nl}Le taux d'amélioration augmente plus le palier est élevé.{nl} {nl}[Récompense de saison]{nl}{@st66b}Les 3 meilleurs joueurs de chaque arbre de classe reçoivent un{nl}{#003997} « Brûleur d'encens dimensionnel »{/} pour le classement de la semaine précédente. Tous les joueurs ayant participé pendant la semaine reçoivent un ensemble de{nl}{#003997} « Badge mercenaire »{/}{nl}selon leur score.{nl} {nl}{s13}La semaine commence chaque lundi à 06:00 (heure serveur).{nl}{nl}{s13}{#003997}L'entrée est limitée de 5h00 à 6h00 chaque lundi{/}{nl} {nl}{s13}{#8e0000}Les joueurs qui atteignent le top 3 de plusieurs arbres de classe ne reçoivent que les récompenses correspondant à leur meilleur classement.{nl} {nl}Quand un joueur est exclu d'un classement d'arbre de classe en raison d'entrées multiples, le joueur suivant prend sa place dans ce classement.	{@st66b}[클리어 보상]{nl}클리어 시 생성되는 큐폴 NPC를 통해 {#003997}"에테르 젬"{/}을 강화할 수 있습니다.{nl}스테이지가 높을 수록 강화 확률이 증가합니다.{nl} {nl}[시즌 보상]{nl}직업군별 랭킹 TOP 3 구원자분들에게는{nl}{#003997} "차원의 향로"{/}아이템을 전 시즌 랭킹 보상으로 지급하며 시즌에 참여한 구원자 분들께는 자신의 기록에 비례한 수량의{nl}{#003997} "용병단 증표"{/}{nl}를 보상으로 지급합니다.{nl} {nl}{s13}시즌은 매주 월요일 06시에 초기화 됩니다{nl}{nl}{s13}{#003997}매주 월요일 05시~06시 입장이 제한됩니다{/}{nl} {nl}{s13}{#8e0000}각 직업군 TOP3 순위에 오른 구원자분이 다른 직업군 TOP3 순위에도 오른 경우 가장 높은 순위의 보상 1회만 받게 됩니다.{nl} {nl}위와 같은 상황에서 제외된 구원자분을 대신하여 해당 직업군의 다음 순위의 구원자분이 랭킹 보상을 지급받게 됩니다.	
UI_20240911_005678	Hauts Faits de Croissance 	성장 목표															
UI_20240911_005679	※ La succession d'équipement d'{#FFFF00}Arme/Armure/Accessoire{/} non liée à l'événement ne sera pas prise en compte.	※ 이벤트 장비가 아닌 {#FFFF00}무기/방어구/액세서리{/}의 계승은 이벤트에 반영되지 않습니다.	UI_20230904_005539	※ Le score d'équipement de l'{#FFFF00}Arme/Armure/Accessoire{/} non liée à l'événement ne sera pas pris en compte.	※ 이벤트 장비가 아닌 {#FFFF00}무기/방어구/액세서리{/}의 기어 스코어는 이벤트에 반영되지 않습니다.												
UI_20240926_005680	{@st43}{s24}Marché Noir - Token de la Déesse (Jurate)	{@st43}{s24}블랙 마켓 - 여신의 증표(유라테)	UI_20231218_005562	{@st43}{s24}Marché Noir - Token de la Déesse (Lada)	{@st43}{s24}블랙 마켓 - 여신의 증표(라다)
UI_20240926_005681	Obtenez-les via l'onglet.{nl} {nl}[Limite d'entrée pour la bataille de blocus]{nl} Vous pouvez entrer dans la bataille de blocus une fois le niveau maximum atteint. 	탭을 통해 획득할 수 있습니다.{nl} {nl}[봉쇄전 입장 제한]{nl} 봉쇄전 입장은 최대 레벨 달성시에만 입장 가능합니다.	UI_20200710_004382	les obtenir via l'onglet.	탭을 통해 획득할 수 있습니다.
UI_20241205_005682	{@st41b}{s20}{img %s 35 35} %s{nl}Tirer un cadeau	{@st41b}{s20}{img %s 35 35} %s{nl}선물 뽑기				
UI_20241205_005683	Temps restant {nl}%s/180 secondes	남은 시간{nl}%s/180초				
UI_20241205_005684	{@st41b}{s18}%s fois	{@st41b}{s18}%s회				
UI_20241209_005685	{@st41b}{s20}{img %s 40 40} %s{nl}Tirage de cadeau	{@st41b}{s20}{img %s 40 40} %s{nl}선물 뽑기				
UI_20241209_005686	Temps restant {nl}%s/300 secondes	남은 시간{nl}%s/300초				
UI_20241209_005687	{@st41b}{s18}%s manche	{@st41b}{s18}%s회차				
UI_20250212_005688	{@st66b}[Récompense de complétion]{nl}Améliorez la {#003997}« Gemme d'éther »{/} via le PNJ Kupole qui apparaît lors de la complétion.{nl}Le taux d'amélioration augmente plus le palier est élevé.{nl} {nl}[Récompense de saison]{nl}{@st66b}Les 3 meilleurs joueurs de chaque arbre de classe reçoivent un{nl}{#003997} « Brûleur d'encens dimensionnel »{/} {#003997}et un objet « Récompense de saison ([Niv.520] Fragment d'Ichor avancé de la Déesse II, Cube aléatoire béni de Jurate A) »{/} pour le classement de la semaine précédente. Tous les joueurs ayant participé pendant la semaine reçoivent un ensemble de{nl}{#003997} « Badge mercenaire »{/}{nl}selon leur score.{nl} {nl}{s13}La semaine commence chaque lundi à 06:00 (heure serveur).{nl}{nl}{s13}{#003997}L'entrée est limitée de 5h00 à 6h00 chaque lundi{/}{nl} {nl}{s13}{#8e0000}Les joueurs qui atteignent le top 3 de plusieurs arbres de classe ne reçoivent que les récompenses correspondant à leur meilleur classement.{nl} {nl}Quand un joueur est exclu d'un classement d'arbre de classe en raison d'entrées multiples, le joueur suivant prend sa place dans ce classement.	{@st66b}[클리어 보상]{nl}클리어 시 생성되는 큐폴 NPC를 통해 {#003997}"에테르 젬"{/}을 강화할 수 있습니다.{nl}스테이지가 높을 수록 강화 확률이 증가합니다.{nl} {nl}[시즌 보상]{nl}직업군별 랭킹 TOP 3 구원자분들에게는{nl}{#003997} "차원의 향로"{/}아이템과 {#003997} "시즌 보상([Lv.520] 상급 가디스 아이커 파편 II, 축복받은 유라테의 랜덤 큐브 A)"{/}아이템을 전 시즌 랭킹 보상으로 지급하며 시즌에 참여한 구원자 분들께는 자신의 기록에 비례한 수량의{nl}{#003997} "용병단 증표"{/}{nl}를 보상으로 지급합니다.{nl} {nl}{s13}시즌은 매주 월요일 06시에 초기화 됩니다{nl}{nl}{s13}{#003997}매주 월요일 05시~06시 입장이 제한됩니다{/}{nl} {nl}{s13}{#8e0000}각 직업군 TOP3 순위에 오른 구원자분이 다른 직업군 TOP3 순위에도 오른 경우 가장 높은 순위의 보상 1회만 받게 됩니다.{nl} {nl}위와 같은 상황에서 제외된 구원자분을 대신하여 해당 직업군의 다음 순위의 구원자분이 랭킹 보상을 지급받게 됩니다.	UI_20240909_005677	{@st66b}[Récompense de complétion]{nl}Améliorez la {#003997}« Gemme d'éther »{/} via le PNJ Kupole qui apparaît lors de la complétion.{nl}Le taux d'amélioration augmente plus le palier est élevé.{nl} {nl}[Récompense de saison]{nl}{@st66b}Les 3 meilleurs joueurs de chaque arbre de classe reçoivent un{nl}{#003997} « Brûleur d'encens dimensionnel »{/} {#003997}et un objet « Récompense de saison »{/} pour le classement de la semaine précédente. Tous les joueurs ayant participé pendant la semaine reçoivent un ensemble de{nl}{#003997} « Badge mercenaire »{/}{nl}selon leur score.{nl} {nl}{s13}La semaine commence chaque lundi à 06:00 (heure serveur).{nl}{nl}{s13}{#003997}L'entrée est limitée de 5h00 à 6h00 chaque lundi{/}{nl} {nl}{s13}{#8e0000}Les joueurs qui atteignent le top 3 de plusieurs arbres de classe ne reçoivent que les récompenses correspondant à leur meilleur classement.{nl} {nl}Quand un joueur est exclu d'un classement d'arbre de classe en raison d'entrées multiples, le joueur suivant prend sa place dans ce classement.	{@st66b}[클리어 보상]{nl}클리어 시 생성되는 큐폴 NPC를 통해 {#003997}"에테르 젬"{/}을 강화할 수 있습니다.{nl}스테이지가 높을 수록 강화 확률이 증가합니다.{nl} {nl}[시즌 보상]{nl}직업군별 랭킹 TOP 3 구원자분들에게는{nl}{#003997} "차원의 향로"{/}아이템과 {#003997} "시즌 보상"{/}아이템을 전 시즌 랭킹 보상으로 지급하며 시즌에 참여한 구원자 분들께는 자신의 기록에 비례한 수량의{nl}{#003997} "용병단 증표"{/}{nl}를 보상으로 지급합니다.{nl} {nl}{s13}시즌은 매주 월요일 06시에 초기화 됩니다{nl}{nl}{s13}{#003997}매주 월요일 05시~06시 입장이 제한됩니다{/}{nl} {nl}{s13}{#8e0000}각 직업군 TOP3 순위에 오른 구원자분이 다른 직업군 TOP3 순위에도 오른 경우 가장 높은 순위의 보상 1회만 받게 됩니다.{nl} {nl}위와 같은 상황에서 제외된 구원자분을 대신하여 해당 직업군의 다음 순위의 구원자분이 랭킹 보상을 지급받게 됩니다.		
UI_20250710_005689	@st43}{s22}Présentoir de relique{/}	{@st43}{s22}유물 전시대{/}				
UI_20250710_005690	{@st59}Fermer le Présentoir de Relique{/}	{@st59}유물 전시대를 닫습니다{/}				
UI_20250710_005691	{@st66d}{s18}Passif	{@st66d}{s18}패시브 효과				
UI_20250710_005692	{@st66d}{s18}Coût : %s/%s	{@st66d}{s18}코스트: %s/%s				
UI_20250710_005693	{@st66d}{s18}Avant le prochain palier : %s{img icon_item_event_archeology_coin 45 45}	{@st66d}{s18}다음 단계 까지 : %s{img icon_item_event_archeology_coin 45 45}				
UI_20250710_005694	{@st42}Augmentation du Rang du Présentoir	{@st42}전시대 등급 상승				
UI_20250710_005695	{@st42}Réinitialiser	{@st42}리셋				
UI_20250710_005696	{@st41b}{s20}Tableau des Recherchés	{@st41b}{s20}지명수배 게시판	UI_20210809_004740	{@st41b}{s20}Utiliser l'Ordre	{@st41b}{s20}지령서 사용	
UI_20250710_005697	Utiliser la Directive	지령서 사용	ETC_20150317_001917	Activé	사용	
UI_20250710_005698	Chasse au Poisson-lune Doré	황금 개복치 사냥				
UI_20250710_005699	{@st42}Terminé	{@st42}조제 완료				
UI_20250711_005700	{@st66d}Fabrication Terminée	{@st66d}조제 종료	UI_20250710_005699	{@st42}Terminé	{@st42}조제 완료	
UI_20250711_005701	{@st43}{s22}Présentoir d'Archéologie{/}	{@st43}{s22}고고학 전시대{/}	UI_20250710_005689	@st43}{s22}Présentoir de relique{/}	{@st43}{s22}유물 전시대{/}	
UI_20250711_005702	{@st66d}{s18}Avant le prochain palier : %s{img icon_item_event_archeology_coin 40 40}	{@st66d}{s18}다음 단계 까지 : %s{img icon_item_event_archeology_coin 40 40}	UI_20250710_005693	{@st66d}{s18}Avant le prochain palier : %s{img icon_item_event_archeology_coin 45 45}	{@st66d}{s18}다음 단계 까지 : %s{img icon_item_event_archeology_coin 45 45}	
UI_20250826_005703	Statut du Buff du Boss Final	최종 보스 버프 현황				
UI_20250826_005704	Statut de Sélection Buff/Pénalité	버프/패널티 선택 현황				
UI_20250826_005705	Sélection Buff/Pénalité	버프/패널티 선택				
UI_20250826_005706	Annuler la Sélection	선택 취소				
UI_20250826_005707	{@st59}Annuler la sélection buff/pénalité.{nl}Impossible de recevoir l'effet une fois annulé.{/}	{@st59}버프/패널티 선택을 취소합니다.{nl}선택 취소시 선택지의 효과를 적용받지 못합니다.{/}				
UI_20250826_005708	Temps restant : %s secondes	남은 시간 : %s초				
UI_20250826_005709	%sZone	%s구역				
UI_20250826_005710	{@st61}{s24}Gestion de l'équipement de rang Déesse{/}{s18}{nl} {nl}{s20}Forge{nl} {s18}- Améliorer : Vous pouvez tenter une amélioration en utilisant {#ffff11}les ingrédients de l'équipement et le Token de la Déesse comme ingrédient de base{/}, et {#ffff11}augmenter la chance d'amélioration en utilisant une Aide à l'amélioration comme ingrédient supplémentaire.{nl}La valeur d'amélioration ne diminue pas en cas d'échec et la probabilité ajustée augmente selon le nombre total d'échecs.{nl}(La probabilité ajustée est réinitialisée en cas de réussite de l'amélioration.){nl}  - Enchanter : Appliquez des statistiques d'enchantement en utilisant le Joyau d'enchantement de la Déesse avec le niveau d'équipement approprié.{nl}  - Transcendance : Augmentez le palier de transcendance de l'équipement en consommant une Gemme bénie de la Déesse. Le palier de transcendance maximum est 10. {nl}  - Évoluer : Utilisez {#22aaff}le Token de la Déesse, une Gemme bénie de la Déesse, un ingrédient de l'équipement, et une Pierre d'évolution avec le niveau d'équipement approprié{/} pour faire évoluer l'arme de rang Déesse{nl}(cependant, les armures ne peuvent pas évoluer et le palier de transcendance de l'arme de rang Déesse à faire évoluer doit être 10).{nl}L'{#22aaff}attaque de base de l'arme augmente lors de l'évolution{/} et l'effet d'évolution est appliqué à l'apparence de l'arme.{nl} {nl}{s20}Graver{nl} {s18}- Sauvegarder une gravure : Vous pouvez sauvegarder une statistique aléatoire de l'équipement de rang Déesse équipé dans la gravure.{nl}{#ffff11}Une Pierre de gravure du niveau d'équipement approprié est utilisée{/} pour sauvegarder la gravure et nécessite au moins une pierre par tentative.{nl}  - Appliquer une gravure : Appliquez la gravure sauvegardée à l'équipement actuel. Un Token de la Déesse est consommé lors de l'application de la gravure.{nl}. - Ichor : Vous pouvez sauvegarder l'Ichor de statistique aléatoire d'armure Niv.430, l'Ichor de la Déesse comme gravure. Cela sera sauvegardé avec 100 % de chance et {#ffff11}l'ichor sauvegardé sera détruit{/}.{nl} {nl}{s20}Emplacement{nl}{s18}  - Armure : 2 emplacements normaux peuvent être ouverts. Un Token de la Déesse est consommé pour ouvrir un emplacement normal.{nl}. - Arme : 2 emplacements normaux et 1 emplacement de gemme d'éther peuvent être ouverts.{nl}Un Token de la Déesse est consommé pour ouvrir un emplacement normal et l'emplacement de gemme d'éther peut être ouvert avec un niveau d'équipement approprié 	{@st61}{s24}가디스 장비 관리 시스템{/}{s18}{nl} {nl}{s20}재련{nl} {s18}- 강화 : {#ffff11}장비의 제작 재료와 여신의 증표를 기본 재료{/}로 강화를 시도할 수 있으며, {#ffff11}추가 재료로 강화 보조제를 사용하여 강화 확률을 상승{/}시킬 수 있습니다.{nl}강화 실패시 강화 수치가 하락하지 않으며, 누적 실패 횟수에 따른 확률 보정이 증가합니다.{nl}(누적 실패에 따른 확률 보정은 강화 성공시 초기화됩니다.){nl}  - 인챈트 : 장비 레벨에 맞는 가디스 인챈트 쥬얼을 사용하여 인챈트 옵션을 부여할 수 있습니다.{nl}  - 초월 : 여신의 축복석을 사용하여 해당 장비의 초월 단계를 증가시킬 수 있습니다. 초월 단계는 10이 최대입니다. {nl}  - 진화 : {#22aaff}여신의 증표, 여신의 축복석, 장비의 제작 재료, 장비 레벨에 맞는 진화석{/}을 사용하여 가디스 등급 무기를 진화시킵니다{nl}(단, 방어구는 진화할 수 없으며, 진화하려는 가디스 등급 무기는 초월 단계가 10이어야 합니다.){nl}{#22aaff}진화 시 무기의 기본 공격력이 상승{/}하며, 무기 외형에 진화 이펙트가 추가됩니다.{nl} {nl}{s20}각인{nl} {s18}- 각인 저장 : 장착하고 있는 가디스 등급 장비의 랜덤 옵션을 각인에 저장합니다.{nl}각인 저장에는 {#ffff11}장비 레벨에 맞는 각인석이 사용{/}되며, 저장 시도마다 최소 1개를 필요로 합니다.{nl}  - 각인 부여 : 저장된 각인을 장착 중인 장비에 부여합니다. 각인 부여 시 여신의 증표가 소모됩니다.{nl}  - 아이커 : Lv.430 방어구 랜덤 옵션 아이커, 가디스 아이커를 각인에 저장합니다. 100%확률로 저장되며 {#ffff11}저장 시 아이커는 소멸{/}합니다.{nl} {nl}{s20}소켓 관리{nl}{s18}  - 방어구 : 총 2개의 일반 소켓을 개방할 수 있습니다. 일반 소켓 개방에는 여신의 증표가 소모됩니다.{nl}  - 무기 : 총 2개의 일반 소켓과 1개의 에테르 젬 소켓을 개방할 수 있습니다.{nl}일반 소켓 개방에는 여신의 증표가 소모되며, 에테르 젬 소켓은 장비 레벨에 알맞는 	UI_20220823_005355	{@st61}{s24}Gestion de l'équipement de rang Déesse{/}{s18}{nl} {nl}{s20}Forge{nl} {s18}- Améliorer : Vous pouvez tenter une amélioration en utilisant {#ffff11}les ingrédients de l'équipement et le Token de la Déesse comme ingrédient de base{/}, et {#ffff11}augmenter la chance d'amélioration en utilisant une Aide à l'amélioration comme ingrédient supplémentaire{/}.{nl}La valeur d'amélioration ne diminue pas en cas d'échec et la probabilité ajustée augmente selon le nombre total d'échecs.{nl}(La probabilité ajustée est réinitialisée en cas de réussite de l'amélioration.){nl}  - Enchanter : Appliquez des statistiques d'enchantement en utilisant le Joyau d'enchantement de la Déesse avec le niveau d'équipement approprié.{nl}  - Transcendance : Augmentez le palier de transcendance de l'équipement en consommant une Gemme bénie de la Déesse. Le palier de transcendance maximum est 10. {nl}  - Évoluer : Utilisez {#22aaff}le Token de la Déesse, une Gemme bénie de la Déesse, un ingrédient de l'équipement, et une Pierre d'évolution avec le niveau d'équipement approprié{/} pour faire évoluer l'arme de rang Déesse{nl}(cependant, les armures ne peuvent pas évoluer et le palier de transcendance de l'arme de rang Déesse à faire évoluer doit être 10).{nl}L'{#22aaff}attaque de base de l'arme augmente de 5 % lors de l'évolution{/} et l'effet d'évolution est appliqué à l'apparence de l'arme.{nl} {nl}{s20}Graver{nl} {s18}- Sauvegarder une gravure : Vous pouvez sauvegarder une statistique aléatoire de l'équipement de rang Déesse équipé dans la gravure.{nl}{#ffff11}Une Pierre de gravure du niveau d'équipement approprié est utilisée{/} pour sauvegarder la gravure et nécessite au moins une pierre par tentative.{nl}  - Appliquer une gravure : Appliquez la gravure sauvegardée à l'équipement actuel. Un Token de la Déesse est consommé lors de l'application de la gravure.{nl}. - Ichor : Vous pouvez sauvegarder l'Ichor de statistique aléatoire d'armure Niv.430, l'Ichor de la Déesse comme gravure. Cela sera sauvegardé avec 100 % de chance et {#ffff11}l'ichor sauvegardé sera détruit{/}.{nl} {nl}{s20}Emplacement{nl}{s18}  - Armure : 2 emplacements normaux peuvent être ouverts. Un Token de la Déesse est consommé pour ouvrir un emplacement normal.{nl}. - Arme : 2 emplacements normaux et 1 emplacement de gemme d'éther peuvent être ouverts.{nl}Un Token de la Déesse est consommé pour ouvrir un emplacement normal et l'emplacement de gemme d'éther peut être ouvert avec un niveau d'équipement approprié	{@st61}{s24}가디스 장비 관리 시스템{/}{s18}{nl} {nl}{s20}재련{nl} {s18}- 강화 : {#ffff11}장비의 제작 재료와 여신의 증표를 기본 재료{/}로 강화를 시도할 수 있으며, {#ffff11}추가 재료로 강화 보조제를 사용하여 강화 확률을 상승{/}시킬 수 있습니다.{nl}강화 실패시 강화 수치가 하락하지 않으며, 누적 실패 횟수에 따른 확률 보정이 증가합니다.{nl}(누적 실패에 따른 확률 보정은 강화 성공시 초기화됩니다.){nl}  - 인챈트 : 장비 레벨에 맞는 가디스 인챈트 쥬얼을 사용하여 인챈트 옵션을 부여할 수 있습니다.{nl}  - 초월 : 여신의 축복석을 사용하여 해당 장비의 초월 단계를 증가시킬 수 있습니다. 초월 단계는 10이 최대입니다. {nl}  - 진화 : {#22aaff}여신의 증표, 여신의 축복석, 장비의 제작 재료, 장비 레벨에 맞는 진화석{/}을 사용하여 가디스 등급 무기를 진화시킵니다{nl}(단, 방어구는 진화할 수 없으며, 진화하려는 가디스 등급 무기는 초월 단계가 10이어야 합니다.){nl}{#22aaff}진화 시 무기의 기본 공격력의 5%가 상승{/}하며, 무기 외형에 진화 이펙트가 추가됩니다.{nl} {nl}{s20}각인{nl} {s18}- 각인 저장 : 장착하고 있는 가디스 등급 장비의 랜덤 옵션을 각인에 저장합니다.{nl}각인 저장에는 {#ffff11}장비 레벨에 맞는 각인석이 사용{/}되며, 저장 시도마다 최소 1개를 필요로 합니다.{nl}  - 각인 부여 : 저장된 각인을 장착 중인 장비에 부여합니다. 각인 부여 시 여신의 증표가 소모됩니다.{nl}  - 아이커 : Lv.430 방어구 랜덤 옵션 아이커, 가디스 아이커를 각인에 저장합니다. 100%확률로 저장되며 {#ffff11}저장 시 아이커는 소멸{/}합니다.{nl} {nl}{s20}소켓 관리{nl}{s18}  - 방어구 : 총 2개의 일반 소켓을 개방할 수 있습니다. 일반 소켓 개방에는 여신의 증표가 소모됩니다.{nl}  - 무기 : 총 2개의 일반 소켓과 1개의 에테르 젬 소켓을 개방할 수 있습니다.{nl}일반 소켓 개방에는 여신의 증표가 소모되며, 에테르 젬 소켓은 장비 레벨에 알맞는 	
UI_20250826_005711	{@st66b}SœUrs Arachne{/}	{@st66b}아라크네 자매{/}	UI_20210115_004581	{@st66b}Giltine{/}	{@st66b}길티네{/}	
UI_20250826_005712	Bataille de Blocus SœUrs Arachne	아라크네 자매 봉쇄전	UI_20221125_005408	Bataille de Blocus Giltine	길티네 봉쇄전	
UI_20250826_005713	{s16}{ol}{#FFFFFF}Liste des Récompenses	{s16}{ol}{#FFFFFF}보상 목록	UI_20200710_004385	{s16}{ol}{#FFFFFF}Recevoir les récompenses	{s16}{ol}{#FFFFFF}보상 수령	
UI_20250826_005714	{@st59}Menu de Statut du Royaume Infernal{/}	{@st59}마족 소굴 상태 창{/}				
UI_20250826_005715	Gestion des Noyaux	코어 관리				
UI_20250826_005716	{@st61}{s24}Gestion des Noyaux{/}{s18}{nl}	{@st61}{s24}코어 관리 시스템{/}{s18}{nl}				
UI_20250826_005717	{@st66b}Matériaux d'Éveil{/}	{@st66b}해방 소재 관련{/}				
UI_20250826_005718	{@st66b}Éveiller{/}	{@st66b}해방{/}				
UI_20250826_005719	Matériaux Forgeables	재련 가능 아이템				
UI_20250826_005720	{img sysmenu_inv 25 25} En possession. 	{img sysmenu_inv 25 25}  보유 수량				
UI_20250826_005721	{@59}Retour{/}	{@59}클릭시 이전페이지로{/}				
UI_20250826_005722	Fabrication d'Objet par Forge	제련으로 생성할 아이템				
UI_20250826_005723	[Niv.540] Pierre d'éveil	[Lv.540] 해방석				
UI_20250826_005724	Points Requis	생성에 필요한 포인트				
UI_20250826_005725	Matériaux Possédés	보유 재료				
UI_20250826_005726	Quantité Utilisée	사용량				
UI_20250826_005727	Forger	제련하기				
UI_20250826_005728	Éveiller	해방하기				
UI_20250826_005729	{@st42}{s20}Niveau d'éveil : %s/%s{/}	{@st42}{s20}해방 단계 : %s/%s{/}				
UI_20250826_005730	Points Requis	해방에 필요한 포인트				
UI_20250826_005731	Placer l'Objet Noyau	코어 아이템을 올려주세요				
UI_20250826_005732	Fragmenter un noyau rend 60 % des matériaux dépensés lors de l'éveil.	분해 시 코어 아이템은 파괴되며,해방 단계에 사용한 소재의 60%를 돌려받을 수 있습니다.				
UI_20250826_005733	{@st59}Noyau{/}	{@st59}코어{/}				
UI_20250826_005734	{@st59}Gestion des Noyaux{/}	{@st59}코어 관리{/}				
UI_20250826_005735	[Niv.540] Cristal d'éther	[Lv.540] 에테르 크리스탈				
UI_20250826_005736	{@st59}Entrer la Quantité{/}	{@st59}사용할 개수를 입력합니다.{/}				
UI_20250826_005737	Nom du Buff	버프 이름				
UI_20250826_005738	Description du Buff	버프 설명				
UI_20250826_005739	Sélection	선택지				
UI_20250826_005740	{@st56}%s(Palier %s){/}	{@st56}%s(%s단계){/}				
UI_20250826_005741	Nom de la Pénalité	패널티 이름				
UI_20250826_005742	Description de la Sélection de Buff	버프 선택지 설명				
UI_20250826_005743	Description de la Sélection de Pénalité 	패널티 선택지 설명				
UI_20250826_005744	Nom de la Sélection	선택지 이름				
UI_20250826_005745	{@st42_red}Palier %s{/}	{@st42_red}%s단계{/}				
UI_20250901_005746	Sélection Aléatoire	랜덤 선택			
UI_20250901_005747	{@st59}Sélectionner aléatoirement le buff/les pénalités.	{@st59}버프/패널티를 랜덤하게 선택합니다.			
UI_20250902_005748	{@st66b}[Récompense de complétion]{nl}Améliorez la {#003997}« Gemme d'éther »{/} via le PNJ Kupole qui apparaît lors de la complétion.{nl}Le taux d'amélioration augmente plus le palier est élevé.{nl} {nl}[Récompense de saison]{nl}{@st66b}Les 3 meilleurs joueurs de chaque arbre de classe reçoivent un{nl}{#003997} « Brûleur d'encens dimensionnel »{/} {#003997}et un objet « Récompense de saison ([Niv.540] Fragment d'Ichor avancé de la Déesse II, Cube aléatoire béni d'Austeja A) »{/} pour le classement de la semaine précédente. Tous les joueurs ayant participé pendant la semaine reçoivent un ensemble de{nl}{#003997} « Badge mercenaire »{/}{nl}selon leur score.{nl} {nl}{s13}La semaine commence chaque lundi à 06:00 (heure serveur).{nl}{nl}{s13}{#003997}L'entrée est limitée de 5h00 à 6h00 chaque lundi{/}{nl} {nl}{s13}{#8e0000}Les joueurs qui atteignent le top 3 de plusieurs arbres de classe ne reçoivent que les récompenses correspondant à leur meilleur classement.{nl} {nl}Quand un joueur est exclu d'un classement d'arbre de classe en raison d'entrées multiples, le joueur suivant prend sa place dans ce classement.	{@st66b}[클리어 보상]{nl}클리어 시 생성되는 큐폴 NPC를 통해 {#003997}"에테르 젬"{/}을 강화할 수 있습니다.{nl}스테이지가 높을 수록 강화 확률이 증가합니다.{nl} {nl}[시즌 보상]{nl}직업군별 랭킹 TOP 3 구원자분들에게는{nl}{#003997} "차원의 향로"{/}아이템과 {#003997} "시즌 보상([Lv.540] 상급 가디스 아이커(방어구) 파편 II, [Lv.540] 상급 가디스 아이커(무기) 파편 II, 축복받은 [아우스테야]의 랜덤 큐브 A)"{/}아이템을 전 시즌 랭킹 보상으로 지급하며 시즌에 참여한 구원자 분들께는 자신의 기록에 비례한 수량의{nl}{#003997} "용병단 증표"{/}{nl}를 보상으로 지급합니다.{nl} {nl}{s13}시즌은 매주 월요일 06시에 초기화 됩니다{nl}{nl}{s13}{#003997}매주 월요일 05시~06시 입장이 제한됩니다{/}{nl} {nl}{s13}{#8e0000}각 직업군 TOP3 순위에 오른 구원자분이 다른 직업군 TOP3 순위에도 오른 경우 가장 높은 순위의 보상 1회만 받게 됩니다.{nl} {nl}위와 같은 상황에서 제외된 구원자분을 대신하여 해당 직업군의 다음 순위의 구원자분이 랭킹 보상을 지급받게 됩니다.	UI_20250212_005688	{@st66b}[Récompense de complétion]{nl}Améliorez la {#003997}« Gemme d'éther »{/} via le PNJ Kupole qui apparaît lors de la complétion.{nl}Le taux d'amélioration augmente plus le palier est élevé.{nl} {nl}[Récompense de saison]{nl}{@st66b}Les 3 meilleurs joueurs de chaque arbre de classe reçoivent un{nl}{#003997} « Brûleur d'encens dimensionnel »{/} {#003997}et un objet « Récompense de saison ([Niv.520] Fragment d'Ichor avancé de la Déesse II, Cube aléatoire béni de Jurate A) »{/} pour le classement de la semaine précédente. Tous les joueurs ayant participé pendant la semaine reçoivent un ensemble de{nl}{#003997} « Badge mercenaire »{/}{nl}selon leur score.{nl} {nl}{s13}La semaine commence chaque lundi à 06:00 (heure serveur).{nl}{nl}{s13}{#003997}L'entrée est limitée de 5h00 à 6h00 chaque lundi{/}{nl} {nl}{s13}{#8e0000}Les joueurs qui atteignent le top 3 de plusieurs arbres de classe ne reçoivent que les récompenses correspondant à leur meilleur classement.{nl} {nl}Quand un joueur est exclu d'un classement d'arbre de classe en raison d'entrées multiples, le joueur suivant prend sa place dans ce classement.	{@st66b}[클리어 보상]{nl}클리어 시 생성되는 큐폴 NPC를 통해 {#003997}"에테르 젬"{/}을 강화할 수 있습니다.{nl}스테이지가 높을 수록 강화 확률이 증가합니다.{nl} {nl}[시즌 보상]{nl}직업군별 랭킹 TOP 3 구원자분들에게는{nl}{#003997} "차원의 향로"{/}아이템과 {#003997} "시즌 보상([Lv.520] 상급 가디스 아이커 파편 II, 축복받은 유라테의 랜덤 큐브 A)"{/}아이템을 전 시즌 랭킹 보상으로 지급하며 시즌에 참여한 구원자 분들께는 자신의 기록에 비례한 수량의{nl}{#003997} "용병단 증표"{/}{nl}를 보상으로 지급합니다.{nl} {nl}{s13}시즌은 매주 월요일 06시에 초기화 됩니다{nl}{nl}{s13}{#003997}매주 월요일 05시~06시 입장이 제한됩니다{/}{nl} {nl}{s13}{#8e0000}각 직업군 TOP3 순위에 오른 구원자분이 다른 직업군 TOP3 순위에도 오른 경우 가장 높은 순위의 보상 1회만 받게 됩니다.{nl} {nl}위와 같은 상황에서 제외된 구원자분을 대신하여 해당 직업군의 다음 순위의 구원자분이 랭킹 보상을 지급받게 됩니다.
UI_20250905_005749	Statut	현황				
UI_20250905_005750	{@st42b}{s12}{ol}%s{/}Zone	{@st42b}{s12}{ol}%s{/}구역				
UI_20251209_005751	{@st66b}{s18}Événement{/}	{@st66b}{s18}이벤트{/}				
UI_20251209_005752	{@st59}Contenus de Guilde{/}	{@st59}길드 콘텐츠{/}				
UI_20251209_005753	Échange de Points	포인트 변환				
UI_20251209_005754	Temps restant{nl}%s/300 	남은 시간{nl}%s/300	UI_20241209_005686	Temps restant {nl}%s/300 secondes	남은 시간{nl}%s/300초	
UI_20251209_005755	{@st43}Contenus de Guilde{/}	{@st43}길드 콘텐츠{/}				
UI_20251209_005756	{@st59b}Contenus de guilde{nl}{@st59s}Les fonctions de Croissance de guilde, Quête de guilde et Tour de guilde sont disponibles.{nl} - Croissance de guilde : Croissance de guilde, Attribut de guilde et agrandissement du Repaire de guilde.{nl} - Quête de guilde : Permet de consulter et d'entrer dans le Raid de boss de guilde, la Mission de guilde, la Bataille de blocus (infos de classement).{nl} - Fonction de tour : Buff de réduction du temps de fabrication et déplacement vers le Repaire de guilde. Statut et contrôle de la tour de guilde disponibles.{/}	{@st59b}길드 콘텐츠{nl}{@st59s}길드 성장과 길드 퀘스트 및 길드 타워의 기능들을 사용할 수 있습니다.{nl} - 길드 성장 : 길드 성장, 길드 특성, 길드 아지트 확장을 할 수 있습니다.{nl} - 길드 퀘스트 : 길드 보스 레이드, 길드 미션, 봉쇄전(봉쇄전 랭킹 정보)을 확인하고 참여가능합니다.{nl} - 타워 기능 : 제작 시간 감소 버프 획득 및 길드 아지트로 이동이 가능하며 길드 타워의 상태와 조작이 가능합니다.{/}				
UI_20251209_005757	{@st59}Fermer la Fenêtre des Contenus de Guilde{/}	{@st59}길드 콘텐츠 창을 닫습니다{/}				
UI_20251209_005758	Activité de Guilde	길드 활동				
UI_20251209_005759	{@st43}Quête de Guilde{/}	{@st43}길드 퀘스트{/}				
UI_20251209_005760	{@st43}Fonction de Tour{/}	{@st43}타워 기능{/}				
UI_20251209_005761	Fenêtre Détaillée	세부 화면				
UI_20251209_005762	Classement de Contribution à la Croissance	성장 기여도 랭킹				
UI_20251209_005763	Points d'attribut disponibles : %sp	사용 가능한 특성 포인트 : %sp				
UI_20251209_005764	Matériaux Requis pour l'Agrandissement	확장에 필요한 재료				
UI_20251209_005765	Niveau et Infos d'Agrandissement du Repaire de Guilde 	길드 아지트 확장 단계 정보				
UI_20251209_005766	Récompense du Raid de Boss de Guilde	길드 보스 레이드 보상				
UI_20251209_005767	{@st43}Retour{/}	{@st43}뒤로{/}				
UI_20251209_005768	{@st43}Démarrer{/}	{@st43}시작 하기{/}				
UI_20251209_005769	Récompense de Mission de Guilde	길드 미션 보상				
UI_20251209_005770	{@st43}Rang{/}	{@st43}랭크{/}				
UI_20251209_005771	Récompense de Bataille de Blocus	봉쇄전 보상				
UI_20251209_005772	Infos de Récompense du Classement de Bataille de Blocus	봉쇄전 랭킹 보상 정보				
UI_20251209_005773	Explication du Buff de Réduction du Temps de Fabrication	제작 시간 감소 버프 설명				
UI_20251209_005774	{s16}{ol}{#FFFFFF}Recevoir le Buff	{s16}{ol}{#FFFFFF}버프 받기				
UI_20251209_005775	{s16}{ol}{#FFFFFF}Aller au Repaire de Guilde	{s16}{ol}{#FFFFFF}아지트로 이동				
UI_20251209_005776	0 jour 0 heure 0 min	0일 0시간 0분				
UI_20251209_005777	{s16}{ol}{#FFFFFF}Retirer la Tour de Guilde	{s16}{ol}{#FFFFFF}길드 타워 제거				
UI_20251209_005778	{@st42b}{s18}{#ffcc33}※Il est possible de démanteler les costumes obtenus de la Boîte chanceuse du 10e anniversaire et de les échanger contre des pièces glaciales.{nl} {nl}※Les costumes ne pouvant pas être échangés personnellement ou mis sur le marché ne peuvent pas être démantelés.{/}	{@st42b}{s18}{#ffcc33}※10주년 행운 상자를 통해 획득한 코스튬을 분해하여 빙하 주화를 획득할 수 있습니다.{nl} {nl}※개인/마켓 거래가 불가능한 코스튬은 분해가 불가능합니다.{/}				
UI_20251209_005779	{@st41b}%s actuel : %s{/}	{@st41b}현재 %s: %s{/}	UI_20201030_004536	{@st41b}Points actuels : %s{/}	{@st41b}현재 포인트: %s{/}	
UI_20251209_005780	{@st41b}Obtenir %s : {#ec0000}%s{/}{/}	{@st41b}획득 %s: {#ec0000}%s{/}{/}	UI_20201030_004537	{@st41b}Points obtenus : {#ec0000}%s{/}{/}	{@st41b}획득 포인트: {#ec0000}%s{/}{/}	
UI_20251209_005781	{@st41b}Total %s : {@st66d_y}%s{/}{/}	{@st41b}총 %s: {@st66d_y}%s{/}{/}	UI_20201030_004538	{@st41b}Total des points : {@st66d_y}%s{/}{/}	{@st41b}총 포인트: {@st66d_y}%s{/}{/}	
UI_20251209_005782	{@st59}Menu des Contenus{/}	{@st59}콘텐츠 메뉴{/}				
UI_20251209_005783	Augmentation du Niveau d'Attribut	특성 레벨 증가				
UI_20251209_005784	Nom de la Quête de Guilde	길드 퀘스트 이름				
UI_20251209_005785	Nom de l'Installation	시설 이름				
UI_20251209_005786	Effet de l'Installation	시설 효과				
UI_20251217_005787	{#ff0000}Les objets achetés dans la boutique glaciale sont non{nl}échangeables et{nl} réservés au coffre d'équipe.	{#ff0000}빙하 주화 상점에서 획득하는 아이템은 팀 창고{nl} 이동만 가능합니다.				
UI_20251218_005788	{#ff0000}Les objets de la boutique glaciale sont non échangeables et réservés au coffre d'équipe.	{#ff0000}빙하 주화 상점에서 획득하는 아이템은 팀 창고 이동만 가능합니다.
UI_20251222_005789	{@st42}Physique	{@st42}물
UI_20251222_005790	{@st42}Magique	{@st42}마
UI_20251222_005791	{@st42}Soin	{@st42}힐
UI_20251229_005792	{@st41b}Identification de Relique{/}	{@st41b}유물 감정{/}			
UI_20251229_005793	{@st59}Fermer la fenêtre d'identification.{/}	{@st59}감정 창을 닫습니다.{/}			
UI_20251229_005794	{@st59}Veuillez placer une relique à identifier.{/}	{@st59}감정할 유물을 올려주세요{/}			
UI_20251229_005795	{@st41b}Identifier{/}	{@st41b}감정하기			
UI_20260206_005796	{@st43}Améliorer la Carte de Raid{/}	{@st43}레이드 카드 강화{/}
UI_20260206_005797	Carte de Raid	레이드 카드
UI_20260206_005798	{@st100white_16}Consommez tous les objets et renforcez {@st204_purple}{s17} %s {/}{/}{@st100white_16}. {nl} {nl} - {@st100white_16}{@st66d_y}{s17}%s{/}{/}quantité %s{nl} {nl} - {@st59}{@st66d_y}{s17}%s{/}{/}{@st100white_16}{nl} {nl}	{@st100white_16}아래 아이템을 모두 소모하여 {@st204_purple}{s17} %s {/}{/}{@st100white_16}를 강화합니다. {nl} {nl} - {@st100white_16}{@st66d_y}{s17}%s{/}{/}%s개{nl} {nl} - {@st59}{@st66d_y}{s17}%s{/}{/}{@st100white_16}{nl} {nl}
UI_20260206_005799	{@st59}Fermer l'interface de fabrication de carte de raid.{/}	{@st59}레이드 카드 제작 UI를 닫습니다.{/}
UI_20260206_005800	{@st59}Infos de Guilde (Alt + G){/}	{@st59}길드 정보 (Alt + G){/}
UI_20260206_005801	{@st59}Contenus de Guilde (Alt + H){/}	{@st59}길드 콘텐츠 (Alt + H){/}
UI_20260206_005802	{@st59}Garde-robe de Guilde (Alt + D){/}	{@st59}길드 드레스 룸 (Alt + D){/}
UI_20260206_005803	{@st44}Contenus de Guilde{/}	{@st44}길드 콘텐츠{/}
UI_20260206_005804	{@st44}Menu des Contenus de Guilde{/}	{@st44}길드 콘텐츠 메뉴{/}
UI_20260206_005805	{@st44}Activité de Guilde{/}	{@st44}길드 활동{/}
UI_20260206_005806	{@st44}Quête de Guilde{/}	{@st44}길드 퀘스트{/}
UI_20260206_005807	{@st44}Fonction de Tour{/}	{@st44}타워 기능{/}
UI_20260206_005808	Détails du Menu	메뉴 상세
UI_20260206_005809	Taux d'accomplissement : %s%	달성률 : %s%
UI_20260206_005810	[Classement de Contribution à la Croissance]	[성장 기여도 랭킹]
UI_20260206_005811	Matériaux Requis pour l'Agrandissement	확장 필요재료
UI_20260206_005812	Niveau et Infos du Repaire de Guilde 	길드 아지트 단계 정보
UI_20260206_005813	Démarrer	시작 하기
UI_20260206_005814	Infos sur le Boss de la Bataille de Blocus	봉쇄전 보스 정보
UI_20260206_005815	Retirer la Tour de Guilde	길드 타워 제거
UI_20260206_005816	{@st43}Garde-robe de Guilde{/}	{@st43}길드 드레스 룸{/}
UI_20260206_005817	{@st59b}Garde-robe de guilde{nl}{@st59s}Enregistrez des costumes par grade, et à mesure que le niveau augmente, l'effet de Dignité de guilde augmente.{nl} - Enregistrer un objet costume (clic gauche){nl} - Aperçu ou récupération (clic droit){nl} * Seuls les costumes au niveau maximum peuvent être récupérés dans l'inventaire.{/}	{@st59b}길드 드레스 룸{nl}{@st59s}등급별로 코스튬을 등록하여 레벨이 높아질 수록 길드 위엄의 효과가 증가합니다.{nl} - 코스튬 아이템 등록(마우스 왼쪽 클릭){nl} - 미리보기 및 인벤토리로 가져오기(마우스 오른쪽 클릭){nl} * 인벤토리로 가져오기의 경우 최대 레벨 달성시에 가능합니다.{/}
UI_20260206_005818	{@st59}Fermer la Fenêtre de Garde-robe de Guilde{/}	{@st59}길드 드레스 룸 창을 닫습니다{/}
UI_20260206_005819	{@st59}Rechercher par nom de costume.{/}	{@st59}코스튬 이름으로 검색 합니다.{/}
UI_20260206_005820	Rang S	S등급
UI_20260206_005821	Rang A	A등급
UI_20260206_005822	Rang B	B등급
UI_20260206_005823	{@st59}Filtrer/Trier{/}	{@st59}필터/정렬 설정{/}
UI_20260206_005824	{@st68b}Nom (croissant){/}	{@st68b}이름(오름차순){/}
UI_20260206_005825	{@st68b}Niveau (croissant){/}	{@st68b}레벨(오름차순){/}
UI_20260206_005826	{@st68b}Nom (décroissant){/}	{@st68b}이름(내림차순){/}
UI_20260206_005827	{@st68b}Niveau (décroissant){/}	{@st68b}레벨(내림차순){/}
UI_20260206_005828	{@st68b}Non enregistré(%s){/}	{@st68b}미등록(%s){/}
UI_20260206_005829	{@st68b}Essayer{/}	{@st68b}입어보기 가능{/}
UI_20260206_005830	Effet de Dignité de Guilde	길드 위엄 효과
UI_20260206_005831	{@st68b}Dégâts Physiques{/}	{@st68b}물리 공격력{/}
UI_20260206_005832	{@st68b}Dégâts Magiques{/}	{@st68b}마법 공격력{/}
UI_20260206_005833	{@st68b}FOR{/}	{@st68b}힘{/}
UI_20260206_005834	{@st68b}INT{/}	{@st68b}지능{/}
UI_20260206_005835	{@st68b}CON{/}	{@st68b}체력{/}
UI_20260206_005836	{@st68b}DEX{/}	{@st68b}민첩{/}
UI_20260206_005837	{@st68b}ESP{/}	{@st68b}정신{/}
UI_20260206_005838	{@st68b}Attaque Critique Physique{/}	{@st68b}물리 치명타 공격력{/}
UI_20260206_005839	{@st68b}Attaque Critique Magique{/}	{@st68b}마법 치명타 공격력{/}
UI_20260206_005840	{@st68b}Défense Physique{/}	{@st68b}물리 방어력{/}
UI_20260206_005841	{@st68b}Dégâts Magiques{/}	{@st68b}마법 방어력{/}
UI_20260206_005842	{@st68b}Blocage{/}	{@st68b}블록{/}
UI_20260206_005843	{@st68b}Pénétration de Blocage{/}	{@st68b}블록 관통{/}
UI_20260206_005844	{@st68b}Résistance Critique{/}	{@st68b}치명타 저항{/}
UI_20260206_005845	{@st68b}Taux Critique{/}	{@st68b}치명타 발생{/}
UI_20260206_005846	{@st68b}Précision{/}	{@st68b}명중{/}
UI_20260206_005847	{@st68b}Esquive{/}	{@st68b}회피{/}
UI_20260206_005848	{@st59}Vous pouvez voir l'effet de Dignité de guilde.{/}	{@st59}길드의 위엄 효과를 볼 수 있습니다.{/}
UI_20260206_005849	{@st59}Sélectionner une pose pour le personnage en aperçu.{/}	{@st59}미리보기 캐릭터의 포즈를 선택합니다.{/}
UI_20260206_005850	{@st59}Tourner le personnage en aperçu vers la gauche.{/}	{@st59}미리보기 캐릭터를 왼쪽으로 회전시킵니다.{/}
UI_20260206_005851	{@st59}Tourner le personnage en aperçu vers la droite.{/}	{@st59}미리보기 상태의 캐릭터를 오른쪽으로 회전시킵니다.{/}
UI_20260206_005852	{@st43}Effet de Dignité de Guilde{/}	{@st43}길드의 위험 효과{/}
UI_20260206_005853	{@st59b}Effet de Dignité de guilde{nl}{@st59s} Vous pouvez voir toutes les statistiques appliquées de{nl}l'effet de Dignité de guilde.	{@st59b}길드 위엄 효과{nl}{@st59s}길드 위엄 효과의 총합을 볼 수 있습니다.
UI_20260206_005854	{@st59}Fermer la Fenêtre de l'Effet de Dignité de Guilde{/}	{@st59}길드의 위엄 효과 창을 닫습니다{/}
UI_20260206_005855	{@st68b}{s24}Complet(%s){/}	{@st68b}{s24}완성(%s){/}
UI_20260206_005856	{@st43}Sélectionner un Geste{/}	{@st43}제스처 선택{/}
UI_20260206_005857	{@st59b}Sélectionner un geste{nl}{@st59s}Sélectionnez un geste pour le personnage{nl}en aperçu. 	{@st59b}제스처 선택{nl}{@st59s}미리보기 캐릭터의 제스처를 선택할 수 있습니다.
UI_20260206_005858	{@st59}Fermer la Fenêtre de Sélection de Geste{/}	{@st59}제스처 선택 창을 닫습니다{/}
UI_20260206_005859	{@st59}Guilde{/}	{@st59}길드{/}
UI_20260206_005860	%s 	%s명
UI_20260206_005861	%s min.	%s분
UI_20260206_005862	%s ticket(s)	%s장
UI_20260206_005863	{@st59}Enregistrer le costume.{/}	{@st59}코스튬 아이템을 등록합니다.{/}
UI_20260206_005864	{@st59}Aperçu du Costume{/}	{@st59}코스튬 미리보기{/}
UI_20260206_005865	{@st59}Déplacer vers l'Inventaire{/}	{@st59}인벤토리 가져오기{/}
UI_20260206_005866	Nombre d'emprunts : %s	대여 횟수 : %s
UI_20260206_005867	Contribution : %s	기여도 : %s
UI_20260209_005868	{@st59}Trier/Filtrer{/}	{@st59}정렬/필터 설정{/}			
UI_20260209_005869	Tout Retirer	모두 해제			
UI_20260209_005870	{@st68b}Complet{/}	{@st68b}완성{/}	UI_20170313_002539	{@st68b}Complet(%s){/}	{@st68b}완성(%s){/}
UI_20260209_005871	{@st68b}Non enregistré{/}	{@st68b}미등록{/}			
UI_20260209_005872	{@st68b}Incomplet{/}	{@st68b}미완성{/}			
UI_20260209_005873	{@st43}Effet de Dignité de Guilde{/}	{@st43}길드의 위엄 효과{/}			
UI_20260209_005874	{@st55_hero_count}{s21}Complet : %s{/}	{@st55_hero_count}{s21}완성 : %s{/}			
UI_20260209_005875	{@st59}Garde-robe de Guilde (Alt + D){/}	{@st59}길드 드레스룸 (Alt + D){/}	UI_20260206_005802	{@st59}Garde-robe de Guilde (Alt + D){/}	{@st59}길드 드레스 룸 (Alt + D){/}
UI_20260209_005876	{@st43}Garde-robe de Guilde{/}	{@st43}길드 드레스룸{/}	UI_20260206_005816	{@st43}Garde-robe de Guilde{/}	{@st43}길드 드레스 룸{/}
UI_20260209_005877	{@st59b}Garde-robe de guilde{nl}{@st59s}Enregistrez des costumes par grade, et à mesure que le niveau augmente, l'effet de Dignité de guilde augmente.{nl} - Enregistrer un objet costume (clic gauche){nl} - Aperçu ou récupération (clic droit){nl} * Seuls les costumes au niveau maximum peuvent être récupérés dans l'inventaire.{/} 	{@st59b}길드 드레스룸{nl}{@st59s}등급별로 코스튬을 등록하여 레벨이 높아질 수록 길드 위엄의 효과가 증가합니다.{nl} - 코스튬 아이템 등록(마우스 왼쪽 클릭){nl} - 미리보기 및 인벤토리로 가져오기(마우스 오른쪽 클릭){nl} * 인벤토리로 가져오기의 경우 최대 레벨 달성시에 가능합니다.{/}	UI_20260206_005817	{@st59b}Garde-robe de guilde{nl}{@st59s}Enregistrez des costumes par grade, et à mesure que le niveau augmente, l'effet de Dignité de guilde augmente.{nl} - Enregistrer un objet costume (clic gauche){nl} - Aperçu ou récupération (clic droit){nl} * Seuls les costumes au niveau maximum peuvent être récupérés dans l'inventaire.{/}	{@st59b}길드 드레스 룸{nl}{@st59s}등급별로 코스튬을 등록하여 레벨이 높아질 수록 길드 위엄의 효과가 증가합니다.{nl} - 코스튬 아이템 등록(마우스 왼쪽 클릭){nl} - 미리보기 및 인벤토리로 가져오기(마우스 오른쪽 클릭){nl} * 인벤토리로 가져오기의 경우 최대 레벨 달성시에 가능합니다.{/}
UI_20260209_005878	{@st59}Fermer la Fenêtre de Garde-robe de Guilde{/} 	{@st59}길드 드레스룸 창을 닫습니다{/}	UI_20260206_005818	{@st59}Fermer la Fenêtre de Garde-robe de Guilde{/}	{@st59}길드 드레스 룸 창을 닫습니다{/}
UI_20260220_005879	{img NOTICE_Dm_! 30 30}{@st43}{s16}Limite d'Acquisition d'Argent{/}	{img NOTICE_Dm_! 30 30}{@st43}{s16}실버 획득 제한{/}				
UI_20260220_005880	{@st43}{s16}Dans les donjons de niveau inférieur, vous obtiendrez le double de matériaux à la place d'argent.{/}	{@st43}{s16}낮은 레벨의 던전에서는 실버 대신 소재를 2배로 얻습니다.{/}				
UI_20260504_005881	Veuillez placer la coiffure dont vous voulez extraire les statistiques. {nl}Cette coiffure {#ff0000}{b}sera détruite après l'extraction des statistiques.	옵션을 추출할 헤어 코스튬을 올려주세요 {nl}해당 코스튬은 {#ff0000}{b}옵션이 추출되고 소멸됩니다			
UI_20260504_005882	Veuillez placer la coiffure sur laquelle appliquer les statistiques.{nl}Les statistiques extraites {#ff0000}{b}seront transférées vers cette coiffure.	옵션을 이전할 헤어 코스튬을 올려주세요 {nl}해당 코스튬으로 {#ff0000}{b}추출된 옵션이 이전됩니다			
UI_20260511_005883	{b}{#000000}Sélectionnez le costume dont vous voulez extraire les statistiques. {nl}Les statistiques du costume suivant seront extraites {#ff0000}et détruites.	{b}{#000000}옵션을 추출할 헤어 코스튬을 올려주세요. {nl}해당 코스튬은 {#ff0000}옵션이 추출되고 소멸됩니다.			
UI_20260511_005884	{b}{#000000}Sélectionnez le costume sur lequel vous voulez appliquer les statistiques. {nl}Les statistiques seront{#ff0000}{b}appliquées au costume suivant.	{b}{#000000}옵션을 이전할 헤어 코스튬을 올려주세요. {nl}해당 코스튬으로 {#ff0000}{b}추출된 옵션이 이전됩니다.			
UI_20260529_005885	{s14}※Accumule jusqu'à %s points et se réinitialise chaque trimestre (1er janvier, 1er avril, 1er juillet, 1er octobre à 00h00).	{s14}※최대 %s포인트까지 누적되며, 매 분기(1,4,7,10월 1일 00시)마다 초기화 됩니다.				
